
	Home License -- for personal use only.  Not for government,
	academic, research, commercial, or other organizational use.

mmacos: path set from /home/dcr/dev/MACOS_res_dev/mmacos

==== WALL POINT  tilt -8.0 deg, wall ON at +0.0 mm  [pw16_t-80] ====
  parent afocal4_b2long_343mm.in recovered and rebuilt byte-for-byte
  pupil merit weights x16 (blur, breathing, wander)
  Using parameter file "/home/dcr/dev/macos/macos_f90/macos_param.txt"
  No glass table file found; using built-in catalog:         200  glasses.
  Input file /tmp/tp5067842e_dd48_42dc_a9e1_2366da444b55.in being loaded.
 Default used for  SegXgrid
 Optical Train Summary:
  Tracing rays past   5 elements.
  Aperture grid type = Circular  with   41 grid points.
  Elt   1: Reflector   : Conic    with Kc=-1.0000D+00, Kr=-2.5000D+00, nECoords =   6
  Elt   2: Reflector   : Conic    with Kc=-1.2384D+00, Kr=-4.4837D-01, nECoords =   6
  Elt   3: Reflector   : Conic    with Kc=-2.9498D+00, Kr=-1.8913D+00, nECoords =   6
  Elt   4: Reflector   : Conic    with Kc=-9.8208D-01, Kr=-1.2068D+00, nECoords =   6
  Elt   5: Reference   : Flat     with Kc= 0.0000D+00, Kr=-1.0000D+22, nECoords =   6
  Number of output coordinates is   5
  
  Aperture stop set at (global):  0.000000000D+00  0.000000000D+00  0.000000000D+00
  
  Input file /tmp/tp5067842e_dd48_42dc_a9e1_2366da444b55.in being loaded.
 Default used for  SegXgrid
 Optical Train Summary:
  Tracing rays past   5 elements.
  Aperture grid type = Circular  with   41 grid points.
  Elt   1: Reflector   : Conic    with Kc=-1.0000D+00, Kr=-2.5000D+00, nECoords =   6
  Elt   2: Reflector   : Conic    with Kc=-1.2384D+00, Kr=-4.4837D-01, nECoords =   6
  Elt   3: Reflector   : Conic    with Kc=-2.9498D+00, Kr=-1.8913D+00, nECoords =   6
  Elt   4: Reflector   : Conic    with Kc=-9.8208D-01, Kr=-1.2068D+00, nECoords =   6
  Elt   5: Reference   : Flat     with Kc= 0.0000D+00, Kr=-1.0000D+22, nECoords =   6
  Number of output coordinates is   5
  
  Aperture stop set at (global):  0.000000000D+00  0.000000000D+00  0.000000000D+00
  
 OPD: Rays being traced =         1185
 Compute time was    0.0020 sec
 OPD: nPassRays =    1184,    DAvgCumL =  61.68596957D-01 m 
 RMS OPD error is   2.678696695D-03 m 
 P-V OPD error is   1.020997954D-02 m 
 Average OPD is     1.3625297206339711D-05 m 
  Input file /tmp/tpaa462821_73bc_4fc1_8b34_aafee9599744.in being loaded.
 Default used for  SegXgrid
 Optical Train Summary:
  Tracing rays past   5 elements.
  Aperture grid type = Circular  with   21 grid points.
  Elt   1: Reflector   : Conic    with Kc=-1.0000D+00, Kr=-2.5000D+00, nECoords =   6
  Elt   2: Reflector   : Conic    with Kc=-1.2384D+00, Kr=-4.4837D-01, nECoords =   6
  Elt   3: Reflector   : Conic    with Kc=-2.9498D+00, Kr=-2.3186D+00, nECoords =   6
  Elt   4: Reflector   : Conic    with Kc=-9.8208D-01, Kr=-9.3497D-01, nECoords =   6
  Elt   5: Reference   : Flat     with Kc= 0.0000D+00, Kr=-1.0000D+22, nECoords =   6
  Number of output coordinates is   5
  
  Aperture stop set at (global):  0.000000000D+00  0.000000000D+00  0.000000000D+00
  
  Input file /tmp/tpaa462821_73bc_4fc1_8b34_aafee9599744.in being loaded.
 Default used for  SegXgrid
 Optical Train Summary:
  Tracing rays past   5 elements.
  Aperture grid type = Circular  with   21 grid points.
  Elt   1: Reflector   : Conic    with Kc=-1.0000D+00, Kr=-2.5000D+00, nECoords =   6
  Elt   2: Reflector   : Conic    with Kc=-1.2384D+00, Kr=-4.4837D-01, nECoords =   6
  Elt   3: Reflector   : Conic    with Kc=-2.9498D+00, Kr=-2.3186D+00, nECoords =   6
  Elt   4: Reflector   : Conic    with Kc=-9.8208D-01, Kr=-9.3497D-01, nECoords =   6
  Elt   5: Reference   : Flat     with Kc= 0.0000D+00, Kr=-1.0000D+22, nECoords =   6
  Number of output coordinates is   5
  
  Aperture stop set at (global):  0.000000000D+00  0.000000000D+00  0.000000000D+00
  
 OPD: Rays being traced =          277
 Compute time was    0.0000 sec
 OPD: nPassRays =     276,    DAvgCumL =  59.81385709D-01 m 
 RMS OPD error is   2.659820494D-03 m 
 P-V OPD error is   9.638813868D-03 m 
 Average OPD is     1.2205626066319796D-05 m 
  Input file /tmp/tpa6408122_3974_46c9_8182_55b49b90fcd9.in being loaded.
 Default used for  SegXgrid
 Optical Train Summary:
  Tracing rays past   5 elements.
  Aperture grid type = Circular  with   21 grid points.
  Elt   1: Reflector   : Conic    with Kc=-1.0000D+00, Kr=-2.5000D+00, nECoords =   6
  Elt   2: Reflector   : Conic    with Kc=-1.2384D+00, Kr=-4.4837D-01, nECoords =   6
  Elt   3: Reflector   : Conic    with Kc=-2.9498D+00, Kr=-2.3186D+00, nECoords =   6
  Elt   4: Reflector   : Conic    with Kc=-9.8208D-01, Kr=-9.3497D-01, nECoords =   6
  Elt   5: Reference   : Flat     with Kc= 0.0000D+00, Kr=-1.0000D+22, nECoords =   6
  Number of output coordinates is   5
  
  Aperture stop set at (global):  0.000000000D+00  0.000000000D+00  0.000000000D+00
  
 OPD: Rays being traced =          277
 Compute time was    0.0000 sec
 OPD: nPassRays =     276,    DAvgCumL =  59.98104858D-01 m 
 RMS OPD error is   3.241930696D-06 m 
 P-V OPD error is   1.542312512D-05 m 
 Average OPD is    -3.5848933062398842D-06 m 
  Input file /tmp/tpaa462821_73bc_4fc1_8b34_aafee9599744.in being loaded.
 Default used for  SegXgrid
 Optical Train Summary:
  Tracing rays past   5 elements.
  Aperture grid type = Circular  with   21 grid points.
  Elt   1: Reflector   : Conic    with Kc=-1.0000D+00, Kr=-2.5000D+00, nECoords =   6
  Elt   2: Reflector   : Conic    with Kc=-1.2384D+00, Kr=-4.4837D-01, nECoords =   6
  Elt   3: Reflector   : Conic    with Kc=-2.9498D+00, Kr=-2.3186D+00, nECoords =   6
  Elt   4: Reflector   : Conic    with Kc=-9.8208D-01, Kr=-9.3497D-01, nECoords =   6
  Elt   5: Reference   : Flat     with Kc= 0.0000D+00, Kr=-1.0000D+22, nECoords =   6
  Number of output coordinates is   5
  
  Aperture stop set at (global):  0.000000000D+00  0.000000000D+00  0.000000000D+00
  
  Input file /tmp/tpbf51b3b0_910d_4130_a070_c875eaba756f.in being loaded.
 Default used for  SegXgrid
 Optical Train Summary:
  Tracing rays past   5 elements.
  Aperture grid type = Circular  with   21 grid points.
  Elt   1: Reflector   : Conic    with Kc=-1.0000D+00, Kr=-2.5000D+00, nECoords =   6
  Elt   2: Reflector   : Conic    with Kc=-1.2384D+00, Kr=-4.4837D-01, nECoords =   6
  Elt   3: Reflector   : Conic    with Kc=-2.9498D+00, Kr=-2.3186D+00, nECoords =   6
  Elt   4: Reflector   : Conic    with Kc=-9.8208D-01, Kr=-9.3497D-01, nECoords =   6
  Elt   5: Reference   : Flat     with Kc= 0.0000D+00, Kr=-1.0000D+22, nECoords =   6
  Number of output coordinates is   5
  
  Aperture stop set at (global):  0.000000000D+00  0.000000000D+00  0.000000000D+00
  
 OPD: Rays being traced =          277
 Compute time was    0.0000 sec
 OPD: nPassRays =     276,    DAvgCumL =  59.98418435D-01 m 
 RMS OPD error is   1.539267420D-03 m 
 P-V OPD error is   6.046692570D-03 m 
 Average OPD is    -1.3303035850321843D-06 m 
  Input file /tmp/tpbf51b3b0_910d_4130_a070_c875eaba756f.in being loaded.
 Default used for  SegXgrid
 Optical Train Summary:
  Tracing rays past   5 elements.
  Aperture grid type = Circular  with   21 grid points.
  Elt   1: Reflector   : Conic    with Kc=-1.0000D+00, Kr=-2.5000D+00, nECoords =   6
  Elt   2: Reflector   : Conic    with Kc=-1.2384D+00, Kr=-4.4837D-01, nECoords =   6
  Elt   3: Reflector   : Conic    with Kc=-2.9498D+00, Kr=-2.3186D+00, nECoords =   6
  Elt   4: Reflector   : Conic    with Kc=-9.8208D-01, Kr=-9.3497D-01, nECoords =   6
  Elt   5: Reference   : Flat     with Kc= 0.0000D+00, Kr=-1.0000D+22, nECoords =   6
  Number of output coordinates is   5
  
  Aperture stop set at (global):  0.000000000D+00  0.000000000D+00  0.000000000D+00
  
 OPD: Rays being traced =          277
 Compute time was    0.0000 sec
 OPD: nPassRays =     276,    DAvgCumL =  59.98242490D-01 m 
 RMS OPD error is   1.083605639D-03 m 
 P-V OPD error is   3.953858975D-03 m 
 Average OPD is    -2.0096074880703934D-06 m 
  Input file /tmp/tpbf51b3b0_910d_4130_a070_c875eaba756f.in being loaded.
 Default used for  SegXgrid
 Optical Train Summary:
  Tracing rays past   5 elements.
  Aperture grid type = Circular  with   21 grid points.
  Elt   1: Reflector   : Conic    with Kc=-1.0000D+00, Kr=-2.5000D+00, nECoords =   6
  Elt   2: Reflector   : Conic    with Kc=-1.2384D+00, Kr=-4.4837D-01, nECoords =   6
  Elt   3: Reflector   : Conic    with Kc=-2.9498D+00, Kr=-2.3186D+00, nECoords =   6
  Elt   4: Reflector   : Conic    with Kc=-9.8208D-01, Kr=-9.3497D-01, nECoords =   6
  Elt   5: Reference   : Flat     with Kc= 0.0000D+00, Kr=-1.0000D+22, nECoords =   6
  Number of output coordinates is   5
  
  Aperture stop set at (global):  0.000000000D+00  0.000000000D+00  0.000000000D+00
  
 OPD: Rays being traced =          277
 Compute time was    0.0000 sec
 OPD: nPassRays =     276,    DAvgCumL =  59.98530708D-01 m 
 RMS OPD error is   1.533647716D-03 m 
 P-V OPD error is   6.035238340D-03 m 
 Average OPD is     1.2008208953765469D-06 m 
  Input file /tmp/tpbf51b3b0_910d_4130_a070_c875eaba756f.in being loaded.
 Default used for  SegXgrid
 Optical Train Summary:
  Tracing rays past   5 elements.
  Aperture grid type = Circular  with   21 grid points.
  Elt   1: Reflector   : Conic    with Kc=-1.0000D+00, Kr=-2.5000D+00, nECoords =   6
  Elt   2: Reflector   : Conic    with Kc=-1.2384D+00, Kr=-4.4837D-01, nECoords =   6
  Elt   3: Reflector   : Conic    with Kc=-2.9498D+00, Kr=-2.3186D+00, nECoords =   6
  Elt   4: Reflector   : Conic    with Kc=-9.8208D-01, Kr=-9.3497D-01, nECoords =   6
  Elt   5: Reference   : Flat     with Kc= 0.0000D+00, Kr=-1.0000D+22, nECoords =   6
  Number of output coordinates is   5
  
  Aperture stop set at (global):  0.000000000D+00  0.000000000D+00  0.000000000D+00
  
 OPD: Rays being traced =          277
 Compute time was    0.0020 sec
 OPD: nPassRays =     276,    DAvgCumL =  59.98296491D-01 m 
 RMS OPD error is   1.082572856D-03 m 
 P-V OPD error is   3.922495105D-03 m 
 Average OPD is    -2.9441532260195276D-06 m 
  Input file /tmp/tpbf51b3b0_910d_4130_a070_c875eaba756f.in being loaded.
 Default used for  SegXgrid
 Optical Train Summary:
  Tracing rays past   5 elements.
  Aperture grid type = Circular  with   21 grid points.
  Elt   1: Reflector   : Conic    with Kc=-1.0000D+00, Kr=-2.5000D+00, nECoords =   6
  Elt   2: Reflector   : Conic    with Kc=-1.2384D+00, Kr=-4.4837D-01, nECoords =   6
  Elt   3: Reflector   : Conic    with Kc=-2.9498D+00, Kr=-2.3186D+00, nECoords =   6
  Elt   4: Reflector   : Conic    with Kc=-9.8208D-01, Kr=-9.3497D-01, nECoords =   6
  Elt   5: Reference   : Flat     with Kc= 0.0000D+00, Kr=-1.0000D+22, nECoords =   6
  Number of output coordinates is   5
  
  Aperture stop set at (global):  0.000000000D+00  0.000000000D+00  0.000000000D+00
  
 OPD: Rays being traced =          277
 Compute time was    0.0000 sec
 OPD: nPassRays =     276,    DAvgCumL =  59.98104848D-01 m 
 RMS OPD error is   3.281925241D-06 m 
 P-V OPD error is   1.566697584D-05 m 
 Average OPD is    -3.5945768260938147D-06 m 
  Input file /tmp/tpbf51b3b0_910d_4130_a070_c875eaba756f.in being loaded.
 Default used for  SegXgrid
 Optical Train Summary:
  Tracing rays past   5 elements.
  Aperture grid type = Circular  with   21 grid points.
  Elt   1: Reflector   : Conic    with Kc=-1.0000D+00, Kr=-2.5000D+00, nECoords =   6
  Elt   2: Reflector   : Conic    with Kc=-1.2384D+00, Kr=-4.4837D-01, nECoords =   6
  Elt   3: Reflector   : Conic    with Kc=-2.9498D+00, Kr=-2.3186D+00, nECoords =   6
  Elt   4: Reflector   : Conic    with Kc=-9.8208D-01, Kr=-9.3497D-01, nECoords =   6
  Elt   5: Reference   : Flat     with Kc= 0.0000D+00, Kr=-1.0000D+22, nECoords =   6
  Number of output coordinates is   5
  
  Aperture stop set at (global):  0.000000000D+00  0.000000000D+00  0.000000000D+00
  
 OPD: Rays being traced =          277
 Compute time was    0.0020 sec
 OPD: nPassRays =     276,    DAvgCumL =  59.98354276D-01 m 
 RMS OPD error is   1.078907056D-03 m 
 P-V OPD error is   3.915878510D-03 m 
 Average OPD is    -4.3090312153220400D-07 m 
  Input file /tmp/tpbf51b3b0_910d_4130_a070_c875eaba756f.in being loaded.
 Default used for  SegXgrid
 Optical Train Summary:
  Tracing rays past   5 elements.
  Aperture grid type = Circular  with   21 grid points.
  Elt   1: Reflector   : Conic    with Kc=-1.0000D+00, Kr=-2.5000D+00, nECoords =   6
  Elt   2: Reflector   : Conic    with Kc=-1.2384D+00, Kr=-4.4837D-01, nECoords =   6
  Elt   3: Reflector   : Conic    with Kc=-2.9498D+00, Kr=-2.3186D+00, nECoords =   6
  Elt   4: Reflector   : Conic    with Kc=-9.8208D-01, Kr=-9.3497D-01, nECoords =   6
  Elt   5: Reference   : Flat     with Kc= 0.0000D+00, Kr=-1.0000D+22, nECoords =   6
  Number of output coordinates is   5
  
  Aperture stop set at (global):  0.000000000D+00  0.000000000D+00  0.000000000D+00
  
 OPD: Rays being traced =          277
 Compute time was    0.0000 sec
 OPD: nPassRays =     276,    DAvgCumL =  59.98418435D-01 m 
 RMS OPD error is   1.539267420D-03 m 
 P-V OPD error is   6.046692570D-03 m 
 Average OPD is    -1.3303035849903497D-06 m 
  Input file /tmp/tpbf51b3b0_910d_4130_a070_c875eaba756f.in being loaded.
 Default used for  SegXgrid
 Optical Train Summary:
  Tracing rays past   5 elements.
  Aperture grid type = Circular  with   21 grid points.
  Elt   1: Reflector   : Conic    with Kc=-1.0000D+00, Kr=-2.5000D+00, nECoords =   6
  Elt   2: Reflector   : Conic    with Kc=-1.2384D+00, Kr=-4.4837D-01, nECoords =   6
  Elt   3: Reflector   : Conic    with Kc=-2.9498D+00, Kr=-2.3186D+00, nECoords =   6
  Elt   4: Reflector   : Conic    with Kc=-9.8208D-01, Kr=-9.3497D-01, nECoords =   6
  Elt   5: Reference   : Flat     with Kc= 0.0000D+00, Kr=-1.0000D+22, nECoords =   6
  Number of output coordinates is   5
  
  Aperture stop set at (global):  0.000000000D+00  0.000000000D+00  0.000000000D+00
  
 OPD: Rays being traced =          277
 Compute time was    0.0000 sec
 OPD: nPassRays =     276,    DAvgCumL =  59.98242490D-01 m 
 RMS OPD error is   1.083605639D-03 m 
 P-V OPD error is   3.953858975D-03 m 
 Average OPD is    -2.0096074880253409D-06 m 
  Input file /tmp/tpbf51b3b0_910d_4130_a070_c875eaba756f.in being loaded.
 Default used for  SegXgrid
 Optical Train Summary:
  Tracing rays past   5 elements.
  Aperture grid type = Circular  with   21 grid points.
  Elt   1: Reflector   : Conic    with Kc=-1.0000D+00, Kr=-2.5000D+00, nECoords =   6
  Elt   2: Reflector   : Conic    with Kc=-1.2384D+00, Kr=-4.4837D-01, nECoords =   6
  Elt   3: Reflector   : Conic    with Kc=-2.9498D+00, Kr=-2.3186D+00, nECoords =   6
  Elt   4: Reflector   : Conic    with Kc=-9.8208D-01, Kr=-9.3497D-01, nECoords =   6
  Elt   5: Reference   : Flat     with Kc= 0.0000D+00, Kr=-1.0000D+22, nECoords =   6
  Number of output coordinates is   5
  
  Aperture stop set at (global):  0.000000000D+00  0.000000000D+00  0.000000000D+00
  
 OPD: Rays being traced =          277
 Compute time was    0.0000 sec
 OPD: nPassRays =     276,    DAvgCumL =  59.98530708D-01 m 
 RMS OPD error is   1.533647716D-03 m 
 P-V OPD error is   6.035238340D-03 m 
 Average OPD is     1.2008208955020503D-06 m 
  Input file /tmp/tpaa462821_73bc_4fc1_8b34_aafee9599744.in being loaded.
 Default used for  SegXgrid
 Optical Train Summary:
  Tracing rays past   5 elements.
  Aperture grid type = Circular  with   21 grid points.
  Elt   1: Reflector   : Conic    with Kc=-1.0000D+00, Kr=-2.5000D+00, nECoords =   6
  Elt   2: Reflector   : Conic    with Kc=-1.2384D+00, Kr=-4.4837D-01, nECoords =   6
  Elt   3: Reflector   : Conic    with Kc=-2.9498D+00, Kr=-2.3186D+00, nECoords =   6
  Elt   4: Reflector   : Conic    with Kc=-9.8208D-01, Kr=-9.3497D-01, nECoords =   6
  Elt   5: Reference   : Flat     with Kc= 0.0000D+00, Kr=-1.0000D+22, nECoords =   6
  Number of output coordinates is   5
  
  Aperture stop set at (global):  0.000000000D+00  0.000000000D+00  0.000000000D+00
  
  Input file /tmp/tp26fe48ac_a212_4633_9329_e413772880db.in being loaded.
 Default used for  SegXgrid
 Optical Train Summary:
  Tracing rays past   5 elements.
  Aperture grid type = Circular  with   21 grid points.
  Elt   1: Reflector   : Conic    with Kc=-1.0000D+00, Kr=-2.5000D+00, nECoords =   6
  Elt   2: Reflector   : Conic    with Kc=-1.2384D+00, Kr=-4.4837D-01, nECoords =   6
  Elt   3: Reflector   : Conic    with Kc=-2.9498D+00, Kr=-2.3186D+00, nECoords =   6
  Elt   4: Reflector   : Conic    with Kc=-9.8208D-01, Kr=-9.3497D-01, nECoords =   6
  Elt   5: Reference   : Flat     with Kc= 0.0000D+00, Kr=-1.0000D+22, nECoords =   6
  Number of output coordinates is   5
  
  Aperture stop set at (global):  0.000000000D+00  0.000000000D+00  0.000000000D+00
  
 OPD: Rays being traced =          277
 Compute time was    0.0000 sec
 OPD: nPassRays =     276,    DAvgCumL =  59.98418435D-01 m 
 RMS OPD error is   1.539267420D-03 m 
 P-V OPD error is   6.046692570D-03 m 
 Average OPD is    -1.3303035850321843D-06 m 
  Input file /tmp/tp26fe48ac_a212_4633_9329_e413772880db.in being loaded.
 Default used for  SegXgrid
 Optical Train Summary:
  Tracing rays past   5 elements.
  Aperture grid type = Circular  with   21 grid points.
  Elt   1: Reflector   : Conic    with Kc=-1.0000D+00, Kr=-2.5000D+00, nECoords =   6
  Elt   2: Reflector   : Conic    with Kc=-1.2384D+00, Kr=-4.4837D-01, nECoords =   6
  Elt   3: Reflector   : Conic    with Kc=-2.9498D+00, Kr=-2.3186D+00, nECoords =   6
  Elt   4: Reflector   : Conic    with Kc=-9.8208D-01, Kr=-9.3497D-01, nECoords =   6
  Elt   5: Reference   : Flat     with Kc= 0.0000D+00, Kr=-1.0000D+22, nECoords =   6
  Number of output coordinates is   5
  
  Aperture stop set at (global):  0.000000000D+00  0.000000000D+00  0.000000000D+00
  
 OPD: Rays being traced =          277
 Compute time was    0.0000 sec
 OPD: nPassRays =     276,    DAvgCumL =  59.98242490D-01 m 
 RMS OPD error is   1.083605639D-03 m 
 P-V OPD error is   3.953858975D-03 m 
 Average OPD is    -2.0096074880703934D-06 m 
  Input file /tmp/tp26fe48ac_a212_4633_9329_e413772880db.in being loaded.
 Default used for  SegXgrid
 Optical Train Summary:
  Tracing rays past   5 elements.
  Aperture grid type = Circular  with   21 grid points.
  Elt   1: Reflector   : Conic    with Kc=-1.0000D+00, Kr=-2.5000D+00, nECoords =   6
  Elt   2: Reflector   : Conic    with Kc=-1.2384D+00, Kr=-4.4837D-01, nECoords =   6
  Elt   3: Reflector   : Conic    with Kc=-2.9498D+00, Kr=-2.3186D+00, nECoords =   6
  Elt   4: Reflector   : Conic    with Kc=-9.8208D-01, Kr=-9.3497D-01, nECoords =   6
  Elt   5: Reference   : Flat     with Kc= 0.0000D+00, Kr=-1.0000D+22, nECoords =   6
  Number of output coordinates is   5
  
  Aperture stop set at (global):  0.000000000D+00  0.000000000D+00  0.000000000D+00
  
 OPD: Rays being traced =          277
 Compute time was    0.0020 sec
 OPD: nPassRays =     276,    DAvgCumL =  59.98530708D-01 m 
 RMS OPD error is   1.533647716D-03 m 
 P-V OPD error is   6.035238340D-03 m 
 Average OPD is     1.2008208953765469D-06 m 
  Input file /tmp/tp26fe48ac_a212_4633_9329_e413772880db.in being loaded.
 Default used for  SegXgrid
 Optical Train Summary:
  Tracing rays past   5 elements.
  Aperture grid type = Circular  with   21 grid points.
  Elt   1: Reflector   : Conic    with Kc=-1.0000D+00, Kr=-2.5000D+00, nECoords =   6
  Elt   2: Reflector   : Conic    with Kc=-1.2384D+00, Kr=-4.4837D-01, nECoords =   6
  Elt   3: Reflector   : Conic    with Kc=-2.9498D+00, Kr=-2.3186D+00, nECoords =   6
  Elt   4: Reflector   : Conic    with Kc=-9.8208D-01, Kr=-9.3497D-01, nECoords =   6
  Elt   5: Reference   : Flat     with Kc= 0.0000D+00, Kr=-1.0000D+22, nECoords =   6
  Number of output coordinates is   5
  
  Aperture stop set at (global):  0.000000000D+00  0.000000000D+00  0.000000000D+00
  
 OPD: Rays being traced =          277
 Compute time was    0.0000 sec
 OPD: nPassRays =     276,    DAvgCumL =  59.98296491D-01 m 
 RMS OPD error is   1.082572856D-03 m 
 P-V OPD error is   3.922495105D-03 m 
 Average OPD is    -2.9441532260195276D-06 m 
  Input file /tmp/tp26fe48ac_a212_4633_9329_e413772880db.in being loaded.
 Default used for  SegXgrid
 Optical Train Summary:
  Tracing rays past   5 elements.
  Aperture grid type = Circular  with   21 grid points.
  Elt   1: Reflector   : Conic    with Kc=-1.0000D+00, Kr=-2.5000D+00, nECoords =   6
  Elt   2: Reflector   : Conic    with Kc=-1.2384D+00, Kr=-4.4837D-01, nECoords =   6
  Elt   3: Reflector   : Conic    with Kc=-2.9498D+00, Kr=-2.3186D+00, nECoords =   6
  Elt   4: Reflector   : Conic    with Kc=-9.8208D-01, Kr=-9.3497D-01, nECoords =   6
  Elt   5: Reference   : Flat     with Kc= 0.0000D+00, Kr=-1.0000D+22, nECoords =   6
  Number of output coordinates is   5
  
  Aperture stop set at (global):  0.000000000D+00  0.000000000D+00  0.000000000D+00
  
 OPD: Rays being traced =          277
 Compute time was    0.0020 sec
 OPD: nPassRays =     276,    DAvgCumL =  59.98104848D-01 m 
 RMS OPD error is   3.281925241D-06 m 
 P-V OPD error is   1.566697584D-05 m 
 Average OPD is    -3.5945768260938147D-06 m 
  Input file /tmp/tp26fe48ac_a212_4633_9329_e413772880db.in being loaded.
 Default used for  SegXgrid
 Optical Train Summary:
  Tracing rays past   5 elements.
  Aperture grid type = Circular  with   21 grid points.
  Elt   1: Reflector   : Conic    with Kc=-1.0000D+00, Kr=-2.5000D+00, nECoords =   6
  Elt   2: Reflector   : Conic    with Kc=-1.2384D+00, Kr=-4.4837D-01, nECoords =   6
  Elt   3: Reflector   : Conic    with Kc=-2.9498D+00, Kr=-2.3186D+00, nECoords =   6
  Elt   4: Reflector   : Conic    with Kc=-9.8208D-01, Kr=-9.3497D-01, nECoords =   6
  Elt   5: Reference   : Flat     with Kc= 0.0000D+00, Kr=-1.0000D+22, nECoords =   6
  Number of output coordinates is   5
  
  Aperture stop set at (global):  0.000000000D+00  0.000000000D+00  0.000000000D+00
  
 OPD: Rays being traced =          277
 Compute time was    0.0000 sec
 OPD: nPassRays =     276,    DAvgCumL =  59.98354276D-01 m 
 RMS OPD error is   1.078907056D-03 m 
 P-V OPD error is   3.915878510D-03 m 
 Average OPD is    -4.3090312153220400D-07 m 
  Input file /tmp/tp26fe48ac_a212_4633_9329_e413772880db.in being loaded.
 Default used for  SegXgrid
 Optical Train Summary:
  Tracing rays past   5 elements.
  Aperture grid type = Circular  with   21 grid points.
  Elt   1: Reflector   : Conic    with Kc=-1.0000D+00, Kr=-2.5000D+00, nECoords =   6
  Elt   2: Reflector   : Conic    with Kc=-1.2384D+00, Kr=-4.4837D-01, nECoords =   6
  Elt   3: Reflector   : Conic    with Kc=-2.9498D+00, Kr=-2.3186D+00, nECoords =   6
  Elt   4: Reflector   : Conic    with Kc=-9.8208D-01, Kr=-9.3497D-01, nECoords =   6
  Elt   5: Reference   : Flat     with Kc= 0.0000D+00, Kr=-1.0000D+22, nECoords =   6
  Number of output coordinates is   5
  
  Aperture stop set at (global):  0.000000000D+00  0.000000000D+00  0.000000000D+00
  
 OPD: Rays being traced =          277
 Compute time was    0.0000 sec
 OPD: nPassRays =     276,    DAvgCumL =  59.98418435D-01 m 
 RMS OPD error is   1.539267420D-03 m 
 P-V OPD error is   6.046692570D-03 m 
 Average OPD is    -1.3303035849903497D-06 m 
  Input file /tmp/tp26fe48ac_a212_4633_9329_e413772880db.in being loaded.
 Default used for  SegXgrid
 Optical Train Summary:
  Tracing rays past   5 elements.
  Aperture grid type = Circular  with   21 grid points.
  Elt   1: Reflector   : Conic    with Kc=-1.0000D+00, Kr=-2.5000D+00, nECoords =   6
  Elt   2: Reflector   : Conic    with Kc=-1.2384D+00, Kr=-4.4837D-01, nECoords =   6
  Elt   3: Reflector   : Conic    with Kc=-2.9498D+00, Kr=-2.3186D+00, nECoords =   6
  Elt   4: Reflector   : Conic    with Kc=-9.8208D-01, Kr=-9.3497D-01, nECoords =   6
  Elt   5: Reference   : Flat     with Kc= 0.0000D+00, Kr=-1.0000D+22, nECoords =   6
  Number of output coordinates is   5
  
  Aperture stop set at (global):  0.000000000D+00  0.000000000D+00  0.000000000D+00
  
 OPD: Rays being traced =          277
 Compute time was    0.0000 sec
 OPD: nPassRays =     276,    DAvgCumL =  59.98242490D-01 m 
 RMS OPD error is   1.083605639D-03 m 
 P-V OPD error is   3.953858975D-03 m 
 Average OPD is    -2.0096074880253409D-06 m 
  Input file /tmp/tp26fe48ac_a212_4633_9329_e413772880db.in being loaded.
 Default used for  SegXgrid
 Optical Train Summary:
  Tracing rays past   5 elements.
  Aperture grid type = Circular  with   21 grid points.
  Elt   1: Reflector   : Conic    with Kc=-1.0000D+00, Kr=-2.5000D+00, nECoords =   6
  Elt   2: Reflector   : Conic    with Kc=-1.2384D+00, Kr=-4.4837D-01, nECoords =   6
  Elt   3: Reflector   : Conic    with Kc=-2.9498D+00, Kr=-2.3186D+00, nECoords =   6
  Elt   4: Reflector   : Conic    with Kc=-9.8208D-01, Kr=-9.3497D-01, nECoords =   6
  Elt   5: Reference   : Flat     with Kc= 0.0000D+00, Kr=-1.0000D+22, nECoords =   6
  Number of output coordinates is   5
  
  Aperture stop set at (global):  0.000000000D+00  0.000000000D+00  0.000000000D+00
  
 OPD: Rays being traced =          277
 Compute time was    0.0000 sec
 OPD: nPassRays =     276,    DAvgCumL =  59.98530708D-01 m 
  standoff FORCED to +276 mm (parent -38.6): floor +39.14 mm (bare +63.06) against a +0.0 mm wall
 RMS OPD error is   1.533647716D-03 m 
 P-V OPD error is   6.035238340D-03 m 
 Average OPD is     1.2008208955020503D-06 m 
  Input file /tmp/tpaa462821_73bc_4fc1_8b34_aafee9599744.in being loaded.
 Default used for  SegXgrid
 Optical Train Summary:
  Tracing rays past   5 elements.
  Aperture grid type = Circular  with   21 grid points.
  Elt   1: Reflector   : Conic    with Kc=-1.0000D+00, Kr=-2.5000D+00, nECoords =   6
  Elt   2: Reflector   : Conic    with Kc=-1.2384D+00, Kr=-4.4837D-01, nECoords =   6
  Elt   3: Reflector   : Conic    with Kc=-2.9498D+00, Kr=-2.3186D+00, nECoords =   6
  Elt   4: Reflector   : Conic    with Kc=-9.8208D-01, Kr=-9.3497D-01, nECoords =   6
  Elt   5: Reference   : Flat     with Kc= 0.0000D+00, Kr=-1.0000D+22, nECoords =   6
  Number of output coordinates is   5
  
  Aperture stop set at (global):  0.000000000D+00  0.000000000D+00  0.000000000D+00
  
  Input file /tmp/tp78cca764_ebd8_4975_a37c_4d7cd2b7e879.in being loaded.
 Default used for  SegXgrid
 Optical Train Summary:
  Tracing rays past   5 elements.
  Aperture grid type = Circular  with   21 grid points.
  Elt   1: Reflector   : Conic    with Kc=-1.0000D+00, Kr=-2.5000D+00, nECoords =   6
  Elt   2: Reflector   : Conic    with Kc=-1.2384D+00, Kr=-4.4837D-01, nECoords =   6
  Elt   3: Reflector   : Conic    with Kc=-2.9498D+00, Kr=-2.3186D+00, nECoords =   6
  Elt   4: Reflector   : Conic    with Kc=-9.8208D-01, Kr=-9.3497D-01, nECoords =   6
  Elt   5: Reference   : Flat     with Kc= 0.0000D+00, Kr=-1.0000D+22, nECoords =   6
  Number of output coordinates is   5
  
  Aperture stop set at (global):  0.000000000D+00  0.000000000D+00  0.000000000D+00
  
  Input file /tmp/tp78cca764_ebd8_4975_a37c_4d7cd2b7e879.in being loaded.
 Default used for  SegXgrid
 Optical Train Summary:
  Tracing rays past   5 elements.
  Aperture grid type = Circular  with   21 grid points.
  Elt   1: Reflector   : Conic    with Kc=-1.0000D+00, Kr=-2.5000D+00, nECoords =   6
  Elt   2: Reflector   : Conic    with Kc=-1.2384D+00, Kr=-4.4837D-01, nECoords =   6
  Elt   3: Reflector   : Conic    with Kc=-2.9498D+00, Kr=-2.3186D+00, nECoords =   6
  Elt   4: Reflector   : Conic    with Kc=-9.8208D-01, Kr=-9.3497D-01, nECoords =   6
  Elt   5: Reference   : Flat     with Kc= 0.0000D+00, Kr=-1.0000D+22, nECoords =   6
  Number of output coordinates is   5
  
  Aperture stop set at (global):  0.000000000D+00  0.000000000D+00  0.000000000D+00
  
 OPD: Rays being traced =          277
 Compute time was    0.0000 sec
 OPD: nPassRays =     276,    DAvgCumL =  59.81385709D-01 m 
 RMS OPD error is   2.659820494D-03 m 
 P-V OPD error is   9.638813868D-03 m 
 Average OPD is     1.2205626066319796D-05 m 
  Input file /tmp/tpef7c5468_c288_4889_9056_709ec05e8d9c.in being loaded.
 Default used for  SegXgrid
 Optical Train Summary:
  Tracing rays past   5 elements.
  Aperture grid type = Circular  with   21 grid points.
  Elt   1: Reflector   : Conic    with Kc=-1.0000D+00, Kr=-2.5000D+00, nECoords =   6
  Elt   2: Reflector   : Conic    with Kc=-1.2384D+00, Kr=-4.4837D-01, nECoords =   6
  Elt   3: Reflector   : Conic    with Kc=-2.9498D+00, Kr=-2.3186D+00, nECoords =   6
  Elt   4: Reflector   : Conic    with Kc=-9.8208D-01, Kr=-9.3497D-01, nECoords =   6
  Elt   5: Reference   : Flat     with Kc= 0.0000D+00, Kr=-1.0000D+22, nECoords =   6
  Number of output coordinates is   5
  
  Aperture stop set at (global):  0.000000000D+00  0.000000000D+00  0.000000000D+00
  
 OPD: Rays being traced =          277
 Compute time was    0.0020 sec
 OPD: nPassRays =     276,    DAvgCumL =  59.98104858D-01 m 
 RMS OPD error is   3.241930696D-06 m 
 P-V OPD error is   1.542312512D-05 m 
 Average OPD is    -3.5848933062398842D-06 m 
  Input file /tmp/tp78cca764_ebd8_4975_a37c_4d7cd2b7e879.in being loaded.
 Default used for  SegXgrid
 Optical Train Summary:
  Tracing rays past   5 elements.
  Aperture grid type = Circular  with   21 grid points.
  Elt   1: Reflector   : Conic    with Kc=-1.0000D+00, Kr=-2.5000D+00, nECoords =   6
  Elt   2: Reflector   : Conic    with Kc=-1.2384D+00, Kr=-4.4837D-01, nECoords =   6
  Elt   3: Reflector   : Conic    with Kc=-2.9498D+00, Kr=-2.3186D+00, nECoords =   6
  Elt   4: Reflector   : Conic    with Kc=-9.8208D-01, Kr=-9.3497D-01, nECoords =   6
  Elt   5: Reference   : Flat     with Kc= 0.0000D+00, Kr=-1.0000D+22, nECoords =   6
  Number of output coordinates is   5
  
  Aperture stop set at (global):  0.000000000D+00  0.000000000D+00  0.000000000D+00
  
  Input file /tmp/tp3a9c5318_8325_4fc5_8e5a_f095eae39e7f.in being loaded.
 Default used for  SegXgrid
 Optical Train Summary:
  Tracing rays past   5 elements.
  Aperture grid type = Circular  with   21 grid points.
  Elt   1: Reflector   : Conic    with Kc=-1.0000D+00, Kr=-2.5000D+00, nECoords =   6
  Elt   2: Reflector   : Conic    with Kc=-1.2384D+00, Kr=-4.4837D-01, nECoords =   6
  Elt   3: Reflector   : Conic    with Kc=-2.9498D+00, Kr=-2.3186D+00, nECoords =   6
  Elt   4: Reflector   : Conic    with Kc=-9.8208D-01, Kr=-9.3497D-01, nECoords =   6
  Elt   5: Reference   : Flat     with Kc= 0.0000D+00, Kr=-1.0000D+22, nECoords =   6
  Number of output coordinates is   5
  
  Aperture stop set at (global):  0.000000000D+00  0.000000000D+00  0.000000000D+00
  
 OPD: Rays being traced =          277
 Compute time was    0.0000 sec
 OPD: nPassRays =     276,    DAvgCumL =  59.98418435D-01 m 
 RMS OPD error is   1.539267420D-03 m 
 P-V OPD error is   6.046692570D-03 m 
 Average OPD is    -1.3303035850321843D-06 m 
  Input file /tmp/tp3a9c5318_8325_4fc5_8e5a_f095eae39e7f.in being loaded.
 Default used for  SegXgrid
 Optical Train Summary:
  Tracing rays past   5 elements.
  Aperture grid type = Circular  with   21 grid points.
  Elt   1: Reflector   : Conic    with Kc=-1.0000D+00, Kr=-2.5000D+00, nECoords =   6
  Elt   2: Reflector   : Conic    with Kc=-1.2384D+00, Kr=-4.4837D-01, nECoords =   6
  Elt   3: Reflector   : Conic    with Kc=-2.9498D+00, Kr=-2.3186D+00, nECoords =   6
  Elt   4: Reflector   : Conic    with Kc=-9.8208D-01, Kr=-9.3497D-01, nECoords =   6
  Elt   5: Reference   : Flat     with Kc= 0.0000D+00, Kr=-1.0000D+22, nECoords =   6
  Number of output coordinates is   5
  
  Aperture stop set at (global):  0.000000000D+00  0.000000000D+00  0.000000000D+00
  
 OPD: Rays being traced =          277
 Compute time was    0.0000 sec
 OPD: nPassRays =     276,    DAvgCumL =  59.98242490D-01 m 
 RMS OPD error is   1.083605639D-03 m 
 P-V OPD error is   3.953858975D-03 m 
 Average OPD is    -2.0096074880703934D-06 m 
  Input file /tmp/tp3a9c5318_8325_4fc5_8e5a_f095eae39e7f.in being loaded.
 Default used for  SegXgrid
 Optical Train Summary:
  Tracing rays past   5 elements.
  Aperture grid type = Circular  with   21 grid points.
  Elt   1: Reflector   : Conic    with Kc=-1.0000D+00, Kr=-2.5000D+00, nECoords =   6
  Elt   2: Reflector   : Conic    with Kc=-1.2384D+00, Kr=-4.4837D-01, nECoords =   6
  Elt   3: Reflector   : Conic    with Kc=-2.9498D+00, Kr=-2.3186D+00, nECoords =   6
  Elt   4: Reflector   : Conic    with Kc=-9.8208D-01, Kr=-9.3497D-01, nECoords =   6
  Elt   5: Reference   : Flat     with Kc= 0.0000D+00, Kr=-1.0000D+22, nECoords =   6
  Number of output coordinates is   5
  
  Aperture stop set at (global):  0.000000000D+00  0.000000000D+00  0.000000000D+00
  
 OPD: Rays being traced =          277
 Compute time was    0.0000 sec
 OPD: nPassRays =     276,    DAvgCumL =  59.98530708D-01 m 
 RMS OPD error is   1.533647716D-03 m 
 P-V OPD error is   6.035238340D-03 m 
 Average OPD is     1.2008208953765469D-06 m 
  Input file /tmp/tp3a9c5318_8325_4fc5_8e5a_f095eae39e7f.in being loaded.
 Default used for  SegXgrid
 Optical Train Summary:
  Tracing rays past   5 elements.
  Aperture grid type = Circular  with   21 grid points.
  Elt   1: Reflector   : Conic    with Kc=-1.0000D+00, Kr=-2.5000D+00, nECoords =   6
  Elt   2: Reflector   : Conic    with Kc=-1.2384D+00, Kr=-4.4837D-01, nECoords =   6
  Elt   3: Reflector   : Conic    with Kc=-2.9498D+00, Kr=-2.3186D+00, nECoords =   6
  Elt   4: Reflector   : Conic    with Kc=-9.8208D-01, Kr=-9.3497D-01, nECoords =   6
  Elt   5: Reference   : Flat     with Kc= 0.0000D+00, Kr=-1.0000D+22, nECoords =   6
  Number of output coordinates is   5
  
  Aperture stop set at (global):  0.000000000D+00  0.000000000D+00  0.000000000D+00
  
 OPD: Rays being traced =          277
 Compute time was    0.0000 sec
 OPD: nPassRays =     276,    DAvgCumL =  59.98296491D-01 m 
 RMS OPD error is   1.082572856D-03 m 
 P-V OPD error is   3.922495105D-03 m 
 Average OPD is    -2.9441532260195276D-06 m 
  Input file /tmp/tp3a9c5318_8325_4fc5_8e5a_f095eae39e7f.in being loaded.
 Default used for  SegXgrid
 Optical Train Summary:
  Tracing rays past   5 elements.
  Aperture grid type = Circular  with   21 grid points.
  Elt   1: Reflector   : Conic    with Kc=-1.0000D+00, Kr=-2.5000D+00, nECoords =   6
  Elt   2: Reflector   : Conic    with Kc=-1.2384D+00, Kr=-4.4837D-01, nECoords =   6
  Elt   3: Reflector   : Conic    with Kc=-2.9498D+00, Kr=-2.3186D+00, nECoords =   6
  Elt   4: Reflector   : Conic    with Kc=-9.8208D-01, Kr=-9.3497D-01, nECoords =   6
  Elt   5: Reference   : Flat     with Kc= 0.0000D+00, Kr=-1.0000D+22, nECoords =   6
  Number of output coordinates is   5
  
  Aperture stop set at (global):  0.000000000D+00  0.000000000D+00  0.000000000D+00
  
 OPD: Rays being traced =          277
 Compute time was    0.0020 sec
 OPD: nPassRays =     276,    DAvgCumL =  59.98104848D-01 m 
 RMS OPD error is   3.281925241D-06 m 
 P-V OPD error is   1.566697584D-05 m 
 Average OPD is    -3.5945768260938147D-06 m 
  Input file /tmp/tp3a9c5318_8325_4fc5_8e5a_f095eae39e7f.in being loaded.
 Default used for  SegXgrid
 Optical Train Summary:
  Tracing rays past   5 elements.
  Aperture grid type = Circular  with   21 grid points.
  Elt   1: Reflector   : Conic    with Kc=-1.0000D+00, Kr=-2.5000D+00, nECoords =   6
  Elt   2: Reflector   : Conic    with Kc=-1.2384D+00, Kr=-4.4837D-01, nECoords =   6
  Elt   3: Reflector   : Conic    with Kc=-2.9498D+00, Kr=-2.3186D+00, nECoords =   6
  Elt   4: Reflector   : Conic    with Kc=-9.8208D-01, Kr=-9.3497D-01, nECoords =   6
  Elt   5: Reference   : Flat     with Kc= 0.0000D+00, Kr=-1.0000D+22, nECoords =   6
  Number of output coordinates is   5
  
  Aperture stop set at (global):  0.000000000D+00  0.000000000D+00  0.000000000D+00
  
 OPD: Rays being traced =          277
 Compute time was    0.0000 sec
 OPD: nPassRays =     276,    DAvgCumL =  59.98354276D-01 m 
 RMS OPD error is   1.078907056D-03 m 
 P-V OPD error is   3.915878510D-03 m 
 Average OPD is    -4.3090312153220400D-07 m 
  Input file /tmp/tp3a9c5318_8325_4fc5_8e5a_f095eae39e7f.in being loaded.
 Default used for  SegXgrid
 Optical Train Summary:
  Tracing rays past   5 elements.
  Aperture grid type = Circular  with   21 grid points.
  Elt   1: Reflector   : Conic    with Kc=-1.0000D+00, Kr=-2.5000D+00, nECoords =   6
  Elt   2: Reflector   : Conic    with Kc=-1.2384D+00, Kr=-4.4837D-01, nECoords =   6
  Elt   3: Reflector   : Conic    with Kc=-2.9498D+00, Kr=-2.3186D+00, nECoords =   6
  Elt   4: Reflector   : Conic    with Kc=-9.8208D-01, Kr=-9.3497D-01, nECoords =   6
  Elt   5: Reference   : Flat     with Kc= 0.0000D+00, Kr=-1.0000D+22, nECoords =   6
  Number of output coordinates is   5
  
  Aperture stop set at (global):  0.000000000D+00  0.000000000D+00  0.000000000D+00
  
 OPD: Rays being traced =          277
 Compute time was    0.0000 sec
 OPD: nPassRays =     276,    DAvgCumL =  59.98418435D-01 m 
 RMS OPD error is   1.539267420D-03 m 
 P-V OPD error is   6.046692570D-03 m 
 Average OPD is    -1.3303035849903497D-06 m 
  Input file /tmp/tp3a9c5318_8325_4fc5_8e5a_f095eae39e7f.in being loaded.
 Default used for  SegXgrid
 Optical Train Summary:
  Tracing rays past   5 elements.
  Aperture grid type = Circular  with   21 grid points.
  Elt   1: Reflector   : Conic    with Kc=-1.0000D+00, Kr=-2.5000D+00, nECoords =   6
  Elt   2: Reflector   : Conic    with Kc=-1.2384D+00, Kr=-4.4837D-01, nECoords =   6
  Elt   3: Reflector   : Conic    with Kc=-2.9498D+00, Kr=-2.3186D+00, nECoords =   6
  Elt   4: Reflector   : Conic    with Kc=-9.8208D-01, Kr=-9.3497D-01, nECoords =   6
  Elt   5: Reference   : Flat     with Kc= 0.0000D+00, Kr=-1.0000D+22, nECoords =   6
  Number of output coordinates is   5
  
  Aperture stop set at (global):  0.000000000D+00  0.000000000D+00  0.000000000D+00
  
 OPD: Rays being traced =          277
 Compute time was    0.0000 sec
 OPD: nPassRays =     276,    DAvgCumL =  59.98242490D-01 m 
 RMS OPD error is   1.083605639D-03 m 
 P-V OPD error is   3.953858975D-03 m 
 Average OPD is    -2.0096074880253409D-06 m 
  Input file /tmp/tp3a9c5318_8325_4fc5_8e5a_f095eae39e7f.in being loaded.
 Default used for  SegXgrid
 Optical Train Summary:
  Tracing rays past   5 elements.
  Aperture grid type = Circular  with   21 grid points.
  Elt   1: Reflector   : Conic    with Kc=-1.0000D+00, Kr=-2.5000D+00, nECoords =   6
  Elt   2: Reflector   : Conic    with Kc=-1.2384D+00, Kr=-4.4837D-01, nECoords =   6
  Elt   3: Reflector   : Conic    with Kc=-2.9498D+00, Kr=-2.3186D+00, nECoords =   6
  Elt   4: Reflector   : Conic    with Kc=-9.8208D-01, Kr=-9.3497D-01, nECoords =   6
  Elt   5: Reference   : Flat     with Kc= 0.0000D+00, Kr=-1.0000D+22, nECoords =   6
  Number of output coordinates is   5
  
  Aperture stop set at (global):  0.000000000D+00  0.000000000D+00  0.000000000D+00
  
 OPD: Rays being traced =          277
 Compute time was    0.0020 sec
 OPD: nPassRays =     276,    DAvgCumL =  59.98530708D-01 m 
 RMS OPD error is   1.533647716D-03 m 
 P-V OPD error is   6.035238340D-03 m 
 Average OPD is     1.2008208955020503D-06 m 
  Input file /tmp/tp78cca764_ebd8_4975_a37c_4d7cd2b7e879.in being loaded.
 Default used for  SegXgrid
 Optical Train Summary:
  Tracing rays past   5 elements.
  Aperture grid type = Circular  with   21 grid points.
  Elt   1: Reflector   : Conic    with Kc=-1.0000D+00, Kr=-2.5000D+00, nECoords =   6
  Elt   2: Reflector   : Conic    with Kc=-1.2384D+00, Kr=-4.4837D-01, nECoords =   6
  Elt   3: Reflector   : Conic    with Kc=-2.9498D+00, Kr=-2.3186D+00, nECoords =   6
  Elt   4: Reflector   : Conic    with Kc=-9.8208D-01, Kr=-9.3497D-01, nECoords =   6
  Elt   5: Reference   : Flat     with Kc= 0.0000D+00, Kr=-1.0000D+22, nECoords =   6
  Number of output coordinates is   5
  
  Aperture stop set at (global):  0.000000000D+00  0.000000000D+00  0.000000000D+00
  
  Input file /tmp/tpe3520455_f37b_4c50_aab7_c87d652b5b95.in being loaded.
 Default used for  SegXgrid
 Optical Train Summary:
  Tracing rays past   5 elements.
  Aperture grid type = Circular  with   21 grid points.
  Elt   1: Reflector   : Conic    with Kc=-1.0000D+00, Kr=-2.5000D+00, nECoords =   6
  Elt   2: Reflector   : Conic    with Kc=-1.2384D+00, Kr=-4.4837D-01, nECoords =   6
  Elt   3: Reflector   : Conic    with Kc=-2.9498D+00, Kr=-2.3186D+00, nECoords =   6
  Elt   4: Reflector   : Conic    with Kc=-9.8208D-01, Kr=-9.3497D-01, nECoords =   6
  Elt   5: Reference   : Flat     with Kc= 0.0000D+00, Kr=-1.0000D+22, nECoords =   6
  Number of output coordinates is   5
  
  Aperture stop set at (global):  0.000000000D+00  0.000000000D+00  0.000000000D+00
  
 OPD: Rays being traced =          277
 Compute time was    0.0020 sec
 OPD: nPassRays =     276,    DAvgCumL =  59.98418435D-01 m 
 RMS OPD error is   1.539267420D-03 m 
 P-V OPD error is   6.046692570D-03 m 
 Average OPD is    -1.3303035850321843D-06 m 
  Input file /tmp/tpe3520455_f37b_4c50_aab7_c87d652b5b95.in being loaded.
 Default used for  SegXgrid
 Optical Train Summary:
  Tracing rays past   5 elements.
  Aperture grid type = Circular  with   21 grid points.
  Elt   1: Reflector   : Conic    with Kc=-1.0000D+00, Kr=-2.5000D+00, nECoords =   6
  Elt   2: Reflector   : Conic    with Kc=-1.2384D+00, Kr=-4.4837D-01, nECoords =   6
  Elt   3: Reflector   : Conic    with Kc=-2.9498D+00, Kr=-2.3186D+00, nECoords =   6
  Elt   4: Reflector   : Conic    with Kc=-9.8208D-01, Kr=-9.3497D-01, nECoords =   6
  Elt   5: Reference   : Flat     with Kc= 0.0000D+00, Kr=-1.0000D+22, nECoords =   6
  Number of output coordinates is   5
  
  Aperture stop set at (global):  0.000000000D+00  0.000000000D+00  0.000000000D+00
  
 OPD: Rays being traced =          277
 Compute time was    0.0020 sec
 OPD: nPassRays =     276,    DAvgCumL =  59.98242490D-01 m 
 RMS OPD error is   1.083605639D-03 m 
 P-V OPD error is   3.953858975D-03 m 
 Average OPD is    -2.0096074880703934D-06 m 
  Input file /tmp/tpe3520455_f37b_4c50_aab7_c87d652b5b95.in being loaded.
 Default used for  SegXgrid
 Optical Train Summary:
  Tracing rays past   5 elements.
  Aperture grid type = Circular  with   21 grid points.
  Elt   1: Reflector   : Conic    with Kc=-1.0000D+00, Kr=-2.5000D+00, nECoords =   6
  Elt   2: Reflector   : Conic    with Kc=-1.2384D+00, Kr=-4.4837D-01, nECoords =   6
  Elt   3: Reflector   : Conic    with Kc=-2.9498D+00, Kr=-2.3186D+00, nECoords =   6
  Elt   4: Reflector   : Conic    with Kc=-9.8208D-01, Kr=-9.3497D-01, nECoords =   6
  Elt   5: Reference   : Flat     with Kc= 0.0000D+00, Kr=-1.0000D+22, nECoords =   6
  Number of output coordinates is   5
  
  Aperture stop set at (global):  0.000000000D+00  0.000000000D+00  0.000000000D+00
  
 OPD: Rays being traced =          277
 Compute time was    0.0020 sec
 OPD: nPassRays =     276,    DAvgCumL =  59.98530708D-01 m 
 RMS OPD error is   1.533647716D-03 m 
 P-V OPD error is   6.035238340D-03 m 
 Average OPD is     1.2008208953765469D-06 m 
  Input file /tmp/tpe3520455_f37b_4c50_aab7_c87d652b5b95.in being loaded.
 Default used for  SegXgrid
 Optical Train Summary:
  Tracing rays past   5 elements.
  Aperture grid type = Circular  with   21 grid points.
  Elt   1: Reflector   : Conic    with Kc=-1.0000D+00, Kr=-2.5000D+00, nECoords =   6
  Elt   2: Reflector   : Conic    with Kc=-1.2384D+00, Kr=-4.4837D-01, nECoords =   6
  Elt   3: Reflector   : Conic    with Kc=-2.9498D+00, Kr=-2.3186D+00, nECoords =   6
  Elt   4: Reflector   : Conic    with Kc=-9.8208D-01, Kr=-9.3497D-01, nECoords =   6
  Elt   5: Reference   : Flat     with Kc= 0.0000D+00, Kr=-1.0000D+22, nECoords =   6
  Number of output coordinates is   5
  
  Aperture stop set at (global):  0.000000000D+00  0.000000000D+00  0.000000000D+00
  
 OPD: Rays being traced =          277
 Compute time was    0.0020 sec
 OPD: nPassRays =     276,    DAvgCumL =  59.98296491D-01 m 
 RMS OPD error is   1.082572856D-03 m 
 P-V OPD error is   3.922495105D-03 m 
 Average OPD is    -2.9441532260195276D-06 m 
  Input file /tmp/tpe3520455_f37b_4c50_aab7_c87d652b5b95.in being loaded.
 Default used for  SegXgrid
 Optical Train Summary:
  Tracing rays past   5 elements.
  Aperture grid type = Circular  with   21 grid points.
  Elt   1: Reflector   : Conic    with Kc=-1.0000D+00, Kr=-2.5000D+00, nECoords =   6
  Elt   2: Reflector   : Conic    with Kc=-1.2384D+00, Kr=-4.4837D-01, nECoords =   6
  Elt   3: Reflector   : Conic    with Kc=-2.9498D+00, Kr=-2.3186D+00, nECoords =   6
  Elt   4: Reflector   : Conic    with Kc=-9.8208D-01, Kr=-9.3497D-01, nECoords =   6
  Elt   5: Reference   : Flat     with Kc= 0.0000D+00, Kr=-1.0000D+22, nECoords =   6
  Number of output coordinates is   5
  
  Aperture stop set at (global):  0.000000000D+00  0.000000000D+00  0.000000000D+00
  
 OPD: Rays being traced =          277
 Compute time was    0.0000 sec
 OPD: nPassRays =     276,    DAvgCumL =  59.98104848D-01 m 
 RMS OPD error is   3.281925241D-06 m 
 P-V OPD error is   1.566697584D-05 m 
 Average OPD is    -3.5945768260938147D-06 m 
  Input file /tmp/tpe3520455_f37b_4c50_aab7_c87d652b5b95.in being loaded.
 Default used for  SegXgrid
 Optical Train Summary:
  Tracing rays past   5 elements.
  Aperture grid type = Circular  with   21 grid points.
  Elt   1: Reflector   : Conic    with Kc=-1.0000D+00, Kr=-2.5000D+00, nECoords =   6
  Elt   2: Reflector   : Conic    with Kc=-1.2384D+00, Kr=-4.4837D-01, nECoords =   6
  Elt   3: Reflector   : Conic    with Kc=-2.9498D+00, Kr=-2.3186D+00, nECoords =   6
  Elt   4: Reflector   : Conic    with Kc=-9.8208D-01, Kr=-9.3497D-01, nECoords =   6
  Elt   5: Reference   : Flat     with Kc= 0.0000D+00, Kr=-1.0000D+22, nECoords =   6
  Number of output coordinates is   5
  
  Aperture stop set at (global):  0.000000000D+00  0.000000000D+00  0.000000000D+00
  
 OPD: Rays being traced =          277
 Compute time was    0.0020 sec
 OPD: nPassRays =     276,    DAvgCumL =  59.98354276D-01 m 
 RMS OPD error is   1.078907056D-03 m 
 P-V OPD error is   3.915878510D-03 m 
 Average OPD is    -4.3090312153220400D-07 m 
  Input file /tmp/tpe3520455_f37b_4c50_aab7_c87d652b5b95.in being loaded.
 Default used for  SegXgrid
 Optical Train Summary:
  Tracing rays past   5 elements.
  Aperture grid type = Circular  with   21 grid points.
  Elt   1: Reflector   : Conic    with Kc=-1.0000D+00, Kr=-2.5000D+00, nECoords =   6
  Elt   2: Reflector   : Conic    with Kc=-1.2384D+00, Kr=-4.4837D-01, nECoords =   6
  Elt   3: Reflector   : Conic    with Kc=-2.9498D+00, Kr=-2.3186D+00, nECoords =   6
  Elt   4: Reflector   : Conic    with Kc=-9.8208D-01, Kr=-9.3497D-01, nECoords =   6
  Elt   5: Reference   : Flat     with Kc= 0.0000D+00, Kr=-1.0000D+22, nECoords =   6
  Number of output coordinates is   5
  
  Aperture stop set at (global):  0.000000000D+00  0.000000000D+00  0.000000000D+00
  
 OPD: Rays being traced =          277
 Compute time was    0.0000 sec
 OPD: nPassRays =     276,    DAvgCumL =  59.98418435D-01 m 
 RMS OPD error is   1.539267420D-03 m 
 P-V OPD error is   6.046692570D-03 m 
 Average OPD is    -1.3303035849903497D-06 m 
  Input file /tmp/tpe3520455_f37b_4c50_aab7_c87d652b5b95.in being loaded.
 Default used for  SegXgrid
 Optical Train Summary:
  Tracing rays past   5 elements.
  Aperture grid type = Circular  with   21 grid points.
  Elt   1: Reflector   : Conic    with Kc=-1.0000D+00, Kr=-2.5000D+00, nECoords =   6
  Elt   2: Reflector   : Conic    with Kc=-1.2384D+00, Kr=-4.4837D-01, nECoords =   6
  Elt   3: Reflector   : Conic    with Kc=-2.9498D+00, Kr=-2.3186D+00, nECoords =   6
  Elt   4: Reflector   : Conic    with Kc=-9.8208D-01, Kr=-9.3497D-01, nECoords =   6
  Elt   5: Reference   : Flat     with Kc= 0.0000D+00, Kr=-1.0000D+22, nECoords =   6
  Number of output coordinates is   5
  
  Aperture stop set at (global):  0.000000000D+00  0.000000000D+00  0.000000000D+00
  
 OPD: Rays being traced =          277
 Compute time was    0.0020 sec
 OPD: nPassRays =     276,    DAvgCumL =  59.98242490D-01 m 
 RMS OPD error is   1.083605639D-03 m 
 P-V OPD error is   3.953858975D-03 m 
 Average OPD is    -2.0096074880253409D-06 m 
  Input file /tmp/tpe3520455_f37b_4c50_aab7_c87d652b5b95.in being loaded.
 Default used for  SegXgrid
 Optical Train Summary:
  Tracing rays past   5 elements.
  Aperture grid type = Circular  with   21 grid points.
  Elt   1: Reflector   : Conic    with Kc=-1.0000D+00, Kr=-2.5000D+00, nECoords =   6
  Elt   2: Reflector   : Conic    with Kc=-1.2384D+00, Kr=-4.4837D-01, nECoords =   6
  Elt   3: Reflector   : Conic    with Kc=-2.9498D+00, Kr=-2.3186D+00, nECoords =   6
  Elt   4: Reflector   : Conic    with Kc=-9.8208D-01, Kr=-9.3497D-01, nECoords =   6
  Elt   5: Reference   : Flat     with Kc= 0.0000D+00, Kr=-1.0000D+22, nECoords =   6
  Number of output coordinates is   5
  
  Aperture stop set at (global):  0.000000000D+00  0.000000000D+00  0.000000000D+00
  
 OPD: Rays being traced =          277
 Compute time was    0.0020 sec
 OPD: nPassRays =     276,    DAvgCumL =  59.98530708D-01 m 
 RMS OPD error is   1.533647716D-03 m 
 P-V OPD error is   6.035238340D-03 m 
 Average OPD is     1.2008208955020503D-06 m 
  Input file /tmp/tp24906d03_268a_40ff_b995_77d42282561c.in being loaded.
 Default used for  SegXgrid
 Optical Train Summary:
  Tracing rays past   5 elements.
  Aperture grid type = Circular  with   21 grid points.
  Elt   1: Reflector   : Conic    with Kc=-1.0000D+00, Kr=-2.5000D+00, nECoords =   6
  Elt   2: Reflector   : Conic    with Kc=-1.2384D+00, Kr=-4.4837D-01, nECoords =   6
  Elt   3: Reflector   : Conic    with Kc=-2.9498D+00, Kr=-2.3186D+00, nECoords =   6
  Elt   4: Reflector   : Conic    with Kc=-9.8208D-01, Kr=-9.3497D-01, nECoords =   6
  Elt   5: Reference   : Flat     with Kc= 0.0000D+00, Kr=-1.0000D+22, nECoords =   6
  Number of output coordinates is   5
  
  Aperture stop set at (global):  0.000000000D+00  0.000000000D+00  0.000000000D+00
  
 OPD: Rays being traced =          277
 Compute time was    0.0020 sec
 OPD: nPassRays =     276,    DAvgCumL =  12.67619349D-01 m 
 RMS OPD error is   1.419742281D-02 m 
 P-V OPD error is   5.167010635D-02 m 
 Average OPD is    -2.4333968567546094D-02 m 
 OPD: Rays being traced =          277
 Compute time was    0.0000 sec
 OPD: nPassRays =     276,    DAvgCumL =  59.98418435D-01 m 
 RMS OPD error is   1.539267420D-03 m 
 P-V OPD error is   6.046692570D-03 m 
 Average OPD is    -1.3303035850321843D-06 m 
  Input file /tmp/tp24906d03_268a_40ff_b995_77d42282561c.in being loaded.
 Default used for  SegXgrid
 Optical Train Summary:
  Tracing rays past   5 elements.
  Aperture grid type = Circular  with   21 grid points.
  Elt   1: Reflector   : Conic    with Kc=-1.0000D+00, Kr=-2.5000D+00, nECoords =   6
  Elt   2: Reflector   : Conic    with Kc=-1.2384D+00, Kr=-4.4837D-01, nECoords =   6
  Elt   3: Reflector   : Conic    with Kc=-2.9498D+00, Kr=-2.3186D+00, nECoords =   6
  Elt   4: Reflector   : Conic    with Kc=-9.8208D-01, Kr=-9.3497D-01, nECoords =   6
  Elt   5: Reference   : Flat     with Kc= 0.0000D+00, Kr=-1.0000D+22, nECoords =   6
  Number of output coordinates is   5
  
  Aperture stop set at (global):  0.000000000D+00  0.000000000D+00  0.000000000D+00
  
 OPD: Rays being traced =          277
 Compute time was    0.0000 sec
 OPD: nPassRays =     276,    DAvgCumL =  12.67617554D-01 m 
 RMS OPD error is   1.435720682D-02 m 
 P-V OPD error is   5.354549631D-02 m 
 Average OPD is    -2.4335763510063151D-02 m 
 OPD: Rays being traced =          277
 Compute time was    0.0000 sec
 OPD: nPassRays =     276,    DAvgCumL =  59.98242490D-01 m 
 RMS OPD error is   1.083605639D-03 m 
 P-V OPD error is   3.953858975D-03 m 
 Average OPD is    -2.0096074880703934D-06 m 
  Input file /tmp/tp24906d03_268a_40ff_b995_77d42282561c.in being loaded.
 Default used for  SegXgrid
 Optical Train Summary:
  Tracing rays past   5 elements.
  Aperture grid type = Circular  with   21 grid points.
  Elt   1: Reflector   : Conic    with Kc=-1.0000D+00, Kr=-2.5000D+00, nECoords =   6
  Elt   2: Reflector   : Conic    with Kc=-1.2384D+00, Kr=-4.4837D-01, nECoords =   6
  Elt   3: Reflector   : Conic    with Kc=-2.9498D+00, Kr=-2.3186D+00, nECoords =   6
  Elt   4: Reflector   : Conic    with Kc=-9.8208D-01, Kr=-9.3497D-01, nECoords =   6
  Elt   5: Reference   : Flat     with Kc= 0.0000D+00, Kr=-1.0000D+22, nECoords =   6
  Number of output coordinates is   5
  
  Aperture stop set at (global):  0.000000000D+00  0.000000000D+00  0.000000000D+00
  
 OPD: Rays being traced =          277
 Compute time was    0.0000 sec
 OPD: nPassRays =     276,    DAvgCumL =  12.67614814D-01 m 
 RMS OPD error is   1.459774741D-02 m 
 P-V OPD error is   5.542322854D-02 m 
 Average OPD is    -2.4338503573907749D-02 m 
 OPD: Rays being traced =          277
 Compute time was    0.0020 sec
 OPD: nPassRays =     276,    DAvgCumL =  59.98530708D-01 m 
 RMS OPD error is   1.533647716D-03 m 
 P-V OPD error is   6.035238340D-03 m 
 Average OPD is     1.2008208953765469D-06 m 
  Input file /tmp/tp24906d03_268a_40ff_b995_77d42282561c.in being loaded.
 Default used for  SegXgrid
 Optical Train Summary:
  Tracing rays past   5 elements.
  Aperture grid type = Circular  with   21 grid points.
  Elt   1: Reflector   : Conic    with Kc=-1.0000D+00, Kr=-2.5000D+00, nECoords =   6
  Elt   2: Reflector   : Conic    with Kc=-1.2384D+00, Kr=-4.4837D-01, nECoords =   6
  Elt   3: Reflector   : Conic    with Kc=-2.9498D+00, Kr=-2.3186D+00, nECoords =   6
  Elt   4: Reflector   : Conic    with Kc=-9.8208D-01, Kr=-9.3497D-01, nECoords =   6
  Elt   5: Reference   : Flat     with Kc= 0.0000D+00, Kr=-1.0000D+22, nECoords =   6
  Number of output coordinates is   5
  
  Aperture stop set at (global):  0.000000000D+00  0.000000000D+00  0.000000000D+00
  
 OPD: Rays being traced =          277
 Compute time was    0.0020 sec
 OPD: nPassRays =     276,    DAvgCumL =  12.67619821D-01 m 
 RMS OPD error is   1.415507687D-02 m 
 P-V OPD error is   5.026587765D-02 m 
 Average OPD is    -2.4333496244226208D-02 m 
 OPD: Rays being traced =          277
 Compute time was    0.0000 sec
 OPD: nPassRays =     276,    DAvgCumL =  59.98296491D-01 m 
 RMS OPD error is   1.082572856D-03 m 
 P-V OPD error is   3.922495105D-03 m 
 Average OPD is    -2.9441532260195276D-06 m 
  Input file /tmp/tp24906d03_268a_40ff_b995_77d42282561c.in being loaded.
 Default used for  SegXgrid
 Optical Train Summary:
  Tracing rays past   5 elements.
  Aperture grid type = Circular  with   21 grid points.
  Elt   1: Reflector   : Conic    with Kc=-1.0000D+00, Kr=-2.5000D+00, nECoords =   6
  Elt   2: Reflector   : Conic    with Kc=-1.2384D+00, Kr=-4.4837D-01, nECoords =   6
  Elt   3: Reflector   : Conic    with Kc=-2.9498D+00, Kr=-2.3186D+00, nECoords =   6
  Elt   4: Reflector   : Conic    with Kc=-9.8208D-01, Kr=-9.3497D-01, nECoords =   6
  Elt   5: Reference   : Flat     with Kc= 0.0000D+00, Kr=-1.0000D+22, nECoords =   6
  Number of output coordinates is   5
  
  Aperture stop set at (global):  0.000000000D+00  0.000000000D+00  0.000000000D+00
  
 OPD: Rays being traced =          277
 Compute time was    0.0000 sec
 OPD: nPassRays =     276,    DAvgCumL =  12.67618026D-01 m 
 RMS OPD error is   1.431532715D-02 m 
 P-V OPD error is   5.214032665D-02 m 
 Average OPD is    -2.4335291107281942D-02 m 
 OPD: Rays being traced =          277
 Compute time was    0.0000 sec
 OPD: nPassRays =     276,    DAvgCumL =  59.98104848D-01 m 
 RMS OPD error is   3.281925241D-06 m 
 P-V OPD error is   1.566697584D-05 m 
 Average OPD is    -3.5945768260938147D-06 m 
  Input file /tmp/tp24906d03_268a_40ff_b995_77d42282561c.in being loaded.
 Default used for  SegXgrid
 Optical Train Summary:
  Tracing rays past   5 elements.
  Aperture grid type = Circular  with   21 grid points.
  Elt   1: Reflector   : Conic    with Kc=-1.0000D+00, Kr=-2.5000D+00, nECoords =   6
  Elt   2: Reflector   : Conic    with Kc=-1.2384D+00, Kr=-4.4837D-01, nECoords =   6
  Elt   3: Reflector   : Conic    with Kc=-2.9498D+00, Kr=-2.3186D+00, nECoords =   6
  Elt   4: Reflector   : Conic    with Kc=-9.8208D-01, Kr=-9.3497D-01, nECoords =   6
  Elt   5: Reference   : Flat     with Kc= 0.0000D+00, Kr=-1.0000D+22, nECoords =   6
  Number of output coordinates is   5
  
  Aperture stop set at (global):  0.000000000D+00  0.000000000D+00  0.000000000D+00
  
 OPD: Rays being traced =          277
 Compute time was    0.0020 sec
 OPD: nPassRays =     276,    DAvgCumL =  12.67615286D-01 m 
 RMS OPD error is   1.455655019D-02 m 
 P-V OPD error is   5.401711476D-02 m 
 Average OPD is    -2.4338031049812109D-02 m 
 OPD: Rays being traced =          277
 Compute time was    0.0000 sec
 OPD: nPassRays =     276,    DAvgCumL =  59.98354276D-01 m 
 RMS OPD error is   1.078907056D-03 m 
 P-V OPD error is   3.915878510D-03 m 
 Average OPD is    -4.3090312153220400D-07 m 
  Input file /tmp/tp24906d03_268a_40ff_b995_77d42282561c.in being loaded.
 Default used for  SegXgrid
 Optical Train Summary:
  Tracing rays past   5 elements.
  Aperture grid type = Circular  with   21 grid points.
  Elt   1: Reflector   : Conic    with Kc=-1.0000D+00, Kr=-2.5000D+00, nECoords =   6
  Elt   2: Reflector   : Conic    with Kc=-1.2384D+00, Kr=-4.4837D-01, nECoords =   6
  Elt   3: Reflector   : Conic    with Kc=-2.9498D+00, Kr=-2.3186D+00, nECoords =   6
  Elt   4: Reflector   : Conic    with Kc=-9.8208D-01, Kr=-9.3497D-01, nECoords =   6
  Elt   5: Reference   : Flat     with Kc= 0.0000D+00, Kr=-1.0000D+22, nECoords =   6
  Number of output coordinates is   5
  
  Aperture stop set at (global):  0.000000000D+00  0.000000000D+00  0.000000000D+00
  
 OPD: Rays being traced =          277
 Compute time was    0.0000 sec
 OPD: nPassRays =     276,    DAvgCumL =  12.67619349D-01 m 
 RMS OPD error is   1.419742281D-02 m 
 P-V OPD error is   5.167010635D-02 m 
 Average OPD is    -2.4333968567546081D-02 m 
 OPD: Rays being traced =          277
 Compute time was    0.0000 sec
 OPD: nPassRays =     276,    DAvgCumL =  59.98418435D-01 m 
 RMS OPD error is   1.539267420D-03 m 
 P-V OPD error is   6.046692570D-03 m 
 Average OPD is    -1.3303035849903497D-06 m 
  Input file /tmp/tp24906d03_268a_40ff_b995_77d42282561c.in being loaded.
 Default used for  SegXgrid
 Optical Train Summary:
  Tracing rays past   5 elements.
  Aperture grid type = Circular  with   21 grid points.
  Elt   1: Reflector   : Conic    with Kc=-1.0000D+00, Kr=-2.5000D+00, nECoords =   6
  Elt   2: Reflector   : Conic    with Kc=-1.2384D+00, Kr=-4.4837D-01, nECoords =   6
  Elt   3: Reflector   : Conic    with Kc=-2.9498D+00, Kr=-2.3186D+00, nECoords =   6
  Elt   4: Reflector   : Conic    with Kc=-9.8208D-01, Kr=-9.3497D-01, nECoords =   6
  Elt   5: Reference   : Flat     with Kc= 0.0000D+00, Kr=-1.0000D+22, nECoords =   6
  Number of output coordinates is   5
  
  Aperture stop set at (global):  0.000000000D+00  0.000000000D+00  0.000000000D+00
  
 OPD: Rays being traced =          277
 Compute time was    0.0000 sec
 OPD: nPassRays =     276,    DAvgCumL =  12.67617554D-01 m 
 RMS OPD error is   1.435720682D-02 m 
 P-V OPD error is   5.354549631D-02 m 
 Average OPD is    -2.4335763510063151D-02 m 
 OPD: Rays being traced =          277
 Compute time was    0.0020 sec
 OPD: nPassRays =     276,    DAvgCumL =  59.98242490D-01 m 
 RMS OPD error is   1.083605639D-03 m 
 P-V OPD error is   3.953858975D-03 m 
 Average OPD is    -2.0096074880253409D-06 m 
  Input file /tmp/tp24906d03_268a_40ff_b995_77d42282561c.in being loaded.
 Default used for  SegXgrid
 Optical Train Summary:
  Tracing rays past   5 elements.
  Aperture grid type = Circular  with   21 grid points.
  Elt   1: Reflector   : Conic    with Kc=-1.0000D+00, Kr=-2.5000D+00, nECoords =   6
  Elt   2: Reflector   : Conic    with Kc=-1.2384D+00, Kr=-4.4837D-01, nECoords =   6
  Elt   3: Reflector   : Conic    with Kc=-2.9498D+00, Kr=-2.3186D+00, nECoords =   6
  Elt   4: Reflector   : Conic    with Kc=-9.8208D-01, Kr=-9.3497D-01, nECoords =   6
  Elt   5: Reference   : Flat     with Kc= 0.0000D+00, Kr=-1.0000D+22, nECoords =   6
  Number of output coordinates is   5
  
  Aperture stop set at (global):  0.000000000D+00  0.000000000D+00  0.000000000D+00
  
 OPD: Rays being traced =          277
 Compute time was    0.0020 sec
 OPD: nPassRays =     276,    DAvgCumL =  12.67614814D-01 m 
 RMS OPD error is   1.459774741D-02 m 
 P-V OPD error is   5.542322854D-02 m 
 Average OPD is    -2.4338503573907769D-02 m 
 OPD: Rays being traced =          277
 Compute time was    0.0020 sec
 OPD: nPassRays =     276,    DAvgCumL =  59.98530708D-01 m 
 RMS OPD error is   1.533647716D-03 m 
 P-V OPD error is   6.035238340D-03 m 
 Average OPD is     1.2008208955020503D-06 m 
  Input file /tmp/tp78cca764_ebd8_4975_a37c_4d7cd2b7e879.in being loaded.
 Default used for  SegXgrid
 Optical Train Summary:
  Tracing rays past   5 elements.
  Aperture grid type = Circular  with   21 grid points.
  Elt   1: Reflector   : Conic    with Kc=-1.0000D+00, Kr=-2.5000D+00, nECoords =   6
  Elt   2: Reflector   : Conic    with Kc=-1.2385D+00, Kr=-4.4837D-01, nECoords =   6
  Elt   3: Reflector   : Conic    with Kc=-2.9498D+00, Kr=-2.3186D+00, nECoords =   6
  Elt   4: Reflector   : Conic    with Kc=-9.8208D-01, Kr=-9.3497D-01, nECoords =   6
  Elt   5: Reference   : Flat     with Kc= 0.0000D+00, Kr=-1.0000D+22, nECoords =   6
  Number of output coordinates is   5
  
  Aperture stop set at (global):  0.000000000D+00  0.000000000D+00  0.000000000D+00
  
  Input file /tmp/tp78cca764_ebd8_4975_a37c_4d7cd2b7e879.in being loaded.
 Default used for  SegXgrid
 Optical Train Summary:
  Tracing rays past   5 elements.
  Aperture grid type = Circular  with   21 grid points.
  Elt   1: Reflector   : Conic    with Kc=-1.0000D+00, Kr=-2.5000D+00, nECoords =   6
  Elt   2: Reflector   : Conic    with Kc=-1.2385D+00, Kr=-4.4837D-01, nECoords =   6
  Elt   3: Reflector   : Conic    with Kc=-2.9498D+00, Kr=-2.3186D+00, nECoords =   6
  Elt   4: Reflector   : Conic    with Kc=-9.8208D-01, Kr=-9.3497D-01, nECoords =   6
  Elt   5: Reference   : Flat     with Kc= 0.0000D+00, Kr=-1.0000D+22, nECoords =   6
  Number of output coordinates is   5
  
  Aperture stop set at (global):  0.000000000D+00  0.000000000D+00  0.000000000D+00
  
 OPD: Rays being traced =          277
 Compute time was    0.0020 sec
 OPD: nPassRays =     276,    DAvgCumL =  59.81385706D-01 m 
 RMS OPD error is   2.659819387D-03 m 
 P-V OPD error is   9.638806591D-03 m 
 Average OPD is     1.2202981177531942D-05 m 
  Input file /tmp/tpc1b2a66c_a09f_4fab_a126_ead958c1c53f.in being loaded.
 Default used for  SegXgrid
 Optical Train Summary:
  Tracing rays past   5 elements.
  Aperture grid type = Circular  with   21 grid points.
  Elt   1: Reflector   : Conic    with Kc=-1.0000D+00, Kr=-2.5000D+00, nECoords =   6
  Elt   2: Reflector   : Conic    with Kc=-1.2385D+00, Kr=-4.4837D-01, nECoords =   6
  Elt   3: Reflector   : Conic    with Kc=-2.9498D+00, Kr=-2.3186D+00, nECoords =   6
  Elt   4: Reflector   : Conic    with Kc=-9.8208D-01, Kr=-9.3497D-01, nECoords =   6
  Elt   5: Reference   : Flat     with Kc= 0.0000D+00, Kr=-1.0000D+22, nECoords =   6
  Number of output coordinates is   5
  
  Aperture stop set at (global):  0.000000000D+00  0.000000000D+00  0.000000000D+00
  
 OPD: Rays being traced =          277
 Compute time was    0.0020 sec
 OPD: nPassRays =     276,    DAvgCumL =  59.98104855D-01 m 
 RMS OPD error is   3.241656515D-06 m 
 P-V OPD error is   1.541820058D-05 m 
 Average OPD is    -3.5871588938833008D-06 m 
  Input file /tmp/tp78cca764_ebd8_4975_a37c_4d7cd2b7e879.in being loaded.
 Default used for  SegXgrid
 Optical Train Summary:
  Tracing rays past   5 elements.
  Aperture grid type = Circular  with   21 grid points.
  Elt   1: Reflector   : Conic    with Kc=-1.0000D+00, Kr=-2.5000D+00, nECoords =   6
  Elt   2: Reflector   : Conic    with Kc=-1.2385D+00, Kr=-4.4837D-01, nECoords =   6
  Elt   3: Reflector   : Conic    with Kc=-2.9498D+00, Kr=-2.3186D+00, nECoords =   6
  Elt   4: Reflector   : Conic    with Kc=-9.8208D-01, Kr=-9.3497D-01, nECoords =   6
  Elt   5: Reference   : Flat     with Kc= 0.0000D+00, Kr=-1.0000D+22, nECoords =   6
  Number of output coordinates is   5
  
  Aperture stop set at (global):  0.000000000D+00  0.000000000D+00  0.000000000D+00
  
  Input file /tmp/tp2d96b431_45c2_4d86_ad37_6b3e77e286c1.in being loaded.
 Default used for  SegXgrid
 Optical Train Summary:
  Tracing rays past   5 elements.
  Aperture grid type = Circular  with   21 grid points.
  Elt   1: Reflector   : Conic    with Kc=-1.0000D+00, Kr=-2.5000D+00, nECoords =   6
  Elt   2: Reflector   : Conic    with Kc=-1.2385D+00, Kr=-4.4837D-01, nECoords =   6
  Elt   3: Reflector   : Conic    with Kc=-2.9498D+00, Kr=-2.3186D+00, nECoords =   6
  Elt   4: Reflector   : Conic    with Kc=-9.8208D-01, Kr=-9.3497D-01, nECoords =   6
  Elt   5: Reference   : Flat     with Kc= 0.0000D+00, Kr=-1.0000D+22, nECoords =   6
  Number of output coordinates is   5
  
  Aperture stop set at (global):  0.000000000D+00  0.000000000D+00  0.000000000D+00
  
 OPD: Rays being traced =          277
 Compute time was    0.0000 sec
 OPD: nPassRays =     276,    DAvgCumL =  59.98418432D-01 m 
 RMS OPD error is   1.539266538D-03 m 
 P-V OPD error is   6.046687991D-03 m 
 Average OPD is    -1.3324128924597793D-06 m 
  Input file /tmp/tp2d96b431_45c2_4d86_ad37_6b3e77e286c1.in being loaded.
 Default used for  SegXgrid
 Optical Train Summary:
  Tracing rays past   5 elements.
  Aperture grid type = Circular  with   21 grid points.
  Elt   1: Reflector   : Conic    with Kc=-1.0000D+00, Kr=-2.5000D+00, nECoords =   6
  Elt   2: Reflector   : Conic    with Kc=-1.2385D+00, Kr=-4.4837D-01, nECoords =   6
  Elt   3: Reflector   : Conic    with Kc=-2.9498D+00, Kr=-2.3186D+00, nECoords =   6
  Elt   4: Reflector   : Conic    with Kc=-9.8208D-01, Kr=-9.3497D-01, nECoords =   6
  Elt   5: Reference   : Flat     with Kc= 0.0000D+00, Kr=-1.0000D+22, nECoords =   6
  Number of output coordinates is   5
  
  Aperture stop set at (global):  0.000000000D+00  0.000000000D+00  0.000000000D+00
  
 OPD: Rays being traced =          277
 Compute time was    0.0020 sec
 OPD: nPassRays =     276,    DAvgCumL =  59.98242488D-01 m 
 RMS OPD error is   1.083604515D-03 m 
 P-V OPD error is   3.953855723D-03 m 
 Average OPD is    -2.0121296214163662D-06 m 
  Input file /tmp/tp2d96b431_45c2_4d86_ad37_6b3e77e286c1.in being loaded.
 Default used for  SegXgrid
 Optical Train Summary:
  Tracing rays past   5 elements.
  Aperture grid type = Circular  with   21 grid points.
  Elt   1: Reflector   : Conic    with Kc=-1.0000D+00, Kr=-2.5000D+00, nECoords =   6
  Elt   2: Reflector   : Conic    with Kc=-1.2385D+00, Kr=-4.4837D-01, nECoords =   6
  Elt   3: Reflector   : Conic    with Kc=-2.9498D+00, Kr=-2.3186D+00, nECoords =   6
  Elt   4: Reflector   : Conic    with Kc=-9.8208D-01, Kr=-9.3497D-01, nECoords =   6
  Elt   5: Reference   : Flat     with Kc= 0.0000D+00, Kr=-1.0000D+22, nECoords =   6
  Number of output coordinates is   5
  
  Aperture stop set at (global):  0.000000000D+00  0.000000000D+00  0.000000000D+00
  
 OPD: Rays being traced =          277
 Compute time was    0.0020 sec
 OPD: nPassRays =     276,    DAvgCumL =  59.98530704D-01 m 
 RMS OPD error is   1.533643946D-03 m 
 P-V OPD error is   6.035218396D-03 m 
 Average OPD is     1.1969235153604076D-06 m 
  Input file /tmp/tp2d96b431_45c2_4d86_ad37_6b3e77e286c1.in being loaded.
 Default used for  SegXgrid
 Optical Train Summary:
  Tracing rays past   5 elements.
  Aperture grid type = Circular  with   21 grid points.
  Elt   1: Reflector   : Conic    with Kc=-1.0000D+00, Kr=-2.5000D+00, nECoords =   6
  Elt   2: Reflector   : Conic    with Kc=-1.2385D+00, Kr=-4.4837D-01, nECoords =   6
  Elt   3: Reflector   : Conic    with Kc=-2.9498D+00, Kr=-2.3186D+00, nECoords =   6
  Elt   4: Reflector   : Conic    with Kc=-9.8208D-01, Kr=-9.3497D-01, nECoords =   6
  Elt   5: Reference   : Flat     with Kc= 0.0000D+00, Kr=-1.0000D+22, nECoords =   6
  Number of output coordinates is   5
  
  Aperture stop set at (global):  0.000000000D+00  0.000000000D+00  0.000000000D+00
  
 OPD: Rays being traced =          277
 Compute time was    0.0000 sec
 OPD: nPassRays =     276,    DAvgCumL =  59.98296489D-01 m 
 RMS OPD error is   1.082572550D-03 m 
 P-V OPD error is   3.922492298D-03 m 
 Average OPD is    -2.9460590406818112D-06 m 
  Input file /tmp/tp2d96b431_45c2_4d86_ad37_6b3e77e286c1.in being loaded.
 Default used for  SegXgrid
 Optical Train Summary:
  Tracing rays past   5 elements.
  Aperture grid type = Circular  with   21 grid points.
  Elt   1: Reflector   : Conic    with Kc=-1.0000D+00, Kr=-2.5000D+00, nECoords =   6
  Elt   2: Reflector   : Conic    with Kc=-1.2385D+00, Kr=-4.4837D-01, nECoords =   6
  Elt   3: Reflector   : Conic    with Kc=-2.9498D+00, Kr=-2.3186D+00, nECoords =   6
  Elt   4: Reflector   : Conic    with Kc=-9.8208D-01, Kr=-9.3497D-01, nECoords =   6
  Elt   5: Reference   : Flat     with Kc= 0.0000D+00, Kr=-1.0000D+22, nECoords =   6
  Number of output coordinates is   5
  
  Aperture stop set at (global):  0.000000000D+00  0.000000000D+00  0.000000000D+00
  
 OPD: Rays being traced =          277
 Compute time was    0.0020 sec
 OPD: nPassRays =     276,    DAvgCumL =  59.98104846D-01 m 
 RMS OPD error is   3.281676010D-06 m 
 P-V OPD error is   1.566205384D-05 m 
 Average OPD is    -3.5968418968624438D-06 m 
  Input file /tmp/tp2d96b431_45c2_4d86_ad37_6b3e77e286c1.in being loaded.
 Default used for  SegXgrid
 Optical Train Summary:
  Tracing rays past   5 elements.
  Aperture grid type = Circular  with   21 grid points.
  Elt   1: Reflector   : Conic    with Kc=-1.0000D+00, Kr=-2.5000D+00, nECoords =   6
  Elt   2: Reflector   : Conic    with Kc=-1.2385D+00, Kr=-4.4837D-01, nECoords =   6
  Elt   3: Reflector   : Conic    with Kc=-2.9498D+00, Kr=-2.3186D+00, nECoords =   6
  Elt   4: Reflector   : Conic    with Kc=-9.8208D-01, Kr=-9.3497D-01, nECoords =   6
  Elt   5: Reference   : Flat     with Kc= 0.0000D+00, Kr=-1.0000D+22, nECoords =   6
  Number of output coordinates is   5
  
  Aperture stop set at (global):  0.000000000D+00  0.000000000D+00  0.000000000D+00
  
 OPD: Rays being traced =          277
 Compute time was    0.0000 sec
 OPD: nPassRays =     276,    DAvgCumL =  59.98354272D-01 m 
 RMS OPD error is   1.078903557D-03 m 
 P-V OPD error is   3.915860501D-03 m 
 Average OPD is    -4.3441943262635413D-07 m 
  Input file /tmp/tp2d96b431_45c2_4d86_ad37_6b3e77e286c1.in being loaded.
 Default used for  SegXgrid
 Optical Train Summary:
  Tracing rays past   5 elements.
  Aperture grid type = Circular  with   21 grid points.
  Elt   1: Reflector   : Conic    with Kc=-1.0000D+00, Kr=-2.5000D+00, nECoords =   6
  Elt   2: Reflector   : Conic    with Kc=-1.2385D+00, Kr=-4.4837D-01, nECoords =   6
  Elt   3: Reflector   : Conic    with Kc=-2.9498D+00, Kr=-2.3186D+00, nECoords =   6
  Elt   4: Reflector   : Conic    with Kc=-9.8208D-01, Kr=-9.3497D-01, nECoords =   6
  Elt   5: Reference   : Flat     with Kc= 0.0000D+00, Kr=-1.0000D+22, nECoords =   6
  Number of output coordinates is   5
  
  Aperture stop set at (global):  0.000000000D+00  0.000000000D+00  0.000000000D+00
  
 OPD: Rays being traced =          277
 Compute time was    0.0000 sec
 OPD: nPassRays =     276,    DAvgCumL =  59.98418432D-01 m 
 RMS OPD error is   1.539266538D-03 m 
 P-V OPD error is   6.046687991D-03 m 
 Average OPD is    -1.3324128924179448D-06 m 
  Input file /tmp/tp2d96b431_45c2_4d86_ad37_6b3e77e286c1.in being loaded.
 Default used for  SegXgrid
 Optical Train Summary:
  Tracing rays past   5 elements.
  Aperture grid type = Circular  with   21 grid points.
  Elt   1: Reflector   : Conic    with Kc=-1.0000D+00, Kr=-2.5000D+00, nECoords =   6
  Elt   2: Reflector   : Conic    with Kc=-1.2385D+00, Kr=-4.4837D-01, nECoords =   6
  Elt   3: Reflector   : Conic    with Kc=-2.9498D+00, Kr=-2.3186D+00, nECoords =   6
  Elt   4: Reflector   : Conic    with Kc=-9.8208D-01, Kr=-9.3497D-01, nECoords =   6
  Elt   5: Reference   : Flat     with Kc= 0.0000D+00, Kr=-1.0000D+22, nECoords =   6
  Number of output coordinates is   5
  
  Aperture stop set at (global):  0.000000000D+00  0.000000000D+00  0.000000000D+00
  
 OPD: Rays being traced =          277
 Compute time was    0.0000 sec
 OPD: nPassRays =     276,    DAvgCumL =  59.98242488D-01 m 
 RMS OPD error is   1.083604515D-03 m 
 P-V OPD error is   3.953855723D-03 m 
 Average OPD is    -2.0121296215483056D-06 m 
  Input file /tmp/tp2d96b431_45c2_4d86_ad37_6b3e77e286c1.in being loaded.
 Default used for  SegXgrid
 Optical Train Summary:
  Tracing rays past   5 elements.
  Aperture grid type = Circular  with   21 grid points.
  Elt   1: Reflector   : Conic    with Kc=-1.0000D+00, Kr=-2.5000D+00, nECoords =   6
  Elt   2: Reflector   : Conic    with Kc=-1.2385D+00, Kr=-4.4837D-01, nECoords =   6
  Elt   3: Reflector   : Conic    with Kc=-2.9498D+00, Kr=-2.3186D+00, nECoords =   6
  Elt   4: Reflector   : Conic    with Kc=-9.8208D-01, Kr=-9.3497D-01, nECoords =   6
  Elt   5: Reference   : Flat     with Kc= 0.0000D+00, Kr=-1.0000D+22, nECoords =   6
  Number of output coordinates is   5
  
  Aperture stop set at (global):  0.000000000D+00  0.000000000D+00  0.000000000D+00
  
 OPD: Rays being traced =          277
 Compute time was    0.0000 sec
 OPD: nPassRays =     276,    DAvgCumL =  59.98530704D-01 m 
 RMS OPD error is   1.533643946D-03 m 
 P-V OPD error is   6.035218396D-03 m 
 Average OPD is     1.1969235153764979D-06 m 
  Input file /tmp/tp78cca764_ebd8_4975_a37c_4d7cd2b7e879.in being loaded.
 Default used for  SegXgrid
 Optical Train Summary:
  Tracing rays past   5 elements.
  Aperture grid type = Circular  with   21 grid points.
  Elt   1: Reflector   : Conic    with Kc=-1.0000D+00, Kr=-2.5000D+00, nECoords =   6
  Elt   2: Reflector   : Conic    with Kc=-1.2385D+00, Kr=-4.4837D-01, nECoords =   6
  Elt   3: Reflector   : Conic    with Kc=-2.9498D+00, Kr=-2.3186D+00, nECoords =   6
  Elt   4: Reflector   : Conic    with Kc=-9.8208D-01, Kr=-9.3497D-01, nECoords =   6
  Elt   5: Reference   : Flat     with Kc= 0.0000D+00, Kr=-1.0000D+22, nECoords =   6
  Number of output coordinates is   5
  
  Aperture stop set at (global):  0.000000000D+00  0.000000000D+00  0.000000000D+00
  
  Input file /tmp/tp75a0a84a_6861_4252_82ee_d8544af50b97.in being loaded.
 Default used for  SegXgrid
 Optical Train Summary:
  Tracing rays past   5 elements.
  Aperture grid type = Circular  with   21 grid points.
  Elt   1: Reflector   : Conic    with Kc=-1.0000D+00, Kr=-2.5000D+00, nECoords =   6
  Elt   2: Reflector   : Conic    with Kc=-1.2385D+00, Kr=-4.4837D-01, nECoords =   6
  Elt   3: Reflector   : Conic    with Kc=-2.9498D+00, Kr=-2.3186D+00, nECoords =   6
  Elt   4: Reflector   : Conic    with Kc=-9.8208D-01, Kr=-9.3497D-01, nECoords =   6
  Elt   5: Reference   : Flat     with Kc= 0.0000D+00, Kr=-1.0000D+22, nECoords =   6
  Number of output coordinates is   5
  
  Aperture stop set at (global):  0.000000000D+00  0.000000000D+00  0.000000000D+00
  
 OPD: Rays being traced =          277
 Compute time was    0.0000 sec
 OPD: nPassRays =     276,    DAvgCumL =  59.98418432D-01 m 
 RMS OPD error is   1.539266538D-03 m 
 P-V OPD error is   6.046687991D-03 m 
 Average OPD is    -1.3324128924597793D-06 m 
  Input file /tmp/tp75a0a84a_6861_4252_82ee_d8544af50b97.in being loaded.
 Default used for  SegXgrid
 Optical Train Summary:
  Tracing rays past   5 elements.
  Aperture grid type = Circular  with   21 grid points.
  Elt   1: Reflector   : Conic    with Kc=-1.0000D+00, Kr=-2.5000D+00, nECoords =   6
  Elt   2: Reflector   : Conic    with Kc=-1.2385D+00, Kr=-4.4837D-01, nECoords =   6
  Elt   3: Reflector   : Conic    with Kc=-2.9498D+00, Kr=-2.3186D+00, nECoords =   6
  Elt   4: Reflector   : Conic    with Kc=-9.8208D-01, Kr=-9.3497D-01, nECoords =   6
  Elt   5: Reference   : Flat     with Kc= 0.0000D+00, Kr=-1.0000D+22, nECoords =   6
  Number of output coordinates is   5
  
  Aperture stop set at (global):  0.000000000D+00  0.000000000D+00  0.000000000D+00
  
 OPD: Rays being traced =          277
 Compute time was    0.0020 sec
 OPD: nPassRays =     276,    DAvgCumL =  59.98242488D-01 m 
 RMS OPD error is   1.083604515D-03 m 
 P-V OPD error is   3.953855723D-03 m 
 Average OPD is    -2.0121296214163662D-06 m 
  Input file /tmp/tp75a0a84a_6861_4252_82ee_d8544af50b97.in being loaded.
 Default used for  SegXgrid
 Optical Train Summary:
  Tracing rays past   5 elements.
  Aperture grid type = Circular  with   21 grid points.
  Elt   1: Reflector   : Conic    with Kc=-1.0000D+00, Kr=-2.5000D+00, nECoords =   6
  Elt   2: Reflector   : Conic    with Kc=-1.2385D+00, Kr=-4.4837D-01, nECoords =   6
  Elt   3: Reflector   : Conic    with Kc=-2.9498D+00, Kr=-2.3186D+00, nECoords =   6
  Elt   4: Reflector   : Conic    with Kc=-9.8208D-01, Kr=-9.3497D-01, nECoords =   6
  Elt   5: Reference   : Flat     with Kc= 0.0000D+00, Kr=-1.0000D+22, nECoords =   6
  Number of output coordinates is   5
  
  Aperture stop set at (global):  0.000000000D+00  0.000000000D+00  0.000000000D+00
  
 OPD: Rays being traced =          277
 Compute time was    0.0000 sec
 OPD: nPassRays =     276,    DAvgCumL =  59.98530704D-01 m 
 RMS OPD error is   1.533643946D-03 m 
 P-V OPD error is   6.035218396D-03 m 
 Average OPD is     1.1969235153604076D-06 m 
  Input file /tmp/tp75a0a84a_6861_4252_82ee_d8544af50b97.in being loaded.
 Default used for  SegXgrid
 Optical Train Summary:
  Tracing rays past   5 elements.
  Aperture grid type = Circular  with   21 grid points.
  Elt   1: Reflector   : Conic    with Kc=-1.0000D+00, Kr=-2.5000D+00, nECoords =   6
  Elt   2: Reflector   : Conic    with Kc=-1.2385D+00, Kr=-4.4837D-01, nECoords =   6
  Elt   3: Reflector   : Conic    with Kc=-2.9498D+00, Kr=-2.3186D+00, nECoords =   6
  Elt   4: Reflector   : Conic    with Kc=-9.8208D-01, Kr=-9.3497D-01, nECoords =   6
  Elt   5: Reference   : Flat     with Kc= 0.0000D+00, Kr=-1.0000D+22, nECoords =   6
  Number of output coordinates is   5
  
  Aperture stop set at (global):  0.000000000D+00  0.000000000D+00  0.000000000D+00
  
 OPD: Rays being traced =          277
 Compute time was    0.0020 sec
 OPD: nPassRays =     276,    DAvgCumL =  59.98296489D-01 m 
 RMS OPD error is   1.082572550D-03 m 
 P-V OPD error is   3.922492298D-03 m 
 Average OPD is    -2.9460590406818112D-06 m 
  Input file /tmp/tp75a0a84a_6861_4252_82ee_d8544af50b97.in being loaded.
 Default used for  SegXgrid
 Optical Train Summary:
  Tracing rays past   5 elements.
  Aperture grid type = Circular  with   21 grid points.
  Elt   1: Reflector   : Conic    with Kc=-1.0000D+00, Kr=-2.5000D+00, nECoords =   6
  Elt   2: Reflector   : Conic    with Kc=-1.2385D+00, Kr=-4.4837D-01, nECoords =   6
  Elt   3: Reflector   : Conic    with Kc=-2.9498D+00, Kr=-2.3186D+00, nECoords =   6
  Elt   4: Reflector   : Conic    with Kc=-9.8208D-01, Kr=-9.3497D-01, nECoords =   6
  Elt   5: Reference   : Flat     with Kc= 0.0000D+00, Kr=-1.0000D+22, nECoords =   6
  Number of output coordinates is   5
  
  Aperture stop set at (global):  0.000000000D+00  0.000000000D+00  0.000000000D+00
  
 OPD: Rays being traced =          277
 Compute time was    0.0020 sec
 OPD: nPassRays =     276,    DAvgCumL =  59.98104846D-01 m 
 RMS OPD error is   3.281676010D-06 m 
 P-V OPD error is   1.566205384D-05 m 
 Average OPD is    -3.5968418968624438D-06 m 
  Input file /tmp/tp75a0a84a_6861_4252_82ee_d8544af50b97.in being loaded.
 Default used for  SegXgrid
 Optical Train Summary:
  Tracing rays past   5 elements.
  Aperture grid type = Circular  with   21 grid points.
  Elt   1: Reflector   : Conic    with Kc=-1.0000D+00, Kr=-2.5000D+00, nECoords =   6
  Elt   2: Reflector   : Conic    with Kc=-1.2385D+00, Kr=-4.4837D-01, nECoords =   6
  Elt   3: Reflector   : Conic    with Kc=-2.9498D+00, Kr=-2.3186D+00, nECoords =   6
  Elt   4: Reflector   : Conic    with Kc=-9.8208D-01, Kr=-9.3497D-01, nECoords =   6
  Elt   5: Reference   : Flat     with Kc= 0.0000D+00, Kr=-1.0000D+22, nECoords =   6
  Number of output coordinates is   5
  
  Aperture stop set at (global):  0.000000000D+00  0.000000000D+00  0.000000000D+00
  
 OPD: Rays being traced =          277
 Compute time was    0.0000 sec
 OPD: nPassRays =     276,    DAvgCumL =  59.98354272D-01 m 
 RMS OPD error is   1.078903557D-03 m 
 P-V OPD error is   3.915860501D-03 m 
 Average OPD is    -4.3441943262635413D-07 m 
  Input file /tmp/tp75a0a84a_6861_4252_82ee_d8544af50b97.in being loaded.
 Default used for  SegXgrid
 Optical Train Summary:
  Tracing rays past   5 elements.
  Aperture grid type = Circular  with   21 grid points.
  Elt   1: Reflector   : Conic    with Kc=-1.0000D+00, Kr=-2.5000D+00, nECoords =   6
  Elt   2: Reflector   : Conic    with Kc=-1.2385D+00, Kr=-4.4837D-01, nECoords =   6
  Elt   3: Reflector   : Conic    with Kc=-2.9498D+00, Kr=-2.3186D+00, nECoords =   6
  Elt   4: Reflector   : Conic    with Kc=-9.8208D-01, Kr=-9.3497D-01, nECoords =   6
  Elt   5: Reference   : Flat     with Kc= 0.0000D+00, Kr=-1.0000D+22, nECoords =   6
  Number of output coordinates is   5
  
  Aperture stop set at (global):  0.000000000D+00  0.000000000D+00  0.000000000D+00
  
 OPD: Rays being traced =          277
 Compute time was    0.0020 sec
 OPD: nPassRays =     276,    DAvgCumL =  59.98418432D-01 m 
 RMS OPD error is   1.539266538D-03 m 
 P-V OPD error is   6.046687991D-03 m 
 Average OPD is    -1.3324128924179448D-06 m 
  Input file /tmp/tp75a0a84a_6861_4252_82ee_d8544af50b97.in being loaded.
 Default used for  SegXgrid
 Optical Train Summary:
  Tracing rays past   5 elements.
  Aperture grid type = Circular  with   21 grid points.
  Elt   1: Reflector   : Conic    with Kc=-1.0000D+00, Kr=-2.5000D+00, nECoords =   6
  Elt   2: Reflector   : Conic    with Kc=-1.2385D+00, Kr=-4.4837D-01, nECoords =   6
  Elt   3: Reflector   : Conic    with Kc=-2.9498D+00, Kr=-2.3186D+00, nECoords =   6
  Elt   4: Reflector   : Conic    with Kc=-9.8208D-01, Kr=-9.3497D-01, nECoords =   6
  Elt   5: Reference   : Flat     with Kc= 0.0000D+00, Kr=-1.0000D+22, nECoords =   6
  Number of output coordinates is   5
  
  Aperture stop set at (global):  0.000000000D+00  0.000000000D+00  0.000000000D+00
  
 OPD: Rays being traced =          277
 Compute time was    0.0020 sec
 OPD: nPassRays =     276,    DAvgCumL =  59.98242488D-01 m 
 RMS OPD error is   1.083604515D-03 m 
 P-V OPD error is   3.953855723D-03 m 
 Average OPD is    -2.0121296215483056D-06 m 
  Input file /tmp/tp75a0a84a_6861_4252_82ee_d8544af50b97.in being loaded.
 Default used for  SegXgrid
 Optical Train Summary:
  Tracing rays past   5 elements.
  Aperture grid type = Circular  with   21 grid points.
  Elt   1: Reflector   : Conic    with Kc=-1.0000D+00, Kr=-2.5000D+00, nECoords =   6
  Elt   2: Reflector   : Conic    with Kc=-1.2385D+00, Kr=-4.4837D-01, nECoords =   6
  Elt   3: Reflector   : Conic    with Kc=-2.9498D+00, Kr=-2.3186D+00, nECoords =   6
  Elt   4: Reflector   : Conic    with Kc=-9.8208D-01, Kr=-9.3497D-01, nECoords =   6
  Elt   5: Reference   : Flat     with Kc= 0.0000D+00, Kr=-1.0000D+22, nECoords =   6
  Number of output coordinates is   5
  
  Aperture stop set at (global):  0.000000000D+00  0.000000000D+00  0.000000000D+00
  
 OPD: Rays being traced =          277
 Compute time was    0.0000 sec
 OPD: nPassRays =     276,    DAvgCumL =  59.98530704D-01 m 
 RMS OPD error is   1.533643946D-03 m 
 P-V OPD error is   6.035218396D-03 m 
 Average OPD is     1.1969235153764979D-06 m 
  Input file /tmp/tp57bd85ff_b458_4885_953d_3de6c5d44aec.in being loaded.
 Default used for  SegXgrid
 Optical Train Summary:
  Tracing rays past   5 elements.
  Aperture grid type = Circular  with   21 grid points.
  Elt   1: Reflector   : Conic    with Kc=-1.0000D+00, Kr=-2.5000D+00, nECoords =   6
  Elt   2: Reflector   : Conic    with Kc=-1.2385D+00, Kr=-4.4837D-01, nECoords =   6
  Elt   3: Reflector   : Conic    with Kc=-2.9498D+00, Kr=-2.3186D+00, nECoords =   6
  Elt   4: Reflector   : Conic    with Kc=-9.8208D-01, Kr=-9.3497D-01, nECoords =   6
  Elt   5: Reference   : Flat     with Kc= 0.0000D+00, Kr=-1.0000D+22, nECoords =   6
  Number of output coordinates is   5
  
  Aperture stop set at (global):  0.000000000D+00  0.000000000D+00  0.000000000D+00
  
 OPD: Rays being traced =          277
 Compute time was    0.0000 sec
 OPD: nPassRays =     276,    DAvgCumL =  12.67619349D-01 m 
 RMS OPD error is   1.419742281D-02 m 
 P-V OPD error is   5.167010635D-02 m 
 Average OPD is    -2.4333968567546094D-02 m 
 OPD: Rays being traced =          277
 Compute time was    0.0000 sec
 OPD: nPassRays =     276,    DAvgCumL =  59.98418432D-01 m 
 RMS OPD error is   1.539266538D-03 m 
 P-V OPD error is   6.046687991D-03 m 
 Average OPD is    -1.3324128924597793D-06 m 
  Input file /tmp/tp57bd85ff_b458_4885_953d_3de6c5d44aec.in being loaded.
 Default used for  SegXgrid
 Optical Train Summary:
  Tracing rays past   5 elements.
  Aperture grid type = Circular  with   21 grid points.
  Elt   1: Reflector   : Conic    with Kc=-1.0000D+00, Kr=-2.5000D+00, nECoords =   6
  Elt   2: Reflector   : Conic    with Kc=-1.2385D+00, Kr=-4.4837D-01, nECoords =   6
  Elt   3: Reflector   : Conic    with Kc=-2.9498D+00, Kr=-2.3186D+00, nECoords =   6
  Elt   4: Reflector   : Conic    with Kc=-9.8208D-01, Kr=-9.3497D-01, nECoords =   6
  Elt   5: Reference   : Flat     with Kc= 0.0000D+00, Kr=-1.0000D+22, nECoords =   6
  Number of output coordinates is   5
  
  Aperture stop set at (global):  0.000000000D+00  0.000000000D+00  0.000000000D+00
  
 OPD: Rays being traced =          277
 Compute time was    0.0000 sec
 OPD: nPassRays =     276,    DAvgCumL =  12.67617554D-01 m 
 RMS OPD error is   1.435720682D-02 m 
 P-V OPD error is   5.354549631D-02 m 
 Average OPD is    -2.4335763510063151D-02 m 
 OPD: Rays being traced =          277
 Compute time was    0.0020 sec
 OPD: nPassRays =     276,    DAvgCumL =  59.98242488D-01 m 
 RMS OPD error is   1.083604515D-03 m 
 P-V OPD error is   3.953855723D-03 m 
 Average OPD is    -2.0121296214163662D-06 m 
  Input file /tmp/tp57bd85ff_b458_4885_953d_3de6c5d44aec.in being loaded.
 Default used for  SegXgrid
 Optical Train Summary:
  Tracing rays past   5 elements.
  Aperture grid type = Circular  with   21 grid points.
  Elt   1: Reflector   : Conic    with Kc=-1.0000D+00, Kr=-2.5000D+00, nECoords =   6
  Elt   2: Reflector   : Conic    with Kc=-1.2385D+00, Kr=-4.4837D-01, nECoords =   6
  Elt   3: Reflector   : Conic    with Kc=-2.9498D+00, Kr=-2.3186D+00, nECoords =   6
  Elt   4: Reflector   : Conic    with Kc=-9.8208D-01, Kr=-9.3497D-01, nECoords =   6
  Elt   5: Reference   : Flat     with Kc= 0.0000D+00, Kr=-1.0000D+22, nECoords =   6
  Number of output coordinates is   5
  
  Aperture stop set at (global):  0.000000000D+00  0.000000000D+00  0.000000000D+00
  
 OPD: Rays being traced =          277
 Compute time was    0.0000 sec
 OPD: nPassRays =     276,    DAvgCumL =  12.67614814D-01 m 
 RMS OPD error is   1.459774741D-02 m 
 P-V OPD error is   5.542322854D-02 m 
 Average OPD is    -2.4338503573907749D-02 m 
 OPD: Rays being traced =          277
 Compute time was    0.0020 sec
 OPD: nPassRays =     276,    DAvgCumL =  59.98530704D-01 m 
 RMS OPD error is   1.533643946D-03 m 
 P-V OPD error is   6.035218396D-03 m 
 Average OPD is     1.1969235153604076D-06 m 
  Input file /tmp/tp57bd85ff_b458_4885_953d_3de6c5d44aec.in being loaded.
 Default used for  SegXgrid
 Optical Train Summary:
  Tracing rays past   5 elements.
  Aperture grid type = Circular  with   21 grid points.
  Elt   1: Reflector   : Conic    with Kc=-1.0000D+00, Kr=-2.5000D+00, nECoords =   6
  Elt   2: Reflector   : Conic    with Kc=-1.2385D+00, Kr=-4.4837D-01, nECoords =   6
  Elt   3: Reflector   : Conic    with Kc=-2.9498D+00, Kr=-2.3186D+00, nECoords =   6
  Elt   4: Reflector   : Conic    with Kc=-9.8208D-01, Kr=-9.3497D-01, nECoords =   6
  Elt   5: Reference   : Flat     with Kc= 0.0000D+00, Kr=-1.0000D+22, nECoords =   6
  Number of output coordinates is   5
  
  Aperture stop set at (global):  0.000000000D+00  0.000000000D+00  0.000000000D+00
  
 OPD: Rays being traced =          277
 Compute time was    0.0000 sec
 OPD: nPassRays =     276,    DAvgCumL =  12.67619821D-01 m 
 RMS OPD error is   1.415507687D-02 m 
 P-V OPD error is   5.026587765D-02 m 
 Average OPD is    -2.4333496244226208D-02 m 
 OPD: Rays being traced =          277
 Compute time was    0.0000 sec
 OPD: nPassRays =     276,    DAvgCumL =  59.98296489D-01 m 
 RMS OPD error is   1.082572550D-03 m 
 P-V OPD error is   3.922492298D-03 m 
 Average OPD is    -2.9460590406818112D-06 m 
  Input file /tmp/tp57bd85ff_b458_4885_953d_3de6c5d44aec.in being loaded.
 Default used for  SegXgrid
 Optical Train Summary:
  Tracing rays past   5 elements.
  Aperture grid type = Circular  with   21 grid points.
  Elt   1: Reflector   : Conic    with Kc=-1.0000D+00, Kr=-2.5000D+00, nECoords =   6
  Elt   2: Reflector   : Conic    with Kc=-1.2385D+00, Kr=-4.4837D-01, nECoords =   6
  Elt   3: Reflector   : Conic    with Kc=-2.9498D+00, Kr=-2.3186D+00, nECoords =   6
  Elt   4: Reflector   : Conic    with Kc=-9.8208D-01, Kr=-9.3497D-01, nECoords =   6
  Elt   5: Reference   : Flat     with Kc= 0.0000D+00, Kr=-1.0000D+22, nECoords =   6
  Number of output coordinates is   5
  
  Aperture stop set at (global):  0.000000000D+00  0.000000000D+00  0.000000000D+00
  
 OPD: Rays being traced =          277
 Compute time was    0.0020 sec
 OPD: nPassRays =     276,    DAvgCumL =  12.67618026D-01 m 
 RMS OPD error is   1.431532715D-02 m 
 P-V OPD error is   5.214032665D-02 m 
 Average OPD is    -2.4335291107281942D-02 m 
 OPD: Rays being traced =          277
 Compute time was    0.0000 sec
 OPD: nPassRays =     276,    DAvgCumL =  59.98104846D-01 m 
 RMS OPD error is   3.281676010D-06 m 
 P-V OPD error is   1.566205384D-05 m 
 Average OPD is    -3.5968418968624438D-06 m 
  Input file /tmp/tp57bd85ff_b458_4885_953d_3de6c5d44aec.in being loaded.
 Default used for  SegXgrid
 Optical Train Summary:
  Tracing rays past   5 elements.
  Aperture grid type = Circular  with   21 grid points.
  Elt   1: Reflector   : Conic    with Kc=-1.0000D+00, Kr=-2.5000D+00, nECoords =   6
  Elt   2: Reflector   : Conic    with Kc=-1.2385D+00, Kr=-4.4837D-01, nECoords =   6
  Elt   3: Reflector   : Conic    with Kc=-2.9498D+00, Kr=-2.3186D+00, nECoords =   6
  Elt   4: Reflector   : Conic    with Kc=-9.8208D-01, Kr=-9.3497D-01, nECoords =   6
  Elt   5: Reference   : Flat     with Kc= 0.0000D+00, Kr=-1.0000D+22, nECoords =   6
  Number of output coordinates is   5
  
  Aperture stop set at (global):  0.000000000D+00  0.000000000D+00  0.000000000D+00
  
 OPD: Rays being traced =          277
 Compute time was    0.0000 sec
 OPD: nPassRays =     276,    DAvgCumL =  12.67615286D-01 m 
 RMS OPD error is   1.455655019D-02 m 
 P-V OPD error is   5.401711476D-02 m 
 Average OPD is    -2.4338031049812109D-02 m 
 OPD: Rays being traced =          277
 Compute time was    0.0020 sec
 OPD: nPassRays =     276,    DAvgCumL =  59.98354272D-01 m 
 RMS OPD error is   1.078903557D-03 m 
 P-V OPD error is   3.915860501D-03 m 
 Average OPD is    -4.3441943262635413D-07 m 
  Input file /tmp/tp57bd85ff_b458_4885_953d_3de6c5d44aec.in being loaded.
 Default used for  SegXgrid
 Optical Train Summary:
  Tracing rays past   5 elements.
  Aperture grid type = Circular  with   21 grid points.
  Elt   1: Reflector   : Conic    with Kc=-1.0000D+00, Kr=-2.5000D+00, nECoords =   6
  Elt   2: Reflector   : Conic    with Kc=-1.2385D+00, Kr=-4.4837D-01, nECoords =   6
  Elt   3: Reflector   : Conic    with Kc=-2.9498D+00, Kr=-2.3186D+00, nECoords =   6
  Elt   4: Reflector   : Conic    with Kc=-9.8208D-01, Kr=-9.3497D-01, nECoords =   6
  Elt   5: Reference   : Flat     with Kc= 0.0000D+00, Kr=-1.0000D+22, nECoords =   6
  Number of output coordinates is   5
  
  Aperture stop set at (global):  0.000000000D+00  0.000000000D+00  0.000000000D+00
  
 OPD: Rays being traced =          277
 Compute time was    0.0020 sec
 OPD: nPassRays =     276,    DAvgCumL =  12.67619349D-01 m 
 RMS OPD error is   1.419742281D-02 m 
 P-V OPD error is   5.167010635D-02 m 
 Average OPD is    -2.4333968567546081D-02 m 
 OPD: Rays being traced =          277
 Compute time was    0.0000 sec
 OPD: nPassRays =     276,    DAvgCumL =  59.98418432D-01 m 
 RMS OPD error is   1.539266538D-03 m 
 P-V OPD error is   6.046687991D-03 m 
 Average OPD is    -1.3324128924179448D-06 m 
  Input file /tmp/tp57bd85ff_b458_4885_953d_3de6c5d44aec.in being loaded.
 Default used for  SegXgrid
 Optical Train Summary:
  Tracing rays past   5 elements.
  Aperture grid type = Circular  with   21 grid points.
  Elt   1: Reflector   : Conic    with Kc=-1.0000D+00, Kr=-2.5000D+00, nECoords =   6
  Elt   2: Reflector   : Conic    with Kc=-1.2385D+00, Kr=-4.4837D-01, nECoords =   6
  Elt   3: Reflector   : Conic    with Kc=-2.9498D+00, Kr=-2.3186D+00, nECoords =   6
  Elt   4: Reflector   : Conic    with Kc=-9.8208D-01, Kr=-9.3497D-01, nECoords =   6
  Elt   5: Reference   : Flat     with Kc= 0.0000D+00, Kr=-1.0000D+22, nECoords =   6
  Number of output coordinates is   5
  
  Aperture stop set at (global):  0.000000000D+00  0.000000000D+00  0.000000000D+00
  
 OPD: Rays being traced =          277
 Compute time was    0.0000 sec
 OPD: nPassRays =     276,    DAvgCumL =  12.67617554D-01 m 
 RMS OPD error is   1.435720682D-02 m 
 P-V OPD error is   5.354549631D-02 m 
 Average OPD is    -2.4335763510063151D-02 m 
 OPD: Rays being traced =          277
 Compute time was    0.0000 sec
 OPD: nPassRays =     276,    DAvgCumL =  59.98242488D-01 m 
 RMS OPD error is   1.083604515D-03 m 
 P-V OPD error is   3.953855723D-03 m 
 Average OPD is    -2.0121296215483056D-06 m 
  Input file /tmp/tp57bd85ff_b458_4885_953d_3de6c5d44aec.in being loaded.
 Default used for  SegXgrid
 Optical Train Summary:
  Tracing rays past   5 elements.
  Aperture grid type = Circular  with   21 grid points.
  Elt   1: Reflector   : Conic    with Kc=-1.0000D+00, Kr=-2.5000D+00, nECoords =   6
  Elt   2: Reflector   : Conic    with Kc=-1.2385D+00, Kr=-4.4837D-01, nECoords =   6
  Elt   3: Reflector   : Conic    with Kc=-2.9498D+00, Kr=-2.3186D+00, nECoords =   6
  Elt   4: Reflector   : Conic    with Kc=-9.8208D-01, Kr=-9.3497D-01, nECoords =   6
  Elt   5: Reference   : Flat     with Kc= 0.0000D+00, Kr=-1.0000D+22, nECoords =   6
  Number of output coordinates is   5
  
  Aperture stop set at (global):  0.000000000D+00  0.000000000D+00  0.000000000D+00
  
 OPD: Rays being traced =          277
 Compute time was    0.0000 sec
 OPD: nPassRays =     276,    DAvgCumL =  12.67614814D-01 m 
 RMS OPD error is   1.459774741D-02 m 
 P-V OPD error is   5.542322854D-02 m 
 Average OPD is    -2.4338503573907769D-02 m 
 OPD: Rays being traced =          277
 Compute time was    0.0000 sec
 OPD: nPassRays =     276,    DAvgCumL =  59.98530704D-01 m 
 RMS OPD error is   1.533643946D-03 m 
 P-V OPD error is   6.035218396D-03 m 
 Average OPD is     1.1969235153764979D-06 m 
  Input file /tmp/tp78cca764_ebd8_4975_a37c_4d7cd2b7e879.in being loaded.
 Default used for  SegXgrid
 Optical Train Summary:
  Tracing rays past   5 elements.
  Aperture grid type = Circular  with   21 grid points.
  Elt   1: Reflector   : Conic    with Kc=-1.0000D+00, Kr=-2.5000D+00, nECoords =   6
  Elt   2: Reflector   : Conic    with Kc=-1.2384D+00, Kr=-4.4837D-01, nECoords =   6
  Elt   3: Reflector   : Conic    with Kc=-2.9498D+00, Kr=-2.3186D+00, nECoords =   6
  Elt   4: Reflector   : Conic    with Kc=-9.8208D-01, Kr=-9.3497D-01, nECoords =   6
  Elt   5: Reference   : Flat     with Kc= 0.0000D+00, Kr=-1.0000D+22, nECoords =   6
  Number of output coordinates is   5
  
  Aperture stop set at (global):  0.000000000D+00  0.000000000D+00  0.000000000D+00
  
  Input file /tmp/tp78cca764_ebd8_4975_a37c_4d7cd2b7e879.in being loaded.
 Default used for  SegXgrid
 Optical Train Summary:
  Tracing rays past   5 elements.
  Aperture grid type = Circular  with   21 grid points.
  Elt   1: Reflector   : Conic    with Kc=-1.0000D+00, Kr=-2.5000D+00, nECoords =   6
  Elt   2: Reflector   : Conic    with Kc=-1.2384D+00, Kr=-4.4837D-01, nECoords =   6
  Elt   3: Reflector   : Conic    with Kc=-2.9498D+00, Kr=-2.3186D+00, nECoords =   6
  Elt   4: Reflector   : Conic    with Kc=-9.8208D-01, Kr=-9.3497D-01, nECoords =   6
  Elt   5: Reference   : Flat     with Kc= 0.0000D+00, Kr=-1.0000D+22, nECoords =   6
  Number of output coordinates is   5
  
  Aperture stop set at (global):  0.000000000D+00  0.000000000D+00  0.000000000D+00
  
 OPD: Rays being traced =          277
 Compute time was    0.0000 sec
 OPD: nPassRays =     276,    DAvgCumL =  59.81385711D-01 m 
 RMS OPD error is   2.659821602D-03 m 
 P-V OPD error is   9.638821144D-03 m 
 Average OPD is     1.2208270955545306D-05 m 
  Input file /tmp/tp02f0792e_95cf_4c00_83ff_00bf64e76fcc.in being loaded.
 Default used for  SegXgrid
 Optical Train Summary:
  Tracing rays past   5 elements.
  Aperture grid type = Circular  with   21 grid points.
  Elt   1: Reflector   : Conic    with Kc=-1.0000D+00, Kr=-2.5000D+00, nECoords =   6
  Elt   2: Reflector   : Conic    with Kc=-1.2384D+00, Kr=-4.4837D-01, nECoords =   6
  Elt   3: Reflector   : Conic    with Kc=-2.9498D+00, Kr=-2.3186D+00, nECoords =   6
  Elt   4: Reflector   : Conic    with Kc=-9.8208D-01, Kr=-9.3497D-01, nECoords =   6
  Elt   5: Reference   : Flat     with Kc= 0.0000D+00, Kr=-1.0000D+22, nECoords =   6
  Number of output coordinates is   5
  
  Aperture stop set at (global):  0.000000000D+00  0.000000000D+00  0.000000000D+00
  
 OPD: Rays being traced =          277
 Compute time was    0.0000 sec
 OPD: nPassRays =     276,    DAvgCumL =  59.98104861D-01 m 
 RMS OPD error is   3.242206464D-06 m 
 P-V OPD error is   1.542804970D-05 m 
 Average OPD is    -3.5826277154910611D-06 m 
  Input file /tmp/tp78cca764_ebd8_4975_a37c_4d7cd2b7e879.in being loaded.
 Default used for  SegXgrid
 Optical Train Summary:
  Tracing rays past   5 elements.
  Aperture grid type = Circular  with   21 grid points.
  Elt   1: Reflector   : Conic    with Kc=-1.0000D+00, Kr=-2.5000D+00, nECoords =   6
  Elt   2: Reflector   : Conic    with Kc=-1.2384D+00, Kr=-4.4837D-01, nECoords =   6
  Elt   3: Reflector   : Conic    with Kc=-2.9498D+00, Kr=-2.3186D+00, nECoords =   6
  Elt   4: Reflector   : Conic    with Kc=-9.8208D-01, Kr=-9.3497D-01, nECoords =   6
  Elt   5: Reference   : Flat     with Kc= 0.0000D+00, Kr=-1.0000D+22, nECoords =   6
  Number of output coordinates is   5
  
  Aperture stop set at (global):  0.000000000D+00  0.000000000D+00  0.000000000D+00
  
  Input file /tmp/tp88e8249d_c902_4e9c_8076_2704201601df.in being loaded.
 Default used for  SegXgrid
 Optical Train Summary:
  Tracing rays past   5 elements.
  Aperture grid type = Circular  with   21 grid points.
  Elt   1: Reflector   : Conic    with Kc=-1.0000D+00, Kr=-2.5000D+00, nECoords =   6
  Elt   2: Reflector   : Conic    with Kc=-1.2384D+00, Kr=-4.4837D-01, nECoords =   6
  Elt   3: Reflector   : Conic    with Kc=-2.9498D+00, Kr=-2.3186D+00, nECoords =   6
  Elt   4: Reflector   : Conic    with Kc=-9.8208D-01, Kr=-9.3497D-01, nECoords =   6
  Elt   5: Reference   : Flat     with Kc= 0.0000D+00, Kr=-1.0000D+22, nECoords =   6
  Number of output coordinates is   5
  
  Aperture stop set at (global):  0.000000000D+00  0.000000000D+00  0.000000000D+00
  
 OPD: Rays being traced =          277
 Compute time was    0.0020 sec
 OPD: nPassRays =     276,    DAvgCumL =  59.98418437D-01 m 
 RMS OPD error is   1.539268303D-03 m 
 P-V OPD error is   6.046697148D-03 m 
 Average OPD is    -1.3281942616109414D-06 m 
  Input file /tmp/tp88e8249d_c902_4e9c_8076_2704201601df.in being loaded.
 Default used for  SegXgrid
 Optical Train Summary:
  Tracing rays past   5 elements.
  Aperture grid type = Circular  with   21 grid points.
  Elt   1: Reflector   : Conic    with Kc=-1.0000D+00, Kr=-2.5000D+00, nECoords =   6
  Elt   2: Reflector   : Conic    with Kc=-1.2384D+00, Kr=-4.4837D-01, nECoords =   6
  Elt   3: Reflector   : Conic    with Kc=-2.9498D+00, Kr=-2.3186D+00, nECoords =   6
  Elt   4: Reflector   : Conic    with Kc=-9.8208D-01, Kr=-9.3497D-01, nECoords =   6
  Elt   5: Reference   : Flat     with Kc= 0.0000D+00, Kr=-1.0000D+22, nECoords =   6
  Number of output coordinates is   5
  
  Aperture stop set at (global):  0.000000000D+00  0.000000000D+00  0.000000000D+00
  
 OPD: Rays being traced =          277
 Compute time was    0.0020 sec
 OPD: nPassRays =     276,    DAvgCumL =  59.98242493D-01 m 
 RMS OPD error is   1.083606764D-03 m 
 P-V OPD error is   3.953862226D-03 m 
 Average OPD is    -2.0070853347725866D-06 m 
  Input file /tmp/tp88e8249d_c902_4e9c_8076_2704201601df.in being loaded.
 Default used for  SegXgrid
 Optical Train Summary:
  Tracing rays past   5 elements.
  Aperture grid type = Circular  with   21 grid points.
  Elt   1: Reflector   : Conic    with Kc=-1.0000D+00, Kr=-2.5000D+00, nECoords =   6
  Elt   2: Reflector   : Conic    with Kc=-1.2384D+00, Kr=-4.4837D-01, nECoords =   6
  Elt   3: Reflector   : Conic    with Kc=-2.9498D+00, Kr=-2.3186D+00, nECoords =   6
  Elt   4: Reflector   : Conic    with Kc=-9.8208D-01, Kr=-9.3497D-01, nECoords =   6
  Elt   5: Reference   : Flat     with Kc= 0.0000D+00, Kr=-1.0000D+22, nECoords =   6
  Number of output coordinates is   5
  
  Aperture stop set at (global):  0.000000000D+00  0.000000000D+00  0.000000000D+00
  
 OPD: Rays being traced =          277
 Compute time was    0.0020 sec
 OPD: nPassRays =     276,    DAvgCumL =  59.98530713D-01 m 
 RMS OPD error is   1.533651487D-03 m 
 P-V OPD error is   6.035258285D-03 m 
 Average OPD is     1.2047183114186186D-06 m 
  Input file /tmp/tp88e8249d_c902_4e9c_8076_2704201601df.in being loaded.
 Default used for  SegXgrid
 Optical Train Summary:
  Tracing rays past   5 elements.
  Aperture grid type = Circular  with   21 grid points.
  Elt   1: Reflector   : Conic    with Kc=-1.0000D+00, Kr=-2.5000D+00, nECoords =   6
  Elt   2: Reflector   : Conic    with Kc=-1.2384D+00, Kr=-4.4837D-01, nECoords =   6
  Elt   3: Reflector   : Conic    with Kc=-2.9498D+00, Kr=-2.3186D+00, nECoords =   6
  Elt   4: Reflector   : Conic    with Kc=-9.8208D-01, Kr=-9.3497D-01, nECoords =   6
  Elt   5: Reference   : Flat     with Kc= 0.0000D+00, Kr=-1.0000D+22, nECoords =   6
  Number of output coordinates is   5
  
  Aperture stop set at (global):  0.000000000D+00  0.000000000D+00  0.000000000D+00
  
 OPD: Rays being traced =          277
 Compute time was    0.0020 sec
 OPD: nPassRays =     276,    DAvgCumL =  59.98296493D-01 m 
 RMS OPD error is   1.082573162D-03 m 
 P-V OPD error is   3.922497912D-03 m 
 Average OPD is    -2.9422474030482704D-06 m 
  Input file /tmp/tp88e8249d_c902_4e9c_8076_2704201601df.in being loaded.
 Default used for  SegXgrid
 Optical Train Summary:
  Tracing rays past   5 elements.
  Aperture grid type = Circular  with   21 grid points.
  Elt   1: Reflector   : Conic    with Kc=-1.0000D+00, Kr=-2.5000D+00, nECoords =   6
  Elt   2: Reflector   : Conic    with Kc=-1.2384D+00, Kr=-4.4837D-01, nECoords =   6
  Elt   3: Reflector   : Conic    with Kc=-2.9498D+00, Kr=-2.3186D+00, nECoords =   6
  Elt   4: Reflector   : Conic    with Kc=-9.8208D-01, Kr=-9.3497D-01, nECoords =   6
  Elt   5: Reference   : Flat     with Kc= 0.0000D+00, Kr=-1.0000D+22, nECoords =   6
  Number of output coordinates is   5
  
  Aperture stop set at (global):  0.000000000D+00  0.000000000D+00  0.000000000D+00
  
 OPD: Rays being traced =          277
 Compute time was    0.0020 sec
 OPD: nPassRays =     276,    DAvgCumL =  59.98104851D-01 m 
 RMS OPD error is   3.282176042D-06 m 
 P-V OPD error is   1.567189787D-05 m 
 Average OPD is    -3.5923117541152036D-06 m 
  Input file /tmp/tp88e8249d_c902_4e9c_8076_2704201601df.in being loaded.
 Default used for  SegXgrid
 Optical Train Summary:
  Tracing rays past   5 elements.
  Aperture grid type = Circular  with   21 grid points.
  Elt   1: Reflector   : Conic    with Kc=-1.0000D+00, Kr=-2.5000D+00, nECoords =   6
  Elt   2: Reflector   : Conic    with Kc=-1.2384D+00, Kr=-4.4837D-01, nECoords =   6
  Elt   3: Reflector   : Conic    with Kc=-2.9498D+00, Kr=-2.3186D+00, nECoords =   6
  Elt   4: Reflector   : Conic    with Kc=-9.8208D-01, Kr=-9.3497D-01, nECoords =   6
  Elt   5: Reference   : Flat     with Kc= 0.0000D+00, Kr=-1.0000D+22, nECoords =   6
  Number of output coordinates is   5
  
  Aperture stop set at (global):  0.000000000D+00  0.000000000D+00  0.000000000D+00
  
 OPD: Rays being traced =          277
 Compute time was    0.0020 sec
 OPD: nPassRays =     276,    DAvgCumL =  59.98354280D-01 m 
 RMS OPD error is   1.078910556D-03 m 
 P-V OPD error is   3.915896519D-03 m 
 Average OPD is    -4.2738679196973517D-07 m 
  Input file /tmp/tp88e8249d_c902_4e9c_8076_2704201601df.in being loaded.
 Default used for  SegXgrid
 Optical Train Summary:
  Tracing rays past   5 elements.
  Aperture grid type = Circular  with   21 grid points.
  Elt   1: Reflector   : Conic    with Kc=-1.0000D+00, Kr=-2.5000D+00, nECoords =   6
  Elt   2: Reflector   : Conic    with Kc=-1.2384D+00, Kr=-4.4837D-01, nECoords =   6
  Elt   3: Reflector   : Conic    with Kc=-2.9498D+00, Kr=-2.3186D+00, nECoords =   6
  Elt   4: Reflector   : Conic    with Kc=-9.8208D-01, Kr=-9.3497D-01, nECoords =   6
  Elt   5: Reference   : Flat     with Kc= 0.0000D+00, Kr=-1.0000D+22, nECoords =   6
  Number of output coordinates is   5
  
  Aperture stop set at (global):  0.000000000D+00  0.000000000D+00  0.000000000D+00
  
 OPD: Rays being traced =          277
 Compute time was    0.0020 sec
 OPD: nPassRays =     276,    DAvgCumL =  59.98418437D-01 m 
 RMS OPD error is   1.539268303D-03 m 
 P-V OPD error is   6.046697148D-03 m 
 Average OPD is    -1.3281942615401445D-06 m 
  Input file /tmp/tp88e8249d_c902_4e9c_8076_2704201601df.in being loaded.
 Default used for  SegXgrid
 Optical Train Summary:
  Tracing rays past   5 elements.
  Aperture grid type = Circular  with   21 grid points.
  Elt   1: Reflector   : Conic    with Kc=-1.0000D+00, Kr=-2.5000D+00, nECoords =   6
  Elt   2: Reflector   : Conic    with Kc=-1.2384D+00, Kr=-4.4837D-01, nECoords =   6
  Elt   3: Reflector   : Conic    with Kc=-2.9498D+00, Kr=-2.3186D+00, nECoords =   6
  Elt   4: Reflector   : Conic    with Kc=-9.8208D-01, Kr=-9.3497D-01, nECoords =   6
  Elt   5: Reference   : Flat     with Kc= 0.0000D+00, Kr=-1.0000D+22, nECoords =   6
  Number of output coordinates is   5
  
  Aperture stop set at (global):  0.000000000D+00  0.000000000D+00  0.000000000D+00
  
 OPD: Rays being traced =          277
 Compute time was    0.0000 sec
 OPD: nPassRays =     276,    DAvgCumL =  59.98242493D-01 m 
 RMS OPD error is   1.083606764D-03 m 
 P-V OPD error is   3.953862226D-03 m 
 Average OPD is    -2.0070853347178801D-06 m 
  Input file /tmp/tp88e8249d_c902_4e9c_8076_2704201601df.in being loaded.
 Default used for  SegXgrid
 Optical Train Summary:
  Tracing rays past   5 elements.
  Aperture grid type = Circular  with   21 grid points.
  Elt   1: Reflector   : Conic    with Kc=-1.0000D+00, Kr=-2.5000D+00, nECoords =   6
  Elt   2: Reflector   : Conic    with Kc=-1.2384D+00, Kr=-4.4837D-01, nECoords =   6
  Elt   3: Reflector   : Conic    with Kc=-2.9498D+00, Kr=-2.3186D+00, nECoords =   6
  Elt   4: Reflector   : Conic    with Kc=-9.8208D-01, Kr=-9.3497D-01, nECoords =   6
  Elt   5: Reference   : Flat     with Kc= 0.0000D+00, Kr=-1.0000D+22, nECoords =   6
  Number of output coordinates is   5
  
  Aperture stop set at (global):  0.000000000D+00  0.000000000D+00  0.000000000D+00
  
 OPD: Rays being traced =          277
 Compute time was    0.0000 sec
 OPD: nPassRays =     276,    DAvgCumL =  59.98530713D-01 m 
 RMS OPD error is   1.533651487D-03 m 
 P-V OPD error is   6.035258285D-03 m 
 Average OPD is     1.2047183112416266D-06 m 
  Input file /tmp/tp78cca764_ebd8_4975_a37c_4d7cd2b7e879.in being loaded.
 Default used for  SegXgrid
 Optical Train Summary:
  Tracing rays past   5 elements.
  Aperture grid type = Circular  with   21 grid points.
  Elt   1: Reflector   : Conic    with Kc=-1.0000D+00, Kr=-2.5000D+00, nECoords =   6
  Elt   2: Reflector   : Conic    with Kc=-1.2384D+00, Kr=-4.4837D-01, nECoords =   6
  Elt   3: Reflector   : Conic    with Kc=-2.9498D+00, Kr=-2.3186D+00, nECoords =   6
  Elt   4: Reflector   : Conic    with Kc=-9.8208D-01, Kr=-9.3497D-01, nECoords =   6
  Elt   5: Reference   : Flat     with Kc= 0.0000D+00, Kr=-1.0000D+22, nECoords =   6
  Number of output coordinates is   5
  
  Aperture stop set at (global):  0.000000000D+00  0.000000000D+00  0.000000000D+00
  
  Input file /tmp/tp31f1fc5e_dbde_4321_9ccf_a8fe07b4cd81.in being loaded.
 Default used for  SegXgrid
 Optical Train Summary:
  Tracing rays past   5 elements.
  Aperture grid type = Circular  with   21 grid points.
  Elt   1: Reflector   : Conic    with Kc=-1.0000D+00, Kr=-2.5000D+00, nECoords =   6
  Elt   2: Reflector   : Conic    with Kc=-1.2384D+00, Kr=-4.4837D-01, nECoords =   6
  Elt   3: Reflector   : Conic    with Kc=-2.9498D+00, Kr=-2.3186D+00, nECoords =   6
  Elt   4: Reflector   : Conic    with Kc=-9.8208D-01, Kr=-9.3497D-01, nECoords =   6
  Elt   5: Reference   : Flat     with Kc= 0.0000D+00, Kr=-1.0000D+22, nECoords =   6
  Number of output coordinates is   5
  
  Aperture stop set at (global):  0.000000000D+00  0.000000000D+00  0.000000000D+00
  
 OPD: Rays being traced =          277
 Compute time was    0.0020 sec
 OPD: nPassRays =     276,    DAvgCumL =  59.98418437D-01 m 
 RMS OPD error is   1.539268303D-03 m 
 P-V OPD error is   6.046697148D-03 m 
 Average OPD is    -1.3281942616109414D-06 m 
  Input file /tmp/tp31f1fc5e_dbde_4321_9ccf_a8fe07b4cd81.in being loaded.
 Default used for  SegXgrid
 Optical Train Summary:
  Tracing rays past   5 elements.
  Aperture grid type = Circular  with   21 grid points.
  Elt   1: Reflector   : Conic    with Kc=-1.0000D+00, Kr=-2.5000D+00, nECoords =   6
  Elt   2: Reflector   : Conic    with Kc=-1.2384D+00, Kr=-4.4837D-01, nECoords =   6
  Elt   3: Reflector   : Conic    with Kc=-2.9498D+00, Kr=-2.3186D+00, nECoords =   6
  Elt   4: Reflector   : Conic    with Kc=-9.8208D-01, Kr=-9.3497D-01, nECoords =   6
  Elt   5: Reference   : Flat     with Kc= 0.0000D+00, Kr=-1.0000D+22, nECoords =   6
  Number of output coordinates is   5
  
  Aperture stop set at (global):  0.000000000D+00  0.000000000D+00  0.000000000D+00
  
 OPD: Rays being traced =          277
 Compute time was    0.0000 sec
 OPD: nPassRays =     276,    DAvgCumL =  59.98242493D-01 m 
 RMS OPD error is   1.083606764D-03 m 
 P-V OPD error is   3.953862226D-03 m 
 Average OPD is    -2.0070853347725866D-06 m 
  Input file /tmp/tp31f1fc5e_dbde_4321_9ccf_a8fe07b4cd81.in being loaded.
 Default used for  SegXgrid
 Optical Train Summary:
  Tracing rays past   5 elements.
  Aperture grid type = Circular  with   21 grid points.
  Elt   1: Reflector   : Conic    with Kc=-1.0000D+00, Kr=-2.5000D+00, nECoords =   6
  Elt   2: Reflector   : Conic    with Kc=-1.2384D+00, Kr=-4.4837D-01, nECoords =   6
  Elt   3: Reflector   : Conic    with Kc=-2.9498D+00, Kr=-2.3186D+00, nECoords =   6
  Elt   4: Reflector   : Conic    with Kc=-9.8208D-01, Kr=-9.3497D-01, nECoords =   6
  Elt   5: Reference   : Flat     with Kc= 0.0000D+00, Kr=-1.0000D+22, nECoords =   6
  Number of output coordinates is   5
  
  Aperture stop set at (global):  0.000000000D+00  0.000000000D+00  0.000000000D+00
  
 OPD: Rays being traced =          277
 Compute time was    0.0000 sec
 OPD: nPassRays =     276,    DAvgCumL =  59.98530713D-01 m 
 RMS OPD error is   1.533651487D-03 m 
 P-V OPD error is   6.035258285D-03 m 
 Average OPD is     1.2047183114186186D-06 m 
  Input file /tmp/tp31f1fc5e_dbde_4321_9ccf_a8fe07b4cd81.in being loaded.
 Default used for  SegXgrid
 Optical Train Summary:
  Tracing rays past   5 elements.
  Aperture grid type = Circular  with   21 grid points.
  Elt   1: Reflector   : Conic    with Kc=-1.0000D+00, Kr=-2.5000D+00, nECoords =   6
  Elt   2: Reflector   : Conic    with Kc=-1.2384D+00, Kr=-4.4837D-01, nECoords =   6
  Elt   3: Reflector   : Conic    with Kc=-2.9498D+00, Kr=-2.3186D+00, nECoords =   6
  Elt   4: Reflector   : Conic    with Kc=-9.8208D-01, Kr=-9.3497D-01, nECoords =   6
  Elt   5: Reference   : Flat     with Kc= 0.0000D+00, Kr=-1.0000D+22, nECoords =   6
  Number of output coordinates is   5
  
  Aperture stop set at (global):  0.000000000D+00  0.000000000D+00  0.000000000D+00
  
 OPD: Rays being traced =          277
 Compute time was    0.0000 sec
 OPD: nPassRays =     276,    DAvgCumL =  59.98296493D-01 m 
 RMS OPD error is   1.082573162D-03 m 
 P-V OPD error is   3.922497912D-03 m 
 Average OPD is    -2.9422474030482704D-06 m 
  Input file /tmp/tp31f1fc5e_dbde_4321_9ccf_a8fe07b4cd81.in being loaded.
 Default used for  SegXgrid
 Optical Train Summary:
  Tracing rays past   5 elements.
  Aperture grid type = Circular  with   21 grid points.
  Elt   1: Reflector   : Conic    with Kc=-1.0000D+00, Kr=-2.5000D+00, nECoords =   6
  Elt   2: Reflector   : Conic    with Kc=-1.2384D+00, Kr=-4.4837D-01, nECoords =   6
  Elt   3: Reflector   : Conic    with Kc=-2.9498D+00, Kr=-2.3186D+00, nECoords =   6
  Elt   4: Reflector   : Conic    with Kc=-9.8208D-01, Kr=-9.3497D-01, nECoords =   6
  Elt   5: Reference   : Flat     with Kc= 0.0000D+00, Kr=-1.0000D+22, nECoords =   6
  Number of output coordinates is   5
  
  Aperture stop set at (global):  0.000000000D+00  0.000000000D+00  0.000000000D+00
  
 OPD: Rays being traced =          277
 Compute time was    0.0000 sec
 OPD: nPassRays =     276,    DAvgCumL =  59.98104851D-01 m 
 RMS OPD error is   3.282176042D-06 m 
 P-V OPD error is   1.567189787D-05 m 
 Average OPD is    -3.5923117541152036D-06 m 
  Input file /tmp/tp31f1fc5e_dbde_4321_9ccf_a8fe07b4cd81.in being loaded.
 Default used for  SegXgrid
 Optical Train Summary:
  Tracing rays past   5 elements.
  Aperture grid type = Circular  with   21 grid points.
  Elt   1: Reflector   : Conic    with Kc=-1.0000D+00, Kr=-2.5000D+00, nECoords =   6
  Elt   2: Reflector   : Conic    with Kc=-1.2384D+00, Kr=-4.4837D-01, nECoords =   6
  Elt   3: Reflector   : Conic    with Kc=-2.9498D+00, Kr=-2.3186D+00, nECoords =   6
  Elt   4: Reflector   : Conic    with Kc=-9.8208D-01, Kr=-9.3497D-01, nECoords =   6
  Elt   5: Reference   : Flat     with Kc= 0.0000D+00, Kr=-1.0000D+22, nECoords =   6
  Number of output coordinates is   5
  
  Aperture stop set at (global):  0.000000000D+00  0.000000000D+00  0.000000000D+00
  
 OPD: Rays being traced =          277
 Compute time was    0.0000 sec
 OPD: nPassRays =     276,    DAvgCumL =  59.98354280D-01 m 
 RMS OPD error is   1.078910556D-03 m 
 P-V OPD error is   3.915896519D-03 m 
 Average OPD is    -4.2738679196973517D-07 m 
  Input file /tmp/tp31f1fc5e_dbde_4321_9ccf_a8fe07b4cd81.in being loaded.
 Default used for  SegXgrid
 Optical Train Summary:
  Tracing rays past   5 elements.
  Aperture grid type = Circular  with   21 grid points.
  Elt   1: Reflector   : Conic    with Kc=-1.0000D+00, Kr=-2.5000D+00, nECoords =   6
  Elt   2: Reflector   : Conic    with Kc=-1.2384D+00, Kr=-4.4837D-01, nECoords =   6
  Elt   3: Reflector   : Conic    with Kc=-2.9498D+00, Kr=-2.3186D+00, nECoords =   6
  Elt   4: Reflector   : Conic    with Kc=-9.8208D-01, Kr=-9.3497D-01, nECoords =   6
  Elt   5: Reference   : Flat     with Kc= 0.0000D+00, Kr=-1.0000D+22, nECoords =   6
  Number of output coordinates is   5
  
  Aperture stop set at (global):  0.000000000D+00  0.000000000D+00  0.000000000D+00
  
 OPD: Rays being traced =          277
 Compute time was    0.0020 sec
 OPD: nPassRays =     276,    DAvgCumL =  59.98418437D-01 m 
 RMS OPD error is   1.539268303D-03 m 
 P-V OPD error is   6.046697148D-03 m 
 Average OPD is    -1.3281942615401445D-06 m 
  Input file /tmp/tp31f1fc5e_dbde_4321_9ccf_a8fe07b4cd81.in being loaded.
 Default used for  SegXgrid
 Optical Train Summary:
  Tracing rays past   5 elements.
  Aperture grid type = Circular  with   21 grid points.
  Elt   1: Reflector   : Conic    with Kc=-1.0000D+00, Kr=-2.5000D+00, nECoords =   6
  Elt   2: Reflector   : Conic    with Kc=-1.2384D+00, Kr=-4.4837D-01, nECoords =   6
  Elt   3: Reflector   : Conic    with Kc=-2.9498D+00, Kr=-2.3186D+00, nECoords =   6
  Elt   4: Reflector   : Conic    with Kc=-9.8208D-01, Kr=-9.3497D-01, nECoords =   6
  Elt   5: Reference   : Flat     with Kc= 0.0000D+00, Kr=-1.0000D+22, nECoords =   6
  Number of output coordinates is   5
  
  Aperture stop set at (global):  0.000000000D+00  0.000000000D+00  0.000000000D+00
  
 OPD: Rays being traced =          277
 Compute time was    0.0000 sec
 OPD: nPassRays =     276,    DAvgCumL =  59.98242493D-01 m 
 RMS OPD error is   1.083606764D-03 m 
 P-V OPD error is   3.953862226D-03 m 
 Average OPD is    -2.0070853347178801D-06 m 
  Input file /tmp/tp31f1fc5e_dbde_4321_9ccf_a8fe07b4cd81.in being loaded.
 Default used for  SegXgrid
 Optical Train Summary:
  Tracing rays past   5 elements.
  Aperture grid type = Circular  with   21 grid points.
  Elt   1: Reflector   : Conic    with Kc=-1.0000D+00, Kr=-2.5000D+00, nECoords =   6
  Elt   2: Reflector   : Conic    with Kc=-1.2384D+00, Kr=-4.4837D-01, nECoords =   6
  Elt   3: Reflector   : Conic    with Kc=-2.9498D+00, Kr=-2.3186D+00, nECoords =   6
  Elt   4: Reflector   : Conic    with Kc=-9.8208D-01, Kr=-9.3497D-01, nECoords =   6
  Elt   5: Reference   : Flat     with Kc= 0.0000D+00, Kr=-1.0000D+22, nECoords =   6
  Number of output coordinates is   5
  
  Aperture stop set at (global):  0.000000000D+00  0.000000000D+00  0.000000000D+00
  
 OPD: Rays being traced =          277
 Compute time was    0.0000 sec
 OPD: nPassRays =     276,    DAvgCumL =  59.98530713D-01 m 
 RMS OPD error is   1.533651487D-03 m 
 P-V OPD error is   6.035258285D-03 m 
 Average OPD is     1.2047183112416266D-06 m 
  Input file /tmp/tp58afe6a0_ba96_4c80_a1aa_7827ce8647cc.in being loaded.
 Default used for  SegXgrid
 Optical Train Summary:
  Tracing rays past   5 elements.
  Aperture grid type = Circular  with   21 grid points.
  Elt   1: Reflector   : Conic    with Kc=-1.0000D+00, Kr=-2.5000D+00, nECoords =   6
  Elt   2: Reflector   : Conic    with Kc=-1.2384D+00, Kr=-4.4837D-01, nECoords =   6
  Elt   3: Reflector   : Conic    with Kc=-2.9498D+00, Kr=-2.3186D+00, nECoords =   6
  Elt   4: Reflector   : Conic    with Kc=-9.8208D-01, Kr=-9.3497D-01, nECoords =   6
  Elt   5: Reference   : Flat     with Kc= 0.0000D+00, Kr=-1.0000D+22, nECoords =   6
  Number of output coordinates is   5
  
  Aperture stop set at (global):  0.000000000D+00  0.000000000D+00  0.000000000D+00
  
 OPD: Rays being traced =          277
 Compute time was    0.0000 sec
 OPD: nPassRays =     276,    DAvgCumL =  12.67619349D-01 m 
 RMS OPD error is   1.419742281D-02 m 
 P-V OPD error is   5.167010635D-02 m 
 Average OPD is    -2.4333968567546094D-02 m 
 OPD: Rays being traced =          277
 Compute time was    0.0020 sec
 OPD: nPassRays =     276,    DAvgCumL =  59.98418437D-01 m 
 RMS OPD error is   1.539268303D-03 m 
 P-V OPD error is   6.046697148D-03 m 
 Average OPD is    -1.3281942616109414D-06 m 
  Input file /tmp/tp58afe6a0_ba96_4c80_a1aa_7827ce8647cc.in being loaded.
 Default used for  SegXgrid
 Optical Train Summary:
  Tracing rays past   5 elements.
  Aperture grid type = Circular  with   21 grid points.
  Elt   1: Reflector   : Conic    with Kc=-1.0000D+00, Kr=-2.5000D+00, nECoords =   6
  Elt   2: Reflector   : Conic    with Kc=-1.2384D+00, Kr=-4.4837D-01, nECoords =   6
  Elt   3: Reflector   : Conic    with Kc=-2.9498D+00, Kr=-2.3186D+00, nECoords =   6
  Elt   4: Reflector   : Conic    with Kc=-9.8208D-01, Kr=-9.3497D-01, nECoords =   6
  Elt   5: Reference   : Flat     with Kc= 0.0000D+00, Kr=-1.0000D+22, nECoords =   6
  Number of output coordinates is   5
  
  Aperture stop set at (global):  0.000000000D+00  0.000000000D+00  0.000000000D+00
  
 OPD: Rays being traced =          277
 Compute time was    0.0000 sec
 OPD: nPassRays =     276,    DAvgCumL =  12.67617554D-01 m 
 RMS OPD error is   1.435720682D-02 m 
 P-V OPD error is   5.354549631D-02 m 
 Average OPD is    -2.4335763510063151D-02 m 
 OPD: Rays being traced =          277
 Compute time was    0.0000 sec
 OPD: nPassRays =     276,    DAvgCumL =  59.98242493D-01 m 
 RMS OPD error is   1.083606764D-03 m 
 P-V OPD error is   3.953862226D-03 m 
 Average OPD is    -2.0070853347725866D-06 m 
  Input file /tmp/tp58afe6a0_ba96_4c80_a1aa_7827ce8647cc.in being loaded.
 Default used for  SegXgrid
 Optical Train Summary:
  Tracing rays past   5 elements.
  Aperture grid type = Circular  with   21 grid points.
  Elt   1: Reflector   : Conic    with Kc=-1.0000D+00, Kr=-2.5000D+00, nECoords =   6
  Elt   2: Reflector   : Conic    with Kc=-1.2384D+00, Kr=-4.4837D-01, nECoords =   6
  Elt   3: Reflector   : Conic    with Kc=-2.9498D+00, Kr=-2.3186D+00, nECoords =   6
  Elt   4: Reflector   : Conic    with Kc=-9.8208D-01, Kr=-9.3497D-01, nECoords =   6
  Elt   5: Reference   : Flat     with Kc= 0.0000D+00, Kr=-1.0000D+22, nECoords =   6
  Number of output coordinates is   5
  
  Aperture stop set at (global):  0.000000000D+00  0.000000000D+00  0.000000000D+00
  
 OPD: Rays being traced =          277
 Compute time was    0.0000 sec
 OPD: nPassRays =     276,    DAvgCumL =  12.67614814D-01 m 
 RMS OPD error is   1.459774741D-02 m 
 P-V OPD error is   5.542322854D-02 m 
 Average OPD is    -2.4338503573907749D-02 m 
 OPD: Rays being traced =          277
 Compute time was    0.0020 sec
 OPD: nPassRays =     276,    DAvgCumL =  59.98530713D-01 m 
 RMS OPD error is   1.533651487D-03 m 
 P-V OPD error is   6.035258285D-03 m 
 Average OPD is     1.2047183114186186D-06 m 
  Input file /tmp/tp58afe6a0_ba96_4c80_a1aa_7827ce8647cc.in being loaded.
 Default used for  SegXgrid
 Optical Train Summary:
  Tracing rays past   5 elements.
  Aperture grid type = Circular  with   21 grid points.
  Elt   1: Reflector   : Conic    with Kc=-1.0000D+00, Kr=-2.5000D+00, nECoords =   6
  Elt   2: Reflector   : Conic    with Kc=-1.2384D+00, Kr=-4.4837D-01, nECoords =   6
  Elt   3: Reflector   : Conic    with Kc=-2.9498D+00, Kr=-2.3186D+00, nECoords =   6
  Elt   4: Reflector   : Conic    with Kc=-9.8208D-01, Kr=-9.3497D-01, nECoords =   6
  Elt   5: Reference   : Flat     with Kc= 0.0000D+00, Kr=-1.0000D+22, nECoords =   6
  Number of output coordinates is   5
  
  Aperture stop set at (global):  0.000000000D+00  0.000000000D+00  0.000000000D+00
  
 OPD: Rays being traced =          277
 Compute time was    0.0000 sec
 OPD: nPassRays =     276,    DAvgCumL =  12.67619821D-01 m 
 RMS OPD error is   1.415507687D-02 m 
 P-V OPD error is   5.026587765D-02 m 
 Average OPD is    -2.4333496244226208D-02 m 
 OPD: Rays being traced =          277
 Compute time was    0.0020 sec
 OPD: nPassRays =     276,    DAvgCumL =  59.98296493D-01 m 
 RMS OPD error is   1.082573162D-03 m 
 P-V OPD error is   3.922497912D-03 m 
 Average OPD is    -2.9422474030482704D-06 m 
  Input file /tmp/tp58afe6a0_ba96_4c80_a1aa_7827ce8647cc.in being loaded.
 Default used for  SegXgrid
 Optical Train Summary:
  Tracing rays past   5 elements.
  Aperture grid type = Circular  with   21 grid points.
  Elt   1: Reflector   : Conic    with Kc=-1.0000D+00, Kr=-2.5000D+00, nECoords =   6
  Elt   2: Reflector   : Conic    with Kc=-1.2384D+00, Kr=-4.4837D-01, nECoords =   6
  Elt   3: Reflector   : Conic    with Kc=-2.9498D+00, Kr=-2.3186D+00, nECoords =   6
  Elt   4: Reflector   : Conic    with Kc=-9.8208D-01, Kr=-9.3497D-01, nECoords =   6
  Elt   5: Reference   : Flat     with Kc= 0.0000D+00, Kr=-1.0000D+22, nECoords =   6
  Number of output coordinates is   5
  
  Aperture stop set at (global):  0.000000000D+00  0.000000000D+00  0.000000000D+00
  
 OPD: Rays being traced =          277
 Compute time was    0.0000 sec
 OPD: nPassRays =     276,    DAvgCumL =  12.67618026D-01 m 
 RMS OPD error is   1.431532715D-02 m 
 P-V OPD error is   5.214032665D-02 m 
 Average OPD is    -2.4335291107281942D-02 m 
 OPD: Rays being traced =          277
 Compute time was    0.0000 sec
 OPD: nPassRays =     276,    DAvgCumL =  59.98104851D-01 m 
 RMS OPD error is   3.282176042D-06 m 
 P-V OPD error is   1.567189787D-05 m 
 Average OPD is    -3.5923117541152036D-06 m 
  Input file /tmp/tp58afe6a0_ba96_4c80_a1aa_7827ce8647cc.in being loaded.
 Default used for  SegXgrid
 Optical Train Summary:
  Tracing rays past   5 elements.
  Aperture grid type = Circular  with   21 grid points.
  Elt   1: Reflector   : Conic    with Kc=-1.0000D+00, Kr=-2.5000D+00, nECoords =   6
  Elt   2: Reflector   : Conic    with Kc=-1.2384D+00, Kr=-4.4837D-01, nECoords =   6
  Elt   3: Reflector   : Conic    with Kc=-2.9498D+00, Kr=-2.3186D+00, nECoords =   6
  Elt   4: Reflector   : Conic    with Kc=-9.8208D-01, Kr=-9.3497D-01, nECoords =   6
  Elt   5: Reference   : Flat     with Kc= 0.0000D+00, Kr=-1.0000D+22, nECoords =   6
  Number of output coordinates is   5
  
  Aperture stop set at (global):  0.000000000D+00  0.000000000D+00  0.000000000D+00
  
 OPD: Rays being traced =          277
 Compute time was    0.0000 sec
 OPD: nPassRays =     276,    DAvgCumL =  12.67615286D-01 m 
 RMS OPD error is   1.455655019D-02 m 
 P-V OPD error is   5.401711476D-02 m 
 Average OPD is    -2.4338031049812109D-02 m 
 OPD: Rays being traced =          277
 Compute time was    0.0000 sec
 OPD: nPassRays =     276,    DAvgCumL =  59.98354280D-01 m 
 RMS OPD error is   1.078910556D-03 m 
 P-V OPD error is   3.915896519D-03 m 
 Average OPD is    -4.2738679196973517D-07 m 
  Input file /tmp/tp58afe6a0_ba96_4c80_a1aa_7827ce8647cc.in being loaded.
 Default used for  SegXgrid
 Optical Train Summary:
  Tracing rays past   5 elements.
  Aperture grid type = Circular  with   21 grid points.
  Elt   1: Reflector   : Conic    with Kc=-1.0000D+00, Kr=-2.5000D+00, nECoords =   6
  Elt   2: Reflector   : Conic    with Kc=-1.2384D+00, Kr=-4.4837D-01, nECoords =   6
  Elt   3: Reflector   : Conic    with Kc=-2.9498D+00, Kr=-2.3186D+00, nECoords =   6
  Elt   4: Reflector   : Conic    with Kc=-9.8208D-01, Kr=-9.3497D-01, nECoords =   6
  Elt   5: Reference   : Flat     with Kc= 0.0000D+00, Kr=-1.0000D+22, nECoords =   6
  Number of output coordinates is   5
  
  Aperture stop set at (global):  0.000000000D+00  0.000000000D+00  0.000000000D+00
  
 OPD: Rays being traced =          277
 Compute time was    0.0020 sec
 OPD: nPassRays =     276,    DAvgCumL =  12.67619349D-01 m 
 RMS OPD error is   1.419742281D-02 m 
 P-V OPD error is   5.167010635D-02 m 
 Average OPD is    -2.4333968567546081D-02 m 
 OPD: Rays being traced =          277
 Compute time was    0.0000 sec
 OPD: nPassRays =     276,    DAvgCumL =  59.98418437D-01 m 
 RMS OPD error is   1.539268303D-03 m 
 P-V OPD error is   6.046697148D-03 m 
 Average OPD is    -1.3281942615401445D-06 m 
  Input file /tmp/tp58afe6a0_ba96_4c80_a1aa_7827ce8647cc.in being loaded.
 Default used for  SegXgrid
 Optical Train Summary:
  Tracing rays past   5 elements.
  Aperture grid type = Circular  with   21 grid points.
  Elt   1: Reflector   : Conic    with Kc=-1.0000D+00, Kr=-2.5000D+00, nECoords =   6
  Elt   2: Reflector   : Conic    with Kc=-1.2384D+00, Kr=-4.4837D-01, nECoords =   6
  Elt   3: Reflector   : Conic    with Kc=-2.9498D+00, Kr=-2.3186D+00, nECoords =   6
  Elt   4: Reflector   : Conic    with Kc=-9.8208D-01, Kr=-9.3497D-01, nECoords =   6
  Elt   5: Reference   : Flat     with Kc= 0.0000D+00, Kr=-1.0000D+22, nECoords =   6
  Number of output coordinates is   5
  
  Aperture stop set at (global):  0.000000000D+00  0.000000000D+00  0.000000000D+00
  
 OPD: Rays being traced =          277
 Compute time was    0.0000 sec
 OPD: nPassRays =     276,    DAvgCumL =  12.67617554D-01 m 
 RMS OPD error is   1.435720682D-02 m 
 P-V OPD error is   5.354549631D-02 m 
 Average OPD is    -2.4335763510063151D-02 m 
 OPD: Rays being traced =          277
 Compute time was    0.0020 sec
 OPD: nPassRays =     276,    DAvgCumL =  59.98242493D-01 m 
 RMS OPD error is   1.083606764D-03 m 
 P-V OPD error is   3.953862226D-03 m 
 Average OPD is    -2.0070853347178801D-06 m 
  Input file /tmp/tp58afe6a0_ba96_4c80_a1aa_7827ce8647cc.in being loaded.
 Default used for  SegXgrid
 Optical Train Summary:
  Tracing rays past   5 elements.
  Aperture grid type = Circular  with   21 grid points.
  Elt   1: Reflector   : Conic    with Kc=-1.0000D+00, Kr=-2.5000D+00, nECoords =   6
  Elt   2: Reflector   : Conic    with Kc=-1.2384D+00, Kr=-4.4837D-01, nECoords =   6
  Elt   3: Reflector   : Conic    with Kc=-2.9498D+00, Kr=-2.3186D+00, nECoords =   6
  Elt   4: Reflector   : Conic    with Kc=-9.8208D-01, Kr=-9.3497D-01, nECoords =   6
  Elt   5: Reference   : Flat     with Kc= 0.0000D+00, Kr=-1.0000D+22, nECoords =   6
  Number of output coordinates is   5
  
  Aperture stop set at (global):  0.000000000D+00  0.000000000D+00  0.000000000D+00
  
 OPD: Rays being traced =          277
 Compute time was    0.0000 sec
 OPD: nPassRays =     276,    DAvgCumL =  12.67614814D-01 m 
 RMS OPD error is   1.459774741D-02 m 
 P-V OPD error is   5.542322854D-02 m 
 Average OPD is    -2.4338503573907769D-02 m 
 OPD: Rays being traced =          277
 Compute time was    0.0000 sec
 OPD: nPassRays =     276,    DAvgCumL =  59.98530713D-01 m 
 RMS OPD error is   1.533651487D-03 m 
 P-V OPD error is   6.035258285D-03 m 
 Average OPD is     1.2047183112416266D-06 m 
  Input file /tmp/tp78cca764_ebd8_4975_a37c_4d7cd2b7e879.in being loaded.
 Default used for  SegXgrid
 Optical Train Summary:
  Tracing rays past   5 elements.
  Aperture grid type = Circular  with   21 grid points.
  Elt   1: Reflector   : Conic    with Kc=-1.0000D+00, Kr=-2.5000D+00, nECoords =   6
  Elt   2: Reflector   : Conic    with Kc=-1.2384D+00, Kr=-4.4837D-01, nECoords =   6
  Elt   3: Reflector   : Conic    with Kc=-2.9499D+00, Kr=-2.3186D+00, nECoords =   6
  Elt   4: Reflector   : Conic    with Kc=-9.8208D-01, Kr=-9.3497D-01, nECoords =   6
  Elt   5: Reference   : Flat     with Kc= 0.0000D+00, Kr=-1.0000D+22, nECoords =   6
  Number of output coordinates is   5
  
  Aperture stop set at (global):  0.000000000D+00  0.000000000D+00  0.000000000D+00
  
  Input file /tmp/tp78cca764_ebd8_4975_a37c_4d7cd2b7e879.in being loaded.
 Default used for  SegXgrid
 Optical Train Summary:
  Tracing rays past   5 elements.
  Aperture grid type = Circular  with   21 grid points.
  Elt   1: Reflector   : Conic    with Kc=-1.0000D+00, Kr=-2.5000D+00, nECoords =   6
  Elt   2: Reflector   : Conic    with Kc=-1.2384D+00, Kr=-4.4837D-01, nECoords =   6
  Elt   3: Reflector   : Conic    with Kc=-2.9499D+00, Kr=-2.3186D+00, nECoords =   6
  Elt   4: Reflector   : Conic    with Kc=-9.8208D-01, Kr=-9.3497D-01, nECoords =   6
  Elt   5: Reference   : Flat     with Kc= 0.0000D+00, Kr=-1.0000D+22, nECoords =   6
  Number of output coordinates is   5
  
  Aperture stop set at (global):  0.000000000D+00  0.000000000D+00  0.000000000D+00
  
 OPD: Rays being traced =          277
 Compute time was    0.0000 sec
 OPD: nPassRays =     276,    DAvgCumL =  59.81385706D-01 m 
 RMS OPD error is   2.659820384D-03 m 
 P-V OPD error is   9.638813430D-03 m 
 Average OPD is     1.2205610730838121D-05 m 
  Input file /tmp/tp1e9cda44_9912_4981_8e80_0393e86845ec.in being loaded.
 Default used for  SegXgrid
 Optical Train Summary:
  Tracing rays past   5 elements.
  Aperture grid type = Circular  with   21 grid points.
  Elt   1: Reflector   : Conic    with Kc=-1.0000D+00, Kr=-2.5000D+00, nECoords =   6
  Elt   2: Reflector   : Conic    with Kc=-1.2384D+00, Kr=-4.4837D-01, nECoords =   6
  Elt   3: Reflector   : Conic    with Kc=-2.9499D+00, Kr=-2.3186D+00, nECoords =   6
  Elt   4: Reflector   : Conic    with Kc=-9.8208D-01, Kr=-9.3497D-01, nECoords =   6
  Elt   5: Reference   : Flat     with Kc= 0.0000D+00, Kr=-1.0000D+22, nECoords =   6
  Number of output coordinates is   5
  
  Aperture stop set at (global):  0.000000000D+00  0.000000000D+00  0.000000000D+00
  
 OPD: Rays being traced =          277
 Compute time was    0.0000 sec
 OPD: nPassRays =     276,    DAvgCumL =  59.98104860D-01 m 
 RMS OPD error is   3.241929279D-06 m 
 P-V OPD error is   1.542312137D-05 m 
 Average OPD is    -3.5848895253287121D-06 m 
  Input file /tmp/tp78cca764_ebd8_4975_a37c_4d7cd2b7e879.in being loaded.
 Default used for  SegXgrid
 Optical Train Summary:
  Tracing rays past   5 elements.
  Aperture grid type = Circular  with   21 grid points.
  Elt   1: Reflector   : Conic    with Kc=-1.0000D+00, Kr=-2.5000D+00, nECoords =   6
  Elt   2: Reflector   : Conic    with Kc=-1.2384D+00, Kr=-4.4837D-01, nECoords =   6
  Elt   3: Reflector   : Conic    with Kc=-2.9499D+00, Kr=-2.3186D+00, nECoords =   6
  Elt   4: Reflector   : Conic    with Kc=-9.8208D-01, Kr=-9.3497D-01, nECoords =   6
  Elt   5: Reference   : Flat     with Kc= 0.0000D+00, Kr=-1.0000D+22, nECoords =   6
  Number of output coordinates is   5
  
  Aperture stop set at (global):  0.000000000D+00  0.000000000D+00  0.000000000D+00
  
  Input file /tmp/tp4667adc8_7e53_4952_bb92_a3ff488fd0c4.in being loaded.
 Default used for  SegXgrid
 Optical Train Summary:
  Tracing rays past   5 elements.
  Aperture grid type = Circular  with   21 grid points.
  Elt   1: Reflector   : Conic    with Kc=-1.0000D+00, Kr=-2.5000D+00, nECoords =   6
  Elt   2: Reflector   : Conic    with Kc=-1.2384D+00, Kr=-4.4837D-01, nECoords =   6
  Elt   3: Reflector   : Conic    with Kc=-2.9499D+00, Kr=-2.3186D+00, nECoords =   6
  Elt   4: Reflector   : Conic    with Kc=-9.8208D-01, Kr=-9.3497D-01, nECoords =   6
  Elt   5: Reference   : Flat     with Kc= 0.0000D+00, Kr=-1.0000D+22, nECoords =   6
  Number of output coordinates is   5
  
  Aperture stop set at (global):  0.000000000D+00  0.000000000D+00  0.000000000D+00
  
 OPD: Rays being traced =          277
 Compute time was    0.0000 sec
 OPD: nPassRays =     276,    DAvgCumL =  59.98418436D-01 m 
 RMS OPD error is   1.539267441D-03 m 
 P-V OPD error is   6.046692653D-03 m 
 Average OPD is    -1.3303008879336011D-06 m 
  Input file /tmp/tp4667adc8_7e53_4952_bb92_a3ff488fd0c4.in being loaded.
 Default used for  SegXgrid
 Optical Train Summary:
  Tracing rays past   5 elements.
  Aperture grid type = Circular  with   21 grid points.
  Elt   1: Reflector   : Conic    with Kc=-1.0000D+00, Kr=-2.5000D+00, nECoords =   6
  Elt   2: Reflector   : Conic    with Kc=-1.2384D+00, Kr=-4.4837D-01, nECoords =   6
  Elt   3: Reflector   : Conic    with Kc=-2.9499D+00, Kr=-2.3186D+00, nECoords =   6
  Elt   4: Reflector   : Conic    with Kc=-9.8208D-01, Kr=-9.3497D-01, nECoords =   6
  Elt   5: Reference   : Flat     with Kc= 0.0000D+00, Kr=-1.0000D+22, nECoords =   6
  Number of output coordinates is   5
  
  Aperture stop set at (global):  0.000000000D+00  0.000000000D+00  0.000000000D+00
  
 OPD: Rays being traced =          277
 Compute time was    0.0000 sec
 OPD: nPassRays =     276,    DAvgCumL =  59.98242492D-01 m 
 RMS OPD error is   1.083605633D-03 m 
 P-V OPD error is   3.953858953D-03 m 
 Average OPD is    -2.0096061836227004D-06 m 
  Input file /tmp/tp4667adc8_7e53_4952_bb92_a3ff488fd0c4.in being loaded.
 Default used for  SegXgrid
 Optical Train Summary:
  Tracing rays past   5 elements.
  Aperture grid type = Circular  with   21 grid points.
  Elt   1: Reflector   : Conic    with Kc=-1.0000D+00, Kr=-2.5000D+00, nECoords =   6
  Elt   2: Reflector   : Conic    with Kc=-1.2384D+00, Kr=-4.4837D-01, nECoords =   6
  Elt   3: Reflector   : Conic    with Kc=-2.9499D+00, Kr=-2.3186D+00, nECoords =   6
  Elt   4: Reflector   : Conic    with Kc=-9.8208D-01, Kr=-9.3497D-01, nECoords =   6
  Elt   5: Reference   : Flat     with Kc= 0.0000D+00, Kr=-1.0000D+22, nECoords =   6
  Number of output coordinates is   5
  
  Aperture stop set at (global):  0.000000000D+00  0.000000000D+00  0.000000000D+00
  
 OPD: Rays being traced =          277
 Compute time was    0.0000 sec
 OPD: nPassRays =     276,    DAvgCumL =  59.98530708D-01 m 
 RMS OPD error is   1.533647720D-03 m 
 P-V OPD error is   6.035238300D-03 m 
 Average OPD is     1.2008069154482208D-06 m 
  Input file /tmp/tp4667adc8_7e53_4952_bb92_a3ff488fd0c4.in being loaded.
 Default used for  SegXgrid
 Optical Train Summary:
  Tracing rays past   5 elements.
  Aperture grid type = Circular  with   21 grid points.
  Elt   1: Reflector   : Conic    with Kc=-1.0000D+00, Kr=-2.5000D+00, nECoords =   6
  Elt   2: Reflector   : Conic    with Kc=-1.2384D+00, Kr=-4.4837D-01, nECoords =   6
  Elt   3: Reflector   : Conic    with Kc=-2.9499D+00, Kr=-2.3186D+00, nECoords =   6
  Elt   4: Reflector   : Conic    with Kc=-9.8208D-01, Kr=-9.3497D-01, nECoords =   6
  Elt   5: Reference   : Flat     with Kc= 0.0000D+00, Kr=-1.0000D+22, nECoords =   6
  Number of output coordinates is   5
  
  Aperture stop set at (global):  0.000000000D+00  0.000000000D+00  0.000000000D+00
  
 OPD: Rays being traced =          277
 Compute time was    0.0000 sec
 OPD: nPassRays =     276,    DAvgCumL =  59.98296492D-01 m 
 RMS OPD error is   1.082572879D-03 m 
 P-V OPD error is   3.922495184D-03 m 
 Average OPD is    -2.9441495029429303D-06 m 
  Input file /tmp/tp4667adc8_7e53_4952_bb92_a3ff488fd0c4.in being loaded.
 Default used for  SegXgrid
 Optical Train Summary:
  Tracing rays past   5 elements.
  Aperture grid type = Circular  with   21 grid points.
  Elt   1: Reflector   : Conic    with Kc=-1.0000D+00, Kr=-2.5000D+00, nECoords =   6
  Elt   2: Reflector   : Conic    with Kc=-1.2384D+00, Kr=-4.4837D-01, nECoords =   6
  Elt   3: Reflector   : Conic    with Kc=-2.9499D+00, Kr=-2.3186D+00, nECoords =   6
  Elt   4: Reflector   : Conic    with Kc=-9.8208D-01, Kr=-9.3497D-01, nECoords =   6
  Elt   5: Reference   : Flat     with Kc= 0.0000D+00, Kr=-1.0000D+22, nECoords =   6
  Number of output coordinates is   5
  
  Aperture stop set at (global):  0.000000000D+00  0.000000000D+00  0.000000000D+00
  
 OPD: Rays being traced =          277
 Compute time was    0.0020 sec
 OPD: nPassRays =     276,    DAvgCumL =  59.98104850D-01 m 
 RMS OPD error is   3.281923767D-06 m 
 P-V OPD error is   1.566697198D-05 m 
 Average OPD is    -3.5945730305276991D-06 m 
  Input file /tmp/tp4667adc8_7e53_4952_bb92_a3ff488fd0c4.in being loaded.
 Default used for  SegXgrid
 Optical Train Summary:
  Tracing rays past   5 elements.
  Aperture grid type = Circular  with   21 grid points.
  Elt   1: Reflector   : Conic    with Kc=-1.0000D+00, Kr=-2.5000D+00, nECoords =   6
  Elt   2: Reflector   : Conic    with Kc=-1.2384D+00, Kr=-4.4837D-01, nECoords =   6
  Elt   3: Reflector   : Conic    with Kc=-2.9499D+00, Kr=-2.3186D+00, nECoords =   6
  Elt   4: Reflector   : Conic    with Kc=-9.8208D-01, Kr=-9.3497D-01, nECoords =   6
  Elt   5: Reference   : Flat     with Kc= 0.0000D+00, Kr=-1.0000D+22, nECoords =   6
  Number of output coordinates is   5
  
  Aperture stop set at (global):  0.000000000D+00  0.000000000D+00  0.000000000D+00
  
 OPD: Rays being traced =          277
 Compute time was    0.0000 sec
 OPD: nPassRays =     276,    DAvgCumL =  59.98354277D-01 m 
 RMS OPD error is   1.078907067D-03 m 
 P-V OPD error is   3.915878520D-03 m 
 Average OPD is    -4.3091161496038699D-07 m 
  Input file /tmp/tp4667adc8_7e53_4952_bb92_a3ff488fd0c4.in being loaded.
 Default used for  SegXgrid
 Optical Train Summary:
  Tracing rays past   5 elements.
  Aperture grid type = Circular  with   21 grid points.
  Elt   1: Reflector   : Conic    with Kc=-1.0000D+00, Kr=-2.5000D+00, nECoords =   6
  Elt   2: Reflector   : Conic    with Kc=-1.2384D+00, Kr=-4.4837D-01, nECoords =   6
  Elt   3: Reflector   : Conic    with Kc=-2.9499D+00, Kr=-2.3186D+00, nECoords =   6
  Elt   4: Reflector   : Conic    with Kc=-9.8208D-01, Kr=-9.3497D-01, nECoords =   6
  Elt   5: Reference   : Flat     with Kc= 0.0000D+00, Kr=-1.0000D+22, nECoords =   6
  Number of output coordinates is   5
  
  Aperture stop set at (global):  0.000000000D+00  0.000000000D+00  0.000000000D+00
  
 OPD: Rays being traced =          277
 Compute time was    0.0020 sec
 OPD: nPassRays =     276,    DAvgCumL =  59.98418436D-01 m 
 RMS OPD error is   1.539267441D-03 m 
 P-V OPD error is   6.046692653D-03 m 
 Average OPD is    -1.3303008879496914D-06 m 
  Input file /tmp/tp4667adc8_7e53_4952_bb92_a3ff488fd0c4.in being loaded.
 Default used for  SegXgrid
 Optical Train Summary:
  Tracing rays past   5 elements.
  Aperture grid type = Circular  with   21 grid points.
  Elt   1: Reflector   : Conic    with Kc=-1.0000D+00, Kr=-2.5000D+00, nECoords =   6
  Elt   2: Reflector   : Conic    with Kc=-1.2384D+00, Kr=-4.4837D-01, nECoords =   6
  Elt   3: Reflector   : Conic    with Kc=-2.9499D+00, Kr=-2.3186D+00, nECoords =   6
  Elt   4: Reflector   : Conic    with Kc=-9.8208D-01, Kr=-9.3497D-01, nECoords =   6
  Elt   5: Reference   : Flat     with Kc= 0.0000D+00, Kr=-1.0000D+22, nECoords =   6
  Number of output coordinates is   5
  
  Aperture stop set at (global):  0.000000000D+00  0.000000000D+00  0.000000000D+00
  
 OPD: Rays being traced =          277
 Compute time was    0.0020 sec
 OPD: nPassRays =     276,    DAvgCumL =  59.98242492D-01 m 
 RMS OPD error is   1.083605633D-03 m 
 P-V OPD error is   3.953858953D-03 m 
 Average OPD is    -2.0096061836227004D-06 m 
  Input file /tmp/tp4667adc8_7e53_4952_bb92_a3ff488fd0c4.in being loaded.
 Default used for  SegXgrid
 Optical Train Summary:
  Tracing rays past   5 elements.
  Aperture grid type = Circular  with   21 grid points.
  Elt   1: Reflector   : Conic    with Kc=-1.0000D+00, Kr=-2.5000D+00, nECoords =   6
  Elt   2: Reflector   : Conic    with Kc=-1.2384D+00, Kr=-4.4837D-01, nECoords =   6
  Elt   3: Reflector   : Conic    with Kc=-2.9499D+00, Kr=-2.3186D+00, nECoords =   6
  Elt   4: Reflector   : Conic    with Kc=-9.8208D-01, Kr=-9.3497D-01, nECoords =   6
  Elt   5: Reference   : Flat     with Kc= 0.0000D+00, Kr=-1.0000D+22, nECoords =   6
  Number of output coordinates is   5
  
  Aperture stop set at (global):  0.000000000D+00  0.000000000D+00  0.000000000D+00
  
 OPD: Rays being traced =          277
 Compute time was    0.0000 sec
 OPD: nPassRays =     276,    DAvgCumL =  59.98530708D-01 m 
 RMS OPD error is   1.533647720D-03 m 
 P-V OPD error is   6.035238300D-03 m 
 Average OPD is     1.2008069154804011D-06 m 
  Input file /tmp/tp78cca764_ebd8_4975_a37c_4d7cd2b7e879.in being loaded.
 Default used for  SegXgrid
 Optical Train Summary:
  Tracing rays past   5 elements.
  Aperture grid type = Circular  with   21 grid points.
  Elt   1: Reflector   : Conic    with Kc=-1.0000D+00, Kr=-2.5000D+00, nECoords =   6
  Elt   2: Reflector   : Conic    with Kc=-1.2384D+00, Kr=-4.4837D-01, nECoords =   6
  Elt   3: Reflector   : Conic    with Kc=-2.9499D+00, Kr=-2.3186D+00, nECoords =   6
  Elt   4: Reflector   : Conic    with Kc=-9.8208D-01, Kr=-9.3497D-01, nECoords =   6
  Elt   5: Reference   : Flat     with Kc= 0.0000D+00, Kr=-1.0000D+22, nECoords =   6
  Number of output coordinates is   5
  
  Aperture stop set at (global):  0.000000000D+00  0.000000000D+00  0.000000000D+00
  
  Input file /tmp/tpb68010d1_02b1_4046_b885_87e2497f36bc.in being loaded.
 Default used for  SegXgrid
 Optical Train Summary:
  Tracing rays past   5 elements.
  Aperture grid type = Circular  with   21 grid points.
  Elt   1: Reflector   : Conic    with Kc=-1.0000D+00, Kr=-2.5000D+00, nECoords =   6
  Elt   2: Reflector   : Conic    with Kc=-1.2384D+00, Kr=-4.4837D-01, nECoords =   6
  Elt   3: Reflector   : Conic    with Kc=-2.9499D+00, Kr=-2.3186D+00, nECoords =   6
  Elt   4: Reflector   : Conic    with Kc=-9.8208D-01, Kr=-9.3497D-01, nECoords =   6
  Elt   5: Reference   : Flat     with Kc= 0.0000D+00, Kr=-1.0000D+22, nECoords =   6
  Number of output coordinates is   5
  
  Aperture stop set at (global):  0.000000000D+00  0.000000000D+00  0.000000000D+00
  
 OPD: Rays being traced =          277
 Compute time was    0.0020 sec
 OPD: nPassRays =     276,    DAvgCumL =  59.98418436D-01 m 
 RMS OPD error is   1.539267441D-03 m 
 P-V OPD error is   6.046692653D-03 m 
 Average OPD is    -1.3303008879336011D-06 m 
  Input file /tmp/tpb68010d1_02b1_4046_b885_87e2497f36bc.in being loaded.
 Default used for  SegXgrid
 Optical Train Summary:
  Tracing rays past   5 elements.
  Aperture grid type = Circular  with   21 grid points.
  Elt   1: Reflector   : Conic    with Kc=-1.0000D+00, Kr=-2.5000D+00, nECoords =   6
  Elt   2: Reflector   : Conic    with Kc=-1.2384D+00, Kr=-4.4837D-01, nECoords =   6
  Elt   3: Reflector   : Conic    with Kc=-2.9499D+00, Kr=-2.3186D+00, nECoords =   6
  Elt   4: Reflector   : Conic    with Kc=-9.8208D-01, Kr=-9.3497D-01, nECoords =   6
  Elt   5: Reference   : Flat     with Kc= 0.0000D+00, Kr=-1.0000D+22, nECoords =   6
  Number of output coordinates is   5
  
  Aperture stop set at (global):  0.000000000D+00  0.000000000D+00  0.000000000D+00
  
 OPD: Rays being traced =          277
 Compute time was    0.0000 sec
 OPD: nPassRays =     276,    DAvgCumL =  59.98242492D-01 m 
 RMS OPD error is   1.083605633D-03 m 
 P-V OPD error is   3.953858953D-03 m 
 Average OPD is    -2.0096061836227004D-06 m 
  Input file /tmp/tpb68010d1_02b1_4046_b885_87e2497f36bc.in being loaded.
 Default used for  SegXgrid
 Optical Train Summary:
  Tracing rays past   5 elements.
  Aperture grid type = Circular  with   21 grid points.
  Elt   1: Reflector   : Conic    with Kc=-1.0000D+00, Kr=-2.5000D+00, nECoords =   6
  Elt   2: Reflector   : Conic    with Kc=-1.2384D+00, Kr=-4.4837D-01, nECoords =   6
  Elt   3: Reflector   : Conic    with Kc=-2.9499D+00, Kr=-2.3186D+00, nECoords =   6
  Elt   4: Reflector   : Conic    with Kc=-9.8208D-01, Kr=-9.3497D-01, nECoords =   6
  Elt   5: Reference   : Flat     with Kc= 0.0000D+00, Kr=-1.0000D+22, nECoords =   6
  Number of output coordinates is   5
  
  Aperture stop set at (global):  0.000000000D+00  0.000000000D+00  0.000000000D+00
  
 OPD: Rays being traced =          277
 Compute time was    0.0000 sec
 OPD: nPassRays =     276,    DAvgCumL =  59.98530708D-01 m 
 RMS OPD error is   1.533647720D-03 m 
 P-V OPD error is   6.035238300D-03 m 
 Average OPD is     1.2008069154482208D-06 m 
  Input file /tmp/tpb68010d1_02b1_4046_b885_87e2497f36bc.in being loaded.
 Default used for  SegXgrid
 Optical Train Summary:
  Tracing rays past   5 elements.
  Aperture grid type = Circular  with   21 grid points.
  Elt   1: Reflector   : Conic    with Kc=-1.0000D+00, Kr=-2.5000D+00, nECoords =   6
  Elt   2: Reflector   : Conic    with Kc=-1.2384D+00, Kr=-4.4837D-01, nECoords =   6
  Elt   3: Reflector   : Conic    with Kc=-2.9499D+00, Kr=-2.3186D+00, nECoords =   6
  Elt   4: Reflector   : Conic    with Kc=-9.8208D-01, Kr=-9.3497D-01, nECoords =   6
  Elt   5: Reference   : Flat     with Kc= 0.0000D+00, Kr=-1.0000D+22, nECoords =   6
  Number of output coordinates is   5
  
  Aperture stop set at (global):  0.000000000D+00  0.000000000D+00  0.000000000D+00
  
 OPD: Rays being traced =          277
 Compute time was    0.0020 sec
 OPD: nPassRays =     276,    DAvgCumL =  59.98296492D-01 m 
 RMS OPD error is   1.082572879D-03 m 
 P-V OPD error is   3.922495184D-03 m 
 Average OPD is    -2.9441495029429303D-06 m 
  Input file /tmp/tpb68010d1_02b1_4046_b885_87e2497f36bc.in being loaded.
 Default used for  SegXgrid
 Optical Train Summary:
  Tracing rays past   5 elements.
  Aperture grid type = Circular  with   21 grid points.
  Elt   1: Reflector   : Conic    with Kc=-1.0000D+00, Kr=-2.5000D+00, nECoords =   6
  Elt   2: Reflector   : Conic    with Kc=-1.2384D+00, Kr=-4.4837D-01, nECoords =   6
  Elt   3: Reflector   : Conic    with Kc=-2.9499D+00, Kr=-2.3186D+00, nECoords =   6
  Elt   4: Reflector   : Conic    with Kc=-9.8208D-01, Kr=-9.3497D-01, nECoords =   6
  Elt   5: Reference   : Flat     with Kc= 0.0000D+00, Kr=-1.0000D+22, nECoords =   6
  Number of output coordinates is   5
  
  Aperture stop set at (global):  0.000000000D+00  0.000000000D+00  0.000000000D+00
  
 OPD: Rays being traced =          277
 Compute time was    0.0000 sec
 OPD: nPassRays =     276,    DAvgCumL =  59.98104850D-01 m 
 RMS OPD error is   3.281923767D-06 m 
 P-V OPD error is   1.566697198D-05 m 
 Average OPD is    -3.5945730305276991D-06 m 
  Input file /tmp/tpb68010d1_02b1_4046_b885_87e2497f36bc.in being loaded.
 Default used for  SegXgrid
 Optical Train Summary:
  Tracing rays past   5 elements.
  Aperture grid type = Circular  with   21 grid points.
  Elt   1: Reflector   : Conic    with Kc=-1.0000D+00, Kr=-2.5000D+00, nECoords =   6
  Elt   2: Reflector   : Conic    with Kc=-1.2384D+00, Kr=-4.4837D-01, nECoords =   6
  Elt   3: Reflector   : Conic    with Kc=-2.9499D+00, Kr=-2.3186D+00, nECoords =   6
  Elt   4: Reflector   : Conic    with Kc=-9.8208D-01, Kr=-9.3497D-01, nECoords =   6
  Elt   5: Reference   : Flat     with Kc= 0.0000D+00, Kr=-1.0000D+22, nECoords =   6
  Number of output coordinates is   5
  
  Aperture stop set at (global):  0.000000000D+00  0.000000000D+00  0.000000000D+00
  
 OPD: Rays being traced =          277
 Compute time was    0.0000 sec
 OPD: nPassRays =     276,    DAvgCumL =  59.98354277D-01 m 
 RMS OPD error is   1.078907067D-03 m 
 P-V OPD error is   3.915878520D-03 m 
 Average OPD is    -4.3091161496038699D-07 m 
  Input file /tmp/tpb68010d1_02b1_4046_b885_87e2497f36bc.in being loaded.
 Default used for  SegXgrid
 Optical Train Summary:
  Tracing rays past   5 elements.
  Aperture grid type = Circular  with   21 grid points.
  Elt   1: Reflector   : Conic    with Kc=-1.0000D+00, Kr=-2.5000D+00, nECoords =   6
  Elt   2: Reflector   : Conic    with Kc=-1.2384D+00, Kr=-4.4837D-01, nECoords =   6
  Elt   3: Reflector   : Conic    with Kc=-2.9499D+00, Kr=-2.3186D+00, nECoords =   6
  Elt   4: Reflector   : Conic    with Kc=-9.8208D-01, Kr=-9.3497D-01, nECoords =   6
  Elt   5: Reference   : Flat     with Kc= 0.0000D+00, Kr=-1.0000D+22, nECoords =   6
  Number of output coordinates is   5
  
  Aperture stop set at (global):  0.000000000D+00  0.000000000D+00  0.000000000D+00
  
 OPD: Rays being traced =          277
 Compute time was    0.0000 sec
 OPD: nPassRays =     276,    DAvgCumL =  59.98418436D-01 m 
 RMS OPD error is   1.539267441D-03 m 
 P-V OPD error is   6.046692653D-03 m 
 Average OPD is    -1.3303008879496914D-06 m 
  Input file /tmp/tpb68010d1_02b1_4046_b885_87e2497f36bc.in being loaded.
 Default used for  SegXgrid
 Optical Train Summary:
  Tracing rays past   5 elements.
  Aperture grid type = Circular  with   21 grid points.
  Elt   1: Reflector   : Conic    with Kc=-1.0000D+00, Kr=-2.5000D+00, nECoords =   6
  Elt   2: Reflector   : Conic    with Kc=-1.2384D+00, Kr=-4.4837D-01, nECoords =   6
  Elt   3: Reflector   : Conic    with Kc=-2.9499D+00, Kr=-2.3186D+00, nECoords =   6
  Elt   4: Reflector   : Conic    with Kc=-9.8208D-01, Kr=-9.3497D-01, nECoords =   6
  Elt   5: Reference   : Flat     with Kc= 0.0000D+00, Kr=-1.0000D+22, nECoords =   6
  Number of output coordinates is   5
  
  Aperture stop set at (global):  0.000000000D+00  0.000000000D+00  0.000000000D+00
  
 OPD: Rays being traced =          277
 Compute time was    0.0020 sec
 OPD: nPassRays =     276,    DAvgCumL =  59.98242492D-01 m 
 RMS OPD error is   1.083605633D-03 m 
 P-V OPD error is   3.953858953D-03 m 
 Average OPD is    -2.0096061836227004D-06 m 
  Input file /tmp/tpb68010d1_02b1_4046_b885_87e2497f36bc.in being loaded.
 Default used for  SegXgrid
 Optical Train Summary:
  Tracing rays past   5 elements.
  Aperture grid type = Circular  with   21 grid points.
  Elt   1: Reflector   : Conic    with Kc=-1.0000D+00, Kr=-2.5000D+00, nECoords =   6
  Elt   2: Reflector   : Conic    with Kc=-1.2384D+00, Kr=-4.4837D-01, nECoords =   6
  Elt   3: Reflector   : Conic    with Kc=-2.9499D+00, Kr=-2.3186D+00, nECoords =   6
  Elt   4: Reflector   : Conic    with Kc=-9.8208D-01, Kr=-9.3497D-01, nECoords =   6
  Elt   5: Reference   : Flat     with Kc= 0.0000D+00, Kr=-1.0000D+22, nECoords =   6
  Number of output coordinates is   5
  
  Aperture stop set at (global):  0.000000000D+00  0.000000000D+00  0.000000000D+00
  
 OPD: Rays being traced =          277
 Compute time was    0.0000 sec
 OPD: nPassRays =     276,    DAvgCumL =  59.98530708D-01 m 
 RMS OPD error is   1.533647720D-03 m 
 P-V OPD error is   6.035238300D-03 m 
 Average OPD is     1.2008069154804011D-06 m 
  Input file /tmp/tpbac5d27b_44f2_4e3a_9e47_46cdb020a4df.in being loaded.
 Default used for  SegXgrid
 Optical Train Summary:
  Tracing rays past   5 elements.
  Aperture grid type = Circular  with   21 grid points.
  Elt   1: Reflector   : Conic    with Kc=-1.0000D+00, Kr=-2.5000D+00, nECoords =   6
  Elt   2: Reflector   : Conic    with Kc=-1.2384D+00, Kr=-4.4837D-01, nECoords =   6
  Elt   3: Reflector   : Conic    with Kc=-2.9499D+00, Kr=-2.3186D+00, nECoords =   6
  Elt   4: Reflector   : Conic    with Kc=-9.8208D-01, Kr=-9.3497D-01, nECoords =   6
  Elt   5: Reference   : Flat     with Kc= 0.0000D+00, Kr=-1.0000D+22, nECoords =   6
  Number of output coordinates is   5
  
  Aperture stop set at (global):  0.000000000D+00  0.000000000D+00  0.000000000D+00
  
 OPD: Rays being traced =          277
 Compute time was    0.0020 sec
 OPD: nPassRays =     276,    DAvgCumL =  12.67619349D-01 m 
 RMS OPD error is   1.419742281D-02 m 
 P-V OPD error is   5.167010635D-02 m 
 Average OPD is    -2.4333968567546094D-02 m 
 OPD: Rays being traced =          277
 Compute time was    0.0000 sec
 OPD: nPassRays =     276,    DAvgCumL =  59.98418436D-01 m 
 RMS OPD error is   1.539267441D-03 m 
 P-V OPD error is   6.046692653D-03 m 
 Average OPD is    -1.3303008879336011D-06 m 
  Input file /tmp/tpbac5d27b_44f2_4e3a_9e47_46cdb020a4df.in being loaded.
 Default used for  SegXgrid
 Optical Train Summary:
  Tracing rays past   5 elements.
  Aperture grid type = Circular  with   21 grid points.
  Elt   1: Reflector   : Conic    with Kc=-1.0000D+00, Kr=-2.5000D+00, nECoords =   6
  Elt   2: Reflector   : Conic    with Kc=-1.2384D+00, Kr=-4.4837D-01, nECoords =   6
  Elt   3: Reflector   : Conic    with Kc=-2.9499D+00, Kr=-2.3186D+00, nECoords =   6
  Elt   4: Reflector   : Conic    with Kc=-9.8208D-01, Kr=-9.3497D-01, nECoords =   6
  Elt   5: Reference   : Flat     with Kc= 0.0000D+00, Kr=-1.0000D+22, nECoords =   6
  Number of output coordinates is   5
  
  Aperture stop set at (global):  0.000000000D+00  0.000000000D+00  0.000000000D+00
  
 OPD: Rays being traced =          277
 Compute time was    0.0000 sec
 OPD: nPassRays =     276,    DAvgCumL =  12.67617554D-01 m 
 RMS OPD error is   1.435720682D-02 m 
 P-V OPD error is   5.354549631D-02 m 
 Average OPD is    -2.4335763510063151D-02 m 
 OPD: Rays being traced =          277
 Compute time was    0.0000 sec
 OPD: nPassRays =     276,    DAvgCumL =  59.98242492D-01 m 
 RMS OPD error is   1.083605633D-03 m 
 P-V OPD error is   3.953858953D-03 m 
 Average OPD is    -2.0096061836227004D-06 m 
  Input file /tmp/tpbac5d27b_44f2_4e3a_9e47_46cdb020a4df.in being loaded.
 Default used for  SegXgrid
 Optical Train Summary:
  Tracing rays past   5 elements.
  Aperture grid type = Circular  with   21 grid points.
  Elt   1: Reflector   : Conic    with Kc=-1.0000D+00, Kr=-2.5000D+00, nECoords =   6
  Elt   2: Reflector   : Conic    with Kc=-1.2384D+00, Kr=-4.4837D-01, nECoords =   6
  Elt   3: Reflector   : Conic    with Kc=-2.9499D+00, Kr=-2.3186D+00, nECoords =   6
  Elt   4: Reflector   : Conic    with Kc=-9.8208D-01, Kr=-9.3497D-01, nECoords =   6
  Elt   5: Reference   : Flat     with Kc= 0.0000D+00, Kr=-1.0000D+22, nECoords =   6
  Number of output coordinates is   5
  
  Aperture stop set at (global):  0.000000000D+00  0.000000000D+00  0.000000000D+00
  
 OPD: Rays being traced =          277
 Compute time was    0.0020 sec
 OPD: nPassRays =     276,    DAvgCumL =  12.67614814D-01 m 
 RMS OPD error is   1.459774741D-02 m 
 P-V OPD error is   5.542322854D-02 m 
 Average OPD is    -2.4338503573907749D-02 m 
 OPD: Rays being traced =          277
 Compute time was    0.0000 sec
 OPD: nPassRays =     276,    DAvgCumL =  59.98530708D-01 m 
 RMS OPD error is   1.533647720D-03 m 
 P-V OPD error is   6.035238300D-03 m 
 Average OPD is     1.2008069154482208D-06 m 
  Input file /tmp/tpbac5d27b_44f2_4e3a_9e47_46cdb020a4df.in being loaded.
 Default used for  SegXgrid
 Optical Train Summary:
  Tracing rays past   5 elements.
  Aperture grid type = Circular  with   21 grid points.
  Elt   1: Reflector   : Conic    with Kc=-1.0000D+00, Kr=-2.5000D+00, nECoords =   6
  Elt   2: Reflector   : Conic    with Kc=-1.2384D+00, Kr=-4.4837D-01, nECoords =   6
  Elt   3: Reflector   : Conic    with Kc=-2.9499D+00, Kr=-2.3186D+00, nECoords =   6
  Elt   4: Reflector   : Conic    with Kc=-9.8208D-01, Kr=-9.3497D-01, nECoords =   6
  Elt   5: Reference   : Flat     with Kc= 0.0000D+00, Kr=-1.0000D+22, nECoords =   6
  Number of output coordinates is   5
  
  Aperture stop set at (global):  0.000000000D+00  0.000000000D+00  0.000000000D+00
  
 OPD: Rays being traced =          277
 Compute time was    0.0000 sec
 OPD: nPassRays =     276,    DAvgCumL =  12.67619821D-01 m 
 RMS OPD error is   1.415507687D-02 m 
 P-V OPD error is   5.026587765D-02 m 
 Average OPD is    -2.4333496244226208D-02 m 
 OPD: Rays being traced =          277
 Compute time was    0.0020 sec
 OPD: nPassRays =     276,    DAvgCumL =  59.98296492D-01 m 
 RMS OPD error is   1.082572879D-03 m 
 P-V OPD error is   3.922495184D-03 m 
 Average OPD is    -2.9441495029429303D-06 m 
  Input file /tmp/tpbac5d27b_44f2_4e3a_9e47_46cdb020a4df.in being loaded.
 Default used for  SegXgrid
 Optical Train Summary:
  Tracing rays past   5 elements.
  Aperture grid type = Circular  with   21 grid points.
  Elt   1: Reflector   : Conic    with Kc=-1.0000D+00, Kr=-2.5000D+00, nECoords =   6
  Elt   2: Reflector   : Conic    with Kc=-1.2384D+00, Kr=-4.4837D-01, nECoords =   6
  Elt   3: Reflector   : Conic    with Kc=-2.9499D+00, Kr=-2.3186D+00, nECoords =   6
  Elt   4: Reflector   : Conic    with Kc=-9.8208D-01, Kr=-9.3497D-01, nECoords =   6
  Elt   5: Reference   : Flat     with Kc= 0.0000D+00, Kr=-1.0000D+22, nECoords =   6
  Number of output coordinates is   5
  
  Aperture stop set at (global):  0.000000000D+00  0.000000000D+00  0.000000000D+00
  
 OPD: Rays being traced =          277
 Compute time was    0.0000 sec
 OPD: nPassRays =     276,    DAvgCumL =  12.67618026D-01 m 
 RMS OPD error is   1.431532715D-02 m 
 P-V OPD error is   5.214032665D-02 m 
 Average OPD is    -2.4335291107281942D-02 m 
 OPD: Rays being traced =          277
 Compute time was    0.0020 sec
 OPD: nPassRays =     276,    DAvgCumL =  59.98104850D-01 m 
 RMS OPD error is   3.281923767D-06 m 
 P-V OPD error is   1.566697198D-05 m 
 Average OPD is    -3.5945730305276991D-06 m 
  Input file /tmp/tpbac5d27b_44f2_4e3a_9e47_46cdb020a4df.in being loaded.
 Default used for  SegXgrid
 Optical Train Summary:
  Tracing rays past   5 elements.
  Aperture grid type = Circular  with   21 grid points.
  Elt   1: Reflector   : Conic    with Kc=-1.0000D+00, Kr=-2.5000D+00, nECoords =   6
  Elt   2: Reflector   : Conic    with Kc=-1.2384D+00, Kr=-4.4837D-01, nECoords =   6
  Elt   3: Reflector   : Conic    with Kc=-2.9499D+00, Kr=-2.3186D+00, nECoords =   6
  Elt   4: Reflector   : Conic    with Kc=-9.8208D-01, Kr=-9.3497D-01, nECoords =   6
  Elt   5: Reference   : Flat     with Kc= 0.0000D+00, Kr=-1.0000D+22, nECoords =   6
  Number of output coordinates is   5
  
  Aperture stop set at (global):  0.000000000D+00  0.000000000D+00  0.000000000D+00
  
 OPD: Rays being traced =          277
 Compute time was    0.0000 sec
 OPD: nPassRays =     276,    DAvgCumL =  12.67615286D-01 m 
 RMS OPD error is   1.455655019D-02 m 
 P-V OPD error is   5.401711476D-02 m 
 Average OPD is    -2.4338031049812109D-02 m 
 OPD: Rays being traced =          277
 Compute time was    0.0020 sec
 OPD: nPassRays =     276,    DAvgCumL =  59.98354277D-01 m 
 RMS OPD error is   1.078907067D-03 m 
 P-V OPD error is   3.915878520D-03 m 
 Average OPD is    -4.3091161496038699D-07 m 
  Input file /tmp/tpbac5d27b_44f2_4e3a_9e47_46cdb020a4df.in being loaded.
 Default used for  SegXgrid
 Optical Train Summary:
  Tracing rays past   5 elements.
  Aperture grid type = Circular  with   21 grid points.
  Elt   1: Reflector   : Conic    with Kc=-1.0000D+00, Kr=-2.5000D+00, nECoords =   6
  Elt   2: Reflector   : Conic    with Kc=-1.2384D+00, Kr=-4.4837D-01, nECoords =   6
  Elt   3: Reflector   : Conic    with Kc=-2.9499D+00, Kr=-2.3186D+00, nECoords =   6
  Elt   4: Reflector   : Conic    with Kc=-9.8208D-01, Kr=-9.3497D-01, nECoords =   6
  Elt   5: Reference   : Flat     with Kc= 0.0000D+00, Kr=-1.0000D+22, nECoords =   6
  Number of output coordinates is   5
  
  Aperture stop set at (global):  0.000000000D+00  0.000000000D+00  0.000000000D+00
  
 OPD: Rays being traced =          277
 Compute time was    0.0000 sec
 OPD: nPassRays =     276,    DAvgCumL =  12.67619349D-01 m 
 RMS OPD error is   1.419742281D-02 m 
 P-V OPD error is   5.167010635D-02 m 
 Average OPD is    -2.4333968567546081D-02 m 
 OPD: Rays being traced =          277
 Compute time was    0.0000 sec
 OPD: nPassRays =     276,    DAvgCumL =  59.98418436D-01 m 
 RMS OPD error is   1.539267441D-03 m 
 P-V OPD error is   6.046692653D-03 m 
 Average OPD is    -1.3303008879496914D-06 m 
  Input file /tmp/tpbac5d27b_44f2_4e3a_9e47_46cdb020a4df.in being loaded.
 Default used for  SegXgrid
 Optical Train Summary:
  Tracing rays past   5 elements.
  Aperture grid type = Circular  with   21 grid points.
  Elt   1: Reflector   : Conic    with Kc=-1.0000D+00, Kr=-2.5000D+00, nECoords =   6
  Elt   2: Reflector   : Conic    with Kc=-1.2384D+00, Kr=-4.4837D-01, nECoords =   6
  Elt   3: Reflector   : Conic    with Kc=-2.9499D+00, Kr=-2.3186D+00, nECoords =   6
  Elt   4: Reflector   : Conic    with Kc=-9.8208D-01, Kr=-9.3497D-01, nECoords =   6
  Elt   5: Reference   : Flat     with Kc= 0.0000D+00, Kr=-1.0000D+22, nECoords =   6
  Number of output coordinates is   5
  
  Aperture stop set at (global):  0.000000000D+00  0.000000000D+00  0.000000000D+00
  
 OPD: Rays being traced =          277
 Compute time was    0.0020 sec
 OPD: nPassRays =     276,    DAvgCumL =  12.67617554D-01 m 
 RMS OPD error is   1.435720682D-02 m 
 P-V OPD error is   5.354549631D-02 m 
 Average OPD is    -2.4335763510063151D-02 m 
 OPD: Rays being traced =          277
 Compute time was    0.0000 sec
 OPD: nPassRays =     276,    DAvgCumL =  59.98242492D-01 m 
 RMS OPD error is   1.083605633D-03 m 
 P-V OPD error is   3.953858953D-03 m 
 Average OPD is    -2.0096061836227004D-06 m 
  Input file /tmp/tpbac5d27b_44f2_4e3a_9e47_46cdb020a4df.in being loaded.
 Default used for  SegXgrid
 Optical Train Summary:
  Tracing rays past   5 elements.
  Aperture grid type = Circular  with   21 grid points.
  Elt   1: Reflector   : Conic    with Kc=-1.0000D+00, Kr=-2.5000D+00, nECoords =   6
  Elt   2: Reflector   : Conic    with Kc=-1.2384D+00, Kr=-4.4837D-01, nECoords =   6
  Elt   3: Reflector   : Conic    with Kc=-2.9499D+00, Kr=-2.3186D+00, nECoords =   6
  Elt   4: Reflector   : Conic    with Kc=-9.8208D-01, Kr=-9.3497D-01, nECoords =   6
  Elt   5: Reference   : Flat     with Kc= 0.0000D+00, Kr=-1.0000D+22, nECoords =   6
  Number of output coordinates is   5
  
  Aperture stop set at (global):  0.000000000D+00  0.000000000D+00  0.000000000D+00
  
 OPD: Rays being traced =          277
 Compute time was    0.0000 sec
 OPD: nPassRays =     276,    DAvgCumL =  12.67614814D-01 m 
 RMS OPD error is   1.459774741D-02 m 
 P-V OPD error is   5.542322854D-02 m 
 Average OPD is    -2.4338503573907769D-02 m 
 OPD: Rays being traced =          277
 Compute time was    0.0020 sec
 OPD: nPassRays =     276,    DAvgCumL =  59.98530708D-01 m 
 RMS OPD error is   1.533647720D-03 m 
 P-V OPD error is   6.035238300D-03 m 
 Average OPD is     1.2008069154804011D-06 m 
  Input file /tmp/tp78cca764_ebd8_4975_a37c_4d7cd2b7e879.in being loaded.
 Default used for  SegXgrid
 Optical Train Summary:
  Tracing rays past   5 elements.
  Aperture grid type = Circular  with   21 grid points.
  Elt   1: Reflector   : Conic    with Kc=-1.0000D+00, Kr=-2.5000D+00, nECoords =   6
  Elt   2: Reflector   : Conic    with Kc=-1.2384D+00, Kr=-4.4837D-01, nECoords =   6
  Elt   3: Reflector   : Conic    with Kc=-2.9498D+00, Kr=-2.3186D+00, nECoords =   6
  Elt   4: Reflector   : Conic    with Kc=-9.8208D-01, Kr=-9.3497D-01, nECoords =   6
  Elt   5: Reference   : Flat     with Kc= 0.0000D+00, Kr=-1.0000D+22, nECoords =   6
  Number of output coordinates is   5
  
  Aperture stop set at (global):  0.000000000D+00  0.000000000D+00  0.000000000D+00
  
  Input file /tmp/tp78cca764_ebd8_4975_a37c_4d7cd2b7e879.in being loaded.
 Default used for  SegXgrid
 Optical Train Summary:
  Tracing rays past   5 elements.
  Aperture grid type = Circular  with   21 grid points.
  Elt   1: Reflector   : Conic    with Kc=-1.0000D+00, Kr=-2.5000D+00, nECoords =   6
  Elt   2: Reflector   : Conic    with Kc=-1.2384D+00, Kr=-4.4837D-01, nECoords =   6
  Elt   3: Reflector   : Conic    with Kc=-2.9498D+00, Kr=-2.3186D+00, nECoords =   6
  Elt   4: Reflector   : Conic    with Kc=-9.8208D-01, Kr=-9.3497D-01, nECoords =   6
  Elt   5: Reference   : Flat     with Kc= 0.0000D+00, Kr=-1.0000D+22, nECoords =   6
  Number of output coordinates is   5
  
  Aperture stop set at (global):  0.000000000D+00  0.000000000D+00  0.000000000D+00
  
 OPD: Rays being traced =          277
 Compute time was    0.0020 sec
 OPD: nPassRays =     276,    DAvgCumL =  59.81385711D-01 m 
 RMS OPD error is   2.659820605D-03 m 
 P-V OPD error is   9.638814305D-03 m 
 Average OPD is     1.2205641407217431D-05 m 
  Input file /tmp/tpdc353384_235d_43c6_8b5c_488be72bd3b9.in being loaded.
 Default used for  SegXgrid
 Optical Train Summary:
  Tracing rays past   5 elements.
  Aperture grid type = Circular  with   21 grid points.
  Elt   1: Reflector   : Conic    with Kc=-1.0000D+00, Kr=-2.5000D+00, nECoords =   6
  Elt   2: Reflector   : Conic    with Kc=-1.2384D+00, Kr=-4.4837D-01, nECoords =   6
  Elt   3: Reflector   : Conic    with Kc=-2.9498D+00, Kr=-2.3186D+00, nECoords =   6
  Elt   4: Reflector   : Conic    with Kc=-9.8208D-01, Kr=-9.3497D-01, nECoords =   6
  Elt   5: Reference   : Flat     with Kc= 0.0000D+00, Kr=-1.0000D+22, nECoords =   6
  Number of output coordinates is   5
  
  Aperture stop set at (global):  0.000000000D+00  0.000000000D+00  0.000000000D+00
  
 OPD: Rays being traced =          277
 Compute time was    0.0000 sec
 OPD: nPassRays =     276,    DAvgCumL =  59.98104856D-01 m 
 RMS OPD error is   3.241932112D-06 m 
 P-V OPD error is   1.542312887D-05 m 
 Average OPD is    -3.5848970808951908D-06 m 
  Input file /tmp/tp78cca764_ebd8_4975_a37c_4d7cd2b7e879.in being loaded.
 Default used for  SegXgrid
 Optical Train Summary:
  Tracing rays past   5 elements.
  Aperture grid type = Circular  with   21 grid points.
  Elt   1: Reflector   : Conic    with Kc=-1.0000D+00, Kr=-2.5000D+00, nECoords =   6
  Elt   2: Reflector   : Conic    with Kc=-1.2384D+00, Kr=-4.4837D-01, nECoords =   6
  Elt   3: Reflector   : Conic    with Kc=-2.9498D+00, Kr=-2.3186D+00, nECoords =   6
  Elt   4: Reflector   : Conic    with Kc=-9.8208D-01, Kr=-9.3497D-01, nECoords =   6
  Elt   5: Reference   : Flat     with Kc= 0.0000D+00, Kr=-1.0000D+22, nECoords =   6
  Number of output coordinates is   5
  
  Aperture stop set at (global):  0.000000000D+00  0.000000000D+00  0.000000000D+00
  
  Input file /tmp/tp492556fe_a3df_4bdc_9944_e94afbe42e2f.in being loaded.
 Default used for  SegXgrid
 Optical Train Summary:
  Tracing rays past   5 elements.
  Aperture grid type = Circular  with   21 grid points.
  Elt   1: Reflector   : Conic    with Kc=-1.0000D+00, Kr=-2.5000D+00, nECoords =   6
  Elt   2: Reflector   : Conic    with Kc=-1.2384D+00, Kr=-4.4837D-01, nECoords =   6
  Elt   3: Reflector   : Conic    with Kc=-2.9498D+00, Kr=-2.3186D+00, nECoords =   6
  Elt   4: Reflector   : Conic    with Kc=-9.8208D-01, Kr=-9.3497D-01, nECoords =   6
  Elt   5: Reference   : Flat     with Kc= 0.0000D+00, Kr=-1.0000D+22, nECoords =   6
  Number of output coordinates is   5
  
  Aperture stop set at (global):  0.000000000D+00  0.000000000D+00  0.000000000D+00
  
 OPD: Rays being traced =          277
 Compute time was    0.0020 sec
 OPD: nPassRays =     276,    DAvgCumL =  59.98418434D-01 m 
 RMS OPD error is   1.539267400D-03 m 
 P-V OPD error is   6.046692486D-03 m 
 Average OPD is    -1.3303062780309873D-06 m 
  Input file /tmp/tp492556fe_a3df_4bdc_9944_e94afbe42e2f.in being loaded.
 Default used for  SegXgrid
 Optical Train Summary:
  Tracing rays past   5 elements.
  Aperture grid type = Circular  with   21 grid points.
  Elt   1: Reflector   : Conic    with Kc=-1.0000D+00, Kr=-2.5000D+00, nECoords =   6
  Elt   2: Reflector   : Conic    with Kc=-1.2384D+00, Kr=-4.4837D-01, nECoords =   6
  Elt   3: Reflector   : Conic    with Kc=-2.9498D+00, Kr=-2.3186D+00, nECoords =   6
  Elt   4: Reflector   : Conic    with Kc=-9.8208D-01, Kr=-9.3497D-01, nECoords =   6
  Elt   5: Reference   : Flat     with Kc= 0.0000D+00, Kr=-1.0000D+22, nECoords =   6
  Number of output coordinates is   5
  
  Aperture stop set at (global):  0.000000000D+00  0.000000000D+00  0.000000000D+00
  
 OPD: Rays being traced =          277
 Compute time was    0.0000 sec
 OPD: nPassRays =     276,    DAvgCumL =  59.98242489D-01 m 
 RMS OPD error is   1.083605646D-03 m 
 P-V OPD error is   3.953858997D-03 m 
 Average OPD is    -2.0096087832694462D-06 m 
  Input file /tmp/tp492556fe_a3df_4bdc_9944_e94afbe42e2f.in being loaded.
 Default used for  SegXgrid
 Optical Train Summary:
  Tracing rays past   5 elements.
  Aperture grid type = Circular  with   21 grid points.
  Elt   1: Reflector   : Conic    with Kc=-1.0000D+00, Kr=-2.5000D+00, nECoords =   6
  Elt   2: Reflector   : Conic    with Kc=-1.2384D+00, Kr=-4.4837D-01, nECoords =   6
  Elt   3: Reflector   : Conic    with Kc=-2.9498D+00, Kr=-2.3186D+00, nECoords =   6
  Elt   4: Reflector   : Conic    with Kc=-9.8208D-01, Kr=-9.3497D-01, nECoords =   6
  Elt   5: Reference   : Flat     with Kc= 0.0000D+00, Kr=-1.0000D+22, nECoords =   6
  Number of output coordinates is   5
  
  Aperture stop set at (global):  0.000000000D+00  0.000000000D+00  0.000000000D+00
  
 OPD: Rays being traced =          277
 Compute time was    0.0020 sec
 OPD: nPassRays =     276,    DAvgCumL =  59.98530709D-01 m 
 RMS OPD error is   1.533647713D-03 m 
 P-V OPD error is   6.035238380D-03 m 
 Average OPD is     1.2008348809428751D-06 m 
  Input file /tmp/tp492556fe_a3df_4bdc_9944_e94afbe42e2f.in being loaded.
 Default used for  SegXgrid
 Optical Train Summary:
  Tracing rays past   5 elements.
  Aperture grid type = Circular  with   21 grid points.
  Elt   1: Reflector   : Conic    with Kc=-1.0000D+00, Kr=-2.5000D+00, nECoords =   6
  Elt   2: Reflector   : Conic    with Kc=-1.2384D+00, Kr=-4.4837D-01, nECoords =   6
  Elt   3: Reflector   : Conic    with Kc=-2.9498D+00, Kr=-2.3186D+00, nECoords =   6
  Elt   4: Reflector   : Conic    with Kc=-9.8208D-01, Kr=-9.3497D-01, nECoords =   6
  Elt   5: Reference   : Flat     with Kc= 0.0000D+00, Kr=-1.0000D+22, nECoords =   6
  Number of output coordinates is   5
  
  Aperture stop set at (global):  0.000000000D+00  0.000000000D+00  0.000000000D+00
  
 OPD: Rays being traced =          277
 Compute time was    0.0000 sec
 OPD: nPassRays =     276,    DAvgCumL =  59.98296490D-01 m 
 RMS OPD error is   1.082572834D-03 m 
 P-V OPD error is   3.922495026D-03 m 
 Average OPD is    -2.9441569527936506D-06 m 
  Input file /tmp/tp492556fe_a3df_4bdc_9944_e94afbe42e2f.in being loaded.
 Default used for  SegXgrid
 Optical Train Summary:
  Tracing rays past   5 elements.
  Aperture grid type = Circular  with   21 grid points.
  Elt   1: Reflector   : Conic    with Kc=-1.0000D+00, Kr=-2.5000D+00, nECoords =   6
  Elt   2: Reflector   : Conic    with Kc=-1.2384D+00, Kr=-4.4837D-01, nECoords =   6
  Elt   3: Reflector   : Conic    with Kc=-2.9498D+00, Kr=-2.3186D+00, nECoords =   6
  Elt   4: Reflector   : Conic    with Kc=-9.8208D-01, Kr=-9.3497D-01, nECoords =   6
  Elt   5: Reference   : Flat     with Kc= 0.0000D+00, Kr=-1.0000D+22, nECoords =   6
  Number of output coordinates is   5
  
  Aperture stop set at (global):  0.000000000D+00  0.000000000D+00  0.000000000D+00
  
 OPD: Rays being traced =          277
 Compute time was    0.0000 sec
 OPD: nPassRays =     276,    DAvgCumL =  59.98104847D-01 m 
 RMS OPD error is   3.281926714D-06 m 
 P-V OPD error is   1.566697970D-05 m 
 Average OPD is    -3.5945806358353871D-06 m 
  Input file /tmp/tp492556fe_a3df_4bdc_9944_e94afbe42e2f.in being loaded.
 Default used for  SegXgrid
 Optical Train Summary:
  Tracing rays past   5 elements.
  Aperture grid type = Circular  with   21 grid points.
  Elt   1: Reflector   : Conic    with Kc=-1.0000D+00, Kr=-2.5000D+00, nECoords =   6
  Elt   2: Reflector   : Conic    with Kc=-1.2384D+00, Kr=-4.4837D-01, nECoords =   6
  Elt   3: Reflector   : Conic    with Kc=-2.9498D+00, Kr=-2.3186D+00, nECoords =   6
  Elt   4: Reflector   : Conic    with Kc=-9.8208D-01, Kr=-9.3497D-01, nECoords =   6
  Elt   5: Reference   : Flat     with Kc= 0.0000D+00, Kr=-1.0000D+22, nECoords =   6
  Number of output coordinates is   5
  
  Aperture stop set at (global):  0.000000000D+00  0.000000000D+00  0.000000000D+00
  
 OPD: Rays being traced =          277
 Compute time was    0.0020 sec
 OPD: nPassRays =     276,    DAvgCumL =  59.98354276D-01 m 
 RMS OPD error is   1.078907046D-03 m 
 P-V OPD error is   3.915878500D-03 m 
 Average OPD is    -4.3089463222310931D-07 m 
  Input file /tmp/tp492556fe_a3df_4bdc_9944_e94afbe42e2f.in being loaded.
 Default used for  SegXgrid
 Optical Train Summary:
  Tracing rays past   5 elements.
  Aperture grid type = Circular  with   21 grid points.
  Elt   1: Reflector   : Conic    with Kc=-1.0000D+00, Kr=-2.5000D+00, nECoords =   6
  Elt   2: Reflector   : Conic    with Kc=-1.2384D+00, Kr=-4.4837D-01, nECoords =   6
  Elt   3: Reflector   : Conic    with Kc=-2.9498D+00, Kr=-2.3186D+00, nECoords =   6
  Elt   4: Reflector   : Conic    with Kc=-9.8208D-01, Kr=-9.3497D-01, nECoords =   6
  Elt   5: Reference   : Flat     with Kc= 0.0000D+00, Kr=-1.0000D+22, nECoords =   6
  Number of output coordinates is   5
  
  Aperture stop set at (global):  0.000000000D+00  0.000000000D+00  0.000000000D+00
  
 OPD: Rays being traced =          277
 Compute time was    0.0000 sec
 OPD: nPassRays =     276,    DAvgCumL =  59.98418434D-01 m 
 RMS OPD error is   1.539267400D-03 m 
 P-V OPD error is   6.046692486D-03 m 
 Average OPD is    -1.3303062779215740D-06 m 
  Input file /tmp/tp492556fe_a3df_4bdc_9944_e94afbe42e2f.in being loaded.
 Default used for  SegXgrid
 Optical Train Summary:
  Tracing rays past   5 elements.
  Aperture grid type = Circular  with   21 grid points.
  Elt   1: Reflector   : Conic    with Kc=-1.0000D+00, Kr=-2.5000D+00, nECoords =   6
  Elt   2: Reflector   : Conic    with Kc=-1.2384D+00, Kr=-4.4837D-01, nECoords =   6
  Elt   3: Reflector   : Conic    with Kc=-2.9498D+00, Kr=-2.3186D+00, nECoords =   6
  Elt   4: Reflector   : Conic    with Kc=-9.8208D-01, Kr=-9.3497D-01, nECoords =   6
  Elt   5: Reference   : Flat     with Kc= 0.0000D+00, Kr=-1.0000D+22, nECoords =   6
  Number of output coordinates is   5
  
  Aperture stop set at (global):  0.000000000D+00  0.000000000D+00  0.000000000D+00
  
 OPD: Rays being traced =          277
 Compute time was    0.0020 sec
 OPD: nPassRays =     276,    DAvgCumL =  59.98242489D-01 m 
 RMS OPD error is   1.083605646D-03 m 
 P-V OPD error is   3.953858997D-03 m 
 Average OPD is    -2.0096087832758824D-06 m 
  Input file /tmp/tp492556fe_a3df_4bdc_9944_e94afbe42e2f.in being loaded.
 Default used for  SegXgrid
 Optical Train Summary:
  Tracing rays past   5 elements.
  Aperture grid type = Circular  with   21 grid points.
  Elt   1: Reflector   : Conic    with Kc=-1.0000D+00, Kr=-2.5000D+00, nECoords =   6
  Elt   2: Reflector   : Conic    with Kc=-1.2384D+00, Kr=-4.4837D-01, nECoords =   6
  Elt   3: Reflector   : Conic    with Kc=-2.9498D+00, Kr=-2.3186D+00, nECoords =   6
  Elt   4: Reflector   : Conic    with Kc=-9.8208D-01, Kr=-9.3497D-01, nECoords =   6
  Elt   5: Reference   : Flat     with Kc= 0.0000D+00, Kr=-1.0000D+22, nECoords =   6
  Number of output coordinates is   5
  
  Aperture stop set at (global):  0.000000000D+00  0.000000000D+00  0.000000000D+00
  
 OPD: Rays being traced =          277
 Compute time was    0.0000 sec
 OPD: nPassRays =     276,    DAvgCumL =  59.98530709D-01 m 
 RMS OPD error is   1.533647713D-03 m 
 P-V OPD error is   6.035238380D-03 m 
 Average OPD is     1.2008348809460931D-06 m 
  Input file /tmp/tp78cca764_ebd8_4975_a37c_4d7cd2b7e879.in being loaded.
 Default used for  SegXgrid
 Optical Train Summary:
  Tracing rays past   5 elements.
  Aperture grid type = Circular  with   21 grid points.
  Elt   1: Reflector   : Conic    with Kc=-1.0000D+00, Kr=-2.5000D+00, nECoords =   6
  Elt   2: Reflector   : Conic    with Kc=-1.2384D+00, Kr=-4.4837D-01, nECoords =   6
  Elt   3: Reflector   : Conic    with Kc=-2.9498D+00, Kr=-2.3186D+00, nECoords =   6
  Elt   4: Reflector   : Conic    with Kc=-9.8208D-01, Kr=-9.3497D-01, nECoords =   6
  Elt   5: Reference   : Flat     with Kc= 0.0000D+00, Kr=-1.0000D+22, nECoords =   6
  Number of output coordinates is   5
  
  Aperture stop set at (global):  0.000000000D+00  0.000000000D+00  0.000000000D+00
  
  Input file /tmp/tpd2034666_3f15_4227_933c_30b11e8f4616.in being loaded.
 Default used for  SegXgrid
 Optical Train Summary:
  Tracing rays past   5 elements.
  Aperture grid type = Circular  with   21 grid points.
  Elt   1: Reflector   : Conic    with Kc=-1.0000D+00, Kr=-2.5000D+00, nECoords =   6
  Elt   2: Reflector   : Conic    with Kc=-1.2384D+00, Kr=-4.4837D-01, nECoords =   6
  Elt   3: Reflector   : Conic    with Kc=-2.9498D+00, Kr=-2.3186D+00, nECoords =   6
  Elt   4: Reflector   : Conic    with Kc=-9.8208D-01, Kr=-9.3497D-01, nECoords =   6
  Elt   5: Reference   : Flat     with Kc= 0.0000D+00, Kr=-1.0000D+22, nECoords =   6
  Number of output coordinates is   5
  
  Aperture stop set at (global):  0.000000000D+00  0.000000000D+00  0.000000000D+00
  
 OPD: Rays being traced =          277
 Compute time was    0.0000 sec
 OPD: nPassRays =     276,    DAvgCumL =  59.98418434D-01 m 
 RMS OPD error is   1.539267400D-03 m 
 P-V OPD error is   6.046692486D-03 m 
 Average OPD is    -1.3303062780309873D-06 m 
  Input file /tmp/tpd2034666_3f15_4227_933c_30b11e8f4616.in being loaded.
 Default used for  SegXgrid
 Optical Train Summary:
  Tracing rays past   5 elements.
  Aperture grid type = Circular  with   21 grid points.
  Elt   1: Reflector   : Conic    with Kc=-1.0000D+00, Kr=-2.5000D+00, nECoords =   6
  Elt   2: Reflector   : Conic    with Kc=-1.2384D+00, Kr=-4.4837D-01, nECoords =   6
  Elt   3: Reflector   : Conic    with Kc=-2.9498D+00, Kr=-2.3186D+00, nECoords =   6
  Elt   4: Reflector   : Conic    with Kc=-9.8208D-01, Kr=-9.3497D-01, nECoords =   6
  Elt   5: Reference   : Flat     with Kc= 0.0000D+00, Kr=-1.0000D+22, nECoords =   6
  Number of output coordinates is   5
  
  Aperture stop set at (global):  0.000000000D+00  0.000000000D+00  0.000000000D+00
  
 OPD: Rays being traced =          277
 Compute time was    0.0000 sec
 OPD: nPassRays =     276,    DAvgCumL =  59.98242489D-01 m 
 RMS OPD error is   1.083605646D-03 m 
 P-V OPD error is   3.953858997D-03 m 
 Average OPD is    -2.0096087832694462D-06 m 
  Input file /tmp/tpd2034666_3f15_4227_933c_30b11e8f4616.in being loaded.
 Default used for  SegXgrid
 Optical Train Summary:
  Tracing rays past   5 elements.
  Aperture grid type = Circular  with   21 grid points.
  Elt   1: Reflector   : Conic    with Kc=-1.0000D+00, Kr=-2.5000D+00, nECoords =   6
  Elt   2: Reflector   : Conic    with Kc=-1.2384D+00, Kr=-4.4837D-01, nECoords =   6
  Elt   3: Reflector   : Conic    with Kc=-2.9498D+00, Kr=-2.3186D+00, nECoords =   6
  Elt   4: Reflector   : Conic    with Kc=-9.8208D-01, Kr=-9.3497D-01, nECoords =   6
  Elt   5: Reference   : Flat     with Kc= 0.0000D+00, Kr=-1.0000D+22, nECoords =   6
  Number of output coordinates is   5
  
  Aperture stop set at (global):  0.000000000D+00  0.000000000D+00  0.000000000D+00
  
 OPD: Rays being traced =          277
 Compute time was    0.0000 sec
 OPD: nPassRays =     276,    DAvgCumL =  59.98530709D-01 m 
 RMS OPD error is   1.533647713D-03 m 
 P-V OPD error is   6.035238380D-03 m 
 Average OPD is     1.2008348809428751D-06 m 
  Input file /tmp/tpd2034666_3f15_4227_933c_30b11e8f4616.in being loaded.
 Default used for  SegXgrid
 Optical Train Summary:
  Tracing rays past   5 elements.
  Aperture grid type = Circular  with   21 grid points.
  Elt   1: Reflector   : Conic    with Kc=-1.0000D+00, Kr=-2.5000D+00, nECoords =   6
  Elt   2: Reflector   : Conic    with Kc=-1.2384D+00, Kr=-4.4837D-01, nECoords =   6
  Elt   3: Reflector   : Conic    with Kc=-2.9498D+00, Kr=-2.3186D+00, nECoords =   6
  Elt   4: Reflector   : Conic    with Kc=-9.8208D-01, Kr=-9.3497D-01, nECoords =   6
  Elt   5: Reference   : Flat     with Kc= 0.0000D+00, Kr=-1.0000D+22, nECoords =   6
  Number of output coordinates is   5
  
  Aperture stop set at (global):  0.000000000D+00  0.000000000D+00  0.000000000D+00
  
 OPD: Rays being traced =          277
 Compute time was    0.0000 sec
 OPD: nPassRays =     276,    DAvgCumL =  59.98296490D-01 m 
 RMS OPD error is   1.082572834D-03 m 
 P-V OPD error is   3.922495026D-03 m 
 Average OPD is    -2.9441569527936506D-06 m 
  Input file /tmp/tpd2034666_3f15_4227_933c_30b11e8f4616.in being loaded.
 Default used for  SegXgrid
 Optical Train Summary:
  Tracing rays past   5 elements.
  Aperture grid type = Circular  with   21 grid points.
  Elt   1: Reflector   : Conic    with Kc=-1.0000D+00, Kr=-2.5000D+00, nECoords =   6
  Elt   2: Reflector   : Conic    with Kc=-1.2384D+00, Kr=-4.4837D-01, nECoords =   6
  Elt   3: Reflector   : Conic    with Kc=-2.9498D+00, Kr=-2.3186D+00, nECoords =   6
  Elt   4: Reflector   : Conic    with Kc=-9.8208D-01, Kr=-9.3497D-01, nECoords =   6
  Elt   5: Reference   : Flat     with Kc= 0.0000D+00, Kr=-1.0000D+22, nECoords =   6
  Number of output coordinates is   5
  
  Aperture stop set at (global):  0.000000000D+00  0.000000000D+00  0.000000000D+00
  
 OPD: Rays being traced =          277
 Compute time was    0.0020 sec
 OPD: nPassRays =     276,    DAvgCumL =  59.98104847D-01 m 
 RMS OPD error is   3.281926714D-06 m 
 P-V OPD error is   1.566697970D-05 m 
 Average OPD is    -3.5945806358353871D-06 m 
  Input file /tmp/tpd2034666_3f15_4227_933c_30b11e8f4616.in being loaded.
 Default used for  SegXgrid
 Optical Train Summary:
  Tracing rays past   5 elements.
  Aperture grid type = Circular  with   21 grid points.
  Elt   1: Reflector   : Conic    with Kc=-1.0000D+00, Kr=-2.5000D+00, nECoords =   6
  Elt   2: Reflector   : Conic    with Kc=-1.2384D+00, Kr=-4.4837D-01, nECoords =   6
  Elt   3: Reflector   : Conic    with Kc=-2.9498D+00, Kr=-2.3186D+00, nECoords =   6
  Elt   4: Reflector   : Conic    with Kc=-9.8208D-01, Kr=-9.3497D-01, nECoords =   6
  Elt   5: Reference   : Flat     with Kc= 0.0000D+00, Kr=-1.0000D+22, nECoords =   6
  Number of output coordinates is   5
  
  Aperture stop set at (global):  0.000000000D+00  0.000000000D+00  0.000000000D+00
  
 OPD: Rays being traced =          277
 Compute time was    0.0020 sec
 OPD: nPassRays =     276,    DAvgCumL =  59.98354276D-01 m 
 RMS OPD error is   1.078907046D-03 m 
 P-V OPD error is   3.915878500D-03 m 
 Average OPD is    -4.3089463222310931D-07 m 
  Input file /tmp/tpd2034666_3f15_4227_933c_30b11e8f4616.in being loaded.
 Default used for  SegXgrid
 Optical Train Summary:
  Tracing rays past   5 elements.
  Aperture grid type = Circular  with   21 grid points.
  Elt   1: Reflector   : Conic    with Kc=-1.0000D+00, Kr=-2.5000D+00, nECoords =   6
  Elt   2: Reflector   : Conic    with Kc=-1.2384D+00, Kr=-4.4837D-01, nECoords =   6
  Elt   3: Reflector   : Conic    with Kc=-2.9498D+00, Kr=-2.3186D+00, nECoords =   6
  Elt   4: Reflector   : Conic    with Kc=-9.8208D-01, Kr=-9.3497D-01, nECoords =   6
  Elt   5: Reference   : Flat     with Kc= 0.0000D+00, Kr=-1.0000D+22, nECoords =   6
  Number of output coordinates is   5
  
  Aperture stop set at (global):  0.000000000D+00  0.000000000D+00  0.000000000D+00
  
 OPD: Rays being traced =          277
 Compute time was    0.0000 sec
 OPD: nPassRays =     276,    DAvgCumL =  59.98418434D-01 m 
 RMS OPD error is   1.539267400D-03 m 
 P-V OPD error is   6.046692486D-03 m 
 Average OPD is    -1.3303062779215740D-06 m 
  Input file /tmp/tpd2034666_3f15_4227_933c_30b11e8f4616.in being loaded.
 Default used for  SegXgrid
 Optical Train Summary:
  Tracing rays past   5 elements.
  Aperture grid type = Circular  with   21 grid points.
  Elt   1: Reflector   : Conic    with Kc=-1.0000D+00, Kr=-2.5000D+00, nECoords =   6
  Elt   2: Reflector   : Conic    with Kc=-1.2384D+00, Kr=-4.4837D-01, nECoords =   6
  Elt   3: Reflector   : Conic    with Kc=-2.9498D+00, Kr=-2.3186D+00, nECoords =   6
  Elt   4: Reflector   : Conic    with Kc=-9.8208D-01, Kr=-9.3497D-01, nECoords =   6
  Elt   5: Reference   : Flat     with Kc= 0.0000D+00, Kr=-1.0000D+22, nECoords =   6
  Number of output coordinates is   5
  
  Aperture stop set at (global):  0.000000000D+00  0.000000000D+00  0.000000000D+00
  
 OPD: Rays being traced =          277
 Compute time was    0.0000 sec
 OPD: nPassRays =     276,    DAvgCumL =  59.98242489D-01 m 
 RMS OPD error is   1.083605646D-03 m 
 P-V OPD error is   3.953858997D-03 m 
 Average OPD is    -2.0096087832758824D-06 m 
  Input file /tmp/tpd2034666_3f15_4227_933c_30b11e8f4616.in being loaded.
 Default used for  SegXgrid
 Optical Train Summary:
  Tracing rays past   5 elements.
  Aperture grid type = Circular  with   21 grid points.
  Elt   1: Reflector   : Conic    with Kc=-1.0000D+00, Kr=-2.5000D+00, nECoords =   6
  Elt   2: Reflector   : Conic    with Kc=-1.2384D+00, Kr=-4.4837D-01, nECoords =   6
  Elt   3: Reflector   : Conic    with Kc=-2.9498D+00, Kr=-2.3186D+00, nECoords =   6
  Elt   4: Reflector   : Conic    with Kc=-9.8208D-01, Kr=-9.3497D-01, nECoords =   6
  Elt   5: Reference   : Flat     with Kc= 0.0000D+00, Kr=-1.0000D+22, nECoords =   6
  Number of output coordinates is   5
  
  Aperture stop set at (global):  0.000000000D+00  0.000000000D+00  0.000000000D+00
  
 OPD: Rays being traced =          277
 Compute time was    0.0020 sec
 OPD: nPassRays =     276,    DAvgCumL =  59.98530709D-01 m 
 RMS OPD error is   1.533647713D-03 m 
 P-V OPD error is   6.035238380D-03 m 
 Average OPD is     1.2008348809460931D-06 m 
  Input file /tmp/tp241a7ac0_826b_4340_8a9b_a0c283991869.in being loaded.
 Default used for  SegXgrid
 Optical Train Summary:
  Tracing rays past   5 elements.
  Aperture grid type = Circular  with   21 grid points.
  Elt   1: Reflector   : Conic    with Kc=-1.0000D+00, Kr=-2.5000D+00, nECoords =   6
  Elt   2: Reflector   : Conic    with Kc=-1.2384D+00, Kr=-4.4837D-01, nECoords =   6
  Elt   3: Reflector   : Conic    with Kc=-2.9498D+00, Kr=-2.3186D+00, nECoords =   6
  Elt   4: Reflector   : Conic    with Kc=-9.8208D-01, Kr=-9.3497D-01, nECoords =   6
  Elt   5: Reference   : Flat     with Kc= 0.0000D+00, Kr=-1.0000D+22, nECoords =   6
  Number of output coordinates is   5
  
  Aperture stop set at (global):  0.000000000D+00  0.000000000D+00  0.000000000D+00
  
 OPD: Rays being traced =          277
 Compute time was    0.0000 sec
 OPD: nPassRays =     276,    DAvgCumL =  12.67619349D-01 m 
 RMS OPD error is   1.419742281D-02 m 
 P-V OPD error is   5.167010635D-02 m 
 Average OPD is    -2.4333968567546094D-02 m 
 OPD: Rays being traced =          277
 Compute time was    0.0000 sec
 OPD: nPassRays =     276,    DAvgCumL =  59.98418434D-01 m 
 RMS OPD error is   1.539267400D-03 m 
 P-V OPD error is   6.046692486D-03 m 
 Average OPD is    -1.3303062780309873D-06 m 
  Input file /tmp/tp241a7ac0_826b_4340_8a9b_a0c283991869.in being loaded.
 Default used for  SegXgrid
 Optical Train Summary:
  Tracing rays past   5 elements.
  Aperture grid type = Circular  with   21 grid points.
  Elt   1: Reflector   : Conic    with Kc=-1.0000D+00, Kr=-2.5000D+00, nECoords =   6
  Elt   2: Reflector   : Conic    with Kc=-1.2384D+00, Kr=-4.4837D-01, nECoords =   6
  Elt   3: Reflector   : Conic    with Kc=-2.9498D+00, Kr=-2.3186D+00, nECoords =   6
  Elt   4: Reflector   : Conic    with Kc=-9.8208D-01, Kr=-9.3497D-01, nECoords =   6
  Elt   5: Reference   : Flat     with Kc= 0.0000D+00, Kr=-1.0000D+22, nECoords =   6
  Number of output coordinates is   5
  
  Aperture stop set at (global):  0.000000000D+00  0.000000000D+00  0.000000000D+00
  
 OPD: Rays being traced =          277
 Compute time was    0.0000 sec
 OPD: nPassRays =     276,    DAvgCumL =  12.67617554D-01 m 
 RMS OPD error is   1.435720682D-02 m 
 P-V OPD error is   5.354549631D-02 m 
 Average OPD is    -2.4335763510063151D-02 m 
 OPD: Rays being traced =          277
 Compute time was    0.0000 sec
 OPD: nPassRays =     276,    DAvgCumL =  59.98242489D-01 m 
 RMS OPD error is   1.083605646D-03 m 
 P-V OPD error is   3.953858997D-03 m 
 Average OPD is    -2.0096087832694462D-06 m 
  Input file /tmp/tp241a7ac0_826b_4340_8a9b_a0c283991869.in being loaded.
 Default used for  SegXgrid
 Optical Train Summary:
  Tracing rays past   5 elements.
  Aperture grid type = Circular  with   21 grid points.
  Elt   1: Reflector   : Conic    with Kc=-1.0000D+00, Kr=-2.5000D+00, nECoords =   6
  Elt   2: Reflector   : Conic    with Kc=-1.2384D+00, Kr=-4.4837D-01, nECoords =   6
  Elt   3: Reflector   : Conic    with Kc=-2.9498D+00, Kr=-2.3186D+00, nECoords =   6
  Elt   4: Reflector   : Conic    with Kc=-9.8208D-01, Kr=-9.3497D-01, nECoords =   6
  Elt   5: Reference   : Flat     with Kc= 0.0000D+00, Kr=-1.0000D+22, nECoords =   6
  Number of output coordinates is   5
  
  Aperture stop set at (global):  0.000000000D+00  0.000000000D+00  0.000000000D+00
  
 OPD: Rays being traced =          277
 Compute time was    0.0020 sec
 OPD: nPassRays =     276,    DAvgCumL =  12.67614814D-01 m 
 RMS OPD error is   1.459774741D-02 m 
 P-V OPD error is   5.542322854D-02 m 
 Average OPD is    -2.4338503573907749D-02 m 
 OPD: Rays being traced =          277
 Compute time was    0.0000 sec
 OPD: nPassRays =     276,    DAvgCumL =  59.98530709D-01 m 
 RMS OPD error is   1.533647713D-03 m 
 P-V OPD error is   6.035238380D-03 m 
 Average OPD is     1.2008348809428751D-06 m 
  Input file /tmp/tp241a7ac0_826b_4340_8a9b_a0c283991869.in being loaded.
 Default used for  SegXgrid
 Optical Train Summary:
  Tracing rays past   5 elements.
  Aperture grid type = Circular  with   21 grid points.
  Elt   1: Reflector   : Conic    with Kc=-1.0000D+00, Kr=-2.5000D+00, nECoords =   6
  Elt   2: Reflector   : Conic    with Kc=-1.2384D+00, Kr=-4.4837D-01, nECoords =   6
  Elt   3: Reflector   : Conic    with Kc=-2.9498D+00, Kr=-2.3186D+00, nECoords =   6
  Elt   4: Reflector   : Conic    with Kc=-9.8208D-01, Kr=-9.3497D-01, nECoords =   6
  Elt   5: Reference   : Flat     with Kc= 0.0000D+00, Kr=-1.0000D+22, nECoords =   6
  Number of output coordinates is   5
  
  Aperture stop set at (global):  0.000000000D+00  0.000000000D+00  0.000000000D+00
  
 OPD: Rays being traced =          277
 Compute time was    0.0000 sec
 OPD: nPassRays =     276,    DAvgCumL =  12.67619821D-01 m 
 RMS OPD error is   1.415507687D-02 m 
 P-V OPD error is   5.026587765D-02 m 
 Average OPD is    -2.4333496244226208D-02 m 
 OPD: Rays being traced =          277
 Compute time was    0.0020 sec
 OPD: nPassRays =     276,    DAvgCumL =  59.98296490D-01 m 
 RMS OPD error is   1.082572834D-03 m 
 P-V OPD error is   3.922495026D-03 m 
 Average OPD is    -2.9441569527936506D-06 m 
  Input file /tmp/tp241a7ac0_826b_4340_8a9b_a0c283991869.in being loaded.
 Default used for  SegXgrid
 Optical Train Summary:
  Tracing rays past   5 elements.
  Aperture grid type = Circular  with   21 grid points.
  Elt   1: Reflector   : Conic    with Kc=-1.0000D+00, Kr=-2.5000D+00, nECoords =   6
  Elt   2: Reflector   : Conic    with Kc=-1.2384D+00, Kr=-4.4837D-01, nECoords =   6
  Elt   3: Reflector   : Conic    with Kc=-2.9498D+00, Kr=-2.3186D+00, nECoords =   6
  Elt   4: Reflector   : Conic    with Kc=-9.8208D-01, Kr=-9.3497D-01, nECoords =   6
  Elt   5: Reference   : Flat     with Kc= 0.0000D+00, Kr=-1.0000D+22, nECoords =   6
  Number of output coordinates is   5
  
  Aperture stop set at (global):  0.000000000D+00  0.000000000D+00  0.000000000D+00
  
 OPD: Rays being traced =          277
 Compute time was    0.0020 sec
 OPD: nPassRays =     276,    DAvgCumL =  12.67618026D-01 m 
 RMS OPD error is   1.431532715D-02 m 
 P-V OPD error is   5.214032665D-02 m 
 Average OPD is    -2.4335291107281942D-02 m 
 OPD: Rays being traced =          277
 Compute time was    0.0000 sec
 OPD: nPassRays =     276,    DAvgCumL =  59.98104847D-01 m 
 RMS OPD error is   3.281926714D-06 m 
 P-V OPD error is   1.566697970D-05 m 
 Average OPD is    -3.5945806358353871D-06 m 
  Input file /tmp/tp241a7ac0_826b_4340_8a9b_a0c283991869.in being loaded.
 Default used for  SegXgrid
 Optical Train Summary:
  Tracing rays past   5 elements.
  Aperture grid type = Circular  with   21 grid points.
  Elt   1: Reflector   : Conic    with Kc=-1.0000D+00, Kr=-2.5000D+00, nECoords =   6
  Elt   2: Reflector   : Conic    with Kc=-1.2384D+00, Kr=-4.4837D-01, nECoords =   6
  Elt   3: Reflector   : Conic    with Kc=-2.9498D+00, Kr=-2.3186D+00, nECoords =   6
  Elt   4: Reflector   : Conic    with Kc=-9.8208D-01, Kr=-9.3497D-01, nECoords =   6
  Elt   5: Reference   : Flat     with Kc= 0.0000D+00, Kr=-1.0000D+22, nECoords =   6
  Number of output coordinates is   5
  
  Aperture stop set at (global):  0.000000000D+00  0.000000000D+00  0.000000000D+00
  
 OPD: Rays being traced =          277
 Compute time was    0.0000 sec
 OPD: nPassRays =     276,    DAvgCumL =  12.67615286D-01 m 
 RMS OPD error is   1.455655019D-02 m 
 P-V OPD error is   5.401711476D-02 m 
 Average OPD is    -2.4338031049812109D-02 m 
 OPD: Rays being traced =          277
 Compute time was    0.0000 sec
 OPD: nPassRays =     276,    DAvgCumL =  59.98354276D-01 m 
 RMS OPD error is   1.078907046D-03 m 
 P-V OPD error is   3.915878500D-03 m 
 Average OPD is    -4.3089463222310931D-07 m 
  Input file /tmp/tp241a7ac0_826b_4340_8a9b_a0c283991869.in being loaded.
 Default used for  SegXgrid
 Optical Train Summary:
  Tracing rays past   5 elements.
  Aperture grid type = Circular  with   21 grid points.
  Elt   1: Reflector   : Conic    with Kc=-1.0000D+00, Kr=-2.5000D+00, nECoords =   6
  Elt   2: Reflector   : Conic    with Kc=-1.2384D+00, Kr=-4.4837D-01, nECoords =   6
  Elt   3: Reflector   : Conic    with Kc=-2.9498D+00, Kr=-2.3186D+00, nECoords =   6
  Elt   4: Reflector   : Conic    with Kc=-9.8208D-01, Kr=-9.3497D-01, nECoords =   6
  Elt   5: Reference   : Flat     with Kc= 0.0000D+00, Kr=-1.0000D+22, nECoords =   6
  Number of output coordinates is   5
  
  Aperture stop set at (global):  0.000000000D+00  0.000000000D+00  0.000000000D+00
  
 OPD: Rays being traced =          277
 Compute time was    0.0000 sec
 OPD: nPassRays =     276,    DAvgCumL =  12.67619349D-01 m 
 RMS OPD error is   1.419742281D-02 m 
 P-V OPD error is   5.167010635D-02 m 
 Average OPD is    -2.4333968567546081D-02 m 
 OPD: Rays being traced =          277
 Compute time was    0.0020 sec
 OPD: nPassRays =     276,    DAvgCumL =  59.98418434D-01 m 
 RMS OPD error is   1.539267400D-03 m 
 P-V OPD error is   6.046692486D-03 m 
 Average OPD is    -1.3303062779215740D-06 m 
  Input file /tmp/tp241a7ac0_826b_4340_8a9b_a0c283991869.in being loaded.
 Default used for  SegXgrid
 Optical Train Summary:
  Tracing rays past   5 elements.
  Aperture grid type = Circular  with   21 grid points.
  Elt   1: Reflector   : Conic    with Kc=-1.0000D+00, Kr=-2.5000D+00, nECoords =   6
  Elt   2: Reflector   : Conic    with Kc=-1.2384D+00, Kr=-4.4837D-01, nECoords =   6
  Elt   3: Reflector   : Conic    with Kc=-2.9498D+00, Kr=-2.3186D+00, nECoords =   6
  Elt   4: Reflector   : Conic    with Kc=-9.8208D-01, Kr=-9.3497D-01, nECoords =   6
  Elt   5: Reference   : Flat     with Kc= 0.0000D+00, Kr=-1.0000D+22, nECoords =   6
  Number of output coordinates is   5
  
  Aperture stop set at (global):  0.000000000D+00  0.000000000D+00  0.000000000D+00
  
 OPD: Rays being traced =          277
 Compute time was    0.0000 sec
 OPD: nPassRays =     276,    DAvgCumL =  12.67617554D-01 m 
 RMS OPD error is   1.435720682D-02 m 
 P-V OPD error is   5.354549631D-02 m 
 Average OPD is    -2.4335763510063151D-02 m 
 OPD: Rays being traced =          277
 Compute time was    0.0020 sec
 OPD: nPassRays =     276,    DAvgCumL =  59.98242489D-01 m 
 RMS OPD error is   1.083605646D-03 m 
 P-V OPD error is   3.953858997D-03 m 
 Average OPD is    -2.0096087832758824D-06 m 
  Input file /tmp/tp241a7ac0_826b_4340_8a9b_a0c283991869.in being loaded.
 Default used for  SegXgrid
 Optical Train Summary:
  Tracing rays past   5 elements.
  Aperture grid type = Circular  with   21 grid points.
  Elt   1: Reflector   : Conic    with Kc=-1.0000D+00, Kr=-2.5000D+00, nECoords =   6
  Elt   2: Reflector   : Conic    with Kc=-1.2384D+00, Kr=-4.4837D-01, nECoords =   6
  Elt   3: Reflector   : Conic    with Kc=-2.9498D+00, Kr=-2.3186D+00, nECoords =   6
  Elt   4: Reflector   : Conic    with Kc=-9.8208D-01, Kr=-9.3497D-01, nECoords =   6
  Elt   5: Reference   : Flat     with Kc= 0.0000D+00, Kr=-1.0000D+22, nECoords =   6
  Number of output coordinates is   5
  
  Aperture stop set at (global):  0.000000000D+00  0.000000000D+00  0.000000000D+00
  
 OPD: Rays being traced =          277
 Compute time was    0.0000 sec
 OPD: nPassRays =     276,    DAvgCumL =  12.67614814D-01 m 
 RMS OPD error is   1.459774741D-02 m 
 P-V OPD error is   5.542322854D-02 m 
 Average OPD is    -2.4338503573907769D-02 m 
 OPD: Rays being traced =          277
 Compute time was    0.0000 sec
 OPD: nPassRays =     276,    DAvgCumL =  59.98530709D-01 m 
 RMS OPD error is   1.533647713D-03 m 
 P-V OPD error is   6.035238380D-03 m 
 Average OPD is     1.2008348809460931D-06 m 
  Input file /tmp/tp78cca764_ebd8_4975_a37c_4d7cd2b7e879.in being loaded.
 Default used for  SegXgrid
 Optical Train Summary:
  Tracing rays past   5 elements.
  Aperture grid type = Circular  with   21 grid points.
  Elt   1: Reflector   : Conic    with Kc=-1.0000D+00, Kr=-2.5000D+00, nECoords =   6
  Elt   2: Reflector   : Conic    with Kc=-1.2384D+00, Kr=-4.4837D-01, nECoords =   6
  Elt   3: Reflector   : Conic    with Kc=-2.9498D+00, Kr=-2.3186D+00, nECoords =   6
  Elt   4: Reflector   : Conic    with Kc=-9.8213D-01, Kr=-9.3497D-01, nECoords =   6
  Elt   5: Reference   : Flat     with Kc= 0.0000D+00, Kr=-1.0000D+22, nECoords =   6
  Number of output coordinates is   5
  
  Aperture stop set at (global):  0.000000000D+00  0.000000000D+00  0.000000000D+00
  
  Input file /tmp/tp78cca764_ebd8_4975_a37c_4d7cd2b7e879.in being loaded.
 Default used for  SegXgrid
 Optical Train Summary:
  Tracing rays past   5 elements.
  Aperture grid type = Circular  with   21 grid points.
  Elt   1: Reflector   : Conic    with Kc=-1.0000D+00, Kr=-2.5000D+00, nECoords =   6
  Elt   2: Reflector   : Conic    with Kc=-1.2384D+00, Kr=-4.4837D-01, nECoords =   6
  Elt   3: Reflector   : Conic    with Kc=-2.9498D+00, Kr=-2.3186D+00, nECoords =   6
  Elt   4: Reflector   : Conic    with Kc=-9.8213D-01, Kr=-9.3497D-01, nECoords =   6
  Elt   5: Reference   : Flat     with Kc= 0.0000D+00, Kr=-1.0000D+22, nECoords =   6
  Number of output coordinates is   5
  
  Aperture stop set at (global):  0.000000000D+00  0.000000000D+00  0.000000000D+00
  
 OPD: Rays being traced =          277
 Compute time was    0.0000 sec
 OPD: nPassRays =     276,    DAvgCumL =  59.81385702D-01 m 
 RMS OPD error is   2.659821866D-03 m 
 P-V OPD error is   9.638818733D-03 m 
 Average OPD is     1.2205509036774322D-05 m 
  Input file /tmp/tp0774276f_d865_4841_9595_a28dd5dd1017.in being loaded.
 Default used for  SegXgrid
 Optical Train Summary:
  Tracing rays past   5 elements.
  Aperture grid type = Circular  with   21 grid points.
  Elt   1: Reflector   : Conic    with Kc=-1.0000D+00, Kr=-2.5000D+00, nECoords =   6
  Elt   2: Reflector   : Conic    with Kc=-1.2384D+00, Kr=-4.4837D-01, nECoords =   6
  Elt   3: Reflector   : Conic    with Kc=-2.9498D+00, Kr=-2.3186D+00, nECoords =   6
  Elt   4: Reflector   : Conic    with Kc=-9.8213D-01, Kr=-9.3497D-01, nECoords =   6
  Elt   5: Reference   : Flat     with Kc= 0.0000D+00, Kr=-1.0000D+22, nECoords =   6
  Number of output coordinates is   5
  
  Aperture stop set at (global):  0.000000000D+00  0.000000000D+00  0.000000000D+00
  
 OPD: Rays being traced =          277
 Compute time was    0.0000 sec
 OPD: nPassRays =     276,    DAvgCumL =  59.98104852D-01 m 
 RMS OPD error is   3.241884714D-06 m 
 P-V OPD error is   1.542298175D-05 m 
 Average OPD is    -3.5847978060588521D-06 m 
  Input file /tmp/tp78cca764_ebd8_4975_a37c_4d7cd2b7e879.in being loaded.
 Default used for  SegXgrid
 Optical Train Summary:
  Tracing rays past   5 elements.
  Aperture grid type = Circular  with   21 grid points.
  Elt   1: Reflector   : Conic    with Kc=-1.0000D+00, Kr=-2.5000D+00, nECoords =   6
  Elt   2: Reflector   : Conic    with Kc=-1.2384D+00, Kr=-4.4837D-01, nECoords =   6
  Elt   3: Reflector   : Conic    with Kc=-2.9498D+00, Kr=-2.3186D+00, nECoords =   6
  Elt   4: Reflector   : Conic    with Kc=-9.8213D-01, Kr=-9.3497D-01, nECoords =   6
  Elt   5: Reference   : Flat     with Kc= 0.0000D+00, Kr=-1.0000D+22, nECoords =   6
  Number of output coordinates is   5
  
  Aperture stop set at (global):  0.000000000D+00  0.000000000D+00  0.000000000D+00
  
  Input file /tmp/tpdf2fc25f_fd4d_4922_9b6a_0545baf73e8e.in being loaded.
 Default used for  SegXgrid
 Optical Train Summary:
  Tracing rays past   5 elements.
  Aperture grid type = Circular  with   21 grid points.
  Elt   1: Reflector   : Conic    with Kc=-1.0000D+00, Kr=-2.5000D+00, nECoords =   6
  Elt   2: Reflector   : Conic    with Kc=-1.2384D+00, Kr=-4.4837D-01, nECoords =   6
  Elt   3: Reflector   : Conic    with Kc=-2.9498D+00, Kr=-2.3186D+00, nECoords =   6
  Elt   4: Reflector   : Conic    with Kc=-9.8213D-01, Kr=-9.3497D-01, nECoords =   6
  Elt   5: Reference   : Flat     with Kc= 0.0000D+00, Kr=-1.0000D+22, nECoords =   6
  Number of output coordinates is   5
  
  Aperture stop set at (global):  0.000000000D+00  0.000000000D+00  0.000000000D+00
  
 OPD: Rays being traced =          277
 Compute time was    0.0000 sec
 OPD: nPassRays =     276,    DAvgCumL =  59.98418427D-01 m 
 RMS OPD error is   1.539267210D-03 m 
 P-V OPD error is   6.046691656D-03 m 
 Average OPD is    -1.3302364448257462D-06 m 
  Input file /tmp/tpdf2fc25f_fd4d_4922_9b6a_0545baf73e8e.in being loaded.
 Default used for  SegXgrid
 Optical Train Summary:
  Tracing rays past   5 elements.
  Aperture grid type = Circular  with   21 grid points.
  Elt   1: Reflector   : Conic    with Kc=-1.0000D+00, Kr=-2.5000D+00, nECoords =   6
  Elt   2: Reflector   : Conic    with Kc=-1.2384D+00, Kr=-4.4837D-01, nECoords =   6
  Elt   3: Reflector   : Conic    with Kc=-2.9498D+00, Kr=-2.3186D+00, nECoords =   6
  Elt   4: Reflector   : Conic    with Kc=-9.8213D-01, Kr=-9.3497D-01, nECoords =   6
  Elt   5: Reference   : Flat     with Kc= 0.0000D+00, Kr=-1.0000D+22, nECoords =   6
  Number of output coordinates is   5
  
  Aperture stop set at (global):  0.000000000D+00  0.000000000D+00  0.000000000D+00
  
 OPD: Rays being traced =          277
 Compute time was    0.0020 sec
 OPD: nPassRays =     276,    DAvgCumL =  59.98242483D-01 m 
 RMS OPD error is   1.083605751D-03 m 
 P-V OPD error is   3.953859166D-03 m 
 Average OPD is    -2.0095356428224460D-06 m 
  Input file /tmp/tpdf2fc25f_fd4d_4922_9b6a_0545baf73e8e.in being loaded.
 Default used for  SegXgrid
 Optical Train Summary:
  Tracing rays past   5 elements.
  Aperture grid type = Circular  with   21 grid points.
  Elt   1: Reflector   : Conic    with Kc=-1.0000D+00, Kr=-2.5000D+00, nECoords =   6
  Elt   2: Reflector   : Conic    with Kc=-1.2384D+00, Kr=-4.4837D-01, nECoords =   6
  Elt   3: Reflector   : Conic    with Kc=-2.9498D+00, Kr=-2.3186D+00, nECoords =   6
  Elt   4: Reflector   : Conic    with Kc=-9.8213D-01, Kr=-9.3497D-01, nECoords =   6
  Elt   5: Reference   : Flat     with Kc= 0.0000D+00, Kr=-1.0000D+22, nECoords =   6
  Number of output coordinates is   5
  
  Aperture stop set at (global):  0.000000000D+00  0.000000000D+00  0.000000000D+00
  
 OPD: Rays being traced =          277
 Compute time was    0.0020 sec
 OPD: nPassRays =     276,    DAvgCumL =  59.98530694D-01 m 
 RMS OPD error is   1.533648859D-03 m 
 P-V OPD error is   6.035242444D-03 m 
 Average OPD is     1.2007964884459639D-06 m 
  Input file /tmp/tpdf2fc25f_fd4d_4922_9b6a_0545baf73e8e.in being loaded.
 Default used for  SegXgrid
 Optical Train Summary:
  Tracing rays past   5 elements.
  Aperture grid type = Circular  with   21 grid points.
  Elt   1: Reflector   : Conic    with Kc=-1.0000D+00, Kr=-2.5000D+00, nECoords =   6
  Elt   2: Reflector   : Conic    with Kc=-1.2384D+00, Kr=-4.4837D-01, nECoords =   6
  Elt   3: Reflector   : Conic    with Kc=-2.9498D+00, Kr=-2.3186D+00, nECoords =   6
  Elt   4: Reflector   : Conic    with Kc=-9.8213D-01, Kr=-9.3497D-01, nECoords =   6
  Elt   5: Reference   : Flat     with Kc= 0.0000D+00, Kr=-1.0000D+22, nECoords =   6
  Number of output coordinates is   5
  
  Aperture stop set at (global):  0.000000000D+00  0.000000000D+00  0.000000000D+00
  
 OPD: Rays being traced =          277
 Compute time was    0.0020 sec
 OPD: nPassRays =     276,    DAvgCumL =  59.98296483D-01 m 
 RMS OPD error is   1.082572621D-03 m 
 P-V OPD error is   3.922494258D-03 m 
 Average OPD is    -2.9440694951390056D-06 m 
  Input file /tmp/tpdf2fc25f_fd4d_4922_9b6a_0545baf73e8e.in being loaded.
 Default used for  SegXgrid
 Optical Train Summary:
  Tracing rays past   5 elements.
  Aperture grid type = Circular  with   21 grid points.
  Elt   1: Reflector   : Conic    with Kc=-1.0000D+00, Kr=-2.5000D+00, nECoords =   6
  Elt   2: Reflector   : Conic    with Kc=-1.2384D+00, Kr=-4.4837D-01, nECoords =   6
  Elt   3: Reflector   : Conic    with Kc=-2.9498D+00, Kr=-2.3186D+00, nECoords =   6
  Elt   4: Reflector   : Conic    with Kc=-9.8213D-01, Kr=-9.3497D-01, nECoords =   6
  Elt   5: Reference   : Flat     with Kc= 0.0000D+00, Kr=-1.0000D+22, nECoords =   6
  Number of output coordinates is   5
  
  Aperture stop set at (global):  0.000000000D+00  0.000000000D+00  0.000000000D+00
  
 OPD: Rays being traced =          277
 Compute time was    0.0000 sec
 OPD: nPassRays =     276,    DAvgCumL =  59.98104842D-01 m 
 RMS OPD error is   3.281878538D-06 m 
 P-V OPD error is   1.566683179D-05 m 
 Average OPD is    -3.5944811301498922D-06 m 
  Input file /tmp/tpdf2fc25f_fd4d_4922_9b6a_0545baf73e8e.in being loaded.
 Default used for  SegXgrid
 Optical Train Summary:
  Tracing rays past   5 elements.
  Aperture grid type = Circular  with   21 grid points.
  Elt   1: Reflector   : Conic    with Kc=-1.0000D+00, Kr=-2.5000D+00, nECoords =   6
  Elt   2: Reflector   : Conic    with Kc=-1.2384D+00, Kr=-4.4837D-01, nECoords =   6
  Elt   3: Reflector   : Conic    with Kc=-2.9498D+00, Kr=-2.3186D+00, nECoords =   6
  Elt   4: Reflector   : Conic    with Kc=-9.8213D-01, Kr=-9.3497D-01, nECoords =   6
  Elt   5: Reference   : Flat     with Kc= 0.0000D+00, Kr=-1.0000D+22, nECoords =   6
  Number of output coordinates is   5
  
  Aperture stop set at (global):  0.000000000D+00  0.000000000D+00  0.000000000D+00
  
 OPD: Rays being traced =          277
 Compute time was    0.0020 sec
 OPD: nPassRays =     276,    DAvgCumL =  59.98354265D-01 m 
 RMS OPD error is   1.078907800D-03 m 
 P-V OPD error is   3.915881107D-03 m 
 Average OPD is    -4.3088686112211633D-07 m 
  Input file /tmp/tpdf2fc25f_fd4d_4922_9b6a_0545baf73e8e.in being loaded.
 Default used for  SegXgrid
 Optical Train Summary:
  Tracing rays past   5 elements.
  Aperture grid type = Circular  with   21 grid points.
  Elt   1: Reflector   : Conic    with Kc=-1.0000D+00, Kr=-2.5000D+00, nECoords =   6
  Elt   2: Reflector   : Conic    with Kc=-1.2384D+00, Kr=-4.4837D-01, nECoords =   6
  Elt   3: Reflector   : Conic    with Kc=-2.9498D+00, Kr=-2.3186D+00, nECoords =   6
  Elt   4: Reflector   : Conic    with Kc=-9.8213D-01, Kr=-9.3497D-01, nECoords =   6
  Elt   5: Reference   : Flat     with Kc= 0.0000D+00, Kr=-1.0000D+22, nECoords =   6
  Number of output coordinates is   5
  
  Aperture stop set at (global):  0.000000000D+00  0.000000000D+00  0.000000000D+00
  
 OPD: Rays being traced =          277
 Compute time was    0.0020 sec
 OPD: nPassRays =     276,    DAvgCumL =  59.98418427D-01 m 
 RMS OPD error is   1.539267210D-03 m 
 P-V OPD error is   6.046691656D-03 m 
 Average OPD is    -1.3302364447967838D-06 m 
  Input file /tmp/tpdf2fc25f_fd4d_4922_9b6a_0545baf73e8e.in being loaded.
 Default used for  SegXgrid
 Optical Train Summary:
  Tracing rays past   5 elements.
  Aperture grid type = Circular  with   21 grid points.
  Elt   1: Reflector   : Conic    with Kc=-1.0000D+00, Kr=-2.5000D+00, nECoords =   6
  Elt   2: Reflector   : Conic    with Kc=-1.2384D+00, Kr=-4.4837D-01, nECoords =   6
  Elt   3: Reflector   : Conic    with Kc=-2.9498D+00, Kr=-2.3186D+00, nECoords =   6
  Elt   4: Reflector   : Conic    with Kc=-9.8213D-01, Kr=-9.3497D-01, nECoords =   6
  Elt   5: Reference   : Flat     with Kc= 0.0000D+00, Kr=-1.0000D+22, nECoords =   6
  Number of output coordinates is   5
  
  Aperture stop set at (global):  0.000000000D+00  0.000000000D+00  0.000000000D+00
  
 OPD: Rays being traced =          277
 Compute time was    0.0000 sec
 OPD: nPassRays =     276,    DAvgCumL =  59.98242483D-01 m 
 RMS OPD error is   1.083605751D-03 m 
 P-V OPD error is   3.953859166D-03 m 
 Average OPD is    -2.0095356427741757D-06 m 
  Input file /tmp/tpdf2fc25f_fd4d_4922_9b6a_0545baf73e8e.in being loaded.
 Default used for  SegXgrid
 Optical Train Summary:
  Tracing rays past   5 elements.
  Aperture grid type = Circular  with   21 grid points.
  Elt   1: Reflector   : Conic    with Kc=-1.0000D+00, Kr=-2.5000D+00, nECoords =   6
  Elt   2: Reflector   : Conic    with Kc=-1.2384D+00, Kr=-4.4837D-01, nECoords =   6
  Elt   3: Reflector   : Conic    with Kc=-2.9498D+00, Kr=-2.3186D+00, nECoords =   6
  Elt   4: Reflector   : Conic    with Kc=-9.8213D-01, Kr=-9.3497D-01, nECoords =   6
  Elt   5: Reference   : Flat     with Kc= 0.0000D+00, Kr=-1.0000D+22, nECoords =   6
  Number of output coordinates is   5
  
  Aperture stop set at (global):  0.000000000D+00  0.000000000D+00  0.000000000D+00
  
 OPD: Rays being traced =          277
 Compute time was    0.0000 sec
 OPD: nPassRays =     276,    DAvgCumL =  59.98530694D-01 m 
 RMS OPD error is   1.533648859D-03 m 
 P-V OPD error is   6.035242444D-03 m 
 Average OPD is     1.2007964886004299D-06 m 
  Input file /tmp/tp78cca764_ebd8_4975_a37c_4d7cd2b7e879.in being loaded.
 Default used for  SegXgrid
 Optical Train Summary:
  Tracing rays past   5 elements.
  Aperture grid type = Circular  with   21 grid points.
  Elt   1: Reflector   : Conic    with Kc=-1.0000D+00, Kr=-2.5000D+00, nECoords =   6
  Elt   2: Reflector   : Conic    with Kc=-1.2384D+00, Kr=-4.4837D-01, nECoords =   6
  Elt   3: Reflector   : Conic    with Kc=-2.9498D+00, Kr=-2.3186D+00, nECoords =   6
  Elt   4: Reflector   : Conic    with Kc=-9.8213D-01, Kr=-9.3497D-01, nECoords =   6
  Elt   5: Reference   : Flat     with Kc= 0.0000D+00, Kr=-1.0000D+22, nECoords =   6
  Number of output coordinates is   5
  
  Aperture stop set at (global):  0.000000000D+00  0.000000000D+00  0.000000000D+00
  
  Input file /tmp/tpf2c29a00_c4cc_458e_8789_c93f87bb543e.in being loaded.
 Default used for  SegXgrid
 Optical Train Summary:
  Tracing rays past   5 elements.
  Aperture grid type = Circular  with   21 grid points.
  Elt   1: Reflector   : Conic    with Kc=-1.0000D+00, Kr=-2.5000D+00, nECoords =   6
  Elt   2: Reflector   : Conic    with Kc=-1.2384D+00, Kr=-4.4837D-01, nECoords =   6
  Elt   3: Reflector   : Conic    with Kc=-2.9498D+00, Kr=-2.3186D+00, nECoords =   6
  Elt   4: Reflector   : Conic    with Kc=-9.8213D-01, Kr=-9.3497D-01, nECoords =   6
  Elt   5: Reference   : Flat     with Kc= 0.0000D+00, Kr=-1.0000D+22, nECoords =   6
  Number of output coordinates is   5
  
  Aperture stop set at (global):  0.000000000D+00  0.000000000D+00  0.000000000D+00
  
 OPD: Rays being traced =          277
 Compute time was    0.0020 sec
 OPD: nPassRays =     276,    DAvgCumL =  59.98418427D-01 m 
 RMS OPD error is   1.539267210D-03 m 
 P-V OPD error is   6.046691656D-03 m 
 Average OPD is    -1.3302364448257462D-06 m 
  Input file /tmp/tpf2c29a00_c4cc_458e_8789_c93f87bb543e.in being loaded.
 Default used for  SegXgrid
 Optical Train Summary:
  Tracing rays past   5 elements.
  Aperture grid type = Circular  with   21 grid points.
  Elt   1: Reflector   : Conic    with Kc=-1.0000D+00, Kr=-2.5000D+00, nECoords =   6
  Elt   2: Reflector   : Conic    with Kc=-1.2384D+00, Kr=-4.4837D-01, nECoords =   6
  Elt   3: Reflector   : Conic    with Kc=-2.9498D+00, Kr=-2.3186D+00, nECoords =   6
  Elt   4: Reflector   : Conic    with Kc=-9.8213D-01, Kr=-9.3497D-01, nECoords =   6
  Elt   5: Reference   : Flat     with Kc= 0.0000D+00, Kr=-1.0000D+22, nECoords =   6
  Number of output coordinates is   5
  
  Aperture stop set at (global):  0.000000000D+00  0.000000000D+00  0.000000000D+00
  
 OPD: Rays being traced =          277
 Compute time was    0.0000 sec
 OPD: nPassRays =     276,    DAvgCumL =  59.98242483D-01 m 
 RMS OPD error is   1.083605751D-03 m 
 P-V OPD error is   3.953859166D-03 m 
 Average OPD is    -2.0095356428224460D-06 m 
  Input file /tmp/tpf2c29a00_c4cc_458e_8789_c93f87bb543e.in being loaded.
 Default used for  SegXgrid
 Optical Train Summary:
  Tracing rays past   5 elements.
  Aperture grid type = Circular  with   21 grid points.
  Elt   1: Reflector   : Conic    with Kc=-1.0000D+00, Kr=-2.5000D+00, nECoords =   6
  Elt   2: Reflector   : Conic    with Kc=-1.2384D+00, Kr=-4.4837D-01, nECoords =   6
  Elt   3: Reflector   : Conic    with Kc=-2.9498D+00, Kr=-2.3186D+00, nECoords =   6
  Elt   4: Reflector   : Conic    with Kc=-9.8213D-01, Kr=-9.3497D-01, nECoords =   6
  Elt   5: Reference   : Flat     with Kc= 0.0000D+00, Kr=-1.0000D+22, nECoords =   6
  Number of output coordinates is   5
  
  Aperture stop set at (global):  0.000000000D+00  0.000000000D+00  0.000000000D+00
  
 OPD: Rays being traced =          277
 Compute time was    0.0000 sec
 OPD: nPassRays =     276,    DAvgCumL =  59.98530694D-01 m 
 RMS OPD error is   1.533648859D-03 m 
 P-V OPD error is   6.035242444D-03 m 
 Average OPD is     1.2007964884459639D-06 m 
  Input file /tmp/tpf2c29a00_c4cc_458e_8789_c93f87bb543e.in being loaded.
 Default used for  SegXgrid
 Optical Train Summary:
  Tracing rays past   5 elements.
  Aperture grid type = Circular  with   21 grid points.
  Elt   1: Reflector   : Conic    with Kc=-1.0000D+00, Kr=-2.5000D+00, nECoords =   6
  Elt   2: Reflector   : Conic    with Kc=-1.2384D+00, Kr=-4.4837D-01, nECoords =   6
  Elt   3: Reflector   : Conic    with Kc=-2.9498D+00, Kr=-2.3186D+00, nECoords =   6
  Elt   4: Reflector   : Conic    with Kc=-9.8213D-01, Kr=-9.3497D-01, nECoords =   6
  Elt   5: Reference   : Flat     with Kc= 0.0000D+00, Kr=-1.0000D+22, nECoords =   6
  Number of output coordinates is   5
  
  Aperture stop set at (global):  0.000000000D+00  0.000000000D+00  0.000000000D+00
  
 OPD: Rays being traced =          277
 Compute time was    0.0000 sec
 OPD: nPassRays =     276,    DAvgCumL =  59.98296483D-01 m 
 RMS OPD error is   1.082572621D-03 m 
 P-V OPD error is   3.922494258D-03 m 
 Average OPD is    -2.9440694951390056D-06 m 
  Input file /tmp/tpf2c29a00_c4cc_458e_8789_c93f87bb543e.in being loaded.
 Default used for  SegXgrid
 Optical Train Summary:
  Tracing rays past   5 elements.
  Aperture grid type = Circular  with   21 grid points.
  Elt   1: Reflector   : Conic    with Kc=-1.0000D+00, Kr=-2.5000D+00, nECoords =   6
  Elt   2: Reflector   : Conic    with Kc=-1.2384D+00, Kr=-4.4837D-01, nECoords =   6
  Elt   3: Reflector   : Conic    with Kc=-2.9498D+00, Kr=-2.3186D+00, nECoords =   6
  Elt   4: Reflector   : Conic    with Kc=-9.8213D-01, Kr=-9.3497D-01, nECoords =   6
  Elt   5: Reference   : Flat     with Kc= 0.0000D+00, Kr=-1.0000D+22, nECoords =   6
  Number of output coordinates is   5
  
  Aperture stop set at (global):  0.000000000D+00  0.000000000D+00  0.000000000D+00
  
 OPD: Rays being traced =          277
 Compute time was    0.0000 sec
 OPD: nPassRays =     276,    DAvgCumL =  59.98104842D-01 m 
 RMS OPD error is   3.281878538D-06 m 
 P-V OPD error is   1.566683179D-05 m 
 Average OPD is    -3.5944811301498922D-06 m 
  Input file /tmp/tpf2c29a00_c4cc_458e_8789_c93f87bb543e.in being loaded.
 Default used for  SegXgrid
 Optical Train Summary:
  Tracing rays past   5 elements.
  Aperture grid type = Circular  with   21 grid points.
  Elt   1: Reflector   : Conic    with Kc=-1.0000D+00, Kr=-2.5000D+00, nECoords =   6
  Elt   2: Reflector   : Conic    with Kc=-1.2384D+00, Kr=-4.4837D-01, nECoords =   6
  Elt   3: Reflector   : Conic    with Kc=-2.9498D+00, Kr=-2.3186D+00, nECoords =   6
  Elt   4: Reflector   : Conic    with Kc=-9.8213D-01, Kr=-9.3497D-01, nECoords =   6
  Elt   5: Reference   : Flat     with Kc= 0.0000D+00, Kr=-1.0000D+22, nECoords =   6
  Number of output coordinates is   5
  
  Aperture stop set at (global):  0.000000000D+00  0.000000000D+00  0.000000000D+00
  
 OPD: Rays being traced =          277
 Compute time was    0.0000 sec
 OPD: nPassRays =     276,    DAvgCumL =  59.98354265D-01 m 
 RMS OPD error is   1.078907800D-03 m 
 P-V OPD error is   3.915881107D-03 m 
 Average OPD is    -4.3088686112211633D-07 m 
  Input file /tmp/tpf2c29a00_c4cc_458e_8789_c93f87bb543e.in being loaded.
 Default used for  SegXgrid
 Optical Train Summary:
  Tracing rays past   5 elements.
  Aperture grid type = Circular  with   21 grid points.
  Elt   1: Reflector   : Conic    with Kc=-1.0000D+00, Kr=-2.5000D+00, nECoords =   6
  Elt   2: Reflector   : Conic    with Kc=-1.2384D+00, Kr=-4.4837D-01, nECoords =   6
  Elt   3: Reflector   : Conic    with Kc=-2.9498D+00, Kr=-2.3186D+00, nECoords =   6
  Elt   4: Reflector   : Conic    with Kc=-9.8213D-01, Kr=-9.3497D-01, nECoords =   6
  Elt   5: Reference   : Flat     with Kc= 0.0000D+00, Kr=-1.0000D+22, nECoords =   6
  Number of output coordinates is   5
  
  Aperture stop set at (global):  0.000000000D+00  0.000000000D+00  0.000000000D+00
  
 OPD: Rays being traced =          277
 Compute time was    0.0020 sec
 OPD: nPassRays =     276,    DAvgCumL =  59.98418427D-01 m 
 RMS OPD error is   1.539267210D-03 m 
 P-V OPD error is   6.046691656D-03 m 
 Average OPD is    -1.3302364447967838D-06 m 
  Input file /tmp/tpf2c29a00_c4cc_458e_8789_c93f87bb543e.in being loaded.
 Default used for  SegXgrid
 Optical Train Summary:
  Tracing rays past   5 elements.
  Aperture grid type = Circular  with   21 grid points.
  Elt   1: Reflector   : Conic    with Kc=-1.0000D+00, Kr=-2.5000D+00, nECoords =   6
  Elt   2: Reflector   : Conic    with Kc=-1.2384D+00, Kr=-4.4837D-01, nECoords =   6
  Elt   3: Reflector   : Conic    with Kc=-2.9498D+00, Kr=-2.3186D+00, nECoords =   6
  Elt   4: Reflector   : Conic    with Kc=-9.8213D-01, Kr=-9.3497D-01, nECoords =   6
  Elt   5: Reference   : Flat     with Kc= 0.0000D+00, Kr=-1.0000D+22, nECoords =   6
  Number of output coordinates is   5
  
  Aperture stop set at (global):  0.000000000D+00  0.000000000D+00  0.000000000D+00
  
 OPD: Rays being traced =          277
 Compute time was    0.0000 sec
 OPD: nPassRays =     276,    DAvgCumL =  59.98242483D-01 m 
 RMS OPD error is   1.083605751D-03 m 
 P-V OPD error is   3.953859166D-03 m 
 Average OPD is    -2.0095356427741757D-06 m 
  Input file /tmp/tpf2c29a00_c4cc_458e_8789_c93f87bb543e.in being loaded.
 Default used for  SegXgrid
 Optical Train Summary:
  Tracing rays past   5 elements.
  Aperture grid type = Circular  with   21 grid points.
  Elt   1: Reflector   : Conic    with Kc=-1.0000D+00, Kr=-2.5000D+00, nECoords =   6
  Elt   2: Reflector   : Conic    with Kc=-1.2384D+00, Kr=-4.4837D-01, nECoords =   6
  Elt   3: Reflector   : Conic    with Kc=-2.9498D+00, Kr=-2.3186D+00, nECoords =   6
  Elt   4: Reflector   : Conic    with Kc=-9.8213D-01, Kr=-9.3497D-01, nECoords =   6
  Elt   5: Reference   : Flat     with Kc= 0.0000D+00, Kr=-1.0000D+22, nECoords =   6
  Number of output coordinates is   5
  
  Aperture stop set at (global):  0.000000000D+00  0.000000000D+00  0.000000000D+00
  
 OPD: Rays being traced =          277
 Compute time was    0.0020 sec
 OPD: nPassRays =     276,    DAvgCumL =  59.98530694D-01 m 
 RMS OPD error is   1.533648859D-03 m 
 P-V OPD error is   6.035242444D-03 m 
 Average OPD is     1.2007964886004299D-06 m 
  Input file /tmp/tp37ec0954_2e97_499a_9a8d_4e6cee3d9e8b.in being loaded.
 Default used for  SegXgrid
 Optical Train Summary:
  Tracing rays past   5 elements.
  Aperture grid type = Circular  with   21 grid points.
  Elt   1: Reflector   : Conic    with Kc=-1.0000D+00, Kr=-2.5000D+00, nECoords =   6
  Elt   2: Reflector   : Conic    with Kc=-1.2384D+00, Kr=-4.4837D-01, nECoords =   6
  Elt   3: Reflector   : Conic    with Kc=-2.9498D+00, Kr=-2.3186D+00, nECoords =   6
  Elt   4: Reflector   : Conic    with Kc=-9.8213D-01, Kr=-9.3497D-01, nECoords =   6
  Elt   5: Reference   : Flat     with Kc= 0.0000D+00, Kr=-1.0000D+22, nECoords =   6
  Number of output coordinates is   5
  
  Aperture stop set at (global):  0.000000000D+00  0.000000000D+00  0.000000000D+00
  
 OPD: Rays being traced =          277
 Compute time was    0.0000 sec
 OPD: nPassRays =     276,    DAvgCumL =  12.67619349D-01 m 
 RMS OPD error is   1.419742281D-02 m 
 P-V OPD error is   5.167010635D-02 m 
 Average OPD is    -2.4333968567546094D-02 m 
 OPD: Rays being traced =          277
 Compute time was    0.0000 sec
 OPD: nPassRays =     276,    DAvgCumL =  59.98418427D-01 m 
 RMS OPD error is   1.539267210D-03 m 
 P-V OPD error is   6.046691656D-03 m 
 Average OPD is    -1.3302364448257462D-06 m 
  Input file /tmp/tp37ec0954_2e97_499a_9a8d_4e6cee3d9e8b.in being loaded.
 Default used for  SegXgrid
 Optical Train Summary:
  Tracing rays past   5 elements.
  Aperture grid type = Circular  with   21 grid points.
  Elt   1: Reflector   : Conic    with Kc=-1.0000D+00, Kr=-2.5000D+00, nECoords =   6
  Elt   2: Reflector   : Conic    with Kc=-1.2384D+00, Kr=-4.4837D-01, nECoords =   6
  Elt   3: Reflector   : Conic    with Kc=-2.9498D+00, Kr=-2.3186D+00, nECoords =   6
  Elt   4: Reflector   : Conic    with Kc=-9.8213D-01, Kr=-9.3497D-01, nECoords =   6
  Elt   5: Reference   : Flat     with Kc= 0.0000D+00, Kr=-1.0000D+22, nECoords =   6
  Number of output coordinates is   5
  
  Aperture stop set at (global):  0.000000000D+00  0.000000000D+00  0.000000000D+00
  
 OPD: Rays being traced =          277
 Compute time was    0.0000 sec
 OPD: nPassRays =     276,    DAvgCumL =  12.67617554D-01 m 
 RMS OPD error is   1.435720682D-02 m 
 P-V OPD error is   5.354549631D-02 m 
 Average OPD is    -2.4335763510063151D-02 m 
 OPD: Rays being traced =          277
 Compute time was    0.0000 sec
 OPD: nPassRays =     276,    DAvgCumL =  59.98242483D-01 m 
 RMS OPD error is   1.083605751D-03 m 
 P-V OPD error is   3.953859166D-03 m 
 Average OPD is    -2.0095356428224460D-06 m 
  Input file /tmp/tp37ec0954_2e97_499a_9a8d_4e6cee3d9e8b.in being loaded.
 Default used for  SegXgrid
 Optical Train Summary:
  Tracing rays past   5 elements.
  Aperture grid type = Circular  with   21 grid points.
  Elt   1: Reflector   : Conic    with Kc=-1.0000D+00, Kr=-2.5000D+00, nECoords =   6
  Elt   2: Reflector   : Conic    with Kc=-1.2384D+00, Kr=-4.4837D-01, nECoords =   6
  Elt   3: Reflector   : Conic    with Kc=-2.9498D+00, Kr=-2.3186D+00, nECoords =   6
  Elt   4: Reflector   : Conic    with Kc=-9.8213D-01, Kr=-9.3497D-01, nECoords =   6
  Elt   5: Reference   : Flat     with Kc= 0.0000D+00, Kr=-1.0000D+22, nECoords =   6
  Number of output coordinates is   5
  
  Aperture stop set at (global):  0.000000000D+00  0.000000000D+00  0.000000000D+00
  
 OPD: Rays being traced =          277
 Compute time was    0.0000 sec
 OPD: nPassRays =     276,    DAvgCumL =  12.67614814D-01 m 
 RMS OPD error is   1.459774741D-02 m 
 P-V OPD error is   5.542322854D-02 m 
 Average OPD is    -2.4338503573907749D-02 m 
 OPD: Rays being traced =          277
 Compute time was    0.0000 sec
 OPD: nPassRays =     276,    DAvgCumL =  59.98530694D-01 m 
 RMS OPD error is   1.533648859D-03 m 
 P-V OPD error is   6.035242444D-03 m 
 Average OPD is     1.2007964884459639D-06 m 
  Input file /tmp/tp37ec0954_2e97_499a_9a8d_4e6cee3d9e8b.in being loaded.
 Default used for  SegXgrid
 Optical Train Summary:
  Tracing rays past   5 elements.
  Aperture grid type = Circular  with   21 grid points.
  Elt   1: Reflector   : Conic    with Kc=-1.0000D+00, Kr=-2.5000D+00, nECoords =   6
  Elt   2: Reflector   : Conic    with Kc=-1.2384D+00, Kr=-4.4837D-01, nECoords =   6
  Elt   3: Reflector   : Conic    with Kc=-2.9498D+00, Kr=-2.3186D+00, nECoords =   6
  Elt   4: Reflector   : Conic    with Kc=-9.8213D-01, Kr=-9.3497D-01, nECoords =   6
  Elt   5: Reference   : Flat     with Kc= 0.0000D+00, Kr=-1.0000D+22, nECoords =   6
  Number of output coordinates is   5
  
  Aperture stop set at (global):  0.000000000D+00  0.000000000D+00  0.000000000D+00
  
 OPD: Rays being traced =          277
 Compute time was    0.0000 sec
 OPD: nPassRays =     276,    DAvgCumL =  12.67619821D-01 m 
 RMS OPD error is   1.415507687D-02 m 
 P-V OPD error is   5.026587765D-02 m 
 Average OPD is    -2.4333496244226208D-02 m 
 OPD: Rays being traced =          277
 Compute time was    0.0020 sec
 OPD: nPassRays =     276,    DAvgCumL =  59.98296483D-01 m 
 RMS OPD error is   1.082572621D-03 m 
 P-V OPD error is   3.922494258D-03 m 
 Average OPD is    -2.9440694951390056D-06 m 
  Input file /tmp/tp37ec0954_2e97_499a_9a8d_4e6cee3d9e8b.in being loaded.
 Default used for  SegXgrid
 Optical Train Summary:
  Tracing rays past   5 elements.
  Aperture grid type = Circular  with   21 grid points.
  Elt   1: Reflector   : Conic    with Kc=-1.0000D+00, Kr=-2.5000D+00, nECoords =   6
  Elt   2: Reflector   : Conic    with Kc=-1.2384D+00, Kr=-4.4837D-01, nECoords =   6
  Elt   3: Reflector   : Conic    with Kc=-2.9498D+00, Kr=-2.3186D+00, nECoords =   6
  Elt   4: Reflector   : Conic    with Kc=-9.8213D-01, Kr=-9.3497D-01, nECoords =   6
  Elt   5: Reference   : Flat     with Kc= 0.0000D+00, Kr=-1.0000D+22, nECoords =   6
  Number of output coordinates is   5
  
  Aperture stop set at (global):  0.000000000D+00  0.000000000D+00  0.000000000D+00
  
 OPD: Rays being traced =          277
 Compute time was    0.0000 sec
 OPD: nPassRays =     276,    DAvgCumL =  12.67618026D-01 m 
 RMS OPD error is   1.431532715D-02 m 
 P-V OPD error is   5.214032665D-02 m 
 Average OPD is    -2.4335291107281942D-02 m 
 OPD: Rays being traced =          277
 Compute time was    0.0000 sec
 OPD: nPassRays =     276,    DAvgCumL =  59.98104842D-01 m 
 RMS OPD error is   3.281878538D-06 m 
 P-V OPD error is   1.566683179D-05 m 
 Average OPD is    -3.5944811301498922D-06 m 
  Input file /tmp/tp37ec0954_2e97_499a_9a8d_4e6cee3d9e8b.in being loaded.
 Default used for  SegXgrid
 Optical Train Summary:
  Tracing rays past   5 elements.
  Aperture grid type = Circular  with   21 grid points.
  Elt   1: Reflector   : Conic    with Kc=-1.0000D+00, Kr=-2.5000D+00, nECoords =   6
  Elt   2: Reflector   : Conic    with Kc=-1.2384D+00, Kr=-4.4837D-01, nECoords =   6
  Elt   3: Reflector   : Conic    with Kc=-2.9498D+00, Kr=-2.3186D+00, nECoords =   6
  Elt   4: Reflector   : Conic    with Kc=-9.8213D-01, Kr=-9.3497D-01, nECoords =   6
  Elt   5: Reference   : Flat     with Kc= 0.0000D+00, Kr=-1.0000D+22, nECoords =   6
  Number of output coordinates is   5
  
  Aperture stop set at (global):  0.000000000D+00  0.000000000D+00  0.000000000D+00
  
 OPD: Rays being traced =          277
 Compute time was    0.0000 sec
 OPD: nPassRays =     276,    DAvgCumL =  12.67615286D-01 m 
 RMS OPD error is   1.455655019D-02 m 
 P-V OPD error is   5.401711476D-02 m 
 Average OPD is    -2.4338031049812109D-02 m 
 OPD: Rays being traced =          277
 Compute time was    0.0000 sec
 OPD: nPassRays =     276,    DAvgCumL =  59.98354265D-01 m 
 RMS OPD error is   1.078907800D-03 m 
 P-V OPD error is   3.915881107D-03 m 
 Average OPD is    -4.3088686112211633D-07 m 
  Input file /tmp/tp37ec0954_2e97_499a_9a8d_4e6cee3d9e8b.in being loaded.
 Default used for  SegXgrid
 Optical Train Summary:
  Tracing rays past   5 elements.
  Aperture grid type = Circular  with   21 grid points.
  Elt   1: Reflector   : Conic    with Kc=-1.0000D+00, Kr=-2.5000D+00, nECoords =   6
  Elt   2: Reflector   : Conic    with Kc=-1.2384D+00, Kr=-4.4837D-01, nECoords =   6
  Elt   3: Reflector   : Conic    with Kc=-2.9498D+00, Kr=-2.3186D+00, nECoords =   6
  Elt   4: Reflector   : Conic    with Kc=-9.8213D-01, Kr=-9.3497D-01, nECoords =   6
  Elt   5: Reference   : Flat     with Kc= 0.0000D+00, Kr=-1.0000D+22, nECoords =   6
  Number of output coordinates is   5
  
  Aperture stop set at (global):  0.000000000D+00  0.000000000D+00  0.000000000D+00
  
 OPD: Rays being traced =          277
 Compute time was    0.0000 sec
 OPD: nPassRays =     276,    DAvgCumL =  12.67619349D-01 m 
 RMS OPD error is   1.419742281D-02 m 
 P-V OPD error is   5.167010635D-02 m 
 Average OPD is    -2.4333968567546081D-02 m 
 OPD: Rays being traced =          277
 Compute time was    0.0020 sec
 OPD: nPassRays =     276,    DAvgCumL =  59.98418427D-01 m 
 RMS OPD error is   1.539267210D-03 m 
 P-V OPD error is   6.046691656D-03 m 
 Average OPD is    -1.3302364447967838D-06 m 
  Input file /tmp/tp37ec0954_2e97_499a_9a8d_4e6cee3d9e8b.in being loaded.
 Default used for  SegXgrid
 Optical Train Summary:
  Tracing rays past   5 elements.
  Aperture grid type = Circular  with   21 grid points.
  Elt   1: Reflector   : Conic    with Kc=-1.0000D+00, Kr=-2.5000D+00, nECoords =   6
  Elt   2: Reflector   : Conic    with Kc=-1.2384D+00, Kr=-4.4837D-01, nECoords =   6
  Elt   3: Reflector   : Conic    with Kc=-2.9498D+00, Kr=-2.3186D+00, nECoords =   6
  Elt   4: Reflector   : Conic    with Kc=-9.8213D-01, Kr=-9.3497D-01, nECoords =   6
  Elt   5: Reference   : Flat     with Kc= 0.0000D+00, Kr=-1.0000D+22, nECoords =   6
  Number of output coordinates is   5
  
  Aperture stop set at (global):  0.000000000D+00  0.000000000D+00  0.000000000D+00
  
 OPD: Rays being traced =          277
 Compute time was    0.0000 sec
 OPD: nPassRays =     276,    DAvgCumL =  12.67617554D-01 m 
 RMS OPD error is   1.435720682D-02 m 
 P-V OPD error is   5.354549631D-02 m 
 Average OPD is    -2.4335763510063151D-02 m 
 OPD: Rays being traced =          277
 Compute time was    0.0000 sec
 OPD: nPassRays =     276,    DAvgCumL =  59.98242483D-01 m 
 RMS OPD error is   1.083605751D-03 m 
 P-V OPD error is   3.953859166D-03 m 
 Average OPD is    -2.0095356427741757D-06 m 
  Input file /tmp/tp37ec0954_2e97_499a_9a8d_4e6cee3d9e8b.in being loaded.
 Default used for  SegXgrid
 Optical Train Summary:
  Tracing rays past   5 elements.
  Aperture grid type = Circular  with   21 grid points.
  Elt   1: Reflector   : Conic    with Kc=-1.0000D+00, Kr=-2.5000D+00, nECoords =   6
  Elt   2: Reflector   : Conic    with Kc=-1.2384D+00, Kr=-4.4837D-01, nECoords =   6
  Elt   3: Reflector   : Conic    with Kc=-2.9498D+00, Kr=-2.3186D+00, nECoords =   6
  Elt   4: Reflector   : Conic    with Kc=-9.8213D-01, Kr=-9.3497D-01, nECoords =   6
  Elt   5: Reference   : Flat     with Kc= 0.0000D+00, Kr=-1.0000D+22, nECoords =   6
  Number of output coordinates is   5
  
  Aperture stop set at (global):  0.000000000D+00  0.000000000D+00  0.000000000D+00
  
 OPD: Rays being traced =          277
 Compute time was    0.0020 sec
 OPD: nPassRays =     276,    DAvgCumL =  12.67614814D-01 m 
 RMS OPD error is   1.459774741D-02 m 
 P-V OPD error is   5.542322854D-02 m 
 Average OPD is    -2.4338503573907769D-02 m 
 OPD: Rays being traced =          277
 Compute time was    0.0000 sec
 OPD: nPassRays =     276,    DAvgCumL =  59.98530694D-01 m 
 RMS OPD error is   1.533648859D-03 m 
 P-V OPD error is   6.035242444D-03 m 
 Average OPD is     1.2007964886004299D-06 m 
  Input file /tmp/tp78cca764_ebd8_4975_a37c_4d7cd2b7e879.in being loaded.
 Default used for  SegXgrid
 Optical Train Summary:
  Tracing rays past   5 elements.
  Aperture grid type = Circular  with   21 grid points.
  Elt   1: Reflector   : Conic    with Kc=-1.0000D+00, Kr=-2.5000D+00, nECoords =   6
  Elt   2: Reflector   : Conic    with Kc=-1.2384D+00, Kr=-4.4837D-01, nECoords =   6
  Elt   3: Reflector   : Conic    with Kc=-2.9498D+00, Kr=-2.3186D+00, nECoords =   6
  Elt   4: Reflector   : Conic    with Kc=-9.8203D-01, Kr=-9.3497D-01, nECoords =   6
  Elt   5: Reference   : Flat     with Kc= 0.0000D+00, Kr=-1.0000D+22, nECoords =   6
  Number of output coordinates is   5
  
  Aperture stop set at (global):  0.000000000D+00  0.000000000D+00  0.000000000D+00
  
  Input file /tmp/tp78cca764_ebd8_4975_a37c_4d7cd2b7e879.in being loaded.
 Default used for  SegXgrid
 Optical Train Summary:
  Tracing rays past   5 elements.
  Aperture grid type = Circular  with   21 grid points.
  Elt   1: Reflector   : Conic    with Kc=-1.0000D+00, Kr=-2.5000D+00, nECoords =   6
  Elt   2: Reflector   : Conic    with Kc=-1.2384D+00, Kr=-4.4837D-01, nECoords =   6
  Elt   3: Reflector   : Conic    with Kc=-2.9498D+00, Kr=-2.3186D+00, nECoords =   6
  Elt   4: Reflector   : Conic    with Kc=-9.8203D-01, Kr=-9.3497D-01, nECoords =   6
  Elt   5: Reference   : Flat     with Kc= 0.0000D+00, Kr=-1.0000D+22, nECoords =   6
  Number of output coordinates is   5
  
  Aperture stop set at (global):  0.000000000D+00  0.000000000D+00  0.000000000D+00
  
 OPD: Rays being traced =          277
 Compute time was    0.0000 sec
 OPD: nPassRays =     276,    DAvgCumL =  59.81385716D-01 m 
 RMS OPD error is   2.659819123D-03 m 
 P-V OPD error is   9.638809002D-03 m 
 Average OPD is     1.2205743097168577D-05 m 
  Input file /tmp/tp1ed5c3e5_6748_4f99_99d5_abb35b44b52d.in being loaded.
 Default used for  SegXgrid
 Optical Train Summary:
  Tracing rays past   5 elements.
  Aperture grid type = Circular  with   21 grid points.
  Elt   1: Reflector   : Conic    with Kc=-1.0000D+00, Kr=-2.5000D+00, nECoords =   6
  Elt   2: Reflector   : Conic    with Kc=-1.2384D+00, Kr=-4.4837D-01, nECoords =   6
  Elt   3: Reflector   : Conic    with Kc=-2.9498D+00, Kr=-2.3186D+00, nECoords =   6
  Elt   4: Reflector   : Conic    with Kc=-9.8203D-01, Kr=-9.3497D-01, nECoords =   6
  Elt   5: Reference   : Flat     with Kc= 0.0000D+00, Kr=-1.0000D+22, nECoords =   6
  Number of output coordinates is   5
  
  Aperture stop set at (global):  0.000000000D+00  0.000000000D+00  0.000000000D+00
  
 OPD: Rays being traced =          277
 Compute time was    0.0000 sec
 OPD: nPassRays =     276,    DAvgCumL =  59.98104864D-01 m 
 RMS OPD error is   3.241976679D-06 m 
 P-V OPD error is   1.542326849D-05 m 
 Average OPD is    -3.5849888053557457D-06 m 
  Input file /tmp/tp78cca764_ebd8_4975_a37c_4d7cd2b7e879.in being loaded.
 Default used for  SegXgrid
 Optical Train Summary:
  Tracing rays past   5 elements.
  Aperture grid type = Circular  with   21 grid points.
  Elt   1: Reflector   : Conic    with Kc=-1.0000D+00, Kr=-2.5000D+00, nECoords =   6
  Elt   2: Reflector   : Conic    with Kc=-1.2384D+00, Kr=-4.4837D-01, nECoords =   6
  Elt   3: Reflector   : Conic    with Kc=-2.9498D+00, Kr=-2.3186D+00, nECoords =   6
  Elt   4: Reflector   : Conic    with Kc=-9.8203D-01, Kr=-9.3497D-01, nECoords =   6
  Elt   5: Reference   : Flat     with Kc= 0.0000D+00, Kr=-1.0000D+22, nECoords =   6
  Number of output coordinates is   5
  
  Aperture stop set at (global):  0.000000000D+00  0.000000000D+00  0.000000000D+00
  
  Input file /tmp/tpcacd1d2c_c019_459c_95b3_cf307e14184b.in being loaded.
 Default used for  SegXgrid
 Optical Train Summary:
  Tracing rays past   5 elements.
  Aperture grid type = Circular  with   21 grid points.
  Elt   1: Reflector   : Conic    with Kc=-1.0000D+00, Kr=-2.5000D+00, nECoords =   6
  Elt   2: Reflector   : Conic    with Kc=-1.2384D+00, Kr=-4.4837D-01, nECoords =   6
  Elt   3: Reflector   : Conic    with Kc=-2.9498D+00, Kr=-2.3186D+00, nECoords =   6
  Elt   4: Reflector   : Conic    with Kc=-9.8203D-01, Kr=-9.3497D-01, nECoords =   6
  Elt   5: Reference   : Flat     with Kc= 0.0000D+00, Kr=-1.0000D+22, nECoords =   6
  Number of output coordinates is   5
  
  Aperture stop set at (global):  0.000000000D+00  0.000000000D+00  0.000000000D+00
  
 OPD: Rays being traced =          277
 Compute time was    0.0000 sec
 OPD: nPassRays =     276,    DAvgCumL =  59.98418443D-01 m 
 RMS OPD error is   1.539267630D-03 m 
 P-V OPD error is   6.046693484D-03 m 
 Average OPD is    -1.3303707250745023D-06 m 
  Input file /tmp/tpcacd1d2c_c019_459c_95b3_cf307e14184b.in being loaded.
 Default used for  SegXgrid
 Optical Train Summary:
  Tracing rays past   5 elements.
  Aperture grid type = Circular  with   21 grid points.
  Elt   1: Reflector   : Conic    with Kc=-1.0000D+00, Kr=-2.5000D+00, nECoords =   6
  Elt   2: Reflector   : Conic    with Kc=-1.2384D+00, Kr=-4.4837D-01, nECoords =   6
  Elt   3: Reflector   : Conic    with Kc=-2.9498D+00, Kr=-2.3186D+00, nECoords =   6
  Elt   4: Reflector   : Conic    with Kc=-9.8203D-01, Kr=-9.3497D-01, nECoords =   6
  Elt   5: Reference   : Flat     with Kc= 0.0000D+00, Kr=-1.0000D+22, nECoords =   6
  Number of output coordinates is   5
  
  Aperture stop set at (global):  0.000000000D+00  0.000000000D+00  0.000000000D+00
  
 OPD: Rays being traced =          277
 Compute time was    0.0000 sec
 OPD: nPassRays =     276,    DAvgCumL =  59.98242498D-01 m 
 RMS OPD error is   1.083605528D-03 m 
 P-V OPD error is   3.953858784D-03 m 
 Average OPD is    -2.0096793327165678D-06 m 
  Input file /tmp/tpcacd1d2c_c019_459c_95b3_cf307e14184b.in being loaded.
 Default used for  SegXgrid
 Optical Train Summary:
  Tracing rays past   5 elements.
  Aperture grid type = Circular  with   21 grid points.
  Elt   1: Reflector   : Conic    with Kc=-1.0000D+00, Kr=-2.5000D+00, nECoords =   6
  Elt   2: Reflector   : Conic    with Kc=-1.2384D+00, Kr=-4.4837D-01, nECoords =   6
  Elt   3: Reflector   : Conic    with Kc=-2.9498D+00, Kr=-2.3186D+00, nECoords =   6
  Elt   4: Reflector   : Conic    with Kc=-9.8203D-01, Kr=-9.3497D-01, nECoords =   6
  Elt   5: Reference   : Flat     with Kc= 0.0000D+00, Kr=-1.0000D+22, nECoords =   6
  Number of output coordinates is   5
  
  Aperture stop set at (global):  0.000000000D+00  0.000000000D+00  0.000000000D+00
  
 OPD: Rays being traced =          277
 Compute time was    0.0020 sec
 OPD: nPassRays =     276,    DAvgCumL =  59.98530722D-01 m 
 RMS OPD error is   1.533646574D-03 m 
 P-V OPD error is   6.035234237D-03 m 
 Average OPD is     1.2008453019917620D-06 m 
  Input file /tmp/tpcacd1d2c_c019_459c_95b3_cf307e14184b.in being loaded.
 Default used for  SegXgrid
 Optical Train Summary:
  Tracing rays past   5 elements.
  Aperture grid type = Circular  with   21 grid points.
  Elt   1: Reflector   : Conic    with Kc=-1.0000D+00, Kr=-2.5000D+00, nECoords =   6
  Elt   2: Reflector   : Conic    with Kc=-1.2384D+00, Kr=-4.4837D-01, nECoords =   6
  Elt   3: Reflector   : Conic    with Kc=-2.9498D+00, Kr=-2.3186D+00, nECoords =   6
  Elt   4: Reflector   : Conic    with Kc=-9.8203D-01, Kr=-9.3497D-01, nECoords =   6
  Elt   5: Reference   : Flat     with Kc= 0.0000D+00, Kr=-1.0000D+22, nECoords =   6
  Number of output coordinates is   5
  
  Aperture stop set at (global):  0.000000000D+00  0.000000000D+00  0.000000000D+00
  
 OPD: Rays being traced =          277
 Compute time was    0.0020 sec
 OPD: nPassRays =     276,    DAvgCumL =  59.98296498D-01 m 
 RMS OPD error is   1.082573092D-03 m 
 P-V OPD error is   3.922495952D-03 m 
 Average OPD is    -2.9442369554744592D-06 m 
  Input file /tmp/tpcacd1d2c_c019_459c_95b3_cf307e14184b.in being loaded.
 Default used for  SegXgrid
 Optical Train Summary:
  Tracing rays past   5 elements.
  Aperture grid type = Circular  with   21 grid points.
  Elt   1: Reflector   : Conic    with Kc=-1.0000D+00, Kr=-2.5000D+00, nECoords =   6
  Elt   2: Reflector   : Conic    with Kc=-1.2384D+00, Kr=-4.4837D-01, nECoords =   6
  Elt   3: Reflector   : Conic    with Kc=-2.9498D+00, Kr=-2.3186D+00, nECoords =   6
  Elt   4: Reflector   : Conic    with Kc=-9.8203D-01, Kr=-9.3497D-01, nECoords =   6
  Elt   5: Reference   : Flat     with Kc= 0.0000D+00, Kr=-1.0000D+22, nECoords =   6
  Number of output coordinates is   5
  
  Aperture stop set at (global):  0.000000000D+00  0.000000000D+00  0.000000000D+00
  
 OPD: Rays being traced =          277
 Compute time was    0.0020 sec
 OPD: nPassRays =     276,    DAvgCumL =  59.98104854D-01 m 
 RMS OPD error is   3.281971945D-06 m 
 P-V OPD error is   1.566711988D-05 m 
 Average OPD is    -3.5946725235405612D-06 m 
  Input file /tmp/tpcacd1d2c_c019_459c_95b3_cf307e14184b.in being loaded.
 Default used for  SegXgrid
 Optical Train Summary:
  Tracing rays past   5 elements.
  Aperture grid type = Circular  with   21 grid points.
  Elt   1: Reflector   : Conic    with Kc=-1.0000D+00, Kr=-2.5000D+00, nECoords =   6
  Elt   2: Reflector   : Conic    with Kc=-1.2384D+00, Kr=-4.4837D-01, nECoords =   6
  Elt   3: Reflector   : Conic    with Kc=-2.9498D+00, Kr=-2.3186D+00, nECoords =   6
  Elt   4: Reflector   : Conic    with Kc=-9.8203D-01, Kr=-9.3497D-01, nECoords =   6
  Elt   5: Reference   : Flat     with Kc= 0.0000D+00, Kr=-1.0000D+22, nECoords =   6
  Number of output coordinates is   5
  
  Aperture stop set at (global):  0.000000000D+00  0.000000000D+00  0.000000000D+00
  
 OPD: Rays being traced =          277
 Compute time was    0.0000 sec
 OPD: nPassRays =     276,    DAvgCumL =  59.98354287D-01 m 
 RMS OPD error is   1.078906312D-03 m 
 P-V OPD error is   3.915875912D-03 m 
 Average OPD is    -4.3091938001468699D-07 m 
  Input file /tmp/tpcacd1d2c_c019_459c_95b3_cf307e14184b.in being loaded.
 Default used for  SegXgrid
 Optical Train Summary:
  Tracing rays past   5 elements.
  Aperture grid type = Circular  with   21 grid points.
  Elt   1: Reflector   : Conic    with Kc=-1.0000D+00, Kr=-2.5000D+00, nECoords =   6
  Elt   2: Reflector   : Conic    with Kc=-1.2384D+00, Kr=-4.4837D-01, nECoords =   6
  Elt   3: Reflector   : Conic    with Kc=-2.9498D+00, Kr=-2.3186D+00, nECoords =   6
  Elt   4: Reflector   : Conic    with Kc=-9.8203D-01, Kr=-9.3497D-01, nECoords =   6
  Elt   5: Reference   : Flat     with Kc= 0.0000D+00, Kr=-1.0000D+22, nECoords =   6
  Number of output coordinates is   5
  
  Aperture stop set at (global):  0.000000000D+00  0.000000000D+00  0.000000000D+00
  
 OPD: Rays being traced =          277
 Compute time was    0.0020 sec
 OPD: nPassRays =     276,    DAvgCumL =  59.98418443D-01 m 
 RMS OPD error is   1.539267630D-03 m 
 P-V OPD error is   6.046693484D-03 m 
 Average OPD is    -1.3303707250004875D-06 m 
  Input file /tmp/tpcacd1d2c_c019_459c_95b3_cf307e14184b.in being loaded.
 Default used for  SegXgrid
 Optical Train Summary:
  Tracing rays past   5 elements.
  Aperture grid type = Circular  with   21 grid points.
  Elt   1: Reflector   : Conic    with Kc=-1.0000D+00, Kr=-2.5000D+00, nECoords =   6
  Elt   2: Reflector   : Conic    with Kc=-1.2384D+00, Kr=-4.4837D-01, nECoords =   6
  Elt   3: Reflector   : Conic    with Kc=-2.9498D+00, Kr=-2.3186D+00, nECoords =   6
  Elt   4: Reflector   : Conic    with Kc=-9.8203D-01, Kr=-9.3497D-01, nECoords =   6
  Elt   5: Reference   : Flat     with Kc= 0.0000D+00, Kr=-1.0000D+22, nECoords =   6
  Number of output coordinates is   5
  
  Aperture stop set at (global):  0.000000000D+00  0.000000000D+00  0.000000000D+00
  
 OPD: Rays being traced =          277
 Compute time was    0.0020 sec
 OPD: nPassRays =     276,    DAvgCumL =  59.98242498D-01 m 
 RMS OPD error is   1.083605528D-03 m 
 P-V OPD error is   3.953858784D-03 m 
 Average OPD is    -2.0096793326618609D-06 m 
  Input file /tmp/tpcacd1d2c_c019_459c_95b3_cf307e14184b.in being loaded.
 Default used for  SegXgrid
 Optical Train Summary:
  Tracing rays past   5 elements.
  Aperture grid type = Circular  with   21 grid points.
  Elt   1: Reflector   : Conic    with Kc=-1.0000D+00, Kr=-2.5000D+00, nECoords =   6
  Elt   2: Reflector   : Conic    with Kc=-1.2384D+00, Kr=-4.4837D-01, nECoords =   6
  Elt   3: Reflector   : Conic    with Kc=-2.9498D+00, Kr=-2.3186D+00, nECoords =   6
  Elt   4: Reflector   : Conic    with Kc=-9.8203D-01, Kr=-9.3497D-01, nECoords =   6
  Elt   5: Reference   : Flat     with Kc= 0.0000D+00, Kr=-1.0000D+22, nECoords =   6
  Number of output coordinates is   5
  
  Aperture stop set at (global):  0.000000000D+00  0.000000000D+00  0.000000000D+00
  
 OPD: Rays being traced =          277
 Compute time was    0.0020 sec
 OPD: nPassRays =     276,    DAvgCumL =  59.98530722D-01 m 
 RMS OPD error is   1.533646574D-03 m 
 P-V OPD error is   6.035234237D-03 m 
 Average OPD is     1.2008453021526639D-06 m 
  Input file /tmp/tp78cca764_ebd8_4975_a37c_4d7cd2b7e879.in being loaded.
 Default used for  SegXgrid
 Optical Train Summary:
  Tracing rays past   5 elements.
  Aperture grid type = Circular  with   21 grid points.
  Elt   1: Reflector   : Conic    with Kc=-1.0000D+00, Kr=-2.5000D+00, nECoords =   6
  Elt   2: Reflector   : Conic    with Kc=-1.2384D+00, Kr=-4.4837D-01, nECoords =   6
  Elt   3: Reflector   : Conic    with Kc=-2.9498D+00, Kr=-2.3186D+00, nECoords =   6
  Elt   4: Reflector   : Conic    with Kc=-9.8203D-01, Kr=-9.3497D-01, nECoords =   6
  Elt   5: Reference   : Flat     with Kc= 0.0000D+00, Kr=-1.0000D+22, nECoords =   6
  Number of output coordinates is   5
  
  Aperture stop set at (global):  0.000000000D+00  0.000000000D+00  0.000000000D+00
  
  Input file /tmp/tp54171695_c477_4dbd_a97c_489b0b8ed232.in being loaded.
 Default used for  SegXgrid
 Optical Train Summary:
  Tracing rays past   5 elements.
  Aperture grid type = Circular  with   21 grid points.
  Elt   1: Reflector   : Conic    with Kc=-1.0000D+00, Kr=-2.5000D+00, nECoords =   6
  Elt   2: Reflector   : Conic    with Kc=-1.2384D+00, Kr=-4.4837D-01, nECoords =   6
  Elt   3: Reflector   : Conic    with Kc=-2.9498D+00, Kr=-2.3186D+00, nECoords =   6
  Elt   4: Reflector   : Conic    with Kc=-9.8203D-01, Kr=-9.3497D-01, nECoords =   6
  Elt   5: Reference   : Flat     with Kc= 0.0000D+00, Kr=-1.0000D+22, nECoords =   6
  Number of output coordinates is   5
  
  Aperture stop set at (global):  0.000000000D+00  0.000000000D+00  0.000000000D+00
  
 OPD: Rays being traced =          277
 Compute time was    0.0000 sec
 OPD: nPassRays =     276,    DAvgCumL =  59.98418443D-01 m 
 RMS OPD error is   1.539267630D-03 m 
 P-V OPD error is   6.046693484D-03 m 
 Average OPD is    -1.3303707250745023D-06 m 
  Input file /tmp/tp54171695_c477_4dbd_a97c_489b0b8ed232.in being loaded.
 Default used for  SegXgrid
 Optical Train Summary:
  Tracing rays past   5 elements.
  Aperture grid type = Circular  with   21 grid points.
  Elt   1: Reflector   : Conic    with Kc=-1.0000D+00, Kr=-2.5000D+00, nECoords =   6
  Elt   2: Reflector   : Conic    with Kc=-1.2384D+00, Kr=-4.4837D-01, nECoords =   6
  Elt   3: Reflector   : Conic    with Kc=-2.9498D+00, Kr=-2.3186D+00, nECoords =   6
  Elt   4: Reflector   : Conic    with Kc=-9.8203D-01, Kr=-9.3497D-01, nECoords =   6
  Elt   5: Reference   : Flat     with Kc= 0.0000D+00, Kr=-1.0000D+22, nECoords =   6
  Number of output coordinates is   5
  
  Aperture stop set at (global):  0.000000000D+00  0.000000000D+00  0.000000000D+00
  
 OPD: Rays being traced =          277
 Compute time was    0.0020 sec
 OPD: nPassRays =     276,    DAvgCumL =  59.98242498D-01 m 
 RMS OPD error is   1.083605528D-03 m 
 P-V OPD error is   3.953858784D-03 m 
 Average OPD is    -2.0096793327165678D-06 m 
  Input file /tmp/tp54171695_c477_4dbd_a97c_489b0b8ed232.in being loaded.
 Default used for  SegXgrid
 Optical Train Summary:
  Tracing rays past   5 elements.
  Aperture grid type = Circular  with   21 grid points.
  Elt   1: Reflector   : Conic    with Kc=-1.0000D+00, Kr=-2.5000D+00, nECoords =   6
  Elt   2: Reflector   : Conic    with Kc=-1.2384D+00, Kr=-4.4837D-01, nECoords =   6
  Elt   3: Reflector   : Conic    with Kc=-2.9498D+00, Kr=-2.3186D+00, nECoords =   6
  Elt   4: Reflector   : Conic    with Kc=-9.8203D-01, Kr=-9.3497D-01, nECoords =   6
  Elt   5: Reference   : Flat     with Kc= 0.0000D+00, Kr=-1.0000D+22, nECoords =   6
  Number of output coordinates is   5
  
  Aperture stop set at (global):  0.000000000D+00  0.000000000D+00  0.000000000D+00
  
 OPD: Rays being traced =          277
 Compute time was    0.0020 sec
 OPD: nPassRays =     276,    DAvgCumL =  59.98530722D-01 m 
 RMS OPD error is   1.533646574D-03 m 
 P-V OPD error is   6.035234237D-03 m 
 Average OPD is     1.2008453019917620D-06 m 
  Input file /tmp/tp54171695_c477_4dbd_a97c_489b0b8ed232.in being loaded.
 Default used for  SegXgrid
 Optical Train Summary:
  Tracing rays past   5 elements.
  Aperture grid type = Circular  with   21 grid points.
  Elt   1: Reflector   : Conic    with Kc=-1.0000D+00, Kr=-2.5000D+00, nECoords =   6
  Elt   2: Reflector   : Conic    with Kc=-1.2384D+00, Kr=-4.4837D-01, nECoords =   6
  Elt   3: Reflector   : Conic    with Kc=-2.9498D+00, Kr=-2.3186D+00, nECoords =   6
  Elt   4: Reflector   : Conic    with Kc=-9.8203D-01, Kr=-9.3497D-01, nECoords =   6
  Elt   5: Reference   : Flat     with Kc= 0.0000D+00, Kr=-1.0000D+22, nECoords =   6
  Number of output coordinates is   5
  
  Aperture stop set at (global):  0.000000000D+00  0.000000000D+00  0.000000000D+00
  
 OPD: Rays being traced =          277
 Compute time was    0.0000 sec
 OPD: nPassRays =     276,    DAvgCumL =  59.98296498D-01 m 
 RMS OPD error is   1.082573092D-03 m 
 P-V OPD error is   3.922495952D-03 m 
 Average OPD is    -2.9442369554744592D-06 m 
  Input file /tmp/tp54171695_c477_4dbd_a97c_489b0b8ed232.in being loaded.
 Default used for  SegXgrid
 Optical Train Summary:
  Tracing rays past   5 elements.
  Aperture grid type = Circular  with   21 grid points.
  Elt   1: Reflector   : Conic    with Kc=-1.0000D+00, Kr=-2.5000D+00, nECoords =   6
  Elt   2: Reflector   : Conic    with Kc=-1.2384D+00, Kr=-4.4837D-01, nECoords =   6
  Elt   3: Reflector   : Conic    with Kc=-2.9498D+00, Kr=-2.3186D+00, nECoords =   6
  Elt   4: Reflector   : Conic    with Kc=-9.8203D-01, Kr=-9.3497D-01, nECoords =   6
  Elt   5: Reference   : Flat     with Kc= 0.0000D+00, Kr=-1.0000D+22, nECoords =   6
  Number of output coordinates is   5
  
  Aperture stop set at (global):  0.000000000D+00  0.000000000D+00  0.000000000D+00
  
 OPD: Rays being traced =          277
 Compute time was    0.0000 sec
 OPD: nPassRays =     276,    DAvgCumL =  59.98104854D-01 m 
 RMS OPD error is   3.281971945D-06 m 
 P-V OPD error is   1.566711988D-05 m 
 Average OPD is    -3.5946725235405612D-06 m 
  Input file /tmp/tp54171695_c477_4dbd_a97c_489b0b8ed232.in being loaded.
 Default used for  SegXgrid
 Optical Train Summary:
  Tracing rays past   5 elements.
  Aperture grid type = Circular  with   21 grid points.
  Elt   1: Reflector   : Conic    with Kc=-1.0000D+00, Kr=-2.5000D+00, nECoords =   6
  Elt   2: Reflector   : Conic    with Kc=-1.2384D+00, Kr=-4.4837D-01, nECoords =   6
  Elt   3: Reflector   : Conic    with Kc=-2.9498D+00, Kr=-2.3186D+00, nECoords =   6
  Elt   4: Reflector   : Conic    with Kc=-9.8203D-01, Kr=-9.3497D-01, nECoords =   6
  Elt   5: Reference   : Flat     with Kc= 0.0000D+00, Kr=-1.0000D+22, nECoords =   6
  Number of output coordinates is   5
  
  Aperture stop set at (global):  0.000000000D+00  0.000000000D+00  0.000000000D+00
  
 OPD: Rays being traced =          277
 Compute time was    0.0020 sec
 OPD: nPassRays =     276,    DAvgCumL =  59.98354287D-01 m 
 RMS OPD error is   1.078906312D-03 m 
 P-V OPD error is   3.915875912D-03 m 
 Average OPD is    -4.3091938001468699D-07 m 
  Input file /tmp/tp54171695_c477_4dbd_a97c_489b0b8ed232.in being loaded.
 Default used for  SegXgrid
 Optical Train Summary:
  Tracing rays past   5 elements.
  Aperture grid type = Circular  with   21 grid points.
  Elt   1: Reflector   : Conic    with Kc=-1.0000D+00, Kr=-2.5000D+00, nECoords =   6
  Elt   2: Reflector   : Conic    with Kc=-1.2384D+00, Kr=-4.4837D-01, nECoords =   6
  Elt   3: Reflector   : Conic    with Kc=-2.9498D+00, Kr=-2.3186D+00, nECoords =   6
  Elt   4: Reflector   : Conic    with Kc=-9.8203D-01, Kr=-9.3497D-01, nECoords =   6
  Elt   5: Reference   : Flat     with Kc= 0.0000D+00, Kr=-1.0000D+22, nECoords =   6
  Number of output coordinates is   5
  
  Aperture stop set at (global):  0.000000000D+00  0.000000000D+00  0.000000000D+00
  
 OPD: Rays being traced =          277
 Compute time was    0.0000 sec
 OPD: nPassRays =     276,    DAvgCumL =  59.98418443D-01 m 
 RMS OPD error is   1.539267630D-03 m 
 P-V OPD error is   6.046693484D-03 m 
 Average OPD is    -1.3303707250004875D-06 m 
  Input file /tmp/tp54171695_c477_4dbd_a97c_489b0b8ed232.in being loaded.
 Default used for  SegXgrid
 Optical Train Summary:
  Tracing rays past   5 elements.
  Aperture grid type = Circular  with   21 grid points.
  Elt   1: Reflector   : Conic    with Kc=-1.0000D+00, Kr=-2.5000D+00, nECoords =   6
  Elt   2: Reflector   : Conic    with Kc=-1.2384D+00, Kr=-4.4837D-01, nECoords =   6
  Elt   3: Reflector   : Conic    with Kc=-2.9498D+00, Kr=-2.3186D+00, nECoords =   6
  Elt   4: Reflector   : Conic    with Kc=-9.8203D-01, Kr=-9.3497D-01, nECoords =   6
  Elt   5: Reference   : Flat     with Kc= 0.0000D+00, Kr=-1.0000D+22, nECoords =   6
  Number of output coordinates is   5
  
  Aperture stop set at (global):  0.000000000D+00  0.000000000D+00  0.000000000D+00
  
 OPD: Rays being traced =          277
 Compute time was    0.0000 sec
 OPD: nPassRays =     276,    DAvgCumL =  59.98242498D-01 m 
 RMS OPD error is   1.083605528D-03 m 
 P-V OPD error is   3.953858784D-03 m 
 Average OPD is    -2.0096793326618609D-06 m 
  Input file /tmp/tp54171695_c477_4dbd_a97c_489b0b8ed232.in being loaded.
 Default used for  SegXgrid
 Optical Train Summary:
  Tracing rays past   5 elements.
  Aperture grid type = Circular  with   21 grid points.
  Elt   1: Reflector   : Conic    with Kc=-1.0000D+00, Kr=-2.5000D+00, nECoords =   6
  Elt   2: Reflector   : Conic    with Kc=-1.2384D+00, Kr=-4.4837D-01, nECoords =   6
  Elt   3: Reflector   : Conic    with Kc=-2.9498D+00, Kr=-2.3186D+00, nECoords =   6
  Elt   4: Reflector   : Conic    with Kc=-9.8203D-01, Kr=-9.3497D-01, nECoords =   6
  Elt   5: Reference   : Flat     with Kc= 0.0000D+00, Kr=-1.0000D+22, nECoords =   6
  Number of output coordinates is   5
  
  Aperture stop set at (global):  0.000000000D+00  0.000000000D+00  0.000000000D+00
  
 OPD: Rays being traced =          277
 Compute time was    0.0000 sec
 OPD: nPassRays =     276,    DAvgCumL =  59.98530722D-01 m 
 RMS OPD error is   1.533646574D-03 m 
 P-V OPD error is   6.035234237D-03 m 
 Average OPD is     1.2008453021526639D-06 m 
  Input file /tmp/tp1a957036_14e3_49a2_a5b7_0f14877dc216.in being loaded.
 Default used for  SegXgrid
 Optical Train Summary:
  Tracing rays past   5 elements.
  Aperture grid type = Circular  with   21 grid points.
  Elt   1: Reflector   : Conic    with Kc=-1.0000D+00, Kr=-2.5000D+00, nECoords =   6
  Elt   2: Reflector   : Conic    with Kc=-1.2384D+00, Kr=-4.4837D-01, nECoords =   6
  Elt   3: Reflector   : Conic    with Kc=-2.9498D+00, Kr=-2.3186D+00, nECoords =   6
  Elt   4: Reflector   : Conic    with Kc=-9.8203D-01, Kr=-9.3497D-01, nECoords =   6
  Elt   5: Reference   : Flat     with Kc= 0.0000D+00, Kr=-1.0000D+22, nECoords =   6
  Number of output coordinates is   5
  
  Aperture stop set at (global):  0.000000000D+00  0.000000000D+00  0.000000000D+00
  
 OPD: Rays being traced =          277
 Compute time was    0.0000 sec
 OPD: nPassRays =     276,    DAvgCumL =  12.67619349D-01 m 
 RMS OPD error is   1.419742281D-02 m 
 P-V OPD error is   5.167010635D-02 m 
 Average OPD is    -2.4333968567546094D-02 m 
 OPD: Rays being traced =          277
 Compute time was    0.0020 sec
 OPD: nPassRays =     276,    DAvgCumL =  59.98418443D-01 m 
 RMS OPD error is   1.539267630D-03 m 
 P-V OPD error is   6.046693484D-03 m 
 Average OPD is    -1.3303707250745023D-06 m 
  Input file /tmp/tp1a957036_14e3_49a2_a5b7_0f14877dc216.in being loaded.
 Default used for  SegXgrid
 Optical Train Summary:
  Tracing rays past   5 elements.
  Aperture grid type = Circular  with   21 grid points.
  Elt   1: Reflector   : Conic    with Kc=-1.0000D+00, Kr=-2.5000D+00, nECoords =   6
  Elt   2: Reflector   : Conic    with Kc=-1.2384D+00, Kr=-4.4837D-01, nECoords =   6
  Elt   3: Reflector   : Conic    with Kc=-2.9498D+00, Kr=-2.3186D+00, nECoords =   6
  Elt   4: Reflector   : Conic    with Kc=-9.8203D-01, Kr=-9.3497D-01, nECoords =   6
  Elt   5: Reference   : Flat     with Kc= 0.0000D+00, Kr=-1.0000D+22, nECoords =   6
  Number of output coordinates is   5
  
  Aperture stop set at (global):  0.000000000D+00  0.000000000D+00  0.000000000D+00
  
 OPD: Rays being traced =          277
 Compute time was    0.0000 sec
 OPD: nPassRays =     276,    DAvgCumL =  12.67617554D-01 m 
 RMS OPD error is   1.435720682D-02 m 
 P-V OPD error is   5.354549631D-02 m 
 Average OPD is    -2.4335763510063151D-02 m 
 OPD: Rays being traced =          277
 Compute time was    0.0000 sec
 OPD: nPassRays =     276,    DAvgCumL =  59.98242498D-01 m 
 RMS OPD error is   1.083605528D-03 m 
 P-V OPD error is   3.953858784D-03 m 
 Average OPD is    -2.0096793327165678D-06 m 
  Input file /tmp/tp1a957036_14e3_49a2_a5b7_0f14877dc216.in being loaded.
 Default used for  SegXgrid
 Optical Train Summary:
  Tracing rays past   5 elements.
  Aperture grid type = Circular  with   21 grid points.
  Elt   1: Reflector   : Conic    with Kc=-1.0000D+00, Kr=-2.5000D+00, nECoords =   6
  Elt   2: Reflector   : Conic    with Kc=-1.2384D+00, Kr=-4.4837D-01, nECoords =   6
  Elt   3: Reflector   : Conic    with Kc=-2.9498D+00, Kr=-2.3186D+00, nECoords =   6
  Elt   4: Reflector   : Conic    with Kc=-9.8203D-01, Kr=-9.3497D-01, nECoords =   6
  Elt   5: Reference   : Flat     with Kc= 0.0000D+00, Kr=-1.0000D+22, nECoords =   6
  Number of output coordinates is   5
  
  Aperture stop set at (global):  0.000000000D+00  0.000000000D+00  0.000000000D+00
  
 OPD: Rays being traced =          277
 Compute time was    0.0020 sec
 OPD: nPassRays =     276,    DAvgCumL =  12.67614814D-01 m 
 RMS OPD error is   1.459774741D-02 m 
 P-V OPD error is   5.542322854D-02 m 
 Average OPD is    -2.4338503573907749D-02 m 
 OPD: Rays being traced =          277
 Compute time was    0.0000 sec
 OPD: nPassRays =     276,    DAvgCumL =  59.98530722D-01 m 
 RMS OPD error is   1.533646574D-03 m 
 P-V OPD error is   6.035234237D-03 m 
 Average OPD is     1.2008453019917620D-06 m 
  Input file /tmp/tp1a957036_14e3_49a2_a5b7_0f14877dc216.in being loaded.
 Default used for  SegXgrid
 Optical Train Summary:
  Tracing rays past   5 elements.
  Aperture grid type = Circular  with   21 grid points.
  Elt   1: Reflector   : Conic    with Kc=-1.0000D+00, Kr=-2.5000D+00, nECoords =   6
  Elt   2: Reflector   : Conic    with Kc=-1.2384D+00, Kr=-4.4837D-01, nECoords =   6
  Elt   3: Reflector   : Conic    with Kc=-2.9498D+00, Kr=-2.3186D+00, nECoords =   6
  Elt   4: Reflector   : Conic    with Kc=-9.8203D-01, Kr=-9.3497D-01, nECoords =   6
  Elt   5: Reference   : Flat     with Kc= 0.0000D+00, Kr=-1.0000D+22, nECoords =   6
  Number of output coordinates is   5
  
  Aperture stop set at (global):  0.000000000D+00  0.000000000D+00  0.000000000D+00
  
 OPD: Rays being traced =          277
 Compute time was    0.0020 sec
 OPD: nPassRays =     276,    DAvgCumL =  12.67619821D-01 m 
 RMS OPD error is   1.415507687D-02 m 
 P-V OPD error is   5.026587765D-02 m 
 Average OPD is    -2.4333496244226208D-02 m 
 OPD: Rays being traced =          277
 Compute time was    0.0000 sec
 OPD: nPassRays =     276,    DAvgCumL =  59.98296498D-01 m 
 RMS OPD error is   1.082573092D-03 m 
 P-V OPD error is   3.922495952D-03 m 
 Average OPD is    -2.9442369554744592D-06 m 
  Input file /tmp/tp1a957036_14e3_49a2_a5b7_0f14877dc216.in being loaded.
 Default used for  SegXgrid
 Optical Train Summary:
  Tracing rays past   5 elements.
  Aperture grid type = Circular  with   21 grid points.
  Elt   1: Reflector   : Conic    with Kc=-1.0000D+00, Kr=-2.5000D+00, nECoords =   6
  Elt   2: Reflector   : Conic    with Kc=-1.2384D+00, Kr=-4.4837D-01, nECoords =   6
  Elt   3: Reflector   : Conic    with Kc=-2.9498D+00, Kr=-2.3186D+00, nECoords =   6
  Elt   4: Reflector   : Conic    with Kc=-9.8203D-01, Kr=-9.3497D-01, nECoords =   6
  Elt   5: Reference   : Flat     with Kc= 0.0000D+00, Kr=-1.0000D+22, nECoords =   6
  Number of output coordinates is   5
  
  Aperture stop set at (global):  0.000000000D+00  0.000000000D+00  0.000000000D+00
  
 OPD: Rays being traced =          277
 Compute time was    0.0000 sec
 OPD: nPassRays =     276,    DAvgCumL =  12.67618026D-01 m 
 RMS OPD error is   1.431532715D-02 m 
 P-V OPD error is   5.214032665D-02 m 
 Average OPD is    -2.4335291107281942D-02 m 
 OPD: Rays being traced =          277
 Compute time was    0.0020 sec
 OPD: nPassRays =     276,    DAvgCumL =  59.98104854D-01 m 
 RMS OPD error is   3.281971945D-06 m 
 P-V OPD error is   1.566711988D-05 m 
 Average OPD is    -3.5946725235405612D-06 m 
  Input file /tmp/tp1a957036_14e3_49a2_a5b7_0f14877dc216.in being loaded.
 Default used for  SegXgrid
 Optical Train Summary:
  Tracing rays past   5 elements.
  Aperture grid type = Circular  with   21 grid points.
  Elt   1: Reflector   : Conic    with Kc=-1.0000D+00, Kr=-2.5000D+00, nECoords =   6
  Elt   2: Reflector   : Conic    with Kc=-1.2384D+00, Kr=-4.4837D-01, nECoords =   6
  Elt   3: Reflector   : Conic    with Kc=-2.9498D+00, Kr=-2.3186D+00, nECoords =   6
  Elt   4: Reflector   : Conic    with Kc=-9.8203D-01, Kr=-9.3497D-01, nECoords =   6
  Elt   5: Reference   : Flat     with Kc= 0.0000D+00, Kr=-1.0000D+22, nECoords =   6
  Number of output coordinates is   5
  
  Aperture stop set at (global):  0.000000000D+00  0.000000000D+00  0.000000000D+00
  
 OPD: Rays being traced =          277
 Compute time was    0.0020 sec
 OPD: nPassRays =     276,    DAvgCumL =  12.67615286D-01 m 
 RMS OPD error is   1.455655019D-02 m 
 P-V OPD error is   5.401711476D-02 m 
 Average OPD is    -2.4338031049812109D-02 m 
 OPD: Rays being traced =          277
 Compute time was    0.0000 sec
 OPD: nPassRays =     276,    DAvgCumL =  59.98354287D-01 m 
 RMS OPD error is   1.078906312D-03 m 
 P-V OPD error is   3.915875912D-03 m 
 Average OPD is    -4.3091938001468699D-07 m 
  Input file /tmp/tp1a957036_14e3_49a2_a5b7_0f14877dc216.in being loaded.
 Default used for  SegXgrid
 Optical Train Summary:
  Tracing rays past   5 elements.
  Aperture grid type = Circular  with   21 grid points.
  Elt   1: Reflector   : Conic    with Kc=-1.0000D+00, Kr=-2.5000D+00, nECoords =   6
  Elt   2: Reflector   : Conic    with Kc=-1.2384D+00, Kr=-4.4837D-01, nECoords =   6
  Elt   3: Reflector   : Conic    with Kc=-2.9498D+00, Kr=-2.3186D+00, nECoords =   6
  Elt   4: Reflector   : Conic    with Kc=-9.8203D-01, Kr=-9.3497D-01, nECoords =   6
  Elt   5: Reference   : Flat     with Kc= 0.0000D+00, Kr=-1.0000D+22, nECoords =   6
  Number of output coordinates is   5
  
  Aperture stop set at (global):  0.000000000D+00  0.000000000D+00  0.000000000D+00
  
 OPD: Rays being traced =          277
 Compute time was    0.0000 sec
 OPD: nPassRays =     276,    DAvgCumL =  12.67619349D-01 m 
 RMS OPD error is   1.419742281D-02 m 
 P-V OPD error is   5.167010635D-02 m 
 Average OPD is    -2.4333968567546081D-02 m 
 OPD: Rays being traced =          277
 Compute time was    0.0020 sec
 OPD: nPassRays =     276,    DAvgCumL =  59.98418443D-01 m 
 RMS OPD error is   1.539267630D-03 m 
 P-V OPD error is   6.046693484D-03 m 
 Average OPD is    -1.3303707250004875D-06 m 
  Input file /tmp/tp1a957036_14e3_49a2_a5b7_0f14877dc216.in being loaded.
 Default used for  SegXgrid
 Optical Train Summary:
  Tracing rays past   5 elements.
  Aperture grid type = Circular  with   21 grid points.
  Elt   1: Reflector   : Conic    with Kc=-1.0000D+00, Kr=-2.5000D+00, nECoords =   6
  Elt   2: Reflector   : Conic    with Kc=-1.2384D+00, Kr=-4.4837D-01, nECoords =   6
  Elt   3: Reflector   : Conic    with Kc=-2.9498D+00, Kr=-2.3186D+00, nECoords =   6
  Elt   4: Reflector   : Conic    with Kc=-9.8203D-01, Kr=-9.3497D-01, nECoords =   6
  Elt   5: Reference   : Flat     with Kc= 0.0000D+00, Kr=-1.0000D+22, nECoords =   6
  Number of output coordinates is   5
  
  Aperture stop set at (global):  0.000000000D+00  0.000000000D+00  0.000000000D+00
  
 OPD: Rays being traced =          277
 Compute time was    0.0000 sec
 OPD: nPassRays =     276,    DAvgCumL =  12.67617554D-01 m 
 RMS OPD error is   1.435720682D-02 m 
 P-V OPD error is   5.354549631D-02 m 
 Average OPD is    -2.4335763510063151D-02 m 
 OPD: Rays being traced =          277
 Compute time was    0.0000 sec
 OPD: nPassRays =     276,    DAvgCumL =  59.98242498D-01 m 
 RMS OPD error is   1.083605528D-03 m 
 P-V OPD error is   3.953858784D-03 m 
 Average OPD is    -2.0096793326618609D-06 m 
  Input file /tmp/tp1a957036_14e3_49a2_a5b7_0f14877dc216.in being loaded.
 Default used for  SegXgrid
 Optical Train Summary:
  Tracing rays past   5 elements.
  Aperture grid type = Circular  with   21 grid points.
  Elt   1: Reflector   : Conic    with Kc=-1.0000D+00, Kr=-2.5000D+00, nECoords =   6
  Elt   2: Reflector   : Conic    with Kc=-1.2384D+00, Kr=-4.4837D-01, nECoords =   6
  Elt   3: Reflector   : Conic    with Kc=-2.9498D+00, Kr=-2.3186D+00, nECoords =   6
  Elt   4: Reflector   : Conic    with Kc=-9.8203D-01, Kr=-9.3497D-01, nECoords =   6
  Elt   5: Reference   : Flat     with Kc= 0.0000D+00, Kr=-1.0000D+22, nECoords =   6
  Number of output coordinates is   5
  
  Aperture stop set at (global):  0.000000000D+00  0.000000000D+00  0.000000000D+00
  
 OPD: Rays being traced =          277
 Compute time was    0.0000 sec
 OPD: nPassRays =     276,    DAvgCumL =  12.67614814D-01 m 
 RMS OPD error is   1.459774741D-02 m 
 P-V OPD error is   5.542322854D-02 m 
 Average OPD is    -2.4338503573907769D-02 m 
 OPD: Rays being traced =          277
 Compute time was    0.0020 sec
 OPD: nPassRays =     276,    DAvgCumL =  59.98530722D-01 m 
 RMS OPD error is   1.533646574D-03 m 
 P-V OPD error is   6.035234237D-03 m 
 Average OPD is     1.2008453021526639D-06 m 
  Input file /tmp/tp78cca764_ebd8_4975_a37c_4d7cd2b7e879.in being loaded.
 Default used for  SegXgrid
 Optical Train Summary:
  Tracing rays past   5 elements.
  Aperture grid type = Circular  with   21 grid points.
  Elt   1: Reflector   : Conic    with Kc=-1.0000D+00, Kr=-2.5000D+00, nECoords =   6
  Elt   2: Reflector   : Conic    with Kc=-1.2384D+00, Kr=-4.4837D-01, nECoords =   6
  Elt   3: Reflector   : Conic    with Kc=-2.9498D+00, Kr=-2.3186D+00, nECoords =   6
  Elt   4: Reflector   : Conic    with Kc=-9.8208D-01, Kr=-9.3502D-01, nECoords =   6
  Elt   5: Reference   : Flat     with Kc= 0.0000D+00, Kr=-1.0000D+22, nECoords =   6
  Number of output coordinates is   5
  
  Aperture stop set at (global):  0.000000000D+00  0.000000000D+00  0.000000000D+00
  
  Input file /tmp/tp78cca764_ebd8_4975_a37c_4d7cd2b7e879.in being loaded.
 Default used for  SegXgrid
 Optical Train Summary:
  Tracing rays past   5 elements.
  Aperture grid type = Circular  with   21 grid points.
  Elt   1: Reflector   : Conic    with Kc=-1.0000D+00, Kr=-2.5000D+00, nECoords =   6
  Elt   2: Reflector   : Conic    with Kc=-1.2384D+00, Kr=-4.4837D-01, nECoords =   6
  Elt   3: Reflector   : Conic    with Kc=-2.9498D+00, Kr=-2.3186D+00, nECoords =   6
  Elt   4: Reflector   : Conic    with Kc=-9.8208D-01, Kr=-9.3502D-01, nECoords =   6
  Elt   5: Reference   : Flat     with Kc= 0.0000D+00, Kr=-1.0000D+22, nECoords =   6
  Number of output coordinates is   5
  
  Aperture stop set at (global):  0.000000000D+00  0.000000000D+00  0.000000000D+00
  
 OPD: Rays being traced =          277
 Compute time was    0.0000 sec
 OPD: nPassRays =     276,    DAvgCumL =  59.81575558D-01 m 
 RMS OPD error is   2.659813847D-03 m 
 P-V OPD error is   9.638788227D-03 m 
 Average OPD is     1.2204931054310499D-05 m 
  Input file /tmp/tp2b3f2d5c_188d_40ce_86f7_3d684be36e6a.in being loaded.
 Default used for  SegXgrid
 Optical Train Summary:
  Tracing rays past   5 elements.
  Aperture grid type = Circular  with   21 grid points.
  Elt   1: Reflector   : Conic    with Kc=-1.0000D+00, Kr=-2.5000D+00, nECoords =   6
  Elt   2: Reflector   : Conic    with Kc=-1.2384D+00, Kr=-4.4837D-01, nECoords =   6
  Elt   3: Reflector   : Conic    with Kc=-2.9498D+00, Kr=-2.3186D+00, nECoords =   6
  Elt   4: Reflector   : Conic    with Kc=-9.8208D-01, Kr=-9.3502D-01, nECoords =   6
  Elt   5: Reference   : Flat     with Kc= 0.0000D+00, Kr=-1.0000D+22, nECoords =   6
  Number of output coordinates is   5
  
  Aperture stop set at (global):  0.000000000D+00  0.000000000D+00  0.000000000D+00
  
 OPD: Rays being traced =          277
 Compute time was    0.0020 sec
 OPD: nPassRays =     276,    DAvgCumL =  59.98294770D-01 m 
 RMS OPD error is   3.241967625D-06 m 
 P-V OPD error is   1.542121943D-05 m 
 Average OPD is    -3.5864160445650106D-06 m 
  Input file /tmp/tp78cca764_ebd8_4975_a37c_4d7cd2b7e879.in being loaded.
 Default used for  SegXgrid
 Optical Train Summary:
  Tracing rays past   5 elements.
  Aperture grid type = Circular  with   21 grid points.
  Elt   1: Reflector   : Conic    with Kc=-1.0000D+00, Kr=-2.5000D+00, nECoords =   6
  Elt   2: Reflector   : Conic    with Kc=-1.2384D+00, Kr=-4.4837D-01, nECoords =   6
  Elt   3: Reflector   : Conic    with Kc=-2.9498D+00, Kr=-2.3186D+00, nECoords =   6
  Elt   4: Reflector   : Conic    with Kc=-9.8208D-01, Kr=-9.3502D-01, nECoords =   6
  Elt   5: Reference   : Flat     with Kc= 0.0000D+00, Kr=-1.0000D+22, nECoords =   6
  Number of output coordinates is   5
  
  Aperture stop set at (global):  0.000000000D+00  0.000000000D+00  0.000000000D+00
  
  Input file /tmp/tp5e66f033_328f_421c_879f_eaecfc74e072.in being loaded.
 Default used for  SegXgrid
 Optical Train Summary:
  Tracing rays past   5 elements.
  Aperture grid type = Circular  with   21 grid points.
  Elt   1: Reflector   : Conic    with Kc=-1.0000D+00, Kr=-2.5000D+00, nECoords =   6
  Elt   2: Reflector   : Conic    with Kc=-1.2384D+00, Kr=-4.4837D-01, nECoords =   6
  Elt   3: Reflector   : Conic    with Kc=-2.9498D+00, Kr=-2.3186D+00, nECoords =   6
  Elt   4: Reflector   : Conic    with Kc=-9.8208D-01, Kr=-9.3502D-01, nECoords =   6
  Elt   5: Reference   : Flat     with Kc= 0.0000D+00, Kr=-1.0000D+22, nECoords =   6
  Number of output coordinates is   5
  
  Aperture stop set at (global):  0.000000000D+00  0.000000000D+00  0.000000000D+00
  
 OPD: Rays being traced =          277
 Compute time was    0.0020 sec
 OPD: nPassRays =     276,    DAvgCumL =  59.98608342D-01 m 
 RMS OPD error is   1.539267202D-03 m 
 P-V OPD error is   6.046691841D-03 m 
 Average OPD is    -1.3316132763054909D-06 m 
  Input file /tmp/tp5e66f033_328f_421c_879f_eaecfc74e072.in being loaded.
 Default used for  SegXgrid
 Optical Train Summary:
  Tracing rays past   5 elements.
  Aperture grid type = Circular  with   21 grid points.
  Elt   1: Reflector   : Conic    with Kc=-1.0000D+00, Kr=-2.5000D+00, nECoords =   6
  Elt   2: Reflector   : Conic    with Kc=-1.2384D+00, Kr=-4.4837D-01, nECoords =   6
  Elt   3: Reflector   : Conic    with Kc=-2.9498D+00, Kr=-2.3186D+00, nECoords =   6
  Elt   4: Reflector   : Conic    with Kc=-9.8208D-01, Kr=-9.3502D-01, nECoords =   6
  Elt   5: Reference   : Flat     with Kc= 0.0000D+00, Kr=-1.0000D+22, nECoords =   6
  Number of output coordinates is   5
  
  Aperture stop set at (global):  0.000000000D+00  0.000000000D+00  0.000000000D+00
  
 OPD: Rays being traced =          277
 Compute time was    0.0000 sec
 OPD: nPassRays =     276,    DAvgCumL =  59.98432396D-01 m 
 RMS OPD error is   1.083604591D-03 m 
 P-V OPD error is   3.953856669D-03 m 
 Average OPD is    -2.0111771802533913D-06 m 
  Input file /tmp/tp5e66f033_328f_421c_879f_eaecfc74e072.in being loaded.
 Default used for  SegXgrid
 Optical Train Summary:
  Tracing rays past   5 elements.
  Aperture grid type = Circular  with   21 grid points.
  Elt   1: Reflector   : Conic    with Kc=-1.0000D+00, Kr=-2.5000D+00, nECoords =   6
  Elt   2: Reflector   : Conic    with Kc=-1.2384D+00, Kr=-4.4837D-01, nECoords =   6
  Elt   3: Reflector   : Conic    with Kc=-2.9498D+00, Kr=-2.3186D+00, nECoords =   6
  Elt   4: Reflector   : Conic    with Kc=-9.8208D-01, Kr=-9.3502D-01, nECoords =   6
  Elt   5: Reference   : Flat     with Kc= 0.0000D+00, Kr=-1.0000D+22, nECoords =   6
  Number of output coordinates is   5
  
  Aperture stop set at (global):  0.000000000D+00  0.000000000D+00  0.000000000D+00
  
 OPD: Rays being traced =          277
 Compute time was    0.0000 sec
 OPD: nPassRays =     276,    DAvgCumL =  59.98720613D-01 m 
 RMS OPD error is   1.533642708D-03 m 
 P-V OPD error is   6.035217258D-03 m 
 Average OPD is     1.1987798237749590D-06 m 
  Input file /tmp/tp5e66f033_328f_421c_879f_eaecfc74e072.in being loaded.
 Default used for  SegXgrid
 Optical Train Summary:
  Tracing rays past   5 elements.
  Aperture grid type = Circular  with   21 grid points.
  Elt   1: Reflector   : Conic    with Kc=-1.0000D+00, Kr=-2.5000D+00, nECoords =   6
  Elt   2: Reflector   : Conic    with Kc=-1.2384D+00, Kr=-4.4837D-01, nECoords =   6
  Elt   3: Reflector   : Conic    with Kc=-2.9498D+00, Kr=-2.3186D+00, nECoords =   6
  Elt   4: Reflector   : Conic    with Kc=-9.8208D-01, Kr=-9.3502D-01, nECoords =   6
  Elt   5: Reference   : Flat     with Kc= 0.0000D+00, Kr=-1.0000D+22, nECoords =   6
  Number of output coordinates is   5
  
  Aperture stop set at (global):  0.000000000D+00  0.000000000D+00  0.000000000D+00
  
 OPD: Rays being traced =          277
 Compute time was    0.0000 sec
 OPD: nPassRays =     276,    DAvgCumL =  59.98486404D-01 m 
 RMS OPD error is   1.082573316D-03 m 
 P-V OPD error is   3.922495960D-03 m 
 Average OPD is    -2.9454427033206314D-06 m 
  Input file /tmp/tp5e66f033_328f_421c_879f_eaecfc74e072.in being loaded.
 Default used for  SegXgrid
 Optical Train Summary:
  Tracing rays past   5 elements.
  Aperture grid type = Circular  with   21 grid points.
  Elt   1: Reflector   : Conic    with Kc=-1.0000D+00, Kr=-2.5000D+00, nECoords =   6
  Elt   2: Reflector   : Conic    with Kc=-1.2384D+00, Kr=-4.4837D-01, nECoords =   6
  Elt   3: Reflector   : Conic    with Kc=-2.9498D+00, Kr=-2.3186D+00, nECoords =   6
  Elt   4: Reflector   : Conic    with Kc=-9.8208D-01, Kr=-9.3502D-01, nECoords =   6
  Elt   5: Reference   : Flat     with Kc= 0.0000D+00, Kr=-1.0000D+22, nECoords =   6
  Number of output coordinates is   5
  
  Aperture stop set at (global):  0.000000000D+00  0.000000000D+00  0.000000000D+00
  
 OPD: Rays being traced =          277
 Compute time was    0.0000 sec
 OPD: nPassRays =     276,    DAvgCumL =  59.98294760D-01 m 
 RMS OPD error is   3.281975485D-06 m 
 P-V OPD error is   1.566507773D-05 m 
 Average OPD is    -3.5961004195674216D-06 m 
  Input file /tmp/tp5e66f033_328f_421c_879f_eaecfc74e072.in being loaded.
 Default used for  SegXgrid
 Optical Train Summary:
  Tracing rays past   5 elements.
  Aperture grid type = Circular  with   21 grid points.
  Elt   1: Reflector   : Conic    with Kc=-1.0000D+00, Kr=-2.5000D+00, nECoords =   6
  Elt   2: Reflector   : Conic    with Kc=-1.2384D+00, Kr=-4.4837D-01, nECoords =   6
  Elt   3: Reflector   : Conic    with Kc=-2.9498D+00, Kr=-2.3186D+00, nECoords =   6
  Elt   4: Reflector   : Conic    with Kc=-9.8208D-01, Kr=-9.3502D-01, nECoords =   6
  Elt   5: Reference   : Flat     with Kc= 0.0000D+00, Kr=-1.0000D+22, nECoords =   6
  Number of output coordinates is   5
  
  Aperture stop set at (global):  0.000000000D+00  0.000000000D+00  0.000000000D+00
  
 OPD: Rays being traced =          277
 Compute time was    0.0000 sec
 OPD: nPassRays =     276,    DAvgCumL =  59.98544188D-01 m 
 RMS OPD error is   1.078903388D-03 m 
 P-V OPD error is   3.915862895D-03 m 
 Average OPD is    -4.3284174820524518D-07 m 
  Input file /tmp/tp5e66f033_328f_421c_879f_eaecfc74e072.in being loaded.
 Default used for  SegXgrid
 Optical Train Summary:
  Tracing rays past   5 elements.
  Aperture grid type = Circular  with   21 grid points.
  Elt   1: Reflector   : Conic    with Kc=-1.0000D+00, Kr=-2.5000D+00, nECoords =   6
  Elt   2: Reflector   : Conic    with Kc=-1.2384D+00, Kr=-4.4837D-01, nECoords =   6
  Elt   3: Reflector   : Conic    with Kc=-2.9498D+00, Kr=-2.3186D+00, nECoords =   6
  Elt   4: Reflector   : Conic    with Kc=-9.8208D-01, Kr=-9.3502D-01, nECoords =   6
  Elt   5: Reference   : Flat     with Kc= 0.0000D+00, Kr=-1.0000D+22, nECoords =   6
  Number of output coordinates is   5
  
  Aperture stop set at (global):  0.000000000D+00  0.000000000D+00  0.000000000D+00
  
 OPD: Rays being traced =          277
 Compute time was    0.0020 sec
 OPD: nPassRays =     276,    DAvgCumL =  59.98608342D-01 m 
 RMS OPD error is   1.539267202D-03 m 
 P-V OPD error is   6.046691841D-03 m 
 Average OPD is    -1.3316132762540023D-06 m 
  Input file /tmp/tp5e66f033_328f_421c_879f_eaecfc74e072.in being loaded.
 Default used for  SegXgrid
 Optical Train Summary:
  Tracing rays past   5 elements.
  Aperture grid type = Circular  with   21 grid points.
  Elt   1: Reflector   : Conic    with Kc=-1.0000D+00, Kr=-2.5000D+00, nECoords =   6
  Elt   2: Reflector   : Conic    with Kc=-1.2384D+00, Kr=-4.4837D-01, nECoords =   6
  Elt   3: Reflector   : Conic    with Kc=-2.9498D+00, Kr=-2.3186D+00, nECoords =   6
  Elt   4: Reflector   : Conic    with Kc=-9.8208D-01, Kr=-9.3502D-01, nECoords =   6
  Elt   5: Reference   : Flat     with Kc= 0.0000D+00, Kr=-1.0000D+22, nECoords =   6
  Number of output coordinates is   5
  
  Aperture stop set at (global):  0.000000000D+00  0.000000000D+00  0.000000000D+00
  
 OPD: Rays being traced =          277
 Compute time was    0.0020 sec
 OPD: nPassRays =     276,    DAvgCumL =  59.98432396D-01 m 
 RMS OPD error is   1.083604591D-03 m 
 P-V OPD error is   3.953856669D-03 m 
 Average OPD is    -2.0111771803338421D-06 m 
  Input file /tmp/tp5e66f033_328f_421c_879f_eaecfc74e072.in being loaded.
 Default used for  SegXgrid
 Optical Train Summary:
  Tracing rays past   5 elements.
  Aperture grid type = Circular  with   21 grid points.
  Elt   1: Reflector   : Conic    with Kc=-1.0000D+00, Kr=-2.5000D+00, nECoords =   6
  Elt   2: Reflector   : Conic    with Kc=-1.2384D+00, Kr=-4.4837D-01, nECoords =   6
  Elt   3: Reflector   : Conic    with Kc=-2.9498D+00, Kr=-2.3186D+00, nECoords =   6
  Elt   4: Reflector   : Conic    with Kc=-9.8208D-01, Kr=-9.3502D-01, nECoords =   6
  Elt   5: Reference   : Flat     with Kc= 0.0000D+00, Kr=-1.0000D+22, nECoords =   6
  Number of output coordinates is   5
  
  Aperture stop set at (global):  0.000000000D+00  0.000000000D+00  0.000000000D+00
  
 OPD: Rays being traced =          277
 Compute time was    0.0000 sec
 OPD: nPassRays =     276,    DAvgCumL =  59.98720613D-01 m 
 RMS OPD error is   1.533642708D-03 m 
 P-V OPD error is   6.035217258D-03 m 
 Average OPD is     1.1987798236687637D-06 m 
  Input file /tmp/tp78cca764_ebd8_4975_a37c_4d7cd2b7e879.in being loaded.
 Default used for  SegXgrid
 Optical Train Summary:
  Tracing rays past   5 elements.
  Aperture grid type = Circular  with   21 grid points.
  Elt   1: Reflector   : Conic    with Kc=-1.0000D+00, Kr=-2.5000D+00, nECoords =   6
  Elt   2: Reflector   : Conic    with Kc=-1.2384D+00, Kr=-4.4837D-01, nECoords =   6
  Elt   3: Reflector   : Conic    with Kc=-2.9498D+00, Kr=-2.3186D+00, nECoords =   6
  Elt   4: Reflector   : Conic    with Kc=-9.8208D-01, Kr=-9.3502D-01, nECoords =   6
  Elt   5: Reference   : Flat     with Kc= 0.0000D+00, Kr=-1.0000D+22, nECoords =   6
  Number of output coordinates is   5
  
  Aperture stop set at (global):  0.000000000D+00  0.000000000D+00  0.000000000D+00
  
  Input file /tmp/tp38031fa5_766a_4e4e_9782_73b583173166.in being loaded.
 Default used for  SegXgrid
 Optical Train Summary:
  Tracing rays past   5 elements.
  Aperture grid type = Circular  with   21 grid points.
  Elt   1: Reflector   : Conic    with Kc=-1.0000D+00, Kr=-2.5000D+00, nECoords =   6
  Elt   2: Reflector   : Conic    with Kc=-1.2384D+00, Kr=-4.4837D-01, nECoords =   6
  Elt   3: Reflector   : Conic    with Kc=-2.9498D+00, Kr=-2.3186D+00, nECoords =   6
  Elt   4: Reflector   : Conic    with Kc=-9.8208D-01, Kr=-9.3502D-01, nECoords =   6
  Elt   5: Reference   : Flat     with Kc= 0.0000D+00, Kr=-1.0000D+22, nECoords =   6
  Number of output coordinates is   5
  
  Aperture stop set at (global):  0.000000000D+00  0.000000000D+00  0.000000000D+00
  
 OPD: Rays being traced =          277
 Compute time was    0.0000 sec
 OPD: nPassRays =     276,    DAvgCumL =  59.98608342D-01 m 
 RMS OPD error is   1.539267202D-03 m 
 P-V OPD error is   6.046691841D-03 m 
 Average OPD is    -1.3316132763054909D-06 m 
  Input file /tmp/tp38031fa5_766a_4e4e_9782_73b583173166.in being loaded.
 Default used for  SegXgrid
 Optical Train Summary:
  Tracing rays past   5 elements.
  Aperture grid type = Circular  with   21 grid points.
  Elt   1: Reflector   : Conic    with Kc=-1.0000D+00, Kr=-2.5000D+00, nECoords =   6
  Elt   2: Reflector   : Conic    with Kc=-1.2384D+00, Kr=-4.4837D-01, nECoords =   6
  Elt   3: Reflector   : Conic    with Kc=-2.9498D+00, Kr=-2.3186D+00, nECoords =   6
  Elt   4: Reflector   : Conic    with Kc=-9.8208D-01, Kr=-9.3502D-01, nECoords =   6
  Elt   5: Reference   : Flat     with Kc= 0.0000D+00, Kr=-1.0000D+22, nECoords =   6
  Number of output coordinates is   5
  
  Aperture stop set at (global):  0.000000000D+00  0.000000000D+00  0.000000000D+00
  
 OPD: Rays being traced =          277
 Compute time was    0.0000 sec
 OPD: nPassRays =     276,    DAvgCumL =  59.98432396D-01 m 
 RMS OPD error is   1.083604591D-03 m 
 P-V OPD error is   3.953856669D-03 m 
 Average OPD is    -2.0111771802533913D-06 m 
  Input file /tmp/tp38031fa5_766a_4e4e_9782_73b583173166.in being loaded.
 Default used for  SegXgrid
 Optical Train Summary:
  Tracing rays past   5 elements.
  Aperture grid type = Circular  with   21 grid points.
  Elt   1: Reflector   : Conic    with Kc=-1.0000D+00, Kr=-2.5000D+00, nECoords =   6
  Elt   2: Reflector   : Conic    with Kc=-1.2384D+00, Kr=-4.4837D-01, nECoords =   6
  Elt   3: Reflector   : Conic    with Kc=-2.9498D+00, Kr=-2.3186D+00, nECoords =   6
  Elt   4: Reflector   : Conic    with Kc=-9.8208D-01, Kr=-9.3502D-01, nECoords =   6
  Elt   5: Reference   : Flat     with Kc= 0.0000D+00, Kr=-1.0000D+22, nECoords =   6
  Number of output coordinates is   5
  
  Aperture stop set at (global):  0.000000000D+00  0.000000000D+00  0.000000000D+00
  
 OPD: Rays being traced =          277
 Compute time was    0.0000 sec
 OPD: nPassRays =     276,    DAvgCumL =  59.98720613D-01 m 
 RMS OPD error is   1.533642708D-03 m 
 P-V OPD error is   6.035217258D-03 m 
 Average OPD is     1.1987798237749590D-06 m 
  Input file /tmp/tp38031fa5_766a_4e4e_9782_73b583173166.in being loaded.
 Default used for  SegXgrid
 Optical Train Summary:
  Tracing rays past   5 elements.
  Aperture grid type = Circular  with   21 grid points.
  Elt   1: Reflector   : Conic    with Kc=-1.0000D+00, Kr=-2.5000D+00, nECoords =   6
  Elt   2: Reflector   : Conic    with Kc=-1.2384D+00, Kr=-4.4837D-01, nECoords =   6
  Elt   3: Reflector   : Conic    with Kc=-2.9498D+00, Kr=-2.3186D+00, nECoords =   6
  Elt   4: Reflector   : Conic    with Kc=-9.8208D-01, Kr=-9.3502D-01, nECoords =   6
  Elt   5: Reference   : Flat     with Kc= 0.0000D+00, Kr=-1.0000D+22, nECoords =   6
  Number of output coordinates is   5
  
  Aperture stop set at (global):  0.000000000D+00  0.000000000D+00  0.000000000D+00
  
 OPD: Rays being traced =          277
 Compute time was    0.0000 sec
 OPD: nPassRays =     276,    DAvgCumL =  59.98486404D-01 m 
 RMS OPD error is   1.082573316D-03 m 
 P-V OPD error is   3.922495960D-03 m 
 Average OPD is    -2.9454427033206314D-06 m 
  Input file /tmp/tp38031fa5_766a_4e4e_9782_73b583173166.in being loaded.
 Default used for  SegXgrid
 Optical Train Summary:
  Tracing rays past   5 elements.
  Aperture grid type = Circular  with   21 grid points.
  Elt   1: Reflector   : Conic    with Kc=-1.0000D+00, Kr=-2.5000D+00, nECoords =   6
  Elt   2: Reflector   : Conic    with Kc=-1.2384D+00, Kr=-4.4837D-01, nECoords =   6
  Elt   3: Reflector   : Conic    with Kc=-2.9498D+00, Kr=-2.3186D+00, nECoords =   6
  Elt   4: Reflector   : Conic    with Kc=-9.8208D-01, Kr=-9.3502D-01, nECoords =   6
  Elt   5: Reference   : Flat     with Kc= 0.0000D+00, Kr=-1.0000D+22, nECoords =   6
  Number of output coordinates is   5
  
  Aperture stop set at (global):  0.000000000D+00  0.000000000D+00  0.000000000D+00
  
 OPD: Rays being traced =          277
 Compute time was    0.0000 sec
 OPD: nPassRays =     276,    DAvgCumL =  59.98294760D-01 m 
 RMS OPD error is   3.281975485D-06 m 
 P-V OPD error is   1.566507773D-05 m 
 Average OPD is    -3.5961004195674216D-06 m 
  Input file /tmp/tp38031fa5_766a_4e4e_9782_73b583173166.in being loaded.
 Default used for  SegXgrid
 Optical Train Summary:
  Tracing rays past   5 elements.
  Aperture grid type = Circular  with   21 grid points.
  Elt   1: Reflector   : Conic    with Kc=-1.0000D+00, Kr=-2.5000D+00, nECoords =   6
  Elt   2: Reflector   : Conic    with Kc=-1.2384D+00, Kr=-4.4837D-01, nECoords =   6
  Elt   3: Reflector   : Conic    with Kc=-2.9498D+00, Kr=-2.3186D+00, nECoords =   6
  Elt   4: Reflector   : Conic    with Kc=-9.8208D-01, Kr=-9.3502D-01, nECoords =   6
  Elt   5: Reference   : Flat     with Kc= 0.0000D+00, Kr=-1.0000D+22, nECoords =   6
  Number of output coordinates is   5
  
  Aperture stop set at (global):  0.000000000D+00  0.000000000D+00  0.000000000D+00
  
 OPD: Rays being traced =          277
 Compute time was    0.0000 sec
 OPD: nPassRays =     276,    DAvgCumL =  59.98544188D-01 m 
 RMS OPD error is   1.078903388D-03 m 
 P-V OPD error is   3.915862895D-03 m 
 Average OPD is    -4.3284174820524518D-07 m 
  Input file /tmp/tp38031fa5_766a_4e4e_9782_73b583173166.in being loaded.
 Default used for  SegXgrid
 Optical Train Summary:
  Tracing rays past   5 elements.
  Aperture grid type = Circular  with   21 grid points.
  Elt   1: Reflector   : Conic    with Kc=-1.0000D+00, Kr=-2.5000D+00, nECoords =   6
  Elt   2: Reflector   : Conic    with Kc=-1.2384D+00, Kr=-4.4837D-01, nECoords =   6
  Elt   3: Reflector   : Conic    with Kc=-2.9498D+00, Kr=-2.3186D+00, nECoords =   6
  Elt   4: Reflector   : Conic    with Kc=-9.8208D-01, Kr=-9.3502D-01, nECoords =   6
  Elt   5: Reference   : Flat     with Kc= 0.0000D+00, Kr=-1.0000D+22, nECoords =   6
  Number of output coordinates is   5
  
  Aperture stop set at (global):  0.000000000D+00  0.000000000D+00  0.000000000D+00
  
 OPD: Rays being traced =          277
 Compute time was    0.0020 sec
 OPD: nPassRays =     276,    DAvgCumL =  59.98608342D-01 m 
 RMS OPD error is   1.539267202D-03 m 
 P-V OPD error is   6.046691841D-03 m 
 Average OPD is    -1.3316132762540023D-06 m 
  Input file /tmp/tp38031fa5_766a_4e4e_9782_73b583173166.in being loaded.
 Default used for  SegXgrid
 Optical Train Summary:
  Tracing rays past   5 elements.
  Aperture grid type = Circular  with   21 grid points.
  Elt   1: Reflector   : Conic    with Kc=-1.0000D+00, Kr=-2.5000D+00, nECoords =   6
  Elt   2: Reflector   : Conic    with Kc=-1.2384D+00, Kr=-4.4837D-01, nECoords =   6
  Elt   3: Reflector   : Conic    with Kc=-2.9498D+00, Kr=-2.3186D+00, nECoords =   6
  Elt   4: Reflector   : Conic    with Kc=-9.8208D-01, Kr=-9.3502D-01, nECoords =   6
  Elt   5: Reference   : Flat     with Kc= 0.0000D+00, Kr=-1.0000D+22, nECoords =   6
  Number of output coordinates is   5
  
  Aperture stop set at (global):  0.000000000D+00  0.000000000D+00  0.000000000D+00
  
 OPD: Rays being traced =          277
 Compute time was    0.0020 sec
 OPD: nPassRays =     276,    DAvgCumL =  59.98432396D-01 m 
 RMS OPD error is   1.083604591D-03 m 
 P-V OPD error is   3.953856669D-03 m 
 Average OPD is    -2.0111771803338421D-06 m 
  Input file /tmp/tp38031fa5_766a_4e4e_9782_73b583173166.in being loaded.
 Default used for  SegXgrid
 Optical Train Summary:
  Tracing rays past   5 elements.
  Aperture grid type = Circular  with   21 grid points.
  Elt   1: Reflector   : Conic    with Kc=-1.0000D+00, Kr=-2.5000D+00, nECoords =   6
  Elt   2: Reflector   : Conic    with Kc=-1.2384D+00, Kr=-4.4837D-01, nECoords =   6
  Elt   3: Reflector   : Conic    with Kc=-2.9498D+00, Kr=-2.3186D+00, nECoords =   6
  Elt   4: Reflector   : Conic    with Kc=-9.8208D-01, Kr=-9.3502D-01, nECoords =   6
  Elt   5: Reference   : Flat     with Kc= 0.0000D+00, Kr=-1.0000D+22, nECoords =   6
  Number of output coordinates is   5
  
  Aperture stop set at (global):  0.000000000D+00  0.000000000D+00  0.000000000D+00
  
 OPD: Rays being traced =          277
 Compute time was    0.0020 sec
 OPD: nPassRays =     276,    DAvgCumL =  59.98720613D-01 m 
 RMS OPD error is   1.533642708D-03 m 
 P-V OPD error is   6.035217258D-03 m 
 Average OPD is     1.1987798236687637D-06 m 
  Input file /tmp/tpcf8dc99d_fd9a_4351_85a2_b1c81e79de90.in being loaded.
 Default used for  SegXgrid
 Optical Train Summary:
  Tracing rays past   5 elements.
  Aperture grid type = Circular  with   21 grid points.
  Elt   1: Reflector   : Conic    with Kc=-1.0000D+00, Kr=-2.5000D+00, nECoords =   6
  Elt   2: Reflector   : Conic    with Kc=-1.2384D+00, Kr=-4.4837D-01, nECoords =   6
  Elt   3: Reflector   : Conic    with Kc=-2.9498D+00, Kr=-2.3186D+00, nECoords =   6
  Elt   4: Reflector   : Conic    with Kc=-9.8208D-01, Kr=-9.3502D-01, nECoords =   6
  Elt   5: Reference   : Flat     with Kc= 0.0000D+00, Kr=-1.0000D+22, nECoords =   6
  Number of output coordinates is   5
  
  Aperture stop set at (global):  0.000000000D+00  0.000000000D+00  0.000000000D+00
  
 OPD: Rays being traced =          277
 Compute time was    0.0000 sec
 OPD: nPassRays =     276,    DAvgCumL =  12.67619349D-01 m 
 RMS OPD error is   1.419742281D-02 m 
 P-V OPD error is   5.167010635D-02 m 
 Average OPD is    -2.4333968567546094D-02 m 
 OPD: Rays being traced =          277
 Compute time was    0.0020 sec
 OPD: nPassRays =     276,    DAvgCumL =  59.98608342D-01 m 
 RMS OPD error is   1.539267202D-03 m 
 P-V OPD error is   6.046691841D-03 m 
 Average OPD is    -1.3316132763054909D-06 m 
  Input file /tmp/tpcf8dc99d_fd9a_4351_85a2_b1c81e79de90.in being loaded.
 Default used for  SegXgrid
 Optical Train Summary:
  Tracing rays past   5 elements.
  Aperture grid type = Circular  with   21 grid points.
  Elt   1: Reflector   : Conic    with Kc=-1.0000D+00, Kr=-2.5000D+00, nECoords =   6
  Elt   2: Reflector   : Conic    with Kc=-1.2384D+00, Kr=-4.4837D-01, nECoords =   6
  Elt   3: Reflector   : Conic    with Kc=-2.9498D+00, Kr=-2.3186D+00, nECoords =   6
  Elt   4: Reflector   : Conic    with Kc=-9.8208D-01, Kr=-9.3502D-01, nECoords =   6
  Elt   5: Reference   : Flat     with Kc= 0.0000D+00, Kr=-1.0000D+22, nECoords =   6
  Number of output coordinates is   5
  
  Aperture stop set at (global):  0.000000000D+00  0.000000000D+00  0.000000000D+00
  
 OPD: Rays being traced =          277
 Compute time was    0.0000 sec
 OPD: nPassRays =     276,    DAvgCumL =  12.67617554D-01 m 
 RMS OPD error is   1.435720682D-02 m 
 P-V OPD error is   5.354549631D-02 m 
 Average OPD is    -2.4335763510063151D-02 m 
 OPD: Rays being traced =          277
 Compute time was    0.0020 sec
 OPD: nPassRays =     276,    DAvgCumL =  59.98432396D-01 m 
 RMS OPD error is   1.083604591D-03 m 
 P-V OPD error is   3.953856669D-03 m 
 Average OPD is    -2.0111771802533913D-06 m 
  Input file /tmp/tpcf8dc99d_fd9a_4351_85a2_b1c81e79de90.in being loaded.
 Default used for  SegXgrid
 Optical Train Summary:
  Tracing rays past   5 elements.
  Aperture grid type = Circular  with   21 grid points.
  Elt   1: Reflector   : Conic    with Kc=-1.0000D+00, Kr=-2.5000D+00, nECoords =   6
  Elt   2: Reflector   : Conic    with Kc=-1.2384D+00, Kr=-4.4837D-01, nECoords =   6
  Elt   3: Reflector   : Conic    with Kc=-2.9498D+00, Kr=-2.3186D+00, nECoords =   6
  Elt   4: Reflector   : Conic    with Kc=-9.8208D-01, Kr=-9.3502D-01, nECoords =   6
  Elt   5: Reference   : Flat     with Kc= 0.0000D+00, Kr=-1.0000D+22, nECoords =   6
  Number of output coordinates is   5
  
  Aperture stop set at (global):  0.000000000D+00  0.000000000D+00  0.000000000D+00
  
 OPD: Rays being traced =          277
 Compute time was    0.0000 sec
 OPD: nPassRays =     276,    DAvgCumL =  12.67614814D-01 m 
 RMS OPD error is   1.459774741D-02 m 
 P-V OPD error is   5.542322854D-02 m 
 Average OPD is    -2.4338503573907749D-02 m 
 OPD: Rays being traced =          277
 Compute time was    0.0000 sec
 OPD: nPassRays =     276,    DAvgCumL =  59.98720613D-01 m 
 RMS OPD error is   1.533642708D-03 m 
 P-V OPD error is   6.035217258D-03 m 
 Average OPD is     1.1987798237749590D-06 m 
  Input file /tmp/tpcf8dc99d_fd9a_4351_85a2_b1c81e79de90.in being loaded.
 Default used for  SegXgrid
 Optical Train Summary:
  Tracing rays past   5 elements.
  Aperture grid type = Circular  with   21 grid points.
  Elt   1: Reflector   : Conic    with Kc=-1.0000D+00, Kr=-2.5000D+00, nECoords =   6
  Elt   2: Reflector   : Conic    with Kc=-1.2384D+00, Kr=-4.4837D-01, nECoords =   6
  Elt   3: Reflector   : Conic    with Kc=-2.9498D+00, Kr=-2.3186D+00, nECoords =   6
  Elt   4: Reflector   : Conic    with Kc=-9.8208D-01, Kr=-9.3502D-01, nECoords =   6
  Elt   5: Reference   : Flat     with Kc= 0.0000D+00, Kr=-1.0000D+22, nECoords =   6
  Number of output coordinates is   5
  
  Aperture stop set at (global):  0.000000000D+00  0.000000000D+00  0.000000000D+00
  
 OPD: Rays being traced =          277
 Compute time was    0.0000 sec
 OPD: nPassRays =     276,    DAvgCumL =  12.67619821D-01 m 
 RMS OPD error is   1.415507687D-02 m 
 P-V OPD error is   5.026587765D-02 m 
 Average OPD is    -2.4333496244226208D-02 m 
 OPD: Rays being traced =          277
 Compute time was    0.0000 sec
 OPD: nPassRays =     276,    DAvgCumL =  59.98486404D-01 m 
 RMS OPD error is   1.082573316D-03 m 
 P-V OPD error is   3.922495960D-03 m 
 Average OPD is    -2.9454427033206314D-06 m 
  Input file /tmp/tpcf8dc99d_fd9a_4351_85a2_b1c81e79de90.in being loaded.
 Default used for  SegXgrid
 Optical Train Summary:
  Tracing rays past   5 elements.
  Aperture grid type = Circular  with   21 grid points.
  Elt   1: Reflector   : Conic    with Kc=-1.0000D+00, Kr=-2.5000D+00, nECoords =   6
  Elt   2: Reflector   : Conic    with Kc=-1.2384D+00, Kr=-4.4837D-01, nECoords =   6
  Elt   3: Reflector   : Conic    with Kc=-2.9498D+00, Kr=-2.3186D+00, nECoords =   6
  Elt   4: Reflector   : Conic    with Kc=-9.8208D-01, Kr=-9.3502D-01, nECoords =   6
  Elt   5: Reference   : Flat     with Kc= 0.0000D+00, Kr=-1.0000D+22, nECoords =   6
  Number of output coordinates is   5
  
  Aperture stop set at (global):  0.000000000D+00  0.000000000D+00  0.000000000D+00
  
 OPD: Rays being traced =          277
 Compute time was    0.0000 sec
 OPD: nPassRays =     276,    DAvgCumL =  12.67618026D-01 m 
 RMS OPD error is   1.431532715D-02 m 
 P-V OPD error is   5.214032665D-02 m 
 Average OPD is    -2.4335291107281942D-02 m 
 OPD: Rays being traced =          277
 Compute time was    0.0000 sec
 OPD: nPassRays =     276,    DAvgCumL =  59.98294760D-01 m 
 RMS OPD error is   3.281975485D-06 m 
 P-V OPD error is   1.566507773D-05 m 
 Average OPD is    -3.5961004195674216D-06 m 
  Input file /tmp/tpcf8dc99d_fd9a_4351_85a2_b1c81e79de90.in being loaded.
 Default used for  SegXgrid
 Optical Train Summary:
  Tracing rays past   5 elements.
  Aperture grid type = Circular  with   21 grid points.
  Elt   1: Reflector   : Conic    with Kc=-1.0000D+00, Kr=-2.5000D+00, nECoords =   6
  Elt   2: Reflector   : Conic    with Kc=-1.2384D+00, Kr=-4.4837D-01, nECoords =   6
  Elt   3: Reflector   : Conic    with Kc=-2.9498D+00, Kr=-2.3186D+00, nECoords =   6
  Elt   4: Reflector   : Conic    with Kc=-9.8208D-01, Kr=-9.3502D-01, nECoords =   6
  Elt   5: Reference   : Flat     with Kc= 0.0000D+00, Kr=-1.0000D+22, nECoords =   6
  Number of output coordinates is   5
  
  Aperture stop set at (global):  0.000000000D+00  0.000000000D+00  0.000000000D+00
  
 OPD: Rays being traced =          277
 Compute time was    0.0000 sec
 OPD: nPassRays =     276,    DAvgCumL =  12.67615286D-01 m 
 RMS OPD error is   1.455655019D-02 m 
 P-V OPD error is   5.401711476D-02 m 
 Average OPD is    -2.4338031049812109D-02 m 
 OPD: Rays being traced =          277
 Compute time was    0.0000 sec
 OPD: nPassRays =     276,    DAvgCumL =  59.98544188D-01 m 
 RMS OPD error is   1.078903388D-03 m 
 P-V OPD error is   3.915862895D-03 m 
 Average OPD is    -4.3284174820524518D-07 m 
  Input file /tmp/tpcf8dc99d_fd9a_4351_85a2_b1c81e79de90.in being loaded.
 Default used for  SegXgrid
 Optical Train Summary:
  Tracing rays past   5 elements.
  Aperture grid type = Circular  with   21 grid points.
  Elt   1: Reflector   : Conic    with Kc=-1.0000D+00, Kr=-2.5000D+00, nECoords =   6
  Elt   2: Reflector   : Conic    with Kc=-1.2384D+00, Kr=-4.4837D-01, nECoords =   6
  Elt   3: Reflector   : Conic    with Kc=-2.9498D+00, Kr=-2.3186D+00, nECoords =   6
  Elt   4: Reflector   : Conic    with Kc=-9.8208D-01, Kr=-9.3502D-01, nECoords =   6
  Elt   5: Reference   : Flat     with Kc= 0.0000D+00, Kr=-1.0000D+22, nECoords =   6
  Number of output coordinates is   5
  
  Aperture stop set at (global):  0.000000000D+00  0.000000000D+00  0.000000000D+00
  
 OPD: Rays being traced =          277
 Compute time was    0.0020 sec
 OPD: nPassRays =     276,    DAvgCumL =  12.67619349D-01 m 
 RMS OPD error is   1.419742281D-02 m 
 P-V OPD error is   5.167010635D-02 m 
 Average OPD is    -2.4333968567546081D-02 m 
 OPD: Rays being traced =          277
 Compute time was    0.0000 sec
 OPD: nPassRays =     276,    DAvgCumL =  59.98608342D-01 m 
 RMS OPD error is   1.539267202D-03 m 
 P-V OPD error is   6.046691841D-03 m 
 Average OPD is    -1.3316132762540023D-06 m 
  Input file /tmp/tpcf8dc99d_fd9a_4351_85a2_b1c81e79de90.in being loaded.
 Default used for  SegXgrid
 Optical Train Summary:
  Tracing rays past   5 elements.
  Aperture grid type = Circular  with   21 grid points.
  Elt   1: Reflector   : Conic    with Kc=-1.0000D+00, Kr=-2.5000D+00, nECoords =   6
  Elt   2: Reflector   : Conic    with Kc=-1.2384D+00, Kr=-4.4837D-01, nECoords =   6
  Elt   3: Reflector   : Conic    with Kc=-2.9498D+00, Kr=-2.3186D+00, nECoords =   6
  Elt   4: Reflector   : Conic    with Kc=-9.8208D-01, Kr=-9.3502D-01, nECoords =   6
  Elt   5: Reference   : Flat     with Kc= 0.0000D+00, Kr=-1.0000D+22, nECoords =   6
  Number of output coordinates is   5
  
  Aperture stop set at (global):  0.000000000D+00  0.000000000D+00  0.000000000D+00
  
 OPD: Rays being traced =          277
 Compute time was    0.0020 sec
 OPD: nPassRays =     276,    DAvgCumL =  12.67617554D-01 m 
 RMS OPD error is   1.435720682D-02 m 
 P-V OPD error is   5.354549631D-02 m 
 Average OPD is    -2.4335763510063151D-02 m 
 OPD: Rays being traced =          277
 Compute time was    0.0000 sec
 OPD: nPassRays =     276,    DAvgCumL =  59.98432396D-01 m 
 RMS OPD error is   1.083604591D-03 m 
 P-V OPD error is   3.953856669D-03 m 
 Average OPD is    -2.0111771803338421D-06 m 
  Input file /tmp/tpcf8dc99d_fd9a_4351_85a2_b1c81e79de90.in being loaded.
 Default used for  SegXgrid
 Optical Train Summary:
  Tracing rays past   5 elements.
  Aperture grid type = Circular  with   21 grid points.
  Elt   1: Reflector   : Conic    with Kc=-1.0000D+00, Kr=-2.5000D+00, nECoords =   6
  Elt   2: Reflector   : Conic    with Kc=-1.2384D+00, Kr=-4.4837D-01, nECoords =   6
  Elt   3: Reflector   : Conic    with Kc=-2.9498D+00, Kr=-2.3186D+00, nECoords =   6
  Elt   4: Reflector   : Conic    with Kc=-9.8208D-01, Kr=-9.3502D-01, nECoords =   6
  Elt   5: Reference   : Flat     with Kc= 0.0000D+00, Kr=-1.0000D+22, nECoords =   6
  Number of output coordinates is   5
  
  Aperture stop set at (global):  0.000000000D+00  0.000000000D+00  0.000000000D+00
  
 OPD: Rays being traced =          277
 Compute time was    0.0020 sec
 OPD: nPassRays =     276,    DAvgCumL =  12.67614814D-01 m 
 RMS OPD error is   1.459774741D-02 m 
 P-V OPD error is   5.542322854D-02 m 
 Average OPD is    -2.4338503573907769D-02 m 
 OPD: Rays being traced =          277
 Compute time was    0.0000 sec
 OPD: nPassRays =     276,    DAvgCumL =  59.98720613D-01 m 
 RMS OPD error is   1.533642708D-03 m 
 P-V OPD error is   6.035217258D-03 m 
 Average OPD is     1.1987798236687637D-06 m 
  Input file /tmp/tp78cca764_ebd8_4975_a37c_4d7cd2b7e879.in being loaded.
 Default used for  SegXgrid
 Optical Train Summary:
  Tracing rays past   5 elements.
  Aperture grid type = Circular  with   21 grid points.
  Elt   1: Reflector   : Conic    with Kc=-1.0000D+00, Kr=-2.5000D+00, nECoords =   6
  Elt   2: Reflector   : Conic    with Kc=-1.2384D+00, Kr=-4.4837D-01, nECoords =   6
  Elt   3: Reflector   : Conic    with Kc=-2.9498D+00, Kr=-2.3187D+00, nECoords =   6
  Elt   4: Reflector   : Conic    with Kc=-9.8208D-01, Kr=-9.3492D-01, nECoords =   6
  Elt   5: Reference   : Flat     with Kc= 0.0000D+00, Kr=-1.0000D+22, nECoords =   6
  Number of output coordinates is   5
  
  Aperture stop set at (global):  0.000000000D+00  0.000000000D+00  0.000000000D+00
  
  Input file /tmp/tp78cca764_ebd8_4975_a37c_4d7cd2b7e879.in being loaded.
 Default used for  SegXgrid
 Optical Train Summary:
  Tracing rays past   5 elements.
  Aperture grid type = Circular  with   21 grid points.
  Elt   1: Reflector   : Conic    with Kc=-1.0000D+00, Kr=-2.5000D+00, nECoords =   6
  Elt   2: Reflector   : Conic    with Kc=-1.2384D+00, Kr=-4.4837D-01, nECoords =   6
  Elt   3: Reflector   : Conic    with Kc=-2.9498D+00, Kr=-2.3187D+00, nECoords =   6
  Elt   4: Reflector   : Conic    with Kc=-9.8208D-01, Kr=-9.3492D-01, nECoords =   6
  Elt   5: Reference   : Flat     with Kc= 0.0000D+00, Kr=-1.0000D+22, nECoords =   6
  Number of output coordinates is   5
  
  Aperture stop set at (global):  0.000000000D+00  0.000000000D+00  0.000000000D+00
  
 OPD: Rays being traced =          277
 Compute time was    0.0020 sec
 OPD: nPassRays =     276,    DAvgCumL =  59.81195884D-01 m 
 RMS OPD error is   2.659827143D-03 m 
 P-V OPD error is   9.638839510D-03 m 
 Average OPD is     1.2206321055275071D-05 m 
  Input file /tmp/tp52a68d96_400e_4eeb_825e_af2fa2758d83.in being loaded.
 Default used for  SegXgrid
 Optical Train Summary:
  Tracing rays past   5 elements.
  Aperture grid type = Circular  with   21 grid points.
  Elt   1: Reflector   : Conic    with Kc=-1.0000D+00, Kr=-2.5000D+00, nECoords =   6
  Elt   2: Reflector   : Conic    with Kc=-1.2384D+00, Kr=-4.4837D-01, nECoords =   6
  Elt   3: Reflector   : Conic    with Kc=-2.9498D+00, Kr=-2.3187D+00, nECoords =   6
  Elt   4: Reflector   : Conic    with Kc=-9.8208D-01, Kr=-9.3492D-01, nECoords =   6
  Elt   5: Reference   : Flat     with Kc= 0.0000D+00, Kr=-1.0000D+22, nECoords =   6
  Number of output coordinates is   5
  
  Aperture stop set at (global):  0.000000000D+00  0.000000000D+00  0.000000000D+00
  
 OPD: Rays being traced =          277
 Compute time was    0.0000 sec
 OPD: nPassRays =     276,    DAvgCumL =  59.97914971D-01 m 
 RMS OPD error is   3.241894234D-06 m 
 P-V OPD error is   1.542503073D-05 m 
 Average OPD is    -3.5833705875994943D-06 m 
  Input file /tmp/tp78cca764_ebd8_4975_a37c_4d7cd2b7e879.in being loaded.
 Default used for  SegXgrid
 Optical Train Summary:
  Tracing rays past   5 elements.
  Aperture grid type = Circular  with   21 grid points.
  Elt   1: Reflector   : Conic    with Kc=-1.0000D+00, Kr=-2.5000D+00, nECoords =   6
  Elt   2: Reflector   : Conic    with Kc=-1.2384D+00, Kr=-4.4837D-01, nECoords =   6
  Elt   3: Reflector   : Conic    with Kc=-2.9498D+00, Kr=-2.3187D+00, nECoords =   6
  Elt   4: Reflector   : Conic    with Kc=-9.8208D-01, Kr=-9.3492D-01, nECoords =   6
  Elt   5: Reference   : Flat     with Kc= 0.0000D+00, Kr=-1.0000D+22, nECoords =   6
  Number of output coordinates is   5
  
  Aperture stop set at (global):  0.000000000D+00  0.000000000D+00  0.000000000D+00
  
  Input file /tmp/tp49cdb1e9_ae8c_4ad3_a79b_fb1ca93cfbd6.in being loaded.
 Default used for  SegXgrid
 Optical Train Summary:
  Tracing rays past   5 elements.
  Aperture grid type = Circular  with   21 grid points.
  Elt   1: Reflector   : Conic    with Kc=-1.0000D+00, Kr=-2.5000D+00, nECoords =   6
  Elt   2: Reflector   : Conic    with Kc=-1.2384D+00, Kr=-4.4837D-01, nECoords =   6
  Elt   3: Reflector   : Conic    with Kc=-2.9498D+00, Kr=-2.3187D+00, nECoords =   6
  Elt   4: Reflector   : Conic    with Kc=-9.8208D-01, Kr=-9.3492D-01, nECoords =   6
  Elt   5: Reference   : Flat     with Kc= 0.0000D+00, Kr=-1.0000D+22, nECoords =   6
  Number of output coordinates is   5
  
  Aperture stop set at (global):  0.000000000D+00  0.000000000D+00  0.000000000D+00
  
 OPD: Rays being traced =          277
 Compute time was    0.0020 sec
 OPD: nPassRays =     276,    DAvgCumL =  59.98228553D-01 m 
 RMS OPD error is   1.539267639D-03 m 
 P-V OPD error is   6.046693298D-03 m 
 Average OPD is    -1.3289938947371609D-06 m 
  Input file /tmp/tp49cdb1e9_ae8c_4ad3_a79b_fb1ca93cfbd6.in being loaded.
 Default used for  SegXgrid
 Optical Train Summary:
  Tracing rays past   5 elements.
  Aperture grid type = Circular  with   21 grid points.
  Elt   1: Reflector   : Conic    with Kc=-1.0000D+00, Kr=-2.5000D+00, nECoords =   6
  Elt   2: Reflector   : Conic    with Kc=-1.2384D+00, Kr=-4.4837D-01, nECoords =   6
  Elt   3: Reflector   : Conic    with Kc=-2.9498D+00, Kr=-2.3187D+00, nECoords =   6
  Elt   4: Reflector   : Conic    with Kc=-9.8208D-01, Kr=-9.3492D-01, nECoords =   6
  Elt   5: Reference   : Flat     with Kc= 0.0000D+00, Kr=-1.0000D+22, nECoords =   6
  Number of output coordinates is   5
  
  Aperture stop set at (global):  0.000000000D+00  0.000000000D+00  0.000000000D+00
  
 OPD: Rays being traced =          277
 Compute time was    0.0020 sec
 OPD: nPassRays =     276,    DAvgCumL =  59.98052610D-01 m 
 RMS OPD error is   1.083606688D-03 m 
 P-V OPD error is   3.953861280D-03 m 
 Average OPD is    -2.0080378070990394D-06 m 
  Input file /tmp/tp49cdb1e9_ae8c_4ad3_a79b_fb1ca93cfbd6.in being loaded.
 Default used for  SegXgrid
 Optical Train Summary:
  Tracing rays past   5 elements.
  Aperture grid type = Circular  with   21 grid points.
  Elt   1: Reflector   : Conic    with Kc=-1.0000D+00, Kr=-2.5000D+00, nECoords =   6
  Elt   2: Reflector   : Conic    with Kc=-1.2384D+00, Kr=-4.4837D-01, nECoords =   6
  Elt   3: Reflector   : Conic    with Kc=-2.9498D+00, Kr=-2.3187D+00, nECoords =   6
  Elt   4: Reflector   : Conic    with Kc=-9.8208D-01, Kr=-9.3492D-01, nECoords =   6
  Elt   5: Reference   : Flat     with Kc= 0.0000D+00, Kr=-1.0000D+22, nECoords =   6
  Number of output coordinates is   5
  
  Aperture stop set at (global):  0.000000000D+00  0.000000000D+00  0.000000000D+00
  
 OPD: Rays being traced =          277
 Compute time was    0.0020 sec
 OPD: nPassRays =     276,    DAvgCumL =  59.98340828D-01 m 
 RMS OPD error is   1.533652726D-03 m 
 P-V OPD error is   6.035259424D-03 m 
 Average OPD is     1.2028619005578356D-06 m 
  Input file /tmp/tp49cdb1e9_ae8c_4ad3_a79b_fb1ca93cfbd6.in being loaded.
 Default used for  SegXgrid
 Optical Train Summary:
  Tracing rays past   5 elements.
  Aperture grid type = Circular  with   21 grid points.
  Elt   1: Reflector   : Conic    with Kc=-1.0000D+00, Kr=-2.5000D+00, nECoords =   6
  Elt   2: Reflector   : Conic    with Kc=-1.2384D+00, Kr=-4.4837D-01, nECoords =   6
  Elt   3: Reflector   : Conic    with Kc=-2.9498D+00, Kr=-2.3187D+00, nECoords =   6
  Elt   4: Reflector   : Conic    with Kc=-9.8208D-01, Kr=-9.3492D-01, nECoords =   6
  Elt   5: Reference   : Flat     with Kc= 0.0000D+00, Kr=-1.0000D+22, nECoords =   6
  Number of output coordinates is   5
  
  Aperture stop set at (global):  0.000000000D+00  0.000000000D+00  0.000000000D+00
  
 OPD: Rays being traced =          277
 Compute time was    0.0000 sec
 OPD: nPassRays =     276,    DAvgCumL =  59.98106602D-01 m 
 RMS OPD error is   1.082572396D-03 m 
 P-V OPD error is   3.922494250D-03 m 
 Average OPD is    -2.9428637541150731D-06 m 
  Input file /tmp/tp49cdb1e9_ae8c_4ad3_a79b_fb1ca93cfbd6.in being loaded.
 Default used for  SegXgrid
 Optical Train Summary:
  Tracing rays past   5 elements.
  Aperture grid type = Circular  with   21 grid points.
  Elt   1: Reflector   : Conic    with Kc=-1.0000D+00, Kr=-2.5000D+00, nECoords =   6
  Elt   2: Reflector   : Conic    with Kc=-1.2384D+00, Kr=-4.4837D-01, nECoords =   6
  Elt   3: Reflector   : Conic    with Kc=-2.9498D+00, Kr=-2.3187D+00, nECoords =   6
  Elt   4: Reflector   : Conic    with Kc=-9.8208D-01, Kr=-9.3492D-01, nECoords =   6
  Elt   5: Reference   : Flat     with Kc= 0.0000D+00, Kr=-1.0000D+22, nECoords =   6
  Number of output coordinates is   5
  
  Aperture stop set at (global):  0.000000000D+00  0.000000000D+00  0.000000000D+00
  
 OPD: Rays being traced =          277
 Compute time was    0.0000 sec
 OPD: nPassRays =     276,    DAvgCumL =  59.97914961D-01 m 
 RMS OPD error is   3.281875455D-06 m 
 P-V OPD error is   1.566887386D-05 m 
 Average OPD is    -3.5930532530837098D-06 m 
  Input file /tmp/tp49cdb1e9_ae8c_4ad3_a79b_fb1ca93cfbd6.in being loaded.
 Default used for  SegXgrid
 Optical Train Summary:
  Tracing rays past   5 elements.
  Aperture grid type = Circular  with   21 grid points.
  Elt   1: Reflector   : Conic    with Kc=-1.0000D+00, Kr=-2.5000D+00, nECoords =   6
  Elt   2: Reflector   : Conic    with Kc=-1.2384D+00, Kr=-4.4837D-01, nECoords =   6
  Elt   3: Reflector   : Conic    with Kc=-2.9498D+00, Kr=-2.3187D+00, nECoords =   6
  Elt   4: Reflector   : Conic    with Kc=-9.8208D-01, Kr=-9.3492D-01, nECoords =   6
  Elt   5: Reference   : Flat     with Kc= 0.0000D+00, Kr=-1.0000D+22, nECoords =   6
  Number of output coordinates is   5
  
  Aperture stop set at (global):  0.000000000D+00  0.000000000D+00  0.000000000D+00
  
 OPD: Rays being traced =          277
 Compute time was    0.0000 sec
 OPD: nPassRays =     276,    DAvgCumL =  59.98164389D-01 m 
 RMS OPD error is   1.078910725D-03 m 
 P-V OPD error is   3.915894125D-03 m 
 Average OPD is    -4.2896455638482656D-07 m 
  Input file /tmp/tp49cdb1e9_ae8c_4ad3_a79b_fb1ca93cfbd6.in being loaded.
 Default used for  SegXgrid
 Optical Train Summary:
  Tracing rays past   5 elements.
  Aperture grid type = Circular  with   21 grid points.
  Elt   1: Reflector   : Conic    with Kc=-1.0000D+00, Kr=-2.5000D+00, nECoords =   6
  Elt   2: Reflector   : Conic    with Kc=-1.2384D+00, Kr=-4.4837D-01, nECoords =   6
  Elt   3: Reflector   : Conic    with Kc=-2.9498D+00, Kr=-2.3187D+00, nECoords =   6
  Elt   4: Reflector   : Conic    with Kc=-9.8208D-01, Kr=-9.3492D-01, nECoords =   6
  Elt   5: Reference   : Flat     with Kc= 0.0000D+00, Kr=-1.0000D+22, nECoords =   6
  Number of output coordinates is   5
  
  Aperture stop set at (global):  0.000000000D+00  0.000000000D+00  0.000000000D+00
  
 OPD: Rays being traced =          277
 Compute time was    0.0020 sec
 OPD: nPassRays =     276,    DAvgCumL =  59.98228553D-01 m 
 RMS OPD error is   1.539267639D-03 m 
 P-V OPD error is   6.046693298D-03 m 
 Average OPD is    -1.3289938947307249D-06 m 
  Input file /tmp/tp49cdb1e9_ae8c_4ad3_a79b_fb1ca93cfbd6.in being loaded.
 Default used for  SegXgrid
 Optical Train Summary:
  Tracing rays past   5 elements.
  Aperture grid type = Circular  with   21 grid points.
  Elt   1: Reflector   : Conic    with Kc=-1.0000D+00, Kr=-2.5000D+00, nECoords =   6
  Elt   2: Reflector   : Conic    with Kc=-1.2384D+00, Kr=-4.4837D-01, nECoords =   6
  Elt   3: Reflector   : Conic    with Kc=-2.9498D+00, Kr=-2.3187D+00, nECoords =   6
  Elt   4: Reflector   : Conic    with Kc=-9.8208D-01, Kr=-9.3492D-01, nECoords =   6
  Elt   5: Reference   : Flat     with Kc= 0.0000D+00, Kr=-1.0000D+22, nECoords =   6
  Number of output coordinates is   5
  
  Aperture stop set at (global):  0.000000000D+00  0.000000000D+00  0.000000000D+00
  
 OPD: Rays being traced =          277
 Compute time was    0.0000 sec
 OPD: nPassRays =     276,    DAvgCumL =  59.98052610D-01 m 
 RMS OPD error is   1.083606688D-03 m 
 P-V OPD error is   3.953861280D-03 m 
 Average OPD is    -2.0080378069284834D-06 m 
  Input file /tmp/tp49cdb1e9_ae8c_4ad3_a79b_fb1ca93cfbd6.in being loaded.
 Default used for  SegXgrid
 Optical Train Summary:
  Tracing rays past   5 elements.
  Aperture grid type = Circular  with   21 grid points.
  Elt   1: Reflector   : Conic    with Kc=-1.0000D+00, Kr=-2.5000D+00, nECoords =   6
  Elt   2: Reflector   : Conic    with Kc=-1.2384D+00, Kr=-4.4837D-01, nECoords =   6
  Elt   3: Reflector   : Conic    with Kc=-2.9498D+00, Kr=-2.3187D+00, nECoords =   6
  Elt   4: Reflector   : Conic    with Kc=-9.8208D-01, Kr=-9.3492D-01, nECoords =   6
  Elt   5: Reference   : Flat     with Kc= 0.0000D+00, Kr=-1.0000D+22, nECoords =   6
  Number of output coordinates is   5
  
  Aperture stop set at (global):  0.000000000D+00  0.000000000D+00  0.000000000D+00
  
 OPD: Rays being traced =          277
 Compute time was    0.0020 sec
 OPD: nPassRays =     276,    DAvgCumL =  59.98340828D-01 m 
 RMS OPD error is   1.533652726D-03 m 
 P-V OPD error is   6.035259424D-03 m 
 Average OPD is     1.2028619004226779D-06 m 
  Input file /tmp/tp78cca764_ebd8_4975_a37c_4d7cd2b7e879.in being loaded.
 Default used for  SegXgrid
 Optical Train Summary:
  Tracing rays past   5 elements.
  Aperture grid type = Circular  with   21 grid points.
  Elt   1: Reflector   : Conic    with Kc=-1.0000D+00, Kr=-2.5000D+00, nECoords =   6
  Elt   2: Reflector   : Conic    with Kc=-1.2384D+00, Kr=-4.4837D-01, nECoords =   6
  Elt   3: Reflector   : Conic    with Kc=-2.9498D+00, Kr=-2.3187D+00, nECoords =   6
  Elt   4: Reflector   : Conic    with Kc=-9.8208D-01, Kr=-9.3492D-01, nECoords =   6
  Elt   5: Reference   : Flat     with Kc= 0.0000D+00, Kr=-1.0000D+22, nECoords =   6
  Number of output coordinates is   5
  
  Aperture stop set at (global):  0.000000000D+00  0.000000000D+00  0.000000000D+00
  
  Input file /tmp/tp65b264eb_462b_4f51_a278_7c96999b6840.in being loaded.
 Default used for  SegXgrid
 Optical Train Summary:
  Tracing rays past   5 elements.
  Aperture grid type = Circular  with   21 grid points.
  Elt   1: Reflector   : Conic    with Kc=-1.0000D+00, Kr=-2.5000D+00, nECoords =   6
  Elt   2: Reflector   : Conic    with Kc=-1.2384D+00, Kr=-4.4837D-01, nECoords =   6
  Elt   3: Reflector   : Conic    with Kc=-2.9498D+00, Kr=-2.3187D+00, nECoords =   6
  Elt   4: Reflector   : Conic    with Kc=-9.8208D-01, Kr=-9.3492D-01, nECoords =   6
  Elt   5: Reference   : Flat     with Kc= 0.0000D+00, Kr=-1.0000D+22, nECoords =   6
  Number of output coordinates is   5
  
  Aperture stop set at (global):  0.000000000D+00  0.000000000D+00  0.000000000D+00
  
 OPD: Rays being traced =          277
 Compute time was    0.0000 sec
 OPD: nPassRays =     276,    DAvgCumL =  59.98228553D-01 m 
 RMS OPD error is   1.539267639D-03 m 
 P-V OPD error is   6.046693298D-03 m 
 Average OPD is    -1.3289938947371609D-06 m 
  Input file /tmp/tp65b264eb_462b_4f51_a278_7c96999b6840.in being loaded.
 Default used for  SegXgrid
 Optical Train Summary:
  Tracing rays past   5 elements.
  Aperture grid type = Circular  with   21 grid points.
  Elt   1: Reflector   : Conic    with Kc=-1.0000D+00, Kr=-2.5000D+00, nECoords =   6
  Elt   2: Reflector   : Conic    with Kc=-1.2384D+00, Kr=-4.4837D-01, nECoords =   6
  Elt   3: Reflector   : Conic    with Kc=-2.9498D+00, Kr=-2.3187D+00, nECoords =   6
  Elt   4: Reflector   : Conic    with Kc=-9.8208D-01, Kr=-9.3492D-01, nECoords =   6
  Elt   5: Reference   : Flat     with Kc= 0.0000D+00, Kr=-1.0000D+22, nECoords =   6
  Number of output coordinates is   5
  
  Aperture stop set at (global):  0.000000000D+00  0.000000000D+00  0.000000000D+00
  
 OPD: Rays being traced =          277
 Compute time was    0.0000 sec
 OPD: nPassRays =     276,    DAvgCumL =  59.98052610D-01 m 
 RMS OPD error is   1.083606688D-03 m 
 P-V OPD error is   3.953861280D-03 m 
 Average OPD is    -2.0080378070990394D-06 m 
  Input file /tmp/tp65b264eb_462b_4f51_a278_7c96999b6840.in being loaded.
 Default used for  SegXgrid
 Optical Train Summary:
  Tracing rays past   5 elements.
  Aperture grid type = Circular  with   21 grid points.
  Elt   1: Reflector   : Conic    with Kc=-1.0000D+00, Kr=-2.5000D+00, nECoords =   6
  Elt   2: Reflector   : Conic    with Kc=-1.2384D+00, Kr=-4.4837D-01, nECoords =   6
  Elt   3: Reflector   : Conic    with Kc=-2.9498D+00, Kr=-2.3187D+00, nECoords =   6
  Elt   4: Reflector   : Conic    with Kc=-9.8208D-01, Kr=-9.3492D-01, nECoords =   6
  Elt   5: Reference   : Flat     with Kc= 0.0000D+00, Kr=-1.0000D+22, nECoords =   6
  Number of output coordinates is   5
  
  Aperture stop set at (global):  0.000000000D+00  0.000000000D+00  0.000000000D+00
  
 OPD: Rays being traced =          277
 Compute time was    0.0020 sec
 OPD: nPassRays =     276,    DAvgCumL =  59.98340828D-01 m 
 RMS OPD error is   1.533652726D-03 m 
 P-V OPD error is   6.035259424D-03 m 
 Average OPD is     1.2028619005578356D-06 m 
  Input file /tmp/tp65b264eb_462b_4f51_a278_7c96999b6840.in being loaded.
 Default used for  SegXgrid
 Optical Train Summary:
  Tracing rays past   5 elements.
  Aperture grid type = Circular  with   21 grid points.
  Elt   1: Reflector   : Conic    with Kc=-1.0000D+00, Kr=-2.5000D+00, nECoords =   6
  Elt   2: Reflector   : Conic    with Kc=-1.2384D+00, Kr=-4.4837D-01, nECoords =   6
  Elt   3: Reflector   : Conic    with Kc=-2.9498D+00, Kr=-2.3187D+00, nECoords =   6
  Elt   4: Reflector   : Conic    with Kc=-9.8208D-01, Kr=-9.3492D-01, nECoords =   6
  Elt   5: Reference   : Flat     with Kc= 0.0000D+00, Kr=-1.0000D+22, nECoords =   6
  Number of output coordinates is   5
  
  Aperture stop set at (global):  0.000000000D+00  0.000000000D+00  0.000000000D+00
  
 OPD: Rays being traced =          277
 Compute time was    0.0000 sec
 OPD: nPassRays =     276,    DAvgCumL =  59.98106602D-01 m 
 RMS OPD error is   1.082572396D-03 m 
 P-V OPD error is   3.922494250D-03 m 
 Average OPD is    -2.9428637541150731D-06 m 
  Input file /tmp/tp65b264eb_462b_4f51_a278_7c96999b6840.in being loaded.
 Default used for  SegXgrid
 Optical Train Summary:
  Tracing rays past   5 elements.
  Aperture grid type = Circular  with   21 grid points.
  Elt   1: Reflector   : Conic    with Kc=-1.0000D+00, Kr=-2.5000D+00, nECoords =   6
  Elt   2: Reflector   : Conic    with Kc=-1.2384D+00, Kr=-4.4837D-01, nECoords =   6
  Elt   3: Reflector   : Conic    with Kc=-2.9498D+00, Kr=-2.3187D+00, nECoords =   6
  Elt   4: Reflector   : Conic    with Kc=-9.8208D-01, Kr=-9.3492D-01, nECoords =   6
  Elt   5: Reference   : Flat     with Kc= 0.0000D+00, Kr=-1.0000D+22, nECoords =   6
  Number of output coordinates is   5
  
  Aperture stop set at (global):  0.000000000D+00  0.000000000D+00  0.000000000D+00
  
 OPD: Rays being traced =          277
 Compute time was    0.0000 sec
 OPD: nPassRays =     276,    DAvgCumL =  59.97914961D-01 m 
 RMS OPD error is   3.281875455D-06 m 
 P-V OPD error is   1.566887386D-05 m 
 Average OPD is    -3.5930532530837098D-06 m 
  Input file /tmp/tp65b264eb_462b_4f51_a278_7c96999b6840.in being loaded.
 Default used for  SegXgrid
 Optical Train Summary:
  Tracing rays past   5 elements.
  Aperture grid type = Circular  with   21 grid points.
  Elt   1: Reflector   : Conic    with Kc=-1.0000D+00, Kr=-2.5000D+00, nECoords =   6
  Elt   2: Reflector   : Conic    with Kc=-1.2384D+00, Kr=-4.4837D-01, nECoords =   6
  Elt   3: Reflector   : Conic    with Kc=-2.9498D+00, Kr=-2.3187D+00, nECoords =   6
  Elt   4: Reflector   : Conic    with Kc=-9.8208D-01, Kr=-9.3492D-01, nECoords =   6
  Elt   5: Reference   : Flat     with Kc= 0.0000D+00, Kr=-1.0000D+22, nECoords =   6
  Number of output coordinates is   5
  
  Aperture stop set at (global):  0.000000000D+00  0.000000000D+00  0.000000000D+00
  
 OPD: Rays being traced =          277
 Compute time was    0.0000 sec
 OPD: nPassRays =     276,    DAvgCumL =  59.98164389D-01 m 
 RMS OPD error is   1.078910725D-03 m 
 P-V OPD error is   3.915894125D-03 m 
 Average OPD is    -4.2896455638482656D-07 m 
  Input file /tmp/tp65b264eb_462b_4f51_a278_7c96999b6840.in being loaded.
 Default used for  SegXgrid
 Optical Train Summary:
  Tracing rays past   5 elements.
  Aperture grid type = Circular  with   21 grid points.
  Elt   1: Reflector   : Conic    with Kc=-1.0000D+00, Kr=-2.5000D+00, nECoords =   6
  Elt   2: Reflector   : Conic    with Kc=-1.2384D+00, Kr=-4.4837D-01, nECoords =   6
  Elt   3: Reflector   : Conic    with Kc=-2.9498D+00, Kr=-2.3187D+00, nECoords =   6
  Elt   4: Reflector   : Conic    with Kc=-9.8208D-01, Kr=-9.3492D-01, nECoords =   6
  Elt   5: Reference   : Flat     with Kc= 0.0000D+00, Kr=-1.0000D+22, nECoords =   6
  Number of output coordinates is   5
  
  Aperture stop set at (global):  0.000000000D+00  0.000000000D+00  0.000000000D+00
  
 OPD: Rays being traced =          277
 Compute time was    0.0000 sec
 OPD: nPassRays =     276,    DAvgCumL =  59.98228553D-01 m 
 RMS OPD error is   1.539267639D-03 m 
 P-V OPD error is   6.046693298D-03 m 
 Average OPD is    -1.3289938947307249D-06 m 
  Input file /tmp/tp65b264eb_462b_4f51_a278_7c96999b6840.in being loaded.
 Default used for  SegXgrid
 Optical Train Summary:
  Tracing rays past   5 elements.
  Aperture grid type = Circular  with   21 grid points.
  Elt   1: Reflector   : Conic    with Kc=-1.0000D+00, Kr=-2.5000D+00, nECoords =   6
  Elt   2: Reflector   : Conic    with Kc=-1.2384D+00, Kr=-4.4837D-01, nECoords =   6
  Elt   3: Reflector   : Conic    with Kc=-2.9498D+00, Kr=-2.3187D+00, nECoords =   6
  Elt   4: Reflector   : Conic    with Kc=-9.8208D-01, Kr=-9.3492D-01, nECoords =   6
  Elt   5: Reference   : Flat     with Kc= 0.0000D+00, Kr=-1.0000D+22, nECoords =   6
  Number of output coordinates is   5
  
  Aperture stop set at (global):  0.000000000D+00  0.000000000D+00  0.000000000D+00
  
 OPD: Rays being traced =          277
 Compute time was    0.0020 sec
 OPD: nPassRays =     276,    DAvgCumL =  59.98052610D-01 m 
 RMS OPD error is   1.083606688D-03 m 
 P-V OPD error is   3.953861280D-03 m 
 Average OPD is    -2.0080378069284834D-06 m 
  Input file /tmp/tp65b264eb_462b_4f51_a278_7c96999b6840.in being loaded.
 Default used for  SegXgrid
 Optical Train Summary:
  Tracing rays past   5 elements.
  Aperture grid type = Circular  with   21 grid points.
  Elt   1: Reflector   : Conic    with Kc=-1.0000D+00, Kr=-2.5000D+00, nECoords =   6
  Elt   2: Reflector   : Conic    with Kc=-1.2384D+00, Kr=-4.4837D-01, nECoords =   6
  Elt   3: Reflector   : Conic    with Kc=-2.9498D+00, Kr=-2.3187D+00, nECoords =   6
  Elt   4: Reflector   : Conic    with Kc=-9.8208D-01, Kr=-9.3492D-01, nECoords =   6
  Elt   5: Reference   : Flat     with Kc= 0.0000D+00, Kr=-1.0000D+22, nECoords =   6
  Number of output coordinates is   5
  
  Aperture stop set at (global):  0.000000000D+00  0.000000000D+00  0.000000000D+00
  
 OPD: Rays being traced =          277
 Compute time was    0.0020 sec
 OPD: nPassRays =     276,    DAvgCumL =  59.98340828D-01 m 
 RMS OPD error is   1.533652726D-03 m 
 P-V OPD error is   6.035259424D-03 m 
 Average OPD is     1.2028619004226779D-06 m 
  Input file /tmp/tpf21b389d_9238_4858_bdec_3df26a42299c.in being loaded.
 Default used for  SegXgrid
 Optical Train Summary:
  Tracing rays past   5 elements.
  Aperture grid type = Circular  with   21 grid points.
  Elt   1: Reflector   : Conic    with Kc=-1.0000D+00, Kr=-2.5000D+00, nECoords =   6
  Elt   2: Reflector   : Conic    with Kc=-1.2384D+00, Kr=-4.4837D-01, nECoords =   6
  Elt   3: Reflector   : Conic    with Kc=-2.9498D+00, Kr=-2.3187D+00, nECoords =   6
  Elt   4: Reflector   : Conic    with Kc=-9.8208D-01, Kr=-9.3492D-01, nECoords =   6
  Elt   5: Reference   : Flat     with Kc= 0.0000D+00, Kr=-1.0000D+22, nECoords =   6
  Number of output coordinates is   5
  
  Aperture stop set at (global):  0.000000000D+00  0.000000000D+00  0.000000000D+00
  
 OPD: Rays being traced =          277
 Compute time was    0.0020 sec
 OPD: nPassRays =     276,    DAvgCumL =  12.67619349D-01 m 
 RMS OPD error is   1.419742281D-02 m 
 P-V OPD error is   5.167010635D-02 m 
 Average OPD is    -2.4333968567546094D-02 m 
 OPD: Rays being traced =          277
 Compute time was    0.0000 sec
 OPD: nPassRays =     276,    DAvgCumL =  59.98228553D-01 m 
 RMS OPD error is   1.539267639D-03 m 
 P-V OPD error is   6.046693298D-03 m 
 Average OPD is    -1.3289938947371609D-06 m 
  Input file /tmp/tpf21b389d_9238_4858_bdec_3df26a42299c.in being loaded.
 Default used for  SegXgrid
 Optical Train Summary:
  Tracing rays past   5 elements.
  Aperture grid type = Circular  with   21 grid points.
  Elt   1: Reflector   : Conic    with Kc=-1.0000D+00, Kr=-2.5000D+00, nECoords =   6
  Elt   2: Reflector   : Conic    with Kc=-1.2384D+00, Kr=-4.4837D-01, nECoords =   6
  Elt   3: Reflector   : Conic    with Kc=-2.9498D+00, Kr=-2.3187D+00, nECoords =   6
  Elt   4: Reflector   : Conic    with Kc=-9.8208D-01, Kr=-9.3492D-01, nECoords =   6
  Elt   5: Reference   : Flat     with Kc= 0.0000D+00, Kr=-1.0000D+22, nECoords =   6
  Number of output coordinates is   5
  
  Aperture stop set at (global):  0.000000000D+00  0.000000000D+00  0.000000000D+00
  
 OPD: Rays being traced =          277
 Compute time was    0.0000 sec
 OPD: nPassRays =     276,    DAvgCumL =  12.67617554D-01 m 
 RMS OPD error is   1.435720682D-02 m 
 P-V OPD error is   5.354549631D-02 m 
 Average OPD is    -2.4335763510063151D-02 m 
 OPD: Rays being traced =          277
 Compute time was    0.0000 sec
 OPD: nPassRays =     276,    DAvgCumL =  59.98052610D-01 m 
 RMS OPD error is   1.083606688D-03 m 
 P-V OPD error is   3.953861280D-03 m 
 Average OPD is    -2.0080378070990394D-06 m 
  Input file /tmp/tpf21b389d_9238_4858_bdec_3df26a42299c.in being loaded.
 Default used for  SegXgrid
 Optical Train Summary:
  Tracing rays past   5 elements.
  Aperture grid type = Circular  with   21 grid points.
  Elt   1: Reflector   : Conic    with Kc=-1.0000D+00, Kr=-2.5000D+00, nECoords =   6
  Elt   2: Reflector   : Conic    with Kc=-1.2384D+00, Kr=-4.4837D-01, nECoords =   6
  Elt   3: Reflector   : Conic    with Kc=-2.9498D+00, Kr=-2.3187D+00, nECoords =   6
  Elt   4: Reflector   : Conic    with Kc=-9.8208D-01, Kr=-9.3492D-01, nECoords =   6
  Elt   5: Reference   : Flat     with Kc= 0.0000D+00, Kr=-1.0000D+22, nECoords =   6
  Number of output coordinates is   5
  
  Aperture stop set at (global):  0.000000000D+00  0.000000000D+00  0.000000000D+00
  
 OPD: Rays being traced =          277
 Compute time was    0.0020 sec
 OPD: nPassRays =     276,    DAvgCumL =  12.67614814D-01 m 
 RMS OPD error is   1.459774741D-02 m 
 P-V OPD error is   5.542322854D-02 m 
 Average OPD is    -2.4338503573907749D-02 m 
 OPD: Rays being traced =          277
 Compute time was    0.0000 sec
 OPD: nPassRays =     276,    DAvgCumL =  59.98340828D-01 m 
 RMS OPD error is   1.533652726D-03 m 
 P-V OPD error is   6.035259424D-03 m 
 Average OPD is     1.2028619005578356D-06 m 
  Input file /tmp/tpf21b389d_9238_4858_bdec_3df26a42299c.in being loaded.
 Default used for  SegXgrid
 Optical Train Summary:
  Tracing rays past   5 elements.
  Aperture grid type = Circular  with   21 grid points.
  Elt   1: Reflector   : Conic    with Kc=-1.0000D+00, Kr=-2.5000D+00, nECoords =   6
  Elt   2: Reflector   : Conic    with Kc=-1.2384D+00, Kr=-4.4837D-01, nECoords =   6
  Elt   3: Reflector   : Conic    with Kc=-2.9498D+00, Kr=-2.3187D+00, nECoords =   6
  Elt   4: Reflector   : Conic    with Kc=-9.8208D-01, Kr=-9.3492D-01, nECoords =   6
  Elt   5: Reference   : Flat     with Kc= 0.0000D+00, Kr=-1.0000D+22, nECoords =   6
  Number of output coordinates is   5
  
  Aperture stop set at (global):  0.000000000D+00  0.000000000D+00  0.000000000D+00
  
 OPD: Rays being traced =          277
 Compute time was    0.0000 sec
 OPD: nPassRays =     276,    DAvgCumL =  12.67619821D-01 m 
 RMS OPD error is   1.415507687D-02 m 
 P-V OPD error is   5.026587765D-02 m 
 Average OPD is    -2.4333496244226208D-02 m 
 OPD: Rays being traced =          277
 Compute time was    0.0000 sec
 OPD: nPassRays =     276,    DAvgCumL =  59.98106602D-01 m 
 RMS OPD error is   1.082572396D-03 m 
 P-V OPD error is   3.922494250D-03 m 
 Average OPD is    -2.9428637541150731D-06 m 
  Input file /tmp/tpf21b389d_9238_4858_bdec_3df26a42299c.in being loaded.
 Default used for  SegXgrid
 Optical Train Summary:
  Tracing rays past   5 elements.
  Aperture grid type = Circular  with   21 grid points.
  Elt   1: Reflector   : Conic    with Kc=-1.0000D+00, Kr=-2.5000D+00, nECoords =   6
  Elt   2: Reflector   : Conic    with Kc=-1.2384D+00, Kr=-4.4837D-01, nECoords =   6
  Elt   3: Reflector   : Conic    with Kc=-2.9498D+00, Kr=-2.3187D+00, nECoords =   6
  Elt   4: Reflector   : Conic    with Kc=-9.8208D-01, Kr=-9.3492D-01, nECoords =   6
  Elt   5: Reference   : Flat     with Kc= 0.0000D+00, Kr=-1.0000D+22, nECoords =   6
  Number of output coordinates is   5
  
  Aperture stop set at (global):  0.000000000D+00  0.000000000D+00  0.000000000D+00
  
 OPD: Rays being traced =          277
 Compute time was    0.0020 sec
 OPD: nPassRays =     276,    DAvgCumL =  12.67618026D-01 m 
 RMS OPD error is   1.431532715D-02 m 
 P-V OPD error is   5.214032665D-02 m 
 Average OPD is    -2.4335291107281942D-02 m 
 OPD: Rays being traced =          277
 Compute time was    0.0000 sec
 OPD: nPassRays =     276,    DAvgCumL =  59.97914961D-01 m 
 RMS OPD error is   3.281875455D-06 m 
 P-V OPD error is   1.566887386D-05 m 
 Average OPD is    -3.5930532530837098D-06 m 
  Input file /tmp/tpf21b389d_9238_4858_bdec_3df26a42299c.in being loaded.
 Default used for  SegXgrid
 Optical Train Summary:
  Tracing rays past   5 elements.
  Aperture grid type = Circular  with   21 grid points.
  Elt   1: Reflector   : Conic    with Kc=-1.0000D+00, Kr=-2.5000D+00, nECoords =   6
  Elt   2: Reflector   : Conic    with Kc=-1.2384D+00, Kr=-4.4837D-01, nECoords =   6
  Elt   3: Reflector   : Conic    with Kc=-2.9498D+00, Kr=-2.3187D+00, nECoords =   6
  Elt   4: Reflector   : Conic    with Kc=-9.8208D-01, Kr=-9.3492D-01, nECoords =   6
  Elt   5: Reference   : Flat     with Kc= 0.0000D+00, Kr=-1.0000D+22, nECoords =   6
  Number of output coordinates is   5
  
  Aperture stop set at (global):  0.000000000D+00  0.000000000D+00  0.000000000D+00
  
 OPD: Rays being traced =          277
 Compute time was    0.0000 sec
 OPD: nPassRays =     276,    DAvgCumL =  12.67615286D-01 m 
 RMS OPD error is   1.455655019D-02 m 
 P-V OPD error is   5.401711476D-02 m 
 Average OPD is    -2.4338031049812109D-02 m 
 OPD: Rays being traced =          277
 Compute time was    0.0020 sec
 OPD: nPassRays =     276,    DAvgCumL =  59.98164389D-01 m 
 RMS OPD error is   1.078910725D-03 m 
 P-V OPD error is   3.915894125D-03 m 
 Average OPD is    -4.2896455638482656D-07 m 
  Input file /tmp/tpf21b389d_9238_4858_bdec_3df26a42299c.in being loaded.
 Default used for  SegXgrid
 Optical Train Summary:
  Tracing rays past   5 elements.
  Aperture grid type = Circular  with   21 grid points.
  Elt   1: Reflector   : Conic    with Kc=-1.0000D+00, Kr=-2.5000D+00, nECoords =   6
  Elt   2: Reflector   : Conic    with Kc=-1.2384D+00, Kr=-4.4837D-01, nECoords =   6
  Elt   3: Reflector   : Conic    with Kc=-2.9498D+00, Kr=-2.3187D+00, nECoords =   6
  Elt   4: Reflector   : Conic    with Kc=-9.8208D-01, Kr=-9.3492D-01, nECoords =   6
  Elt   5: Reference   : Flat     with Kc= 0.0000D+00, Kr=-1.0000D+22, nECoords =   6
  Number of output coordinates is   5
  
  Aperture stop set at (global):  0.000000000D+00  0.000000000D+00  0.000000000D+00
  
 OPD: Rays being traced =          277
 Compute time was    0.0020 sec
 OPD: nPassRays =     276,    DAvgCumL =  12.67619349D-01 m 
 RMS OPD error is   1.419742281D-02 m 
 P-V OPD error is   5.167010635D-02 m 
 Average OPD is    -2.4333968567546081D-02 m 
 OPD: Rays being traced =          277
 Compute time was    0.0000 sec
 OPD: nPassRays =     276,    DAvgCumL =  59.98228553D-01 m 
 RMS OPD error is   1.539267639D-03 m 
 P-V OPD error is   6.046693298D-03 m 
 Average OPD is    -1.3289938947307249D-06 m 
  Input file /tmp/tpf21b389d_9238_4858_bdec_3df26a42299c.in being loaded.
 Default used for  SegXgrid
 Optical Train Summary:
  Tracing rays past   5 elements.
  Aperture grid type = Circular  with   21 grid points.
  Elt   1: Reflector   : Conic    with Kc=-1.0000D+00, Kr=-2.5000D+00, nECoords =   6
  Elt   2: Reflector   : Conic    with Kc=-1.2384D+00, Kr=-4.4837D-01, nECoords =   6
  Elt   3: Reflector   : Conic    with Kc=-2.9498D+00, Kr=-2.3187D+00, nECoords =   6
  Elt   4: Reflector   : Conic    with Kc=-9.8208D-01, Kr=-9.3492D-01, nECoords =   6
  Elt   5: Reference   : Flat     with Kc= 0.0000D+00, Kr=-1.0000D+22, nECoords =   6
  Number of output coordinates is   5
  
  Aperture stop set at (global):  0.000000000D+00  0.000000000D+00  0.000000000D+00
  
 OPD: Rays being traced =          277
 Compute time was    0.0000 sec
 OPD: nPassRays =     276,    DAvgCumL =  12.67617554D-01 m 
 RMS OPD error is   1.435720682D-02 m 
 P-V OPD error is   5.354549631D-02 m 
 Average OPD is    -2.4335763510063151D-02 m 
 OPD: Rays being traced =          277
 Compute time was    0.0020 sec
 OPD: nPassRays =     276,    DAvgCumL =  59.98052610D-01 m 
 RMS OPD error is   1.083606688D-03 m 
 P-V OPD error is   3.953861280D-03 m 
 Average OPD is    -2.0080378069284834D-06 m 
  Input file /tmp/tpf21b389d_9238_4858_bdec_3df26a42299c.in being loaded.
 Default used for  SegXgrid
 Optical Train Summary:
  Tracing rays past   5 elements.
  Aperture grid type = Circular  with   21 grid points.
  Elt   1: Reflector   : Conic    with Kc=-1.0000D+00, Kr=-2.5000D+00, nECoords =   6
  Elt   2: Reflector   : Conic    with Kc=-1.2384D+00, Kr=-4.4837D-01, nECoords =   6
  Elt   3: Reflector   : Conic    with Kc=-2.9498D+00, Kr=-2.3187D+00, nECoords =   6
  Elt   4: Reflector   : Conic    with Kc=-9.8208D-01, Kr=-9.3492D-01, nECoords =   6
  Elt   5: Reference   : Flat     with Kc= 0.0000D+00, Kr=-1.0000D+22, nECoords =   6
  Number of output coordinates is   5
  
  Aperture stop set at (global):  0.000000000D+00  0.000000000D+00  0.000000000D+00
  
 OPD: Rays being traced =          277
 Compute time was    0.0000 sec
 OPD: nPassRays =     276,    DAvgCumL =  12.67614814D-01 m 
 RMS OPD error is   1.459774741D-02 m 
 P-V OPD error is   5.542322854D-02 m 
 Average OPD is    -2.4338503573907769D-02 m 
 OPD: Rays being traced =          277
 Compute time was    0.0020 sec
 OPD: nPassRays =     276,    DAvgCumL =  59.98340828D-01 m 
 RMS OPD error is   1.533652726D-03 m 
 P-V OPD error is   6.035259424D-03 m 
 Average OPD is     1.2028619004226779D-06 m 
  Input file /tmp/tp78cca764_ebd8_4975_a37c_4d7cd2b7e879.in being loaded.
 Default used for  SegXgrid
 Optical Train Summary:
  Tracing rays past   5 elements.
  Aperture grid type = Circular  with   21 grid points.
  Elt   1: Reflector   : Conic    with Kc=-1.0000D+00, Kr=-2.5000D+00, nECoords =   6
  Elt   2: Reflector   : Conic    with Kc=-1.2384D+00, Kr=-4.4837D-01, nECoords =   6
  Elt   3: Reflector   : Conic    with Kc=-2.9498D+00, Kr=-2.3185D+00, nECoords =   6
  Elt   4: Reflector   : Conic    with Kc=-9.8208D-01, Kr=-9.3508D-01, nECoords =   6
  Elt   5: Reference   : Flat     with Kc= 0.0000D+00, Kr=-1.0000D+22, nECoords =   6
  Number of output coordinates is   5
  
  Aperture stop set at (global):  0.000000000D+00  0.000000000D+00  0.000000000D+00
  
  Input file /tmp/tp78cca764_ebd8_4975_a37c_4d7cd2b7e879.in being loaded.
 Default used for  SegXgrid
 Optical Train Summary:
  Tracing rays past   5 elements.
  Aperture grid type = Circular  with   21 grid points.
  Elt   1: Reflector   : Conic    with Kc=-1.0000D+00, Kr=-2.5000D+00, nECoords =   6
  Elt   2: Reflector   : Conic    with Kc=-1.2384D+00, Kr=-4.4837D-01, nECoords =   6
  Elt   3: Reflector   : Conic    with Kc=-2.9498D+00, Kr=-2.3185D+00, nECoords =   6
  Elt   4: Reflector   : Conic    with Kc=-9.8208D-01, Kr=-9.3508D-01, nECoords =   6
  Elt   5: Reference   : Flat     with Kc= 0.0000D+00, Kr=-1.0000D+22, nECoords =   6
  Number of output coordinates is   5
  
  Aperture stop set at (global):  0.000000000D+00  0.000000000D+00  0.000000000D+00
  
 OPD: Rays being traced =          277
 Compute time was    0.0000 sec
 OPD: nPassRays =     276,    DAvgCumL =  59.81819169D-01 m 
 RMS OPD error is   2.659806213D-03 m 
 P-V OPD error is   9.638758814D-03 m 
 Average OPD is     1.2204052485118867D-05 m 
  Input file /tmp/tp5aaa1514_c8bc_4665_ba05_4224d676d5ae.in being loaded.
 Default used for  SegXgrid
 Optical Train Summary:
  Tracing rays past   5 elements.
  Aperture grid type = Circular  with   21 grid points.
  Elt   1: Reflector   : Conic    with Kc=-1.0000D+00, Kr=-2.5000D+00, nECoords =   6
  Elt   2: Reflector   : Conic    with Kc=-1.2384D+00, Kr=-4.4837D-01, nECoords =   6
  Elt   3: Reflector   : Conic    with Kc=-2.9498D+00, Kr=-2.3185D+00, nECoords =   6
  Elt   4: Reflector   : Conic    with Kc=-9.8208D-01, Kr=-9.3508D-01, nECoords =   6
  Elt   5: Reference   : Flat     with Kc= 0.0000D+00, Kr=-1.0000D+22, nECoords =   6
  Number of output coordinates is   5
  
  Aperture stop set at (global):  0.000000000D+00  0.000000000D+00  0.000000000D+00
  
 OPD: Rays being traced =          277
 Compute time was    0.0000 sec
 OPD: nPassRays =     276,    DAvgCumL =  59.98538450D-01 m 
 RMS OPD error is   3.241976233D-06 m 
 P-V OPD error is   1.541906098D-05 m 
 Average OPD is    -3.5880023406739721D-06 m 
  Input file /tmp/tp78cca764_ebd8_4975_a37c_4d7cd2b7e879.in being loaded.
 Default used for  SegXgrid
 Optical Train Summary:
  Tracing rays past   5 elements.
  Aperture grid type = Circular  with   21 grid points.
  Elt   1: Reflector   : Conic    with Kc=-1.0000D+00, Kr=-2.5000D+00, nECoords =   6
  Elt   2: Reflector   : Conic    with Kc=-1.2384D+00, Kr=-4.4837D-01, nECoords =   6
  Elt   3: Reflector   : Conic    with Kc=-2.9498D+00, Kr=-2.3185D+00, nECoords =   6
  Elt   4: Reflector   : Conic    with Kc=-9.8208D-01, Kr=-9.3508D-01, nECoords =   6
  Elt   5: Reference   : Flat     with Kc= 0.0000D+00, Kr=-1.0000D+22, nECoords =   6
  Number of output coordinates is   5
  
  Aperture stop set at (global):  0.000000000D+00  0.000000000D+00  0.000000000D+00
  
  Input file /tmp/tp19b9f0a6_ff98_43a1_99c0_9f3a8792cc4d.in being loaded.
 Default used for  SegXgrid
 Optical Train Summary:
  Tracing rays past   5 elements.
  Aperture grid type = Circular  with   21 grid points.
  Elt   1: Reflector   : Conic    with Kc=-1.0000D+00, Kr=-2.5000D+00, nECoords =   6
  Elt   2: Reflector   : Conic    with Kc=-1.2384D+00, Kr=-4.4837D-01, nECoords =   6
  Elt   3: Reflector   : Conic    with Kc=-2.9498D+00, Kr=-2.3185D+00, nECoords =   6
  Elt   4: Reflector   : Conic    with Kc=-9.8208D-01, Kr=-9.3508D-01, nECoords =   6
  Elt   5: Reference   : Flat     with Kc= 0.0000D+00, Kr=-1.0000D+22, nECoords =   6
  Number of output coordinates is   5
  
  Aperture stop set at (global):  0.000000000D+00  0.000000000D+00  0.000000000D+00
  
 OPD: Rays being traced =          277
 Compute time was    0.0000 sec
 OPD: nPassRays =     276,    DAvgCumL =  59.98852017D-01 m 
 RMS OPD error is   1.539267014D-03 m 
 P-V OPD error is   6.046691308D-03 m 
 Average OPD is    -1.3329943877722286D-06 m 
  Input file /tmp/tp19b9f0a6_ff98_43a1_99c0_9f3a8792cc4d.in being loaded.
 Default used for  SegXgrid
 Optical Train Summary:
  Tracing rays past   5 elements.
  Aperture grid type = Circular  with   21 grid points.
  Elt   1: Reflector   : Conic    with Kc=-1.0000D+00, Kr=-2.5000D+00, nECoords =   6
  Elt   2: Reflector   : Conic    with Kc=-1.2384D+00, Kr=-4.4837D-01, nECoords =   6
  Elt   3: Reflector   : Conic    with Kc=-2.9498D+00, Kr=-2.3185D+00, nECoords =   6
  Elt   4: Reflector   : Conic    with Kc=-9.8208D-01, Kr=-9.3508D-01, nECoords =   6
  Elt   5: Reference   : Flat     with Kc= 0.0000D+00, Kr=-1.0000D+22, nECoords =   6
  Number of output coordinates is   5
  
  Aperture stop set at (global):  0.000000000D+00  0.000000000D+00  0.000000000D+00
  
 OPD: Rays being traced =          277
 Compute time was    0.0000 sec
 OPD: nPassRays =     276,    DAvgCumL =  59.98676069D-01 m 
 RMS OPD error is   1.083603441D-03 m 
 P-V OPD error is   3.953854239D-03 m 
 Average OPD is    -2.0128349117706659D-06 m 
  Input file /tmp/tp19b9f0a6_ff98_43a1_99c0_9f3a8792cc4d.in being loaded.
 Default used for  SegXgrid
 Optical Train Summary:
  Tracing rays past   5 elements.
  Aperture grid type = Circular  with   21 grid points.
  Elt   1: Reflector   : Conic    with Kc=-1.0000D+00, Kr=-2.5000D+00, nECoords =   6
  Elt   2: Reflector   : Conic    with Kc=-1.2384D+00, Kr=-4.4837D-01, nECoords =   6
  Elt   3: Reflector   : Conic    with Kc=-2.9498D+00, Kr=-2.3185D+00, nECoords =   6
  Elt   4: Reflector   : Conic    with Kc=-9.8208D-01, Kr=-9.3508D-01, nECoords =   6
  Elt   5: Reference   : Flat     with Kc= 0.0000D+00, Kr=-1.0000D+22, nECoords =   6
  Number of output coordinates is   5
  
  Aperture stop set at (global):  0.000000000D+00  0.000000000D+00  0.000000000D+00
  
 OPD: Rays being traced =          277
 Compute time was    0.0000 sec
 OPD: nPassRays =     276,    DAvgCumL =  59.98964288D-01 m 
 RMS OPD error is   1.533637105D-03 m 
 P-V OPD error is   6.035193710D-03 m 
 Average OPD is     1.1965707202017812D-06 m 
  Input file /tmp/tp19b9f0a6_ff98_43a1_99c0_9f3a8792cc4d.in being loaded.
 Default used for  SegXgrid
 Optical Train Summary:
  Tracing rays past   5 elements.
  Aperture grid type = Circular  with   21 grid points.
  Elt   1: Reflector   : Conic    with Kc=-1.0000D+00, Kr=-2.5000D+00, nECoords =   6
  Elt   2: Reflector   : Conic    with Kc=-1.2384D+00, Kr=-4.4837D-01, nECoords =   6
  Elt   3: Reflector   : Conic    with Kc=-2.9498D+00, Kr=-2.3185D+00, nECoords =   6
  Elt   4: Reflector   : Conic    with Kc=-9.8208D-01, Kr=-9.3508D-01, nECoords =   6
  Elt   5: Reference   : Flat     with Kc= 0.0000D+00, Kr=-1.0000D+22, nECoords =   6
  Number of output coordinates is   5
  
  Aperture stop set at (global):  0.000000000D+00  0.000000000D+00  0.000000000D+00
  
 OPD: Rays being traced =          277
 Compute time was    0.0020 sec
 OPD: nPassRays =     276,    DAvgCumL =  59.98730087D-01 m 
 RMS OPD error is   1.082573897D-03 m 
 P-V OPD error is   3.922497216D-03 m 
 Average OPD is    -2.9467810385989805D-06 m 
  Input file /tmp/tp19b9f0a6_ff98_43a1_99c0_9f3a8792cc4d.in being loaded.
 Default used for  SegXgrid
 Optical Train Summary:
  Tracing rays past   5 elements.
  Aperture grid type = Circular  with   21 grid points.
  Elt   1: Reflector   : Conic    with Kc=-1.0000D+00, Kr=-2.5000D+00, nECoords =   6
  Elt   2: Reflector   : Conic    with Kc=-1.2384D+00, Kr=-4.4837D-01, nECoords =   6
  Elt   3: Reflector   : Conic    with Kc=-2.9498D+00, Kr=-2.3185D+00, nECoords =   6
  Elt   4: Reflector   : Conic    with Kc=-9.8208D-01, Kr=-9.3508D-01, nECoords =   6
  Elt   5: Reference   : Flat     with Kc= 0.0000D+00, Kr=-1.0000D+22, nECoords =   6
  Number of output coordinates is   5
  
  Aperture stop set at (global):  0.000000000D+00  0.000000000D+00  0.000000000D+00
  
 OPD: Rays being traced =          277
 Compute time was    0.0000 sec
 OPD: nPassRays =     276,    DAvgCumL =  59.98538441D-01 m 
 RMS OPD error is   3.281999812D-06 m 
 P-V OPD error is   1.566292890D-05 m 
 Average OPD is    -3.5976877462915895D-06 m 
  Input file /tmp/tp19b9f0a6_ff98_43a1_99c0_9f3a8792cc4d.in being loaded.
 Default used for  SegXgrid
 Optical Train Summary:
  Tracing rays past   5 elements.
  Aperture grid type = Circular  with   21 grid points.
  Elt   1: Reflector   : Conic    with Kc=-1.0000D+00, Kr=-2.5000D+00, nECoords =   6
  Elt   2: Reflector   : Conic    with Kc=-1.2384D+00, Kr=-4.4837D-01, nECoords =   6
  Elt   3: Reflector   : Conic    with Kc=-2.9498D+00, Kr=-2.3185D+00, nECoords =   6
  Elt   4: Reflector   : Conic    with Kc=-9.8208D-01, Kr=-9.3508D-01, nECoords =   6
  Elt   5: Reference   : Flat     with Kc= 0.0000D+00, Kr=-1.0000D+22, nECoords =   6
  Number of output coordinates is   5
  
  Aperture stop set at (global):  0.000000000D+00  0.000000000D+00  0.000000000D+00
  
 OPD: Rays being traced =          277
 Compute time was    0.0020 sec
 OPD: nPassRays =     276,    DAvgCumL =  59.98787870D-01 m 
 RMS OPD error is   1.078899289D-03 m 
 P-V OPD error is   3.915845465D-03 m 
 Average OPD is    -4.3491874264963332D-07 m 
  Input file /tmp/tp19b9f0a6_ff98_43a1_99c0_9f3a8792cc4d.in being loaded.
 Default used for  SegXgrid
 Optical Train Summary:
  Tracing rays past   5 elements.
  Aperture grid type = Circular  with   21 grid points.
  Elt   1: Reflector   : Conic    with Kc=-1.0000D+00, Kr=-2.5000D+00, nECoords =   6
  Elt   2: Reflector   : Conic    with Kc=-1.2384D+00, Kr=-4.4837D-01, nECoords =   6
  Elt   3: Reflector   : Conic    with Kc=-2.9498D+00, Kr=-2.3185D+00, nECoords =   6
  Elt   4: Reflector   : Conic    with Kc=-9.8208D-01, Kr=-9.3508D-01, nECoords =   6
  Elt   5: Reference   : Flat     with Kc= 0.0000D+00, Kr=-1.0000D+22, nECoords =   6
  Number of output coordinates is   5
  
  Aperture stop set at (global):  0.000000000D+00  0.000000000D+00  0.000000000D+00
  
 OPD: Rays being traced =          277
 Compute time was    0.0000 sec
 OPD: nPassRays =     276,    DAvgCumL =  59.98852017D-01 m 
 RMS OPD error is   1.539267014D-03 m 
 P-V OPD error is   6.046691308D-03 m 
 Average OPD is    -1.3329943876982138D-06 m 
  Input file /tmp/tp19b9f0a6_ff98_43a1_99c0_9f3a8792cc4d.in being loaded.
 Default used for  SegXgrid
 Optical Train Summary:
  Tracing rays past   5 elements.
  Aperture grid type = Circular  with   21 grid points.
  Elt   1: Reflector   : Conic    with Kc=-1.0000D+00, Kr=-2.5000D+00, nECoords =   6
  Elt   2: Reflector   : Conic    with Kc=-1.2384D+00, Kr=-4.4837D-01, nECoords =   6
  Elt   3: Reflector   : Conic    with Kc=-2.9498D+00, Kr=-2.3185D+00, nECoords =   6
  Elt   4: Reflector   : Conic    with Kc=-9.8208D-01, Kr=-9.3508D-01, nECoords =   6
  Elt   5: Reference   : Flat     with Kc= 0.0000D+00, Kr=-1.0000D+22, nECoords =   6
  Number of output coordinates is   5
  
  Aperture stop set at (global):  0.000000000D+00  0.000000000D+00  0.000000000D+00
  
 OPD: Rays being traced =          277
 Compute time was    0.0020 sec
 OPD: nPassRays =     276,    DAvgCumL =  59.98676069D-01 m 
 RMS OPD error is   1.083603441D-03 m 
 P-V OPD error is   3.953854239D-03 m 
 Average OPD is    -2.0128349115486213D-06 m 
  Input file /tmp/tp19b9f0a6_ff98_43a1_99c0_9f3a8792cc4d.in being loaded.
 Default used for  SegXgrid
 Optical Train Summary:
  Tracing rays past   5 elements.
  Aperture grid type = Circular  with   21 grid points.
  Elt   1: Reflector   : Conic    with Kc=-1.0000D+00, Kr=-2.5000D+00, nECoords =   6
  Elt   2: Reflector   : Conic    with Kc=-1.2384D+00, Kr=-4.4837D-01, nECoords =   6
  Elt   3: Reflector   : Conic    with Kc=-2.9498D+00, Kr=-2.3185D+00, nECoords =   6
  Elt   4: Reflector   : Conic    with Kc=-9.8208D-01, Kr=-9.3508D-01, nECoords =   6
  Elt   5: Reference   : Flat     with Kc= 0.0000D+00, Kr=-1.0000D+22, nECoords =   6
  Number of output coordinates is   5
  
  Aperture stop set at (global):  0.000000000D+00  0.000000000D+00  0.000000000D+00
  
 OPD: Rays being traced =          277
 Compute time was    0.0000 sec
 OPD: nPassRays =     276,    DAvgCumL =  59.98964288D-01 m 
 RMS OPD error is   1.533637105D-03 m 
 P-V OPD error is   6.035193710D-03 m 
 Average OPD is     1.1965707202243077D-06 m 
  Input file /tmp/tp78cca764_ebd8_4975_a37c_4d7cd2b7e879.in being loaded.
 Default used for  SegXgrid
 Optical Train Summary:
  Tracing rays past   5 elements.
  Aperture grid type = Circular  with   21 grid points.
  Elt   1: Reflector   : Conic    with Kc=-1.0000D+00, Kr=-2.5000D+00, nECoords =   6
  Elt   2: Reflector   : Conic    with Kc=-1.2384D+00, Kr=-4.4837D-01, nECoords =   6
  Elt   3: Reflector   : Conic    with Kc=-2.9498D+00, Kr=-2.3185D+00, nECoords =   6
  Elt   4: Reflector   : Conic    with Kc=-9.8208D-01, Kr=-9.3508D-01, nECoords =   6
  Elt   5: Reference   : Flat     with Kc= 0.0000D+00, Kr=-1.0000D+22, nECoords =   6
  Number of output coordinates is   5
  
  Aperture stop set at (global):  0.000000000D+00  0.000000000D+00  0.000000000D+00
  
  Input file /tmp/tpe48118e4_f23b_4e97_9fe6_1421071590f5.in being loaded.
 Default used for  SegXgrid
 Optical Train Summary:
  Tracing rays past   5 elements.
  Aperture grid type = Circular  with   21 grid points.
  Elt   1: Reflector   : Conic    with Kc=-1.0000D+00, Kr=-2.5000D+00, nECoords =   6
  Elt   2: Reflector   : Conic    with Kc=-1.2384D+00, Kr=-4.4837D-01, nECoords =   6
  Elt   3: Reflector   : Conic    with Kc=-2.9498D+00, Kr=-2.3185D+00, nECoords =   6
  Elt   4: Reflector   : Conic    with Kc=-9.8208D-01, Kr=-9.3508D-01, nECoords =   6
  Elt   5: Reference   : Flat     with Kc= 0.0000D+00, Kr=-1.0000D+22, nECoords =   6
  Number of output coordinates is   5
  
  Aperture stop set at (global):  0.000000000D+00  0.000000000D+00  0.000000000D+00
  
 OPD: Rays being traced =          277
 Compute time was    0.0000 sec
 OPD: nPassRays =     276,    DAvgCumL =  59.98852017D-01 m 
 RMS OPD error is   1.539267014D-03 m 
 P-V OPD error is   6.046691308D-03 m 
 Average OPD is    -1.3329943877722286D-06 m 
  Input file /tmp/tpe48118e4_f23b_4e97_9fe6_1421071590f5.in being loaded.
 Default used for  SegXgrid
 Optical Train Summary:
  Tracing rays past   5 elements.
  Aperture grid type = Circular  with   21 grid points.
  Elt   1: Reflector   : Conic    with Kc=-1.0000D+00, Kr=-2.5000D+00, nECoords =   6
  Elt   2: Reflector   : Conic    with Kc=-1.2384D+00, Kr=-4.4837D-01, nECoords =   6
  Elt   3: Reflector   : Conic    with Kc=-2.9498D+00, Kr=-2.3185D+00, nECoords =   6
  Elt   4: Reflector   : Conic    with Kc=-9.8208D-01, Kr=-9.3508D-01, nECoords =   6
  Elt   5: Reference   : Flat     with Kc= 0.0000D+00, Kr=-1.0000D+22, nECoords =   6
  Number of output coordinates is   5
  
  Aperture stop set at (global):  0.000000000D+00  0.000000000D+00  0.000000000D+00
  
 OPD: Rays being traced =          277
 Compute time was    0.0000 sec
 OPD: nPassRays =     276,    DAvgCumL =  59.98676069D-01 m 
 RMS OPD error is   1.083603441D-03 m 
 P-V OPD error is   3.953854239D-03 m 
 Average OPD is    -2.0128349117706659D-06 m 
  Input file /tmp/tpe48118e4_f23b_4e97_9fe6_1421071590f5.in being loaded.
 Default used for  SegXgrid
 Optical Train Summary:
  Tracing rays past   5 elements.
  Aperture grid type = Circular  with   21 grid points.
  Elt   1: Reflector   : Conic    with Kc=-1.0000D+00, Kr=-2.5000D+00, nECoords =   6
  Elt   2: Reflector   : Conic    with Kc=-1.2384D+00, Kr=-4.4837D-01, nECoords =   6
  Elt   3: Reflector   : Conic    with Kc=-2.9498D+00, Kr=-2.3185D+00, nECoords =   6
  Elt   4: Reflector   : Conic    with Kc=-9.8208D-01, Kr=-9.3508D-01, nECoords =   6
  Elt   5: Reference   : Flat     with Kc= 0.0000D+00, Kr=-1.0000D+22, nECoords =   6
  Number of output coordinates is   5
  
  Aperture stop set at (global):  0.000000000D+00  0.000000000D+00  0.000000000D+00
  
 OPD: Rays being traced =          277
 Compute time was    0.0000 sec
 OPD: nPassRays =     276,    DAvgCumL =  59.98964288D-01 m 
 RMS OPD error is   1.533637105D-03 m 
 P-V OPD error is   6.035193710D-03 m 
 Average OPD is     1.1965707202017812D-06 m 
  Input file /tmp/tpe48118e4_f23b_4e97_9fe6_1421071590f5.in being loaded.
 Default used for  SegXgrid
 Optical Train Summary:
  Tracing rays past   5 elements.
  Aperture grid type = Circular  with   21 grid points.
  Elt   1: Reflector   : Conic    with Kc=-1.0000D+00, Kr=-2.5000D+00, nECoords =   6
  Elt   2: Reflector   : Conic    with Kc=-1.2384D+00, Kr=-4.4837D-01, nECoords =   6
  Elt   3: Reflector   : Conic    with Kc=-2.9498D+00, Kr=-2.3185D+00, nECoords =   6
  Elt   4: Reflector   : Conic    with Kc=-9.8208D-01, Kr=-9.3508D-01, nECoords =   6
  Elt   5: Reference   : Flat     with Kc= 0.0000D+00, Kr=-1.0000D+22, nECoords =   6
  Number of output coordinates is   5
  
  Aperture stop set at (global):  0.000000000D+00  0.000000000D+00  0.000000000D+00
  
 OPD: Rays being traced =          277
 Compute time was    0.0020 sec
 OPD: nPassRays =     276,    DAvgCumL =  59.98730087D-01 m 
 RMS OPD error is   1.082573897D-03 m 
 P-V OPD error is   3.922497216D-03 m 
 Average OPD is    -2.9467810385989805D-06 m 
  Input file /tmp/tpe48118e4_f23b_4e97_9fe6_1421071590f5.in being loaded.
 Default used for  SegXgrid
 Optical Train Summary:
  Tracing rays past   5 elements.
  Aperture grid type = Circular  with   21 grid points.
  Elt   1: Reflector   : Conic    with Kc=-1.0000D+00, Kr=-2.5000D+00, nECoords =   6
  Elt   2: Reflector   : Conic    with Kc=-1.2384D+00, Kr=-4.4837D-01, nECoords =   6
  Elt   3: Reflector   : Conic    with Kc=-2.9498D+00, Kr=-2.3185D+00, nECoords =   6
  Elt   4: Reflector   : Conic    with Kc=-9.8208D-01, Kr=-9.3508D-01, nECoords =   6
  Elt   5: Reference   : Flat     with Kc= 0.0000D+00, Kr=-1.0000D+22, nECoords =   6
  Number of output coordinates is   5
  
  Aperture stop set at (global):  0.000000000D+00  0.000000000D+00  0.000000000D+00
  
 OPD: Rays being traced =          277
 Compute time was    0.0000 sec
 OPD: nPassRays =     276,    DAvgCumL =  59.98538441D-01 m 
 RMS OPD error is   3.281999812D-06 m 
 P-V OPD error is   1.566292890D-05 m 
 Average OPD is    -3.5976877462915895D-06 m 
  Input file /tmp/tpe48118e4_f23b_4e97_9fe6_1421071590f5.in being loaded.
 Default used for  SegXgrid
 Optical Train Summary:
  Tracing rays past   5 elements.
  Aperture grid type = Circular  with   21 grid points.
  Elt   1: Reflector   : Conic    with Kc=-1.0000D+00, Kr=-2.5000D+00, nECoords =   6
  Elt   2: Reflector   : Conic    with Kc=-1.2384D+00, Kr=-4.4837D-01, nECoords =   6
  Elt   3: Reflector   : Conic    with Kc=-2.9498D+00, Kr=-2.3185D+00, nECoords =   6
  Elt   4: Reflector   : Conic    with Kc=-9.8208D-01, Kr=-9.3508D-01, nECoords =   6
  Elt   5: Reference   : Flat     with Kc= 0.0000D+00, Kr=-1.0000D+22, nECoords =   6
  Number of output coordinates is   5
  
  Aperture stop set at (global):  0.000000000D+00  0.000000000D+00  0.000000000D+00
  
 OPD: Rays being traced =          277
 Compute time was    0.0000 sec
 OPD: nPassRays =     276,    DAvgCumL =  59.98787870D-01 m 
 RMS OPD error is   1.078899289D-03 m 
 P-V OPD error is   3.915845465D-03 m 
 Average OPD is    -4.3491874264963332D-07 m 
  Input file /tmp/tpe48118e4_f23b_4e97_9fe6_1421071590f5.in being loaded.
 Default used for  SegXgrid
 Optical Train Summary:
  Tracing rays past   5 elements.
  Aperture grid type = Circular  with   21 grid points.
  Elt   1: Reflector   : Conic    with Kc=-1.0000D+00, Kr=-2.5000D+00, nECoords =   6
  Elt   2: Reflector   : Conic    with Kc=-1.2384D+00, Kr=-4.4837D-01, nECoords =   6
  Elt   3: Reflector   : Conic    with Kc=-2.9498D+00, Kr=-2.3185D+00, nECoords =   6
  Elt   4: Reflector   : Conic    with Kc=-9.8208D-01, Kr=-9.3508D-01, nECoords =   6
  Elt   5: Reference   : Flat     with Kc= 0.0000D+00, Kr=-1.0000D+22, nECoords =   6
  Number of output coordinates is   5
  
  Aperture stop set at (global):  0.000000000D+00  0.000000000D+00  0.000000000D+00
  
 OPD: Rays being traced =          277
 Compute time was    0.0000 sec
 OPD: nPassRays =     276,    DAvgCumL =  59.98852017D-01 m 
 RMS OPD error is   1.539267014D-03 m 
 P-V OPD error is   6.046691308D-03 m 
 Average OPD is    -1.3329943876982138D-06 m 
  Input file /tmp/tpe48118e4_f23b_4e97_9fe6_1421071590f5.in being loaded.
 Default used for  SegXgrid
 Optical Train Summary:
  Tracing rays past   5 elements.
  Aperture grid type = Circular  with   21 grid points.
  Elt   1: Reflector   : Conic    with Kc=-1.0000D+00, Kr=-2.5000D+00, nECoords =   6
  Elt   2: Reflector   : Conic    with Kc=-1.2384D+00, Kr=-4.4837D-01, nECoords =   6
  Elt   3: Reflector   : Conic    with Kc=-2.9498D+00, Kr=-2.3185D+00, nECoords =   6
  Elt   4: Reflector   : Conic    with Kc=-9.8208D-01, Kr=-9.3508D-01, nECoords =   6
  Elt   5: Reference   : Flat     with Kc= 0.0000D+00, Kr=-1.0000D+22, nECoords =   6
  Number of output coordinates is   5
  
  Aperture stop set at (global):  0.000000000D+00  0.000000000D+00  0.000000000D+00
  
 OPD: Rays being traced =          277
 Compute time was    0.0020 sec
 OPD: nPassRays =     276,    DAvgCumL =  59.98676069D-01 m 
 RMS OPD error is   1.083603441D-03 m 
 P-V OPD error is   3.953854239D-03 m 
 Average OPD is    -2.0128349115486213D-06 m 
  Input file /tmp/tpe48118e4_f23b_4e97_9fe6_1421071590f5.in being loaded.
 Default used for  SegXgrid
 Optical Train Summary:
  Tracing rays past   5 elements.
  Aperture grid type = Circular  with   21 grid points.
  Elt   1: Reflector   : Conic    with Kc=-1.0000D+00, Kr=-2.5000D+00, nECoords =   6
  Elt   2: Reflector   : Conic    with Kc=-1.2384D+00, Kr=-4.4837D-01, nECoords =   6
  Elt   3: Reflector   : Conic    with Kc=-2.9498D+00, Kr=-2.3185D+00, nECoords =   6
  Elt   4: Reflector   : Conic    with Kc=-9.8208D-01, Kr=-9.3508D-01, nECoords =   6
  Elt   5: Reference   : Flat     with Kc= 0.0000D+00, Kr=-1.0000D+22, nECoords =   6
  Number of output coordinates is   5
  
  Aperture stop set at (global):  0.000000000D+00  0.000000000D+00  0.000000000D+00
  
 OPD: Rays being traced =          277
 Compute time was    0.0020 sec
 OPD: nPassRays =     276,    DAvgCumL =  59.98964288D-01 m 
 RMS OPD error is   1.533637105D-03 m 
 P-V OPD error is   6.035193710D-03 m 
 Average OPD is     1.1965707202243077D-06 m 
  Input file /tmp/tp9cd3ac1a_3cad_4496_ad78_735a1f01c60d.in being loaded.
 Default used for  SegXgrid
 Optical Train Summary:
  Tracing rays past   5 elements.
  Aperture grid type = Circular  with   21 grid points.
  Elt   1: Reflector   : Conic    with Kc=-1.0000D+00, Kr=-2.5000D+00, nECoords =   6
  Elt   2: Reflector   : Conic    with Kc=-1.2384D+00, Kr=-4.4837D-01, nECoords =   6
  Elt   3: Reflector   : Conic    with Kc=-2.9498D+00, Kr=-2.3185D+00, nECoords =   6
  Elt   4: Reflector   : Conic    with Kc=-9.8208D-01, Kr=-9.3508D-01, nECoords =   6
  Elt   5: Reference   : Flat     with Kc= 0.0000D+00, Kr=-1.0000D+22, nECoords =   6
  Number of output coordinates is   5
  
  Aperture stop set at (global):  0.000000000D+00  0.000000000D+00  0.000000000D+00
  
 OPD: Rays being traced =          277
 Compute time was    0.0000 sec
 OPD: nPassRays =     276,    DAvgCumL =  12.67617349D-01 m 
 RMS OPD error is   1.419742281D-02 m 
 P-V OPD error is   5.167010635D-02 m 
 Average OPD is    -2.4333968567545973D-02 m 
 OPD: Rays being traced =          277
 Compute time was    0.0020 sec
 OPD: nPassRays =     276,    DAvgCumL =  59.98852017D-01 m 
 RMS OPD error is   1.539267014D-03 m 
 P-V OPD error is   6.046691308D-03 m 
 Average OPD is    -1.3329943877722286D-06 m 
  Input file /tmp/tp9cd3ac1a_3cad_4496_ad78_735a1f01c60d.in being loaded.
 Default used for  SegXgrid
 Optical Train Summary:
  Tracing rays past   5 elements.
  Aperture grid type = Circular  with   21 grid points.
  Elt   1: Reflector   : Conic    with Kc=-1.0000D+00, Kr=-2.5000D+00, nECoords =   6
  Elt   2: Reflector   : Conic    with Kc=-1.2384D+00, Kr=-4.4837D-01, nECoords =   6
  Elt   3: Reflector   : Conic    with Kc=-2.9498D+00, Kr=-2.3185D+00, nECoords =   6
  Elt   4: Reflector   : Conic    with Kc=-9.8208D-01, Kr=-9.3508D-01, nECoords =   6
  Elt   5: Reference   : Flat     with Kc= 0.0000D+00, Kr=-1.0000D+22, nECoords =   6
  Number of output coordinates is   5
  
  Aperture stop set at (global):  0.000000000D+00  0.000000000D+00  0.000000000D+00
  
 OPD: Rays being traced =          277
 Compute time was    0.0000 sec
 OPD: nPassRays =     276,    DAvgCumL =  12.67615554D-01 m 
 RMS OPD error is   1.435720682D-02 m 
 P-V OPD error is   5.354549631D-02 m 
 Average OPD is    -2.4335763510063335D-02 m 
 OPD: Rays being traced =          277
 Compute time was    0.0020 sec
 OPD: nPassRays =     276,    DAvgCumL =  59.98676069D-01 m 
 RMS OPD error is   1.083603441D-03 m 
 P-V OPD error is   3.953854239D-03 m 
 Average OPD is    -2.0128349117706659D-06 m 
  Input file /tmp/tp9cd3ac1a_3cad_4496_ad78_735a1f01c60d.in being loaded.
 Default used for  SegXgrid
 Optical Train Summary:
  Tracing rays past   5 elements.
  Aperture grid type = Circular  with   21 grid points.
  Elt   1: Reflector   : Conic    with Kc=-1.0000D+00, Kr=-2.5000D+00, nECoords =   6
  Elt   2: Reflector   : Conic    with Kc=-1.2384D+00, Kr=-4.4837D-01, nECoords =   6
  Elt   3: Reflector   : Conic    with Kc=-2.9498D+00, Kr=-2.3185D+00, nECoords =   6
  Elt   4: Reflector   : Conic    with Kc=-9.8208D-01, Kr=-9.3508D-01, nECoords =   6
  Elt   5: Reference   : Flat     with Kc= 0.0000D+00, Kr=-1.0000D+22, nECoords =   6
  Number of output coordinates is   5
  
  Aperture stop set at (global):  0.000000000D+00  0.000000000D+00  0.000000000D+00
  
 OPD: Rays being traced =          277
 Compute time was    0.0020 sec
 OPD: nPassRays =     276,    DAvgCumL =  12.67612814D-01 m 
 RMS OPD error is   1.459774741D-02 m 
 P-V OPD error is   5.542322854D-02 m 
 Average OPD is    -2.4338503573907874D-02 m 
 OPD: Rays being traced =          277
 Compute time was    0.0000 sec
 OPD: nPassRays =     276,    DAvgCumL =  59.98964288D-01 m 
 RMS OPD error is   1.533637105D-03 m 
 P-V OPD error is   6.035193710D-03 m 
 Average OPD is     1.1965707202017812D-06 m 
  Input file /tmp/tp9cd3ac1a_3cad_4496_ad78_735a1f01c60d.in being loaded.
 Default used for  SegXgrid
 Optical Train Summary:
  Tracing rays past   5 elements.
  Aperture grid type = Circular  with   21 grid points.
  Elt   1: Reflector   : Conic    with Kc=-1.0000D+00, Kr=-2.5000D+00, nECoords =   6
  Elt   2: Reflector   : Conic    with Kc=-1.2384D+00, Kr=-4.4837D-01, nECoords =   6
  Elt   3: Reflector   : Conic    with Kc=-2.9498D+00, Kr=-2.3185D+00, nECoords =   6
  Elt   4: Reflector   : Conic    with Kc=-9.8208D-01, Kr=-9.3508D-01, nECoords =   6
  Elt   5: Reference   : Flat     with Kc= 0.0000D+00, Kr=-1.0000D+22, nECoords =   6
  Number of output coordinates is   5
  
  Aperture stop set at (global):  0.000000000D+00  0.000000000D+00  0.000000000D+00
  
 OPD: Rays being traced =          277
 Compute time was    0.0000 sec
 OPD: nPassRays =     276,    DAvgCumL =  12.67617821D-01 m 
 RMS OPD error is   1.415507687D-02 m 
 P-V OPD error is   5.026587765D-02 m 
 Average OPD is    -2.4333496244226250D-02 m 
 OPD: Rays being traced =          277
 Compute time was    0.0020 sec
 OPD: nPassRays =     276,    DAvgCumL =  59.98730087D-01 m 
 RMS OPD error is   1.082573897D-03 m 
 P-V OPD error is   3.922497216D-03 m 
 Average OPD is    -2.9467810385989805D-06 m 
  Input file /tmp/tp9cd3ac1a_3cad_4496_ad78_735a1f01c60d.in being loaded.
 Default used for  SegXgrid
 Optical Train Summary:
  Tracing rays past   5 elements.
  Aperture grid type = Circular  with   21 grid points.
  Elt   1: Reflector   : Conic    with Kc=-1.0000D+00, Kr=-2.5000D+00, nECoords =   6
  Elt   2: Reflector   : Conic    with Kc=-1.2384D+00, Kr=-4.4837D-01, nECoords =   6
  Elt   3: Reflector   : Conic    with Kc=-2.9498D+00, Kr=-2.3185D+00, nECoords =   6
  Elt   4: Reflector   : Conic    with Kc=-9.8208D-01, Kr=-9.3508D-01, nECoords =   6
  Elt   5: Reference   : Flat     with Kc= 0.0000D+00, Kr=-1.0000D+22, nECoords =   6
  Number of output coordinates is   5
  
  Aperture stop set at (global):  0.000000000D+00  0.000000000D+00  0.000000000D+00
  
 OPD: Rays being traced =          277
 Compute time was    0.0000 sec
 OPD: nPassRays =     276,    DAvgCumL =  12.67616026D-01 m 
 RMS OPD error is   1.431532715D-02 m 
 P-V OPD error is   5.214032665D-02 m 
 Average OPD is    -2.4335291107282032D-02 m 
 OPD: Rays being traced =          277
 Compute time was    0.0020 sec
 OPD: nPassRays =     276,    DAvgCumL =  59.98538441D-01 m 
 RMS OPD error is   3.281999812D-06 m 
 P-V OPD error is   1.566292890D-05 m 
 Average OPD is    -3.5976877462915895D-06 m 
  Input file /tmp/tp9cd3ac1a_3cad_4496_ad78_735a1f01c60d.in being loaded.
 Default used for  SegXgrid
 Optical Train Summary:
  Tracing rays past   5 elements.
  Aperture grid type = Circular  with   21 grid points.
  Elt   1: Reflector   : Conic    with Kc=-1.0000D+00, Kr=-2.5000D+00, nECoords =   6
  Elt   2: Reflector   : Conic    with Kc=-1.2384D+00, Kr=-4.4837D-01, nECoords =   6
  Elt   3: Reflector   : Conic    with Kc=-2.9498D+00, Kr=-2.3185D+00, nECoords =   6
  Elt   4: Reflector   : Conic    with Kc=-9.8208D-01, Kr=-9.3508D-01, nECoords =   6
  Elt   5: Reference   : Flat     with Kc= 0.0000D+00, Kr=-1.0000D+22, nECoords =   6
  Number of output coordinates is   5
  
  Aperture stop set at (global):  0.000000000D+00  0.000000000D+00  0.000000000D+00
  
 OPD: Rays being traced =          277
 Compute time was    0.0000 sec
 OPD: nPassRays =     276,    DAvgCumL =  12.67613286D-01 m 
 RMS OPD error is   1.455655019D-02 m 
 P-V OPD error is   5.401711476D-02 m 
 Average OPD is    -2.4338031049812140D-02 m 
 OPD: Rays being traced =          277
 Compute time was    0.0000 sec
 OPD: nPassRays =     276,    DAvgCumL =  59.98787870D-01 m 
 RMS OPD error is   1.078899289D-03 m 
 P-V OPD error is   3.915845465D-03 m 
 Average OPD is    -4.3491874264963332D-07 m 
  Input file /tmp/tp9cd3ac1a_3cad_4496_ad78_735a1f01c60d.in being loaded.
 Default used for  SegXgrid
 Optical Train Summary:
  Tracing rays past   5 elements.
  Aperture grid type = Circular  with   21 grid points.
  Elt   1: Reflector   : Conic    with Kc=-1.0000D+00, Kr=-2.5000D+00, nECoords =   6
  Elt   2: Reflector   : Conic    with Kc=-1.2384D+00, Kr=-4.4837D-01, nECoords =   6
  Elt   3: Reflector   : Conic    with Kc=-2.9498D+00, Kr=-2.3185D+00, nECoords =   6
  Elt   4: Reflector   : Conic    with Kc=-9.8208D-01, Kr=-9.3508D-01, nECoords =   6
  Elt   5: Reference   : Flat     with Kc= 0.0000D+00, Kr=-1.0000D+22, nECoords =   6
  Number of output coordinates is   5
  
  Aperture stop set at (global):  0.000000000D+00  0.000000000D+00  0.000000000D+00
  
 OPD: Rays being traced =          277
 Compute time was    0.0000 sec
 OPD: nPassRays =     276,    DAvgCumL =  12.67617349D-01 m 
 RMS OPD error is   1.419742281D-02 m 
 P-V OPD error is   5.167010635D-02 m 
 Average OPD is    -2.4333968567545970D-02 m 
 OPD: Rays being traced =          277
 Compute time was    0.0000 sec
 OPD: nPassRays =     276,    DAvgCumL =  59.98852017D-01 m 
 RMS OPD error is   1.539267014D-03 m 
 P-V OPD error is   6.046691308D-03 m 
 Average OPD is    -1.3329943876982138D-06 m 
  Input file /tmp/tp9cd3ac1a_3cad_4496_ad78_735a1f01c60d.in being loaded.
 Default used for  SegXgrid
 Optical Train Summary:
  Tracing rays past   5 elements.
  Aperture grid type = Circular  with   21 grid points.
  Elt   1: Reflector   : Conic    with Kc=-1.0000D+00, Kr=-2.5000D+00, nECoords =   6
  Elt   2: Reflector   : Conic    with Kc=-1.2384D+00, Kr=-4.4837D-01, nECoords =   6
  Elt   3: Reflector   : Conic    with Kc=-2.9498D+00, Kr=-2.3185D+00, nECoords =   6
  Elt   4: Reflector   : Conic    with Kc=-9.8208D-01, Kr=-9.3508D-01, nECoords =   6
  Elt   5: Reference   : Flat     with Kc= 0.0000D+00, Kr=-1.0000D+22, nECoords =   6
  Number of output coordinates is   5
  
  Aperture stop set at (global):  0.000000000D+00  0.000000000D+00  0.000000000D+00
  
 OPD: Rays being traced =          277
 Compute time was    0.0000 sec
 OPD: nPassRays =     276,    DAvgCumL =  12.67615554D-01 m 
 RMS OPD error is   1.435720682D-02 m 
 P-V OPD error is   5.354549631D-02 m 
 Average OPD is    -2.4335763510063356D-02 m 
 OPD: Rays being traced =          277
 Compute time was    0.0020 sec
 OPD: nPassRays =     276,    DAvgCumL =  59.98676069D-01 m 
 RMS OPD error is   1.083603441D-03 m 
 P-V OPD error is   3.953854239D-03 m 
 Average OPD is    -2.0128349115486213D-06 m 
  Input file /tmp/tp9cd3ac1a_3cad_4496_ad78_735a1f01c60d.in being loaded.
 Default used for  SegXgrid
 Optical Train Summary:
  Tracing rays past   5 elements.
  Aperture grid type = Circular  with   21 grid points.
  Elt   1: Reflector   : Conic    with Kc=-1.0000D+00, Kr=-2.5000D+00, nECoords =   6
  Elt   2: Reflector   : Conic    with Kc=-1.2384D+00, Kr=-4.4837D-01, nECoords =   6
  Elt   3: Reflector   : Conic    with Kc=-2.9498D+00, Kr=-2.3185D+00, nECoords =   6
  Elt   4: Reflector   : Conic    with Kc=-9.8208D-01, Kr=-9.3508D-01, nECoords =   6
  Elt   5: Reference   : Flat     with Kc= 0.0000D+00, Kr=-1.0000D+22, nECoords =   6
  Number of output coordinates is   5
  
  Aperture stop set at (global):  0.000000000D+00  0.000000000D+00  0.000000000D+00
  
 OPD: Rays being traced =          277
 Compute time was    0.0000 sec
 OPD: nPassRays =     276,    DAvgCumL =  12.67612814D-01 m 
 RMS OPD error is   1.459774741D-02 m 
 P-V OPD error is   5.542322854D-02 m 
 Average OPD is    -2.4338503573907880D-02 m 
 OPD: Rays being traced =          277
 Compute time was    0.0000 sec
 OPD: nPassRays =     276,    DAvgCumL =  59.98964288D-01 m 
 RMS OPD error is   1.533637105D-03 m 
 P-V OPD error is   6.035193710D-03 m 
 Average OPD is     1.1965707202243077D-06 m 
  Input file /tmp/tp78cca764_ebd8_4975_a37c_4d7cd2b7e879.in being loaded.
 Default used for  SegXgrid
 Optical Train Summary:
  Tracing rays past   5 elements.
  Aperture grid type = Circular  with   21 grid points.
  Elt   1: Reflector   : Conic    with Kc=-1.0000D+00, Kr=-2.5000D+00, nECoords =   6
  Elt   2: Reflector   : Conic    with Kc=-1.2384D+00, Kr=-4.4837D-01, nECoords =   6
  Elt   3: Reflector   : Conic    with Kc=-2.9498D+00, Kr=-2.3187D+00, nECoords =   6
  Elt   4: Reflector   : Conic    with Kc=-9.8208D-01, Kr=-9.3487D-01, nECoords =   6
  Elt   5: Reference   : Flat     with Kc= 0.0000D+00, Kr=-1.0000D+22, nECoords =   6
  Number of output coordinates is   5
  
  Aperture stop set at (global):  0.000000000D+00  0.000000000D+00  0.000000000D+00
  
  Input file /tmp/tp78cca764_ebd8_4975_a37c_4d7cd2b7e879.in being loaded.
 Default used for  SegXgrid
 Optical Train Summary:
  Tracing rays past   5 elements.
  Aperture grid type = Circular  with   21 grid points.
  Elt   1: Reflector   : Conic    with Kc=-1.0000D+00, Kr=-2.5000D+00, nECoords =   6
  Elt   2: Reflector   : Conic    with Kc=-1.2384D+00, Kr=-4.4837D-01, nECoords =   6
  Elt   3: Reflector   : Conic    with Kc=-2.9498D+00, Kr=-2.3187D+00, nECoords =   6
  Elt   4: Reflector   : Conic    with Kc=-9.8208D-01, Kr=-9.3487D-01, nECoords =   6
  Elt   5: Reference   : Flat     with Kc= 0.0000D+00, Kr=-1.0000D+22, nECoords =   6
  Number of output coordinates is   5
  
  Aperture stop set at (global):  0.000000000D+00  0.000000000D+00  0.000000000D+00
  
 OPD: Rays being traced =          277
 Compute time was    0.0000 sec
 OPD: nPassRays =     276,    DAvgCumL =  59.80952362D-01 m 
 RMS OPD error is   2.659834778D-03 m 
 P-V OPD error is   9.638868931D-03 m 
 Average OPD is     1.2207199537924016D-05 m 
  Input file /tmp/tpcebe7817_809d_4580_852b_940955e2aaa8.in being loaded.
 Default used for  SegXgrid
 Optical Train Summary:
  Tracing rays past   5 elements.
  Aperture grid type = Circular  with   21 grid points.
  Elt   1: Reflector   : Conic    with Kc=-1.0000D+00, Kr=-2.5000D+00, nECoords =   6
  Elt   2: Reflector   : Conic    with Kc=-1.2384D+00, Kr=-4.4837D-01, nECoords =   6
  Elt   3: Reflector   : Conic    with Kc=-2.9498D+00, Kr=-2.3187D+00, nECoords =   6
  Elt   4: Reflector   : Conic    with Kc=-9.8208D-01, Kr=-9.3487D-01, nECoords =   6
  Elt   5: Reference   : Flat     with Kc= 0.0000D+00, Kr=-1.0000D+22, nECoords =   6
  Number of output coordinates is   5
  
  Aperture stop set at (global):  0.000000000D+00  0.000000000D+00  0.000000000D+00
  
 OPD: Rays being traced =          277
 Compute time was    0.0000 sec
 OPD: nPassRays =     276,    DAvgCumL =  59.97671379D-01 m 
 RMS OPD error is   3.241887176D-06 m 
 P-V OPD error is   1.542718890D-05 m 
 Average OPD is    -3.5817843014632320D-06 m 
  Input file /tmp/tp78cca764_ebd8_4975_a37c_4d7cd2b7e879.in being loaded.
 Default used for  SegXgrid
 Optical Train Summary:
  Tracing rays past   5 elements.
  Aperture grid type = Circular  with   21 grid points.
  Elt   1: Reflector   : Conic    with Kc=-1.0000D+00, Kr=-2.5000D+00, nECoords =   6
  Elt   2: Reflector   : Conic    with Kc=-1.2384D+00, Kr=-4.4837D-01, nECoords =   6
  Elt   3: Reflector   : Conic    with Kc=-2.9498D+00, Kr=-2.3187D+00, nECoords =   6
  Elt   4: Reflector   : Conic    with Kc=-9.8208D-01, Kr=-9.3487D-01, nECoords =   6
  Elt   5: Reference   : Flat     with Kc= 0.0000D+00, Kr=-1.0000D+22, nECoords =   6
  Number of output coordinates is   5
  
  Aperture stop set at (global):  0.000000000D+00  0.000000000D+00  0.000000000D+00
  
  Input file /tmp/tp5d2a17fc_1563_41d9_a4c5_97ef936e9610.in being loaded.
 Default used for  SegXgrid
 Optical Train Summary:
  Tracing rays past   5 elements.
  Aperture grid type = Circular  with   21 grid points.
  Elt   1: Reflector   : Conic    with Kc=-1.0000D+00, Kr=-2.5000D+00, nECoords =   6
  Elt   2: Reflector   : Conic    with Kc=-1.2384D+00, Kr=-4.4837D-01, nECoords =   6
  Elt   3: Reflector   : Conic    with Kc=-2.9498D+00, Kr=-2.3187D+00, nECoords =   6
  Elt   4: Reflector   : Conic    with Kc=-9.8208D-01, Kr=-9.3487D-01, nECoords =   6
  Elt   5: Reference   : Flat     with Kc= 0.0000D+00, Kr=-1.0000D+22, nECoords =   6
  Number of output coordinates is   5
  
  Aperture stop set at (global):  0.000000000D+00  0.000000000D+00  0.000000000D+00
  
 OPD: Rays being traced =          277
 Compute time was    0.0000 sec
 OPD: nPassRays =     276,    DAvgCumL =  59.97984966D-01 m 
 RMS OPD error is   1.539267826D-03 m 
 P-V OPD error is   6.046693828D-03 m 
 Average OPD is    -1.3276127609822939D-06 m 
  Input file /tmp/tp5d2a17fc_1563_41d9_a4c5_97ef936e9610.in being loaded.
 Default used for  SegXgrid
 Optical Train Summary:
  Tracing rays past   5 elements.
  Aperture grid type = Circular  with   21 grid points.
  Elt   1: Reflector   : Conic    with Kc=-1.0000D+00, Kr=-2.5000D+00, nECoords =   6
  Elt   2: Reflector   : Conic    with Kc=-1.2384D+00, Kr=-4.4837D-01, nECoords =   6
  Elt   3: Reflector   : Conic    with Kc=-2.9498D+00, Kr=-2.3187D+00, nECoords =   6
  Elt   4: Reflector   : Conic    with Kc=-9.8208D-01, Kr=-9.3487D-01, nECoords =   6
  Elt   5: Reference   : Flat     with Kc= 0.0000D+00, Kr=-1.0000D+22, nECoords =   6
  Number of output coordinates is   5
  
  Aperture stop set at (global):  0.000000000D+00  0.000000000D+00  0.000000000D+00
  
 OPD: Rays being traced =          277
 Compute time was    0.0000 sec
 OPD: nPassRays =     276,    DAvgCumL =  59.97809026D-01 m 
 RMS OPD error is   1.083607838D-03 m 
 P-V OPD error is   3.953863711D-03 m 
 Average OPD is    -2.0063800764956876D-06 m 
  Input file /tmp/tp5d2a17fc_1563_41d9_a4c5_97ef936e9610.in being loaded.
 Default used for  SegXgrid
 Optical Train Summary:
  Tracing rays past   5 elements.
  Aperture grid type = Circular  with   21 grid points.
  Elt   1: Reflector   : Conic    with Kc=-1.0000D+00, Kr=-2.5000D+00, nECoords =   6
  Elt   2: Reflector   : Conic    with Kc=-1.2384D+00, Kr=-4.4837D-01, nECoords =   6
  Elt   3: Reflector   : Conic    with Kc=-2.9498D+00, Kr=-2.3187D+00, nECoords =   6
  Elt   4: Reflector   : Conic    with Kc=-9.8208D-01, Kr=-9.3487D-01, nECoords =   6
  Elt   5: Reference   : Flat     with Kc= 0.0000D+00, Kr=-1.0000D+22, nECoords =   6
  Number of output coordinates is   5
  
  Aperture stop set at (global):  0.000000000D+00  0.000000000D+00  0.000000000D+00
  
 OPD: Rays being traced =          277
 Compute time was    0.0020 sec
 OPD: nPassRays =     276,    DAvgCumL =  59.98097242D-01 m 
 RMS OPD error is   1.533658330D-03 m 
 P-V OPD error is   6.035282980D-03 m 
 Average OPD is     1.2050707838627650D-06 m 
  Input file /tmp/tp5d2a17fc_1563_41d9_a4c5_97ef936e9610.in being loaded.
 Default used for  SegXgrid
 Optical Train Summary:
  Tracing rays past   5 elements.
  Aperture grid type = Circular  with   21 grid points.
  Elt   1: Reflector   : Conic    with Kc=-1.0000D+00, Kr=-2.5000D+00, nECoords =   6
  Elt   2: Reflector   : Conic    with Kc=-1.2384D+00, Kr=-4.4837D-01, nECoords =   6
  Elt   3: Reflector   : Conic    with Kc=-2.9498D+00, Kr=-2.3187D+00, nECoords =   6
  Elt   4: Reflector   : Conic    with Kc=-9.8208D-01, Kr=-9.3487D-01, nECoords =   6
  Elt   5: Reference   : Flat     with Kc= 0.0000D+00, Kr=-1.0000D+22, nECoords =   6
  Number of output coordinates is   5
  
  Aperture stop set at (global):  0.000000000D+00  0.000000000D+00  0.000000000D+00
  
 OPD: Rays being traced =          277
 Compute time was    0.0000 sec
 OPD: nPassRays =     276,    DAvgCumL =  59.97863008D-01 m 
 RMS OPD error is   1.082571816D-03 m 
 P-V OPD error is   3.922492991D-03 m 
 Average OPD is    -2.9415254264055490D-06 m 
  Input file /tmp/tp5d2a17fc_1563_41d9_a4c5_97ef936e9610.in being loaded.
 Default used for  SegXgrid
 Optical Train Summary:
  Tracing rays past   5 elements.
  Aperture grid type = Circular  with   21 grid points.
  Elt   1: Reflector   : Conic    with Kc=-1.0000D+00, Kr=-2.5000D+00, nECoords =   6
  Elt   2: Reflector   : Conic    with Kc=-1.2384D+00, Kr=-4.4837D-01, nECoords =   6
  Elt   3: Reflector   : Conic    with Kc=-2.9498D+00, Kr=-2.3187D+00, nECoords =   6
  Elt   4: Reflector   : Conic    with Kc=-9.8208D-01, Kr=-9.3487D-01, nECoords =   6
  Elt   5: Reference   : Flat     with Kc= 0.0000D+00, Kr=-1.0000D+22, nECoords =   6
  Number of output coordinates is   5
  
  Aperture stop set at (global):  0.000000000D+00  0.000000000D+00  0.000000000D+00
  
 OPD: Rays being traced =          277
 Compute time was    0.0000 sec
 OPD: nPassRays =     276,    DAvgCumL =  59.97671369D-01 m 
 RMS OPD error is   3.281852648D-06 m 
 P-V OPD error is   1.567102240D-05 m 
 Average OPD is    -3.5914659270675102D-06 m 
  Input file /tmp/tp5d2a17fc_1563_41d9_a4c5_97ef936e9610.in being loaded.
 Default used for  SegXgrid
 Optical Train Summary:
  Tracing rays past   5 elements.
  Aperture grid type = Circular  with   21 grid points.
  Elt   1: Reflector   : Conic    with Kc=-1.0000D+00, Kr=-2.5000D+00, nECoords =   6
  Elt   2: Reflector   : Conic    with Kc=-1.2384D+00, Kr=-4.4837D-01, nECoords =   6
  Elt   3: Reflector   : Conic    with Kc=-2.9498D+00, Kr=-2.3187D+00, nECoords =   6
  Elt   4: Reflector   : Conic    with Kc=-9.8208D-01, Kr=-9.3487D-01, nECoords =   6
  Elt   5: Reference   : Flat     with Kc= 0.0000D+00, Kr=-1.0000D+22, nECoords =   6
  Number of output coordinates is   5
  
  Aperture stop set at (global):  0.000000000D+00  0.000000000D+00  0.000000000D+00
  
 OPD: Rays being traced =          277
 Compute time was    0.0000 sec
 OPD: nPassRays =     276,    DAvgCumL =  59.97920795D-01 m 
 RMS OPD error is   1.078914825D-03 m 
 P-V OPD error is   3.915911559D-03 m 
 Average OPD is    -4.2688772504024580D-07 m 
  Input file /tmp/tp5d2a17fc_1563_41d9_a4c5_97ef936e9610.in being loaded.
 Default used for  SegXgrid
 Optical Train Summary:
  Tracing rays past   5 elements.
  Aperture grid type = Circular  with   21 grid points.
  Elt   1: Reflector   : Conic    with Kc=-1.0000D+00, Kr=-2.5000D+00, nECoords =   6
  Elt   2: Reflector   : Conic    with Kc=-1.2384D+00, Kr=-4.4837D-01, nECoords =   6
  Elt   3: Reflector   : Conic    with Kc=-2.9498D+00, Kr=-2.3187D+00, nECoords =   6
  Elt   4: Reflector   : Conic    with Kc=-9.8208D-01, Kr=-9.3487D-01, nECoords =   6
  Elt   5: Reference   : Flat     with Kc= 0.0000D+00, Kr=-1.0000D+22, nECoords =   6
  Number of output coordinates is   5
  
  Aperture stop set at (global):  0.000000000D+00  0.000000000D+00  0.000000000D+00
  
 OPD: Rays being traced =          277
 Compute time was    0.0000 sec
 OPD: nPassRays =     276,    DAvgCumL =  59.97984966D-01 m 
 RMS OPD error is   1.539267826D-03 m 
 P-V OPD error is   6.046693828D-03 m 
 Average OPD is    -1.3276127608793167D-06 m 
  Input file /tmp/tp5d2a17fc_1563_41d9_a4c5_97ef936e9610.in being loaded.
 Default used for  SegXgrid
 Optical Train Summary:
  Tracing rays past   5 elements.
  Aperture grid type = Circular  with   21 grid points.
  Elt   1: Reflector   : Conic    with Kc=-1.0000D+00, Kr=-2.5000D+00, nECoords =   6
  Elt   2: Reflector   : Conic    with Kc=-1.2384D+00, Kr=-4.4837D-01, nECoords =   6
  Elt   3: Reflector   : Conic    with Kc=-2.9498D+00, Kr=-2.3187D+00, nECoords =   6
  Elt   4: Reflector   : Conic    with Kc=-9.8208D-01, Kr=-9.3487D-01, nECoords =   6
  Elt   5: Reference   : Flat     with Kc= 0.0000D+00, Kr=-1.0000D+22, nECoords =   6
  Number of output coordinates is   5
  
  Aperture stop set at (global):  0.000000000D+00  0.000000000D+00  0.000000000D+00
  
 OPD: Rays being traced =          277
 Compute time was    0.0000 sec
 OPD: nPassRays =     276,    DAvgCumL =  59.97809026D-01 m 
 RMS OPD error is   1.083607838D-03 m 
 P-V OPD error is   3.953863711D-03 m 
 Average OPD is    -2.0063800764023645D-06 m 
  Input file /tmp/tp5d2a17fc_1563_41d9_a4c5_97ef936e9610.in being loaded.
 Default used for  SegXgrid
 Optical Train Summary:
  Tracing rays past   5 elements.
  Aperture grid type = Circular  with   21 grid points.
  Elt   1: Reflector   : Conic    with Kc=-1.0000D+00, Kr=-2.5000D+00, nECoords =   6
  Elt   2: Reflector   : Conic    with Kc=-1.2384D+00, Kr=-4.4837D-01, nECoords =   6
  Elt   3: Reflector   : Conic    with Kc=-2.9498D+00, Kr=-2.3187D+00, nECoords =   6
  Elt   4: Reflector   : Conic    with Kc=-9.8208D-01, Kr=-9.3487D-01, nECoords =   6
  Elt   5: Reference   : Flat     with Kc= 0.0000D+00, Kr=-1.0000D+22, nECoords =   6
  Number of output coordinates is   5
  
  Aperture stop set at (global):  0.000000000D+00  0.000000000D+00  0.000000000D+00
  
 OPD: Rays being traced =          277
 Compute time was    0.0000 sec
 OPD: nPassRays =     276,    DAvgCumL =  59.98097242D-01 m 
 RMS OPD error is   1.533658330D-03 m 
 P-V OPD error is   6.035282980D-03 m 
 Average OPD is     1.2050707839914865D-06 m 
  Input file /tmp/tp78cca764_ebd8_4975_a37c_4d7cd2b7e879.in being loaded.
 Default used for  SegXgrid
 Optical Train Summary:
  Tracing rays past   5 elements.
  Aperture grid type = Circular  with   21 grid points.
  Elt   1: Reflector   : Conic    with Kc=-1.0000D+00, Kr=-2.5000D+00, nECoords =   6
  Elt   2: Reflector   : Conic    with Kc=-1.2384D+00, Kr=-4.4837D-01, nECoords =   6
  Elt   3: Reflector   : Conic    with Kc=-2.9498D+00, Kr=-2.3187D+00, nECoords =   6
  Elt   4: Reflector   : Conic    with Kc=-9.8208D-01, Kr=-9.3487D-01, nECoords =   6
  Elt   5: Reference   : Flat     with Kc= 0.0000D+00, Kr=-1.0000D+22, nECoords =   6
  Number of output coordinates is   5
  
  Aperture stop set at (global):  0.000000000D+00  0.000000000D+00  0.000000000D+00
  
  Input file /tmp/tpd84f9343_1a8a_44f5_90fb_08a4bf569783.in being loaded.
 Default used for  SegXgrid
 Optical Train Summary:
  Tracing rays past   5 elements.
  Aperture grid type = Circular  with   21 grid points.
  Elt   1: Reflector   : Conic    with Kc=-1.0000D+00, Kr=-2.5000D+00, nECoords =   6
  Elt   2: Reflector   : Conic    with Kc=-1.2384D+00, Kr=-4.4837D-01, nECoords =   6
  Elt   3: Reflector   : Conic    with Kc=-2.9498D+00, Kr=-2.3187D+00, nECoords =   6
  Elt   4: Reflector   : Conic    with Kc=-9.8208D-01, Kr=-9.3487D-01, nECoords =   6
  Elt   5: Reference   : Flat     with Kc= 0.0000D+00, Kr=-1.0000D+22, nECoords =   6
  Number of output coordinates is   5
  
  Aperture stop set at (global):  0.000000000D+00  0.000000000D+00  0.000000000D+00
  
 OPD: Rays being traced =          277
 Compute time was    0.0000 sec
 OPD: nPassRays =     276,    DAvgCumL =  59.97984966D-01 m 
 RMS OPD error is   1.539267826D-03 m 
 P-V OPD error is   6.046693828D-03 m 
 Average OPD is    -1.3276127609822939D-06 m 
  Input file /tmp/tpd84f9343_1a8a_44f5_90fb_08a4bf569783.in being loaded.
 Default used for  SegXgrid
 Optical Train Summary:
  Tracing rays past   5 elements.
  Aperture grid type = Circular  with   21 grid points.
  Elt   1: Reflector   : Conic    with Kc=-1.0000D+00, Kr=-2.5000D+00, nECoords =   6
  Elt   2: Reflector   : Conic    with Kc=-1.2384D+00, Kr=-4.4837D-01, nECoords =   6
  Elt   3: Reflector   : Conic    with Kc=-2.9498D+00, Kr=-2.3187D+00, nECoords =   6
  Elt   4: Reflector   : Conic    with Kc=-9.8208D-01, Kr=-9.3487D-01, nECoords =   6
  Elt   5: Reference   : Flat     with Kc= 0.0000D+00, Kr=-1.0000D+22, nECoords =   6
  Number of output coordinates is   5
  
  Aperture stop set at (global):  0.000000000D+00  0.000000000D+00  0.000000000D+00
  
 OPD: Rays being traced =          277
 Compute time was    0.0000 sec
 OPD: nPassRays =     276,    DAvgCumL =  59.97809026D-01 m 
 RMS OPD error is   1.083607838D-03 m 
 P-V OPD error is   3.953863711D-03 m 
 Average OPD is    -2.0063800764956876D-06 m 
  Input file /tmp/tpd84f9343_1a8a_44f5_90fb_08a4bf569783.in being loaded.
 Default used for  SegXgrid
 Optical Train Summary:
  Tracing rays past   5 elements.
  Aperture grid type = Circular  with   21 grid points.
  Elt   1: Reflector   : Conic    with Kc=-1.0000D+00, Kr=-2.5000D+00, nECoords =   6
  Elt   2: Reflector   : Conic    with Kc=-1.2384D+00, Kr=-4.4837D-01, nECoords =   6
  Elt   3: Reflector   : Conic    with Kc=-2.9498D+00, Kr=-2.3187D+00, nECoords =   6
  Elt   4: Reflector   : Conic    with Kc=-9.8208D-01, Kr=-9.3487D-01, nECoords =   6
  Elt   5: Reference   : Flat     with Kc= 0.0000D+00, Kr=-1.0000D+22, nECoords =   6
  Number of output coordinates is   5
  
  Aperture stop set at (global):  0.000000000D+00  0.000000000D+00  0.000000000D+00
  
 OPD: Rays being traced =          277
 Compute time was    0.0000 sec
 OPD: nPassRays =     276,    DAvgCumL =  59.98097242D-01 m 
 RMS OPD error is   1.533658330D-03 m 
 P-V OPD error is   6.035282980D-03 m 
 Average OPD is     1.2050707838627650D-06 m 
  Input file /tmp/tpd84f9343_1a8a_44f5_90fb_08a4bf569783.in being loaded.
 Default used for  SegXgrid
 Optical Train Summary:
  Tracing rays past   5 elements.
  Aperture grid type = Circular  with   21 grid points.
  Elt   1: Reflector   : Conic    with Kc=-1.0000D+00, Kr=-2.5000D+00, nECoords =   6
  Elt   2: Reflector   : Conic    with Kc=-1.2384D+00, Kr=-4.4837D-01, nECoords =   6
  Elt   3: Reflector   : Conic    with Kc=-2.9498D+00, Kr=-2.3187D+00, nECoords =   6
  Elt   4: Reflector   : Conic    with Kc=-9.8208D-01, Kr=-9.3487D-01, nECoords =   6
  Elt   5: Reference   : Flat     with Kc= 0.0000D+00, Kr=-1.0000D+22, nECoords =   6
  Number of output coordinates is   5
  
  Aperture stop set at (global):  0.000000000D+00  0.000000000D+00  0.000000000D+00
  
 OPD: Rays being traced =          277
 Compute time was    0.0000 sec
 OPD: nPassRays =     276,    DAvgCumL =  59.97863008D-01 m 
 RMS OPD error is   1.082571816D-03 m 
 P-V OPD error is   3.922492991D-03 m 
 Average OPD is    -2.9415254264055490D-06 m 
  Input file /tmp/tpd84f9343_1a8a_44f5_90fb_08a4bf569783.in being loaded.
 Default used for  SegXgrid
 Optical Train Summary:
  Tracing rays past   5 elements.
  Aperture grid type = Circular  with   21 grid points.
  Elt   1: Reflector   : Conic    with Kc=-1.0000D+00, Kr=-2.5000D+00, nECoords =   6
  Elt   2: Reflector   : Conic    with Kc=-1.2384D+00, Kr=-4.4837D-01, nECoords =   6
  Elt   3: Reflector   : Conic    with Kc=-2.9498D+00, Kr=-2.3187D+00, nECoords =   6
  Elt   4: Reflector   : Conic    with Kc=-9.8208D-01, Kr=-9.3487D-01, nECoords =   6
  Elt   5: Reference   : Flat     with Kc= 0.0000D+00, Kr=-1.0000D+22, nECoords =   6
  Number of output coordinates is   5
  
  Aperture stop set at (global):  0.000000000D+00  0.000000000D+00  0.000000000D+00
  
 OPD: Rays being traced =          277
 Compute time was    0.0020 sec
 OPD: nPassRays =     276,    DAvgCumL =  59.97671369D-01 m 
 RMS OPD error is   3.281852648D-06 m 
 P-V OPD error is   1.567102240D-05 m 
 Average OPD is    -3.5914659270675102D-06 m 
  Input file /tmp/tpd84f9343_1a8a_44f5_90fb_08a4bf569783.in being loaded.
 Default used for  SegXgrid
 Optical Train Summary:
  Tracing rays past   5 elements.
  Aperture grid type = Circular  with   21 grid points.
  Elt   1: Reflector   : Conic    with Kc=-1.0000D+00, Kr=-2.5000D+00, nECoords =   6
  Elt   2: Reflector   : Conic    with Kc=-1.2384D+00, Kr=-4.4837D-01, nECoords =   6
  Elt   3: Reflector   : Conic    with Kc=-2.9498D+00, Kr=-2.3187D+00, nECoords =   6
  Elt   4: Reflector   : Conic    with Kc=-9.8208D-01, Kr=-9.3487D-01, nECoords =   6
  Elt   5: Reference   : Flat     with Kc= 0.0000D+00, Kr=-1.0000D+22, nECoords =   6
  Number of output coordinates is   5
  
  Aperture stop set at (global):  0.000000000D+00  0.000000000D+00  0.000000000D+00
  
 OPD: Rays being traced =          277
 Compute time was    0.0000 sec
 OPD: nPassRays =     276,    DAvgCumL =  59.97920795D-01 m 
 RMS OPD error is   1.078914825D-03 m 
 P-V OPD error is   3.915911559D-03 m 
 Average OPD is    -4.2688772504024580D-07 m 
  Input file /tmp/tpd84f9343_1a8a_44f5_90fb_08a4bf569783.in being loaded.
 Default used for  SegXgrid
 Optical Train Summary:
  Tracing rays past   5 elements.
  Aperture grid type = Circular  with   21 grid points.
  Elt   1: Reflector   : Conic    with Kc=-1.0000D+00, Kr=-2.5000D+00, nECoords =   6
  Elt   2: Reflector   : Conic    with Kc=-1.2384D+00, Kr=-4.4837D-01, nECoords =   6
  Elt   3: Reflector   : Conic    with Kc=-2.9498D+00, Kr=-2.3187D+00, nECoords =   6
  Elt   4: Reflector   : Conic    with Kc=-9.8208D-01, Kr=-9.3487D-01, nECoords =   6
  Elt   5: Reference   : Flat     with Kc= 0.0000D+00, Kr=-1.0000D+22, nECoords =   6
  Number of output coordinates is   5
  
  Aperture stop set at (global):  0.000000000D+00  0.000000000D+00  0.000000000D+00
  
 OPD: Rays being traced =          277
 Compute time was    0.0000 sec
 OPD: nPassRays =     276,    DAvgCumL =  59.97984966D-01 m 
 RMS OPD error is   1.539267826D-03 m 
 P-V OPD error is   6.046693828D-03 m 
 Average OPD is    -1.3276127608793167D-06 m 
  Input file /tmp/tpd84f9343_1a8a_44f5_90fb_08a4bf569783.in being loaded.
 Default used for  SegXgrid
 Optical Train Summary:
  Tracing rays past   5 elements.
  Aperture grid type = Circular  with   21 grid points.
  Elt   1: Reflector   : Conic    with Kc=-1.0000D+00, Kr=-2.5000D+00, nECoords =   6
  Elt   2: Reflector   : Conic    with Kc=-1.2384D+00, Kr=-4.4837D-01, nECoords =   6
  Elt   3: Reflector   : Conic    with Kc=-2.9498D+00, Kr=-2.3187D+00, nECoords =   6
  Elt   4: Reflector   : Conic    with Kc=-9.8208D-01, Kr=-9.3487D-01, nECoords =   6
  Elt   5: Reference   : Flat     with Kc= 0.0000D+00, Kr=-1.0000D+22, nECoords =   6
  Number of output coordinates is   5
  
  Aperture stop set at (global):  0.000000000D+00  0.000000000D+00  0.000000000D+00
  
 OPD: Rays being traced =          277
 Compute time was    0.0020 sec
 OPD: nPassRays =     276,    DAvgCumL =  59.97809026D-01 m 
 RMS OPD error is   1.083607838D-03 m 
 P-V OPD error is   3.953863711D-03 m 
 Average OPD is    -2.0063800764023645D-06 m 
  Input file /tmp/tpd84f9343_1a8a_44f5_90fb_08a4bf569783.in being loaded.
 Default used for  SegXgrid
 Optical Train Summary:
  Tracing rays past   5 elements.
  Aperture grid type = Circular  with   21 grid points.
  Elt   1: Reflector   : Conic    with Kc=-1.0000D+00, Kr=-2.5000D+00, nECoords =   6
  Elt   2: Reflector   : Conic    with Kc=-1.2384D+00, Kr=-4.4837D-01, nECoords =   6
  Elt   3: Reflector   : Conic    with Kc=-2.9498D+00, Kr=-2.3187D+00, nECoords =   6
  Elt   4: Reflector   : Conic    with Kc=-9.8208D-01, Kr=-9.3487D-01, nECoords =   6
  Elt   5: Reference   : Flat     with Kc= 0.0000D+00, Kr=-1.0000D+22, nECoords =   6
  Number of output coordinates is   5
  
  Aperture stop set at (global):  0.000000000D+00  0.000000000D+00  0.000000000D+00
  
 OPD: Rays being traced =          277
 Compute time was    0.0020 sec
 OPD: nPassRays =     276,    DAvgCumL =  59.98097242D-01 m 
 RMS OPD error is   1.533658330D-03 m 
 P-V OPD error is   6.035282980D-03 m 
 Average OPD is     1.2050707839914865D-06 m 
  Input file /tmp/tpe0260c36_e838_4714_917e_527a53cbf4e1.in being loaded.
 Default used for  SegXgrid
 Optical Train Summary:
  Tracing rays past   5 elements.
  Aperture grid type = Circular  with   21 grid points.
  Elt   1: Reflector   : Conic    with Kc=-1.0000D+00, Kr=-2.5000D+00, nECoords =   6
  Elt   2: Reflector   : Conic    with Kc=-1.2384D+00, Kr=-4.4837D-01, nECoords =   6
  Elt   3: Reflector   : Conic    with Kc=-2.9498D+00, Kr=-2.3187D+00, nECoords =   6
  Elt   4: Reflector   : Conic    with Kc=-9.8208D-01, Kr=-9.3487D-01, nECoords =   6
  Elt   5: Reference   : Flat     with Kc= 0.0000D+00, Kr=-1.0000D+22, nECoords =   6
  Number of output coordinates is   5
  
  Aperture stop set at (global):  0.000000000D+00  0.000000000D+00  0.000000000D+00
  
 OPD: Rays being traced =          277
 Compute time was    0.0000 sec
 OPD: nPassRays =     276,    DAvgCumL =  12.67621349D-01 m 
 RMS OPD error is   1.419742281D-02 m 
 P-V OPD error is   5.167010635D-02 m 
 Average OPD is    -2.4333968567545855D-02 m 
 OPD: Rays being traced =          277
 Compute time was    0.0000 sec
 OPD: nPassRays =     276,    DAvgCumL =  59.97984966D-01 m 
 RMS OPD error is   1.539267826D-03 m 
 P-V OPD error is   6.046693828D-03 m 
 Average OPD is    -1.3276127609822939D-06 m 
  Input file /tmp/tpe0260c36_e838_4714_917e_527a53cbf4e1.in being loaded.
 Default used for  SegXgrid
 Optical Train Summary:
  Tracing rays past   5 elements.
  Aperture grid type = Circular  with   21 grid points.
  Elt   1: Reflector   : Conic    with Kc=-1.0000D+00, Kr=-2.5000D+00, nECoords =   6
  Elt   2: Reflector   : Conic    with Kc=-1.2384D+00, Kr=-4.4837D-01, nECoords =   6
  Elt   3: Reflector   : Conic    with Kc=-2.9498D+00, Kr=-2.3187D+00, nECoords =   6
  Elt   4: Reflector   : Conic    with Kc=-9.8208D-01, Kr=-9.3487D-01, nECoords =   6
  Elt   5: Reference   : Flat     with Kc= 0.0000D+00, Kr=-1.0000D+22, nECoords =   6
  Number of output coordinates is   5
  
  Aperture stop set at (global):  0.000000000D+00  0.000000000D+00  0.000000000D+00
  
 OPD: Rays being traced =          277
 Compute time was    0.0000 sec
 OPD: nPassRays =     276,    DAvgCumL =  12.67619554D-01 m 
 RMS OPD error is   1.435720682D-02 m 
 P-V OPD error is   5.354549631D-02 m 
 Average OPD is    -2.4335763510063502D-02 m 
 OPD: Rays being traced =          277
 Compute time was    0.0020 sec
 OPD: nPassRays =     276,    DAvgCumL =  59.97809026D-01 m 
 RMS OPD error is   1.083607838D-03 m 
 P-V OPD error is   3.953863711D-03 m 
 Average OPD is    -2.0063800764956876D-06 m 
  Input file /tmp/tpe0260c36_e838_4714_917e_527a53cbf4e1.in being loaded.
 Default used for  SegXgrid
 Optical Train Summary:
  Tracing rays past   5 elements.
  Aperture grid type = Circular  with   21 grid points.
  Elt   1: Reflector   : Conic    with Kc=-1.0000D+00, Kr=-2.5000D+00, nECoords =   6
  Elt   2: Reflector   : Conic    with Kc=-1.2384D+00, Kr=-4.4837D-01, nECoords =   6
  Elt   3: Reflector   : Conic    with Kc=-2.9498D+00, Kr=-2.3187D+00, nECoords =   6
  Elt   4: Reflector   : Conic    with Kc=-9.8208D-01, Kr=-9.3487D-01, nECoords =   6
  Elt   5: Reference   : Flat     with Kc= 0.0000D+00, Kr=-1.0000D+22, nECoords =   6
  Number of output coordinates is   5
  
  Aperture stop set at (global):  0.000000000D+00  0.000000000D+00  0.000000000D+00
  
 OPD: Rays being traced =          277
 Compute time was    0.0000 sec
 OPD: nPassRays =     276,    DAvgCumL =  12.67616814D-01 m 
 RMS OPD error is   1.459774741D-02 m 
 P-V OPD error is   5.542322854D-02 m 
 Average OPD is    -2.4338503573907950D-02 m 
 OPD: Rays being traced =          277
 Compute time was    0.0000 sec
 OPD: nPassRays =     276,    DAvgCumL =  59.98097242D-01 m 
 RMS OPD error is   1.533658330D-03 m 
 P-V OPD error is   6.035282980D-03 m 
 Average OPD is     1.2050707838627650D-06 m 
  Input file /tmp/tpe0260c36_e838_4714_917e_527a53cbf4e1.in being loaded.
 Default used for  SegXgrid
 Optical Train Summary:
  Tracing rays past   5 elements.
  Aperture grid type = Circular  with   21 grid points.
  Elt   1: Reflector   : Conic    with Kc=-1.0000D+00, Kr=-2.5000D+00, nECoords =   6
  Elt   2: Reflector   : Conic    with Kc=-1.2384D+00, Kr=-4.4837D-01, nECoords =   6
  Elt   3: Reflector   : Conic    with Kc=-2.9498D+00, Kr=-2.3187D+00, nECoords =   6
  Elt   4: Reflector   : Conic    with Kc=-9.8208D-01, Kr=-9.3487D-01, nECoords =   6
  Elt   5: Reference   : Flat     with Kc= 0.0000D+00, Kr=-1.0000D+22, nECoords =   6
  Number of output coordinates is   5
  
  Aperture stop set at (global):  0.000000000D+00  0.000000000D+00  0.000000000D+00
  
 OPD: Rays being traced =          277
 Compute time was    0.0000 sec
 OPD: nPassRays =     276,    DAvgCumL =  12.67621821D-01 m 
 RMS OPD error is   1.415507687D-02 m 
 P-V OPD error is   5.026587765D-02 m 
 Average OPD is    -2.4333496244226455D-02 m 
 OPD: Rays being traced =          277
 Compute time was    0.0000 sec
 OPD: nPassRays =     276,    DAvgCumL =  59.97863008D-01 m 
 RMS OPD error is   1.082571816D-03 m 
 P-V OPD error is   3.922492991D-03 m 
 Average OPD is    -2.9415254264055490D-06 m 
  Input file /tmp/tpe0260c36_e838_4714_917e_527a53cbf4e1.in being loaded.
 Default used for  SegXgrid
 Optical Train Summary:
  Tracing rays past   5 elements.
  Aperture grid type = Circular  with   21 grid points.
  Elt   1: Reflector   : Conic    with Kc=-1.0000D+00, Kr=-2.5000D+00, nECoords =   6
  Elt   2: Reflector   : Conic    with Kc=-1.2384D+00, Kr=-4.4837D-01, nECoords =   6
  Elt   3: Reflector   : Conic    with Kc=-2.9498D+00, Kr=-2.3187D+00, nECoords =   6
  Elt   4: Reflector   : Conic    with Kc=-9.8208D-01, Kr=-9.3487D-01, nECoords =   6
  Elt   5: Reference   : Flat     with Kc= 0.0000D+00, Kr=-1.0000D+22, nECoords =   6
  Number of output coordinates is   5
  
  Aperture stop set at (global):  0.000000000D+00  0.000000000D+00  0.000000000D+00
  
 OPD: Rays being traced =          277
 Compute time was    0.0020 sec
 OPD: nPassRays =     276,    DAvgCumL =  12.67620026D-01 m 
 RMS OPD error is   1.431532715D-02 m 
 P-V OPD error is   5.214032665D-02 m 
 Average OPD is    -2.4335291107281831D-02 m 
 OPD: Rays being traced =          277
 Compute time was    0.0000 sec
 OPD: nPassRays =     276,    DAvgCumL =  59.97671369D-01 m 
 RMS OPD error is   3.281852648D-06 m 
 P-V OPD error is   1.567102240D-05 m 
 Average OPD is    -3.5914659270675102D-06 m 
  Input file /tmp/tpe0260c36_e838_4714_917e_527a53cbf4e1.in being loaded.
 Default used for  SegXgrid
 Optical Train Summary:
  Tracing rays past   5 elements.
  Aperture grid type = Circular  with   21 grid points.
  Elt   1: Reflector   : Conic    with Kc=-1.0000D+00, Kr=-2.5000D+00, nECoords =   6
  Elt   2: Reflector   : Conic    with Kc=-1.2384D+00, Kr=-4.4837D-01, nECoords =   6
  Elt   3: Reflector   : Conic    with Kc=-2.9498D+00, Kr=-2.3187D+00, nECoords =   6
  Elt   4: Reflector   : Conic    with Kc=-9.8208D-01, Kr=-9.3487D-01, nECoords =   6
  Elt   5: Reference   : Flat     with Kc= 0.0000D+00, Kr=-1.0000D+22, nECoords =   6
  Number of output coordinates is   5
  
  Aperture stop set at (global):  0.000000000D+00  0.000000000D+00  0.000000000D+00
  
 OPD: Rays being traced =          277
 Compute time was    0.0000 sec
 OPD: nPassRays =     276,    DAvgCumL =  12.67617286D-01 m 
 RMS OPD error is   1.455655019D-02 m 
 P-V OPD error is   5.401711476D-02 m 
 Average OPD is    -2.4338031049811974D-02 m 
 OPD: Rays being traced =          277
 Compute time was    0.0000 sec
 OPD: nPassRays =     276,    DAvgCumL =  59.97920795D-01 m 
 RMS OPD error is   1.078914825D-03 m 
 P-V OPD error is   3.915911559D-03 m 
 Average OPD is    -4.2688772504024580D-07 m 
  Input file /tmp/tpe0260c36_e838_4714_917e_527a53cbf4e1.in being loaded.
 Default used for  SegXgrid
 Optical Train Summary:
  Tracing rays past   5 elements.
  Aperture grid type = Circular  with   21 grid points.
  Elt   1: Reflector   : Conic    with Kc=-1.0000D+00, Kr=-2.5000D+00, nECoords =   6
  Elt   2: Reflector   : Conic    with Kc=-1.2384D+00, Kr=-4.4837D-01, nECoords =   6
  Elt   3: Reflector   : Conic    with Kc=-2.9498D+00, Kr=-2.3187D+00, nECoords =   6
  Elt   4: Reflector   : Conic    with Kc=-9.8208D-01, Kr=-9.3487D-01, nECoords =   6
  Elt   5: Reference   : Flat     with Kc= 0.0000D+00, Kr=-1.0000D+22, nECoords =   6
  Number of output coordinates is   5
  
  Aperture stop set at (global):  0.000000000D+00  0.000000000D+00  0.000000000D+00
  
 OPD: Rays being traced =          277
 Compute time was    0.0020 sec
 OPD: nPassRays =     276,    DAvgCumL =  12.67621349D-01 m 
 RMS OPD error is   1.419742281D-02 m 
 P-V OPD error is   5.167010635D-02 m 
 Average OPD is    -2.4333968567545862D-02 m 
 OPD: Rays being traced =          277
 Compute time was    0.0000 sec
 OPD: nPassRays =     276,    DAvgCumL =  59.97984966D-01 m 
 RMS OPD error is   1.539267826D-03 m 
 P-V OPD error is   6.046693828D-03 m 
 Average OPD is    -1.3276127608793167D-06 m 
  Input file /tmp/tpe0260c36_e838_4714_917e_527a53cbf4e1.in being loaded.
 Default used for  SegXgrid
 Optical Train Summary:
  Tracing rays past   5 elements.
  Aperture grid type = Circular  with   21 grid points.
  Elt   1: Reflector   : Conic    with Kc=-1.0000D+00, Kr=-2.5000D+00, nECoords =   6
  Elt   2: Reflector   : Conic    with Kc=-1.2384D+00, Kr=-4.4837D-01, nECoords =   6
  Elt   3: Reflector   : Conic    with Kc=-2.9498D+00, Kr=-2.3187D+00, nECoords =   6
  Elt   4: Reflector   : Conic    with Kc=-9.8208D-01, Kr=-9.3487D-01, nECoords =   6
  Elt   5: Reference   : Flat     with Kc= 0.0000D+00, Kr=-1.0000D+22, nECoords =   6
  Number of output coordinates is   5
  
  Aperture stop set at (global):  0.000000000D+00  0.000000000D+00  0.000000000D+00
  
 OPD: Rays being traced =          277
 Compute time was    0.0000 sec
 OPD: nPassRays =     276,    DAvgCumL =  12.67619554D-01 m 
 RMS OPD error is   1.435720682D-02 m 
 P-V OPD error is   5.354549631D-02 m 
 Average OPD is    -2.4335763510063498D-02 m 
 OPD: Rays being traced =          277
 Compute time was    0.0000 sec
 OPD: nPassRays =     276,    DAvgCumL =  59.97809026D-01 m 
  round 1 FAILED (macos:design:afocal4_build:packaging): the closure puts M3 at z = -1.051 m, -1051 mm behind M1 (minimum 500): the back end and the instrument that follows the pupil would sit in the incoming beam.
{Error using afocal4_build (line 151)
the closure puts M3 at z = -1.051 m, -1051 mm behind M1 (minimum 500): the back
end and the instrument that follows the pupil would sit in the incoming beam.
Error in clear_build (line 67)
    b = afocal4_build(P, D, deck, 'verify',false, 'quiet',true, ...
        ^^^^^^^^^^^^^^^^^^^^^^^^^^^^^^^^^^^^^^^^^^^^^^^^^^^^^^^^^^^
Error in clear_solve (line 128)
    clear_build(Pr, D, deck, 'axis',opts.axis, 'verify',false);
    ^^^^^^^^^^^^^^^^^^^^^^^^^^^^^^^^^^^^^^^^^^^^^^^^^^^^^^^^^^
Error in wall_point (line 208)
            S = clear_solve(Q, D, 'dofs',opts.dofs, 'deck',deck, ...
                ^^^^^^^^^^^^^^^^^^^^^^^^^^^^^^^^^^^^^^^^^^^^^^^^^^^^
Error in run_wall_point (line 42)
R = wall_point(wp_args{:}); %#ok<NASGU>
    ^^^^^^^^^^^^^^^^^^^^^^
Error in run (line 100)
evalin('caller', strcat(scriptStem, ';'));
^^^^^^^^^^^^^^^^^^^^^^^^^^^^^^^^^^^^^^^^^} 
 RMS OPD error is   1.083607838D-03 m 
 P-V OPD error is   3.953863711D-03 m 
 Average OPD is    -2.0063800764023645D-06 m 
  Input file /tmp/tpe0260c36_e838_4714_917e_527a53cbf4e1.in being loaded.
 Default used for  SegXgrid
 Optical Train Summary:
  Tracing rays past   5 elements.
  Aperture grid type = Circular  with   21 grid points.
  Elt   1: Reflector   : Conic    with Kc=-1.0000D+00, Kr=-2.5000D+00, nECoords =   6
  Elt   2: Reflector   : Conic    with Kc=-1.2384D+00, Kr=-4.4837D-01, nECoords =   6
  Elt   3: Reflector   : Conic    with Kc=-2.9498D+00, Kr=-2.3187D+00, nECoords =   6
  Elt   4: Reflector   : Conic    with Kc=-9.8208D-01, Kr=-9.3487D-01, nECoords =   6
  Elt   5: Reference   : Flat     with Kc= 0.0000D+00, Kr=-1.0000D+22, nECoords =   6
  Number of output coordinates is   5
  
  Aperture stop set at (global):  0.000000000D+00  0.000000000D+00  0.000000000D+00
  
 OPD: Rays being traced =          277
 Compute time was    0.0000 sec
 OPD: nPassRays =     276,    DAvgCumL =  12.67616814D-01 m 
 RMS OPD error is   1.459774741D-02 m 
 P-V OPD error is   5.542322854D-02 m 
 Average OPD is    -2.4338503573907957D-02 m 
 OPD: Rays being traced =          277
 Compute time was    0.0020 sec
 OPD: nPassRays =     276,    DAvgCumL =  59.98097242D-01 m 
 RMS OPD error is   1.533658330D-03 m 
 P-V OPD error is   6.035282980D-03 m 
 Average OPD is     1.2050707839914865D-06 m 
