8.888946832351D-01  1.584632727203D+00
 OPD: Rays being traced =          277
 Compute time was    0.0000 sec
  All rays are obscured or lost.
 **Warning: Computing pupil diffraction grid spacing failed!
            Diffraction result is incorrect.
 RMS OPD error is   9.999900000D+36 m 
 P-V OPD error is   0.000000000D+00 m 
 Average OPD is     9.9999000000000000D+36 m 
 One or more rays become undefined at element   3
 A total of      277 rays were lost
   Surface miss:        277
  Input file /tmp/tpb239754e_9e55_407d_9224_ddbbcb2e7071.in being loaded.
 Default used for  SegXgrid
 Default used for nECoord(   1)
 Default used for TElt(   1)
 Default used for nECoord(   2)
 Default used for TElt(   2)
 Default used for nECoord(   3)
 Default used for TElt(   3)
 Default used for nECoord(   4)
 Default used for TElt(   4)
 Default used for nECoord(   5)
 Default used for TElt(   5)
 Optical Train Summary:
  Tracing rays past   5 elements.
  Aperture grid type = Circular  with   21 grid points.
  Elt   1: Reflector   : Aspheric with Kc=-3.7191D+01, Kr= 1.4378D+01, nECoords =  -6
  Elt   2: Reference   : Flat     with Kc= 0.0000D+00, Kr=-1.0000D+22, nECoords =  -6
  Elt   3: Reflector   : Aspheric with Kc= 4.3012D+00, Kr=-1.8964D+00, nECoords =  -6
  Elt   4: Reflector   : Aspheric with Kc= 8.2681D-02, Kr=-1.6754D+00, nECoords =  -6
  Elt   5: FocalPlane  : Flat     with Kc= 0.0000D+00, Kr=-1.0000D+22, nECoords =  -6
  Number of output coordinates is   5
  Computed StopPos =  5.813541573465D-02 -9.171733405963D-01  1.501399923973D+00
 OPD: Rays being traced =          277
 Compute time was    0.0000 sec
  All rays are obscured or lost.
 **Warning: Computing pupil diffraction grid spacing failed!
            Diffraction result is incorrect.
 RMS OPD error is   9.999900000D+36 m 
 P-V OPD error is   0.000000000D+00 m 
 Average OPD is     9.9999000000000000D+36 m 
 One or more rays become undefined at element   3
 A total of      277 rays were lost
   Surface miss:        277
  Input file /tmp/tpb239754e_9e55_407d_9224_ddbbcb2e7071.in being loaded.
 Default used for  SegXgrid
 Default used for nECoord(   1)
 Default used for TElt(   1)
 Default used for nECoord(   2)
 Default used for TElt(   2)
 Default used for nECoord(   3)
 Default used for TElt(   3)
 Default used for nECoord(   4)
 Default used for TElt(   4)
 Default used for nECoord(   5)
 Default used for TElt(   5)
 Optical Train Summary:
  Tracing rays past   5 elements.
  Aperture grid type = Circular  with   21 grid points.
  Elt   1: Reflector   : Aspheric with Kc=-3.7191D+01, Kr= 1.4378D+01, nECoords =  -6
  Elt   2: Reference   : Flat     with Kc= 0.0000D+00, Kr=-1.0000D+22, nECoords =  -6
  Elt   3: Reflector   : Aspheric with Kc= 4.3012D+00, Kr=-1.8964D+00, nECoords =  -6
  Elt   4: Reflector   : Aspheric with Kc= 8.2681D-02, Kr=-1.6754D+00, nECoords =  -6
  Elt   5: FocalPlane  : Flat     with Kc= 0.0000D+00, Kr=-1.0000D+22, nECoords =  -6
  Number of output coordinates is   5
  Computed StopPos =  5.708706471099D-02 -9.480216691011D-01  1.439184185568D+00
 OPD: Rays being traced =          277
 Compute time was    0.0039 sec
 OPD: nPassRays =      20,    DAvgCumL =              NaN m 
 RMS OPD error is               NaN m 
 P-V OPD error is  -2.000000000D+22 m 
 Average OPD is                        NaN m 
 One or more rays become undefined at element   3
 A total of      257 rays were lost
   Surface miss:        257
  Input file /tmp/tpb239754e_9e55_407d_9224_ddbbcb2e7071.in being loaded.
 Default used for  SegXgrid
 Default used for nECoord(   1)
 Default used for TElt(   1)
 Default used for nECoord(   2)
 Default used for TElt(   2)
 Default used for nECoord(   3)
 Default used for TElt(   3)
 Default used for nECoord(   4)
 Default used for TElt(   4)
 Default used for nECoord(   5)
 Default used for TElt(   5)
 Optical Train Summary:
  Tracing rays past   5 elements.
  Aperture grid type = Circular  with   21 grid points.
  Elt   1: Reflector   : Aspheric with Kc=-3.7191D+01, Kr= 1.4378D+01, nECoords =  -6
  Elt   2: Reference   : Flat     with Kc= 0.0000D+00, Kr=-1.0000D+22, nECoords =  -6
  Elt   3: Reflector   : Aspheric with Kc= 4.3012D+00, Kr=-1.8964D+00, nECoords =  -6
  Elt   4: Reflector   : Aspheric with Kc= 8.2681D-02, Kr=-1.6754D+00, nECoords =  -6
  Elt   5: FocalPlane  : Flat     with Kc= 0.0000D+00, Kr=-1.0000D+22, nECoords =  -6
  Number of output coordinates is   5
  Computed StopPos = -7.700702261327D-21 -8.920482062673D-01  1.585064148765D+00
 OPD: Rays being traced =          277
 Compute time was    0.0000 sec
  All rays are obscured or lost.
 **Warning: Computing pupil diffraction grid spacing failed!
            Diffraction result is incorrect.
 RMS OPD error is   9.999900000D+36 m 
 P-V OPD error is   0.000000000D+00 m 
 Average OPD is     9.9999000000000000D+36 m 
 One or more rays become undefined at element   3
 A total of      277 rays were lost
   Surface miss:        277
  Input file /tmp/tpb239754e_9e55_407d_9224_ddbbcb2e7071.in being loaded.
 Default used for  SegXgrid
 Default used for nECoord(   1)
 Default used for TElt(   1)
 Default used for nECoord(   2)
 Default used for TElt(   2)
 Default used for nECoord(   3)
 Default used for TElt(   3)
 Default used for nECoord(   4)
 Default used for TElt(   4)
 Default used for nECoord(   5)
 Default used for TElt(   5)
 Optical Train Summary:
  Tracing rays past   5 elements.
  Aperture grid type = Circular  with   21 grid points.
  Elt   1: Reflector   : Aspheric with Kc=-3.7191D+01, Kr= 1.4378D+01, nECoords =  -6
  Elt   2: Reference   : Flat     with Kc= 0.0000D+00, Kr=-1.0000D+22, nECoords =  -6
  Elt   3: Reflector   : Aspheric with Kc= 4.3012D+00, Kr=-1.8964D+00, nECoords =  -6
  Elt   4: Reflector   : Aspheric with Kc= 8.2681D-02, Kr=-1.6754D+00, nECoords =  -6
  Elt   5: FocalPlane  : Flat     with Kc= 0.0000D+00, Kr=-1.0000D+22, nECoords =  -6
  Number of output coordinates is   5
  Computed StopPos =  1.786835555203D-24 -9.203002680707D-01  1.501060753250D+00
 OPD: Rays being traced =          277
 Compute time was    0.0000 sec
  All rays are obscured or lost.
 **Warning: Computing pupil diffraction grid spacing failed!
            Diffraction result is incorrect.
 RMS OPD error is   9.999900000D+36 m 
 P-V OPD error is   0.000000000D+00 m 
 Average OPD is     9.9999000000000000D+36 m 
 One or more rays become undefined at element   3
 A total of      277 rays were lost
   Surface miss:        277
  Input file /tmp/tpb239754e_9e55_407d_9224_ddbbcb2e7071.in being loaded.
 Default used for  SegXgrid
 Default used for nECoord(   1)
 Default used for TElt(   1)
 Default used for nECoord(   2)
 Default used for TElt(   2)
 Default used for nECoord(   3)
 Default used for TElt(   3)
 Default used for nECoord(   4)
 Default used for TElt(   4)
 Default used for nECoord(   5)
 Default used for TElt(   5)
 Optical Train Summary:
  Tracing rays past   5 elements.
  Aperture grid type = Circular  with   21 grid points.
  Elt   1: Reflector   : Aspheric with Kc=-3.7191D+01, Kr= 1.4378D+01, nECoords =  -6
  Elt   2: Reference   : Flat     with Kc= 0.0000D+00, Kr=-1.0000D+22, nECoords =  -6
  Elt   3: Reflector   : Aspheric with Kc= 4.3012D+00, Kr=-1.8964D+00, nECoords =  -6
  Elt   4: Reflector   : Aspheric with Kc= 8.2681D-02, Kr=-1.6754D+00, nECoords =  -6
  Elt   5: FocalPlane  : Flat     with Kc= 0.0000D+00, Kr=-1.0000D+22, nECoords =  -6
  Number of output coordinates is   5
  Computed StopPos =  1.671653960475D-07  6.968193039720D+04  1.206971231336D+05
 OPD: Rays being traced =          277
 Compute time was    0.0000 sec
 OPD: nPassRays =     276,    DAvgCumL =              NaN m 
 RMS OPD error is               NaN m 
 P-V OPD error is  -2.000000000D+22 m 
 Average OPD is                        NaN m 
  Input file /tmp/tpb239754e_9e55_407d_9224_ddbbcb2e7071.in being loaded.
 Default used for  SegXgrid
 Default used for nECoord(   1)
 Default used for TElt(   1)
 Default used for nECoord(   2)
 Default used for TElt(   2)
 Default used for nECoord(   3)
 Default used for TElt(   3)
 Default used for nECoord(   4)
 Default used for TElt(   4)
 Default used for nECoord(   5)
 Default used for TElt(   5)
 Optical Train Summary:
  Tracing rays past   5 elements.
  Aperture grid type = Circular  with   21 grid points.
  Elt   1: Reflector   : Aspheric with Kc=-3.7191D+01, Kr= 1.4378D+01, nECoords =  -6
  Elt   2: Reference   : Flat     with Kc= 0.0000D+00, Kr=-1.0000D+22, nECoords =  -6
  Elt   3: Reflector   : Aspheric with Kc= 4.3012D+00, Kr=-1.8964D+00, nECoords =  -6
  Elt   4: Reflector   : Aspheric with Kc= 8.2681D-02, Kr=-1.6754D+00, nECoords =  -6
  Elt   5: FocalPlane  : Flat     with Kc= 0.0000D+00, Kr=-1.0000D+22, nECoords =  -6
  Number of output coordinates is   5
  Computed StopPos = -5.597518514621D-02 -8.888946797645D-01  1.584632740155D+00
 OPD: Rays being traced =          277
 Compute time was    0.0000 sec
  All rays are obscured or lost.
 **Warning: Computing pupil diffraction grid spacing failed!
            Diffraction result is incorrect.
 RMS OPD error is   9.999900000D+36 m 
 P-V OPD error is   0.000000000D+00 m 
 Average OPD is     9.9999000000000000D+36 m 
 One or more rays become undefined at element   3
 A total of      277 rays were lost
   Surface miss:        277
  Input file /tmp/tpb239754e_9e55_407d_9224_ddbbcb2e7071.in being loaded.
 Default used for  SegXgrid
 Default used for nECoord(   1)
 Default used for TElt(   1)
 Default used for nECoord(   2)
 Default used for TElt(   2)
 Default used for nECoord(   3)
 Default used for TElt(   3)
 Default used for nECoord(   4)
 Default used for TElt(   4)
 Default used for nECoord(   5)
 Default used for TElt(   5)
 Optical Train Summary:
  Tracing rays past   5 elements.
  Aperture grid type = Circular  with   21 grid points.
  Elt   1: Reflector   : Aspheric with Kc=-3.7191D+01, Kr= 1.4378D+01, nECoords =  -6
  Elt   2: Reference   : Flat     with Kc= 0.0000D+00, Kr=-1.0000D+22, nECoords =  -6
  Elt   3: Reflector   : Aspheric with Kc= 4.3012D+00, Kr=-1.8964D+00, nECoords =  -6
  Elt   4: Reflector   : Aspheric with Kc= 8.2681D-02, Kr=-1.6754D+00, nECoords =  -6
  Elt   5: FocalPlane  : Flat     with Kc= 0.0000D+00, Kr=-1.0000D+22, nECoords =  -6
  Number of output coordinates is   5
  Computed StopPos = -5.813541572244D-02 -9.171733405579D-01  1.501399924066D+00
 OPD: Rays being traced =          277
 Compute time was    0.0000 sec
  All rays are obscured or lost.
 **Warning: Computing pupil diffraction grid spacing failed!
            Diffraction result is incorrect.
 RMS OPD error is   9.999900000D+36 m 
 P-V OPD error is   0.000000000D+00 m 
 Average OPD is     9.9999000000000000D+36 m 
 One or more rays become undefined at element   3
 A total of      277 rays were lost
   Surface miss:        277
  Input file /tmp/tpb239754e_9e55_407d_9224_ddbbcb2e7071.in being loaded.
 Default used for  SegXgrid
 Default used for nECoord(   1)
 Default used for TElt(   1)
 Default used for nECoord(   2)
 Default used for TElt(   2)
 Default used for nECoord(   3)
 Default used for TElt(   3)
 Default used for nECoord(   4)
 Default used for TElt(   4)
 Default used for nECoord(   5)
 Default used for TElt(   5)
 Optical Train Summary:
  Tracing rays past   5 elements.
  Aperture grid type = Circular  with   21 grid points.
  Elt   1: Reflector   : Aspheric with Kc=-3.7191D+01, Kr= 1.4378D+01, nECoords =  -6
  Elt   2: Reference   : Flat     with Kc= 0.0000D+00, Kr=-1.0000D+22, nECoords =  -6
  Elt   3: Reflector   : Aspheric with Kc= 4.3012D+00, Kr=-1.8964D+00, nECoords =  -6
  Elt   4: Reflector   : Aspheric with Kc= 8.2681D-02, Kr=-1.6754D+00, nECoords =  -6
  Elt   5: FocalPlane  : Flat     with Kc= 0.0000D+00, Kr=-1.0000D+22, nECoords =  -6
    it  1: 1000000000.000 nm   (lam 1.7e+04 -- step rejected)
  Number of output coordinates is   5
  Computed StopPos = -5.708706471099D-02 -9.480216691011D-01  1.439184185568D+00
 OPD: Rays being traced =          277
 Compute time was    0.0000 sec
 OPD: nPassRays =      20,    DAvgCumL =              NaN m 
 RMS OPD error is               NaN m 
 P-V OPD error is  -2.000000000D+22 m 
 Average OPD is                        NaN m 
 One or more rays become undefined at element   3
 A total of      257 rays were lost
   Surface miss:        257
  Input file /tmp/tp306b846a_08ba_4a34_bcfd_ea0b0c817ed2.in being loaded.
 Default used for  SegXgrid
 Default used for nECoord(   1)
 Default used for TElt(   1)
 Default used for nECoord(   2)
 Default used for TElt(   2)
 Default used for nECoord(   3)
 Default used for TElt(   3)
 Default used for nECoord(   4)
 Default used for TElt(   4)
 Default used for nECoord(   5)
 Default used for TElt(   5)
 Optical Train Summary:
  Tracing rays past   5 elements.
  Aperture grid type = Circular  with   41 grid points.
  Elt   1: Reflector   : Aspheric with Kc=-3.7191D+01, Kr= 1.4378D+01, nECoords =  -6
  Elt   2: Reference   : Flat     with Kc= 0.0000D+00, Kr=-1.0000D+22, nECoords =  -6
  Elt   3: Reflector   : Aspheric with Kc= 4.3012D+00, Kr=-1.8964D+00, nECoords =  -6
  Elt   4: Reflector   : Aspheric with Kc= 8.2681D-02, Kr=-1.6754D+00, nECoords =  -6
  Elt   5: FocalPlane  : Flat     with Kc= 0.0000D+00, Kr=-1.0000D+22, nECoords =  -6
  Number of output coordinates is   5
  Computed StopPos =  1.786835555203D-24 -9.203002680707D-01  1.501060753250D+00
 OPD: Rays being traced =         1185
 Compute time was    0.0000 sec
 OPD: nPassRays =      12,    DAvgCumL =  11.21236945D+13 m 
 RMS OPD error is   3.263956049D-02 m 
 P-V OPD error is   0.000000000D+00 m 
 Average OPD is     1.1212369446359873D+14 m 
 One or more rays become undefined at element   3
 A total of     1173 rays were lost
   Surface miss:       1173
  Input file /tmp/tp680950b3_f50d_4f74_968d_1ea31f02c8ad.in being loaded.
 Default used for  SegXgrid
 Default used for nECoord(   1)
 Default used for TElt(   1)
 Default used for nECoord(   2)
 Default used for TElt(   2)
 Default used for nECoord(   3)
 Default used for TElt(   3)
 Default used for nECoord(   4)
 Default used for TElt(   4)
 Default used for nECoord(   5)
 Default used for TElt(   5)
 Optical Train Summary:
  Tracing rays past   5 elements.
  Aperture grid type = Circular  with   41 grid points.
  Elt   1: Reflector   : Aspheric with Kc=-3.7191D+01, Kr= 1.4378D+01, nECoords =  -6
  Elt   2: Reference   : Flat     with Kc= 0.0000D+00, Kr=-1.0000D+22, nECoords =  -6
  Elt   3: Reflector   : Aspheric with Kc= 4.3012D+00, Kr=-1.8964D+00, nECoords =  -6
  Elt   4: Reflector   : Aspheric with Kc= 8.2681D-02, Kr=-1.6754D+00, nECoords =  -6
  Elt   5: FocalPlane  : Flat     with Kc= 0.0000D+00, Kr=-1.0000D+22, nECoords =  -6
  Number of output coordinates is   5
  Computed StopPos =  1.786835555203D-24 -9.203002680707D-01  1.501060753250D+00
 OPD: Rays being traced =         1185
 Compute time was    0.0000 sec
 OPD: nPassRays =    1184,    DAvgCumL =  23.02477151D-01 m 
 RMS OPD error is   4.484732163D-03 m 
 P-V OPD error is   2.053361425D-02 m 
 Average OPD is     4.7074383332589963D-03 m 
  Input file /tmp/tp7658d783_f920_4a83_a07b_a01c97ef0137.in being loaded.
 Default used for  SegXgrid
 Default used for nECoord(   1)
 Default used for TElt(   1)
 Default used for nECoord(   2)
 Default used for TElt(   2)
 Default used for nECoord(   3)
 Default used for TElt(   3)
 Default used for nECoord(   4)
 Default used for TElt(   4)
 Default used for nECoord(   5)
 Default used for TElt(   5)
 Optical Train Summary:
  Tracing rays past   5 elements.
  Aperture grid type = Circular  with   41 grid points.
  Elt   1: Reflector   : Aspheric with Kc=-3.7191D+01, Kr= 1.4378D+01, nECoords =  -6
  Elt   2: Reference   : Flat     with Kc= 0.0000D+00, Kr=-1.0000D+22, nECoords =  -6
  Elt   3: Reflector   : Aspheric with Kc= 4.3012D+00, Kr=-1.8964D+00, nECoords =  -6
  Elt   4: Reflector   : Aspheric with Kc= 8.2681D-02, Kr=-1.6754D+00, nECoords =  -6
  Elt   5: FocalPlane  : Flat     with Kc= 0.0000D+00, Kr=-1.0000D+22, nECoords =  -6
  Number of output coordinates is   5
  Computed StopPos =  5.597518685142D-02 -8.888946832351D-01  1.584632727203D+00
 OPD: Rays being traced =         1185
 Compute time was    0.0000 sec
  All rays are obscured or lost.
 **Warning: Computing pupil diffraction grid spacing failed!
            Diffraction result is incorrect.
 RMS OPD error is   9.999900000D+36 m 
 P-V OPD error is   0.000000000D+00 m 
 Average OPD is     9.9999000000000000D+36 m 
 One or more rays become undefined at element   3
 A total of     1185 rays were lost
   Surface miss:       1185
 OPD: Rays being traced =         1185
 Compute time was    0.0000 sec
 OPD: nPassRays =    1184,    DAvgCumL =  21.75951856D-01 m 
 RMS OPD error is   7.393245696D-03 m 
 P-V OPD error is   3.357268689D-02 m 
 Average OPD is     3.3267243577462121D-03 m 
  Input file /tmp/tp7658d783_f920_4a83_a07b_a01c97ef0137.in being loaded.
 Default used for  SegXgrid
 Default used for nECoord(   1)
 Default used for TElt(   1)
 Default used for nECoord(   2)
 Default used for TElt(   2)
 Default used for nECoord(   3)
 Default used for TElt(   3)
 Default used for nECoord(   4)
 Default used for TElt(   4)
 Default used for nECoord(   5)
 Default used for TElt(   5)
 Optical Train Summary:
  Tracing rays past   5 elements.
  Aperture grid type = Circular  with   41 grid points.
  Elt   1: Reflector   : Aspheric with Kc=-3.7191D+01, Kr= 1.4378D+01, nECoords =  -6
  Elt   2: Reference   : Flat     with Kc= 0.0000D+00, Kr=-1.0000D+22, nECoords =  -6
  Elt   3: Reflector   : Aspheric with Kc= 4.3012D+00, Kr=-1.8964D+00, nECoords =  -6
  Elt   4: Reflector   : Aspheric with Kc= 8.2681D-02, Kr=-1.6754D+00, nECoords =  -6
  Elt   5: FocalPlane  : Flat     with Kc= 0.0000D+00, Kr=-1.0000D+22, nECoords =  -6
  Number of output coordinates is   5
  Computed StopPos =  5.672202265627D-02 -8.941997463161D-01  1.565982881910D+00
 OPD: Rays being traced =         1185
 Compute time was    0.0000 sec
  All rays are obscured or lost.
 **Warning: Computing pupil diffraction grid spacing failed!
            Diffraction result is incorrect.
 RMS OPD error is   9.999900000D+36 m 
 P-V OPD error is   0.000000000D+00 m 
 Average OPD is     9.9999000000000000D+36 m 
 One or more rays become undefined at element   3
 A total of     1185 rays were lost
   Surface miss:       1185
 OPD: Rays being traced =         1185
 Compute time was    0.0000 sec
 OPD: nPassRays =    1184,    DAvgCumL =  22.00351243D-01 m 
 RMS OPD error is   7.008656946D-03 m 
 P-V OPD error is   3.255342544D-02 m 
 Average OPD is     3.5801908139153791D-03 m 
  Input file /tmp/tp7658d783_f920_4a83_a07b_a01c97ef0137.in being loaded.
 Default used for  SegXgrid
 Default used for nECoord(   1)
 Default used for TElt(   1)
 Default used for nECoord(   2)
 Default used for TElt(   2)
 Default used for nECoord(   3)
 Default used for TElt(   3)
 Default used for nECoord(   4)
 Default used for TElt(   4)
 Default used for nECoord(   5)
 Default used for TElt(   5)
 Optical Train Summary:
  Tracing rays past   5 elements.
  Aperture grid type = Circular  with   41 grid points.
  Elt   1: Reflector   : Aspheric with Kc=-3.7191D+01, Kr= 1.4378D+01, nECoords =  -6
  Elt   2: Reference   : Flat     with Kc= 0.0000D+00, Kr=-1.0000D+22, nECoords =  -6
  Elt   3: Reflector   : Aspheric with Kc= 4.3012D+00, Kr=-1.8964D+00, nECoords =  -6
  Elt   4: Reflector   : Aspheric with Kc= 8.2681D-02, Kr=-1.6754D+00, nECoords =  -6
  Elt   5: FocalPlane  : Flat     with Kc= 0.0000D+00, Kr=-1.0000D+22, nECoords =  -6
  Number of output coordinates is   5
  Computed StopPos =  5.730081904438D-02 -8.997116285289D-01  1.548391019149D+00
 OPD: Rays being traced =         1185
 Compute time was    0.0000 sec
  All rays are obscured or lost.
 **Warning: Computing pupil diffraction grid spacing failed!
            Diffraction result is incorrect.
 RMS OPD error is   9.999900000D+36 m 
 P-V OPD error is   0.000000000D+00 m 
 Average OPD is     9.9999000000000000D+36 m 
 One or more rays become undefined at element   3
 A total of     1185 rays were lost
   Surface miss:       1185
 OPD: Rays being traced =         1185
 Compute time was    0.0000 sec
 OPD: nPassRays =    1184,    DAvgCumL =  22.26825736D-01 m 
 RMS OPD error is   6.685322920D-03 m 
 P-V OPD error is   3.156373734D-02 m 
 Average OPD is     3.8497774576132589D-03 m 
  Input file /tmp/tp7658d783_f920_4a83_a07b_a01c97ef0137.in being loaded.
 Default used for  SegXgrid
 Default used for nECoord(   1)
 Default used for TElt(   1)
 Default used for nECoord(   2)
 Default used for TElt(   2)
 Default used for nECoord(   3)
 Default used for TElt(   3)
 Default used for nECoord(   4)
 Default used for TElt(   4)
 Default used for nECoord(   5)
 Default used for TElt(   5)
 Optical Train Summary:
  Tracing rays past   5 elements.
  Aperture grid type = Circular  with   41 grid points.
  Elt   1: Reflector   : Aspheric with Kc=-3.7191D+01, Kr= 1.4378D+01, nECoords =  -6
  Elt   2: Reference   : Flat     with Kc= 0.0000D+00, Kr=-1.0000D+22, nECoords =  -6
  Elt   3: Reflector   : Aspheric with Kc= 4.3012D+00, Kr=-1.8964D+00, nECoords =  -6
  Elt   4: Reflector   : Aspheric with Kc= 8.2681D-02, Kr=-1.6754D+00, nECoords =  -6
  Elt   5: FocalPlane  : Flat     with Kc= 0.0000D+00, Kr=-1.0000D+22, nECoords =  -6
  Number of output coordinates is   5
  Computed StopPos =  5.772240537826D-02 -9.053967409476D-01  1.531800672682D+00
 OPD: Rays being traced =         1185
 Compute time was    0.0000 sec
  All rays are obscured or lost.
 **Warning: Computing pupil diffraction grid spacing failed!
            Diffraction result is incorrect.
 RMS OPD error is   9.999900000D+36 m 
 P-V OPD error is   0.000000000D+00 m 
 Average OPD is     9.9999000000000000D+36 m 
 One or more rays become undefined at element   3
 A total of     1185 rays were lost
   Surface miss:       1185
 OPD: Rays being traced =         1185
 Compute time was    0.0000 sec
 OPD: nPassRays =    1184,    DAvgCumL =  22.55445425D-01 m 
 RMS OPD error is   6.445800329D-03 m 
 P-V OPD error is   3.061433346D-02 m 
 Average OPD is     4.1361295992199893D-03 m 
  Input file /tmp/tp7658d783_f920_4a83_a07b_a01c97ef0137.in being loaded.
 Default used for  SegXgrid
 Default used for nECoord(   1)
 Default used for TElt(   1)
 Default used for nECoord(   2)
 Default used for TElt(   2)
 Default used for nECoord(   3)
 Default used for TElt(   3)
 Default used for nECoord(   4)
 Default used for TElt(   4)
 Default used for nECoord(   5)
 Default used for TElt(   5)
 Optical Train Summary:
  Tracing rays past   5 elements.
  Aperture grid type = Circular  with   41 grid points.
  Elt   1: Reflector   : Aspheric with Kc=-3.7191D+01, Kr= 1.4378D+01, nECoords =  -6
  Elt   2: Reference   : Flat     with Kc= 0.0000D+00, Kr=-1.0000D+22, nECoords =  -6
  Elt   3: Reflector   : Aspheric with Kc= 4.3012D+00, Kr=-1.8964D+00, nECoords =  -6
  Elt   4: Reflector   : Aspheric with Kc= 8.2681D-02, Kr=-1.6754D+00, nECoords =  -6
  Elt   5: FocalPlane  : Flat     with Kc= 0.0000D+00, Kr=-1.0000D+22, nECoords =  -6
  Number of output coordinates is   5
  Computed StopPos =  5.799703374445D-02 -9.112251111077D-01  1.516157167205D+00
 OPD: Rays being traced =         1185
 Compute time was    0.0000 sec
  All rays are obscured or lost.
 **Warning: Computing pupil diffraction grid spacing failed!
            Diffraction result is incorrect.
 RMS OPD error is   9.999900000D+36 m 
 P-V OPD error is   0.000000000D+00 m 
 Average OPD is     9.9999000000000000D+36 m 
 One or more rays become undefined at element   3
 A total of     1185 rays were lost
   Surface miss:       1185
 OPD: Rays being traced =         1185
 Compute time was    0.0000 sec
 OPD: nPassRays =    1184,    DAvgCumL =  22.86287416D-01 m 
 RMS OPD error is   6.314362183D-03 m 
 P-V OPD error is   2.982736199D-02 m 
 Average OPD is     4.4398707609958942D-03 m 
  Input file /tmp/tp7658d783_f920_4a83_a07b_a01c97ef0137.in being loaded.
 Default used for  SegXgrid
 Default used for nECoord(   1)
 Default used for TElt(   1)
 Default used for nECoord(   2)
 Default used for TElt(   2)
 Default used for nECoord(   3)
 Default used for TElt(   3)
 Default used for nECoord(   4)
 Default used for TElt(   4)
 Default used for nECoord(   5)
 Default used for TElt(   5)
 Optical Train Summary:
  Tracing rays past   5 elements.
  Aperture grid type = Circular  with   41 grid points.
  Elt   1: Reflector   : Aspheric with Kc=-3.7191D+01, Kr= 1.4378D+01, nECoords =  -6
  Elt   2: Reference   : Flat     with Kc= 0.0000D+00, Kr=-1.0000D+22, nECoords =  -6
  Elt   3: Reflector   : Aspheric with Kc= 4.3012D+00, Kr=-1.8964D+00, nECoords =  -6
  Elt   4: Reflector   : Aspheric with Kc= 8.2681D-02, Kr=-1.6754D+00, nECoords =  -6
  Elt   5: FocalPlane  : Flat     with Kc= 0.0000D+00, Kr=-1.0000D+22, nECoords =  -6
  Number of output coordinates is   5
  Computed StopPos =  5.813541573465D-02 -9.171733405963D-01  1.501399923973D+00
 OPD: Rays being traced =         1185
 Compute time was    0.0000 sec
 OPD: nPassRays =      12,    DAvgCumL =              NaN m 
 RMS OPD error is               NaN m 
 P-V OPD error is  -2.000000000D+22 m 
 Average OPD is                        NaN m 
 One or more rays become undefined at element   3
 A total of     1173 rays were lost
   Surface miss:       1173
 OPD: Rays being traced =         1185
 Compute time was    0.0000 sec
 OPD: nPassRays =    1184,    DAvgCumL =  23.19436589D-01 m 
 RMS OPD error is   6.313581402D-03 m 
 P-V OPD error is   2.915396940D-02 m 
 Average OPD is     4.7616035537937917D-03 m 
  Input file /tmp/tp7658d783_f920_4a83_a07b_a01c97ef0137.in being loaded.
 Default used for  SegXgrid
 Default used for nECoord(   1)
 Default used for TElt(   1)
 Default used for nECoord(   2)
 Default used for TElt(   2)
 Default used for nECoord(   3)
 Default used for TElt(   3)
 Default used for nECoord(   4)
 Default used for TElt(   4)
 Default used for nECoord(   5)
 Default used for TElt(   5)
 Optical Train Summary:
  Tracing rays past   5 elements.
  Aperture grid type = Circular  with   41 grid points.
  Elt   1: Reflector   : Aspheric with Kc=-3.7191D+01, Kr= 1.4378D+01, nECoords =  -6
  Elt   2: Reference   : Flat     with Kc= 0.0000D+00, Kr=-1.0000D+22, nECoords =  -6
  Elt   3: Reflector   : Aspheric with Kc= 4.3012D+00, Kr=-1.8964D+00, nECoords =  -6
  Elt   4: Reflector   : Aspheric with Kc= 8.2681D-02, Kr=-1.6754D+00, nECoords =  -6
  Elt   5: FocalPlane  : Flat     with Kc= 0.0000D+00, Kr=-1.0000D+22, nECoords =  -6
  Number of output coordinates is   5
  Computed StopPos =  5.813064477627D-02 -9.171737437364D-01  1.501400142479D+00
 OPD: Rays being traced =         1185
 Compute time was    0.0000 sec
 OPD: nPassRays =      12,    DAvgCumL =              NaN m 
 RMS OPD error is               NaN m 
 P-V OPD error is  -2.000000000D+22 m 
 Average OPD is                        NaN m 
 One or more rays become undefined at element   3
 A total of     1173 rays were lost
   Surface miss:       1173
  Input file /tmp/tp7658d783_f920_4a83_a07b_a01c97ef0137.in being loaded.
 Default used for  SegXgrid
 Default used for nECoord(   1)
 Default used for TElt(   1)
 Default used for nECoord(   2)
 Default used for TElt(   2)
 Default used for nECoord(   3)
 Default used for TElt(   3)
 Default used for nECoord(   4)
 Default used for TElt(   4)
 Default used for nECoord(   5)
 Default used for TElt(   5)
 Optical Train Summary:
  Tracing rays past   5 elements.
  Aperture grid type = Circular  with   41 grid points.
  Elt   1: Reflector   : Aspheric with Kc=-3.7191D+01, Kr= 1.4378D+01, nECoords =  -6
  Elt   2: Reference   : Flat     with Kc= 0.0000D+00, Kr=-1.0000D+22, nECoords =  -6
  Elt   3: Reflector   : Aspheric with Kc= 4.3012D+00, Kr=-1.8964D+00, nECoords =  -6
  Elt   4: Reflector   : Aspheric with Kc= 8.2681D-02, Kr=-1.6754D+00, nECoords =  -6
  Elt   5: FocalPlane  : Flat     with Kc= 0.0000D+00, Kr=-1.0000D+22, nECoords =  -6
  Number of output coordinates is   5
  Computed StopPos =  5.814612320766D-02 -9.232167318543D-01  1.487482387937D+00
 OPD: Rays being traced =         1185
 Compute time was    0.0000 sec
 OPD: nPassRays =      30,    DAvgCumL =              NaN m 
 RMS OPD error is               NaN m 
 P-V OPD error is  -2.000000000D+22 m 
 Average OPD is                        NaN m 
 One or more rays become undefined at element   3
 A total of     1155 rays were lost
   Surface miss:       1155
 OPD: Rays being traced =         1185
 Compute time was    0.0000 sec
 OPD: nPassRays =    1184,    DAvgCumL =  23.54986457D-01 m 
 RMS OPD error is   6.460014638D-03 m 
 P-V OPD error is   2.858231620D-02 m 
 Average OPD is     5.1019110049353731D-03 m 
  Input file /tmp/tp7658d783_f920_4a83_a07b_a01c97ef0137.in being loaded.
 Default used for  SegXgrid
 Default used for nECoord(   1)
 Default used for TElt(   1)
 Default used for nECoord(   2)
 Default used for TElt(   2)
 Default used for nECoord(   3)
 Default used for TElt(   3)
 Default used for nECoord(   4)
 Default used for TElt(   4)
 Default used for nECoord(   5)
 Default used for TElt(   5)
 Optical Train Summary:
  Tracing rays past   5 elements.
  Aperture grid type = Circular  with   41 grid points.
  Elt   1: Reflector   : Aspheric with Kc=-3.7191D+01, Kr= 1.4378D+01, nECoords =  -6
  Elt   2: Reference   : Flat     with Kc= 0.0000D+00, Kr=-1.0000D+22, nECoords =  -6
  Elt   3: Reflector   : Aspheric with Kc= 4.3012D+00, Kr=-1.8964D+00, nECoords =  -6
  Elt   4: Reflector   : Aspheric with Kc= 8.2681D-02, Kr=-1.6754D+00, nECoords =  -6
  Elt   5: FocalPlane  : Flat     with Kc= 0.0000D+00, Kr=-1.0000D+22, nECoords =  -6
  Number of output coordinates is   5
  Computed StopPos =  5.814129730815D-02 -9.232171249942D-01  1.487482597092D+00
 OPD: Rays being traced =         1185
 Compute time was    0.0000 sec
 OPD: nPassRays =      30,    DAvgCumL =              NaN m 
 RMS OPD error is               NaN m 
 P-V OPD error is  -2.000000000D+22 m 
 Average OPD is                        NaN m 
 One or more rays become undefined at element   3
 A total of     1155 rays were lost
   Surface miss:       1155
  Input file /tmp/tp7658d783_f920_4a83_a07b_a01c97ef0137.in being loaded.
 Default used for  SegXgrid
 Default used for nECoord(   1)
 Default used for TElt(   1)
 Default used for nECoord(   2)
 Default used for TElt(   2)
 Default used for nECoord(   3)
 Default used for TElt(   3)
 Default used for nECoord(   4)
 Default used for TElt(   4)
 Default used for nECoord(   5)
 Default used for TElt(   5)
 Optical Train Summary:
  Tracing rays past   5 elements.
  Aperture grid type = Circular  with   41 grid points.
  Elt   1: Reflector   : Aspheric with Kc=-3.7191D+01, Kr= 1.4378D+01, nECoords =  -6
  Elt   2: Reference   : Flat     with Kc= 0.0000D+00, Kr=-1.0000D+22, nECoords =  -6
  Elt   3: Reflector   : Aspheric with Kc= 4.3012D+00, Kr=-1.8964D+00, nECoords =  -6
  Elt   4: Reflector   : Aspheric with Kc= 8.2681D-02, Kr=-1.6754D+00, nECoords =  -6
  Elt   5: FocalPlane  : Flat     with Kc= 0.0000D+00, Kr=-1.0000D+22, nECoords =  -6
  Number of output coordinates is   5
  Computed StopPos =  5.803898934400D-02 -9.293394702695D-01  1.474346376160D+00
 OPD: Rays being traced =         1185
 Compute time was    0.0000 sec
 OPD: nPassRays =      50,    DAvgCumL =              NaN m 
 RMS OPD error is               NaN m 
 P-V OPD error is  -2.000000000D+22 m 
 Average OPD is                        NaN m 
 One or more rays become undefined at element   3
 A total of     1135 rays were lost
   Surface miss:       1135
 OPD: Rays being traced =         1185
 Compute time was    0.0000 sec
 OPD: nPassRays =    1184,    DAvgCumL =  23.93040152D-01 m 
 RMS OPD error is   6.760882887D-03 m 
 P-V OPD error is   2.861825238D-02 m 
 Average OPD is     5.4613582498558326D-03 m 
  Input file /tmp/tp7658d783_f920_4a83_a07b_a01c97ef0137.in being loaded.
 Default used for  SegXgrid
 Default used for nECoord(   1)
 Default used for TElt(   1)
 Default used for nECoord(   2)
 Default used for TElt(   2)
 Default used for nECoord(   3)
 Default used for TElt(   3)
 Default used for nECoord(   4)
 Default used for TElt(   4)
 Default used for nECoord(   5)
 Default used for TElt(   5)
 Optical Train Summary:
  Tracing rays past   5 elements.
  Aperture grid type = Circular  with   41 grid points.
  Elt   1: Reflector   : Aspheric with Kc=-3.7191D+01, Kr= 1.4378D+01, nECoords =  -6
  Elt   2: Reference   : Flat     with Kc= 0.0000D+00, Kr=-1.0000D+22, nECoords =  -6
  Elt   3: Reflector   : Aspheric with Kc= 4.3012D+00, Kr=-1.8964D+00, nECoords =  -6
  Elt   4: Reflector   : Aspheric with Kc= 8.2681D-02, Kr=-1.6754D+00, nECoords =  -6
  Elt   5: FocalPlane  : Flat     with Kc= 0.0000D+00, Kr=-1.0000D+22, nECoords =  -6
  Number of output coordinates is   5
  Computed StopPos =  5.803411320564D-02 -9.293398512498D-01  1.474346580174D+00
 OPD: Rays being traced =         1185
 Compute time was    0.0000 sec
 OPD: nPassRays =      50,    DAvgCumL =              NaN m 
 RMS OPD error is               NaN m 
 P-V OPD error is  -2.000000000D+22 m 
 Average OPD is                        NaN m 
 One or more rays become undefined at element   3
 A total of     1135 rays were lost
   Surface miss:       1135
  Input file /tmp/tp7658d783_f920_4a83_a07b_a01c97ef0137.in being loaded.
 Default used for  SegXgrid
 Default used for nECoord(   1)
 Default used for TElt(   1)
 Default used for nECoord(   2)
 Default used for TElt(   2)
 Default used for nECoord(   3)
 Default used for TElt(   3)
 Default used for nECoord(   4)
 Default used for TElt(   4)
 Default used for nECoord(   5)
 Default used for TElt(   5)
 Optical Train Summary:
  Tracing rays past   5 elements.
  Aperture grid type = Circular  with   41 grid points.
  Elt   1: Reflector   : Aspheric with Kc=-3.7191D+01, Kr= 1.4378D+01, nECoords =  -6
  Elt   2: Reference   : Flat     with Kc= 0.0000D+00, Kr=-1.0000D+22, nECoords =  -6
  Elt   3: Reflector   : Aspheric with Kc= 4.3012D+00, Kr=-1.8964D+00, nECoords =  -6
  Elt   4: Reflector   : Aspheric with Kc= 8.2681D-02, Kr=-1.6754D+00, nECoords =  -6
  Elt   5: FocalPlane  : Flat     with Kc= 0.0000D+00, Kr=-1.0000D+22, nECoords =  -6
  Number of output coordinates is   5
  Computed StopPos = -8.836631978947D-01 -2.809614548342D+00 -1.868165543411D+00
 OPD: Rays being traced =         1185
 Compute time was    0.0000 sec
  All rays are obscured or lost.
 **Warning: Computing pupil diffraction grid spacing failed!
            Diffraction result is incorrect.
 RMS OPD error is   9.999900000D+36 m 
 P-V OPD error is   0.000000000D+00 m 
 Average OPD is     9.9999000000000000D+36 m 
 One or more rays become undefined at element   3
 A total of     1185 rays were lost
   Surface miss:       1185
 OPD: Rays being traced =         1185
 Compute time was    0.0000 sec
 OPD: nPassRays =    1184,    DAvgCumL = -50.33737084D-02 m 
 RMS OPD error is   3.193056946D-02 m 
 P-V OPD error is   1.257977514D-01 m 
 Average OPD is    -1.4524355647799112D-03 m 
  Input file /tmp/tp7658d783_f920_4a83_a07b_a01c97ef0137.in being loaded.
 Default used for  SegXgrid
 Default used for nECoord(   1)
 Default used for TElt(   1)
 Default used for nECoord(   2)
 Default used for TElt(   2)
 Default used for nECoord(   3)
 Default used for TElt(   3)
 Default used for nECoord(   4)
 Default used for TElt(   4)
 Default used for nECoord(   5)
 Default used for TElt(   5)
 Optical Train Summary:
  Tracing rays past   5 elements.
  Aperture grid type = Circular  with   41 grid points.
  Elt   1: Reflector   : Aspheric with Kc=-3.7191D+01, Kr= 1.4378D+01, nECoords =  -6
  Elt   2: Reference   : Flat     with Kc= 0.0000D+00, Kr=-1.0000D+22, nECoords =  -6
  Elt   3: Reflector   : Aspheric with Kc= 4.3012D+00, Kr=-1.8964D+00, nECoords =  -6
  Elt   4: Reflector   : Aspheric with Kc= 8.2681D-02, Kr=-1.6754D+00, nECoords =  -6
  Elt   5: FocalPlane  : Flat     with Kc= 0.0000D+00, Kr=-1.0000D+22, nECoords =  -6
  Number of output coordinates is   5
  Computed StopPos = -8.930636549748D-01 -2.929524814484D+00 -2.091638916298D+00
 OPD: Rays being traced =         1185
 Compute time was    0.0000 sec
  All rays are obscured or lost.
 **Warning: Computing pupil diffraction grid spacing failed!
            Diffraction result is incorrect.
 RMS OPD error is   9.999900000D+36 m 
 P-V OPD error is   0.000000000D+00 m 
 Average OPD is     9.9999000000000000D+36 m 
 One or more rays become undefined at element   3
 A total of     1185 rays were lost
   Surface miss:       1185
 OPD: Rays being traced =         1185
 Compute time was    0.0000 sec
 OPD: nPassRays =    1184,    DAvgCumL = -46.59618382D-02 m 
 RMS OPD error is   3.790295197D-02 m 
 P-V OPD error is   1.487458300D-01 m 
 Average OPD is    -2.0392244080337557D-03 m 
  Input file /tmp/tp7658d783_f920_4a83_a07b_a01c97ef0137.in being loaded.
 Default used for  SegXgrid
 Default used for nECoord(   1)
 Default used for TElt(   1)
 Default used for nECoord(   2)
 Default used for TElt(   2)
 Default used for nECoord(   3)
 Default used for TElt(   3)
 Default used for nECoord(   4)
 Default used for TElt(   4)
 Default used for nECoord(   5)
 Default used for TElt(   5)
 Optical Train Summary:
  Tracing rays past   5 elements.
  Aperture grid type = Circular  with   41 grid points.
  Elt   1: Reflector   : Aspheric with Kc=-3.7191D+01, Kr= 1.4378D+01, nECoords =  -6
  Elt   2: Reference   : Flat     with Kc= 0.0000D+00, Kr=-1.0000D+22, nECoords =  -6
  Elt   3: Reflector   : Aspheric with Kc= 4.3012D+00, Kr=-1.8964D+00, nECoords =  -6
  Elt   4: Reflector   : Aspheric with Kc= 8.2681D-02, Kr=-1.6754D+00, nECoords =  -6
  Elt   5: FocalPlane  : Flat     with Kc= 0.0000D+00, Kr=-1.0000D+22, nECoords =  -6
  Number of output coordinates is   5
  Computed StopPos =  5.708706471099D-02 -9.480216691011D-01  1.439184185568D+00
 OPD: Rays being traced =         1185
 Compute time was    0.0000 sec
 OPD: nPassRays =     105,    DAvgCumL =              NaN m 
 RMS OPD error is               NaN m 
 P-V OPD error is  -2.000000000D+22 m 
 Average OPD is                        NaN m 
 One or more rays become undefined at element   3
 A total of     1080 rays were lost
   Surface miss:       1080
 OPD: Rays being traced =         1185
 Compute time was    0.0000 sec
 OPD: nPassRays =    1184,    DAvgCumL =  25.23424892D-01 m 
 RMS OPD error is   8.530701096D-03 m 
 P-V OPD error is   3.852241696D-02 m 
 Average OPD is     6.6599663890079186D-03 m 
  Input file /tmp/tp7658d783_f920_4a83_a07b_a01c97ef0137.in being loaded.
 Default used for  SegXgrid
 Default used for nECoord(   1)
 Default used for TElt(   1)
 Default used for nECoord(   2)
 Default used for TElt(   2)
 Default used for nECoord(   3)
 Default used for TElt(   3)
 Default used for nECoord(   4)
 Default used for TElt(   4)
 Default used for nECoord(   5)
 Default used for TElt(   5)
 Optical Train Summary:
  Tracing rays past   5 elements.
  Aperture grid type = Circular  with   41 grid points.
  Elt   1: Reflector   : Aspheric with Kc=-3.7191D+01, Kr= 1.4378D+01, nECoords =  -6
  Elt   2: Reference   : Flat     with Kc= 0.0000D+00, Kr=-1.0000D+22, nECoords =  -6
  Elt   3: Reflector   : Aspheric with Kc= 4.3012D+00, Kr=-1.8964D+00, nECoords =  -6
  Elt   4: Reflector   : Aspheric with Kc= 8.2681D-02, Kr=-1.6754D+00, nECoords =  -6
  Elt   5: FocalPlane  : Flat     with Kc= 0.0000D+00, Kr=-1.0000D+22, nECoords =  -6
  Number of output coordinates is   5
  Computed StopPos =  5.708206320130D-02 -9.480220075085D-01  1.439184381911D+00
 OPD: Rays being traced =         1185
 Compute time was    0.0000 sec
 OPD: nPassRays =     105,    DAvgCumL =              NaN m 
 RMS OPD error is               NaN m 
 P-V OPD error is  -2.000000000D+22 m 
 Average OPD is                        NaN m 
 One or more rays become undefined at element   3
 A total of     1080 rays were lost
   Surface miss:       1080
  Input file /tmp/tp7658d783_f920_4a83_a07b_a01c97ef0137.in being loaded.
 Default used for  SegXgrid
 Default used for nECoord(   1)
 Default used for TElt(   1)
 Default used for nECoord(   2)
 Default used for TElt(   2)
 Default used for nECoord(   3)
 Default used for TElt(   3)
 Default used for nECoord(   4)
 Default used for TElt(   4)
 Default used for nECoord(   5)
 Default used for TElt(   5)
 Optical Train Summary:
  Tracing rays past   5 elements.
  Aperture grid type = Circular  with   41 grid points.
  Elt   1: Reflector   : Aspheric with Kc=-3.7191D+01, Kr= 1.4378D+01, nECoords =  -6
  Elt   2: Reference   : Flat     with Kc= 0.0000D+00, Kr=-1.0000D+22, nECoords =  -6
  Elt   3: Reflector   : Aspheric with Kc= 4.3012D+00, Kr=-1.8964D+00, nECoords =  -6
  Elt   4: Reflector   : Aspheric with Kc= 8.2681D-02, Kr=-1.6754D+00, nECoords =  -6
  Elt   5: FocalPlane  : Flat     with Kc= 0.0000D+00, Kr=-1.0000D+22, nECoords =  -6
  Number of output coordinates is   5
  Computed StopPos =  4.484864904807D-02 -8.900334580931D-01  1.584780584896D+00
 OPD: Rays being traced =         1185
 Compute time was    0.0000 sec
  All rays are obscured or lost.
 **Warning: Computing pupil diffraction grid spacing failed!
            Diffraction result is incorrect.
 RMS OPD error is   9.999900000D+36 m 
 P-V OPD error is   0.000000000D+00 m 
 Average OPD is     9.9999000000000000D+36 m 
 One or more rays become undefined at element   3
 A total of     1185 rays were lost
   Surface miss:       1185
 OPD: Rays being traced =         1185
 Compute time was    0.0000 sec
 OPD: nPassRays =    1184,    DAvgCumL =  21.69517266D-01 m 
 RMS OPD error is   6.934697278D-03 m 
 P-V OPD error is   3.162383411D-02 m 
 Average OPD is     3.3110656011565405D-03 m 
  Input file /tmp/tp7658d783_f920_4a83_a07b_a01c97ef0137.in being loaded.
 Default used for  SegXgrid
 Default used for nECoord(   1)
 Default used for TElt(   1)
 Default used for nECoord(   2)
 Default used for TElt(   2)
 Default used for nECoord(   3)
 Default used for TElt(   3)
 Default used for nECoord(   4)
 Default used for TElt(   4)
 Default used for nECoord(   5)
 Default used for TElt(   5)
 Optical Train Summary:
  Tracing rays past   5 elements.
  Aperture grid type = Circular  with   41 grid points.
  Elt   1: Reflector   : Aspheric with Kc=-3.7191D+01, Kr= 1.4378D+01, nECoords =  -6
  Elt   2: Reference   : Flat     with Kc= 0.0000D+00, Kr=-1.0000D+22, nECoords =  -6
  Elt   3: Reflector   : Aspheric with Kc= 4.3012D+00, Kr=-1.8964D+00, nECoords =  -6
  Elt   4: Reflector   : Aspheric with Kc= 8.2681D-02, Kr=-1.6754D+00, nECoords =  -6
  Elt   5: FocalPlane  : Flat     with Kc= 0.0000D+00, Kr=-1.0000D+22, nECoords =  -6
  Number of output coordinates is   5
  Computed StopPos =  4.544883550545D-02 -8.953453561232D-01  1.566045967127D+00
 OPD: Rays being traced =         1185
 Compute time was    0.0000 sec
  All rays are obscured or lost.
 **Warning: Computing pupil diffraction grid spacing failed!
            Diffraction result is incorrect.
 RMS OPD error is   9.999900000D+36 m 
 P-V OPD error is   0.000000000D+00 m 
 Average OPD is     9.9999000000000000D+36 m 
 One or more rays become undefined at element   3
 A total of     1185 rays were lost
   Surface miss:       1185
 OPD: Rays being traced =         1185
 Compute time was    0.0039 sec
 OPD: nPassRays =    1184,    DAvgCumL =  21.93964191D-01 m 
 RMS OPD error is   6.516303413D-03 m 
 P-V OPD error is   3.052745941D-02 m 
 Average OPD is     3.5637048399921999D-03 m 
  Input file /tmp/tp7658d783_f920_4a83_a07b_a01c97ef0137.in being loaded.
 Default used for  SegXgrid
 Default used for nECoord(   1)
 Default used for TElt(   1)
 Default used for nECoord(   2)
 Default used for TElt(   2)
 Default used for nECoord(   3)
 Default used for TElt(   3)
 Default used for nECoord(   4)
 Default used for TElt(   4)
 Default used for nECoord(   5)
 Default used for TElt(   5)
 Optical Train Summary:
  Tracing rays past   5 elements.
  Aperture grid type = Circular  with   41 grid points.
  Elt   1: Reflector   : Aspheric with Kc=-3.7191D+01, Kr= 1.4378D+01, nECoords =  -6
  Elt   2: Reference   : Flat     with Kc= 0.0000D+00, Kr=-1.0000D+22, nECoords =  -6
  Elt   3: Reflector   : Aspheric with Kc= 4.3012D+00, Kr=-1.8964D+00, nECoords =  -6
  Elt   4: Reflector   : Aspheric with Kc= 8.2681D-02, Kr=-1.6754D+00, nECoords =  -6
  Elt   5: FocalPlane  : Flat     with Kc= 0.0000D+00, Kr=-1.0000D+22, nECoords =  -6
  Number of output coordinates is   5
  Computed StopPos =  4.591261329264D-02 -9.008596662694D-01  1.548386601945D+00
 OPD: Rays being traced =         1185
 Compute time was    0.0000 sec
  All rays are obscured or lost.
 **Warning: Computing pupil diffraction grid spacing failed!
            Diffraction result is incorrect.
 RMS OPD error is   9.999900000D+36 m 
 P-V OPD error is   0.000000000D+00 m 
 Average OPD is     9.9999000000000000D+36 m 
 One or more rays become undefined at element   3
 A total of     1185 rays were lost
   Surface miss:       1185
 OPD: Rays being traced =         1185
 Compute time was    0.0000 sec
 OPD: nPassRays =    1184,    DAvgCumL =  22.20492337D-01 m 
 RMS OPD error is   6.157853253D-03 m 
 P-V OPD error is   2.955228609D-02 m 
 Average OPD is     3.8324636922301104D-03 m 
  Input file /tmp/tp7658d783_f920_4a83_a07b_a01c97ef0137.in being loaded.
 Default used for  SegXgrid
 Default used for nECoord(   1)
 Default used for TElt(   1)
 Default used for nECoord(   2)
 Default used for TElt(   2)
 Default used for nECoord(   3)
 Default used for TElt(   3)
 Default used for nECoord(   4)
 Default used for TElt(   4)
 Default used for nECoord(   5)
 Default used for TElt(   5)
 Optical Train Summary:
  Tracing rays past   5 elements.
  Aperture grid type = Circular  with   41 grid points.
  Elt   1: Reflector   : Aspheric with Kc=-3.7191D+01, Kr= 1.4378D+01, nECoords =  -6
  Elt   2: Reference   : Flat     with Kc= 0.0000D+00, Kr=-1.0000D+22, nECoords =  -6
  Elt   3: Reflector   : Aspheric with Kc= 4.3012D+00, Kr=-1.8964D+00, nECoords =  -6
  Elt   4: Reflector   : Aspheric with Kc= 8.2681D-02, Kr=-1.6754D+00, nECoords =  -6
  Elt   5: FocalPlane  : Flat     with Kc= 0.0000D+00, Kr=-1.0000D+22, nECoords =  -6
  Number of output coordinates is   5
  Computed StopPos =  4.624892407144D-02 -9.065426171458D-01  1.531743957873D+00
 OPD: Rays being traced =         1185
 Compute time was    0.0000 sec
  All rays are obscured or lost.
 **Warning: Computing pupil diffraction grid spacing failed!
            Diffraction result is incorrect.
 RMS OPD error is   9.999900000D+36 m 
 P-V OPD error is   0.000000000D+00 m 
 Average OPD is     9.9999000000000000D+36 m 
 One or more rays become undefined at element   3
 A total of     1185 rays were lost
   Surface miss:       1185
 OPD: Rays being traced =         1185
 Compute time was    0.0000 sec
 OPD: nPassRays =    1184,    DAvgCumL =  22.49171766D-01 m 
 RMS OPD error is   5.885175822D-03 m 
 P-V OPD error is   2.862624180D-02 m 
 Average OPD is     4.1179987126070856D-03 m 
  Input file /tmp/tp7658d783_f920_4a83_a07b_a01c97ef0137.in being loaded.
 Default used for  SegXgrid
 Default used for nECoord(   1)
 Default used for TElt(   1)
 Default used for nECoord(   2)
 Default used for TElt(   2)
 Default used for nECoord(   3)
 Default used for TElt(   3)
 Default used for nECoord(   4)
 Default used for TElt(   4)
 Default used for nECoord(   5)
 Default used for TElt(   5)
 Optical Train Summary:
  Tracing rays past   5 elements.
  Aperture grid type = Circular  with   41 grid points.
  Elt   1: Reflector   : Aspheric with Kc=-3.7191D+01, Kr= 1.4378D+01, nECoords =  -6
  Elt   2: Reference   : Flat     with Kc= 0.0000D+00, Kr=-1.0000D+22, nECoords =  -6
  Elt   3: Reflector   : Aspheric with Kc= 4.3012D+00, Kr=-1.8964D+00, nECoords =  -6
  Elt   4: Reflector   : Aspheric with Kc= 8.2681D-02, Kr=-1.6754D+00, nECoords =  -6
  Elt   5: FocalPlane  : Flat     with Kc= 0.0000D+00, Kr=-1.0000D+22, nECoords =  -6
  Number of output coordinates is   5
  Computed StopPos =  4.646630756458D-02 -9.123644563954D-01  1.516060673388D+00
 OPD: Rays being traced =         1185
 Compute time was    0.0000 sec
  All rays are obscured or lost.
 **Warning: Computing pupil diffraction grid spacing failed!
            Diffraction result is incorrect.
 RMS OPD error is   9.999900000D+36 m 
 P-V OPD error is   0.000000000D+00 m 
 Average OPD is     9.9999000000000000D+36 m 
 One or more rays become undefined at element   3
 A total of     1185 rays were lost
   Surface miss:       1185
 OPD: Rays being traced =         1185
 Compute time was    0.0000 sec
 OPD: nPassRays =    1184,    DAvgCumL =  22.80079530D-01 m 
 RMS OPD error is   5.727066889D-03 m 
 P-V OPD error is   2.786175813D-02 m 
 Average OPD is     4.4209440751750229D-03 m 
  Input file /tmp/tp7658d783_f920_4a83_a07b_a01c97ef0137.in being loaded.
 Default used for  SegXgrid
 Default used for nECoord(   1)
 Default used for TElt(   1)
 Default used for nECoord(   2)
 Default used for TElt(   2)
 Default used for nECoord(   3)
 Default used for TElt(   3)
 Default used for nECoord(   4)
 Default used for TElt(   4)
 Default used for nECoord(   5)
 Default used for TElt(   5)
 Optical Train Summary:
  Tracing rays past   5 elements.
  Aperture grid type = Circular  with   41 grid points.
  Elt   1: Reflector   : Aspheric with Kc=-3.7191D+01, Kr= 1.4378D+01, nECoords =  -6
  Elt   2: Reference   : Flat     with Kc= 0.0000D+00, Kr=-1.0000D+22, nECoords =  -6
  Elt   3: Reflector   : Aspheric with Kc= 4.3012D+00, Kr=-1.8964D+00, nECoords =  -6
  Elt   4: Reflector   : Aspheric with Kc= 8.2681D-02, Kr=-1.6754D+00, nECoords =  -6
  Elt   5: FocalPlane  : Flat     with Kc= 0.0000D+00, Kr=-1.0000D+22, nECoords =  -6
  Number of output coordinates is   5
  Computed StopPos =  4.657338194742D-02 -9.183011389258D-01  1.501276167376D+00
 OPD: Rays being traced =         1185
 Compute time was    0.0000 sec
 OPD: nPassRays =      12,    DAvgCumL =              NaN m 
 RMS OPD error is               NaN m 
 P-V OPD error is  -2.000000000D+22 m 
 Average OPD is                        NaN m 
 One or more rays become undefined at element   3
 A total of     1173 rays were lost
   Surface miss:       1173
 OPD: Rays being traced =         1185
 Compute time was    0.0000 sec
 OPD: nPassRays =    1184,    DAvgCumL =  23.13300419D-01 m 
 RMS OPD error is   5.710845297D-03 m 
 P-V OPD error is   2.721246947D-02 m 
 Average OPD is     4.7419123316591021D-03 m 
  Input file /tmp/tp7658d783_f920_4a83_a07b_a01c97ef0137.in being loaded.
 Default used for  SegXgrid
 Default used for nECoord(   1)
 Default used for TElt(   1)
 Default used for nECoord(   2)
 Default used for TElt(   2)
 Default used for nECoord(   3)
 Default used for TElt(   3)
 Default used for nECoord(   4)
 Default used for TElt(   4)
 Default used for nECoord(   5)
 Default used for TElt(   5)
 Optical Train Summary:
  Tracing rays past   5 elements.
  Aperture grid type = Circular  with   41 grid points.
  Elt   1: Reflector   : Aspheric with Kc=-3.7191D+01, Kr= 1.4378D+01, nECoords =  -6
  Elt   2: Reference   : Flat     with Kc= 0.0000D+00, Kr=-1.0000D+22, nECoords =  -6
  Elt   3: Reflector   : Aspheric with Kc= 4.3012D+00, Kr=-1.8964D+00, nECoords =  -6
  Elt   4: Reflector   : Aspheric with Kc= 8.2681D-02, Kr=-1.6754D+00, nECoords =  -6
  Elt   5: FocalPlane  : Flat     with Kc= 0.0000D+00, Kr=-1.0000D+22, nECoords =  -6
  Number of output coordinates is   5
  Computed StopPos =  4.656859099719D-02 -9.183014609945D-01  1.501276342700D+00
 OPD: Rays being traced =         1185
 Compute time was    0.0000 sec
 OPD: nPassRays =      12,    DAvgCumL =              NaN m 
 RMS OPD error is               NaN m 
 P-V OPD error is  -2.000000000D+22 m 
 Average OPD is                        NaN m 
 One or more rays become undefined at element   3
 A total of     1173 rays were lost
   Surface miss:       1173
  Input file /tmp/tp7658d783_f920_4a83_a07b_a01c97ef0137.in being loaded.
 Default used for  SegXgrid
 Default used for nECoord(   1)
 Default used for TElt(   1)
 Default used for nECoord(   2)
 Default used for TElt(   2)
 Default used for nECoord(   3)
 Default used for TElt(   3)
 Default used for nECoord(   4)
 Default used for TElt(   4)
 Default used for nECoord(   5)
 Default used for TElt(   5)
 Optical Train Summary:
  Tracing rays past   5 elements.
  Aperture grid type = Circular  with   41 grid points.
  Elt   1: Reflector   : Aspheric with Kc=-3.7191D+01, Kr= 1.4378D+01, nECoords =  -6
  Elt   2: Reference   : Flat     with Kc= 0.0000D+00, Kr=-1.0000D+22, nECoords =  -6
  Elt   3: Reflector   : Aspheric with Kc= 4.3012D+00, Kr=-1.8964D+00, nECoords =  -6
  Elt   4: Reflector   : Aspheric with Kc= 8.2681D-02, Kr=-1.6754D+00, nECoords =  -6
  Elt   5: FocalPlane  : Flat     with Kc= 0.0000D+00, Kr=-1.0000D+22, nECoords =  -6
  Number of output coordinates is   5
  Computed StopPos =  4.657752647024D-02 -9.243292584149D-01  1.487339358877D+00
 OPD: Rays being traced =         1185
 Compute time was    0.0000 sec
 OPD: nPassRays =      30,    DAvgCumL =              NaN m 
 RMS OPD error is               NaN m 
 P-V OPD error is  -2.000000000D+22 m 
 Average OPD is                        NaN m 
 One or more rays become undefined at element   3
 A total of     1155 rays were lost
   Surface miss:       1155
 OPD: Rays being traced =         1185
 Compute time was    0.0039 sec
 OPD: nPassRays =    1184,    DAvgCumL =  23.48927831D-01 m 
 RMS OPD error is   5.856201909D-03 m 
 P-V OPD error is   2.666784757D-02 m 
 Average OPD is     5.0814956484266042D-03 m 
  Input file /tmp/tp7658d783_f920_4a83_a07b_a01c97ef0137.in being loaded.
 Default used for  SegXgrid
 Default used for nECoord(   1)
 Default used for TElt(   1)
 Default used for nECoord(   2)
 Default used for TElt(   2)
 Default used for nECoord(   3)
 Default used for TElt(   3)
 Default used for nECoord(   4)
 Default used for TElt(   4)
 Default used for nECoord(   5)
 Default used for TElt(   5)
 Optical Train Summary:
  Tracing rays past   5 elements.
  Aperture grid type = Circular  with   41 grid points.
  Elt   1: Reflector   : Aspheric with Kc=-3.7191D+01, Kr= 1.4378D+01, nECoords =  -6
  Elt   2: Reference   : Flat     with Kc= 0.0000D+00, Kr=-1.0000D+22, nECoords =  -6
  Elt   3: Reflector   : Aspheric with Kc= 4.3012D+00, Kr=-1.8964D+00, nECoords =  -6
  Elt   4: Reflector   : Aspheric with Kc= 8.2681D-02, Kr=-1.6754D+00, nECoords =  -6
  Elt   5: FocalPlane  : Flat     with Kc= 0.0000D+00, Kr=-1.0000D+22, nECoords =  -6
  Number of output coordinates is   5
  Computed StopPos =  4.657268086416D-02 -9.243295724895D-01  1.487339526680D+00
 OPD: Rays being traced =         1185
 Compute time was    0.0000 sec
 OPD: nPassRays =      30,    DAvgCumL =              NaN m 
 RMS OPD error is               NaN m 
 P-V OPD error is  -2.000000000D+22 m 
 Average OPD is                        NaN m 
 One or more rays become undefined at element   3
 A total of     1155 rays were lost
   Surface miss:       1155
  Input file /tmp/tp7658d783_f920_4a83_a07b_a01c97ef0137.in being loaded.
 Default used for  SegXgrid
 Default used for nECoord(   1)
 Default used for TElt(   1)
 Default used for nECoord(   2)
 Default used for TElt(   2)
 Default used for nECoord(   3)
 Default used for TElt(   3)
 Default used for nECoord(   4)
 Default used for TElt(   4)
 Default used for nECoord(   5)
 Default used for TElt(   5)
 Optical Train Summary:
  Tracing rays past   5 elements.
  Aperture grid type = Circular  with   41 grid points.
  Elt   1: Reflector   : Aspheric with Kc=-3.7191D+01, Kr= 1.4378D+01, nECoords =  -6
  Elt   2: Reference   : Flat     with Kc= 0.0000D+00, Kr=-1.0000D+22, nECoords =  -6
  Elt   3: Reflector   : Aspheric with Kc= 4.3012D+00, Kr=-1.8964D+00, nECoords =  -6
  Elt   4: Reflector   : Aspheric with Kc= 8.2681D-02, Kr=-1.6754D+00, nECoords =  -6
  Elt   5: FocalPlane  : Flat     with Kc= 0.0000D+00, Kr=-1.0000D+22, nECoords =  -6
  Number of output coordinates is   5
  Computed StopPos =  4.648648611260D-02 -9.304319020637D-01  1.474193584245D+00
 OPD: Rays being traced =         1185
 Compute time was    0.0000 sec
 OPD: nPassRays =      50,    DAvgCumL =              NaN m 
 RMS OPD error is               NaN m 
 P-V OPD error is  -2.000000000D+22 m 
 Average OPD is                        NaN m 
 One or more rays become undefined at element   3
 A total of     1135 rays were lost
   Surface miss:       1135
 OPD: Rays being traced =         1185
 Compute time was    0.0000 sec
 OPD: nPassRays =    1184,    DAvgCumL =  23.87064755D-01 m 
 RMS OPD error is   6.170390678D-03 m 
 P-V OPD error is   2.621392588D-02 m 
 Average OPD is     5.4402674381850728D-03 m 
  Input file /tmp/tp7658d783_f920_4a83_a07b_a01c97ef0137.in being loaded.
 Default used for  SegXgrid
 Default used for nECoord(   1)
 Default used for TElt(   1)
 Default used for nECoord(   2)
 Default used for TElt(   2)
 Default used for nECoord(   3)
 Default used for TElt(   3)
 Default used for nECoord(   4)
 Default used for TElt(   4)
 Default used for nECoord(   5)
 Default used for TElt(   5)
 Optical Train Summary:
  Tracing rays past   5 elements.
  Aperture grid type = Circular  with   41 grid points.
  Elt   1: Reflector   : Aspheric with Kc=-3.7191D+01, Kr= 1.4378D+01, nECoords =  -6
  Elt   2: Reference   : Flat     with Kc= 0.0000D+00, Kr=-1.0000D+22, nECoords =  -6
  Elt   3: Reflector   : Aspheric with Kc= 4.3012D+00, Kr=-1.8964D+00, nECoords =  -6
  Elt   4: Reflector   : Aspheric with Kc= 8.2681D-02, Kr=-1.6754D+00, nECoords =  -6
  Elt   5: FocalPlane  : Flat     with Kc= 0.0000D+00, Kr=-1.0000D+22, nECoords =  -6
  Number of output coordinates is   5
  Computed StopPos =  4.648159089494D-02 -9.304322065376D-01  1.474193747634D+00
 OPD: Rays being traced =         1185
 Compute time was    0.0000 sec
 OPD: nPassRays =      50,    DAvgCumL =              NaN m 
 RMS OPD error is               NaN m 
 P-V OPD error is  -2.000000000D+22 m 
 Average OPD is                        NaN m 
 One or more rays become undefined at element   3
 A total of     1135 rays were lost
   Surface miss:       1135
  Input file /tmp/tp7658d783_f920_4a83_a07b_a01c97ef0137.in being loaded.
 Default used for  SegXgrid
 Default used for nECoord(   1)
 Default used for TElt(   1)
 Default used for nECoord(   2)
 Default used for TElt(   2)
 Default used for nECoord(   3)
 Default used for TElt(   3)
 Default used for nECoord(   4)
 Default used for TElt(   4)
 Default used for nECoord(   5)
 Default used for TElt(   5)
 Optical Train Summary:
  Tracing rays past   5 elements.
  Aperture grid type = Circular  with   41 grid points.
  Elt   1: Reflector   : Aspheric with Kc=-3.7191D+01, Kr= 1.4378D+01, nECoords =  -6
  Elt   2: Reference   : Flat     with Kc= 0.0000D+00, Kr=-1.0000D+22, nECoords =  -6
  Elt   3: Reflector   : Aspheric with Kc= 4.3012D+00, Kr=-1.8964D+00, nECoords =  -6
  Elt   4: Reflector   : Aspheric with Kc= 8.2681D-02, Kr=-1.6754D+00, nECoords =  -6
  Elt   5: FocalPlane  : Flat     with Kc= 0.0000D+00, Kr=-1.0000D+22, nECoords =  -6
  Number of output coordinates is   5
  Computed StopPos =  4.630677225269D-02 -9.365918608453D-01  1.461791991311D+00
 OPD: Rays being traced =         1185
 Compute time was    0.0000 sec
 OPD: nPassRays =      72,    DAvgCumL =              NaN m 
 RMS OPD error is               NaN m 
 P-V OPD error is  -2.000000000D+22 m 
 Average OPD is                        NaN m 
 One or more rays become undefined at element   3
 A total of     1113 rays were lost
   Surface miss:       1113
 OPD: Rays being traced =         1185
 Compute time was    0.0000 sec
 OPD: nPassRays =    1184,    DAvgCumL =  24.27824912D-01 m 
 RMS OPD error is   6.647877201D-03 m 
 P-V OPD error is   2.901394548D-02 m 
 Average OPD is     5.8187843501414718D-03 m 
  Input file /tmp/tp7658d783_f920_4a83_a07b_a01c97ef0137.in being loaded.
 Default used for  SegXgrid
 Default used for nECoord(   1)
 Default used for TElt(   1)
 Default used for nECoord(   2)
 Default used for TElt(   2)
 Default used for nECoord(   3)
 Default used for TElt(   3)
 Default used for nECoord(   4)
 Default used for TElt(   4)
 Default used for nECoord(   5)
 Default used for TElt(   5)
 Optical Train Summary:
  Tracing rays past   5 elements.
  Aperture grid type = Circular  with   41 grid points.
  Elt   1: Reflector   : Aspheric with Kc=-3.7191D+01, Kr= 1.4378D+01, nECoords =  -6
  Elt   2: Reference   : Flat     with Kc= 0.0000D+00, Kr=-1.0000D+22, nECoords =  -6
  Elt   3: Reflector   : Aspheric with Kc= 4.3012D+00, Kr=-1.8964D+00, nECoords =  -6
  Elt   4: Reflector   : Aspheric with Kc= 8.2681D-02, Kr=-1.6754D+00, nECoords =  -6
  Elt   5: FocalPlane  : Flat     with Kc= 0.0000D+00, Kr=-1.0000D+22, nECoords =  -6
  Number of output coordinates is   5
  Computed StopPos =  4.630183214267D-02 -9.365921550083D-01  1.461792151203D+00
 OPD: Rays being traced =         1185
 Compute time was    0.0000 sec
 OPD: nPassRays =      72,    DAvgCumL =              NaN m 
 RMS OPD error is               NaN m 
 P-V OPD error is  -2.000000000D+22 m 
 Average OPD is                        NaN m 
 One or more rays become undefined at element   3
 A total of     1113 rays were lost
   Surface miss:       1113
  Input file /tmp/tp7658d783_f920_4a83_a07b_a01c97ef0137.in being loaded.
 Default used for  SegXgrid
 Default used for nECoord(   1)
 Default used for TElt(   1)
 Default used for nECoord(   2)
 Default used for TElt(   2)
 Default used for nECoord(   3)
 Default used for TElt(   3)
 Default used for nECoord(   4)
 Default used for TElt(   4)
 Default used for nECoord(   5)
 Default used for TElt(   5)
 Optical Train Summary:
  Tracing rays past   5 elements.
  Aperture grid type = Circular  with   41 grid points.
  Elt   1: Reflector   : Aspheric with Kc=-3.7191D+01, Kr= 1.4378D+01, nECoords =  -6
  Elt   2: Reference   : Flat     with Kc= 0.0000D+00, Kr=-1.0000D+22, nECoords =  -6
  Elt   3: Reflector   : Aspheric with Kc= 4.3012D+00, Kr=-1.8964D+00, nECoords =  -6
  Elt   4: Reflector   : Aspheric with Kc= 8.2681D-02, Kr=-1.6754D+00, nECoords =  -6
  Elt   5: FocalPlane  : Flat     with Kc= 0.0000D+00, Kr=-1.0000D+22, nECoords =  -6
  Number of output coordinates is   5
  Computed StopPos = -4.842533395879D-01 -2.088476479439D+00 -4.237506437182D+00
 OPD: Rays being traced =         1185
 Compute time was    0.0000 sec
 OPD: nPassRays =     141,    DAvgCumL =              NaN m 
 RMS OPD error is               NaN m 
 P-V OPD error is  -2.000000000D+22 m 
 Average OPD is                        NaN m 
 One or more rays become undefined at element   3
 A total of     1044 rays were lost
   Surface miss:       1044
 OPD: Rays being traced =         1185
 Compute time was    0.0000 sec
 OPD: nPassRays =    1184,    DAvgCumL = -99.36439542D-02 m 
 RMS OPD error is   3.122026971D+01 m 
 P-V OPD error is   8.695598364D+02 m 
 Average OPD is    -7.4805395255680573D-01 m 
  Input file /tmp/tp7658d783_f920_4a83_a07b_a01c97ef0137.in being loaded.
 Default used for  SegXgrid
 Default used for nECoord(   1)
 Default used for TElt(   1)
 Default used for nECoord(   2)
 Default used for TElt(   2)
 Default used for nECoord(   3)
 Default used for TElt(   3)
 Default used for nECoord(   4)
 Default used for TElt(   4)
 Default used for nECoord(   5)
 Default used for TElt(   5)
 Optical Train Summary:
  Tracing rays past   5 elements.
  Aperture grid type = Circular  with   41 grid points.
  Elt   1: Reflector   : Aspheric with Kc=-3.7191D+01, Kr= 1.4378D+01, nECoords =  -6
  Elt   2: Reference   : Flat     with Kc= 0.0000D+00, Kr=-1.0000D+22, nECoords =  -6
  Elt   3: Reflector   : Aspheric with Kc= 4.3012D+00, Kr=-1.8964D+00, nECoords =  -6
  Elt   4: Reflector   : Aspheric with Kc= 8.2681D-02, Kr=-1.6754D+00, nECoords =  -6
  Elt   5: FocalPlane  : Flat     with Kc= 0.0000D+00, Kr=-1.0000D+22, nECoords =  -6
  Number of output coordinates is   5
  Computed StopPos = -9.980979347799D-01 -2.977631388054D+00 -2.127496156531D+00
 OPD: Rays being traced =         1185
 Compute time was    0.0000 sec
  All rays are obscured or lost.
 **Warning: Computing pupil diffraction grid spacing failed!
            Diffraction result is incorrect.
 RMS OPD error is   9.999900000D+36 m 
 P-V OPD error is   0.000000000D+00 m 
 Average OPD is     9.9999000000000000D+36 m 
 One or more rays become undefined at element   3
 A total of     1185 rays were lost
   Surface miss:       1185
  Input file /tmp/tp7658d783_f920_4a83_a07b_a01c97ef0137.in being loaded.
 Default used for  SegXgrid
 Default used for nECoord(   1)
 Default used for TElt(   1)
 Default used for nECoord(   2)
 Default used for TElt(   2)
 Default used for nECoord(   3)
 Default used for TElt(   3)
 Default used for nECoord(   4)
 Default used for TElt(   4)
 Default used for nECoord(   5)
 Default used for TElt(   5)
 Optical Train Summary:
  Tracing rays past   5 elements.
  Aperture grid type = Circular  with   41 grid points.
  Elt   1: Reflector   : Aspheric with Kc=-3.7191D+01, Kr= 1.4378D+01, nECoords =  -6
  Elt   2: Reference   : Flat     with Kc= 0.0000D+00, Kr=-1.0000D+22, nECoords =  -6
  Elt   3: Reflector   : Aspheric with Kc= 4.3012D+00, Kr=-1.8964D+00, nECoords =  -6
  Elt   4: Reflector   : Aspheric with Kc= 8.2681D-02, Kr=-1.6754D+00, nECoords =  -6
  Elt   5: FocalPlane  : Flat     with Kc= 0.0000D+00, Kr=-1.0000D+22, nECoords =  -6
  Number of output coordinates is   5
  Computed StopPos = -1.000836700885D+00 -3.136074586974D+00 -2.407204135317D+00
 OPD: Rays being traced =         1185
 Compute time was    0.0000 sec
  All rays are obscured or lost.
 **Warning: Computing pupil diffraction grid spacing failed!
            Diffraction result is incorrect.
 RMS OPD error is   9.999900000D+36 m 
 P-V OPD error is   0.000000000D+00 m 
 Average OPD is     9.9999000000000000D+36 m 
 One or more rays become undefined at element   3
 A total of     1185 rays were lost
   Surface miss:       1185
 OPD: Rays being traced =         1185
 Compute time was    0.0039 sec
 OPD: nPassRays =    1184,    DAvgCumL = -46.12738245D-02 m 
 RMS OPD error is   4.111022890D-02 m 
 P-V OPD error is   1.612155716D-01 m 
 Average OPD is    -2.3154737955492291D-03 m 
  Input file /tmp/tp7658d783_f920_4a83_a07b_a01c97ef0137.in being loaded.
 Default used for  SegXgrid
 Default used for nECoord(   1)
 Default used for TElt(   1)
 Default used for nECoord(   2)
 Default used for TElt(   2)
 Default used for nECoord(   3)
 Default used for TElt(   3)
 Default used for nECoord(   4)
 Default used for TElt(   4)
 Default used for nECoord(   5)
 Default used for TElt(   5)
 Optical Train Summary:
  Tracing rays past   5 elements.
  Aperture grid type = Circular  with   41 grid points.
  Elt   1: Reflector   : Aspheric with Kc=-3.7191D+01, Kr= 1.4378D+01, nECoords =  -6
  Elt   2: Reference   : Flat     with Kc= 0.0000D+00, Kr=-1.0000D+22, nECoords =  -6
  Elt   3: Reflector   : Aspheric with Kc= 4.3012D+00, Kr=-1.8964D+00, nECoords =  -6
  Elt   4: Reflector   : Aspheric with Kc= 8.2681D-02, Kr=-1.6754D+00, nECoords =  -6
  Elt   5: FocalPlane  : Flat     with Kc= 0.0000D+00, Kr=-1.0000D+22, nECoords =  -6
  Number of output coordinates is   5
  Computed StopPos =  3.367552956759D-02 -8.909164723762D-01  1.584901329766D+00
 OPD: Rays being traced =         1185
 Compute time was    0.0000 sec
  All rays are obscured or lost.
 **Warning: Computing pupil diffraction grid spacing failed!
            Diffraction result is incorrect.
 RMS OPD error is   9.999900000D+36 m 
 P-V OPD error is   0.000000000D+00 m 
 Average OPD is     9.9999000000000000D+36 m 
 One or more rays become undefined at element   3
 A total of     1185 rays were lost
   Surface miss:       1185
 OPD: Rays being traced =         1185
 Compute time was    0.0000 sec
 OPD: nPassRays =    1184,    DAvgCumL =  21.64537085D-01 m 
 RMS OPD error is   6.563545022D-03 m 
 P-V OPD error is   2.965496541D-02 m 
 Average OPD is     3.2990032589668219D-03 m 
  Input file /tmp/tp7658d783_f920_4a83_a07b_a01c97ef0137.in being loaded.
 Default used for  SegXgrid
 Default used for nECoord(   1)
 Default used for TElt(   1)
 Default used for nECoord(   2)
 Default used for TElt(   2)
 Default used for nECoord(   3)
 Default used for TElt(   3)
 Default used for nECoord(   4)
 Default used for TElt(   4)
 Default used for nECoord(   5)
 Default used for TElt(   5)
 Optical Train Summary:
  Tracing rays past   5 elements.
  Aperture grid type = Circular  with   41 grid points.
  Elt   1: Reflector   : Aspheric with Kc=-3.7191D+01, Kr= 1.4378D+01, nECoords =  -6
  Elt   2: Reference   : Flat     with Kc= 0.0000D+00, Kr=-1.0000D+22, nECoords =  -6
  Elt   3: Reflector   : Aspheric with Kc= 4.3012D+00, Kr=-1.8964D+00, nECoords =  -6
  Elt   4: Reflector   : Aspheric with Kc= 8.2681D-02, Kr=-1.6754D+00, nECoords =  -6
  Elt   5: FocalPlane  : Flat     with Kc= 0.0000D+00, Kr=-1.0000D+22, nECoords =  -6
  Number of output coordinates is   5
  Computed StopPos =  3.412738586391D-02 -8.962339930189D-01  1.566099453738D+00
 OPD: Rays being traced =         1185
 Compute time was    0.0000 sec
  All rays are obscured or lost.
 **Warning: Computing pupil diffraction grid spacing failed!
            Diffraction result is incorrect.
 RMS OPD error is   9.999900000D+36 m 
 P-V OPD error is   0.000000000D+00 m 
 Average OPD is     9.9999000000000000D+36 m 
 One or more rays become undefined at element   3
 A total of     1185 rays were lost
   Surface miss:       1185
 OPD: Rays being traced =         1185
 Compute time was    0.0000 sec
 OPD: nPassRays =    1184,    DAvgCumL =  21.89020891D-01 m 
 RMS OPD error is   6.114396018D-03 m 
 P-V OPD error is   2.848459940D-02 m 
 Average OPD is     3.5510083431853482D-03 m 
  Input file /tmp/tp7658d783_f920_4a83_a07b_a01c97ef0137.in being loaded.
 Default used for  SegXgrid
 Default used for nECoord(   1)
 Default used for TElt(   1)
 Default used for nECoord(   2)
 Default used for TElt(   2)
 Default used for nECoord(   3)
 Default used for TElt(   3)
 Default used for nECoord(   4)
 Default used for TElt(   4)
 Default used for nECoord(   5)
 Default used for TElt(   5)
 Optical Train Summary:
  Tracing rays past   5 elements.
  Aperture grid type = Circular  with   41 grid points.
  Elt   1: Reflector   : Aspheric with Kc=-3.7191D+01, Kr= 1.4378D+01, nECoords =  -6
  Elt   2: Reference   : Flat     with Kc= 0.0000D+00, Kr=-1.0000D+22, nECoords =  -6
  Elt   3: Reflector   : Aspheric with Kc= 4.3012D+00, Kr=-1.8964D+00, nECoords =  -6
  Elt   4: Reflector   : Aspheric with Kc= 8.2681D-02, Kr=-1.6754D+00, nECoords =  -6
  Elt   5: FocalPlane  : Flat     with Kc= 0.0000D+00, Kr=-1.0000D+22, nECoords =  -6
  Number of output coordinates is   5
  Computed StopPos =  3.447576153086D-02 -9.017504515780D-01  1.548386512463D+00
 OPD: Rays being traced =         1185
 Compute time was    0.0000 sec
  All rays are obscured or lost.
 **Warning: Computing pupil diffraction grid spacing failed!
            Diffraction result is incorrect.
 RMS OPD error is   9.999900000D+36 m 
 P-V OPD error is   0.000000000D+00 m 
 Average OPD is     9.9999000000000000D+36 m 
 One or more rays become undefined at element   3
 A total of     1185 rays were lost
   Surface miss:       1185
 OPD: Rays being traced =         1185
 Compute time was    0.0000 sec
 OPD: nPassRays =    1184,    DAvgCumL =  22.15590669D-01 m 
 RMS OPD error is   5.723220249D-03 m 
 P-V OPD error is   2.752062059D-02 m 
 Average OPD is     3.8191312434523584D-03 m 
  Input file /tmp/tp7658d783_f920_4a83_a07b_a01c97ef0137.in being loaded.
 Default used for  SegXgrid
 Default used for nECoord(   1)
 Default used for TElt(   1)
 Default used for nECoord(   2)
 Default used for TElt(   2)
 Default used for nECoord(   3)
 Default used for TElt(   3)
 Default used for nECoord(   4)
 Default used for TElt(   4)
 Default used for nECoord(   5)
 Default used for TElt(   5)
 Optical Train Summary:
  Tracing rays past   5 elements.
  Aperture grid type = Circular  with   41 grid points.
  Elt   1: Reflector   : Aspheric with Kc=-3.7191D+01, Kr= 1.4378D+01, nECoords =  -6
  Elt   2: Reference   : Flat     with Kc= 0.0000D+00, Kr=-1.0000D+22, nECoords =  -6
  Elt   3: Reflector   : Aspheric with Kc= 4.3012D+00, Kr=-1.8964D+00, nECoords =  -6
  Elt   4: Reflector   : Aspheric with Kc= 8.2681D-02, Kr=-1.6754D+00, nECoords =  -6
  Elt   5: FocalPlane  : Flat     with Kc= 0.0000D+00, Kr=-1.0000D+22, nECoords =  -6
  Number of output coordinates is   5
  Computed StopPos =  3.472752836108D-02 -9.074319358365D-01  1.531702327856D+00
 OPD: Rays being traced =         1185
 Compute time was    0.0000 sec
  All rays are obscured or lost.
 **Warning: Computing pupil diffraction grid spacing failed!
            Diffraction result is incorrect.
 RMS OPD error is   9.999900000D+36 m 
 P-V OPD error is   0.000000000D+00 m 
 Average OPD is     9.9999000000000000D+36 m 
 One or more rays become undefined at element   3
 A total of     1185 rays were lost
   Surface miss:       1185
 OPD: Rays being traced =         1185
 Compute time was    0.0000 sec
 OPD: nPassRays =    1184,    DAvgCumL =  22.44316462D-01 m 
 RMS OPD error is   5.418959136D-03 m 
 P-V OPD error is   2.661980387D-02 m 
 Average OPD is     4.1040373117438049D-03 m 
  Input file /tmp/tp7658d783_f920_4a83_a07b_a01c97ef0137.in being loaded.
 Default used for  SegXgrid
 Default used for nECoord(   1)
 Default used for TElt(   1)
 Default used for nECoord(   2)
 Default used for TElt(   2)
 Default used for nECoord(   3)
 Default used for TElt(   3)
 Default used for nECoord(   4)
 Default used for TElt(   4)
 Default used for nECoord(   5)
 Default used for TElt(   5)
 Optical Train Summary:
  Tracing rays past   5 elements.
  Aperture grid type = Circular  with   41 grid points.
  Elt   1: Reflector   : Aspheric with Kc=-3.7191D+01, Kr= 1.4378D+01, nECoords =  -6
  Elt   2: Reference   : Flat     with Kc= 0.0000D+00, Kr=-1.0000D+22, nECoords =  -6
  Elt   3: Reflector   : Aspheric with Kc= 4.3012D+00, Kr=-1.8964D+00, nECoords =  -6
  Elt   4: Reflector   : Aspheric with Kc= 8.2681D-02, Kr=-1.6754D+00, nECoords =  -6
  Elt   5: FocalPlane  : Flat     with Kc= 0.0000D+00, Kr=-1.0000D+22, nECoords =  -6
  Number of output coordinates is   5
  Computed StopPos =  3.488927885506D-02 -9.132488078464D-01  1.515987569070D+00
 OPD: Rays being traced =         1185
 Compute time was    0.0039 sec
  All rays are obscured or lost.
 **Warning: Computing pupil diffraction grid spacing failed!
            Diffraction result is incorrect.
 RMS OPD error is   9.999900000D+36 m 
 P-V OPD error is   0.000000000D+00 m 
 Average OPD is     9.9999000000000000D+36 m 
 One or more rays become undefined at element   3
 A total of     1185 rays were lost
   Surface miss:       1185
 OPD: Rays being traced =         1185
 Compute time was    0.0000 sec
 OPD: nPassRays =    1184,    DAvgCumL =  22.75275276D-01 m 
 RMS OPD error is   5.235131885D-03 m 
 P-V OPD error is   2.587643607D-02 m 
 Average OPD is     4.4063690769468632D-03 m 
  Input file /tmp/tp7658d783_f920_4a83_a07b_a01c97ef0137.in being loaded.
 Default used for  SegXgrid
 Default used for nECoord(   1)
 Default used for TElt(   1)
 Default used for nECoord(   2)
 Default used for TElt(   2)
 Default used for nECoord(   3)
 Default used for TElt(   3)
 Default used for nECoord(   4)
 Default used for TElt(   4)
 Default used for nECoord(   5)
 Default used for TElt(   5)
 Optical Train Summary:
  Tracing rays past   5 elements.
  Aperture grid type = Circular  with   41 grid points.
  Elt   1: Reflector   : Aspheric with Kc=-3.7191D+01, Kr= 1.4378D+01, nECoords =  -6
  Elt   2: Reference   : Flat     with Kc= 0.0000D+00, Kr=-1.0000D+22, nECoords =  -6
  Elt   3: Reflector   : Aspheric with Kc= 4.3012D+00, Kr=-1.8964D+00, nECoords =  -6
  Elt   4: Reflector   : Aspheric with Kc= 8.2681D-02, Kr=-1.6754D+00, nECoords =  -6
  Elt   5: FocalPlane  : Flat     with Kc= 0.0000D+00, Kr=-1.0000D+22, nECoords =  -6
  Number of output coordinates is   5
  Computed StopPos =  3.496754304702D-02 -9.191766932684D-01  1.501181178613D+00
 OPD: Rays being traced =         1185
 Compute time was    0.0000 sec
 OPD: nPassRays =      12,    DAvgCumL =              NaN m 
 RMS OPD error is               NaN m 
 P-V OPD error is  -2.000000000D+22 m 
 Average OPD is                        NaN m 
 One or more rays become undefined at element   3
 A total of     1173 rays were lost
   Surface miss:       1173
 OPD: Rays being traced =         1185
 Compute time was    0.0039 sec
 OPD: nPassRays =    1184,    DAvgCumL =  23.08551834D-01 m 
 RMS OPD error is   5.204316977D-03 m 
 P-V OPD error is   2.525095987D-02 m 
 Average OPD is     4.7267469053740348D-03 m 
  Input file /tmp/tp7658d783_f920_4a83_a07b_a01c97ef0137.in being loaded.
 Default used for  SegXgrid
 Default used for nECoord(   1)
 Default used for TElt(   1)
 Default used for nECoord(   2)
 Default used for TElt(   2)
 Default used for nECoord(   3)
 Default used for TElt(   3)
 Default used for nECoord(   4)
 Default used for TElt(   4)
 Default used for nECoord(   5)
 Default used for TElt(   5)
 Optical Train Summary:
  Tracing rays past   5 elements.
  Aperture grid type = Circular  with   41 grid points.
  Elt   1: Reflector   : Aspheric with Kc=-3.7191D+01, Kr= 1.4378D+01, nECoords =  -6
  Elt   2: Reference   : Flat     with Kc= 0.0000D+00, Kr=-1.0000D+22, nECoords =  -6
  Elt   3: Reflector   : Aspheric with Kc= 4.3012D+00, Kr=-1.8964D+00, nECoords =  -6
  Elt   4: Reflector   : Aspheric with Kc= 8.2681D-02, Kr=-1.6754D+00, nECoords =  -6
  Elt   5: FocalPlane  : Flat     with Kc= 0.0000D+00, Kr=-1.0000D+22, nECoords =  -6
  Number of output coordinates is   5
  Computed StopPos =  3.496273679249D-02 -9.191769345320D-01  1.501181310461D+00
 OPD: Rays being traced =         1185
 Compute time was    0.0000 sec
 OPD: nPassRays =      12,    DAvgCumL =              NaN m 
 RMS OPD error is               NaN m 
 P-V OPD error is  -2.000000000D+22 m 
 Average OPD is                        NaN m 
 One or more rays become undefined at element   3
 A total of     1173 rays were lost
   Surface miss:       1173
  Input file /tmp/tp7658d783_f920_4a83_a07b_a01c97ef0137.in being loaded.
 Default used for  SegXgrid
 Default used for nECoord(   1)
 Default used for TElt(   1)
 Default used for nECoord(   2)
 Default used for TElt(   2)
 Default used for nECoord(   3)
 Default used for TElt(   3)
 Default used for nECoord(   4)
 Default used for TElt(   4)
 Default used for nECoord(   5)
 Default used for TElt(   5)
 Optical Train Summary:
  Tracing rays past   5 elements.
  Aperture grid type = Circular  with   41 grid points.
  Elt   1: Reflector   : Aspheric with Kc=-3.7191D+01, Kr= 1.4378D+01, nECoords =  -6
  Elt   2: Reference   : Flat     with Kc= 0.0000D+00, Kr=-1.0000D+22, nECoords =  -6
  Elt   3: Reflector   : Aspheric with Kc= 4.3012D+00, Kr=-1.8964D+00, nECoords =  -6
  Elt   4: Reflector   : Aspheric with Kc= 8.2681D-02, Kr=-1.6754D+00, nECoords =  -6
  Elt   5: FocalPlane  : Flat     with Kc= 0.0000D+00, Kr=-1.0000D+22, nECoords =  -6
  Number of output coordinates is   5
  Computed StopPos =  3.496810556055D-02 -9.251929061741D-01  1.487229236950D+00
 OPD: Rays being traced =         1185
 Compute time was    0.0000 sec
 OPD: nPassRays =      30,    DAvgCumL =              NaN m 
 RMS OPD error is               NaN m 
 P-V OPD error is  -2.000000000D+22 m 
 Average OPD is                        NaN m 
 One or more rays become undefined at element   3
 A total of     1155 rays were lost
   Surface miss:       1155
 OPD: Rays being traced =         1185
 Compute time was    0.0039 sec
 OPD: nPassRays =    1184,    DAvgCumL =  23.44239441D-01 m 
 RMS OPD error is   5.349687840D-03 m 
 P-V OPD error is   2.473334819D-02 m 
 Average OPD is     5.0657701626912622D-03 m 
  Input file /tmp/tp7658d783_f920_4a83_a07b_a01c97ef0137.in being loaded.
 Default used for  SegXgrid
 Default used for nECoord(   1)
 Default used for TElt(   1)
 Default used for nECoord(   2)
 Default used for TElt(   2)
 Default used for nECoord(   3)
 Default used for TElt(   3)
 Default used for nECoord(   4)
 Default used for TElt(   4)
 Default used for nECoord(   5)
 Default used for TElt(   5)
 Optical Train Summary:
  Tracing rays past   5 elements.
  Aperture grid type = Circular  with   41 grid points.
  Elt   1: Reflector   : Aspheric with Kc=-3.7191D+01, Kr= 1.4378D+01, nECoords =  -6
  Elt   2: Reference   : Flat     with Kc= 0.0000D+00, Kr=-1.0000D+22, nECoords =  -6
  Elt   3: Reflector   : Aspheric with Kc= 4.3012D+00, Kr=-1.8964D+00, nECoords =  -6
  Elt   4: Reflector   : Aspheric with Kc= 8.2681D-02, Kr=-1.6754D+00, nECoords =  -6
  Elt   5: FocalPlane  : Flat     with Kc= 0.0000D+00, Kr=-1.0000D+22, nECoords =  -6
  Number of output coordinates is   5
  Computed StopPos =  3.496324485412D-02 -9.251931414493D-01  1.487229363125D+00
 OPD: Rays being traced =         1185
 Compute time was    0.0000 sec
 OPD: nPassRays =      30,    DAvgCumL =              NaN m 
 RMS OPD error is               NaN m 
 P-V OPD error is  -2.000000000D+22 m 
 Average OPD is                        NaN m 
 One or more rays become undefined at element   3
 A total of     1155 rays were lost
   Surface miss:       1155
  Input file /tmp/tp7658d783_f920_4a83_a07b_a01c97ef0137.in being loaded.
 Default used for  SegXgrid
 Default used for nECoord(   1)
 Default used for TElt(   1)
 Default used for nECoord(   2)
 Default used for TElt(   2)
 Default used for nECoord(   3)
 Default used for TElt(   3)
 Default used for nECoord(   4)
 Default used for TElt(   4)
 Default used for nECoord(   5)
 Default used for TElt(   5)
 Optical Train Summary:
  Tracing rays past   5 elements.
  Aperture grid type = Circular  with   41 grid points.
  Elt   1: Reflector   : Aspheric with Kc=-3.7191D+01, Kr= 1.4378D+01, nECoords =  -6
  Elt   2: Reference   : Flat     with Kc= 0.0000D+00, Kr=-1.0000D+22, nECoords =  -6
  Elt   3: Reflector   : Aspheric with Kc= 4.3012D+00, Kr=-1.8964D+00, nECoords =  -6
  Elt   4: Reflector   : Aspheric with Kc= 8.2681D-02, Kr=-1.6754D+00, nECoords =  -6
  Elt   5: FocalPlane  : Flat     with Kc= 0.0000D+00, Kr=-1.0000D+22, nECoords =  -6
  Number of output coordinates is   5
  Computed StopPos =  3.489677677741D-02 -9.312800693549D-01  1.474075350164D+00
 OPD: Rays being traced =         1185
 Compute time was    0.0000 sec
 OPD: nPassRays =      50,    DAvgCumL =              NaN m 
 RMS OPD error is               NaN m 
 P-V OPD error is  -2.000000000D+22 m 
 Average OPD is                        NaN m 
 One or more rays become undefined at element   3
 A total of     1135 rays were lost
   Surface miss:       1135
 OPD: Rays being traced =         1185
 Compute time was    0.0039 sec
 OPD: nPassRays =    1184,    DAvgCumL =  23.82440974D-01 m 
 RMS OPD error is   5.678243888D-03 m 
 P-V OPD error is   2.431006080D-02 m 
 Average OPD is     5.4240187941411080D-03 m 
  Input file /tmp/tp7658d783_f920_4a83_a07b_a01c97ef0137.in being loaded.
 Default used for  SegXgrid
 Default used for nECoord(   1)
 Default used for TElt(   1)
 Default used for nECoord(   2)
 Default used for TElt(   2)
 Default used for nECoord(   3)
 Default used for TElt(   3)
 Default used for nECoord(   4)
 Default used for TElt(   4)
 Default used for nECoord(   5)
 Default used for TElt(   5)
 Optical Train Summary:
  Tracing rays past   5 elements.
  Aperture grid type = Circular  with   41 grid points.
  Elt   1: Reflector   : Aspheric with Kc=-3.7191D+01, Kr= 1.4378D+01, nECoords =  -6
  Elt   2: Reference   : Flat     with Kc= 0.0000D+00, Kr=-1.0000D+22, nECoords =  -6
  Elt   3: Reflector   : Aspheric with Kc= 4.3012D+00, Kr=-1.8964D+00, nECoords =  -6
  Elt   4: Reflector   : Aspheric with Kc= 8.2681D-02, Kr=-1.6754D+00, nECoords =  -6
  Elt   5: FocalPlane  : Flat     with Kc= 0.0000D+00, Kr=-1.0000D+22, nECoords =  -6
  Number of output coordinates is   5
  Computed StopPos =  3.489186691284D-02 -9.312802975592D-01  1.474075472734D+00
 OPD: Rays being traced =         1185
 Compute time was    0.0000 sec
 OPD: nPassRays =      50,    DAvgCumL =              NaN m 
 RMS OPD error is               NaN m 
 P-V OPD error is  -2.000000000D+22 m 
 Average OPD is                        NaN m 
 One or more rays become undefined at element   3
 A total of     1135 rays were lost
   Surface miss:       1135
  Input file /tmp/tp7658d783_f920_4a83_a07b_a01c97ef0137.in being loaded.
 Default used for  SegXgrid
 Default used for nECoord(   1)
 Default used for TElt(   1)
 Default used for nECoord(   2)
 Default used for TElt(   2)
 Default used for nECoord(   3)
 Default used for TElt(   3)
 Default used for nECoord(   4)
 Default used for TElt(   4)
 Default used for nECoord(   5)
 Default used for TElt(   5)
 Optical Train Summary:
  Tracing rays past   5 elements.
  Aperture grid type = Circular  with   41 grid points.
  Elt   1: Reflector   : Aspheric with Kc=-3.7191D+01, Kr= 1.4378D+01, nECoords =  -6
  Elt   2: Reference   : Flat     with Kc= 0.0000D+00, Kr=-1.0000D+22, nECoords =  -6
  Elt   3: Reflector   : Aspheric with Kc= 4.3012D+00, Kr=-1.8964D+00, nECoords =  -6
  Elt   4: Reflector   : Aspheric with Kc= 8.2681D-02, Kr=-1.6754D+00, nECoords =  -6
  Elt   5: FocalPlane  : Flat     with Kc= 0.0000D+00, Kr=-1.0000D+22, nECoords =  -6
  Number of output coordinates is   5
  Computed StopPos = -1.098101228534D+00 -2.924584072033D+00 -1.982161375942D+00
 OPD: Rays being traced =         1185
 Compute time was    0.0000 sec
  All rays are obscured or lost.
 **Warning: Computing pupil diffraction grid spacing failed!
            Diffraction result is incorrect.
 RMS OPD error is   9.999900000D+36 m 
 P-V OPD error is   0.000000000D+00 m 
 Average OPD is     9.9999000000000000D+36 m 
 One or more rays become undefined at element   3
 A total of     1185 rays were lost
   Surface miss:       1185
 OPD: Rays being traced =         1185
 Compute time was    0.0039 sec
 OPD: nPassRays =    1184,    DAvgCumL = -57.82136917D-02 m 
 RMS OPD error is   2.615183228D-02 m 
 P-V OPD error is   1.043983381D-01 m 
 Average OPD is    -8.0832821436446897D-04 m 
  Input file /tmp/tp7658d783_f920_4a83_a07b_a01c97ef0137.in being loaded.
 Default used for  SegXgrid
 Default used for nECoord(   1)
 Default used for TElt(   1)
 Default used for nECoord(   2)
 Default used for TElt(   2)
 Default used for nECoord(   3)
 Default used for TElt(   3)
 Default used for nECoord(   4)
 Default used for TElt(   4)
 Default used for nECoord(   5)
 Default used for TElt(   5)
 Optical Train Summary:
  Tracing rays past   5 elements.
  Aperture grid type = Circular  with   41 grid points.
  Elt   1: Reflector   : Aspheric with Kc=-3.7191D+01, Kr= 1.4378D+01, nECoords =  -6
  Elt   2: Reference   : Flat     with Kc= 0.0000D+00, Kr=-1.0000D+22, nECoords =  -6
  Elt   3: Reflector   : Aspheric with Kc= 4.3012D+00, Kr=-1.8964D+00, nECoords =  -6
  Elt   4: Reflector   : Aspheric with Kc= 8.2681D-02, Kr=-1.6754D+00, nECoords =  -6
  Elt   5: FocalPlane  : Flat     with Kc= 0.0000D+00, Kr=-1.0000D+22, nECoords =  -6
  Number of output coordinates is   5
  Computed StopPos = -1.111326208575D+00 -3.019077796526D+00 -2.159700933666D+00
 OPD: Rays being traced =         1185
 Compute time was    0.0000 sec
  All rays are obscured or lost.
 **Warning: Computing pupil diffraction grid spacing failed!
            Diffraction result is incorrect.
 RMS OPD error is   9.999900000D+36 m 
 P-V OPD error is   0.000000000D+00 m 
 Average OPD is     9.9999000000000000D+36 m 
 One or more rays become undefined at element   3
 A total of     1185 rays were lost
   Surface miss:       1185
 OPD: Rays being traced =         1185
 Compute time was    0.0000 sec
 OPD: nPassRays =    1184,    DAvgCumL = -54.08002516D-02 m 
 RMS OPD error is   3.059536979D-02 m 
 P-V OPD error is   1.220498514D-01 m 
 Average OPD is    -1.1817617435946975D-03 m 
  Input file /tmp/tp7658d783_f920_4a83_a07b_a01c97ef0137.in being loaded.
 Default used for  SegXgrid
 Default used for nECoord(   1)
 Default used for TElt(   1)
 Default used for nECoord(   2)
 Default used for TElt(   2)
 Default used for nECoord(   3)
 Default used for TElt(   3)
 Default used for nECoord(   4)
 Default used for TElt(   4)
 Default used for nECoord(   5)
 Default used for TElt(   5)
 Optical Train Summary:
  Tracing rays past   5 elements.
  Aperture grid type = Circular  with   41 grid points.
  Elt   1: Reflector   : Aspheric with Kc=-3.7191D+01, Kr= 1.4378D+01, nECoords =  -6
  Elt   2: Reference   : Flat     with Kc= 0.0000D+00, Kr=-1.0000D+22, nECoords =  -6
  Elt   3: Reflector   : Aspheric with Kc= 4.3012D+00, Kr=-1.8964D+00, nECoords =  -6
  Elt   4: Reflector   : Aspheric with Kc= 8.2681D-02, Kr=-1.6754D+00, nECoords =  -6
  Elt   5: FocalPlane  : Flat     with Kc= 0.0000D+00, Kr=-1.0000D+22, nECoords =  -6
  Number of output coordinates is   5
  Computed StopPos = -1.117114898406D+00 -3.163821943519D+00 -2.415991040553D+00
 OPD: Rays being traced =         1185
 Compute time was    0.0000 sec
  All rays are obscured or lost.
 **Warning: Computing pupil diffraction grid spacing failed!
            Diffraction result is incorrect.
 RMS OPD error is   9.999900000D+36 m 
 P-V OPD error is   0.000000000D+00 m 
 Average OPD is     9.9999000000000000D+36 m 
 One or more rays become undefined at element   3
 A total of     1185 rays were lost
   Surface miss:       1185
 OPD: Rays being traced =         1185
 Compute time was    0.0039 sec
 OPD: nPassRays =    1184,    DAvgCumL = -49.80192798D-02 m 
 RMS OPD error is   3.693163477D-02 m 
 P-V OPD error is   1.466925700D-01 m 
 Average OPD is    -1.8011445778746945D-03 m 
  Input file /tmp/tp7658d783_f920_4a83_a07b_a01c97ef0137.in being loaded.
 Default used for  SegXgrid
 Default used for nECoord(   1)
 Default used for TElt(   1)
 Default used for nECoord(   2)
 Default used for TElt(   2)
 Default used for nECoord(   3)
 Default used for TElt(   3)
 Default used for nECoord(   4)
 Default used for TElt(   4)
 Default used for nECoord(   5)
 Default used for TElt(   5)
 Optical Train Summary:
  Tracing rays past   5 elements.
  Aperture grid type = Circular  with   41 grid points.
  Elt   1: Reflector   : Aspheric with Kc=-3.7191D+01, Kr= 1.4378D+01, nECoords =  -6
  Elt   2: Reference   : Flat     with Kc= 0.0000D+00, Kr=-1.0000D+22, nECoords =  -6
  Elt   3: Reflector   : Aspheric with Kc= 4.3012D+00, Kr=-1.8964D+00, nECoords =  -6
  Elt   4: Reflector   : Aspheric with Kc= 8.2681D-02, Kr=-1.6754D+00, nECoords =  -6
  Elt   5: FocalPlane  : Flat     with Kc= 0.0000D+00, Kr=-1.0000D+22, nECoords =  -6
  Number of output coordinates is   5
  Computed StopPos =  2.246861528074D-02 -8.915457159714D-01  1.584990719719D+00
 OPD: Rays being traced =         1185
 Compute time was    0.0000 sec
  All rays are obscured or lost.
 **Warning: Computing pupil diffraction grid spacing failed!
            Diffraction result is incorrect.
 RMS OPD error is   9.999900000D+36 m 
 P-V OPD error is   0.000000000D+00 m 
 Average OPD is     9.9999000000000000D+36 m 
 One or more rays become undefined at element   3
 A total of     1185 rays were lost
   Surface miss:       1185
 OPD: Rays being traced =         1185
 Compute time was    0.0000 sec
 OPD: nPassRays =    1184,    DAvgCumL =  21.60992864D-01 m 
 RMS OPD error is   6.289203869D-03 m 
 P-V OPD error is   2.766041174D-02 m 
 Average OPD is     3.2904485645638640D-03 m 
  Input file /tmp/tp7658d783_f920_4a83_a07b_a01c97ef0137.in being loaded.
 Default used for  SegXgrid
 Default used for nECoord(   1)
 Default used for TElt(   1)
 Default used for nECoord(   2)
 Default used for TElt(   2)
 Default used for nECoord(   3)
 Default used for TElt(   3)
 Default used for nECoord(   4)
 Default used for TElt(   4)
 Default used for nECoord(   5)
 Default used for TElt(   5)
 Optical Train Summary:
  Tracing rays past   5 elements.
  Aperture grid type = Circular  with   41 grid points.
  Elt   1: Reflector   : Aspheric with Kc=-3.7191D+01, Kr= 1.4378D+01, nECoords =  -6
  Elt   2: Reference   : Flat     with Kc= 0.0000D+00, Kr=-1.0000D+22, nECoords =  -6
  Elt   3: Reflector   : Aspheric with Kc= 4.3012D+00, Kr=-1.8964D+00, nECoords =  -6
  Elt   4: Reflector   : Aspheric with Kc= 8.2681D-02, Kr=-1.6754D+00, nECoords =  -6
  Elt   5: FocalPlane  : Flat     with Kc= 0.0000D+00, Kr=-1.0000D+22, nECoords =  -6
  Number of output coordinates is   5
  Computed StopPos =  2.277071738796D-02 -8.968674204066D-01  1.566140083164D+00
 OPD: Rays being traced =         1185
 Compute time was    0.0000 sec
  All rays are obscured or lost.
 **Warning: Computing pupil diffraction grid spacing failed!
            Diffraction result is incorrect.
 RMS OPD error is   9.999900000D+36 m 
 P-V OPD error is   0.000000000D+00 m 
 Average OPD is     9.9999000000000000D+36 m 
 One or more rays become undefined at element   3
 A total of     1185 rays were lost
   Surface miss:       1185
 OPD: Rays being traced =         1185
 Compute time was    0.0000 sec
 OPD: nPassRays =    1184,    DAvgCumL =  21.85502966D-01 m 
 RMS OPD error is   5.814968131D-03 m 
 P-V OPD error is   2.643053787D-02 m 
 Average OPD is     3.5420056620962350D-03 m 
  Input file /tmp/tp7658d783_f920_4a83_a07b_a01c97ef0137.in being loaded.
 Default used for  SegXgrid
 Default used for nECoord(   1)
 Default used for TElt(   1)
 Default used for nECoord(   2)
 Default used for TElt(   2)
 Default used for nECoord(   3)
 Default used for TElt(   3)
 Default used for nECoord(   4)
 Default used for TElt(   4)
 Default used for nECoord(   5)
 Default used for TElt(   5)
 Optical Train Summary:
  Tracing rays past   5 elements.
  Aperture grid type = Circular  with   41 grid points.
  Elt   1: Reflector   : Aspheric with Kc=-3.7191D+01, Kr= 1.4378D+01, nECoords =  -6
  Elt   2: Reference   : Flat     with Kc= 0.0000D+00, Kr=-1.0000D+22, nECoords =  -6
  Elt   3: Reflector   : Aspheric with Kc= 4.3012D+00, Kr=-1.8964D+00, nECoords =  -6
  Elt   4: Reflector   : Aspheric with Kc= 8.2681D-02, Kr=-1.6754D+00, nECoords =  -6
  Elt   5: FocalPlane  : Flat     with Kc= 0.0000D+00, Kr=-1.0000D+22, nECoords =  -6
  Number of output coordinates is   5
  Computed StopPos =  2.300326588354D-02 -9.023855564053D-01  1.548388288424D+00
 OPD: Rays being traced =         1185
 Compute time was    0.0000 sec
  All rays are obscured or lost.
 **Warning: Computing pupil diffraction grid spacing failed!
            Diffraction result is incorrect.
 RMS OPD error is   9.999900000D+36 m 
 P-V OPD error is   0.000000000D+00 m 
 Average OPD is     9.9999000000000000D+36 m 
 One or more rays become undefined at element   3
 A total of     1185 rays were lost
   Surface miss:       1185
 OPD: Rays being traced =         1185
 Compute time was    0.0000 sec
 OPD: nPassRays =    1184,    DAvgCumL =  22.12102429D-01 m 
 RMS OPD error is   5.396475841D-03 m 
 P-V OPD error is   2.546275894D-02 m 
 Average OPD is     3.8096785741350198D-03 m 
  Input file /tmp/tp7658d783_f920_4a83_a07b_a01c97ef0137.in being loaded.
 Default used for  SegXgrid
 Default used for nECoord(   1)
 Default used for TElt(   1)
 Default used for nECoord(   2)
 Default used for TElt(   2)
 Default used for nECoord(   3)
 Default used for TElt(   3)
 Default used for nECoord(   4)
 Default used for TElt(   4)
 Default used for nECoord(   5)
 Default used for TElt(   5)
 Optical Train Summary:
  Tracing rays past   5 elements.
  Aperture grid type = Circular  with   41 grid points.
  Elt   1: Reflector   : Aspheric with Kc=-3.7191D+01, Kr= 1.4378D+01, nECoords =  -6
  Elt   2: Reference   : Flat     with Kc= 0.0000D+00, Kr=-1.0000D+22, nECoords =  -6
  Elt   3: Reflector   : Aspheric with Kc= 4.3012D+00, Kr=-1.8964D+00, nECoords =  -6
  Elt   4: Reflector   : Aspheric with Kc= 8.2681D-02, Kr=-1.6754D+00, nECoords =  -6
  Elt   5: FocalPlane  : Flat     with Kc= 0.0000D+00, Kr=-1.0000D+22, nECoords =  -6
  Number of output coordinates is   5
  Computed StopPos =  2.317092191982D-02 -9.080661114923D-01  1.531673960430D+00
 OPD: Rays being traced =         1185
 Compute time was    0.0000 sec
  All rays are obscured or lost.
 **Warning: Computing pupil diffraction grid spacing failed!
            Diffraction result is incorrect.
 RMS OPD error is   9.999900000D+36 m 
 P-V OPD error is   0.000000000D+00 m 
 Average OPD is     9.9999000000000000D+36 m 
 One or more rays become undefined at element   3
 A total of     1185 rays were lost
   Surface miss:       1185
 OPD: Rays being traced =         1185
 Compute time was    0.0000 sec
 OPD: nPassRays =    1184,    DAvgCumL =  22.40861285D-01 m 
 RMS OPD error is   5.065255228D-03 m 
 P-V OPD error is   2.458837387D-02 m 
 Average OPD is     4.0941389618070739D-03 m 
  Input file /tmp/tp7658d783_f920_4a83_a07b_a01c97ef0137.in being loaded.
 Default used for  SegXgrid
 Default used for nECoord(   1)
 Default used for TElt(   1)
 Default used for nECoord(   2)
 Default used for TElt(   2)
 Default used for nECoord(   3)
 Default used for TElt(   3)
 Default used for nECoord(   4)
 Default used for TElt(   4)
 Default used for nECoord(   5)
 Default used for TElt(   5)
 Optical Train Summary:
  Tracing rays past   5 elements.
  Aperture grid type = Circular  with   41 grid points.
  Elt   1: Reflector   : Aspheric with Kc=-3.7191D+01, Kr= 1.4378D+01, nECoords =  -6
  Elt   2: Reference   : Flat     with Kc= 0.0000D+00, Kr=-1.0000D+22, nECoords =  -6
  Elt   3: Reflector   : Aspheric with Kc= 4.3012D+00, Kr=-1.8964D+00, nECoords =  -6
  Elt   4: Reflector   : Aspheric with Kc= 8.2681D-02, Kr=-1.6754D+00, nECoords =  -6
  Elt   5: FocalPlane  : Flat     with Kc= 0.0000D+00, Kr=-1.0000D+22, nECoords =  -6
  Number of output coordinates is   5
  Computed StopPos =  2.327816747953D-02 -9.138795060810D-01  1.515936407443D+00
 OPD: Rays being traced =         1185
 Compute time was    0.0000 sec
  All rays are obscured or lost.
 **Warning: Computing pupil diffraction grid spacing failed!
            Diffraction result is incorrect.
 RMS OPD error is   9.999900000D+36 m 
 P-V OPD error is   0.000000000D+00 m 
 Average OPD is     9.9999000000000000D+36 m 
 One or more rays become undefined at element   3
 A total of     1185 rays were lost
   Surface miss:       1185
 OPD: Rays being traced =         1185
 Compute time was    0.0039 sec
 OPD: nPassRays =    1184,    DAvgCumL =  22.71856507D-01 m 
 RMS OPD error is   4.859154865D-03 m 
 P-V OPD error is   2.386566453D-02 m 
 Average OPD is     4.3960353575082777D-03 m 
  Input file /tmp/tp7658d783_f920_4a83_a07b_a01c97ef0137.in being loaded.
 Default used for  SegXgrid
 Default used for nECoord(   1)
 Default used for TElt(   1)
 Default used for nECoord(   2)
 Default used for TElt(   2)
 Default used for nECoord(   3)
 Default used for TElt(   3)
 Default used for nECoord(   4)
 Default used for TElt(   4)
 Default used for nECoord(   5)
 Default used for TElt(   5)
 Optical Train Summary:
  Tracing rays past   5 elements.
  Aperture grid type = Circular  with   41 grid points.
  Elt   1: Reflector   : Aspheric with Kc=-3.7191D+01, Kr= 1.4378D+01, nECoords =  -6
  Elt   2: Reference   : Flat     with Kc= 0.0000D+00, Kr=-1.0000D+22, nECoords =  -6
  Elt   3: Reflector   : Aspheric with Kc= 4.3012D+00, Kr=-1.8964D+00, nECoords =  -6
  Elt   4: Reflector   : Aspheric with Kc= 8.2681D-02, Kr=-1.6754D+00, nECoords =  -6
  Elt   5: FocalPlane  : Flat     with Kc= 0.0000D+00, Kr=-1.0000D+22, nECoords =  -6
  Number of output coordinates is   5
  Computed StopPos =  2.332939803756D-02 -9.198012019330D-01  1.501114034054D+00
 OPD: Rays being traced =         1185
 Compute time was    0.0000 sec
 OPD: nPassRays =      12,    DAvgCumL =              NaN m 
 RMS OPD error is               NaN m 
 P-V OPD error is  -2.000000000D+22 m 
 Average OPD is                        NaN m 
 One or more rays become undefined at element   3
 A total of     1173 rays were lost
   Surface miss:       1173
 OPD: Rays being traced =         1185
 Compute time was    0.0000 sec
 OPD: nPassRays =    1184,    DAvgCumL =  23.05172768D-01 m 
 RMS OPD error is   4.815886019D-03 m 
 P-V OPD error is   2.326532950D-02 m 
 Average OPD is     4.7159937524037408D-03 m 
  Input file /tmp/tp7658d783_f920_4a83_a07b_a01c97ef0137.in being loaded.
 Default used for  SegXgrid
 Default used for nECoord(   1)
 Default used for TElt(   1)
 Default used for nECoord(   2)
 Default used for TElt(   2)
 Default used for nECoord(   3)
 Default used for TElt(   3)
 Default used for nECoord(   4)
 Default used for TElt(   4)
 Default used for nECoord(   5)
 Default used for TElt(   5)
 Optical Train Summary:
  Tracing rays past   5 elements.
  Aperture grid type = Circular  with   41 grid points.
  Elt   1: Reflector   : Aspheric with Kc=-3.7191D+01, Kr= 1.4378D+01, nECoords =  -6
  Elt   2: Reference   : Flat     with Kc= 0.0000D+00, Kr=-1.0000D+22, nECoords =  -6
  Elt   3: Reflector   : Aspheric with Kc= 4.3012D+00, Kr=-1.8964D+00, nECoords =  -6
  Elt   4: Reflector   : Aspheric with Kc= 8.2681D-02, Kr=-1.6754D+00, nECoords =  -6
  Elt   5: FocalPlane  : Flat     with Kc= 0.0000D+00, Kr=-1.0000D+22, nECoords =  -6
  Number of output coordinates is   5
  Computed StopPos =  2.332458098610D-02 -9.198013626099D-01  1.501114122177D+00
 OPD: Rays being traced =         1185
 Compute time was    0.0039 sec
 OPD: nPassRays =      12,    DAvgCumL =              NaN m 
 RMS OPD error is               NaN m 
 P-V OPD error is  -2.000000000D+22 m 
 Average OPD is                        NaN m 
 One or more rays become undefined at element   3
 A total of     1173 rays were lost
   Surface miss:       1173
  Input file /tmp/tp7658d783_f920_4a83_a07b_a01c97ef0137.in being loaded.
 Default used for  SegXgrid
 Default used for nECoord(   1)
 Default used for TElt(   1)
 Default used for nECoord(   2)
 Default used for TElt(   2)
 Default used for nECoord(   3)
 Default used for TElt(   3)
 Default used for nECoord(   4)
 Default used for TElt(   4)
 Default used for nECoord(   5)
 Default used for TElt(   5)
 Optical Train Summary:
  Tracing rays past   5 elements.
  Aperture grid type = Circular  with   41 grid points.
  Elt   1: Reflector   : Aspheric with Kc=-3.7191D+01, Kr= 1.4378D+01, nECoords =  -6
  Elt   2: Reference   : Flat     with Kc= 0.0000D+00, Kr=-1.0000D+22, nECoords =  -6
  Elt   3: Reflector   : Aspheric with Kc= 4.3012D+00, Kr=-1.8964D+00, nECoords =  -6
  Elt   4: Reflector   : Aspheric with Kc= 8.2681D-02, Kr=-1.6754D+00, nECoords =  -6
  Elt   5: FocalPlane  : Flat     with Kc= 0.0000D+00, Kr=-1.0000D+22, nECoords =  -6
  Number of output coordinates is   5
  Computed StopPos =  2.332857527655D-02 -9.258089177908D-01  1.487151155564D+00
 OPD: Rays being traced =         1185
 Compute time was    0.0000 sec
 OPD: nPassRays =      30,    DAvgCumL =              NaN m 
 RMS OPD error is               NaN m 
 P-V OPD error is  -2.000000000D+22 m 
 Average OPD is                        NaN m 
 One or more rays become undefined at element   3
 A total of     1155 rays were lost
   Surface miss:       1155
 OPD: Rays being traced =         1185
 Compute time was    0.0000 sec
 OPD: nPassRays =    1184,    DAvgCumL =  23.40903308D-01 m 
 RMS OPD error is   4.962053750D-03 m 
 P-V OPD error is   2.278027128D-02 m 
 Average OPD is     5.0546187022968243D-03 m 
  Input file /tmp/tp7658d783_f920_4a83_a07b_a01c97ef0137.in being loaded.
 Default used for  SegXgrid
 Default used for nECoord(   1)
 Default used for TElt(   1)
 Default used for nECoord(   2)
 Default used for TElt(   2)
 Default used for nECoord(   3)
 Default used for TElt(   3)
 Default used for nECoord(   4)
 Default used for TElt(   4)
 Default used for nECoord(   5)
 Default used for TElt(   5)
 Optical Train Summary:
  Tracing rays past   5 elements.
  Aperture grid type = Circular  with   41 grid points.
  Elt   1: Reflector   : Aspheric with Kc=-3.7191D+01, Kr= 1.4378D+01, nECoords =  -6
  Elt   2: Reference   : Flat     with Kc= 0.0000D+00, Kr=-1.0000D+22, nECoords =  -6
  Elt   3: Reflector   : Aspheric with Kc= 4.3012D+00, Kr=-1.8964D+00, nECoords =  -6
  Elt   4: Reflector   : Aspheric with Kc= 8.2681D-02, Kr=-1.6754D+00, nECoords =  -6
  Elt   5: FocalPlane  : Flat     with Kc= 0.0000D+00, Kr=-1.0000D+22, nECoords =  -6
  Number of output coordinates is   5
  Computed StopPos =  2.332370391361D-02 -9.258090745294D-01  1.487151239770D+00
 OPD: Rays being traced =         1185
 Compute time was    0.0000 sec
 OPD: nPassRays =      30,    DAvgCumL =              NaN m 
 RMS OPD error is               NaN m 
 P-V OPD error is  -2.000000000D+22 m 
 Average OPD is                        NaN m 
 One or more rays become undefined at element   3
 A total of     1155 rays were lost
   Surface miss:       1155
  Input file /tmp/tp7658d783_f920_4a83_a07b_a01c97ef0137.in being loaded.
 Default used for  SegXgrid
 Default used for nECoord(   1)
 Default used for TElt(   1)
 Default used for nECoord(   2)
 Default used for TElt(   2)
 Default used for nECoord(   3)
 Default used for TElt(   3)
 Default used for nECoord(   4)
 Default used for TElt(   4)
 Default used for nECoord(   5)
 Default used for TElt(   5)
 Optical Train Summary:
  Tracing rays past   5 elements.
  Aperture grid type = Circular  with   41 grid points.
  Elt   1: Reflector   : Aspheric with Kc=-3.7191D+01, Kr= 1.4378D+01, nECoords =  -6
  Elt   2: Reference   : Flat     with Kc= 0.0000D+00, Kr=-1.0000D+22, nECoords =  -6
  Elt   3: Reflector   : Aspheric with Kc= 4.3012D+00, Kr=-1.8964D+00, nECoords =  -6
  Elt   4: Reflector   : Aspheric with Kc= 8.2681D-02, Kr=-1.6754D+00, nECoords =  -6
  Elt   5: FocalPlane  : Flat     with Kc= 0.0000D+00, Kr=-1.0000D+22, nECoords =  -6
  Number of output coordinates is   5
  Computed StopPos =  2.327959188171D-02 -9.318850915216D-01  1.473991224855D+00
 OPD: Rays being traced =         1185
 Compute time was    0.0000 sec
 OPD: nPassRays =      50,    DAvgCumL =              NaN m 
 RMS OPD error is               NaN m 
 P-V OPD error is  -2.000000000D+22 m 
 Average OPD is                        NaN m 
 One or more rays become undefined at element   3
 A total of     1135 rays were lost
   Surface miss:       1135
 OPD: Rays being traced =         1185
 Compute time was    0.0000 sec
 OPD: nPassRays =    1184,    DAvgCumL =  23.79150924D-01 m 
 RMS OPD error is   5.304161323D-03 m 
 P-V OPD error is   2.238124827D-02 m 
 Average OPD is     5.4124948685728104D-03 m 
  Input file /tmp/tp7658d783_f920_4a83_a07b_a01c97ef0137.in being loaded.
 Default used for  SegXgrid
 Default used for nECoord(   1)
 Default used for TElt(   1)
 Default used for nECoord(   2)
 Default used for TElt(   2)
 Default used for nECoord(   3)
 Default used for TElt(   3)
 Default used for nECoord(   4)
 Default used for TElt(   4)
 Default used for nECoord(   5)
 Default used for TElt(   5)
 Optical Train Summary:
  Tracing rays past   5 elements.
  Aperture grid type = Circular  with   41 grid points.
  Elt   1: Reflector   : Aspheric with Kc=-3.7191D+01, Kr= 1.4378D+01, nECoords =  -6
  Elt   2: Reference   : Flat     with Kc= 0.0000D+00, Kr=-1.0000D+22, nECoords =  -6
  Elt   3: Reflector   : Aspheric with Kc= 4.3012D+00, Kr=-1.8964D+00, nECoords =  -6
  Elt   4: Reflector   : Aspheric with Kc= 8.2681D-02, Kr=-1.6754D+00, nECoords =  -6
  Elt   5: FocalPlane  : Flat     with Kc= 0.0000D+00, Kr=-1.0000D+22, nECoords =  -6
  Number of output coordinates is   5
  Computed StopPos =  2.327467165134D-02 -9.318852435984D-01  1.473991306543D+00
 OPD: Rays being traced =         1185
 Compute time was    0.0039 sec
 OPD: nPassRays =      50,    DAvgCumL =              NaN m 
 RMS OPD error is               NaN m 
 P-V OPD error is  -2.000000000D+22 m 
 Average OPD is                        NaN m 
 One or more rays become undefined at element   3
 A total of     1135 rays were lost
   Surface miss:       1135
  Input file /tmp/tp7658d783_f920_4a83_a07b_a01c97ef0137.in being loaded.
 Default used for  SegXgrid
 Default used for nECoord(   1)
 Default used for TElt(   1)
 Default used for nECoord(   2)
 Default used for TElt(   2)
 Default used for nECoord(   3)
 Default used for TElt(   3)
 Default used for nECoord(   4)
 Default used for TElt(   4)
 Default used for nECoord(   5)
 Default used for TElt(   5)
 Optical Train Summary:
  Tracing rays past   5 elements.
  Aperture grid type = Circular  with   41 grid points.
  Elt   1: Reflector   : Aspheric with Kc=-3.7191D+01, Kr= 1.4378D+01, nECoords =  -6
  Elt   2: Reference   : Flat     with Kc= 0.0000D+00, Kr=-1.0000D+22, nECoords =  -6
  Elt   3: Reflector   : Aspheric with Kc= 4.3012D+00, Kr=-1.8964D+00, nECoords =  -6
  Elt   4: Reflector   : Aspheric with Kc= 8.2681D-02, Kr=-1.6754D+00, nECoords =  -6
  Elt   5: FocalPlane  : Flat     with Kc= 0.0000D+00, Kr=-1.0000D+22, nECoords =  -6
  Number of output coordinates is   5
  Computed StopPos =  4.125820933414D-02 -1.783376834572D+00  1.375447289889D+00
 OPD: Rays being traced =         1185
 Compute time was    0.0078 sec
 OPD: nPassRays =    1184,    DAvgCumL =              NaN m 
 RMS OPD error is               NaN m 
 P-V OPD error is  -2.000000000D+22 m 
 Average OPD is                        NaN m 
 OPD: Rays being traced =         1185
 Compute time was    0.0000 sec
 OPD: nPassRays =    1184,    DAvgCumL = -11.87753917D-01 m 
 RMS OPD error is   2.830888164D-03 m 
 P-V OPD error is   1.343686491D-02 m 
 Average OPD is    -1.0549330287470983D-03 m 
  Input file /tmp/tp7658d783_f920_4a83_a07b_a01c97ef0137.in being loaded.
 Default used for  SegXgrid
 Default used for nECoord(   1)
 Default used for TElt(   1)
 Default used for nECoord(   2)
 Default used for TElt(   2)
 Default used for nECoord(   3)
 Default used for TElt(   3)
 Default used for nECoord(   4)
 Default used for TElt(   4)
 Default used for nECoord(   5)
 Default used for TElt(   5)
 Optical Train Summary:
  Tracing rays past   5 elements.
  Aperture grid type = Circular  with   41 grid points.
  Elt   1: Reflector   : Aspheric with Kc=-3.7191D+01, Kr= 1.4378D+01, nECoords =  -6
  Elt   2: Reference   : Flat     with Kc= 0.0000D+00, Kr=-1.0000D+22, nECoords =  -6
  Elt   3: Reflector   : Aspheric with Kc= 4.3012D+00, Kr=-1.8964D+00, nECoords =  -6
  Elt   4: Reflector   : Aspheric with Kc= 8.2681D-02, Kr=-1.6754D+00, nECoords =  -6
  Elt   5: FocalPlane  : Flat     with Kc= 0.0000D+00, Kr=-1.0000D+22, nECoords =  -6
  Number of output coordinates is   5
  Computed StopPos =  4.124909097194D-02 -1.783377642863D+00  1.375450420933D+00
 OPD: Rays being traced =         1185
 Compute time was    0.0078 sec
 OPD: nPassRays =    1184,    DAvgCumL =              NaN m 
 RMS OPD error is               NaN m 
 P-V OPD error is  -2.000000000D+22 m 
 Average OPD is                        NaN m 
  Input file /tmp/tp7658d783_f920_4a83_a07b_a01c97ef0137.in being loaded.
 Default used for  SegXgrid
 Default used for nECoord(   1)
 Default used for TElt(   1)
 Default used for nECoord(   2)
 Default used for TElt(   2)
 Default used for nECoord(   3)
 Default used for TElt(   3)
 Default used for nECoord(   4)
 Default used for TElt(   4)
 Default used for nECoord(   5)
 Default used for TElt(   5)
 Optical Train Summary:
  Tracing rays past   5 elements.
  Aperture grid type = Circular  with   41 grid points.
  Elt   1: Reflector   : Aspheric with Kc=-3.7191D+01, Kr= 1.4378D+01, nECoords =  -6
  Elt   2: Reference   : Flat     with Kc= 0.0000D+00, Kr=-1.0000D+22, nECoords =  -6
  Elt   3: Reflector   : Aspheric with Kc= 4.3012D+00, Kr=-1.8964D+00, nECoords =  -6
  Elt   4: Reflector   : Aspheric with Kc= 8.2681D-02, Kr=-1.6754D+00, nECoords =  -6
  Elt   5: FocalPlane  : Flat     with Kc= 0.0000D+00, Kr=-1.0000D+22, nECoords =  -6
  Number of output coordinates is   5
  Computed StopPos = -6.533600713603D+03  6.768819231375D+04  1.246708188615D+05
 OPD: Rays being traced =         1185
 Compute time was    0.0078 sec
 OPD: nPassRays =    1184,    DAvgCumL =              NaN m 
 RMS OPD error is               NaN m 
 P-V OPD error is  -2.000000000D+22 m 
 Average OPD is                        NaN m 
 OPD: Rays being traced =         1185
 Compute time was    0.0000 sec
 OPD: nPassRays =    1184,    DAvgCumL = -12.32273766D-01 m 
 RMS OPD error is   2.627690648D-03 m 
 P-V OPD error is   1.179764861D-02 m 
 Average OPD is    -1.0400387981027064D-03 m 
  Input file /tmp/tp7658d783_f920_4a83_a07b_a01c97ef0137.in being loaded.
 Default used for  SegXgrid
 Default used for nECoord(   1)
 Default used for TElt(   1)
 Default used for nECoord(   2)
 Default used for TElt(   2)
 Default used for nECoord(   3)
 Default used for TElt(   3)
 Default used for nECoord(   4)
 Default used for TElt(   4)
 Default used for nECoord(   5)
 Default used for TElt(   5)
 Optical Train Summary:
  Tracing rays past   5 elements.
  Aperture grid type = Circular  with   41 grid points.
  Elt   1: Reflector   : Aspheric with Kc=-3.7191D+01, Kr= 1.4378D+01, nECoords =  -6
  Elt   2: Reference   : Flat     with Kc= 0.0000D+00, Kr=-1.0000D+22, nECoords =  -6
  Elt   3: Reflector   : Aspheric with Kc= 4.3012D+00, Kr=-1.8964D+00, nECoords =  -6
  Elt   4: Reflector   : Aspheric with Kc= 8.2681D-02, Kr=-1.6754D+00, nECoords =  -6
  Elt   5: FocalPlane  : Flat     with Kc= 0.0000D+00, Kr=-1.0000D+22, nECoords =  -6
  Number of output coordinates is   5
  Computed StopPos = -6.532112451605D+03  6.768747039777D+04  1.246695635790D+05
 OPD: Rays being traced =         1185
 Compute time was    0.0039 sec
 OPD: nPassRays =    1184,    DAvgCumL =              NaN m 
 RMS OPD error is               NaN m 
 P-V OPD error is  -2.000000000D+22 m 
 Average OPD is                        NaN m 
  Input file /tmp/tp7658d783_f920_4a83_a07b_a01c97ef0137.in being loaded.
 Default used for  SegXgrid
 Default used for nECoord(   1)
 Default used for TElt(   1)
 Default used for nECoord(   2)
 Default used for TElt(   2)
 Default used for nECoord(   3)
 Default used for TElt(   3)
 Default used for nECoord(   4)
 Default used for TElt(   4)
 Default used for nECoord(   5)
 Default used for TElt(   5)
 Optical Train Summary:
  Tracing rays past   5 elements.
  Aperture grid type = Circular  with   41 grid points.
  Elt   1: Reflector   : Aspheric with Kc=-3.7191D+01, Kr= 1.4378D+01, nECoords =  -6
  Elt   2: Reference   : Flat     with Kc= 0.0000D+00, Kr=-1.0000D+22, nECoords =  -6
  Elt   3: Reflector   : Aspheric with Kc= 4.3012D+00, Kr=-1.8964D+00, nECoords =  -6
  Elt   4: Reflector   : Aspheric with Kc= 8.2681D-02, Kr=-1.6754D+00, nECoords =  -6
  Elt   5: FocalPlane  : Flat     with Kc= 0.0000D+00, Kr=-1.0000D+22, nECoords =  -6
  Number of output coordinates is   5
  Computed StopPos =  5.432318501895D+01 -5.997055305209D+02 -1.034248677297D+03
 OPD: Rays being traced =         1185
 Compute time was    0.0078 sec
 OPD: nPassRays =    1184,    DAvgCumL =              NaN m 
 RMS OPD error is               NaN m 
 P-V OPD error is  -2.000000000D+22 m 
 Average OPD is                        NaN m 
 OPD: Rays being traced =         1185
 Compute time was    0.0000 sec
 OPD: nPassRays =    1184,    DAvgCumL = -12.79473352D-01 m 
 RMS OPD error is   2.701821112D-03 m 
 P-V OPD error is   1.293166850D-02 m 
 Average OPD is    -1.1115238817280028D-03 m 
  Input file /tmp/tp7658d783_f920_4a83_a07b_a01c97ef0137.in being loaded.
 Default used for  SegXgrid
 Default used for nECoord(   1)
 Default used for TElt(   1)
 Default used for nECoord(   2)
 Default used for TElt(   2)
 Default used for nECoord(   3)
 Default used for TElt(   3)
 Default used for nECoord(   4)
 Default used for TElt(   4)
 Default used for nECoord(   5)
 Default used for TElt(   5)
 Optical Train Summary:
  Tracing rays past   5 elements.
  Aperture grid type = Circular  with   41 grid points.
  Elt   1: Reflector   : Aspheric with Kc=-3.7191D+01, Kr= 1.4378D+01, nECoords =  -6
  Elt   2: Reference   : Flat     with Kc= 0.0000D+00, Kr=-1.0000D+22, nECoords =  -6
  Elt   3: Reflector   : Aspheric with Kc= 4.3012D+00, Kr=-1.8964D+00, nECoords =  -6
  Elt   4: Reflector   : Aspheric with Kc= 8.2681D-02, Kr=-1.6754D+00, nECoords =  -6
  Elt   5: FocalPlane  : Flat     with Kc= 0.0000D+00, Kr=-1.0000D+22, nECoords =  -6
  Number of output coordinates is   5
  Computed StopPos =  5.417486290089D+01 -5.982030719031D+02 -1.031646954912D+03
 OPD: Rays being traced =         1185
 Compute time was    0.0078 sec
 OPD: nPassRays =    1184,    DAvgCumL =              NaN m 
 RMS OPD error is               NaN m 
 P-V OPD error is  -2.000000000D+22 m 
 Average OPD is                        NaN m 
  Input file /tmp/tp7658d783_f920_4a83_a07b_a01c97ef0137.in being loaded.
 Default used for  SegXgrid
 Default used for nECoord(   1)
 Default used for TElt(   1)
 Default used for nECoord(   2)
 Default used for TElt(   2)
 Default used for nECoord(   3)
 Default used for TElt(   3)
 Default used for nECoord(   4)
 Default used for TElt(   4)
 Default used for nECoord(   5)
 Default used for TElt(   5)
 Optical Train Summary:
  Tracing rays past   5 elements.
  Aperture grid type = Circular  with   41 grid points.
  Elt   1: Reflector   : Aspheric with Kc=-3.7191D+01, Kr= 1.4378D+01, nECoords =  -6
  Elt   2: Reference   : Flat     with Kc= 0.0000D+00, Kr=-1.0000D+22, nECoords =  -6
  Elt   3: Reflector   : Aspheric with Kc= 4.3012D+00, Kr=-1.8964D+00, nECoords =  -6
  Elt   4: Reflector   : Aspheric with Kc= 8.2681D-02, Kr=-1.6754D+00, nECoords =  -6
  Elt   5: FocalPlane  : Flat     with Kc= 0.0000D+00, Kr=-1.0000D+22, nECoords =  -6
  Number of output coordinates is   5
  Computed StopPos =  1.123972001791D-02 -8.919226598384D-01  1.585045630104D+00
 OPD: Rays being traced =         1185
 Compute time was    0.0000 sec
  All rays are obscured or lost.
 **Warning: Computing pupil diffraction grid spacing failed!
            Diffraction result is incorrect.
 RMS OPD error is   9.999900000D+36 m 
 P-V OPD error is   0.000000000D+00 m 
 Average OPD is     9.9999000000000000D+36 m 
 One or more rays become undefined at element   3
 A total of     1185 rays were lost
   Surface miss:       1185
 OPD: Rays being traced =         1185
 Compute time was    0.0000 sec
 OPD: nPassRays =    1184,    DAvgCumL =  21.58871532D-01 m 
 RMS OPD error is   6.120385135D-03 m 
 P-V OPD error is   2.566215576D-02 m 
 Average OPD is     3.2853399016691668D-03 m 
  Input file /tmp/tp7658d783_f920_4a83_a07b_a01c97ef0137.in being loaded.
 Default used for  SegXgrid
 Default used for nECoord(   1)
 Default used for TElt(   1)
 Default used for nECoord(   2)
 Default used for TElt(   2)
 Default used for nECoord(   3)
 Default used for TElt(   3)
 Default used for nECoord(   4)
 Default used for TElt(   4)
 Default used for nECoord(   5)
 Default used for TElt(   5)
 Optical Train Summary:
  Tracing rays past   5 elements.
  Aperture grid type = Circular  with   41 grid points.
  Elt   1: Reflector   : Aspheric with Kc=-3.7191D+01, Kr= 1.4378D+01, nECoords =  -6
  Elt   2: Reference   : Flat     with Kc= 0.0000D+00, Kr=-1.0000D+22, nECoords =  -6
  Elt   3: Reflector   : Aspheric with Kc= 4.3012D+00, Kr=-1.8964D+00, nECoords =  -6
  Elt   4: Reflector   : Aspheric with Kc= 8.2681D-02, Kr=-1.6754D+00, nECoords =  -6
  Elt   5: FocalPlane  : Flat     with Kc= 0.0000D+00, Kr=-1.0000D+22, nECoords =  -6
  Number of output coordinates is   5
  Computed StopPos =  1.139103994719D-02 -8.972469425955D-01  1.566165446887D+00
 OPD: Rays being traced =         1185
 Compute time was    0.0000 sec
  All rays are obscured or lost.
 **Warning: Computing pupil diffraction grid spacing failed!
            Diffraction result is incorrect.
 RMS OPD error is   9.999900000D+36 m 
 P-V OPD error is   0.000000000D+00 m 
 Average OPD is     9.9999000000000000D+36 m 
 One or more rays become undefined at element   3
 A total of     1185 rays were lost
   Surface miss:       1185
 OPD: Rays being traced =         1185
 Compute time was    0.0000 sec
 OPD: nPassRays =    1184,    DAvgCumL =  21.83397391D-01 m 
 RMS OPD error is   5.629559728D-03 m 
 P-V OPD error is   2.441514553D-02 m 
 Average OPD is     3.5366302083790213D-03 m 
  Input file /tmp/tp7658d783_f920_4a83_a07b_a01c97ef0137.in being loaded.
 Default used for  SegXgrid
 Default used for nECoord(   1)
 Default used for TElt(   1)
 Default used for nECoord(   2)
 Default used for TElt(   2)
 Default used for nECoord(   3)
 Default used for TElt(   3)
 Default used for nECoord(   4)
 Default used for TElt(   4)
 Default used for nECoord(   5)
 Default used for TElt(   5)
 Optical Train Summary:
  Tracing rays past   5 elements.
  Aperture grid type = Circular  with   41 grid points.
  Elt   1: Reflector   : Aspheric with Kc=-3.7191D+01, Kr= 1.4378D+01, nECoords =  -6
  Elt   2: Reference   : Flat     with Kc= 0.0000D+00, Kr=-1.0000D+22, nECoords =  -6
  Elt   3: Reflector   : Aspheric with Kc= 4.3012D+00, Kr=-1.8964D+00, nECoords =  -6
  Elt   4: Reflector   : Aspheric with Kc= 8.2681D-02, Kr=-1.6754D+00, nECoords =  -6
  Elt   5: FocalPlane  : Flat     with Kc= 0.0000D+00, Kr=-1.0000D+22, nECoords =  -6
  Number of output coordinates is   5
  Computed StopPos =  1.150741162973D-02 -9.027661432187D-01  1.548390103469D+00
 OPD: Rays being traced =         1185
 Compute time was    0.0000 sec
  All rays are obscured or lost.
 **Warning: Computing pupil diffraction grid spacing failed!
            Diffraction result is incorrect.
 RMS OPD error is   9.999900000D+36 m 
 P-V OPD error is   0.000000000D+00 m 
 Average OPD is     9.9999000000000000D+36 m 
 One or more rays become undefined at element   3
 A total of     1185 rays were lost
   Surface miss:       1185
 OPD: Rays being traced =         1185
 Compute time was    0.0039 sec
 OPD: nPassRays =    1184,    DAvgCumL =  22.10014645D-01 m 
 RMS OPD error is   5.192663152D-03 m 
 P-V OPD error is   2.339523884D-02 m 
 Average OPD is     3.8040348433547107D-03 m 
  Input file /tmp/tp7658d783_f920_4a83_a07b_a01c97ef0137.in being loaded.
 Default used for  SegXgrid
 Default used for nECoord(   1)
 Default used for TElt(   1)
 Default used for nECoord(   2)
 Default used for TElt(   2)
 Default used for nECoord(   3)
 Default used for TElt(   3)
 Default used for nECoord(   4)
 Default used for TElt(   4)
 Default used for nECoord(   5)
 Default used for TElt(   5)
 Optical Train Summary:
  Tracing rays past   5 elements.
  Aperture grid type = Circular  with   41 grid points.
  Elt   1: Reflector   : Aspheric with Kc=-3.7191D+01, Kr= 1.4378D+01, nECoords =  -6
  Elt   2: Reference   : Flat     with Kc= 0.0000D+00, Kr=-1.0000D+22, nECoords =  -6
  Elt   3: Reflector   : Aspheric with Kc= 4.3012D+00, Kr=-1.8964D+00, nECoords =  -6
  Elt   4: Reflector   : Aspheric with Kc= 8.2681D-02, Kr=-1.6754D+00, nECoords =  -6
  Elt   5: FocalPlane  : Flat     with Kc= 0.0000D+00, Kr=-1.0000D+22, nECoords =  -6
  Number of output coordinates is   5
  Computed StopPos =  1.159118984676D-02 -9.084461891271D-01  1.531657498500D+00
 OPD: Rays being traced =         1185
 Compute time was    0.0000 sec
  All rays are obscured or lost.
 **Warning: Computing pupil diffraction grid spacing failed!
            Diffraction result is incorrect.
 RMS OPD error is   9.999900000D+36 m 
 P-V OPD error is   0.000000000D+00 m 
 Average OPD is     9.9999000000000000D+36 m 
 One or more rays become undefined at element   3
 A total of     1185 rays were lost
   Surface miss:       1185
 OPD: Rays being traced =         1185
 Compute time was    0.0000 sec
 OPD: nPassRays =    1184,    DAvgCumL =  22.38793316D-01 m 
 RMS OPD error is   4.842930729D-03 m 
 P-V OPD error is   2.258435361D-02 m 
 Average OPD is     4.0882292627215343D-03 m 
  Input file /tmp/tp7658d783_f920_4a83_a07b_a01c97ef0137.in being loaded.
 Default used for  SegXgrid
 Default used for nECoord(   1)
 Default used for TElt(   1)
 Default used for nECoord(   2)
 Default used for TElt(   2)
 Default used for nECoord(   3)
 Default used for TElt(   3)
 Default used for nECoord(   4)
 Default used for TElt(   4)
 Default used for nECoord(   5)
 Default used for TElt(   5)
 Optical Train Summary:
  Tracing rays past   5 elements.
  Aperture grid type = Circular  with   41 grid points.
  Elt   1: Reflector   : Aspheric with Kc=-3.7191D+01, Kr= 1.4378D+01, nECoords =  -6
  Elt   2: Reference   : Flat     with Kc= 0.0000D+00, Kr=-1.0000D+22, nECoords =  -6
  Elt   3: Reflector   : Aspheric with Kc= 4.3012D+00, Kr=-1.8964D+00, nECoords =  -6
  Elt   4: Reflector   : Aspheric with Kc= 8.2681D-02, Kr=-1.6754D+00, nECoords =  -6
  Elt   5: FocalPlane  : Flat     with Kc= 0.0000D+00, Kr=-1.0000D+22, nECoords =  -6
  Number of output coordinates is   5
  Computed StopPos =  1.164464130049D-02 -9.142575277804D-01  1.515906138389D+00
 OPD: Rays being traced =         1185
 Compute time was    0.0000 sec
  All rays are obscured or lost.
 **Warning: Computing pupil diffraction grid spacing failed!
            Diffraction result is incorrect.
 RMS OPD error is   9.999900000D+36 m 
 P-V OPD error is   0.000000000D+00 m 
 Average OPD is     9.9999000000000000D+36 m 
 One or more rays become undefined at element   3
 A total of     1185 rays were lost
   Surface miss:       1185
 OPD: Rays being traced =         1185
 Compute time was    0.0000 sec
 OPD: nPassRays =    1184,    DAvgCumL =  22.69810360D-01 m 
 RMS OPD error is   4.621326573D-03 m 
 P-V OPD error is   2.193672964D-02 m 
 Average OPD is     4.3898656147700584D-03 m 
  Input file /tmp/tp7658d783_f920_4a83_a07b_a01c97ef0137.in being loaded.
 Default used for  SegXgrid
 Default used for nECoord(   1)
 Default used for TElt(   1)
 Default used for nECoord(   2)
 Default used for TElt(   2)
 Default used for nECoord(   3)
 Default used for TElt(   3)
 Default used for nECoord(   4)
 Default used for TElt(   4)
 Default used for nECoord(   5)
 Default used for TElt(   5)
 Optical Train Summary:
  Tracing rays past   5 elements.
  Aperture grid type = Circular  with   41 grid points.
  Elt   1: Reflector   : Aspheric with Kc=-3.7191D+01, Kr= 1.4378D+01, nECoords =  -6
  Elt   2: Reference   : Flat     with Kc= 0.0000D+00, Kr=-1.0000D+22, nECoords =  -6
  Elt   3: Reflector   : Aspheric with Kc= 4.3012D+00, Kr=-1.8964D+00, nECoords =  -6
  Elt   4: Reflector   : Aspheric with Kc= 8.2681D-02, Kr=-1.6754D+00, nECoords =  -6
  Elt   5: FocalPlane  : Flat     with Kc= 0.0000D+00, Kr=-1.0000D+22, nECoords =  -6
  Number of output coordinates is   5
  Computed StopPos =  1.166997817214D-02 -9.201755469224D-01  1.501074036783D+00
 OPD: Rays being traced =         1185
 Compute time was    0.0000 sec
 OPD: nPassRays =      12,    DAvgCumL =              NaN m 
 RMS OPD error is               NaN m 
 P-V OPD error is  -2.000000000D+22 m 
 Average OPD is                        NaN m 
 One or more rays become undefined at element   3
 A total of     1173 rays were lost
   Surface miss:       1173
 OPD: Rays being traced =         1185
 Compute time was    0.0000 sec
 OPD: nPassRays =    1184,    DAvgCumL =  23.03150420D-01 m 
 RMS OPD error is   4.569464733D-03 m 
 P-V OPD error is   2.142673102D-02 m 
 Average OPD is     4.7095732823802137D-03 m 
  Input file /tmp/tp7658d783_f920_4a83_a07b_a01c97ef0137.in being loaded.
 Default used for  SegXgrid
 Default used for nECoord(   1)
 Default used for TElt(   1)
 Default used for nECoord(   2)
 Default used for TElt(   2)
 Default used for nECoord(   3)
 Default used for TElt(   3)
 Default used for nECoord(   4)
 Default used for TElt(   4)
 Default used for nECoord(   5)
 Default used for TElt(   5)
 Optical Train Summary:
  Tracing rays past   5 elements.
  Aperture grid type = Circular  with   41 grid points.
  Elt   1: Reflector   : Aspheric with Kc=-3.7191D+01, Kr= 1.4378D+01, nECoords =  -6
  Elt   2: Reference   : Flat     with Kc= 0.0000D+00, Kr=-1.0000D+22, nECoords =  -6
  Elt   3: Reflector   : Aspheric with Kc= 4.3012D+00, Kr=-1.8964D+00, nECoords =  -6
  Elt   4: Reflector   : Aspheric with Kc= 8.2681D-02, Kr=-1.6754D+00, nECoords =  -6
  Elt   5: FocalPlane  : Flat     with Kc= 0.0000D+00, Kr=-1.0000D+22, nECoords =  -6
  Number of output coordinates is   5
  Computed StopPos =  1.166515470150D-02 -9.201756272078D-01  1.501074080899D+00
 OPD: Rays being traced =         1185
 Compute time was    0.0000 sec
 OPD: nPassRays =      12,    DAvgCumL =              NaN m 
 RMS OPD error is               NaN m 
 P-V OPD error is  -2.000000000D+22 m 
 Average OPD is                        NaN m 
 One or more rays become undefined at element   3
 A total of     1173 rays were lost
   Surface miss:       1173
  Input file /tmp/tp7658d783_f920_4a83_a07b_a01c97ef0137.in being loaded.
 Default used for  SegXgrid
 Default used for nECoord(   1)
 Default used for TElt(   1)
 Default used for nECoord(   2)
 Default used for TElt(   2)
 Default used for nECoord(   3)
 Default used for TElt(   3)
 Default used for nECoord(   4)
 Default used for TElt(   4)
 Default used for nECoord(   5)
 Default used for TElt(   5)
 Optical Train Summary:
  Tracing rays past   5 elements.
  Aperture grid type = Circular  with   41 grid points.
  Elt   1: Reflector   : Aspheric with Kc=-3.7191D+01, Kr= 1.4378D+01, nECoords =  -6
  Elt   2: Reference   : Flat     with Kc= 0.0000D+00, Kr=-1.0000D+22, nECoords =  -6
  Elt   3: Reflector   : Aspheric with Kc= 4.3012D+00, Kr=-1.8964D+00, nECoords =  -6
  Elt   4: Reflector   : Aspheric with Kc= 8.2681D-02, Kr=-1.6754D+00, nECoords =  -6
  Elt   5: FocalPlane  : Flat     with Kc= 0.0000D+00, Kr=-1.0000D+22, nECoords =  -6
  Number of output coordinates is   5
  Computed StopPos =  1.166921062875D-02 -9.261781721200D-01  1.487104535367D+00
 OPD: Rays being traced =         1185
 Compute time was    0.0000 sec
 OPD: nPassRays =      30,    DAvgCumL =              NaN m 
 RMS OPD error is               NaN m 
 P-V OPD error is  -2.000000000D+22 m 
 Average OPD is                        NaN m 
 One or more rays become undefined at element   3
 A total of     1155 rays were lost
   Surface miss:       1155
 OPD: Rays being traced =         1185
 Compute time was    0.0000 sec
 OPD: nPassRays =    1184,    DAvgCumL =  23.38906696D-01 m 
 RMS OPD error is   4.716592423D-03 m 
 P-V OPD error is   2.103094092D-02 m 
 Average OPD is     5.0479599542539010D-03 m 
  Input file /tmp/tp7658d783_f920_4a83_a07b_a01c97ef0137.in being loaded.
 Default used for  SegXgrid
 Default used for nECoord(   1)
 Default used for TElt(   1)
 Default used for nECoord(   2)
 Default used for TElt(   2)
 Default used for nECoord(   3)
 Default used for TElt(   3)
 Default used for nECoord(   4)
 Default used for TElt(   4)
 Default used for nECoord(   5)
 Default used for TElt(   5)
 Optical Train Summary:
  Tracing rays past   5 elements.
  Aperture grid type = Circular  with   41 grid points.
  Elt   1: Reflector   : Aspheric with Kc=-3.7191D+01, Kr= 1.4378D+01, nECoords =  -6
  Elt   2: Reference   : Flat     with Kc= 0.0000D+00, Kr=-1.0000D+22, nECoords =  -6
  Elt   3: Reflector   : Aspheric with Kc= 4.3012D+00, Kr=-1.8964D+00, nECoords =  -6
  Elt   4: Reflector   : Aspheric with Kc= 8.2681D-02, Kr=-1.6754D+00, nECoords =  -6
  Elt   5: FocalPlane  : Flat     with Kc= 0.0000D+00, Kr=-1.0000D+22, nECoords =  -6
  Number of output coordinates is   5
  Computed StopPos =  1.166433291867D-02 -9.261782504488D-01  1.487104577495D+00
 OPD: Rays being traced =         1185
 Compute time was    0.0000 sec
 OPD: nPassRays =      30,    DAvgCumL =              NaN m 
 RMS OPD error is               NaN m 
 P-V OPD error is  -2.000000000D+22 m 
 Average OPD is                        NaN m 
 One or more rays become undefined at element   3
 A total of     1155 rays were lost
   Surface miss:       1155
  Input file /tmp/tp7658d783_f920_4a83_a07b_a01c97ef0137.in being loaded.
 Default used for  SegXgrid
 Default used for nECoord(   1)
 Default used for TElt(   1)
 Default used for nECoord(   2)
 Default used for TElt(   2)
 Default used for nECoord(   3)
 Default used for TElt(   3)
 Default used for nECoord(   4)
 Default used for TElt(   4)
 Default used for nECoord(   5)
 Default used for TElt(   5)
 Optical Train Summary:
  Tracing rays past   5 elements.
  Aperture grid type = Circular  with   41 grid points.
  Elt   1: Reflector   : Aspheric with Kc=-3.7191D+01, Kr= 1.4378D+01, nECoords =  -6
  Elt   2: Reference   : Flat     with Kc= 0.0000D+00, Kr=-1.0000D+22, nECoords =  -6
  Elt   3: Reflector   : Aspheric with Kc= 4.3012D+00, Kr=-1.8964D+00, nECoords =  -6
  Elt   4: Reflector   : Aspheric with Kc= 8.2681D-02, Kr=-1.6754D+00, nECoords =  -6
  Elt   5: FocalPlane  : Flat     with Kc= 0.0000D+00, Kr=-1.0000D+22, nECoords =  -6
  Number of output coordinates is   5
  Computed StopPos =  1.164429368488D-02 -9.322477772523D-01  1.473940883783D+00
 OPD: Rays being traced =         1185
 Compute time was    0.0000 sec
 OPD: nPassRays =      50,    DAvgCumL =              NaN m 
 RMS OPD error is               NaN m 
 P-V OPD error is  -2.000000000D+22 m 
 Average OPD is                        NaN m 
 One or more rays become undefined at element   3
 A total of     1135 rays were lost
   Surface miss:       1135
 OPD: Rays being traced =         1185
 Compute time was    0.0000 sec
 OPD: nPassRays =    1184,    DAvgCumL =  23.77181934D-01 m 
 RMS OPD error is   5.068692326D-03 m 
 P-V OPD error is   2.073577892D-02 m 
 Average OPD is     5.4056131412655055D-03 m 
  Input file /tmp/tp7658d783_f920_4a83_a07b_a01c97ef0137.in being loaded.
 Default used for  SegXgrid
 Default used for nECoord(   1)
 Default used for TElt(   1)
 Default used for nECoord(   2)
 Default used for TElt(   2)
 Default used for nECoord(   3)
 Default used for TElt(   3)
 Default used for nECoord(   4)
 Default used for TElt(   4)
 Default used for nECoord(   5)
 Default used for TElt(   5)
 Optical Train Summary:
  Tracing rays past   5 elements.
  Aperture grid type = Circular  with   41 grid points.
  Elt   1: Reflector   : Aspheric with Kc=-3.7191D+01, Kr= 1.4378D+01, nECoords =  -6
  Elt   2: Reference   : Flat     with Kc= 0.0000D+00, Kr=-1.0000D+22, nECoords =  -6
  Elt   3: Reflector   : Aspheric with Kc= 4.3012D+00, Kr=-1.8964D+00, nECoords =  -6
  Elt   4: Reflector   : Aspheric with Kc= 8.2681D-02, Kr=-1.6754D+00, nECoords =  -6
  Elt   5: FocalPlane  : Flat     with Kc= 0.0000D+00, Kr=-1.0000D+22, nECoords =  -6
  Number of output coordinates is   5
  Computed StopPos =  1.163936727101D-02 -9.322478532724D-01  1.473940924604D+00
 OPD: Rays being traced =         1185
 Compute time was    0.0000 sec
 OPD: nPassRays =      50,    DAvgCumL =              NaN m 
 RMS OPD error is               NaN m 
 P-V OPD error is  -2.000000000D+22 m 
 Average OPD is                        NaN m 
 One or more rays become undefined at element   3
 A total of     1135 rays were lost
   Surface miss:       1135
  Input file /tmp/tp7658d783_f920_4a83_a07b_a01c97ef0137.in being loaded.
 Default used for  SegXgrid
 Default used for nECoord(   1)
 Default used for TElt(   1)
 Default used for nECoord(   2)
 Default used for TElt(   2)
 Default used for nECoord(   3)
 Default used for TElt(   3)
 Default used for nECoord(   4)
 Default used for TElt(   4)
 Default used for nECoord(   5)
 Default used for TElt(   5)
 Optical Train Summary:
  Tracing rays past   5 elements.
  Aperture grid type = Circular  with   41 grid points.
  Elt   1: Reflector   : Aspheric with Kc=-3.7191D+01, Kr= 1.4378D+01, nECoords =  -6
  Elt   2: Reference   : Flat     with Kc= 0.0000D+00, Kr=-1.0000D+22, nECoords =  -6
  Elt   3: Reflector   : Aspheric with Kc= 4.3012D+00, Kr=-1.8964D+00, nECoords =  -6
  Elt   4: Reflector   : Aspheric with Kc= 8.2681D-02, Kr=-1.6754D+00, nECoords =  -6
  Elt   5: FocalPlane  : Flat     with Kc= 0.0000D+00, Kr=-1.0000D+22, nECoords =  -6
  Number of output coordinates is   5
  Computed StopPos =  1.159695355527D-02 -9.383679097899D-01  1.461533053699D+00
 OPD: Rays being traced =         1185
 Compute time was    0.0000 sec
 OPD: nPassRays =      74,    DAvgCumL =              NaN m 
 RMS OPD error is               NaN m 
 P-V OPD error is  -2.000000000D+22 m 
 Average OPD is                        NaN m 
 One or more rays become undefined at element   3
 A total of     1111 rays were lost
   Surface miss:       1111
 OPD: Rays being traced =         1185
 Compute time was    0.0000 sec
 OPD: nPassRays =    1184,    DAvgCumL =  24.18089574D-01 m 
 RMS OPD error is   5.609525831D-03 m 
 P-V OPD error is   2.212256893D-02 m 
 Average OPD is     5.7831020859122149D-03 m 
  Input file /tmp/tp7658d783_f920_4a83_a07b_a01c97ef0137.in being loaded.
 Default used for  SegXgrid
 Default used for nECoord(   1)
 Default used for TElt(   1)
 Default used for nECoord(   2)
 Default used for TElt(   2)
 Default used for nECoord(   3)
 Default used for TElt(   3)
 Default used for nECoord(   4)
 Default used for TElt(   4)
 Default used for nECoord(   5)
 Default used for TElt(   5)
 Optical Train Summary:
  Tracing rays past   5 elements.
  Aperture grid type = Circular  with   41 grid points.
  Elt   1: Reflector   : Aspheric with Kc=-3.7191D+01, Kr= 1.4378D+01, nECoords =  -6
  Elt   2: Reference   : Flat     with Kc= 0.0000D+00, Kr=-1.0000D+22, nECoords =  -6
  Elt   3: Reflector   : Aspheric with Kc= 4.3012D+00, Kr=-1.8964D+00, nECoords =  -6
  Elt   4: Reflector   : Aspheric with Kc= 8.2681D-02, Kr=-1.6754D+00, nECoords =  -6
  Elt   5: FocalPlane  : Flat     with Kc= 0.0000D+00, Kr=-1.0000D+22, nECoords =  -6
  Number of output coordinates is   5
  Computed StopPos =  1.159198317317D-02 -9.383679791199D-01  1.461533101715D+00
 OPD: Rays being traced =         1185
 Compute time was    0.0000 sec
 OPD: nPassRays =      74,    DAvgCumL =              NaN m 
 RMS OPD error is               NaN m 
 P-V OPD error is  -2.000000000D+22 m 
 Average OPD is                        NaN m 
 One or more rays become undefined at element   3
 A total of     1111 rays were lost
   Surface miss:       1111
  Input file /tmp/tp7658d783_f920_4a83_a07b_a01c97ef0137.in being loaded.
 Default used for  SegXgrid
 Default used for nECoord(   1)
 Default used for TElt(   1)
 Default used for nECoord(   2)
 Default used for TElt(   2)
 Default used for nECoord(   3)
 Default used for TElt(   3)
 Default used for nECoord(   4)
 Default used for TElt(   4)
 Default used for nECoord(   5)
 Default used for TElt(   5)
 Optical Train Summary:
  Tracing rays past   5 elements.
  Aperture grid type = Circular  with   41 grid points.
  Elt   1: Reflector   : Aspheric with Kc=-3.7191D+01, Kr= 1.4378D+01, nECoords =  -6
  Elt   2: Reference   : Flat     with Kc= 0.0000D+00, Kr=-1.0000D+22, nECoords =  -6
  Elt   3: Reflector   : Aspheric with Kc= 4.3012D+00, Kr=-1.8964D+00, nECoords =  -6
  Elt   4: Reflector   : Aspheric with Kc= 8.2681D-02, Kr=-1.6754D+00, nECoords =  -6
  Elt   5: FocalPlane  : Flat     with Kc= 0.0000D+00, Kr=-1.0000D+22, nECoords =  -6
  Number of output coordinates is   5
  Computed StopPos = -3.260689429331D+03  6.760795219761D+04  1.245230325922D+05
 OPD: Rays being traced =         1185
 Compute time was    0.0039 sec
 OPD: nPassRays =    1184,    DAvgCumL =              NaN m 
 RMS OPD error is               NaN m 
 P-V OPD error is  -2.000000000D+22 m 
 Average OPD is                        NaN m 
 OPD: Rays being traced =         1185
 Compute time was    0.0000 sec
 OPD: nPassRays =    1184,    DAvgCumL = -12.30696226D-01 m 
 RMS OPD error is   1.845044163D-03 m 
 P-V OPD error is   9.242763532D-03 m 
 Average OPD is    -1.0474894547605449D-03 m 
  Input file /tmp/tp7658d783_f920_4a83_a07b_a01c97ef0137.in being loaded.
 Default used for  SegXgrid
 Default used for nECoord(   1)
 Default used for TElt(   1)
 Default used for nECoord(   2)
 Default used for TElt(   2)
 Default used for nECoord(   3)
 Default used for TElt(   3)
 Default used for nECoord(   4)
 Default used for TElt(   4)
 Default used for nECoord(   5)
 Default used for TElt(   5)
 Optical Train Summary:
  Tracing rays past   5 elements.
  Aperture grid type = Circular  with   41 grid points.
  Elt   1: Reflector   : Aspheric with Kc=-3.7191D+01, Kr= 1.4378D+01, nECoords =  -6
  Elt   2: Reference   : Flat     with Kc= 0.0000D+00, Kr=-1.0000D+22, nECoords =  -6
  Elt   3: Reflector   : Aspheric with Kc= 4.3012D+00, Kr=-1.8964D+00, nECoords =  -6
  Elt   4: Reflector   : Aspheric with Kc= 8.2681D-02, Kr=-1.6754D+00, nECoords =  -6
  Elt   5: FocalPlane  : Flat     with Kc= 0.0000D+00, Kr=-1.0000D+22, nECoords =  -6
  Number of output coordinates is   5
  Computed StopPos = -3.259290116684D+03  6.760831728521D+04  1.245237421036D+05
 OPD: Rays being traced =         1185
 Compute time was    0.0078 sec
 OPD: nPassRays =    1184,    DAvgCumL =              NaN m 
 RMS OPD error is               NaN m 
 P-V OPD error is  -2.000000000D+22 m 
 Average OPD is                        NaN m 
  Input file /tmp/tp7658d783_f920_4a83_a07b_a01c97ef0137.in being loaded.
 Default used for  SegXgrid
 Default used for nECoord(   1)
 Default used for TElt(   1)
 Default used for nECoord(   2)
 Default used for TElt(   2)
 Default used for nECoord(   3)
 Default used for TElt(   3)
 Default used for nECoord(   4)
 Default used for TElt(   4)
 Default used for nECoord(   5)
 Default used for TElt(   5)
 Optical Train Summary:
  Tracing rays past   5 elements.
  Aperture grid type = Circular  with   41 grid points.
  Elt   1: Reflector   : Aspheric with Kc=-3.7191D+01, Kr= 1.4378D+01, nECoords =  -6
  Elt   2: Reference   : Flat     with Kc= 0.0000D+00, Kr=-1.0000D+22, nECoords =  -6
  Elt   3: Reflector   : Aspheric with Kc= 4.3012D+00, Kr=-1.8964D+00, nECoords =  -6
  Elt   4: Reflector   : Aspheric with Kc= 8.2681D-02, Kr=-1.6754D+00, nECoords =  -6
  Elt   5: FocalPlane  : Flat     with Kc= 0.0000D+00, Kr=-1.0000D+22, nECoords =  -6
  Number of output coordinates is   5
  Computed StopPos =  2.567419562115D-02 -1.785278515476D+00  1.383911063197D+00
 OPD: Rays being traced =         1185
 Compute time was    0.0039 sec
 OPD: nPassRays =    1184,    DAvgCumL =              NaN m 
 RMS OPD error is               NaN m 
 P-V OPD error is  -2.000000000D+22 m 
 Average OPD is                        NaN m 
 OPD: Rays being traced =         1185
 Compute time was    0.0000 sec
 OPD: nPassRays =    1184,    DAvgCumL = -12.77794412D-01 m 
 RMS OPD error is   1.915036785D-03 m 
 P-V OPD error is   9.799853766D-03 m 
 Average OPD is    -1.0982892621381351D-03 m 
  Input file /tmp/tp7658d783_f920_4a83_a07b_a01c97ef0137.in being loaded.
 Default used for  SegXgrid
 Default used for nECoord(   1)
 Default used for TElt(   1)
 Default used for nECoord(   2)
 Default used for TElt(   2)
 Default used for nECoord(   3)
 Default used for TElt(   3)
 Default used for nECoord(   4)
 Default used for TElt(   4)
 Default used for nECoord(   5)
 Default used for TElt(   5)
 Optical Train Summary:
  Tracing rays past   5 elements.
  Aperture grid type = Circular  with   41 grid points.
  Elt   1: Reflector   : Aspheric with Kc=-3.7191D+01, Kr= 1.4378D+01, nECoords =  -6
  Elt   2: Reference   : Flat     with Kc= 0.0000D+00, Kr=-1.0000D+22, nECoords =  -6
  Elt   3: Reflector   : Aspheric with Kc= 4.3012D+00, Kr=-1.8964D+00, nECoords =  -6
  Elt   4: Reflector   : Aspheric with Kc= 8.2681D-02, Kr=-1.6754D+00, nECoords =  -6
  Elt   5: FocalPlane  : Flat     with Kc= 0.0000D+00, Kr=-1.0000D+22, nECoords =  -6
  Number of output coordinates is   5
  Computed StopPos =  8.525859832175D+00 -1.892812835985D+02 -3.233688240778D+02
 OPD: Rays being traced =         1185
 Compute time was    0.0039 sec
 OPD: nPassRays =    1184,    DAvgCumL =              NaN m 
 RMS OPD error is               NaN m 
 P-V OPD error is  -2.000000000D+22 m 
 Average OPD is                        NaN m 
  Input file /tmp/tp7658d783_f920_4a83_a07b_a01c97ef0137.in being loaded.
 Default used for  SegXgrid
 Default used for nECoord(   1)
 Default used for TElt(   1)
 Default used for nECoord(   2)
 Default used for TElt(   2)
 Default used for nECoord(   3)
 Default used for TElt(   3)
 Default used for nECoord(   4)
 Default used for TElt(   4)
 Default used for nECoord(   5)
 Default used for TElt(   5)
 Optical Train Summary:
  Tracing rays past   5 elements.
  Aperture grid type = Circular  with   41 grid points.
  Elt   1: Reflector   : Aspheric with Kc=-3.7191D+01, Kr= 1.4378D+01, nECoords =  -6
  Elt   2: Reference   : Flat     with Kc= 0.0000D+00, Kr=-1.0000D+22, nECoords =  -6
  Elt   3: Reflector   : Aspheric with Kc= 4.3012D+00, Kr=-1.8964D+00, nECoords =  -6
  Elt   4: Reflector   : Aspheric with Kc= 8.2681D-02, Kr=-1.6754D+00, nECoords =  -6
  Elt   5: FocalPlane  : Flat     with Kc= 0.0000D+00, Kr=-1.0000D+22, nECoords =  -6
  Number of output coordinates is   5
  Computed StopPos = -7.700702261327D-21 -8.920482062673D-01  1.585064148765D+00
 OPD: Rays being traced =         1185
 Compute time was    0.0000 sec
  All rays are obscured or lost.
 **Warning: Computing pupil diffraction grid spacing failed!
            Diffraction result is incorrect.
 RMS OPD error is   9.999900000D+36 m 
 P-V OPD error is   0.000000000D+00 m 
 Average OPD is     9.9999000000000000D+36 m 
 One or more rays become undefined at element   3
 A total of     1185 rays were lost
   Surface miss:       1185
 OPD: Rays being traced =         1185
 Compute time was    0.0039 sec
 OPD: nPassRays =    1184,    DAvgCumL =  21.58165286D-01 m 
 RMS OPD error is   6.063348850D-03 m 
 P-V OPD error is   2.439404663D-02 m 
 Average OPD is     3.2836410047812200D-03 m 
  Input file /tmp/tp7658d783_f920_4a83_a07b_a01c97ef0137.in being loaded.
 Default used for  SegXgrid
 Default used for nECoord(   1)
 Default used for TElt(   1)
 Default used for nECoord(   2)
 Default used for TElt(   2)
 Default used for nECoord(   3)
 Default used for TElt(   3)
 Default used for nECoord(   4)
 Default used for TElt(   4)
 Default used for nECoord(   5)
 Default used for TElt(   5)
 Optical Train Summary:
  Tracing rays past   5 elements.
  Aperture grid type = Circular  with   41 grid points.
  Elt   1: Reflector   : Aspheric with Kc=-3.7191D+01, Kr= 1.4378D+01, nECoords =  -6
  Elt   2: Reference   : Flat     with Kc= 0.0000D+00, Kr=-1.0000D+22, nECoords =  -6
  Elt   3: Reflector   : Aspheric with Kc= 4.3012D+00, Kr=-1.8964D+00, nECoords =  -6
  Elt   4: Reflector   : Aspheric with Kc= 8.2681D-02, Kr=-1.6754D+00, nECoords =  -6
  Elt   5: FocalPlane  : Flat     with Kc= 0.0000D+00, Kr=-1.0000D+22, nECoords =  -6
  Number of output coordinates is   5
  Computed StopPos =  2.355839775444D-24 -8.973733600562D-01  1.566174067429D+00
 OPD: Rays being traced =         1185
 Compute time was    0.0000 sec
  All rays are obscured or lost.
 **Warning: Computing pupil diffraction grid spacing failed!
            Diffraction result is incorrect.
 RMS OPD error is   9.999900000D+36 m 
 P-V OPD error is   0.000000000D+00 m 
 Average OPD is     9.9999000000000000D+36 m 
 One or more rays become undefined at element   3
 A total of     1185 rays were lost
   Surface miss:       1185
 OPD: Rays being traced =         1185
 Compute time was    0.0000 sec
 OPD: nPassRays =    1184,    DAvgCumL =  21.82696394D-01 m 
 RMS OPD error is   5.566700427D-03 m 
 P-V OPD error is   2.323654132D-02 m 
 Average OPD is     3.5348427155964019D-03 m 
  Input file /tmp/tp7658d783_f920_4a83_a07b_a01c97ef0137.in being loaded.
 Default used for  SegXgrid
 Default used for nECoord(   1)
 Default used for TElt(   1)
 Default used for nECoord(   2)
 Default used for TElt(   2)
 Default used for nECoord(   3)
 Default used for TElt(   3)
 Default used for nECoord(   4)
 Default used for TElt(   4)
 Default used for nECoord(   5)
 Default used for TElt(   5)
 Optical Train Summary:
  Tracing rays past   5 elements.
  Aperture grid type = Circular  with   41 grid points.
  Elt   1: Reflector   : Aspheric with Kc=-3.7191D+01, Kr= 1.4378D+01, nECoords =  -6
  Elt   2: Reference   : Flat     with Kc= 0.0000D+00, Kr=-1.0000D+22, nECoords =  -6
  Elt   3: Reflector   : Aspheric with Kc= 4.3012D+00, Kr=-1.8964D+00, nECoords =  -6
  Elt   4: Reflector   : Aspheric with Kc= 8.2681D-02, Kr=-1.6754D+00, nECoords =  -6
  Elt   5: FocalPlane  : Flat     with Kc= 0.0000D+00, Kr=-1.0000D+22, nECoords =  -6
  Number of output coordinates is   5
  Computed StopPos =  6.919513960559D-25 -9.028929253679D-01  1.548390834693D+00
 OPD: Rays being traced =         1185
 Compute time was    0.0000 sec
  All rays are obscured or lost.
 **Warning: Computing pupil diffraction grid spacing failed!
            Diffraction result is incorrect.
 RMS OPD error is   9.999900000D+36 m 
 P-V OPD error is   0.000000000D+00 m 
 Average OPD is     9.9999000000000000D+36 m 
 One or more rays become undefined at element   3
 A total of     1185 rays were lost
   Surface miss:       1185
 OPD: Rays being traced =         1185
 Compute time was    0.0000 sec
 OPD: nPassRays =    1184,    DAvgCumL =  22.09319574D-01 m 
 RMS OPD error is   5.123275300D-03 m 
 P-V OPD error is   2.230928309D-02 m 
 Average OPD is     3.8021582118956052D-03 m 
  Input file /tmp/tp7658d783_f920_4a83_a07b_a01c97ef0137.in being loaded.
 Default used for  SegXgrid
 Default used for nECoord(   1)
 Default used for TElt(   1)
 Default used for nECoord(   2)
 Default used for TElt(   2)
 Default used for nECoord(   3)
 Default used for TElt(   3)
 Default used for nECoord(   4)
 Default used for TElt(   4)
 Default used for nECoord(   5)
 Default used for TElt(   5)
 Optical Train Summary:
  Tracing rays past   5 elements.
  Aperture grid type = Circular  with   41 grid points.
  Elt   1: Reflector   : Aspheric with Kc=-3.7191D+01, Kr= 1.4378D+01, nECoords =  -6
  Elt   2: Reference   : Flat     with Kc= 0.0000D+00, Kr=-1.0000D+22, nECoords =  -6
  Elt   3: Reflector   : Aspheric with Kc= 4.3012D+00, Kr=-1.8964D+00, nECoords =  -6
  Elt   4: Reflector   : Aspheric with Kc= 8.2681D-02, Kr=-1.6754D+00, nECoords =  -6
  Elt   5: FocalPlane  : Flat     with Kc= 0.0000D+00, Kr=-1.0000D+22, nECoords =  -6
  Number of output coordinates is   5
  Computed StopPos = -7.699914603435D-23 -9.085728096615D-01  1.531652105458D+00
 OPD: Rays being traced =         1185
 Compute time was    0.0000 sec
  All rays are obscured or lost.
 **Warning: Computing pupil diffraction grid spacing failed!
            Diffraction result is incorrect.
 RMS OPD error is   9.999900000D+36 m 
 P-V OPD error is   0.000000000D+00 m 
 Average OPD is     9.9999000000000000D+36 m 
 One or more rays become undefined at element   3
 A total of     1185 rays were lost
   Surface miss:       1185
 OPD: Rays being traced =         1185
 Compute time was    0.0000 sec
 OPD: nPassRays =    1184,    DAvgCumL =  22.38104848D-01 m 
 RMS OPD error is   4.766902956D-03 m 
 P-V OPD error is   2.157174422D-02 m 
 Average OPD is     4.0862642163195430D-03 m 
  Input file /tmp/tp7658d783_f920_4a83_a07b_a01c97ef0137.in being loaded.
 Default used for  SegXgrid
 Default used for nECoord(   1)
 Default used for TElt(   1)
 Default used for nECoord(   2)
 Default used for TElt(   2)
 Default used for nECoord(   3)
 Default used for TElt(   3)
 Default used for nECoord(   4)
 Default used for TElt(   4)
 Default used for nECoord(   5)
 Default used for TElt(   5)
 Optical Train Summary:
  Tracing rays past   5 elements.
  Aperture grid type = Circular  with   41 grid points.
  Elt   1: Reflector   : Aspheric with Kc=-3.7191D+01, Kr= 1.4378D+01, nECoords =  -6
  Elt   2: Reference   : Flat     with Kc= 0.0000D+00, Kr=-1.0000D+22, nECoords =  -6
  Elt   3: Reflector   : Aspheric with Kc= 4.3012D+00, Kr=-1.8964D+00, nECoords =  -6
  Elt   4: Reflector   : Aspheric with Kc= 8.2681D-02, Kr=-1.6754D+00, nECoords =  -6
  Elt   5: FocalPlane  : Flat     with Kc= 0.0000D+00, Kr=-1.0000D+22, nECoords =  -6
  Number of output coordinates is   5
  Computed StopPos = -2.769540689499D-20 -9.143834673388D-01  1.515896123189D+00
 OPD: Rays being traced =         1185
 Compute time was    0.0039 sec
  All rays are obscured or lost.
 **Warning: Computing pupil diffraction grid spacing failed!
            Diffraction result is incorrect.
 RMS OPD error is   9.999900000D+36 m 
 P-V OPD error is   0.000000000D+00 m 
 Average OPD is     9.9999000000000000D+36 m 
 One or more rays become undefined at element   3
 A total of     1185 rays were lost
   Surface miss:       1185
 OPD: Rays being traced =         1185
 Compute time was    0.0000 sec
 OPD: nPassRays =    1184,    DAvgCumL =  22.69129162D-01 m 
 RMS OPD error is   4.539690582D-03 m 
 P-V OPD error is   2.099016387D-02 m 
 Average OPD is     4.3878140847043254D-03 m 
  Input file /tmp/tp7658d783_f920_4a83_a07b_a01c97ef0137.in being loaded.
 Default used for  SegXgrid
 Default used for nECoord(   1)
 Default used for TElt(   1)
 Default used for nECoord(   2)
 Default used for TElt(   2)
 Default used for nECoord(   3)
 Default used for TElt(   3)
 Default used for nECoord(   4)
 Default used for TElt(   4)
 Default used for nECoord(   5)
 Default used for TElt(   5)
 Optical Train Summary:
  Tracing rays past   5 elements.
  Aperture grid type = Circular  with   41 grid points.
  Elt   1: Reflector   : Aspheric with Kc=-3.7191D+01, Kr= 1.4378D+01, nECoords =  -6
  Elt   2: Reference   : Flat     with Kc= 0.0000D+00, Kr=-1.0000D+22, nECoords =  -6
  Elt   3: Reflector   : Aspheric with Kc= 4.3012D+00, Kr=-1.8964D+00, nECoords =  -6
  Elt   4: Reflector   : Aspheric with Kc= 8.2681D-02, Kr=-1.6754D+00, nECoords =  -6
  Elt   5: FocalPlane  : Flat     with Kc= 0.0000D+00, Kr=-1.0000D+22, nECoords =  -6
  Number of output coordinates is   5
  Computed StopPos =  1.786835555203D-24 -9.203002680707D-01  1.501060753250D+00
 OPD: Rays being traced =         1185
 Compute time was    0.0000 sec
 OPD: nPassRays =      12,    DAvgCumL =              NaN m 
 RMS OPD error is               NaN m 
 P-V OPD error is  -2.000000000D+22 m 
 Average OPD is                        NaN m 
 One or more rays become undefined at element   3
 A total of     1173 rays were lost
   Surface miss:       1173
 OPD: Rays being traced =         1185
 Compute time was    0.0000 sec
 OPD: nPassRays =    1184,    DAvgCumL =  23.02477151D-01 m 
 RMS OPD error is   4.484732163D-03 m 
 P-V OPD error is   2.053361425D-02 m 
 Average OPD is     4.7074383332589963D-03 m 
  Input file /tmp/tp7658d783_f920_4a83_a07b_a01c97ef0137.in being loaded.
 Default used for  SegXgrid
 Default used for nECoord(   1)
 Default used for TElt(   1)
 Default used for nECoord(   2)
 Default used for TElt(   2)
 Default used for nECoord(   3)
 Default used for TElt(   3)
 Default used for nECoord(   4)
 Default used for TElt(   4)
 Default used for nECoord(   5)
 Default used for TElt(   5)
 Optical Train Summary:
  Tracing rays past   5 elements.
  Aperture grid type = Circular  with   41 grid points.
  Elt   1: Reflector   : Aspheric with Kc=-3.7191D+01, Kr= 1.4378D+01, nECoords =  -6
  Elt   2: Reference   : Flat     with Kc= 0.0000D+00, Kr=-1.0000D+22, nECoords =  -6
  Elt   3: Reflector   : Aspheric with Kc= 4.3012D+00, Kr=-1.8964D+00, nECoords =  -6
  Elt   4: Reflector   : Aspheric with Kc= 8.2681D-02, Kr=-1.6754D+00, nECoords =  -6
  Elt   5: FocalPlane  : Flat     with Kc= 0.0000D+00, Kr=-1.0000D+22, nECoords =  -6
  Number of output coordinates is   5
  Computed StopPos = -4.825600411463D-06 -9.203002680384D-01  1.501060753278D+00
 OPD: Rays being traced =         1185
 Compute time was    0.0000 sec
 OPD: nPassRays =      12,    DAvgCumL =              NaN m 
 RMS OPD error is               NaN m 
 P-V OPD error is  -2.000000000D+22 m 
 Average OPD is                        NaN m 
 One or more rays become undefined at element   3
 A total of     1173 rays were lost
   Surface miss:       1173
  Input file /tmp/tp7658d783_f920_4a83_a07b_a01c97ef0137.in being loaded.
 Default used for  SegXgrid
 Default used for nECoord(   1)
 Default used for TElt(   1)
 Default used for nECoord(   2)
 Default used for TElt(   2)
 Default used for nECoord(   3)
 Default used for TElt(   3)
 Default used for nECoord(   4)
 Default used for TElt(   4)
 Default used for nECoord(   5)
 Default used for TElt(   5)
 Optical Train Summary:
  Tracing rays past   5 elements.
  Aperture grid type = Circular  with   41 grid points.
  Elt   1: Reflector   : Aspheric with Kc=-3.7191D+01, Kr= 1.4378D+01, nECoords =  -6
  Elt   2: Reference   : Flat     with Kc= 0.0000D+00, Kr=-1.0000D+22, nECoords =  -6
  Elt   3: Reflector   : Aspheric with Kc= 4.3012D+00, Kr=-1.8964D+00, nECoords =  -6
  Elt   4: Reflector   : Aspheric with Kc= 8.2681D-02, Kr=-1.6754D+00, nECoords =  -6
  Elt   5: FocalPlane  : Flat     with Kc= 0.0000D+00, Kr=-1.0000D+22, nECoords =  -6
  Number of output coordinates is   5
  Computed StopPos = -5.083493909157D-20 -9.263011967140D-01  1.487089036175D+00
 OPD: Rays being traced =         1185
 Compute time was    0.0039 sec
 OPD: nPassRays =      30,    DAvgCumL =              NaN m 
 RMS OPD error is               NaN m 
 P-V OPD error is  -2.000000000D+22 m 
 Average OPD is                        NaN m 
 One or more rays become undefined at element   3
 A total of     1155 rays were lost
   Surface miss:       1155
 OPD: Rays being traced =         1185
 Compute time was    0.0000 sec
 OPD: nPassRays =    1184,    DAvgCumL =  23.38242000D-01 m 
 RMS OPD error is   4.632285722D-03 m 
 P-V OPD error is   2.019558327D-02 m 
 Average OPD is     5.0457456980901516D-03 m 
  Input file /tmp/tp7658d783_f920_4a83_a07b_a01c97ef0137.in being loaded.
 Default used for  SegXgrid
 Default used for nECoord(   1)
 Default used for TElt(   1)
 Default used for nECoord(   2)
 Default used for TElt(   2)
 Default used for nECoord(   3)
 Default used for TElt(   3)
 Default used for nECoord(   4)
 Default used for TElt(   4)
 Default used for nECoord(   5)
 Default used for TElt(   5)
 Optical Train Summary:
  Tracing rays past   5 elements.
  Aperture grid type = Circular  with   41 grid points.
  Elt   1: Reflector   : Aspheric with Kc=-3.7191D+01, Kr= 1.4378D+01, nECoords =  -6
  Elt   2: Reference   : Flat     with Kc= 0.0000D+00, Kr=-1.0000D+22, nECoords =  -6
  Elt   3: Reflector   : Aspheric with Kc= 4.3012D+00, Kr=-1.8964D+00, nECoords =  -6
  Elt   4: Reflector   : Aspheric with Kc= 8.2681D-02, Kr=-1.6754D+00, nECoords =  -6
  Elt   5: FocalPlane  : Flat     with Kc= 0.0000D+00, Kr=-1.0000D+22, nECoords =  -6
  Number of output coordinates is   5
  Computed StopPos = -4.879817492971D-06 -9.263011966909D-01  1.487089036182D+00
 OPD: Rays being traced =         1185
 Compute time was    0.0000 sec
 OPD: nPassRays =      30,    DAvgCumL =              NaN m 
 RMS OPD error is               NaN m 
 P-V OPD error is  -2.000000000D+22 m 
 Average OPD is                        NaN m 
 One or more rays become undefined at element   3
 A total of     1155 rays were lost
   Surface miss:       1155
  Input file /tmp/tp7658d783_f920_4a83_a07b_a01c97ef0137.in being loaded.
 Default used for  SegXgrid
 Default used for nECoord(   1)
 Default used for TElt(   1)
 Default used for nECoord(   2)
 Default used for TElt(   2)
 Default used for nECoord(   3)
 Default used for TElt(   3)
 Default used for nECoord(   4)
 Default used for TElt(   4)
 Default used for nECoord(   5)
 Default used for TElt(   5)
 Optical Train Summary:
  Tracing rays past   5 elements.
  Aperture grid type = Circular  with   41 grid points.
  Elt   1: Reflector   : Aspheric with Kc=-3.7191D+01, Kr= 1.4378D+01, nECoords =  -6
  Elt   2: Reference   : Flat     with Kc= 0.0000D+00, Kr=-1.0000D+22, nECoords =  -6
  Elt   3: Reflector   : Aspheric with Kc= 4.3012D+00, Kr=-1.8964D+00, nECoords =  -6
  Elt   4: Reflector   : Aspheric with Kc= 8.2681D-02, Kr=-1.6754D+00, nECoords =  -6
  Elt   5: FocalPlane  : Flat     with Kc= 0.0000D+00, Kr=-1.0000D+22, nECoords =  -6
  Number of output coordinates is   5
  Computed StopPos = -6.192773504455D-21 -9.323686171713D-01  1.473924127003D+00
 OPD: Rays being traced =         1185
 Compute time was    0.0000 sec
 OPD: nPassRays =      50,    DAvgCumL =              NaN m 
 RMS OPD error is               NaN m 
 P-V OPD error is  -2.000000000D+22 m 
 Average OPD is                        NaN m 
 One or more rays become undefined at element   3
 A total of     1135 rays were lost
   Surface miss:       1135
 OPD: Rays being traced =         1185
 Compute time was    0.0000 sec
 OPD: nPassRays =    1184,    DAvgCumL =  23.76526442D-01 m 
 RMS OPD error is   4.988106695D-03 m 
 P-V OPD error is   1.995114199D-02 m 
 Average OPD is     5.4033246431850505D-03 m 
  Input file /tmp/tp7658d783_f920_4a83_a07b_a01c97ef0137.in being loaded.
 Default used for  SegXgrid
 Default used for nECoord(   1)
 Default used for TElt(   1)
 Default used for nECoord(   2)
 Default used for TElt(   2)
 Default used for nECoord(   3)
 Default used for TElt(   3)
 Default used for nECoord(   4)
 Default used for TElt(   4)
 Default used for nECoord(   5)
 Default used for TElt(   5)
 Optical Train Summary:
  Tracing rays past   5 elements.
  Aperture grid type = Circular  with   41 grid points.
  Elt   1: Reflector   : Aspheric with Kc=-3.7191D+01, Kr= 1.4378D+01, nECoords =  -6
  Elt   2: Reference   : Flat     with Kc= 0.0000D+00, Kr=-1.0000D+22, nECoords =  -6
  Elt   3: Reflector   : Aspheric with Kc= 4.3012D+00, Kr=-1.8964D+00, nECoords =  -6
  Elt   4: Reflector   : Aspheric with Kc= 8.2681D-02, Kr=-1.6754D+00, nECoords =  -6
  Elt   5: FocalPlane  : Flat     with Kc= 0.0000D+00, Kr=-1.0000D+22, nECoords =  -6
  Number of output coordinates is   5
  Computed StopPos = -4.928469073776D-06 -9.323686171597D-01  1.473924126985D+00
 OPD: Rays being traced =         1185
 Compute time was    0.0000 sec
 OPD: nPassRays =      50,    DAvgCumL =              NaN m 
 RMS OPD error is               NaN m 
 P-V OPD error is  -2.000000000D+22 m 
 Average OPD is                        NaN m 
 One or more rays become undefined at element   3
 A total of     1135 rays were lost
   Surface miss:       1135
  Input file /tmp/tp7658d783_f920_4a83_a07b_a01c97ef0137.in being loaded.
 Default used for  SegXgrid
 Default used for nECoord(   1)
 Default used for TElt(   1)
 Default used for nECoord(   2)
 Default used for TElt(   2)
 Default used for nECoord(   3)
 Default used for TElt(   3)
 Default used for nECoord(   4)
 Default used for TElt(   4)
 Default used for nECoord(   5)
 Default used for TElt(   5)
 Optical Train Summary:
  Tracing rays past   5 elements.
  Aperture grid type = Circular  with   41 grid points.
  Elt   1: Reflector   : Aspheric with Kc=-3.7191D+01, Kr= 1.4378D+01, nECoords =  -6
  Elt   2: Reference   : Flat     with Kc= 0.0000D+00, Kr=-1.0000D+22, nECoords =  -6
  Elt   3: Reflector   : Aspheric with Kc= 4.3012D+00, Kr=-1.8964D+00, nECoords =  -6
  Elt   4: Reflector   : Aspheric with Kc= 8.2681D-02, Kr=-1.6754D+00, nECoords =  -6
  Elt   5: FocalPlane  : Flat     with Kc= 0.0000D+00, Kr=-1.0000D+22, nECoords =  -6
  Number of output coordinates is   5
  Computed StopPos =  5.813078986172D-07 -1.786229634041D+00  1.387962321670D+00
 OPD: Rays being traced =         1185
 Compute time was    0.0039 sec
 OPD: nPassRays =    1184,    DAvgCumL =              NaN m 
 RMS OPD error is               NaN m 
 P-V OPD error is  -2.000000000D+22 m 
 Average OPD is                        NaN m 
 OPD: Rays being traced =         1185
 Compute time was    0.0039 sec
 OPD: nPassRays =    1184,    DAvgCumL = -11.85945242D-01 m 
 RMS OPD error is   1.433789142D-03 m 
 P-V OPD error is   6.439713729D-03 m 
 Average OPD is    -1.0060467187986376D-03 m 
  Input file /tmp/tp7658d783_f920_4a83_a07b_a01c97ef0137.in being loaded.
 Default used for  SegXgrid
 Default used for nECoord(   1)
 Default used for TElt(   1)
 Default used for nECoord(   2)
 Default used for TElt(   2)
 Default used for nECoord(   3)
 Default used for TElt(   3)
 Default used for nECoord(   4)
 Default used for TElt(   4)
 Default used for nECoord(   5)
 Default used for TElt(   5)
 Optical Train Summary:
  Tracing rays past   5 elements.
  Aperture grid type = Circular  with   41 grid points.
  Elt   1: Reflector   : Aspheric with Kc=-3.7191D+01, Kr= 1.4378D+01, nECoords =  -6
  Elt   2: Reference   : Flat     with Kc= 0.0000D+00, Kr=-1.0000D+22, nECoords =  -6
  Elt   3: Reflector   : Aspheric with Kc= 4.3012D+00, Kr=-1.8964D+00, nECoords =  -6
  Elt   4: Reflector   : Aspheric with Kc= 8.2681D-02, Kr=-1.6754D+00, nECoords =  -6
  Elt   5: FocalPlane  : Flat     with Kc= 0.0000D+00, Kr=-1.0000D+22, nECoords =  -6
  Number of output coordinates is   5
  Computed StopPos = -1.035597980424D-05 -1.786229918793D+00  1.387963828882D+00
 OPD: Rays being traced =         1185
 Compute time was    0.0039 sec
 OPD: nPassRays =    1184,    DAvgCumL =              NaN m 
 RMS OPD error is               NaN m 
 P-V OPD error is  -2.000000000D+22 m 
 Average OPD is                        NaN m 
  Input file /tmp/tp7658d783_f920_4a83_a07b_a01c97ef0137.in being loaded.
 Default used for  SegXgrid
 Default used for nECoord(   1)
 Default used for TElt(   1)
 Default used for nECoord(   2)
 Default used for TElt(   2)
 Default used for nECoord(   3)
 Default used for TElt(   3)
 Default used for nECoord(   4)
 Default used for TElt(   4)
 Default used for nECoord(   5)
 Default used for TElt(   5)
 Optical Train Summary:
  Tracing rays past   5 elements.
  Aperture grid type = Circular  with   41 grid points.
  Elt   1: Reflector   : Aspheric with Kc=-3.7191D+01, Kr= 1.4378D+01, nECoords =  -6
  Elt   2: Reference   : Flat     with Kc= 0.0000D+00, Kr=-1.0000D+22, nECoords =  -6
  Elt   3: Reflector   : Aspheric with Kc= 4.3012D+00, Kr=-1.8964D+00, nECoords =  -6
  Elt   4: Reflector   : Aspheric with Kc= 8.2681D-02, Kr=-1.6754D+00, nECoords =  -6
  Elt   5: FocalPlane  : Flat     with Kc= 0.0000D+00, Kr=-1.0000D+22, nECoords =  -6
  Number of output coordinates is   5
  Computed StopPos =  2.558494575912D-07 -1.785746071452D+00  1.385405095662D+00
 OPD: Rays being traced =         1185
 Compute time was    0.0078 sec
 OPD: nPassRays =    1184,    DAvgCumL =              NaN m 
 RMS OPD error is               NaN m 
 P-V OPD error is  -2.000000000D+22 m 
 Average OPD is                        NaN m 
 OPD: Rays being traced =         1185
 Compute time was    0.0000 sec
 OPD: nPassRays =    1184,    DAvgCumL = -12.30132928D-01 m 
 RMS OPD error is   1.510175115D-03 m 
 P-V OPD error is   6.788747801D-03 m 
 Average OPD is    -1.0484700632584236D-03 m 
  Input file /tmp/tp7658d783_f920_4a83_a07b_a01c97ef0137.in being loaded.
 Default used for  SegXgrid
 Default used for nECoord(   1)
 Default used for TElt(   1)
 Default used for nECoord(   2)
 Default used for TElt(   2)
 Default used for nECoord(   3)
 Default used for TElt(   3)
 Default used for nECoord(   4)
 Default used for TElt(   4)
 Default used for nECoord(   5)
 Default used for TElt(   5)
 Optical Train Summary:
  Tracing rays past   5 elements.
  Aperture grid type = Circular  with   41 grid points.
  Elt   1: Reflector   : Aspheric with Kc=-3.7191D+01, Kr= 1.4378D+01, nECoords =  -6
  Elt   2: Reference   : Flat     with Kc= 0.0000D+00, Kr=-1.0000D+22, nECoords =  -6
  Elt   3: Reflector   : Aspheric with Kc= 4.3012D+00, Kr=-1.8964D+00, nECoords =  -6
  Elt   4: Reflector   : Aspheric with Kc= 8.2681D-02, Kr=-1.6754D+00, nECoords =  -6
  Elt   5: FocalPlane  : Flat     with Kc= 0.0000D+00, Kr=-1.0000D+22, nECoords =  -6
  Number of output coordinates is   5
  Computed StopPos = -1.086310708211D-05 -1.785745825881D+00  1.385403798437D+00
 OPD: Rays being traced =         1185
 Compute time was    0.0039 sec
 OPD: nPassRays =    1184,    DAvgCumL =              NaN m 
 RMS OPD error is               NaN m 
 P-V OPD error is  -2.000000000D+22 m 
 Average OPD is                        NaN m 
  Input file /tmp/tp7658d783_f920_4a83_a07b_a01c97ef0137.in being loaded.
 Default used for  SegXgrid
 Default used for nECoord(   1)
 Default used for TElt(   1)
 Default used for nECoord(   2)
 Default used for TElt(   2)
 Default used for nECoord(   3)
 Default used for TElt(   3)
 Default used for nECoord(   4)
 Default used for TElt(   4)
 Default used for nECoord(   5)
 Default used for TElt(   5)
 Optical Train Summary:
  Tracing rays past   5 elements.
  Aperture grid type = Circular  with   41 grid points.
  Elt   1: Reflector   : Aspheric with Kc=-3.7191D+01, Kr= 1.4378D+01, nECoords =  -6
  Elt   2: Reference   : Flat     with Kc= 0.0000D+00, Kr=-1.0000D+22, nECoords =  -6
  Elt   3: Reflector   : Aspheric with Kc= 4.3012D+00, Kr=-1.8964D+00, nECoords =  -6
  Elt   4: Reflector   : Aspheric with Kc= 8.2681D-02, Kr=-1.6754D+00, nECoords =  -6
  Elt   5: FocalPlane  : Flat     with Kc= 0.0000D+00, Kr=-1.0000D+22, nECoords =  -6
  Number of output coordinates is   5
  Computed StopPos =  1.671653960475D-07  6.968193039720D+04  1.206971231336D+05
 OPD: Rays being traced =         1185
 Compute time was    0.0039 sec
 OPD: nPassRays =    1184,    DAvgCumL =              NaN m 
 RMS OPD error is               NaN m 
 P-V OPD error is  -2.000000000D+22 m 
 Average OPD is                        NaN m 
 OPD: Rays being traced =         1185
 Compute time was    0.0039 sec
 OPD: nPassRays =    1184,    DAvgCumL = -12.77170459D-01 m 
 RMS OPD error is   1.585895579D-03 m 
 P-V OPD error is   7.135190749D-03 m 
 Average OPD is    -1.0885399603719969D-03 m 
  Input file /tmp/tp7658d783_f920_4a83_a07b_a01c97ef0137.in being loaded.
 Default used for  SegXgrid
 Default used for nECoord(   1)
 Default used for TElt(   1)
 Default used for nECoord(   2)
 Default used for TElt(   2)
 Default used for nECoord(   3)
 Default used for TElt(   3)
 Default used for nECoord(   4)
 Default used for TElt(   4)
 Default used for nECoord(   5)
 Default used for TElt(   5)
 Optical Train Summary:
  Tracing rays past   5 elements.
  Aperture grid type = Circular  with   41 grid points.
  Elt   1: Reflector   : Aspheric with Kc=-3.7191D+01, Kr= 1.4378D+01, nECoords =  -6
  Elt   2: Reference   : Flat     with Kc= 0.0000D+00, Kr=-1.0000D+22, nECoords =  -6
  Elt   3: Reflector   : Aspheric with Kc= 4.3012D+00, Kr=-1.8964D+00, nECoords =  -6
  Elt   4: Reflector   : Aspheric with Kc= 8.2681D-02, Kr=-1.6754D+00, nECoords =  -6
  Elt   5: FocalPlane  : Flat     with Kc= 0.0000D+00, Kr=-1.0000D+22, nECoords =  -6
  Number of output coordinates is   5
  Computed StopPos = -6.385207478408D-06 -1.541410263717D+00  1.809508939368D+00
 OPD: Rays being traced =         1185
 Compute time was    0.0039 sec
 OPD: nPassRays =    1184,    DAvgCumL =              NaN m 
 RMS OPD error is               NaN m 
 P-V OPD error is  -2.000000000D+22 m 
 Average OPD is                        NaN m 
  Input file /tmp/tp7658d783_f920_4a83_a07b_a01c97ef0137.in being loaded.
 Default used for  SegXgrid
 Default used for nECoord(   1)
 Default used for TElt(   1)
 Default used for nECoord(   2)
 Default used for TElt(   2)
 Default used for nECoord(   3)
 Default used for TElt(   3)
 Default used for nECoord(   4)
 Default used for TElt(   4)
 Default used for nECoord(   5)
 Default used for TElt(   5)
 Optical Train Summary:
  Tracing rays past   5 elements.
  Aperture grid type = Circular  with   41 grid points.
  Elt   1: Reflector   : Aspheric with Kc=-3.7191D+01, Kr= 1.4378D+01, nECoords =  -6
  Elt   2: Reference   : Flat     with Kc= 0.0000D+00, Kr=-1.0000D+22, nECoords =  -6
  Elt   3: Reflector   : Aspheric with Kc= 4.3012D+00, Kr=-1.8964D+00, nECoords =  -6
  Elt   4: Reflector   : Aspheric with Kc= 8.2681D-02, Kr=-1.6754D+00, nECoords =  -6
  Elt   5: FocalPlane  : Flat     with Kc= 0.0000D+00, Kr=-1.0000D+22, nECoords =  -6
  Number of output coordinates is   5
  Computed StopPos = -1.123971997386D-02 -8.919226593877D-01  1.585045631786D+00
 OPD: Rays being traced =         1185
 Compute time was    0.0000 sec
  All rays are obscured or lost.
 **Warning: Computing pupil diffraction grid spacing failed!
            Diffraction result is incorrect.
 RMS OPD error is   9.999900000D+36 m 
 P-V OPD error is   0.000000000D+00 m 
 Average OPD is     9.9999000000000000D+36 m 
 One or more rays become undefined at element   3
 A total of     1185 rays were lost
   Surface miss:       1185
 OPD: Rays being traced =         1185
 Compute time was    0.0000 sec
 OPD: nPassRays =    1184,    DAvgCumL =  21.58871532D-01 m 
 RMS OPD error is   6.120385135D-03 m 
 P-V OPD error is   2.566215576D-02 m 
 Average OPD is     3.2853399016693980D-03 m 
  Input file /tmp/tp7658d783_f920_4a83_a07b_a01c97ef0137.in being loaded.
 Default used for  SegXgrid
 Default used for nECoord(   1)
 Default used for TElt(   1)
 Default used for nECoord(   2)
 Default used for TElt(   2)
 Default used for nECoord(   3)
 Default used for TElt(   3)
 Default used for nECoord(   4)
 Default used for TElt(   4)
 Default used for nECoord(   5)
 Default used for TElt(   5)
 Optical Train Summary:
  Tracing rays past   5 elements.
  Aperture grid type = Circular  with   41 grid points.
  Elt   1: Reflector   : Aspheric with Kc=-3.7191D+01, Kr= 1.4378D+01, nECoords =  -6
  Elt   2: Reference   : Flat     with Kc= 0.0000D+00, Kr=-1.0000D+22, nECoords =  -6
  Elt   3: Reflector   : Aspheric with Kc= 4.3012D+00, Kr=-1.8964D+00, nECoords =  -6
  Elt   4: Reflector   : Aspheric with Kc= 8.2681D-02, Kr=-1.6754D+00, nECoords =  -6
  Elt   5: FocalPlane  : Flat     with Kc= 0.0000D+00, Kr=-1.0000D+22, nECoords =  -6
  Number of output coordinates is   5
  Computed StopPos = -1.139103994727D-02 -8.972469425964D-01  1.566165446884D+00
 OPD: Rays being traced =         1185
 Compute time was    0.0000 sec
  All rays are obscured or lost.
 **Warning: Computing pupil diffraction grid spacing failed!
            Diffraction result is incorrect.
 RMS OPD error is   9.999900000D+36 m 
 P-V OPD error is   0.000000000D+00 m 
 Average OPD is     9.9999000000000000D+36 m 
 One or more rays become undefined at element   3
 A total of     1185 rays were lost
   Surface miss:       1185
 OPD: Rays being traced =         1185
 Compute time was    0.0000 sec
 OPD: nPassRays =    1184,    DAvgCumL =  21.83397391D-01 m 
 RMS OPD error is   5.629559728D-03 m 
 P-V OPD error is   2.441514553D-02 m 
 Average OPD is     3.5366302083790543D-03 m 
  Input file /tmp/tp7658d783_f920_4a83_a07b_a01c97ef0137.in being loaded.
 Default used for  SegXgrid
 Default used for nECoord(   1)
 Default used for TElt(   1)
 Default used for nECoord(   2)
 Default used for TElt(   2)
 Default used for nECoord(   3)
 Default used for TElt(   3)
 Default used for nECoord(   4)
 Default used for TElt(   4)
 Default used for nECoord(   5)
 Default used for TElt(   5)
 Optical Train Summary:
  Tracing rays past   5 elements.
  Aperture grid type = Circular  with   41 grid points.
  Elt   1: Reflector   : Aspheric with Kc=-3.7191D+01, Kr= 1.4378D+01, nECoords =  -6
  Elt   2: Reference   : Flat     with Kc= 0.0000D+00, Kr=-1.0000D+22, nECoords =  -6
  Elt   3: Reflector   : Aspheric with Kc= 4.3012D+00, Kr=-1.8964D+00, nECoords =  -6
  Elt   4: Reflector   : Aspheric with Kc= 8.2681D-02, Kr=-1.6754D+00, nECoords =  -6
  Elt   5: FocalPlane  : Flat     with Kc= 0.0000D+00, Kr=-1.0000D+22, nECoords =  -6
  Number of output coordinates is   5
  Computed StopPos = -1.150741163082D-02 -9.027661432323D-01  1.548390103427D+00
 OPD: Rays being traced =         1185
 Compute time was    0.0000 sec
  All rays are obscured or lost.
 **Warning: Computing pupil diffraction grid spacing failed!
            Diffraction result is incorrect.
 RMS OPD error is   9.999900000D+36 m 
 P-V OPD error is   0.000000000D+00 m 
 Average OPD is     9.9999000000000000D+36 m 
 One or more rays become undefined at element   3
 A total of     1185 rays were lost
   Surface miss:       1185
 OPD: Rays being traced =         1185
 Compute time was    0.0000 sec
 OPD: nPassRays =    1184,    DAvgCumL =  22.10014645D-01 m 
 RMS OPD error is   5.192663152D-03 m 
 P-V OPD error is   2.339523884D-02 m 
 Average OPD is     3.8040348433547094D-03 m 
  Input file /tmp/tp7658d783_f920_4a83_a07b_a01c97ef0137.in being loaded.
 Default used for  SegXgrid
 Default used for nECoord(   1)
 Default used for TElt(   1)
 Default used for nECoord(   2)
 Default used for TElt(   2)
 Default used for nECoord(   3)
 Default used for TElt(   3)
 Default used for nECoord(   4)
 Default used for TElt(   4)
 Default used for nECoord(   5)
 Default used for TElt(   5)
 Optical Train Summary:
  Tracing rays past   5 elements.
  Aperture grid type = Circular  with   41 grid points.
  Elt   1: Reflector   : Aspheric with Kc=-3.7191D+01, Kr= 1.4378D+01, nECoords =  -6
  Elt   2: Reference   : Flat     with Kc= 0.0000D+00, Kr=-1.0000D+22, nECoords =  -6
  Elt   3: Reflector   : Aspheric with Kc= 4.3012D+00, Kr=-1.8964D+00, nECoords =  -6
  Elt   4: Reflector   : Aspheric with Kc= 8.2681D-02, Kr=-1.6754D+00, nECoords =  -6
  Elt   5: FocalPlane  : Flat     with Kc= 0.0000D+00, Kr=-1.0000D+22, nECoords =  -6
  Number of output coordinates is   5
  Computed StopPos = -1.159118983889D-02 -9.084461890207D-01  1.531657498801D+00
 OPD: Rays being traced =         1185
 Compute time was    0.0000 sec
  All rays are obscured or lost.
 **Warning: Computing pupil diffraction grid spacing failed!
            Diffraction result is incorrect.
 RMS OPD error is   9.999900000D+36 m 
 P-V OPD error is   0.000000000D+00 m 
 Average OPD is     9.9999000000000000D+36 m 
 One or more rays become undefined at element   3
 A total of     1185 rays were lost
   Surface miss:       1185
 OPD: Rays being traced =         1185
 Compute time was    0.0000 sec
 OPD: nPassRays =    1184,    DAvgCumL =  22.38793316D-01 m 
 RMS OPD error is   4.842930729D-03 m 
 P-V OPD error is   2.258435361D-02 m 
 Average OPD is     4.0882292627216531D-03 m 
  Input file /tmp/tp7658d783_f920_4a83_a07b_a01c97ef0137.in being loaded.
 Default used for  SegXgrid
 Default used for nECoord(   1)
 Default used for TElt(   1)
 Default used for nECoord(   2)
 Default used for TElt(   2)
 Default used for nECoord(   3)
 Default used for TElt(   3)
 Default used for nECoord(   4)
 Default used for TElt(   4)
 Default used for nECoord(   5)
 Default used for TElt(   5)
 Optical Train Summary:
  Tracing rays past   5 elements.
  Aperture grid type = Circular  with   41 grid points.
  Elt   1: Reflector   : Aspheric with Kc=-3.7191D+01, Kr= 1.4378D+01, nECoords =  -6
  Elt   2: Reference   : Flat     with Kc= 0.0000D+00, Kr=-1.0000D+22, nECoords =  -6
  Elt   3: Reflector   : Aspheric with Kc= 4.3012D+00, Kr=-1.8964D+00, nECoords =  -6
  Elt   4: Reflector   : Aspheric with Kc= 8.2681D-02, Kr=-1.6754D+00, nECoords =  -6
  Elt   5: FocalPlane  : Flat     with Kc= 0.0000D+00, Kr=-1.0000D+22, nECoords =  -6
  Number of output coordinates is   5
  Computed StopPos = -1.164464106785D-02 -9.142575243701D-01  1.515906147273D+00
 OPD: Rays being traced =         1185
 Compute time was    0.0000 sec
  All rays are obscured or lost.
 **Warning: Computing pupil diffraction grid spacing failed!
            Diffraction result is incorrect.
 RMS OPD error is   9.999900000D+36 m 
 P-V OPD error is   0.000000000D+00 m 
 Average OPD is     9.9999000000000000D+36 m 
 One or more rays become undefined at element   3
 A total of     1185 rays were lost
   Surface miss:       1185
 OPD: Rays being traced =         1185
 Compute time was    0.0000 sec
 OPD: nPassRays =    1184,    DAvgCumL =  22.69810360D-01 m 
 RMS OPD error is   4.621326573D-03 m 
 P-V OPD error is   2.193672964D-02 m 
 Average OPD is     4.3898656147725512D-03 m 
  Input file /tmp/tp7658d783_f920_4a83_a07b_a01c97ef0137.in being loaded.
 Default used for  SegXgrid
 Default used for nECoord(   1)
 Default used for TElt(   1)
 Default used for nECoord(   2)
 Default used for TElt(   2)
 Default used for nECoord(   3)
 Default used for TElt(   3)
 Default used for nECoord(   4)
 Default used for TElt(   4)
 Default used for nECoord(   5)
 Default used for TElt(   5)
 Optical Train Summary:
  Tracing rays past   5 elements.
  Aperture grid type = Circular  with   41 grid points.
  Elt   1: Reflector   : Aspheric with Kc=-3.7191D+01, Kr= 1.4378D+01, nECoords =  -6
  Elt   2: Reference   : Flat     with Kc= 0.0000D+00, Kr=-1.0000D+22, nECoords =  -6
  Elt   3: Reflector   : Aspheric with Kc= 4.3012D+00, Kr=-1.8964D+00, nECoords =  -6
  Elt   4: Reflector   : Aspheric with Kc= 8.2681D-02, Kr=-1.6754D+00, nECoords =  -6
  Elt   5: FocalPlane  : Flat     with Kc= 0.0000D+00, Kr=-1.0000D+22, nECoords =  -6
  Number of output coordinates is   5
  Computed StopPos = -1.166997817203D-02 -9.201755469208D-01  1.501074036787D+00
 OPD: Rays being traced =         1185
 Compute time was    0.0000 sec
 OPD: nPassRays =      12,    DAvgCumL =              NaN m 
 RMS OPD error is               NaN m 
 P-V OPD error is  -2.000000000D+22 m 
 Average OPD is                        NaN m 
 One or more rays become undefined at element   3
 A total of     1173 rays were lost
   Surface miss:       1173
 OPD: Rays being traced =         1185
 Compute time was    0.0000 sec
 OPD: nPassRays =    1184,    DAvgCumL =  23.03150420D-01 m 
 RMS OPD error is   4.569464733D-03 m 
 P-V OPD error is   2.142673102D-02 m 
 Average OPD is     4.7095732823804791D-03 m 
  Input file /tmp/tp7658d783_f920_4a83_a07b_a01c97ef0137.in being loaded.
 Default used for  SegXgrid
 Default used for nECoord(   1)
 Default used for TElt(   1)
 Default used for nECoord(   2)
 Default used for TElt(   2)
 Default used for nECoord(   3)
 Default used for TElt(   3)
 Default used for nECoord(   4)
 Default used for TElt(   4)
 Default used for nECoord(   5)
 Default used for TElt(   5)
 Optical Train Summary:
  Tracing rays past   5 elements.
  Aperture grid type = Circular  with   41 grid points.
  Elt   1: Reflector   : Aspheric with Kc=-3.7191D+01, Kr= 1.4378D+01, nECoords =  -6
  Elt   2: Reference   : Flat     with Kc= 0.0000D+00, Kr=-1.0000D+22, nECoords =  -6
  Elt   3: Reflector   : Aspheric with Kc= 4.3012D+00, Kr=-1.8964D+00, nECoords =  -6
  Elt   4: Reflector   : Aspheric with Kc= 8.2681D-02, Kr=-1.6754D+00, nECoords =  -6
  Elt   5: FocalPlane  : Flat     with Kc= 0.0000D+00, Kr=-1.0000D+22, nECoords =  -6
  Number of output coordinates is   5
  Computed StopPos = -1.167480164159D-02 -9.201754666094D-01  1.501073992636D+00
 OPD: Rays being traced =         1185
 Compute time was    0.0039 sec
 OPD: nPassRays =      12,    DAvgCumL =              NaN m 
 RMS OPD error is               NaN m 
 P-V OPD error is  -2.000000000D+22 m 
 Average OPD is                        NaN m 
 One or more rays become undefined at element   3
 A total of     1173 rays were lost
   Surface miss:       1173
  Input file /tmp/tp7658d783_f920_4a83_a07b_a01c97ef0137.in being loaded.
 Default used for  SegXgrid
 Default used for nECoord(   1)
 Default used for TElt(   1)
 Default used for nECoord(   2)
 Default used for TElt(   2)
 Default used for nECoord(   3)
 Default used for TElt(   3)
 Default used for nECoord(   4)
 Default used for TElt(   4)
 Default used for nECoord(   5)
 Default used for TElt(   5)
 Optical Train Summary:
  Tracing rays past   5 elements.
  Aperture grid type = Circular  with   41 grid points.
  Elt   1: Reflector   : Aspheric with Kc=-3.7191D+01, Kr= 1.4378D+01, nECoords =  -6
  Elt   2: Reference   : Flat     with Kc= 0.0000D+00, Kr=-1.0000D+22, nECoords =  -6
  Elt   3: Reflector   : Aspheric with Kc= 4.3012D+00, Kr=-1.8964D+00, nECoords =  -6
  Elt   4: Reflector   : Aspheric with Kc= 8.2681D-02, Kr=-1.6754D+00, nECoords =  -6
  Elt   5: FocalPlane  : Flat     with Kc= 0.0000D+00, Kr=-1.0000D+22, nECoords =  -6
  Number of output coordinates is   5
  Computed StopPos = -1.166921036116D-02 -9.261781675703D-01  1.487104545586D+00
 OPD: Rays being traced =         1185
 Compute time was    0.0039 sec
 OPD: nPassRays =      30,    DAvgCumL =              NaN m 
 RMS OPD error is               NaN m 
 P-V OPD error is  -2.000000000D+22 m 
 Average OPD is                        NaN m 
 One or more rays become undefined at element   3
 A total of     1155 rays were lost
   Surface miss:       1155
 OPD: Rays being traced =         1185
 Compute time was    0.0000 sec
 OPD: nPassRays =    1184,    DAvgCumL =  23.38906696D-01 m 
 RMS OPD error is   4.716592423D-03 m 
 P-V OPD error is   2.103094092D-02 m 
 Average OPD is     5.0479599542568249D-03 m 
  Input file /tmp/tp7658d783_f920_4a83_a07b_a01c97ef0137.in being loaded.
 Default used for  SegXgrid
 Default used for nECoord(   1)
 Default used for TElt(   1)
 Default used for nECoord(   2)
 Default used for TElt(   2)
 Default used for nECoord(   3)
 Default used for TElt(   3)
 Default used for nECoord(   4)
 Default used for TElt(   4)
 Default used for nECoord(   5)
 Default used for TElt(   5)
 Optical Train Summary:
  Tracing rays past   5 elements.
  Aperture grid type = Circular  with   41 grid points.
  Elt   1: Reflector   : Aspheric with Kc=-3.7191D+01, Kr= 1.4378D+01, nECoords =  -6
  Elt   2: Reference   : Flat     with Kc= 0.0000D+00, Kr=-1.0000D+22, nECoords =  -6
  Elt   3: Reflector   : Aspheric with Kc= 4.3012D+00, Kr=-1.8964D+00, nECoords =  -6
  Elt   4: Reflector   : Aspheric with Kc= 8.2681D-02, Kr=-1.6754D+00, nECoords =  -6
  Elt   5: FocalPlane  : Flat     with Kc= 0.0000D+00, Kr=-1.0000D+22, nECoords =  -6
  Number of output coordinates is   5
  Computed StopPos = -1.167408807176D-02 -9.261780892459D-01  1.487104503358D+00
 OPD: Rays being traced =         1185
 Compute time was    0.0000 sec
 OPD: nPassRays =      30,    DAvgCumL =              NaN m 
 RMS OPD error is               NaN m 
 P-V OPD error is  -2.000000000D+22 m 
 Average OPD is                        NaN m 
 One or more rays become undefined at element   3
 A total of     1155 rays were lost
   Surface miss:       1155
  Input file /tmp/tp7658d783_f920_4a83_a07b_a01c97ef0137.in being loaded.
 Default used for  SegXgrid
 Default used for nECoord(   1)
 Default used for TElt(   1)
 Default used for nECoord(   2)
 Default used for TElt(   2)
 Default used for nECoord(   3)
 Default used for TElt(   3)
 Default used for nECoord(   4)
 Default used for TElt(   4)
 Default used for nECoord(   5)
 Default used for TElt(   5)
 Optical Train Summary:
  Tracing rays past   5 elements.
  Aperture grid type = Circular  with   41 grid points.
  Elt   1: Reflector   : Aspheric with Kc=-3.7191D+01, Kr= 1.4378D+01, nECoords =  -6
  Elt   2: Reference   : Flat     with Kc= 0.0000D+00, Kr=-1.0000D+22, nECoords =  -6
  Elt   3: Reflector   : Aspheric with Kc= 4.3012D+00, Kr=-1.8964D+00, nECoords =  -6
  Elt   4: Reflector   : Aspheric with Kc= 8.2681D-02, Kr=-1.6754D+00, nECoords =  -6
  Elt   5: FocalPlane  : Flat     with Kc= 0.0000D+00, Kr=-1.0000D+22, nECoords =  -6
  Number of output coordinates is   5
  Computed StopPos = -1.164429360791D-02 -9.322477758504D-01  1.473940886722D+00
 OPD: Rays being traced =         1185
 Compute time was    0.0000 sec
 OPD: nPassRays =      50,    DAvgCumL =              NaN m 
 RMS OPD error is               NaN m 
 P-V OPD error is  -2.000000000D+22 m 
 Average OPD is                        NaN m 
 One or more rays become undefined at element   3
 A total of     1135 rays were lost
   Surface miss:       1135
 OPD: Rays being traced =         1185
 Compute time was    0.0039 sec
 OPD: nPassRays =    1184,    DAvgCumL =  23.77181934D-01 m 
 RMS OPD error is   5.068692326D-03 m 
 P-V OPD error is   2.073577892D-02 m 
 Average OPD is     5.4056131412672428D-03 m 
  Input file /tmp/tp7658d783_f920_4a83_a07b_a01c97ef0137.in being loaded.
 Default used for  SegXgrid
 Default used for nECoord(   1)
 Default used for TElt(   1)
 Default used for nECoord(   2)
 Default used for TElt(   2)
 Default used for nECoord(   3)
 Default used for TElt(   3)
 Default used for nECoord(   4)
 Default used for TElt(   4)
 Default used for nECoord(   5)
 Default used for TElt(   5)
 Optical Train Summary:
  Tracing rays past   5 elements.
  Aperture grid type = Circular  with   41 grid points.
  Elt   1: Reflector   : Aspheric with Kc=-3.7191D+01, Kr= 1.4378D+01, nECoords =  -6
  Elt   2: Reference   : Flat     with Kc= 0.0000D+00, Kr=-1.0000D+22, nECoords =  -6
  Elt   3: Reflector   : Aspheric with Kc= 4.3012D+00, Kr=-1.8964D+00, nECoords =  -6
  Elt   4: Reflector   : Aspheric with Kc= 8.2681D-02, Kr=-1.6754D+00, nECoords =  -6
  Elt   5: FocalPlane  : Flat     with Kc= 0.0000D+00, Kr=-1.0000D+22, nECoords =  -6
  Number of output coordinates is   5
  Computed StopPos = -1.164922001979D-02 -9.322476997906D-01  1.473940845900D+00
 OPD: Rays being traced =         1185
 Compute time was    0.0000 sec
 OPD: nPassRays =      50,    DAvgCumL =              NaN m 
 RMS OPD error is               NaN m 
 P-V OPD error is  -2.000000000D+22 m 
 Average OPD is                        NaN m 
 One or more rays become undefined at element   3
 A total of     1135 rays were lost
   Surface miss:       1135
  Input file /tmp/tp7658d783_f920_4a83_a07b_a01c97ef0137.in being loaded.
 Default used for  SegXgrid
 Default used for nECoord(   1)
 Default used for TElt(   1)
 Default used for nECoord(   2)
 Default used for TElt(   2)
 Default used for nECoord(   3)
 Default used for TElt(   3)
 Default used for nECoord(   4)
 Default used for TElt(   4)
 Default used for nECoord(   5)
 Default used for TElt(   5)
 Optical Train Summary:
  Tracing rays past   5 elements.
  Aperture grid type = Circular  with   41 grid points.
  Elt   1: Reflector   : Aspheric with Kc=-3.7191D+01, Kr= 1.4378D+01, nECoords =  -6
  Elt   2: Reference   : Flat     with Kc= 0.0000D+00, Kr=-1.0000D+22, nECoords =  -6
  Elt   3: Reflector   : Aspheric with Kc= 4.3012D+00, Kr=-1.8964D+00, nECoords =  -6
  Elt   4: Reflector   : Aspheric with Kc= 8.2681D-02, Kr=-1.6754D+00, nECoords =  -6
  Elt   5: FocalPlane  : Flat     with Kc= 0.0000D+00, Kr=-1.0000D+22, nECoords =  -6
  Number of output coordinates is   5
  Computed StopPos = -1.159695355179D-02 -9.383679097223D-01  1.461533053832D+00
 OPD: Rays being traced =         1185
 Compute time was    0.0000 sec
 OPD: nPassRays =      74,    DAvgCumL =              NaN m 
 RMS OPD error is               NaN m 
 P-V OPD error is  -2.000000000D+22 m 
 Average OPD is                        NaN m 
 One or more rays become undefined at element   3
 A total of     1111 rays were lost
   Surface miss:       1111
 OPD: Rays being traced =         1185
 Compute time was    0.0000 sec
 OPD: nPassRays =    1184,    DAvgCumL =  24.18089574D-01 m 
 RMS OPD error is   5.609525831D-03 m 
 P-V OPD error is   2.212256893D-02 m 
 Average OPD is     5.7831020859120093D-03 m 
  Input file /tmp/tp7658d783_f920_4a83_a07b_a01c97ef0137.in being loaded.
 Default used for  SegXgrid
 Default used for nECoord(   1)
 Default used for TElt(   1)
 Default used for nECoord(   2)
 Default used for TElt(   2)
 Default used for nECoord(   3)
 Default used for TElt(   3)
 Default used for nECoord(   4)
 Default used for TElt(   4)
 Default used for nECoord(   5)
 Default used for TElt(   5)
 Optical Train Summary:
  Tracing rays past   5 elements.
  Aperture grid type = Circular  with   41 grid points.
  Elt   1: Reflector   : Aspheric with Kc=-3.7191D+01, Kr= 1.4378D+01, nECoords =  -6
  Elt   2: Reference   : Flat     with Kc= 0.0000D+00, Kr=-1.0000D+22, nECoords =  -6
  Elt   3: Reflector   : Aspheric with Kc= 4.3012D+00, Kr=-1.8964D+00, nECoords =  -6
  Elt   4: Reflector   : Aspheric with Kc= 8.2681D-02, Kr=-1.6754D+00, nECoords =  -6
  Elt   5: FocalPlane  : Flat     with Kc= 0.0000D+00, Kr=-1.0000D+22, nECoords =  -6
  Number of output coordinates is   5
  Computed StopPos = -1.160192393044D-02 -9.383678403195D-01  1.461533005880D+00
 OPD: Rays being traced =         1185
 Compute time was    0.0000 sec
 OPD: nPassRays =      74,    DAvgCumL =              NaN m 
 RMS OPD error is               NaN m 
 P-V OPD error is  -2.000000000D+22 m 
 Average OPD is                        NaN m 
 One or more rays become undefined at element   3
 A total of     1111 rays were lost
   Surface miss:       1111
  Input file /tmp/tp7658d783_f920_4a83_a07b_a01c97ef0137.in being loaded.
 Default used for  SegXgrid
 Default used for nECoord(   1)
 Default used for TElt(   1)
 Default used for nECoord(   2)
 Default used for TElt(   2)
 Default used for nECoord(   3)
 Default used for TElt(   3)
 Default used for nECoord(   4)
 Default used for TElt(   4)
 Default used for nECoord(   5)
 Default used for TElt(   5)
 Optical Train Summary:
  Tracing rays past   5 elements.
  Aperture grid type = Circular  with   41 grid points.
  Elt   1: Reflector   : Aspheric with Kc=-3.7191D+01, Kr= 1.4378D+01, nECoords =  -6
  Elt   2: Reference   : Flat     with Kc= 0.0000D+00, Kr=-1.0000D+22, nECoords =  -6
  Elt   3: Reflector   : Aspheric with Kc= 4.3012D+00, Kr=-1.8964D+00, nECoords =  -6
  Elt   4: Reflector   : Aspheric with Kc= 8.2681D-02, Kr=-1.6754D+00, nECoords =  -6
  Elt   5: FocalPlane  : Flat     with Kc= 0.0000D+00, Kr=-1.0000D+22, nECoords =  -6
  Number of output coordinates is   5
  Computed StopPos =  3.260689250343D+03  6.760794847423D+04  1.245230257345D+05
 OPD: Rays being traced =         1185
 Compute time was    0.0039 sec
 OPD: nPassRays =    1184,    DAvgCumL =              NaN m 
 RMS OPD error is               NaN m 
 P-V OPD error is  -2.000000000D+22 m 
 Average OPD is                        NaN m 
 OPD: Rays being traced =         1185
 Compute time was    0.0000 sec
 OPD: nPassRays =    1184,    DAvgCumL = -12.30696209D-01 m 
 RMS OPD error is   1.845050546D-03 m 
 P-V OPD error is   9.242797680D-03 m 
 Average OPD is    -1.0474897312597556D-03 m 
  Input file /tmp/tp7658d783_f920_4a83_a07b_a01c97ef0137.in being loaded.
 Default used for  SegXgrid
 Default used for nECoord(   1)
 Default used for TElt(   1)
 Default used for nECoord(   2)
 Default used for TElt(   2)
 Default used for nECoord(   3)
 Default used for TElt(   3)
 Default used for nECoord(   4)
 Default used for TElt(   4)
 Default used for nECoord(   5)
 Default used for TElt(   5)
 Optical Train Summary:
  Tracing rays past   5 elements.
  Aperture grid type = Circular  with   41 grid points.
  Elt   1: Reflector   : Aspheric with Kc=-3.7191D+01, Kr= 1.4378D+01, nECoords =  -6
  Elt   2: Reference   : Flat     with Kc= 0.0000D+00, Kr=-1.0000D+22, nECoords =  -6
  Elt   3: Reflector   : Aspheric with Kc= 4.3012D+00, Kr=-1.8964D+00, nECoords =  -6
  Elt   4: Reflector   : Aspheric with Kc= 8.2681D-02, Kr=-1.6754D+00, nECoords =  -6
  Elt   5: FocalPlane  : Flat     with Kc= 0.0000D+00, Kr=-1.0000D+22, nECoords =  -6
  Number of output coordinates is   5
  Computed StopPos =  3.262088601339D+03  6.760758450697D+04  1.245223182709D+05
 OPD: Rays being traced =         1185
 Compute time was    0.0039 sec
 OPD: nPassRays =    1184,    DAvgCumL =              NaN m 
 RMS OPD error is               NaN m 
 P-V OPD error is  -2.000000000D+22 m 
 Average OPD is                        NaN m 
  Input file /tmp/tp7658d783_f920_4a83_a07b_a01c97ef0137.in being loaded.
 Default used for  SegXgrid
 Default used for nECoord(   1)
 Default used for TElt(   1)
 Default used for nECoord(   2)
 Default used for TElt(   2)
 Default used for nECoord(   3)
 Default used for TElt(   3)
 Default used for nECoord(   4)
 Default used for TElt(   4)
 Default used for nECoord(   5)
 Default used for TElt(   5)
 Optical Train Summary:
  Tracing rays past   5 elements.
  Aperture grid type = Circular  with   41 grid points.
  Elt   1: Reflector   : Aspheric with Kc=-3.7191D+01, Kr= 1.4378D+01, nECoords =  -6
  Elt   2: Reference   : Flat     with Kc= 0.0000D+00, Kr=-1.0000D+22, nECoords =  -6
  Elt   3: Reflector   : Aspheric with Kc= 4.3012D+00, Kr=-1.8964D+00, nECoords =  -6
  Elt   4: Reflector   : Aspheric with Kc= 8.2681D-02, Kr=-1.6754D+00, nECoords =  -6
  Elt   5: FocalPlane  : Flat     with Kc= 0.0000D+00, Kr=-1.0000D+22, nECoords =  -6
  Number of output coordinates is   5
  Computed StopPos = -2.567383047853D-02 -1.785278537612D+00  1.383911152406D+00
 OPD: Rays being traced =         1185
 Compute time was    0.0039 sec
 OPD: nPassRays =    1184,    DAvgCumL =              NaN m 
 RMS OPD error is               NaN m 
 P-V OPD error is  -2.000000000D+22 m 
 Average OPD is                        NaN m 
 OPD: Rays being traced =         1185
 Compute time was    0.0000 sec
 OPD: nPassRays =    1184,    DAvgCumL = -12.77794401D-01 m 
 RMS OPD error is   1.915039407D-03 m 
 P-V OPD error is   9.799860610D-03 m 
 Average OPD is    -1.0982888864080060D-03 m 
  Input file /tmp/tp7658d783_f920_4a83_a07b_a01c97ef0137.in being loaded.
 Default used for  SegXgrid
 Default used for nECoord(   1)
 Default used for TElt(   1)
 Default used for nECoord(   2)
 Default used for TElt(   2)
 Default used for nECoord(   3)
 Default used for TElt(   3)
 Default used for nECoord(   4)
 Default used for TElt(   4)
 Default used for nECoord(   5)
 Default used for TElt(   5)
 Optical Train Summary:
  Tracing rays past   5 elements.
  Aperture grid type = Circular  with   41 grid points.
  Elt   1: Reflector   : Aspheric with Kc=-3.7191D+01, Kr= 1.4378D+01, nECoords =  -6
  Elt   2: Reference   : Flat     with Kc= 0.0000D+00, Kr=-1.0000D+22, nECoords =  -6
  Elt   3: Reflector   : Aspheric with Kc= 4.3012D+00, Kr=-1.8964D+00, nECoords =  -6
  Elt   4: Reflector   : Aspheric with Kc= 8.2681D-02, Kr=-1.6754D+00, nECoords =  -6
  Elt   5: FocalPlane  : Flat     with Kc= 0.0000D+00, Kr=-1.0000D+22, nECoords =  -6
  Number of output coordinates is   5
  Computed StopPos = -2.568476098468D-02 -1.785282659073D+00  1.383933728926D+00
 OPD: Rays being traced =         1185
 Compute time was    0.0039 sec
 OPD: nPassRays =    1184,    DAvgCumL =              NaN m 
 RMS OPD error is               NaN m 
 P-V OPD error is  -2.000000000D+22 m 
 Average OPD is                        NaN m 
  Input file /tmp/tp7658d783_f920_4a83_a07b_a01c97ef0137.in being loaded.
 Default used for  SegXgrid
 Default used for nECoord(   1)
 Default used for TElt(   1)
 Default used for nECoord(   2)
 Default used for TElt(   2)
 Default used for nECoord(   3)
 Default used for TElt(   3)
 Default used for nECoord(   4)
 Default used for TElt(   4)
 Default used for nECoord(   5)
 Default used for TElt(   5)
 Optical Train Summary:
  Tracing rays past   5 elements.
  Aperture grid type = Circular  with   41 grid points.
  Elt   1: Reflector   : Aspheric with Kc=-3.7191D+01, Kr= 1.4378D+01, nECoords =  -6
  Elt   2: Reference   : Flat     with Kc= 0.0000D+00, Kr=-1.0000D+22, nECoords =  -6
  Elt   3: Reflector   : Aspheric with Kc= 4.3012D+00, Kr=-1.8964D+00, nECoords =  -6
  Elt   4: Reflector   : Aspheric with Kc= 8.2681D-02, Kr=-1.6754D+00, nECoords =  -6
  Elt   5: FocalPlane  : Flat     with Kc= 0.0000D+00, Kr=-1.0000D+22, nECoords =  -6
  Number of output coordinates is   5
  Computed StopPos = -2.246861509664D-02 -8.915457150301D-01  1.584990723232D+00
 OPD: Rays being traced =         1185
 Compute time was    0.0000 sec
  All rays are obscured or lost.
 **Warning: Computing pupil diffraction grid spacing failed!
            Diffraction result is incorrect.
 RMS OPD error is   9.999900000D+36 m 
 P-V OPD error is   0.000000000D+00 m 
 Average OPD is     9.9999000000000000D+36 m 
 One or more rays become undefined at element   3
 A total of     1185 rays were lost
   Surface miss:       1185
 OPD: Rays being traced =         1185
 Compute time was    0.0000 sec
 OPD: nPassRays =    1184,    DAvgCumL =  21.60992864D-01 m 
 RMS OPD error is   6.289203869D-03 m 
 P-V OPD error is   2.766041174D-02 m 
 Average OPD is     3.2904485645642917D-03 m 
  Input file /tmp/tp7658d783_f920_4a83_a07b_a01c97ef0137.in being loaded.
 Default used for  SegXgrid
 Default used for nECoord(   1)
 Default used for TElt(   1)
 Default used for nECoord(   2)
 Default used for TElt(   2)
 Default used for nECoord(   3)
 Default used for TElt(   3)
 Default used for nECoord(   4)
 Default used for TElt(   4)
 Default used for nECoord(   5)
 Default used for TElt(   5)
 Optical Train Summary:
  Tracing rays past   5 elements.
  Aperture grid type = Circular  with   41 grid points.
  Elt   1: Reflector   : Aspheric with Kc=-3.7191D+01, Kr= 1.4378D+01, nECoords =  -6
  Elt   2: Reference   : Flat     with Kc= 0.0000D+00, Kr=-1.0000D+22, nECoords =  -6
  Elt   3: Reflector   : Aspheric with Kc= 4.3012D+00, Kr=-1.8964D+00, nECoords =  -6
  Elt   4: Reflector   : Aspheric with Kc= 8.2681D-02, Kr=-1.6754D+00, nECoords =  -6
  Elt   5: FocalPlane  : Flat     with Kc= 0.0000D+00, Kr=-1.0000D+22, nECoords =  -6
  Number of output coordinates is   5
  Computed StopPos = -2.277071738835D-02 -8.968674204088D-01  1.566140083156D+00
 OPD: Rays being traced =         1185
 Compute time was    0.0000 sec
  All rays are obscured or lost.
 **Warning: Computing pupil diffraction grid spacing failed!
            Diffraction result is incorrect.
 RMS OPD error is   9.999900000D+36 m 
 P-V OPD error is   0.000000000D+00 m 
 Average OPD is     9.9999000000000000D+36 m 
 One or more rays become undefined at element   3
 A total of     1185 rays were lost
   Surface miss:       1185
 OPD: Rays being traced =         1185
 Compute time was    0.0039 sec
 OPD: nPassRays =    1184,    DAvgCumL =  21.85502966D-01 m 
 RMS OPD error is   5.814968131D-03 m 
 P-V OPD error is   2.643053787D-02 m 
 Average OPD is     3.5420056620962485D-03 m 
  Input file /tmp/tp7658d783_f920_4a83_a07b_a01c97ef0137.in being loaded.
 Default used for  SegXgrid
 Default used for nECoord(   1)
 Default used for TElt(   1)
 Default used for nECoord(   2)
 Default used for TElt(   2)
 Default used for nECoord(   3)
 Default used for TElt(   3)
 Default used for nECoord(   4)
 Default used for TElt(   4)
 Default used for nECoord(   5)
 Default used for TElt(   5)
 Optical Train Summary:
  Tracing rays past   5 elements.
  Aperture grid type = Circular  with   41 grid points.
  Elt   1: Reflector   : Aspheric with Kc=-3.7191D+01, Kr= 1.4378D+01, nECoords =  -6
  Elt   2: Reference   : Flat     with Kc= 0.0000D+00, Kr=-1.0000D+22, nECoords =  -6
  Elt   3: Reflector   : Aspheric with Kc= 4.3012D+00, Kr=-1.8964D+00, nECoords =  -6
  Elt   4: Reflector   : Aspheric with Kc= 8.2681D-02, Kr=-1.6754D+00, nECoords =  -6
  Elt   5: FocalPlane  : Flat     with Kc= 0.0000D+00, Kr=-1.0000D+22, nECoords =  -6
  Number of output coordinates is   5
  Computed StopPos = -2.300326588363D-02 -9.023855564059D-01  1.548388288422D+00
 OPD: Rays being traced =         1185
 Compute time was    0.0000 sec
  All rays are obscured or lost.
 **Warning: Computing pupil diffraction grid spacing failed!
            Diffraction result is incorrect.
 RMS OPD error is   9.999900000D+36 m 
 P-V OPD error is   0.000000000D+00 m 
 Average OPD is     9.9999000000000000D+36 m 
 One or more rays become undefined at element   3
 A total of     1185 rays were lost
   Surface miss:       1185
 OPD: Rays being traced =         1185
 Compute time was    0.0000 sec
 OPD: nPassRays =    1184,    DAvgCumL =  22.12102429D-01 m 
 RMS OPD error is   5.396475841D-03 m 
 P-V OPD error is   2.546275894D-02 m 
 Average OPD is     3.8096785741344196D-03 m 
  Input file /tmp/tp7658d783_f920_4a83_a07b_a01c97ef0137.in being loaded.
 Default used for  SegXgrid
 Default used for nECoord(   1)
 Default used for TElt(   1)
 Default used for nECoord(   2)
 Default used for TElt(   2)
 Default used for nECoord(   3)
 Default used for TElt(   3)
 Default used for nECoord(   4)
 Default used for TElt(   4)
 Default used for nECoord(   5)
 Default used for TElt(   5)
 Optical Train Summary:
  Tracing rays past   5 elements.
  Aperture grid type = Circular  with   41 grid points.
  Elt   1: Reflector   : Aspheric with Kc=-3.7191D+01, Kr= 1.4378D+01, nECoords =  -6
  Elt   2: Reference   : Flat     with Kc= 0.0000D+00, Kr=-1.0000D+22, nECoords =  -6
  Elt   3: Reflector   : Aspheric with Kc= 4.3012D+00, Kr=-1.8964D+00, nECoords =  -6
  Elt   4: Reflector   : Aspheric with Kc= 8.2681D-02, Kr=-1.6754D+00, nECoords =  -6
  Elt   5: FocalPlane  : Flat     with Kc= 0.0000D+00, Kr=-1.0000D+22, nECoords =  -6
  Number of output coordinates is   5
  Computed StopPos = -2.317092189229D-02 -9.080661113063D-01  1.531673960955D+00
 OPD: Rays being traced =         1185
 Compute time was    0.0000 sec
  All rays are obscured or lost.
 **Warning: Computing pupil diffraction grid spacing failed!
            Diffraction result is incorrect.
 RMS OPD error is   9.999900000D+36 m 
 P-V OPD error is   0.000000000D+00 m 
 Average OPD is     9.9999000000000000D+36 m 
 One or more rays become undefined at element   3
 A total of     1185 rays were lost
   Surface miss:       1185
 OPD: Rays being traced =         1185
 Compute time was    0.0000 sec
 OPD: nPassRays =    1184,    DAvgCumL =  22.40861285D-01 m 
 RMS OPD error is   5.065255228D-03 m 
 P-V OPD error is   2.458837387D-02 m 
 Average OPD is     4.0941389618073783D-03 m 
  Input file /tmp/tp7658d783_f920_4a83_a07b_a01c97ef0137.in being loaded.
 Default used for  SegXgrid
 Default used for nECoord(   1)
 Default used for TElt(   1)
 Default used for nECoord(   2)
 Default used for TElt(   2)
 Default used for nECoord(   3)
 Default used for TElt(   3)
 Default used for nECoord(   4)
 Default used for TElt(   4)
 Default used for nECoord(   5)
 Default used for TElt(   5)
 Optical Train Summary:
  Tracing rays past   5 elements.
  Aperture grid type = Circular  with   41 grid points.
  Elt   1: Reflector   : Aspheric with Kc=-3.7191D+01, Kr= 1.4378D+01, nECoords =  -6
  Elt   2: Reference   : Flat     with Kc= 0.0000D+00, Kr=-1.0000D+22, nECoords =  -6
  Elt   3: Reflector   : Aspheric with Kc= 4.3012D+00, Kr=-1.8964D+00, nECoords =  -6
  Elt   4: Reflector   : Aspheric with Kc= 8.2681D-02, Kr=-1.6754D+00, nECoords =  -6
  Elt   5: FocalPlane  : Flat     with Kc= 0.0000D+00, Kr=-1.0000D+22, nECoords =  -6
  Number of output coordinates is   5
  Computed StopPos = -2.327816648821D-02 -9.138794988199D-01  1.515936426359D+00
 OPD: Rays being traced =         1185
 Compute time was    0.0000 sec
  All rays are obscured or lost.
 **Warning: Computing pupil diffraction grid spacing failed!
            Diffraction result is incorrect.
 RMS OPD error is   9.999900000D+36 m 
 P-V OPD error is   0.000000000D+00 m 
 Average OPD is     9.9999000000000000D+36 m 
 One or more rays become undefined at element   3
 A total of     1185 rays were lost
   Surface miss:       1185
 OPD: Rays being traced =         1185
 Compute time was    0.0000 sec
 OPD: nPassRays =    1184,    DAvgCumL =  22.71856507D-01 m 
 RMS OPD error is   4.859154865D-03 m 
 P-V OPD error is   2.386566453D-02 m 
 Average OPD is     4.3960353575126484D-03 m 
  Input file /tmp/tp7658d783_f920_4a83_a07b_a01c97ef0137.in being loaded.
 Default used for  SegXgrid
 Default used for nECoord(   1)
 Default used for TElt(   1)
 Default used for nECoord(   2)
 Default used for TElt(   2)
 Default used for nECoord(   3)
 Default used for TElt(   3)
 Default used for nECoord(   4)
 Default used for TElt(   4)
 Default used for nECoord(   5)
 Default used for TElt(   5)
 Optical Train Summary:
  Tracing rays past   5 elements.
  Aperture grid type = Circular  with   41 grid points.
  Elt   1: Reflector   : Aspheric with Kc=-3.7191D+01, Kr= 1.4378D+01, nECoords =  -6
  Elt   2: Reference   : Flat     with Kc= 0.0000D+00, Kr=-1.0000D+22, nECoords =  -6
  Elt   3: Reflector   : Aspheric with Kc= 4.3012D+00, Kr=-1.8964D+00, nECoords =  -6
  Elt   4: Reflector   : Aspheric with Kc= 8.2681D-02, Kr=-1.6754D+00, nECoords =  -6
  Elt   5: FocalPlane  : Flat     with Kc= 0.0000D+00, Kr=-1.0000D+22, nECoords =  -6
  Number of output coordinates is   5
  Computed StopPos = -2.332939803058D-02 -9.198012018778D-01  1.501114034188D+00
 OPD: Rays being traced =         1185
 Compute time was    0.0000 sec
 OPD: nPassRays =      12,    DAvgCumL =              NaN m 
 RMS OPD error is               NaN m 
 P-V OPD error is  -2.000000000D+22 m 
 Average OPD is                        NaN m 
 One or more rays become undefined at element   3
 A total of     1173 rays were lost
   Surface miss:       1173
 OPD: Rays being traced =         1185
 Compute time was    0.0039 sec
 OPD: nPassRays =    1184,    DAvgCumL =  23.05172768D-01 m 
 RMS OPD error is   4.815886019D-03 m 
 P-V OPD error is   2.326532950D-02 m 
 Average OPD is     4.7159937524035699D-03 m 
  Input file /tmp/tp7658d783_f920_4a83_a07b_a01c97ef0137.in being loaded.
 Default used for  SegXgrid
 Default used for nECoord(   1)
 Default used for TElt(   1)
 Default used for nECoord(   2)
 Default used for TElt(   2)
 Default used for nECoord(   3)
 Default used for TElt(   3)
 Default used for nECoord(   4)
 Default used for TElt(   4)
 Default used for nECoord(   5)
 Default used for TElt(   5)
 Optical Train Summary:
  Tracing rays past   5 elements.
  Aperture grid type = Circular  with   41 grid points.
  Elt   1: Reflector   : Aspheric with Kc=-3.7191D+01, Kr= 1.4378D+01, nECoords =  -6
  Elt   2: Reference   : Flat     with Kc= 0.0000D+00, Kr=-1.0000D+22, nECoords =  -6
  Elt   3: Reflector   : Aspheric with Kc= 4.3012D+00, Kr=-1.8964D+00, nECoords =  -6
  Elt   4: Reflector   : Aspheric with Kc= 8.2681D-02, Kr=-1.6754D+00, nECoords =  -6
  Elt   5: FocalPlane  : Flat     with Kc= 0.0000D+00, Kr=-1.0000D+22, nECoords =  -6
  Number of output coordinates is   5
  Computed StopPos = -2.333421507943D-02 -9.198010411715D-01  1.501113946038D+00
 OPD: Rays being traced =         1185
 Compute time was    0.0000 sec
 OPD: nPassRays =      12,    DAvgCumL =              NaN m 
 RMS OPD error is               NaN m 
 P-V OPD error is  -2.000000000D+22 m 
 Average OPD is                        NaN m 
 One or more rays become undefined at element   3
 A total of     1173 rays were lost
   Surface miss:       1173
  Input file /tmp/tp7658d783_f920_4a83_a07b_a01c97ef0137.in being loaded.
 Default used for  SegXgrid
 Default used for nECoord(   1)
 Default used for TElt(   1)
 Default used for nECoord(   2)
 Default used for TElt(   2)
 Default used for nECoord(   3)
 Default used for TElt(   3)
 Default used for nECoord(   4)
 Default used for TElt(   4)
 Default used for nECoord(   5)
 Default used for TElt(   5)
 Optical Train Summary:
  Tracing rays past   5 elements.
  Aperture grid type = Circular  with   41 grid points.
  Elt   1: Reflector   : Aspheric with Kc=-3.7191D+01, Kr= 1.4378D+01, nECoords =  -6
  Elt   2: Reference   : Flat     with Kc= 0.0000D+00, Kr=-1.0000D+22, nECoords =  -6
  Elt   3: Reflector   : Aspheric with Kc= 4.3012D+00, Kr=-1.8964D+00, nECoords =  -6
  Elt   4: Reflector   : Aspheric with Kc= 8.2681D-02, Kr=-1.6754D+00, nECoords =  -6
  Elt   5: FocalPlane  : Flat     with Kc= 0.0000D+00, Kr=-1.0000D+22, nECoords =  -6
  Number of output coordinates is   5
  Computed StopPos = -2.332857411690D-02 -9.258089079389D-01  1.487151177692D+00
 OPD: Rays being traced =         1185
 Compute time was    0.0000 sec
 OPD: nPassRays =      30,    DAvgCumL =              NaN m 
 RMS OPD error is               NaN m 
 P-V OPD error is  -2.000000000D+22 m 
 Average OPD is                        NaN m 
 One or more rays become undefined at element   3
 A total of     1155 rays were lost
   Surface miss:       1155
 OPD: Rays being traced =         1185
 Compute time was    0.0000 sec
 OPD: nPassRays =    1184,    DAvgCumL =  23.40903308D-01 m 
 RMS OPD error is   4.962053750D-03 m 
 P-V OPD error is   2.278027128D-02 m 
 Average OPD is     5.0546187023044961D-03 m 
  Input file /tmp/tp7658d783_f920_4a83_a07b_a01c97ef0137.in being loaded.
 Default used for  SegXgrid
 Default used for nECoord(   1)
 Default used for TElt(   1)
 Default used for nECoord(   2)
 Default used for TElt(   2)
 Default used for nECoord(   3)
 Default used for TElt(   3)
 Default used for nECoord(   4)
 Default used for TElt(   4)
 Default used for nECoord(   5)
 Default used for TElt(   5)
 Optical Train Summary:
  Tracing rays past   5 elements.
  Aperture grid type = Circular  with   41 grid points.
  Elt   1: Reflector   : Aspheric with Kc=-3.7191D+01, Kr= 1.4378D+01, nECoords =  -6
  Elt   2: Reference   : Flat     with Kc= 0.0000D+00, Kr=-1.0000D+22, nECoords =  -6
  Elt   3: Reflector   : Aspheric with Kc= 4.3012D+00, Kr=-1.8964D+00, nECoords =  -6
  Elt   4: Reflector   : Aspheric with Kc= 8.2681D-02, Kr=-1.6754D+00, nECoords =  -6
  Elt   5: FocalPlane  : Flat     with Kc= 0.0000D+00, Kr=-1.0000D+22, nECoords =  -6
  Number of output coordinates is   5
  Computed StopPos = -2.333344548416D-02 -9.258087512329D-01  1.487151093320D+00
 OPD: Rays being traced =         1185
 Compute time was    0.0000 sec
 OPD: nPassRays =      30,    DAvgCumL =              NaN m 
 RMS OPD error is               NaN m 
 P-V OPD error is  -2.000000000D+22 m 
 Average OPD is                        NaN m 
 One or more rays become undefined at element   3
 A total of     1155 rays were lost
   Surface miss:       1155
  Input file /tmp/tp7658d783_f920_4a83_a07b_a01c97ef0137.in being loaded.
 Default used for  SegXgrid
 Default used for nECoord(   1)
 Default used for TElt(   1)
 Default used for nECoord(   2)
 Default used for TElt(   2)
 Default used for nECoord(   3)
 Default used for TElt(   3)
 Default used for nECoord(   4)
 Default used for TElt(   4)
 Default used for nECoord(   5)
 Default used for TElt(   5)
 Optical Train Summary:
  Tracing rays past   5 elements.
  Aperture grid type = Circular  with   41 grid points.
  Elt   1: Reflector   : Aspheric with Kc=-3.7191D+01, Kr= 1.4378D+01, nECoords =  -6
  Elt   2: Reference   : Flat     with Kc= 0.0000D+00, Kr=-1.0000D+22, nECoords =  -6
  Elt   3: Reflector   : Aspheric with Kc= 4.3012D+00, Kr=-1.8964D+00, nECoords =  -6
  Elt   4: Reflector   : Aspheric with Kc= 8.2681D-02, Kr=-1.6754D+00, nECoords =  -6
  Elt   5: FocalPlane  : Flat     with Kc= 0.0000D+00, Kr=-1.0000D+22, nECoords =  -6
  Number of output coordinates is   5
  Computed StopPos = -2.327959153581D-02 -9.318850883735D-01  1.473991231455D+00
 OPD: Rays being traced =         1185
 Compute time was    0.0000 sec
 OPD: nPassRays =      50,    DAvgCumL =              NaN m 
 RMS OPD error is               NaN m 
 P-V OPD error is  -2.000000000D+22 m 
 Average OPD is                        NaN m 
 One or more rays become undefined at element   3
 A total of     1135 rays were lost
   Surface miss:       1135
 OPD: Rays being traced =         1185
 Compute time was    0.0000 sec
 OPD: nPassRays =    1184,    DAvgCumL =  23.79150924D-01 m 
 RMS OPD error is   5.304161323D-03 m 
 P-V OPD error is   2.238124827D-02 m 
 Average OPD is     5.4124948685753604D-03 m 
  Input file /tmp/tp7658d783_f920_4a83_a07b_a01c97ef0137.in being loaded.
 Default used for  SegXgrid
 Default used for nECoord(   1)
 Default used for TElt(   1)
 Default used for nECoord(   2)
 Default used for TElt(   2)
 Default used for nECoord(   3)
 Default used for TElt(   3)
 Default used for nECoord(   4)
 Default used for TElt(   4)
 Default used for nECoord(   5)
 Default used for TElt(   5)
 Optical Train Summary:
  Tracing rays past   5 elements.
  Aperture grid type = Circular  with   41 grid points.
  Elt   1: Reflector   : Aspheric with Kc=-3.7191D+01, Kr= 1.4378D+01, nECoords =  -6
  Elt   2: Reference   : Flat     with Kc= 0.0000D+00, Kr=-1.0000D+22, nECoords =  -6
  Elt   3: Reflector   : Aspheric with Kc= 4.3012D+00, Kr=-1.8964D+00, nECoords =  -6
  Elt   4: Reflector   : Aspheric with Kc= 8.2681D-02, Kr=-1.6754D+00, nECoords =  -6
  Elt   5: FocalPlane  : Flat     with Kc= 0.0000D+00, Kr=-1.0000D+22, nECoords =  -6
  Number of output coordinates is   5
  Computed StopPos = -2.328451176129D-02 -9.318849362488D-01  1.473991149781D+00
 OPD: Rays being traced =         1185
 Compute time was    0.0000 sec
 OPD: nPassRays =      50,    DAvgCumL =              NaN m 
 RMS OPD error is               NaN m 
 P-V OPD error is  -2.000000000D+22 m 
 Average OPD is                        NaN m 
 One or more rays become undefined at element   3
 A total of     1135 rays were lost
   Surface miss:       1135
  Input file /tmp/tp7658d783_f920_4a83_a07b_a01c97ef0137.in being loaded.
 Default used for  SegXgrid
 Default used for nECoord(   1)
 Default used for TElt(   1)
 Default used for nECoord(   2)
 Default used for TElt(   2)
 Default used for nECoord(   3)
 Default used for TElt(   3)
 Default used for nECoord(   4)
 Default used for TElt(   4)
 Default used for nECoord(   5)
 Default used for TElt(   5)
 Optical Train Summary:
  Tracing rays past   5 elements.
  Aperture grid type = Circular  with   41 grid points.
  Elt   1: Reflector   : Aspheric with Kc=-3.7191D+01, Kr= 1.4378D+01, nECoords =  -6
  Elt   2: Reference   : Flat     with Kc= 0.0000D+00, Kr=-1.0000D+22, nECoords =  -6
  Elt   3: Reflector   : Aspheric with Kc= 4.3012D+00, Kr=-1.8964D+00, nECoords =  -6
  Elt   4: Reflector   : Aspheric with Kc= 8.2681D-02, Kr=-1.6754D+00, nECoords =  -6
  Elt   5: FocalPlane  : Flat     with Kc= 0.0000D+00, Kr=-1.0000D+22, nECoords =  -6
  Number of output coordinates is   5
  Computed StopPos = -4.125662405264D-02 -1.783376885533D+00  1.375447364915D+00
 OPD: Rays being traced =         1185
 Compute time was    0.0039 sec
 OPD: nPassRays =    1184,    DAvgCumL =              NaN m 
 RMS OPD error is               NaN m 
 P-V OPD error is  -2.000000000D+22 m 
 Average OPD is                        NaN m 
 OPD: Rays being traced =         1185
 Compute time was    0.0000 sec
 OPD: nPassRays =    1184,    DAvgCumL = -11.87753819D-01 m 
 RMS OPD error is   2.830908063D-03 m 
 P-V OPD error is   1.343692271D-02 m 
 Average OPD is    -1.0549327312698235D-03 m 
  Input file /tmp/tp7658d783_f920_4a83_a07b_a01c97ef0137.in being loaded.
 Default used for  SegXgrid
 Default used for nECoord(   1)
 Default used for TElt(   1)
 Default used for nECoord(   2)
 Default used for TElt(   2)
 Default used for nECoord(   3)
 Default used for TElt(   3)
 Default used for nECoord(   4)
 Default used for TElt(   4)
 Default used for nECoord(   5)
 Default used for TElt(   5)
 Optical Train Summary:
  Tracing rays past   5 elements.
  Aperture grid type = Circular  with   41 grid points.
  Elt   1: Reflector   : Aspheric with Kc=-3.7191D+01, Kr= 1.4378D+01, nECoords =  -6
  Elt   2: Reference   : Flat     with Kc= 0.0000D+00, Kr=-1.0000D+22, nECoords =  -6
  Elt   3: Reflector   : Aspheric with Kc= 4.3012D+00, Kr=-1.8964D+00, nECoords =  -6
  Elt   4: Reflector   : Aspheric with Kc= 8.2681D-02, Kr=-1.6754D+00, nECoords =  -6
  Elt   5: FocalPlane  : Flat     with Kc= 0.0000D+00, Kr=-1.0000D+22, nECoords =  -6
  Number of output coordinates is   5
  Computed StopPos = -4.126574681972D-02 -1.783376080074D+00  1.375444249419D+00
 OPD: Rays being traced =         1185
 Compute time was    0.0039 sec
 OPD: nPassRays =    1184,    DAvgCumL =              NaN m 
 RMS OPD error is               NaN m 
 P-V OPD error is  -2.000000000D+22 m 
 Average OPD is                        NaN m 
  Input file /tmp/tp7658d783_f920_4a83_a07b_a01c97ef0137.in being loaded.
 Default used for  SegXgrid
 Default used for nECoord(   1)
 Default used for TElt(   1)
 Default used for nECoord(   2)
 Default used for TElt(   2)
 Default used for nECoord(   3)
 Default used for TElt(   3)
 Default used for nECoord(   4)
 Default used for TElt(   4)
 Default used for nECoord(   5)
 Default used for TElt(   5)
 Optical Train Summary:
  Tracing rays past   5 elements.
  Aperture grid type = Circular  with   41 grid points.
  Elt   1: Reflector   : Aspheric with Kc=-3.7191D+01, Kr= 1.4378D+01, nECoords =  -6
  Elt   2: Reference   : Flat     with Kc= 0.0000D+00, Kr=-1.0000D+22, nECoords =  -6
  Elt   3: Reflector   : Aspheric with Kc= 4.3012D+00, Kr=-1.8964D+00, nECoords =  -6
  Elt   4: Reflector   : Aspheric with Kc= 8.2681D-02, Kr=-1.6754D+00, nECoords =  -6
  Elt   5: FocalPlane  : Flat     with Kc= 0.0000D+00, Kr=-1.0000D+22, nECoords =  -6
  Number of output coordinates is   5
  Computed StopPos =  6.533601846089D+03  6.768820403960D+04  1.246708404581D+05
 OPD: Rays being traced =         1185
 Compute time was    0.0039 sec
 OPD: nPassRays =    1184,    DAvgCumL =              NaN m 
 RMS OPD error is               NaN m 
 P-V OPD error is  -2.000000000D+22 m 
 Average OPD is                        NaN m 
 OPD: Rays being traced =         1185
 Compute time was    0.0000 sec
 OPD: nPassRays =    1184,    DAvgCumL = -12.32273727D-01 m 
 RMS OPD error is   2.627699435D-03 m 
 P-V OPD error is   1.179766098D-02 m 
 Average OPD is    -1.0400381483570379D-03 m 
  Input file /tmp/tp7658d783_f920_4a83_a07b_a01c97ef0137.in being loaded.
 Default used for  SegXgrid
 Default used for nECoord(   1)
 Default used for TElt(   1)
 Default used for nECoord(   2)
 Default used for TElt(   2)
 Default used for nECoord(   3)
 Default used for TElt(   3)
 Default used for nECoord(   4)
 Default used for TElt(   4)
 Default used for nECoord(   5)
 Default used for TElt(   5)
 Optical Train Summary:
  Tracing rays past   5 elements.
  Aperture grid type = Circular  with   41 grid points.
  Elt   1: Reflector   : Aspheric with Kc=-3.7191D+01, Kr= 1.4378D+01, nECoords =  -6
  Elt   2: Reference   : Flat     with Kc= 0.0000D+00, Kr=-1.0000D+22, nECoords =  -6
  Elt   3: Reflector   : Aspheric with Kc= 4.3012D+00, Kr=-1.8964D+00, nECoords =  -6
  Elt   4: Reflector   : Aspheric with Kc= 8.2681D-02, Kr=-1.6754D+00, nECoords =  -6
  Elt   5: FocalPlane  : Flat     with Kc= 0.0000D+00, Kr=-1.0000D+22, nECoords =  -6
  Number of output coordinates is   5
  Computed StopPos =  6.535090169364D+03  6.768892628103D+04  1.246720963223D+05
 OPD: Rays being traced =         1185
 Compute time was    0.0039 sec
 OPD: nPassRays =    1184,    DAvgCumL =              NaN m 
 RMS OPD error is               NaN m 
 P-V OPD error is  -2.000000000D+22 m 
 Average OPD is                        NaN m 
  Input file /tmp/tp7658d783_f920_4a83_a07b_a01c97ef0137.in being loaded.
 Default used for  SegXgrid
 Default used for nECoord(   1)
 Default used for TElt(   1)
 Default used for nECoord(   2)
 Default used for TElt(   2)
 Default used for nECoord(   3)
 Default used for TElt(   3)
 Default used for nECoord(   4)
 Default used for TElt(   4)
 Default used for nECoord(   5)
 Default used for TElt(   5)
 Optical Train Summary:
  Tracing rays past   5 elements.
  Aperture grid type = Circular  with   41 grid points.
  Elt   1: Reflector   : Aspheric with Kc=-3.7191D+01, Kr= 1.4378D+01, nECoords =  -6
  Elt   2: Reference   : Flat     with Kc= 0.0000D+00, Kr=-1.0000D+22, nECoords =  -6
  Elt   3: Reflector   : Aspheric with Kc= 4.3012D+00, Kr=-1.8964D+00, nECoords =  -6
  Elt   4: Reflector   : Aspheric with Kc= 8.2681D-02, Kr=-1.6754D+00, nECoords =  -6
  Elt   5: FocalPlane  : Flat     with Kc= 0.0000D+00, Kr=-1.0000D+22, nECoords =  -6
  Number of output coordinates is   5
  Computed StopPos = -5.432385952593D+01 -5.997129669149D+02 -1.034261557553D+03
 OPD: Rays being traced =         1185
 Compute time was    0.0039 sec
 OPD: nPassRays =    1184,    DAvgCumL =              NaN m 
 RMS OPD error is               NaN m 
 P-V OPD error is  -2.000000000D+22 m 
 Average OPD is                        NaN m 
 OPD: Rays being traced =         1185
 Compute time was    0.0039 sec
 OPD: nPassRays =    1184,    DAvgCumL = -12.79473323D-01 m 
 RMS OPD error is   2.701829369D-03 m 
 P-V OPD error is   1.293170000D-02 m 
 Average OPD is    -1.1115240915926794D-03 m 
  Input file /tmp/tp7658d783_f920_4a83_a07b_a01c97ef0137.in being loaded.
 Default used for  SegXgrid
 Default used for nECoord(   1)
 Default used for TElt(   1)
 Default used for nECoord(   2)
 Default used for TElt(   2)
 Default used for nECoord(   3)
 Default used for TElt(   3)
 Default used for nECoord(   4)
 Default used for TElt(   4)
 Default used for nECoord(   5)
 Default used for TElt(   5)
 Optical Train Summary:
  Tracing rays past   5 elements.
  Aperture grid type = Circular  with   41 grid points.
  Elt   1: Reflector   : Aspheric with Kc=-3.7191D+01, Kr= 1.4378D+01, nECoords =  -6
  Elt   2: Reference   : Flat     with Kc= 0.0000D+00, Kr=-1.0000D+22, nECoords =  -6
  Elt   3: Reflector   : Aspheric with Kc= 4.3012D+00, Kr=-1.8964D+00, nECoords =  -6
  Elt   4: Reflector   : Aspheric with Kc= 8.2681D-02, Kr=-1.6754D+00, nECoords =  -6
  Elt   5: FocalPlane  : Flat     with Kc= 0.0000D+00, Kr=-1.0000D+22, nECoords =  -6
  Number of output coordinates is   5
  Computed StopPos = -5.447224221567D+01 -6.012154291677D+02 -1.036863282937D+03
 OPD: Rays being traced =         1185
 Compute time was    0.0078 sec
 OPD: nPassRays =    1184,    DAvgCumL =              NaN m 
 RMS OPD error is               NaN m 
 P-V OPD error is  -2.000000000D+22 m 
 Average OPD is                        NaN m 
  Input file /tmp/tp7658d783_f920_4a83_a07b_a01c97ef0137.in being loaded.
 Default used for  SegXgrid
 Default used for nECoord(   1)
 Default used for TElt(   1)
 Default used for nECoord(   2)
 Default used for TElt(   2)
 Default used for nECoord(   3)
 Default used for TElt(   3)
 Default used for nECoord(   4)
 Default used for TElt(   4)
 Default used for nECoord(   5)
 Default used for TElt(   5)
 Optical Train Summary:
  Tracing rays past   5 elements.
  Aperture grid type = Circular  with   41 grid points.
  Elt   1: Reflector   : Aspheric with Kc=-3.7191D+01, Kr= 1.4378D+01, nECoords =  -6
  Elt   2: Reference   : Flat     with Kc= 0.0000D+00, Kr=-1.0000D+22, nECoords =  -6
  Elt   3: Reflector   : Aspheric with Kc= 4.3012D+00, Kr=-1.8964D+00, nECoords =  -6
  Elt   4: Reflector   : Aspheric with Kc= 8.2681D-02, Kr=-1.6754D+00, nECoords =  -6
  Elt   5: FocalPlane  : Flat     with Kc= 0.0000D+00, Kr=-1.0000D+22, nECoords =  -6
  Number of output coordinates is   5
  Computed StopPos = -3.367552910853D-02 -8.909164708133D-01  1.584901335599D+00
 OPD: Rays being traced =         1185
 Compute time was    0.0000 sec
  All rays are obscured or lost.
 **Warning: Computing pupil diffraction grid spacing failed!
            Diffraction result is incorrect.
 RMS OPD error is   9.999900000D+36 m 
 P-V OPD error is   0.000000000D+00 m 
 Average OPD is     9.9999000000000000D+36 m 
 One or more rays become undefined at element   3
 A total of     1185 rays were lost
   Surface miss:       1185
 OPD: Rays being traced =         1185
 Compute time was    0.0000 sec
 OPD: nPassRays =    1184,    DAvgCumL =  21.64537085D-01 m 
 RMS OPD error is   6.563545022D-03 m 
 P-V OPD error is   2.965496541D-02 m 
 Average OPD is     3.2990032589674135D-03 m 
  Input file /tmp/tp7658d783_f920_4a83_a07b_a01c97ef0137.in being loaded.
 Default used for  SegXgrid
 Default used for nECoord(   1)
 Default used for TElt(   1)
 Default used for nECoord(   2)
 Default used for TElt(   2)
 Default used for nECoord(   3)
 Default used for TElt(   3)
 Default used for nECoord(   4)
 Default used for TElt(   4)
 Default used for nECoord(   5)
 Default used for TElt(   5)
 Optical Train Summary:
  Tracing rays past   5 elements.
  Aperture grid type = Circular  with   41 grid points.
  Elt   1: Reflector   : Aspheric with Kc=-3.7191D+01, Kr= 1.4378D+01, nECoords =  -6
  Elt   2: Reference   : Flat     with Kc= 0.0000D+00, Kr=-1.0000D+22, nECoords =  -6
  Elt   3: Reflector   : Aspheric with Kc= 4.3012D+00, Kr=-1.8964D+00, nECoords =  -6
  Elt   4: Reflector   : Aspheric with Kc= 8.2681D-02, Kr=-1.6754D+00, nECoords =  -6
  Elt   5: FocalPlane  : Flat     with Kc= 0.0000D+00, Kr=-1.0000D+22, nECoords =  -6
  Number of output coordinates is   5
  Computed StopPos = -3.412738587079D-02 -8.962339930448D-01  1.566099453651D+00
 OPD: Rays being traced =         1185
 Compute time was    0.0000 sec
  All rays are obscured or lost.
 **Warning: Computing pupil diffraction grid spacing failed!
            Diffraction result is incorrect.
 RMS OPD error is   9.999900000D+36 m 
 P-V OPD error is   0.000000000D+00 m 
 Average OPD is     9.9999000000000000D+36 m 
 One or more rays become undefined at element   3
 A total of     1185 rays were lost
   Surface miss:       1185
 OPD: Rays being traced =         1185
 Compute time was    0.0000 sec
 OPD: nPassRays =    1184,    DAvgCumL =  21.89020891D-01 m 
 RMS OPD error is   6.114396018D-03 m 
 P-V OPD error is   2.848459940D-02 m 
 Average OPD is     3.5510083431853543D-03 m 
  Input file /tmp/tp7658d783_f920_4a83_a07b_a01c97ef0137.in being loaded.
 Default used for  SegXgrid
 Default used for nECoord(   1)
 Default used for TElt(   1)
 Default used for nECoord(   2)
 Default used for TElt(   2)
 Default used for nECoord(   3)
 Default used for TElt(   3)
 Default used for nECoord(   4)
 Default used for TElt(   4)
 Default used for nECoord(   5)
 Default used for TElt(   5)
 Optical Train Summary:
  Tracing rays past   5 elements.
  Aperture grid type = Circular  with   41 grid points.
  Elt   1: Reflector   : Aspheric with Kc=-3.7191D+01, Kr= 1.4378D+01, nECoords =  -6
  Elt   2: Reference   : Flat     with Kc= 0.0000D+00, Kr=-1.0000D+22, nECoords =  -6
  Elt   3: Reflector   : Aspheric with Kc= 4.3012D+00, Kr=-1.8964D+00, nECoords =  -6
  Elt   4: Reflector   : Aspheric with Kc= 8.2681D-02, Kr=-1.6754D+00, nECoords =  -6
  Elt   5: FocalPlane  : Flat     with Kc= 0.0000D+00, Kr=-1.0000D+22, nECoords =  -6
  Number of output coordinates is   5
  Computed StopPos = -3.447576153516D-02 -9.017504515957D-01  1.548386512409D+00
 OPD: Rays being traced =         1185
 Compute time was    0.0000 sec
  All rays are obscured or lost.
 **Warning: Computing pupil diffraction grid spacing failed!
            Diffraction result is incorrect.
 RMS OPD error is   9.999900000D+36 m 
 P-V OPD error is   0.000000000D+00 m 
 Average OPD is     9.9999000000000000D+36 m 
 One or more rays become undefined at element   3
 A total of     1185 rays were lost
   Surface miss:       1185
 OPD: Rays being traced =         1185
 Compute time was    0.0000 sec
 OPD: nPassRays =    1184,    DAvgCumL =  22.15590669D-01 m 
 RMS OPD error is   5.723220249D-03 m 
 P-V OPD error is   2.752062059D-02 m 
 Average OPD is     3.8191312434520982D-03 m 
  Input file /tmp/tp7658d783_f920_4a83_a07b_a01c97ef0137.in being loaded.
 Default used for  SegXgrid
 Default used for nECoord(   1)
 Default used for TElt(   1)
 Default used for nECoord(   2)
 Default used for TElt(   2)
 Default used for nECoord(   3)
 Default used for TElt(   3)
 Default used for nECoord(   4)
 Default used for TElt(   4)
 Default used for nECoord(   5)
 Default used for TElt(   5)
 Optical Train Summary:
  Tracing rays past   5 elements.
  Aperture grid type = Circular  with   41 grid points.
  Elt   1: Reflector   : Aspheric with Kc=-3.7191D+01, Kr= 1.4378D+01, nECoords =  -6
  Elt   2: Reference   : Flat     with Kc= 0.0000D+00, Kr=-1.0000D+22, nECoords =  -6
  Elt   3: Reflector   : Aspheric with Kc= 4.3012D+00, Kr=-1.8964D+00, nECoords =  -6
  Elt   4: Reflector   : Aspheric with Kc= 8.2681D-02, Kr=-1.6754D+00, nECoords =  -6
  Elt   5: FocalPlane  : Flat     with Kc= 0.0000D+00, Kr=-1.0000D+22, nECoords =  -6
  Number of output coordinates is   5
  Computed StopPos = -3.472752829725D-02 -9.074319355493D-01  1.531702328667D+00
 OPD: Rays being traced =         1185
 Compute time was    0.0000 sec
  All rays are obscured or lost.
 **Warning: Computing pupil diffraction grid spacing failed!
            Diffraction result is incorrect.
 RMS OPD error is   9.999900000D+36 m 
 P-V OPD error is   0.000000000D+00 m 
 Average OPD is     9.9999000000000000D+36 m 
 One or more rays become undefined at element   3
 A total of     1185 rays were lost
   Surface miss:       1185
 OPD: Rays being traced =         1185
 Compute time was    0.0000 sec
 OPD: nPassRays =    1184,    DAvgCumL =  22.44316462D-01 m 
 RMS OPD error is   5.418959136D-03 m 
 P-V OPD error is   2.661980387D-02 m 
 Average OPD is     4.1040373117437043D-03 m 
  Input file /tmp/tp7658d783_f920_4a83_a07b_a01c97ef0137.in being loaded.
 Default used for  SegXgrid
 Default used for nECoord(   1)
 Default used for TElt(   1)
 Default used for nECoord(   2)
 Default used for TElt(   2)
 Default used for nECoord(   3)
 Default used for TElt(   3)
 Default used for nECoord(   4)
 Default used for TElt(   4)
 Default used for nECoord(   5)
 Default used for TElt(   5)
 Optical Train Summary:
  Tracing rays past   5 elements.
  Aperture grid type = Circular  with   41 grid points.
  Elt   1: Reflector   : Aspheric with Kc=-3.7191D+01, Kr= 1.4378D+01, nECoords =  -6
  Elt   2: Reference   : Flat     with Kc= 0.0000D+00, Kr=-1.0000D+22, nECoords =  -6
  Elt   3: Reflector   : Aspheric with Kc= 4.3012D+00, Kr=-1.8964D+00, nECoords =  -6
  Elt   4: Reflector   : Aspheric with Kc= 8.2681D-02, Kr=-1.6754D+00, nECoords =  -6
  Elt   5: FocalPlane  : Flat     with Kc= 0.0000D+00, Kr=-1.0000D+22, nECoords =  -6
  Number of output coordinates is   5
  Computed StopPos = -3.488927637991D-02 -9.132487957739D-01  1.515987600521D+00
 OPD: Rays being traced =         1185
 Compute time was    0.0000 sec
  All rays are obscured or lost.
 **Warning: Computing pupil diffraction grid spacing failed!
            Diffraction result is incorrect.
 RMS OPD error is   9.999900000D+36 m 
 P-V OPD error is   0.000000000D+00 m 
 Average OPD is     9.9999000000000000D+36 m 
 One or more rays become undefined at element   3
 A total of     1185 rays were lost
   Surface miss:       1185
 OPD: Rays being traced =         1185
 Compute time was    0.0000 sec
 OPD: nPassRays =    1184,    DAvgCumL =  22.75275276D-01 m 
 RMS OPD error is   5.235131885D-03 m 
 P-V OPD error is   2.587643607D-02 m 
 Average OPD is     4.4063690769558994D-03 m 
  Input file /tmp/tp7658d783_f920_4a83_a07b_a01c97ef0137.in being loaded.
 Default used for  SegXgrid
 Default used for nECoord(   1)
 Default used for TElt(   1)
 Default used for nECoord(   2)
 Default used for TElt(   2)
 Default used for nECoord(   3)
 Default used for TElt(   3)
 Default used for nECoord(   4)
 Default used for TElt(   4)
 Default used for nECoord(   5)
 Default used for TElt(   5)
 Optical Train Summary:
  Tracing rays past   5 elements.
  Aperture grid type = Circular  with   41 grid points.
  Elt   1: Reflector   : Aspheric with Kc=-3.7191D+01, Kr= 1.4378D+01, nECoords =  -6
  Elt   2: Reference   : Flat     with Kc= 0.0000D+00, Kr=-1.0000D+22, nECoords =  -6
  Elt   3: Reflector   : Aspheric with Kc= 4.3012D+00, Kr=-1.8964D+00, nECoords =  -6
  Elt   4: Reflector   : Aspheric with Kc= 8.2681D-02, Kr=-1.6754D+00, nECoords =  -6
  Elt   5: FocalPlane  : Flat     with Kc= 0.0000D+00, Kr=-1.0000D+22, nECoords =  -6
  Number of output coordinates is   5
  Computed StopPos = -3.496754304374D-02 -9.191766932511D-01  1.501181178654D+00
 OPD: Rays being traced =         1185
 Compute time was    0.0000 sec
 OPD: nPassRays =      12,    DAvgCumL =              NaN m 
 RMS OPD error is               NaN m 
 P-V OPD error is  -2.000000000D+22 m 
 Average OPD is                        NaN m 
 One or more rays become undefined at element   3
 A total of     1173 rays were lost
   Surface miss:       1173
 OPD: Rays being traced =         1185
 Compute time was    0.0000 sec
 OPD: nPassRays =    1184,    DAvgCumL =  23.08551834D-01 m 
 RMS OPD error is   5.204316977D-03 m 
 P-V OPD error is   2.525095987D-02 m 
 Average OPD is     4.7267469053745717D-03 m 
  Input file /tmp/tp7658d783_f920_4a83_a07b_a01c97ef0137.in being loaded.
 Default used for  SegXgrid
 Default used for nECoord(   1)
 Default used for TElt(   1)
 Default used for nECoord(   2)
 Default used for TElt(   2)
 Default used for nECoord(   3)
 Default used for TElt(   3)
 Default used for nECoord(   4)
 Default used for TElt(   4)
 Default used for nECoord(   5)
 Default used for TElt(   5)
 Optical Train Summary:
  Tracing rays past   5 elements.
  Aperture grid type = Circular  with   41 grid points.
  Elt   1: Reflector   : Aspheric with Kc=-3.7191D+01, Kr= 1.4378D+01, nECoords =  -6
  Elt   2: Reference   : Flat     with Kc= 0.0000D+00, Kr=-1.0000D+22, nECoords =  -6
  Elt   3: Reflector   : Aspheric with Kc= 4.3012D+00, Kr=-1.8964D+00, nECoords =  -6
  Elt   4: Reflector   : Aspheric with Kc= 8.2681D-02, Kr=-1.6754D+00, nECoords =  -6
  Elt   5: FocalPlane  : Flat     with Kc= 0.0000D+00, Kr=-1.0000D+22, nECoords =  -6
  Number of output coordinates is   5
  Computed StopPos = -3.497234928934D-02 -9.191764519321D-01  1.501181046841D+00
 OPD: Rays being traced =         1185
 Compute time was    0.0000 sec
 OPD: nPassRays =      12,    DAvgCumL =              NaN m 
 RMS OPD error is               NaN m 
 P-V OPD error is  -2.000000000D+22 m 
 Average OPD is                        NaN m 
 One or more rays become undefined at element   3
 A total of     1173 rays were lost
   Surface miss:       1173
  Input file /tmp/tp7658d783_f920_4a83_a07b_a01c97ef0137.in being loaded.
 Default used for  SegXgrid
 Default used for nECoord(   1)
 Default used for TElt(   1)
 Default used for nECoord(   2)
 Default used for TElt(   2)
 Default used for nECoord(   3)
 Default used for TElt(   3)
 Default used for nECoord(   4)
 Default used for TElt(   4)
 Default used for nECoord(   5)
 Default used for TElt(   5)
 Optical Train Summary:
  Tracing rays past   5 elements.
  Aperture grid type = Circular  with   41 grid points.
  Elt   1: Reflector   : Aspheric with Kc=-3.7191D+01, Kr= 1.4378D+01, nECoords =  -6
  Elt   2: Reference   : Flat     with Kc= 0.0000D+00, Kr=-1.0000D+22, nECoords =  -6
  Elt   3: Reflector   : Aspheric with Kc= 4.3012D+00, Kr=-1.8964D+00, nECoords =  -6
  Elt   4: Reflector   : Aspheric with Kc= 8.2681D-02, Kr=-1.6754D+00, nECoords =  -6
  Elt   5: FocalPlane  : Flat     with Kc= 0.0000D+00, Kr=-1.0000D+22, nECoords =  -6
  Number of output coordinates is   5
  Computed StopPos = -3.496810257342D-02 -9.251928892753D-01  1.487229274906D+00
 OPD: Rays being traced =         1185
 Compute time was    0.0000 sec
 OPD: nPassRays =      30,    DAvgCumL =              NaN m 
 RMS OPD error is               NaN m 
 P-V OPD error is  -2.000000000D+22 m 
 Average OPD is                        NaN m 
 One or more rays become undefined at element   3
 A total of     1155 rays were lost
   Surface miss:       1155
 OPD: Rays being traced =         1185
 Compute time was    0.0000 sec
 OPD: nPassRays =    1184,    DAvgCumL =  23.44239441D-01 m 
 RMS OPD error is   5.349687840D-03 m 
 P-V OPD error is   2.473334819D-02 m 
 Average OPD is     5.0657701627030097D-03 m 
  Input file /tmp/tp7658d783_f920_4a83_a07b_a01c97ef0137.in being loaded.
 Default used for  SegXgrid
 Default used for nECoord(   1)
 Default used for TElt(   1)
 Default used for nECoord(   2)
 Default used for TElt(   2)
 Default used for nECoord(   3)
 Default used for TElt(   3)
 Default used for nECoord(   4)
 Default used for TElt(   4)
 Default used for nECoord(   5)
 Default used for TElt(   5)
 Optical Train Summary:
  Tracing rays past   5 elements.
  Aperture grid type = Circular  with   41 grid points.
  Elt   1: Reflector   : Aspheric with Kc=-3.7191D+01, Kr= 1.4378D+01, nECoords =  -6
  Elt   2: Reference   : Flat     with Kc= 0.0000D+00, Kr=-1.0000D+22, nECoords =  -6
  Elt   3: Reflector   : Aspheric with Kc= 4.3012D+00, Kr=-1.8964D+00, nECoords =  -6
  Elt   4: Reflector   : Aspheric with Kc= 8.2681D-02, Kr=-1.6754D+00, nECoords =  -6
  Elt   5: FocalPlane  : Flat     with Kc= 0.0000D+00, Kr=-1.0000D+22, nECoords =  -6
  Number of output coordinates is   5
  Computed StopPos = -3.497296327644D-02 -9.251926539772D-01  1.487229148693D+00
 OPD: Rays being traced =         1185
 Compute time was    0.0000 sec
 OPD: nPassRays =      30,    DAvgCumL =              NaN m 
 RMS OPD error is               NaN m 
 P-V OPD error is  -2.000000000D+22 m 
 Average OPD is                        NaN m 
 One or more rays become undefined at element   3
 A total of     1155 rays were lost
   Surface miss:       1155
  Input file /tmp/tp7658d783_f920_4a83_a07b_a01c97ef0137.in being loaded.
 Default used for  SegXgrid
 Default used for nECoord(   1)
 Default used for TElt(   1)
 Default used for nECoord(   2)
 Default used for TElt(   2)
 Default used for nECoord(   3)
 Default used for TElt(   3)
 Default used for nECoord(   4)
 Default used for TElt(   4)
 Default used for nECoord(   5)
 Default used for TElt(   5)
 Optical Train Summary:
  Tracing rays past   5 elements.
  Aperture grid type = Circular  with   41 grid points.
  Elt   1: Reflector   : Aspheric with Kc=-3.7191D+01, Kr= 1.4378D+01, nECoords =  -6
  Elt   2: Reference   : Flat     with Kc= 0.0000D+00, Kr=-1.0000D+22, nECoords =  -6
  Elt   3: Reflector   : Aspheric with Kc= 4.3012D+00, Kr=-1.8964D+00, nECoords =  -6
  Elt   4: Reflector   : Aspheric with Kc= 8.2681D-02, Kr=-1.6754D+00, nECoords =  -6
  Elt   5: FocalPlane  : Flat     with Kc= 0.0000D+00, Kr=-1.0000D+22, nECoords =  -6
  Number of output coordinates is   5
  Computed StopPos = -3.489677582720D-02 -9.312800635961D-01  1.474075362237D+00
 OPD: Rays being traced =         1185
 Compute time was    0.0039 sec
 OPD: nPassRays =      50,    DAvgCumL =              NaN m 
 RMS OPD error is               NaN m 
 P-V OPD error is  -2.000000000D+22 m 
 Average OPD is                        NaN m 
 One or more rays become undefined at element   3
 A total of     1135 rays were lost
   Surface miss:       1135
 OPD: Rays being traced =         1185
 Compute time was    0.0000 sec
 OPD: nPassRays =    1184,    DAvgCumL =  23.82440974D-01 m 
 RMS OPD error is   5.678243888D-03 m 
 P-V OPD error is   2.431006080D-02 m 
 Average OPD is     5.4240187941453216D-03 m 
  Input file /tmp/tp7658d783_f920_4a83_a07b_a01c97ef0137.in being loaded.
 Default used for  SegXgrid
 Default used for nECoord(   1)
 Default used for TElt(   1)
 Default used for nECoord(   2)
 Default used for TElt(   2)
 Default used for nECoord(   3)
 Default used for TElt(   3)
 Default used for nECoord(   4)
 Default used for TElt(   4)
 Default used for nECoord(   5)
 Default used for TElt(   5)
 Optical Train Summary:
  Tracing rays past   5 elements.
  Aperture grid type = Circular  with   41 grid points.
  Elt   1: Reflector   : Aspheric with Kc=-3.7191D+01, Kr= 1.4378D+01, nECoords =  -6
  Elt   2: Reference   : Flat     with Kc= 0.0000D+00, Kr=-1.0000D+22, nECoords =  -6
  Elt   3: Reflector   : Aspheric with Kc= 4.3012D+00, Kr=-1.8964D+00, nECoords =  -6
  Elt   4: Reflector   : Aspheric with Kc= 8.2681D-02, Kr=-1.6754D+00, nECoords =  -6
  Elt   5: FocalPlane  : Flat     with Kc= 0.0000D+00, Kr=-1.0000D+22, nECoords =  -6
  Number of output coordinates is   5
  Computed StopPos = -3.490168567689D-02 -9.312798352987D-01  1.474075239778D+00
 OPD: Rays being traced =         1185
 Compute time was    0.0000 sec
 OPD: nPassRays =      50,    DAvgCumL =              NaN m 
 RMS OPD error is               NaN m 
 P-V OPD error is  -2.000000000D+22 m 
 Average OPD is                        NaN m 
 One or more rays become undefined at element   3
 A total of     1135 rays were lost
   Surface miss:       1135
  Input file /tmp/tp7658d783_f920_4a83_a07b_a01c97ef0137.in being loaded.
 Default used for  SegXgrid
 Default used for nECoord(   1)
 Default used for TElt(   1)
 Default used for nECoord(   2)
 Default used for TElt(   2)
 Default used for nECoord(   3)
 Default used for TElt(   3)
 Default used for nECoord(   4)
 Default used for TElt(   4)
 Default used for nECoord(   5)
 Default used for TElt(   5)
 Optical Train Summary:
  Tracing rays past   5 elements.
  Aperture grid type = Circular  with   41 grid points.
  Elt   1: Reflector   : Aspheric with Kc=-3.7191D+01, Kr= 1.4378D+01, nECoords =  -6
  Elt   2: Reference   : Flat     with Kc= 0.0000D+00, Kr=-1.0000D+22, nECoords =  -6
  Elt   3: Reflector   : Aspheric with Kc= 4.3012D+00, Kr=-1.8964D+00, nECoords =  -6
  Elt   4: Reflector   : Aspheric with Kc= 8.2681D-02, Kr=-1.6754D+00, nECoords =  -6
  Elt   5: FocalPlane  : Flat     with Kc= 0.0000D+00, Kr=-1.0000D+22, nECoords =  -6
  Number of output coordinates is   5
  Computed StopPos =  1.098101228624D+00 -2.924584071450D+00 -1.982161374798D+00
 OPD: Rays being traced =         1185
 Compute time was    0.0000 sec
  All rays are obscured or lost.
 **Warning: Computing pupil diffraction grid spacing failed!
            Diffraction result is incorrect.
 RMS OPD error is   9.999900000D+36 m 
 P-V OPD error is   0.000000000D+00 m 
 Average OPD is     9.9999000000000000D+36 m 
 One or more rays become undefined at element   3
 A total of     1185 rays were lost
   Surface miss:       1185
 OPD: Rays being traced =         1185
 Compute time was    0.0000 sec
 OPD: nPassRays =    1184,    DAvgCumL = -57.82136917D-02 m 
 RMS OPD error is   2.615183228D-02 m 
 P-V OPD error is   1.043983381D-01 m 
 Average OPD is    -8.0832821436462986D-04 m 
  Input file /tmp/tp7658d783_f920_4a83_a07b_a01c97ef0137.in being loaded.
 Default used for  SegXgrid
 Default used for nECoord(   1)
 Default used for TElt(   1)
 Default used for nECoord(   2)
 Default used for TElt(   2)
 Default used for nECoord(   3)
 Default used for TElt(   3)
 Default used for nECoord(   4)
 Default used for TElt(   4)
 Default used for nECoord(   5)
 Default used for TElt(   5)
 Optical Train Summary:
  Tracing rays past   5 elements.
  Aperture grid type = Circular  with   41 grid points.
  Elt   1: Reflector   : Aspheric with Kc=-3.7191D+01, Kr= 1.4378D+01, nECoords =  -6
  Elt   2: Reference   : Flat     with Kc= 0.0000D+00, Kr=-1.0000D+22, nECoords =  -6
  Elt   3: Reflector   : Aspheric with Kc= 4.3012D+00, Kr=-1.8964D+00, nECoords =  -6
  Elt   4: Reflector   : Aspheric with Kc= 8.2681D-02, Kr=-1.6754D+00, nECoords =  -6
  Elt   5: FocalPlane  : Flat     with Kc= 0.0000D+00, Kr=-1.0000D+22, nECoords =  -6
  Number of output coordinates is   5
  Computed StopPos =  1.111326208517D+00 -3.019077796925D+00 -2.159700934401D+00
 OPD: Rays being traced =         1185
 Compute time was    0.0039 sec
  All rays are obscured or lost.
 **Warning: Computing pupil diffraction grid spacing failed!
            Diffraction result is incorrect.
 RMS OPD error is   9.999900000D+36 m 
 P-V OPD error is   0.000000000D+00 m 
 Average OPD is     9.9999000000000000D+36 m 
 One or more rays become undefined at element   3
 A total of     1185 rays were lost
   Surface miss:       1185
 OPD: Rays being traced =         1185
 Compute time was    0.0000 sec
 OPD: nPassRays =    1184,    DAvgCumL = -54.08002516D-02 m 
 RMS OPD error is   3.059536979D-02 m 
 P-V OPD error is   1.220498514D-01 m 
 Average OPD is    -1.1817617435944928D-03 m 
  Input file /tmp/tp7658d783_f920_4a83_a07b_a01c97ef0137.in being loaded.
 Default used for  SegXgrid
 Default used for nECoord(   1)
 Default used for TElt(   1)
 Default used for nECoord(   2)
 Default used for TElt(   2)
 Default used for nECoord(   3)
 Default used for TElt(   3)
 Default used for nECoord(   4)
 Default used for TElt(   4)
 Default used for nECoord(   5)
 Default used for TElt(   5)
 Optical Train Summary:
  Tracing rays past   5 elements.
  Aperture grid type = Circular  with   41 grid points.
  Elt   1: Reflector   : Aspheric with Kc=-3.7191D+01, Kr= 1.4378D+01, nECoords =  -6
  Elt   2: Reference   : Flat     with Kc= 0.0000D+00, Kr=-1.0000D+22, nECoords =  -6
  Elt   3: Reflector   : Aspheric with Kc= 4.3012D+00, Kr=-1.8964D+00, nECoords =  -6
  Elt   4: Reflector   : Aspheric with Kc= 8.2681D-02, Kr=-1.6754D+00, nECoords =  -6
  Elt   5: FocalPlane  : Flat     with Kc= 0.0000D+00, Kr=-1.0000D+22, nECoords =  -6
  Number of output coordinates is   5
  Computed StopPos =  1.117114898477D+00 -3.163821943000D+00 -2.415991039654D+00
 OPD: Rays being traced =         1185
 Compute time was    0.0000 sec
  All rays are obscured or lost.
 **Warning: Computing pupil diffraction grid spacing failed!
            Diffraction result is incorrect.
 RMS OPD error is   9.999900000D+36 m 
 P-V OPD error is   0.000000000D+00 m 
 Average OPD is     9.9999000000000000D+36 m 
 One or more rays become undefined at element   3
 A total of     1185 rays were lost
   Surface miss:       1185
 OPD: Rays being traced =         1185
 Compute time was    0.0039 sec
 OPD: nPassRays =    1184,    DAvgCumL = -49.80192798D-02 m 
 RMS OPD error is   3.693163477D-02 m 
 P-V OPD error is   1.466925700D-01 m 
 Average OPD is    -1.8011445778738330D-03 m 
  Input file /tmp/tp7658d783_f920_4a83_a07b_a01c97ef0137.in being loaded.
 Default used for  SegXgrid
 Default used for nECoord(   1)
 Default used for TElt(   1)
 Default used for nECoord(   2)
 Default used for TElt(   2)
 Default used for nECoord(   3)
 Default used for TElt(   3)
 Default used for nECoord(   4)
 Default used for TElt(   4)
 Default used for nECoord(   5)
 Default used for TElt(   5)
 Optical Train Summary:
  Tracing rays past   5 elements.
  Aperture grid type = Circular  with   41 grid points.
  Elt   1: Reflector   : Aspheric with Kc=-3.7191D+01, Kr= 1.4378D+01, nECoords =  -6
  Elt   2: Reference   : Flat     with Kc= 0.0000D+00, Kr=-1.0000D+22, nECoords =  -6
  Elt   3: Reflector   : Aspheric with Kc= 4.3012D+00, Kr=-1.8964D+00, nECoords =  -6
  Elt   4: Reflector   : Aspheric with Kc= 8.2681D-02, Kr=-1.6754D+00, nECoords =  -6
  Elt   5: FocalPlane  : Flat     with Kc= 0.0000D+00, Kr=-1.0000D+22, nECoords =  -6
  Number of output coordinates is   5
  Computed StopPos = -4.484864812346D-02 -8.900334557359D-01  1.584780593693D+00
 OPD: Rays being traced =         1185
 Compute time was    0.0000 sec
  All rays are obscured or lost.
 **Warning: Computing pupil diffraction grid spacing failed!
            Diffraction result is incorrect.
 RMS OPD error is   9.999900000D+36 m 
 P-V OPD error is   0.000000000D+00 m 
 Average OPD is     9.9999000000000000D+36 m 
 One or more rays become undefined at element   3
 A total of     1185 rays were lost
   Surface miss:       1185
 OPD: Rays being traced =         1185
 Compute time was    0.0000 sec
 OPD: nPassRays =    1184,    DAvgCumL =  21.69517266D-01 m 
 RMS OPD error is   6.934697278D-03 m 
 P-V OPD error is   3.162383411D-02 m 
 Average OPD is     3.3110656011576412D-03 m 
  Input file /tmp/tp7658d783_f920_4a83_a07b_a01c97ef0137.in being loaded.
 Default used for  SegXgrid
 Default used for nECoord(   1)
 Default used for TElt(   1)
 Default used for nECoord(   2)
 Default used for TElt(   2)
 Default used for nECoord(   3)
 Default used for TElt(   3)
 Default used for nECoord(   4)
 Default used for TElt(   4)
 Default used for nECoord(   5)
 Default used for TElt(   5)
 Optical Train Summary:
  Tracing rays past   5 elements.
  Aperture grid type = Circular  with   41 grid points.
  Elt   1: Reflector   : Aspheric with Kc=-3.7191D+01, Kr= 1.4378D+01, nECoords =  -6
  Elt   2: Reference   : Flat     with Kc= 0.0000D+00, Kr=-1.0000D+22, nECoords =  -6
  Elt   3: Reflector   : Aspheric with Kc= 4.3012D+00, Kr=-1.8964D+00, nECoords =  -6
  Elt   4: Reflector   : Aspheric with Kc= 8.2681D-02, Kr=-1.6754D+00, nECoords =  -6
  Elt   5: FocalPlane  : Flat     with Kc= 0.0000D+00, Kr=-1.0000D+22, nECoords =  -6
  Number of output coordinates is   5
  Computed StopPos = -4.544883551968D-02 -8.953453561633D-01  1.566045966991D+00
 OPD: Rays being traced =         1185
 Compute time was    0.0000 sec
  All rays are obscured or lost.
 **Warning: Computing pupil diffraction grid spacing failed!
            Diffraction result is incorrect.
 RMS OPD error is   9.999900000D+36 m 
 P-V OPD error is   0.000000000D+00 m 
 Average OPD is     9.9999000000000000D+36 m 
 One or more rays become undefined at element   3
 A total of     1185 rays were lost
   Surface miss:       1185
 OPD: Rays being traced =         1185
 Compute time was    0.0000 sec
 OPD: nPassRays =    1184,    DAvgCumL =  21.93964191D-01 m 
 RMS OPD error is   6.516303413D-03 m 
 P-V OPD error is   3.052745941D-02 m 
 Average OPD is     3.5637048399922320D-03 m 
  Input file /tmp/tp7658d783_f920_4a83_a07b_a01c97ef0137.in being loaded.
 Default used for  SegXgrid
 Default used for nECoord(   1)
 Default used for TElt(   1)
 Default used for nECoord(   2)
 Default used for TElt(   2)
 Default used for nECoord(   3)
 Default used for TElt(   3)
 Default used for nECoord(   4)
 Default used for TElt(   4)
 Default used for nECoord(   5)
 Default used for TElt(   5)
 Optical Train Summary:
  Tracing rays past   5 elements.
  Aperture grid type = Circular  with   41 grid points.
  Elt   1: Reflector   : Aspheric with Kc=-3.7191D+01, Kr= 1.4378D+01, nECoords =  -6
  Elt   2: Reference   : Flat     with Kc= 0.0000D+00, Kr=-1.0000D+22, nECoords =  -6
  Elt   3: Reflector   : Aspheric with Kc= 4.3012D+00, Kr=-1.8964D+00, nECoords =  -6
  Elt   4: Reflector   : Aspheric with Kc= 8.2681D-02, Kr=-1.6754D+00, nECoords =  -6
  Elt   5: FocalPlane  : Flat     with Kc= 0.0000D+00, Kr=-1.0000D+22, nECoords =  -6
  Number of output coordinates is   5
  Computed StopPos = -4.591261330189D-02 -9.008596662980D-01  1.548386601857D+00
 OPD: Rays being traced =         1185
 Compute time was    0.0000 sec
  All rays are obscured or lost.
 **Warning: Computing pupil diffraction grid spacing failed!
            Diffraction result is incorrect.
 RMS OPD error is   9.999900000D+36 m 
 P-V OPD error is   0.000000000D+00 m 
 Average OPD is     9.9999000000000000D+36 m 
 One or more rays become undefined at element   3
 A total of     1185 rays were lost
   Surface miss:       1185
 OPD: Rays being traced =         1185
 Compute time was    0.0000 sec
 OPD: nPassRays =    1184,    DAvgCumL =  22.20492337D-01 m 
 RMS OPD error is   6.157853253D-03 m 
 P-V OPD error is   2.955228609D-02 m 
 Average OPD is     3.8324636922303953D-03 m 
  Input file /tmp/tp7658d783_f920_4a83_a07b_a01c97ef0137.in being loaded.
 Default used for  SegXgrid
 Default used for nECoord(   1)
 Default used for TElt(   1)
 Default used for nECoord(   2)
 Default used for TElt(   2)
 Default used for nECoord(   3)
 Default used for TElt(   3)
 Default used for nECoord(   4)
 Default used for TElt(   4)
 Default used for nECoord(   5)
 Default used for TElt(   5)
 Optical Train Summary:
  Tracing rays past   5 elements.
  Aperture grid type = Circular  with   41 grid points.
  Elt   1: Reflector   : Aspheric with Kc=-3.7191D+01, Kr= 1.4378D+01, nECoords =  -6
  Elt   2: Reference   : Flat     with Kc= 0.0000D+00, Kr=-1.0000D+22, nECoords =  -6
  Elt   3: Reflector   : Aspheric with Kc= 4.3012D+00, Kr=-1.8964D+00, nECoords =  -6
  Elt   4: Reflector   : Aspheric with Kc= 8.2681D-02, Kr=-1.6754D+00, nECoords =  -6
  Elt   5: FocalPlane  : Flat     with Kc= 0.0000D+00, Kr=-1.0000D+22, nECoords =  -6
  Number of output coordinates is   5
  Computed StopPos = -4.624892393512D-02 -9.065426166865D-01  1.531743959170D+00
 OPD: Rays being traced =         1185
 Compute time was    0.0000 sec
  All rays are obscured or lost.
 **Warning: Computing pupil diffraction grid spacing failed!
            Diffraction result is incorrect.
 RMS OPD error is   9.999900000D+36 m 
 P-V OPD error is   0.000000000D+00 m 
 Average OPD is     9.9999000000000000D+36 m 
 One or more rays become undefined at element   3
 A total of     1185 rays were lost
   Surface miss:       1185
 OPD: Rays being traced =         1185
 Compute time was    0.0000 sec
 OPD: nPassRays =    1184,    DAvgCumL =  22.49171766D-01 m 
 RMS OPD error is   5.885175822D-03 m 
 P-V OPD error is   2.862624180D-02 m 
 Average OPD is     4.1179987126080172D-03 m 
  Input file /tmp/tp7658d783_f920_4a83_a07b_a01c97ef0137.in being loaded.
 Default used for  SegXgrid
 Default used for nECoord(   1)
 Default used for TElt(   1)
 Default used for nECoord(   2)
 Default used for TElt(   2)
 Default used for nECoord(   3)
 Default used for TElt(   3)
 Default used for nECoord(   4)
 Default used for TElt(   4)
 Default used for nECoord(   5)
 Default used for TElt(   5)
 Optical Train Summary:
  Tracing rays past   5 elements.
  Aperture grid type = Circular  with   41 grid points.
  Elt   1: Reflector   : Aspheric with Kc=-3.7191D+01, Kr= 1.4378D+01, nECoords =  -6
  Elt   2: Reference   : Flat     with Kc= 0.0000D+00, Kr=-1.0000D+22, nECoords =  -6
  Elt   3: Reflector   : Aspheric with Kc= 4.3012D+00, Kr=-1.8964D+00, nECoords =  -6
  Elt   4: Reflector   : Aspheric with Kc= 8.2681D-02, Kr=-1.6754D+00, nECoords =  -6
  Elt   5: FocalPlane  : Flat     with Kc= 0.0000D+00, Kr=-1.0000D+22, nECoords =  -6
  Number of output coordinates is   5
  Computed StopPos = -4.646630252987D-02 -9.123644380074D-01  1.516060721292D+00
 OPD: Rays being traced =         1185
 Compute time was    0.0000 sec
  All rays are obscured or lost.
 **Warning: Computing pupil diffraction grid spacing failed!
            Diffraction result is incorrect.
 RMS OPD error is   9.999900000D+36 m 
 P-V OPD error is   0.000000000D+00 m 
 Average OPD is     9.9999000000000000D+36 m 
 One or more rays become undefined at element   3
 A total of     1185 rays were lost
   Surface miss:       1185
 OPD: Rays being traced =         1185
 Compute time was    0.0000 sec
 OPD: nPassRays =    1184,    DAvgCumL =  22.80079530D-01 m 
 RMS OPD error is   5.727066889D-03 m 
 P-V OPD error is   2.786175813D-02 m 
 Average OPD is     4.4209440751879223D-03 m 
  Input file /tmp/tp7658d783_f920_4a83_a07b_a01c97ef0137.in being loaded.
 Default used for  SegXgrid
 Default used for nECoord(   1)
 Default used for TElt(   1)
 Default used for nECoord(   2)
 Default used for TElt(   2)
 Default used for nECoord(   3)
 Default used for TElt(   3)
 Default used for nECoord(   4)
 Default used for TElt(   4)
 Default used for nECoord(   5)
 Default used for TElt(   5)
 Optical Train Summary:
  Tracing rays past   5 elements.
  Aperture grid type = Circular  with   41 grid points.
  Elt   1: Reflector   : Aspheric with Kc=-3.7191D+01, Kr= 1.4378D+01, nECoords =  -6
  Elt   2: Reference   : Flat     with Kc= 0.0000D+00, Kr=-1.0000D+22, nECoords =  -6
  Elt   3: Reflector   : Aspheric with Kc= 4.3012D+00, Kr=-1.8964D+00, nECoords =  -6
  Elt   4: Reflector   : Aspheric with Kc= 8.2681D-02, Kr=-1.6754D+00, nECoords =  -6
  Elt   5: FocalPlane  : Flat     with Kc= 0.0000D+00, Kr=-1.0000D+22, nECoords =  -6
  Number of output coordinates is   5
  Computed StopPos = -4.657338193286D-02 -9.183011388684D-01  1.501276167515D+00
 OPD: Rays being traced =         1185
 Compute time was    0.0000 sec
 OPD: nPassRays =      12,    DAvgCumL =              NaN m 
 RMS OPD error is               NaN m 
 P-V OPD error is  -2.000000000D+22 m 
 Average OPD is                        NaN m 
 One or more rays become undefined at element   3
 A total of     1173 rays were lost
   Surface miss:       1173
 OPD: Rays being traced =         1185
 Compute time was    0.0000 sec
 OPD: nPassRays =    1184,    DAvgCumL =  23.13300419D-01 m 
 RMS OPD error is   5.710845297D-03 m 
 P-V OPD error is   2.721246947D-02 m 
 Average OPD is     4.7419123316581541D-03 m 
  Input file /tmp/tp7658d783_f920_4a83_a07b_a01c97ef0137.in being loaded.
 Default used for  SegXgrid
 Default used for nECoord(   1)
 Default used for TElt(   1)
 Default used for nECoord(   2)
 Default used for TElt(   2)
 Default used for nECoord(   3)
 Default used for TElt(   3)
 Default used for nECoord(   4)
 Default used for TElt(   4)
 Default used for nECoord(   5)
 Default used for TElt(   5)
 Optical Train Summary:
  Tracing rays past   5 elements.
  Aperture grid type = Circular  with   41 grid points.
  Elt   1: Reflector   : Aspheric with Kc=-3.7191D+01, Kr= 1.4378D+01, nECoords =  -6
  Elt   2: Reference   : Flat     with Kc= 0.0000D+00, Kr=-1.0000D+22, nECoords =  -6
  Elt   3: Reflector   : Aspheric with Kc= 4.3012D+00, Kr=-1.8964D+00, nECoords =  -6
  Elt   4: Reflector   : Aspheric with Kc= 8.2681D-02, Kr=-1.6754D+00, nECoords =  -6
  Elt   5: FocalPlane  : Flat     with Kc= 0.0000D+00, Kr=-1.0000D+22, nECoords =  -6
  Number of output coordinates is   5
  Computed StopPos = -4.657817288243D-02 -9.183008167890D-01  1.501275992119D+00
 OPD: Rays being traced =         1185
 Compute time was    0.0000 sec
 OPD: nPassRays =      12,    DAvgCumL =              NaN m 
 RMS OPD error is               NaN m 
 P-V OPD error is  -2.000000000D+22 m 
 Average OPD is                        NaN m 
 One or more rays become undefined at element   3
 A total of     1173 rays were lost
   Surface miss:       1173
  Input file /tmp/tp7658d783_f920_4a83_a07b_a01c97ef0137.in being loaded.
 Default used for  SegXgrid
 Default used for nECoord(   1)
 Default used for TElt(   1)
 Default used for nECoord(   2)
 Default used for TElt(   2)
 Default used for nECoord(   3)
 Default used for TElt(   3)
 Default used for nECoord(   4)
 Default used for TElt(   4)
 Default used for nECoord(   5)
 Default used for TElt(   5)
 Optical Train Summary:
  Tracing rays past   5 elements.
  Aperture grid type = Circular  with   41 grid points.
  Elt   1: Reflector   : Aspheric with Kc=-3.7191D+01, Kr= 1.4378D+01, nECoords =  -6
  Elt   2: Reference   : Flat     with Kc= 0.0000D+00, Kr=-1.0000D+22, nECoords =  -6
  Elt   3: Reflector   : Aspheric with Kc= 4.3012D+00, Kr=-1.8964D+00, nECoords =  -6
  Elt   4: Reflector   : Aspheric with Kc= 8.2681D-02, Kr=-1.6754D+00, nECoords =  -6
  Elt   5: FocalPlane  : Flat     with Kc= 0.0000D+00, Kr=-1.0000D+22, nECoords =  -6
  Number of output coordinates is   5
  Computed StopPos = -4.657752008418D-02 -9.243292313629D-01  1.487339419638D+00
 OPD: Rays being traced =         1185
 Compute time was    0.0000 sec
 OPD: nPassRays =      30,    DAvgCumL =              NaN m 
 RMS OPD error is               NaN m 
 P-V OPD error is  -2.000000000D+22 m 
 Average OPD is                        NaN m 
 One or more rays become undefined at element   3
 A total of     1155 rays were lost
   Surface miss:       1155
 OPD: Rays being traced =         1185
 Compute time was    0.0000 sec
 OPD: nPassRays =    1184,    DAvgCumL =  23.48927831D-01 m 
 RMS OPD error is   5.856201909D-03 m 
 P-V OPD error is   2.666784757D-02 m 
 Average OPD is     5.0814956484466793D-03 m 
  Input file /tmp/tp7658d783_f920_4a83_a07b_a01c97ef0137.in being loaded.
 Default used for  SegXgrid
 Default used for nECoord(   1)
 Default used for TElt(   1)
 Default used for nECoord(   2)
 Default used for TElt(   2)
 Default used for nECoord(   3)
 Default used for TElt(   3)
 Default used for nECoord(   4)
 Default used for TElt(   4)
 Default used for nECoord(   5)
 Default used for TElt(   5)
 Optical Train Summary:
  Tracing rays past   5 elements.
  Aperture grid type = Circular  with   41 grid points.
  Elt   1: Reflector   : Aspheric with Kc=-3.7191D+01, Kr= 1.4378D+01, nECoords =  -6
  Elt   2: Reference   : Flat     with Kc= 0.0000D+00, Kr=-1.0000D+22, nECoords =  -6
  Elt   3: Reflector   : Aspheric with Kc= 4.3012D+00, Kr=-1.8964D+00, nECoords =  -6
  Elt   4: Reflector   : Aspheric with Kc= 8.2681D-02, Kr=-1.6754D+00, nECoords =  -6
  Elt   5: FocalPlane  : Flat     with Kc= 0.0000D+00, Kr=-1.0000D+22, nECoords =  -6
  Number of output coordinates is   5
  Computed StopPos = -4.658236568883D-02 -9.243289172794D-01  1.487339251764D+00
 OPD: Rays being traced =         1185
 Compute time was    0.0000 sec
 OPD: nPassRays =      30,    DAvgCumL =              NaN m 
 RMS OPD error is               NaN m 
 P-V OPD error is  -2.000000000D+22 m 
 Average OPD is                        NaN m 
 One or more rays become undefined at element   3
 A total of     1155 rays were lost
   Surface miss:       1155
  Input file /tmp/tp7658d783_f920_4a83_a07b_a01c97ef0137.in being loaded.
 Default used for  SegXgrid
 Default used for nECoord(   1)
 Default used for TElt(   1)
 Default used for nECoord(   2)
 Default used for TElt(   2)
 Default used for nECoord(   3)
 Default used for TElt(   3)
 Default used for nECoord(   4)
 Default used for TElt(   4)
 Default used for nECoord(   5)
 Default used for TElt(   5)
 Optical Train Summary:
  Tracing rays past   5 elements.
  Aperture grid type = Circular  with   41 grid points.
  Elt   1: Reflector   : Aspheric with Kc=-3.7191D+01, Kr= 1.4378D+01, nECoords =  -6
  Elt   2: Reference   : Flat     with Kc= 0.0000D+00, Kr=-1.0000D+22, nECoords =  -6
  Elt   3: Reflector   : Aspheric with Kc= 4.3012D+00, Kr=-1.8964D+00, nECoords =  -6
  Elt   4: Reflector   : Aspheric with Kc= 8.2681D-02, Kr=-1.6754D+00, nECoords =  -6
  Elt   5: FocalPlane  : Flat     with Kc= 0.0000D+00, Kr=-1.0000D+22, nECoords =  -6
  Number of output coordinates is   5
  Computed StopPos = -4.648648387077D-02 -9.304318918899D-01  1.474193605575D+00
 OPD: Rays being traced =         1185
 Compute time was    0.0000 sec
 OPD: nPassRays =      50,    DAvgCumL =              NaN m 
 RMS OPD error is               NaN m 
 P-V OPD error is  -2.000000000D+22 m 
 Average OPD is                        NaN m 
 One or more rays become undefined at element   3
 A total of     1135 rays were lost
   Surface miss:       1135
 OPD: Rays being traced =         1185
 Compute time was    0.0000 sec
 OPD: nPassRays =    1184,    DAvgCumL =  23.87064755D-01 m 
 RMS OPD error is   6.170390678D-03 m 
 P-V OPD error is   2.621392588D-02 m 
 Average OPD is     5.4402674381909839D-03 m 
  Input file /tmp/tp7658d783_f920_4a83_a07b_a01c97ef0137.in being loaded.
 Default used for  SegXgrid
 Default used for nECoord(   1)
 Default used for TElt(   1)
 Default used for nECoord(   2)
 Default used for TElt(   2)
 Default used for nECoord(   3)
 Default used for TElt(   3)
 Default used for nECoord(   4)
 Default used for TElt(   4)
 Default used for nECoord(   5)
 Default used for TElt(   5)
 Optical Train Summary:
  Tracing rays past   5 elements.
  Aperture grid type = Circular  with   41 grid points.
  Elt   1: Reflector   : Aspheric with Kc=-3.7191D+01, Kr= 1.4378D+01, nECoords =  -6
  Elt   2: Reference   : Flat     with Kc= 0.0000D+00, Kr=-1.0000D+22, nECoords =  -6
  Elt   3: Reflector   : Aspheric with Kc= 4.3012D+00, Kr=-1.8964D+00, nECoords =  -6
  Elt   4: Reflector   : Aspheric with Kc= 8.2681D-02, Kr=-1.6754D+00, nECoords =  -6
  Elt   5: FocalPlane  : Flat     with Kc= 0.0000D+00, Kr=-1.0000D+22, nECoords =  -6
  Number of output coordinates is   5
  Computed StopPos = -4.649137906371D-02 -9.304315873013D-01  1.474193442342D+00
 OPD: Rays being traced =         1185
 Compute time was    0.0000 sec
 OPD: nPassRays =      50,    DAvgCumL =              NaN m 
 RMS OPD error is               NaN m 
 P-V OPD error is  -2.000000000D+22 m 
 Average OPD is                        NaN m 
 One or more rays become undefined at element   3
 A total of     1135 rays were lost
   Surface miss:       1135
  Input file /tmp/tp7658d783_f920_4a83_a07b_a01c97ef0137.in being loaded.
 Default used for  SegXgrid
 Default used for nECoord(   1)
 Default used for TElt(   1)
 Default used for nECoord(   2)
 Default used for TElt(   2)
 Default used for nECoord(   3)
 Default used for TElt(   3)
 Default used for nECoord(   4)
 Default used for TElt(   4)
 Default used for nECoord(   5)
 Default used for TElt(   5)
 Optical Train Summary:
  Tracing rays past   5 elements.
  Aperture grid type = Circular  with   41 grid points.
  Elt   1: Reflector   : Aspheric with Kc=-3.7191D+01, Kr= 1.4378D+01, nECoords =  -6
  Elt   2: Reference   : Flat     with Kc= 0.0000D+00, Kr=-1.0000D+22, nECoords =  -6
  Elt   3: Reflector   : Aspheric with Kc= 4.3012D+00, Kr=-1.8964D+00, nECoords =  -6
  Elt   4: Reflector   : Aspheric with Kc= 8.2681D-02, Kr=-1.6754D+00, nECoords =  -6
  Elt   5: FocalPlane  : Flat     with Kc= 0.0000D+00, Kr=-1.0000D+22, nECoords =  -6
  Number of output coordinates is   5
  Computed StopPos = -4.630677226218D-02 -9.365918608913D-01  1.461791991220D+00
 OPD: Rays being traced =         1185
 Compute time was    0.0039 sec
 OPD: nPassRays =      72,    DAvgCumL =              NaN m 
 RMS OPD error is               NaN m 
 P-V OPD error is  -2.000000000D+22 m 
 Average OPD is                        NaN m 
 One or more rays become undefined at element   3
 A total of     1113 rays were lost
   Surface miss:       1113
 OPD: Rays being traced =         1185
 Compute time was    0.0000 sec
 OPD: nPassRays =    1184,    DAvgCumL =  24.27824912D-01 m 
 RMS OPD error is   6.647877201D-03 m 
 P-V OPD error is   2.901394548D-02 m 
 Average OPD is     5.8187843501414597D-03 m 
  Input file /tmp/tp7658d783_f920_4a83_a07b_a01c97ef0137.in being loaded.
 Default used for  SegXgrid
 Default used for nECoord(   1)
 Default used for TElt(   1)
 Default used for nECoord(   2)
 Default used for TElt(   2)
 Default used for nECoord(   3)
 Default used for TElt(   3)
 Default used for nECoord(   4)
 Default used for TElt(   4)
 Default used for nECoord(   5)
 Default used for TElt(   5)
 Optical Train Summary:
  Tracing rays past   5 elements.
  Aperture grid type = Circular  with   41 grid points.
  Elt   1: Reflector   : Aspheric with Kc=-3.7191D+01, Kr= 1.4378D+01, nECoords =  -6
  Elt   2: Reference   : Flat     with Kc= 0.0000D+00, Kr=-1.0000D+22, nECoords =  -6
  Elt   3: Reflector   : Aspheric with Kc= 4.3012D+00, Kr=-1.8964D+00, nECoords =  -6
  Elt   4: Reflector   : Aspheric with Kc= 8.2681D-02, Kr=-1.6754D+00, nECoords =  -6
  Elt   5: FocalPlane  : Flat     with Kc= 0.0000D+00, Kr=-1.0000D+22, nECoords =  -6
  Number of output coordinates is   5
  Computed StopPos = -4.631171235289D-02 -9.365915666331D-01  1.461791831436D+00
 OPD: Rays being traced =         1185
 Compute time was    0.0039 sec
 OPD: nPassRays =      72,    DAvgCumL =              NaN m 
 RMS OPD error is               NaN m 
 P-V OPD error is  -2.000000000D+22 m 
 Average OPD is                        NaN m 
 One or more rays become undefined at element   3
 A total of     1113 rays were lost
   Surface miss:       1113
  Input file /tmp/tp7658d783_f920_4a83_a07b_a01c97ef0137.in being loaded.
 Default used for  SegXgrid
 Default used for nECoord(   1)
 Default used for TElt(   1)
 Default used for nECoord(   2)
 Default used for TElt(   2)
 Default used for nECoord(   3)
 Default used for TElt(   3)
 Default used for nECoord(   4)
 Default used for TElt(   4)
 Default used for nECoord(   5)
 Default used for TElt(   5)
 Optical Train Summary:
  Tracing rays past   5 elements.
  Aperture grid type = Circular  with   41 grid points.
  Elt   1: Reflector   : Aspheric with Kc=-3.7191D+01, Kr= 1.4378D+01, nECoords =  -6
  Elt   2: Reference   : Flat     with Kc= 0.0000D+00, Kr=-1.0000D+22, nECoords =  -6
  Elt   3: Reflector   : Aspheric with Kc= 4.3012D+00, Kr=-1.8964D+00, nECoords =  -6
  Elt   4: Reflector   : Aspheric with Kc= 8.2681D-02, Kr=-1.6754D+00, nECoords =  -6
  Elt   5: FocalPlane  : Flat     with Kc= 0.0000D+00, Kr=-1.0000D+22, nECoords =  -6
  Number of output coordinates is   5
  Computed StopPos =  9.980506574324D-01 -2.977614147045D+00 -2.127485501816D+00
 OPD: Rays being traced =         1185
 Compute time was    0.0039 sec
  All rays are obscured or lost.
 **Warning: Computing pupil diffraction grid spacing failed!
            Diffraction result is incorrect.
 RMS OPD error is   9.999900000D+36 m 
 P-V OPD error is   0.000000000D+00 m 
 Average OPD is     9.9999000000000000D+36 m 
 One or more rays become undefined at element   3
 A total of     1185 rays were lost
   Surface miss:       1185
 OPD: Rays being traced =         1185
 Compute time was    0.0000 sec
 OPD: nPassRays =    1184,    DAvgCumL = -50.38760398D-02 m 
 RMS OPD error is   3.375269227D-02 m 
 P-V OPD error is   1.337849615D-01 m 
 Average OPD is    -1.5440809787783665D-03 m 
  Input file /tmp/tp7658d783_f920_4a83_a07b_a01c97ef0137.in being loaded.
 Default used for  SegXgrid
 Default used for nECoord(   1)
 Default used for TElt(   1)
 Default used for nECoord(   2)
 Default used for TElt(   2)
 Default used for nECoord(   3)
 Default used for TElt(   3)
 Default used for nECoord(   4)
 Default used for TElt(   4)
 Default used for nECoord(   5)
 Default used for TElt(   5)
 Optical Train Summary:
  Tracing rays past   5 elements.
  Aperture grid type = Circular  with   41 grid points.
  Elt   1: Reflector   : Aspheric with Kc=-3.7191D+01, Kr= 1.4378D+01, nECoords =  -6
  Elt   2: Reference   : Flat     with Kc= 0.0000D+00, Kr=-1.0000D+22, nECoords =  -6
  Elt   3: Reflector   : Aspheric with Kc= 4.3012D+00, Kr=-1.8964D+00, nECoords =  -6
  Elt   4: Reflector   : Aspheric with Kc= 8.2681D-02, Kr=-1.6754D+00, nECoords =  -6
  Elt   5: FocalPlane  : Flat     with Kc= 0.0000D+00, Kr=-1.0000D+22, nECoords =  -6
  Number of output coordinates is   5
  Computed StopPos =  1.000836700951D+00 -3.136074586613D+00 -2.407204134692D+00
 OPD: Rays being traced =         1185
 Compute time was    0.0000 sec
  All rays are obscured or lost.
 **Warning: Computing pupil diffraction grid spacing failed!
            Diffraction result is incorrect.
 RMS OPD error is   9.999900000D+36 m 
 P-V OPD error is   0.000000000D+00 m 
 Average OPD is     9.9999000000000000D+36 m 
 One or more rays become undefined at element   3
 A total of     1185 rays were lost
   Surface miss:       1185
 OPD: Rays being traced =         1185
 Compute time was    0.0000 sec
 OPD: nPassRays =    1184,    DAvgCumL = -46.12738245D-02 m 
 RMS OPD error is   4.111022890D-02 m 
 P-V OPD error is   1.612155716D-01 m 
 Average OPD is    -2.3154737955528386D-03 m 
  Input file /tmp/tp7658d783_f920_4a83_a07b_a01c97ef0137.in being loaded.
 Default used for  SegXgrid
 Default used for nECoord(   1)
 Default used for TElt(   1)
 Default used for nECoord(   2)
 Default used for TElt(   2)
 Default used for nECoord(   3)
 Default used for TElt(   3)
 Default used for nECoord(   4)
 Default used for TElt(   4)
 Default used for nECoord(   5)
 Default used for TElt(   5)
 Optical Train Summary:
  Tracing rays past   5 elements.
  Aperture grid type = Circular  with   41 grid points.
  Elt   1: Reflector   : Aspheric with Kc=-3.7191D+01, Kr= 1.4378D+01, nECoords =  -6
  Elt   2: Reference   : Flat     with Kc= 0.0000D+00, Kr=-1.0000D+22, nECoords =  -6
  Elt   3: Reflector   : Aspheric with Kc= 4.3012D+00, Kr=-1.8964D+00, nECoords =  -6
  Elt   4: Reflector   : Aspheric with Kc= 8.2681D-02, Kr=-1.6754D+00, nECoords =  -6
  Elt   5: FocalPlane  : Flat     with Kc= 0.0000D+00, Kr=-1.0000D+22, nECoords =  -6
  Number of output coordinates is   5
  Computed StopPos = -5.597518514621D-02 -8.888946797645D-01  1.584632740155D+00
 OPD: Rays being traced =         1185
 Compute time was    0.0000 sec
  All rays are obscured or lost.
 **Warning: Computing pupil diffraction grid spacing failed!
            Diffraction result is incorrect.
 RMS OPD error is   9.999900000D+36 m 
 P-V OPD error is   0.000000000D+00 m 
 Average OPD is     9.9999000000000000D+36 m 
 One or more rays become undefined at element   3
 A total of     1185 rays were lost
   Surface miss:       1185
 OPD: Rays being traced =         1185
 Compute time was    0.0000 sec
 OPD: nPassRays =    1184,    DAvgCumL =  21.75951856D-01 m 
 RMS OPD error is   7.393245696D-03 m 
 P-V OPD error is   3.357268689D-02 m 
 Average OPD is     3.3267243577483484D-03 m 
  Input file /tmp/tp7658d783_f920_4a83_a07b_a01c97ef0137.in being loaded.
 Default used for  SegXgrid
 Default used for nECoord(   1)
 Default used for TElt(   1)
 Default used for nECoord(   2)
 Default used for TElt(   2)
 Default used for nECoord(   3)
 Default used for TElt(   3)
 Default used for nECoord(   4)
 Default used for TElt(   4)
 Default used for nECoord(   5)
 Default used for TElt(   5)
 Optical Train Summary:
  Tracing rays past   5 elements.
  Aperture grid type = Circular  with   41 grid points.
  Elt   1: Reflector   : Aspheric with Kc=-3.7191D+01, Kr= 1.4378D+01, nECoords =  -6
  Elt   2: Reference   : Flat     with Kc= 0.0000D+00, Kr=-1.0000D+22, nECoords =  -6
  Elt   3: Reflector   : Aspheric with Kc= 4.3012D+00, Kr=-1.8964D+00, nECoords =  -6
  Elt   4: Reflector   : Aspheric with Kc= 8.2681D-02, Kr=-1.6754D+00, nECoords =  -6
  Elt   5: FocalPlane  : Flat     with Kc= 0.0000D+00, Kr=-1.0000D+22, nECoords =  -6
  Number of output coordinates is   5
  Computed StopPos = -5.672202267345D-02 -8.941997463547D-01  1.565982881780D+00
 OPD: Rays being traced =         1185
 Compute time was    0.0000 sec
  All rays are obscured or lost.
 **Warning: Computing pupil diffraction grid spacing failed!
            Diffraction result is incorrect.
 RMS OPD error is   9.999900000D+36 m 
 P-V OPD error is   0.000000000D+00 m 
 Average OPD is     9.9999000000000000D+36 m 
 One or more rays become undefined at element   3
 A total of     1185 rays were lost
   Surface miss:       1185
 OPD: Rays being traced =         1185
 Compute time was    0.0000 sec
 OPD: nPassRays =    1184,    DAvgCumL =  22.00351243D-01 m 
 RMS OPD error is   7.008656946D-03 m 
 P-V OPD error is   3.255342544D-02 m 
 Average OPD is     3.5801908139150656D-03 m 
  Input file /tmp/tp7658d783_f920_4a83_a07b_a01c97ef0137.in being loaded.
 Default used for  SegXgrid
 Default used for nECoord(   1)
 Default used for TElt(   1)
 Default used for nECoord(   2)
 Default used for TElt(   2)
 Default used for nECoord(   3)
 Default used for TElt(   3)
 Default used for nECoord(   4)
 Default used for TElt(   4)
 Default used for nECoord(   5)
 Default used for TElt(   5)
 Optical Train Summary:
  Tracing rays past   5 elements.
  Aperture grid type = Circular  with   41 grid points.
  Elt   1: Reflector   : Aspheric with Kc=-3.7191D+01, Kr= 1.4378D+01, nECoords =  -6
  Elt   2: Reference   : Flat     with Kc= 0.0000D+00, Kr=-1.0000D+22, nECoords =  -6
  Elt   3: Reflector   : Aspheric with Kc= 4.3012D+00, Kr=-1.8964D+00, nECoords =  -6
  Elt   4: Reflector   : Aspheric with Kc= 8.2681D-02, Kr=-1.6754D+00, nECoords =  -6
  Elt   5: FocalPlane  : Flat     with Kc= 0.0000D+00, Kr=-1.0000D+22, nECoords =  -6
  Number of output coordinates is   5
  Computed StopPos = -5.730081904502D-02 -8.997116285305D-01  1.548391019144D+00
 OPD: Rays being traced =         1185
 Compute time was    0.0039 sec
  All rays are obscured or lost.
 **Warning: Computing pupil diffraction grid spacing failed!
            Diffraction result is incorrect.
 RMS OPD error is   9.999900000D+36 m 
 P-V OPD error is   0.000000000D+00 m 
 Average OPD is     9.9999000000000000D+36 m 
 One or more rays become undefined at element   3
 A total of     1185 rays were lost
   Surface miss:       1185
 OPD: Rays being traced =         1185
 Compute time was    0.0000 sec
 OPD: nPassRays =    1184,    DAvgCumL =  22.26825736D-01 m 
 RMS OPD error is   6.685322920D-03 m 
 P-V OPD error is   3.156373734D-02 m 
 Average OPD is     3.8497774576135972D-03 m 
  Input file /tmp/tp7658d783_f920_4a83_a07b_a01c97ef0137.in being loaded.
 Default used for  SegXgrid
 Default used for nECoord(   1)
 Default used for TElt(   1)
 Default used for nECoord(   2)
 Default used for TElt(   2)
 Default used for nECoord(   3)
 Default used for TElt(   3)
 Default used for nECoord(   4)
 Default used for TElt(   4)
 Default used for nECoord(   5)
 Default used for TElt(   5)
 Optical Train Summary:
  Tracing rays past   5 elements.
  Aperture grid type = Circular  with   41 grid points.
  Elt   1: Reflector   : Aspheric with Kc=-3.7191D+01, Kr= 1.4378D+01, nECoords =  -6
  Elt   2: Reference   : Flat     with Kc= 0.0000D+00, Kr=-1.0000D+22, nECoords =  -6
  Elt   3: Reflector   : Aspheric with Kc= 4.3012D+00, Kr=-1.8964D+00, nECoords =  -6
  Elt   4: Reflector   : Aspheric with Kc= 8.2681D-02, Kr=-1.6754D+00, nECoords =  -6
  Elt   5: FocalPlane  : Flat     with Kc= 0.0000D+00, Kr=-1.0000D+22, nECoords =  -6
  Number of output coordinates is   5
  Computed StopPos = -5.772240511181D-02 -9.053967402309D-01  1.531800674706D+00
 OPD: Rays being traced =         1185
 Compute time was    0.0000 sec
  All rays are obscured or lost.
 **Warning: Computing pupil diffraction grid spacing failed!
            Diffraction result is incorrect.
 RMS OPD error is   9.999900000D+36 m 
 P-V OPD error is   0.000000000D+00 m 
 Average OPD is     9.9999000000000000D+36 m 
 One or more rays become undefined at element   3
 A total of     1185 rays were lost
   Surface miss:       1185
 OPD: Rays being traced =         1185
 Compute time was    0.0000 sec
 OPD: nPassRays =    1184,    DAvgCumL =  22.55445425D-01 m 
 RMS OPD error is   6.445800329D-03 m 
 P-V OPD error is   3.061433346D-02 m 
 Average OPD is     4.1361295992215193D-03 m 
  Input file /tmp/tp7658d783_f920_4a83_a07b_a01c97ef0137.in being loaded.
 Default used for  SegXgrid
 Default used for nECoord(   1)
 Default used for TElt(   1)
 Default used for nECoord(   2)
 Default used for TElt(   2)
 Default used for nECoord(   3)
 Default used for TElt(   3)
 Default used for nECoord(   4)
 Default used for TElt(   4)
 Default used for nECoord(   5)
 Default used for TElt(   5)
 Optical Train Summary:
  Tracing rays past   5 elements.
  Aperture grid type = Circular  with   41 grid points.
  Elt   1: Reflector   : Aspheric with Kc=-3.7191D+01, Kr= 1.4378D+01, nECoords =  -6
  Elt   2: Reference   : Flat     with Kc= 0.0000D+00, Kr=-1.0000D+22, nECoords =  -6
  Elt   3: Reflector   : Aspheric with Kc= 4.3012D+00, Kr=-1.8964D+00, nECoords =  -6
  Elt   4: Reflector   : Aspheric with Kc= 8.2681D-02, Kr=-1.6754D+00, nECoords =  -6
  Elt   5: FocalPlane  : Flat     with Kc= 0.0000D+00, Kr=-1.0000D+22, nECoords =  -6
  Number of output coordinates is   5
  Computed StopPos = -5.799702429214D-02 -9.112250835471D-01  1.516157239004D+00
 OPD: Rays being traced =         1185
 Compute time was    0.0039 sec
  All rays are obscured or lost.
 **Warning: Computing pupil diffraction grid spacing failed!
            Diffraction result is incorrect.
 RMS OPD error is   9.999900000D+36 m 
 P-V OPD error is   0.000000000D+00 m 
 Average OPD is     9.9999000000000000D+36 m 
 One or more rays become undefined at element   3
 A total of     1185 rays were lost
   Surface miss:       1185
 OPD: Rays being traced =         1185
 Compute time was    0.0000 sec
 OPD: nPassRays =    1184,    DAvgCumL =  22.86287416D-01 m 
 RMS OPD error is   6.314362183D-03 m 
 P-V OPD error is   2.982736199D-02 m 
 Average OPD is     4.4398707610151219D-03 m 
  Input file /tmp/tp7658d783_f920_4a83_a07b_a01c97ef0137.in being loaded.
 Default used for  SegXgrid
 Default used for nECoord(   1)
 Default used for TElt(   1)
 Default used for nECoord(   2)
 Default used for TElt(   2)
 Default used for nECoord(   3)
 Default used for TElt(   3)
 Default used for nECoord(   4)
 Default used for TElt(   4)
 Default used for nECoord(   5)
 Default used for TElt(   5)
 Optical Train Summary:
  Tracing rays past   5 elements.
  Aperture grid type = Circular  with   41 grid points.
  Elt   1: Reflector   : Aspheric with Kc=-3.7191D+01, Kr= 1.4378D+01, nECoords =  -6
  Elt   2: Reference   : Flat     with Kc= 0.0000D+00, Kr=-1.0000D+22, nECoords =  -6
  Elt   3: Reflector   : Aspheric with Kc= 4.3012D+00, Kr=-1.8964D+00, nECoords =  -6
  Elt   4: Reflector   : Aspheric with Kc= 8.2681D-02, Kr=-1.6754D+00, nECoords =  -6
  Elt   5: FocalPlane  : Flat     with Kc= 0.0000D+00, Kr=-1.0000D+22, nECoords =  -6
  Number of output coordinates is   5
  Computed StopPos = -5.813541572244D-02 -9.171733405579D-01  1.501399924066D+00
 OPD: Rays being traced =         1185
 Compute time was    0.0000 sec
 OPD: nPassRays =      12,    DAvgCumL =              NaN m 
 RMS OPD error is               NaN m 
 P-V OPD error is  -2.000000000D+22 m 
 Average OPD is                        NaN m 
 One or more rays become undefined at element   3
 A total of     1173 rays were lost
   Surface miss:       1173
 OPD: Rays being traced =         1185
 Compute time was    0.0000 sec
 OPD: nPassRays =    1184,    DAvgCumL =  23.19436589D-01 m 
 RMS OPD error is   6.313581402D-03 m 
 P-V OPD error is   2.915396940D-02 m 
 Average OPD is     4.7616035537942931D-03 m 
  Input file /tmp/tp7658d783_f920_4a83_a07b_a01c97ef0137.in being loaded.
 Default used for  SegXgrid
 Default used for nECoord(   1)
 Default used for TElt(   1)
 Default used for nECoord(   2)
 Default used for TElt(   2)
 Default used for nECoord(   3)
 Default used for TElt(   3)
 Default used for nECoord(   4)
 Default used for TElt(   4)
 Default used for nECoord(   5)
 Default used for TElt(   5)
 Optical Train Summary:
  Tracing rays past   5 elements.
  Aperture grid type = Circular  with   41 grid points.
  Elt   1: Reflector   : Aspheric with Kc=-3.7191D+01, Kr= 1.4378D+01, nECoords =  -6
  Elt   2: Reference   : Flat     with Kc= 0.0000D+00, Kr=-1.0000D+22, nECoords =  -6
  Elt   3: Reflector   : Aspheric with Kc= 4.3012D+00, Kr=-1.8964D+00, nECoords =  -6
  Elt   4: Reflector   : Aspheric with Kc= 8.2681D-02, Kr=-1.6754D+00, nECoords =  -6
  Elt   5: FocalPlane  : Flat     with Kc= 0.0000D+00, Kr=-1.0000D+22, nECoords =  -6
  Number of output coordinates is   5
  Computed StopPos = -5.814018666679D-02 -9.171729373660D-01  1.501399705588D+00
 OPD: Rays being traced =         1185
 Compute time was    0.0000 sec
 OPD: nPassRays =      12,    DAvgCumL =              NaN m 
 RMS OPD error is               NaN m 
 P-V OPD error is  -2.000000000D+22 m 
 Average OPD is                        NaN m 
 One or more rays become undefined at element   3
 A total of     1173 rays were lost
   Surface miss:       1173
  Input file /tmp/tp7658d783_f920_4a83_a07b_a01c97ef0137.in being loaded.
 Default used for  SegXgrid
 Default used for nECoord(   1)
 Default used for TElt(   1)
 Default used for nECoord(   2)
 Default used for TElt(   2)
 Default used for nECoord(   3)
 Default used for TElt(   3)
 Default used for nECoord(   4)
 Default used for TElt(   4)
 Default used for nECoord(   5)
 Default used for TElt(   5)
 Optical Train Summary:
  Tracing rays past   5 elements.
  Aperture grid type = Circular  with   41 grid points.
  Elt   1: Reflector   : Aspheric with Kc=-3.7191D+01, Kr= 1.4378D+01, nECoords =  -6
  Elt   2: Reference   : Flat     with Kc= 0.0000D+00, Kr=-1.0000D+22, nECoords =  -6
  Elt   3: Reflector   : Aspheric with Kc= 4.3012D+00, Kr=-1.8964D+00, nECoords =  -6
  Elt   4: Reflector   : Aspheric with Kc= 8.2681D-02, Kr=-1.6754D+00, nECoords =  -6
  Elt   5: FocalPlane  : Flat     with Kc= 0.0000D+00, Kr=-1.0000D+22, nECoords =  -6
  Number of output coordinates is   5
  Computed StopPos = -5.814611053237D-02 -9.232166889880D-01  1.487482484218D+00
 OPD: Rays being traced =         1185
 Compute time was    0.0000 sec
 OPD: nPassRays =      30,    DAvgCumL =              NaN m 
 RMS OPD error is               NaN m 
 P-V OPD error is  -2.000000000D+22 m 
 Average OPD is                        NaN m 
 One or more rays become undefined at element   3
 A total of     1155 rays were lost
   Surface miss:       1155
 OPD: Rays being traced =         1185
 Compute time was    0.0000 sec
 OPD: nPassRays =    1184,    DAvgCumL =  23.54986457D-01 m 
 RMS OPD error is   6.460014638D-03 m 
 P-V OPD error is   2.858231620D-02 m 
 Average OPD is     5.1019110049676120D-03 m 
  Input file /tmp/tp7658d783_f920_4a83_a07b_a01c97ef0137.in being loaded.
 Default used for  SegXgrid
 Default used for nECoord(   1)
 Default used for TElt(   1)
 Default used for nECoord(   2)
 Default used for TElt(   2)
 Default used for nECoord(   3)
 Default used for TElt(   3)
 Default used for nECoord(   4)
 Default used for TElt(   4)
 Default used for nECoord(   5)
 Default used for TElt(   5)
 Optical Train Summary:
  Tracing rays past   5 elements.
  Aperture grid type = Circular  with   41 grid points.
  Elt   1: Reflector   : Aspheric with Kc=-3.7191D+01, Kr= 1.4378D+01, nECoords =  -6
  Elt   2: Reference   : Flat     with Kc= 0.0000D+00, Kr=-1.0000D+22, nECoords =  -6
  Elt   3: Reflector   : Aspheric with Kc= 4.3012D+00, Kr=-1.8964D+00, nECoords =  -6
  Elt   4: Reflector   : Aspheric with Kc= 8.2681D-02, Kr=-1.6754D+00, nECoords =  -6
  Elt   5: FocalPlane  : Flat     with Kc= 0.0000D+00, Kr=-1.0000D+22, nECoords =  -6
  Number of output coordinates is   5
  Computed StopPos = -5.815093640638D-02 -9.232162957602D-01  1.487482275169D+00
 OPD: Rays being traced =         1185
 Compute time was    0.0039 sec
 OPD: nPassRays =      30,    DAvgCumL =              NaN m 
 RMS OPD error is               NaN m 
 P-V OPD error is  -2.000000000D+22 m 
 Average OPD is                        NaN m 
 One or more rays become undefined at element   3
 A total of     1155 rays were lost
   Surface miss:       1155
  Input file /tmp/tp7658d783_f920_4a83_a07b_a01c97ef0137.in being loaded.
 Default used for  SegXgrid
 Default used for nECoord(   1)
 Default used for TElt(   1)
 Default used for nECoord(   2)
 Default used for TElt(   2)
 Default used for nECoord(   3)
 Default used for TElt(   3)
 Default used for nECoord(   4)
 Default used for TElt(   4)
 Default used for nECoord(   5)
 Default used for TElt(   5)
 Optical Train Summary:
  Tracing rays past   5 elements.
  Aperture grid type = Circular  with   41 grid points.
  Elt   1: Reflector   : Aspheric with Kc=-3.7191D+01, Kr= 1.4378D+01, nECoords =  -6
  Elt   2: Reference   : Flat     with Kc= 0.0000D+00, Kr=-1.0000D+22, nECoords =  -6
  Elt   3: Reflector   : Aspheric with Kc= 4.3012D+00, Kr=-1.8964D+00, nECoords =  -6
  Elt   4: Reflector   : Aspheric with Kc= 8.2681D-02, Kr=-1.6754D+00, nECoords =  -6
  Elt   5: FocalPlane  : Flat     with Kc= 0.0000D+00, Kr=-1.0000D+22, nECoords =  -6
  Number of output coordinates is   5
  Computed StopPos = -5.803898430219D-02 -9.293394520028D-01  1.474346414457D+00
 OPD: Rays being traced =         1185
 Compute time was    0.0039 sec
 OPD: nPassRays =      50,    DAvgCumL =              NaN m 
 RMS OPD error is               NaN m 
 P-V OPD error is  -2.000000000D+22 m 
 Average OPD is                        NaN m 
 One or more rays become undefined at element   3
 A total of     1135 rays were lost
   Surface miss:       1135
 OPD: Rays being traced =         1185
 Compute time was    0.0000 sec
 OPD: nPassRays =    1184,    DAvgCumL =  23.93040152D-01 m 
 RMS OPD error is   6.760882887D-03 m 
 P-V OPD error is   2.861825238D-02 m 
 Average OPD is     5.4613582498700798D-03 m 
  Input file /tmp/tp7658d783_f920_4a83_a07b_a01c97ef0137.in being loaded.
 Default used for  SegXgrid
 Default used for nECoord(   1)
 Default used for TElt(   1)
 Default used for nECoord(   2)
 Default used for TElt(   2)
 Default used for nECoord(   3)
 Default used for TElt(   3)
 Default used for nECoord(   4)
 Default used for TElt(   4)
 Default used for nECoord(   5)
 Default used for TElt(   5)
 Optical Train Summary:
  Tracing rays past   5 elements.
  Aperture grid type = Circular  with   41 grid points.
  Elt   1: Reflector   : Aspheric with Kc=-3.7191D+01, Kr= 1.4378D+01, nECoords =  -6
  Elt   2: Reference   : Flat     with Kc= 0.0000D+00, Kr=-1.0000D+22, nECoords =  -6
  Elt   3: Reflector   : Aspheric with Kc= 4.3012D+00, Kr=-1.8964D+00, nECoords =  -6
  Elt   4: Reflector   : Aspheric with Kc= 8.2681D-02, Kr=-1.6754D+00, nECoords =  -6
  Elt   5: FocalPlane  : Flat     with Kc= 0.0000D+00, Kr=-1.0000D+22, nECoords =  -6
  Number of output coordinates is   5
  Computed StopPos = -5.804386043624D-02 -9.293390710053D-01  1.474346210395D+00
 OPD: Rays being traced =         1185
 Compute time was    0.0000 sec
 OPD: nPassRays =      50,    DAvgCumL =              NaN m 
 RMS OPD error is               NaN m 
 P-V OPD error is  -2.000000000D+22 m 
 Average OPD is                        NaN m 
 One or more rays become undefined at element   3
 A total of     1135 rays were lost
   Surface miss:       1135
  Input file /tmp/tp7658d783_f920_4a83_a07b_a01c97ef0137.in being loaded.
 Default used for  SegXgrid
 Default used for nECoord(   1)
 Default used for TElt(   1)
 Default used for nECoord(   2)
 Default used for TElt(   2)
 Default used for nECoord(   3)
 Default used for TElt(   3)
 Default used for nECoord(   4)
 Default used for TElt(   4)
 Default used for nECoord(   5)
 Default used for TElt(   5)
 Optical Train Summary:
  Tracing rays past   5 elements.
  Aperture grid type = Circular  with   41 grid points.
  Elt   1: Reflector   : Aspheric with Kc=-3.7191D+01, Kr= 1.4378D+01, nECoords =  -6
  Elt   2: Reference   : Flat     with Kc= 0.0000D+00, Kr=-1.0000D+22, nECoords =  -6
  Elt   3: Reflector   : Aspheric with Kc= 4.3012D+00, Kr=-1.8964D+00, nECoords =  -6
  Elt   4: Reflector   : Aspheric with Kc= 8.2681D-02, Kr=-1.6754D+00, nECoords =  -6
  Elt   5: FocalPlane  : Flat     with Kc= 0.0000D+00, Kr=-1.0000D+22, nECoords =  -6
  Number of output coordinates is   5
  Computed StopPos =  8.836631981699D-01 -2.809614547277D+00 -1.868165541321D+00
 OPD: Rays being traced =         1185
 Compute time was    0.0039 sec
  All rays are obscured or lost.
 **Warning: Computing pupil diffraction grid spacing failed!
            Diffraction result is incorrect.
 RMS OPD error is   9.999900000D+36 m 
 P-V OPD error is   0.000000000D+00 m 
 Average OPD is     9.9999000000000000D+36 m 
 One or more rays become undefined at element   3
 A total of     1185 rays were lost
   Surface miss:       1185
 OPD: Rays being traced =         1185
 Compute time was    0.0000 sec
 OPD: nPassRays =    1184,    DAvgCumL = -50.33737084D-02 m 
 RMS OPD error is   3.193056946D-02 m 
 P-V OPD error is   1.257977514D-01 m 
 Average OPD is    -1.4524355647804062D-03 m 
  Input file /tmp/tp7658d783_f920_4a83_a07b_a01c97ef0137.in being loaded.
 Default used for  SegXgrid
 Default used for nECoord(   1)
 Default used for TElt(   1)
 Default used for nECoord(   2)
 Default used for TElt(   2)
 Default used for nECoord(   3)
 Default used for TElt(   3)
 Default used for nECoord(   4)
 Default used for TElt(   4)
 Default used for nECoord(   5)
 Default used for TElt(   5)
 Optical Train Summary:
  Tracing rays past   5 elements.
  Aperture grid type = Circular  with   41 grid points.
  Elt   1: Reflector   : Aspheric with Kc=-3.7191D+01, Kr= 1.4378D+01, nECoords =  -6
  Elt   2: Reference   : Flat     with Kc= 0.0000D+00, Kr=-1.0000D+22, nECoords =  -6
  Elt   3: Reflector   : Aspheric with Kc= 4.3012D+00, Kr=-1.8964D+00, nECoords =  -6
  Elt   4: Reflector   : Aspheric with Kc= 8.2681D-02, Kr=-1.6754D+00, nECoords =  -6
  Elt   5: FocalPlane  : Flat     with Kc= 0.0000D+00, Kr=-1.0000D+22, nECoords =  -6
  Number of output coordinates is   5
  Computed StopPos =  8.930636552082D-01 -2.929524813522D+00 -2.091638914525D+00
 OPD: Rays being traced =         1185
 Compute time was    0.0039 sec
  All rays are obscured or lost.
 **Warning: Computing pupil diffraction grid spacing failed!
            Diffraction result is incorrect.
 RMS OPD error is   9.999900000D+36 m 
 P-V OPD error is   0.000000000D+00 m 
 Average OPD is     9.9999000000000000D+36 m 
 One or more rays become undefined at element   3
 A total of     1185 rays were lost
   Surface miss:       1185
 OPD: Rays being traced =         1185
 Compute time was    0.0000 sec
 OPD: nPassRays =    1184,    DAvgCumL = -46.59618382D-02 m 
 RMS OPD error is   3.790295197D-02 m 
 P-V OPD error is   1.487458300D-01 m 
 Average OPD is    -2.0392244080336065D-03 m 
  Input file /tmp/tp7658d783_f920_4a83_a07b_a01c97ef0137.in being loaded.
 Default used for  SegXgrid
 Default used for nECoord(   1)
 Default used for TElt(   1)
 Default used for nECoord(   2)
 Default used for TElt(   2)
 Default used for nECoord(   3)
 Default used for TElt(   3)
 Default used for nECoord(   4)
 Default used for TElt(   4)
 Default used for nECoord(   5)
 Default used for TElt(   5)
 Optical Train Summary:
  Tracing rays past   5 elements.
  Aperture grid type = Circular  with   41 grid points.
  Elt   1: Reflector   : Aspheric with Kc=-3.7191D+01, Kr= 1.4378D+01, nECoords =  -6
  Elt   2: Reference   : Flat     with Kc= 0.0000D+00, Kr=-1.0000D+22, nECoords =  -6
{Error using assert
The condition input argument must be convertible to a scalar logical.
Error in oi_map_fig (line 43)
    assert(abs(mp.max_nm - max(W(fin))) < 1e-9, 'oi_map_fig:stats');
    ^^^^^^^^^^^^^^^^^^^^^^^^^^^^^^^^^^^^^^^^^^^^^^^^^^^^^^^^^^^^^^^
Error in offset_imager>stage_out_ (line 238)
    [png_m, mp] = oi_map_fig(X, G, P, offset, lbl, [tag '_' sid '_map.png']);
                  ^^^^^^^^^^^^^^^^^^^^^^^^^^^^^^^^^^^^^^^^^^^^^^^^^^^^^^^^^^
Error in offset_imager (line 118)
        [OUT, ladder] = stage_out_(OUT, ladder, rpt, P, tag, 's3', X, G, fo, ...
                        ^^^^^^^^^^^^^^^^^^^^^^^^^^^^^^^^^^^^^^^^^^^^^^^^^^^^^^^^
Error in oi_story (line 43)
    OUT = offset_imager(over);
          ^^^^^^^^^^^^^^^^^^^
Error in run_t5c (line 9)
OUT = oi_story(struct( ...
      ^^^^^^^^^^^^^^^^^^^^
Error in run (line 100)
evalin('caller', strcat(scriptStem, ';'));
^^^^^^^^^^^^^^^^^^^^^^^^^^^^^^^^^^^^^^^^^} 
  Elt   3: Reflector   : Aspheric with Kc= 4.3012D+00, Kr=-1.8964D+00, nECoords =  -6
  Elt   4: Reflector   : Aspheric with Kc= 8.2681D-02, Kr=-1.6754D+00, nECoords =  -6
  Elt   5: FocalPlane  : Flat     with Kc= 0.0000D+00, Kr=-1.0000D+22, nECoords =  -6
  Number of output coordinates is   5
  Computed StopPos = -5.708706471099D-02 -9.480216691011D-01  1.439184185568D+00
 OPD: Rays being traced =         1185
 Compute time was    0.0039 sec
 OPD: nPassRays =     105,    DAvgCumL =              NaN m 
 RMS OPD error is               NaN m 
 P-V OPD error is  -2.000000000D+22 m 
 Average OPD is                        NaN m 
 One or more rays become undefined at element   3
 A total of     1080 rays were lost
   Surface miss:       1080
 OPD: Rays being traced =         1185
 Compute time was    0.0000 sec
 OPD: nPassRays =    1184,    DAvgCumL =  25.23424892D-01 m 
 RMS OPD error is   8.530701096D-03 m 
 P-V OPD error is   3.852241696D-02 m 
 Average OPD is     6.6599663890082620D-03 m 
  Input file /tmp/tp7658d783_f920_4a83_a07b_a01c97ef0137.in being loaded.
 Default used for  SegXgrid
 Default used for nECoord(   1)
 Default used for TElt(   1)
 Default used for nECoord(   2)
 Default used for TElt(   2)
 Default used for nECoord(   3)
 Default used for TElt(   3)
 Default used for nECoord(   4)
 Default used for TElt(   4)
 Default used for nECoord(   5)
 Default used for TElt(   5)
 Optical Train Summary:
  Tracing rays past   5 elements.
  Aperture grid type = Circular  with   41 grid points.
  Elt   1: Reflector   : Aspheric with Kc=-3.7191D+01, Kr= 1.4378D+01, nECoords =  -6
  Elt   2: Reference   : Flat     with Kc= 0.0000D+00, Kr=-1.0000D+22, nECoords =  -6
  Elt   3: Reflector   : Aspheric with Kc= 4.3012D+00, Kr=-1.8964D+00, nECoords =  -6
  Elt   4: Reflector   : Aspheric with Kc= 8.2681D-02, Kr=-1.6754D+00, nECoords =  -6
  Elt   5: FocalPlane  : Flat     with Kc= 0.0000D+00, Kr=-1.0000D+22, nECoords =  -6
  Number of output coordinates is   5
  Computed StopPos = -5.709206621760D-02 -9.480213306824D-01  1.439183989177D+00
 OPD: Rays being traced =         1185
 Compute time was    0.0039 sec
 OPD: nPassRays =     105,    DAvgCumL =              NaN m 
 RMS OPD error is               NaN m 
 P-V OPD error is  -2.000000000D+22 m 
 Average OPD is                        NaN m 
 One or more rays become undefined at element   3
 A total of     1080 rays were lost
   Surface miss:       1080
