t1_mm,y2,off_deg,in_M1_x_M2,in_M1_x_M3,in_M1_x_FP,M1_M2_x_M3,M1_M2_x_FP,M2_M3_x_M1,M2_M3_x_FP,M3_FP_x_M1,M3_FP_x_M2,floor_mm,worst,t2_mm,bfd_mm,D1_mm,D2_mm,D3_mm,len_mm,hgt_mm
200,0.30,2.0,-31.17,-37.67,0.21,-37.44,18.69,100.72,18.69,100.72,-26.15,-37.67,in->M1 x M3,99.28,117.97,292.7,55.0,119.8,218.7,186.8
200,0.30,3.0,-31.21,-37.68,0.39,-37.63,18.69,100.72,18.69,100.72,-20.38,-37.68,in->M1 x M3,99.28,117.97,292.7,55.0,119.8,218.7,186.8
200,0.30,4.0,-30.61,-37.65,0.16,-37.66,18.69,100.72,18.69,100.72,-14.60,-37.66,M1->M2 x M3,99.28,117.97,292.7,55.0,119.8,218.7,196.8
200,0.30,5.0,-31.43,-36.16,11.42,-37.46,18.69,100.72,18.69,100.72,-8.80,-37.46,M1->M2 x M3,99.28,117.97,292.7,55.0,119.8,218.7,214.3
200,0.30,6.0,-31.05,-16.82,32.68,-29.22,19.72,100.72,19.72,100.72,-2.99,-31.05,in->M1 x M2,99.28,117.97,292.7,55.0,119.8,218.7,231.9
200,0.30,7.0,-19.18,2.57,53.94,-17.53,22.28,100.72,22.28,100.72,2.74,-19.18,in->M1 x M2,99.28,117.97,292.7,55.0,119.8,218.7,249.6
200,0.30,8.0,-3.80,21.87,75.19,-5.78,25.94,100.72,25.94,100.72,8.39,-5.78,M1->M2 x M3,99.28,117.97,292.7,55.0,119.8,218.7,267.3
200,0.30,9.0,11.51,41.16,96.40,5.90,30.32,102.17,30.32,102.17,14.06,5.90,M1->M2 x M3,99.28,117.97,292.7,55.0,119.8,218.7,285.1
200,0.30,10.0,26.79,60.45,117.59,17.32,35.17,106.64,35.17,106.64,19.77,17.32,M1->M2 x M3,99.28,117.97,292.7,55.0,119.8,218.7,303.0
200,0.30,11.0,42.05,79.71,138.75,28.42,40.34,113.82,39.97,113.82,25.51,25.51,M3->FP x M2,99.28,117.97,292.7,55.0,119.8,218.7,321.1
200,0.30,12.0,57.31,98.95,159.86,39.13,45.73,123.31,44.47,123.31,31.29,31.29,M3->FP x M2,99.28,117.97,292.7,55.0,119.8,218.7,339.2
200,0.30,13.0,72.54,118.16,180.92,49.39,51.30,134.66,48.68,134.66,37.11,37.11,M3->FP x M2,99.28,117.97,292.7,55.0,119.8,218.7,357.5
200,0.30,14.0,87.76,137.33,201.93,59.14,57.01,147.51,52.62,147.51,42.98,42.98,M3->FP x M2,99.28,117.97,292.7,55.0,119.8,218.7,375.9
200,0.30,15.0,102.94,156.46,222.88,68.37,62.84,161.53,56.29,161.56,48.90,48.90,M3->FP x M2,99.28,117.97,292.7,55.0,119.8,218.7,394.5
200,0.30,16.0,118.10,175.54,243.76,77.05,68.78,175.27,59.71,176.59,54.87,54.87,M3->FP x M2,99.28,117.97,292.7,55.0,119.8,218.7,413.3
200,0.30,17.0,133.22,194.57,264.56,85.18,74.82,188.10,62.90,192.42,60.91,60.91,M3->FP x M2,99.28,117.97,292.7,55.0,119.8,218.7,432.3
200,0.30,18.0,148.30,213.54,285.28,92.77,80.96,200.07,65.87,208.95,67.01,65.87,M2->M3 x FP,99.28,117.97,292.7,55.0,119.8,218.7,451.5
200,0.30,19.0,163.33,232.45,305.92,99.83,87.19,211.23,68.64,226.07,73.18,68.64,M2->M3 x FP,99.28,117.97,292.7,55.0,119.8,218.7,470.9
200,0.30,20.0,178.32,251.28,326.46,106.40,93.52,221.63,71.23,243.74,79.42,71.23,M2->M3 x FP,99.28,117.97,292.7,55.0,119.8,218.7,490.5
200,0.35,2.0,-36.33,-47.87,0.03,-47.90,34.59,84.08,34.59,84.08,-35.84,-47.90,M1->M2 x M3,115.92,150.51,277.0,64.2,137.9,234.6,186.3
200,0.35,3.0,-36.07,-47.65,0.05,-47.89,34.59,84.08,34.59,84.08,-30.06,-47.89,M1->M2 x M3,115.92,150.51,277.0,64.2,137.9,234.6,186.3
200,0.35,4.0,-35.92,-47.83,0.07,-47.77,34.59,84.08,34.59,84.08,-24.28,-47.83,in->M1 x M3,115.92,150.51,277.0,64.2,137.9,234.6,199.0
200,0.35,5.0,-36.12,-47.98,4.71,-47.82,34.59,84.08,34.59,84.08,-18.48,-47.98,in->M1 x M3,115.92,150.51,277.0,64.2,137.9,234.6,214.8
200,0.35,6.0,-36.27,-38.65,24.60,-46.83,34.64,84.08,34.64,84.08,-12.67,-46.83,M1->M2 x M3,115.92,150.51,277.0,64.2,137.9,234.6,230.7
200,0.35,7.0,-35.89,-21.22,44.48,-35.13,35.41,84.08,35.41,84.08,-6.83,-35.89,in->M1 x M2,115.92,150.51,277.0,64.2,137.9,234.6,246.7
200,0.35,8.0,-22.20,-3.71,64.35,-23.37,37.10,84.08,37.10,84.08,-0.97,-23.37,M1->M2 x M3,115.92,150.51,277.0,64.2,137.9,234.6,262.7
200,0.35,9.0,-8.45,13.72,84.20,-11.56,39.61,84.08,39.61,84.08,4.74,-11.56,M1->M2 x M3,115.92,150.51,277.0,64.2,137.9,234.6,278.9
200,0.35,10.0,5.30,31.11,104.02,0.31,42.81,84.62,42.81,84.62,10.45,0.31,M1->M2 x M3,115.92,150.51,277.0,64.2,137.9,234.6,295.1
200,0.35,11.0,18.95,48.49,123.81,11.89,46.56,87.94,46.56,87.94,16.19,11.89,M1->M2 x M3,115.92,150.51,277.0,64.2,137.9,234.6,311.4
200,0.35,12.0,32.59,65.85,143.57,23.25,50.77,94.06,50.77,94.06,21.97,21.97,M3->FP x M2,115.92,150.51,277.0,64.2,137.9,234.6,327.8
200,0.35,13.0,46.22,83.20,163.28,34.32,55.34,102.53,55.34,102.53,27.80,27.80,M3->FP x M2,115.92,150.51,277.0,64.2,137.9,234.6,344.4
200,0.35,14.0,59.84,100.51,182.94,45.04,60.21,112.88,60.08,112.88,33.67,33.67,M3->FP x M2,115.92,150.51,277.0,64.2,137.9,234.6,361.0
200,0.35,15.0,73.44,117.80,202.55,55.36,65.33,124.71,64.58,124.71,39.59,39.59,M3->FP x M2,115.92,150.51,277.0,64.2,137.9,234.6,377.9
200,0.35,16.0,87.02,135.06,222.09,65.27,70.66,137.70,68.84,137.70,45.57,45.57,M3->FP x M2,115.92,150.51,277.0,64.2,137.9,234.6,394.9
200,0.35,17.0,100.57,152.27,241.56,74.73,76.17,151.17,72.85,151.61,51.60,51.60,M3->FP x M2,115.92,150.51,277.0,64.2,137.9,234.6,412.0
200,0.35,18.0,114.09,169.43,260.97,83.73,81.85,163.98,76.63,166.27,57.71,57.71,M3->FP x M2,115.92,150.51,277.0,64.2,137.9,234.6,429.4
200,0.35,19.0,127.57,186.54,280.29,92.26,87.69,176.08,80.19,181.57,63.88,63.88,M3->FP x M2,115.92,150.51,277.0,64.2,137.9,234.6,446.9
200,0.35,20.0,141.02,203.60,299.53,100.33,93.67,187.50,83.55,197.43,70.13,70.13,M3->FP x M2,115.92,150.51,277.0,64.2,137.9,234.6,464.7
200,0.40,2.0,-41.86,-59.23,0.05,-58.97,53.07,67.41,53.07,67.41,-42.04,-59.23,in->M1 x M3,132.59,185.66,265.3,73.3,157.5,253.1,186.0
200,0.40,3.0,-42.15,-59.09,0.02,-59.23,53.07,67.41,53.07,67.41,-40.46,-59.23,M1->M2 x M3,132.59,185.66,265.3,73.3,157.5,253.1,189.0
200,0.40,4.0,-41.79,-59.13,0.20,-59.00,53.07,67.41,53.07,67.41,-34.67,-59.13,in->M1 x M3,132.59,185.66,265.3,73.3,157.5,253.1,203.6
200,0.40,5.0,-41.98,-59.20,0.23,-58.94,53.07,67.41,53.07,67.41,-28.87,-59.20,in->M1 x M3,132.59,185.66,265.3,73.3,157.5,253.1,218.2
200,0.40,6.0,-41.93,-58.88,19.20,-59.10,53.07,67.41,53.07,67.41,-23.05,-59.10,M1->M2 x M3,132.59,185.66,265.3,73.3,157.5,253.1,232.8
200,0.40,7.0,-41.44,-42.99,38.17,-52.80,53.15,67.41,53.15,67.41,-17.22,-52.80,M1->M2 x M3,132.59,185.66,265.3,73.3,157.5,253.1,247.5
200,0.40,8.0,-37.32,-27.04,57.12,-41.03,53.80,67.41,53.80,67.41,-11.35,-41.03,M1->M2 x M3,132.59,185.66,265.3,73.3,157.5,253.1,262.3
200,0.40,9.0,-24.84,-11.02,76.05,-29.21,55.07,67.41,55.07,67.41,-5.46,-29.21,M1->M2 x M3,132.59,185.66,265.3,73.3,157.5,253.1,277.2
200,0.40,10.0,-12.29,5.02,94.96,-17.33,56.94,67.41,56.94,67.41,0.45,-17.33,M1->M2 x M3,132.59,185.66,265.3,73.3,157.5,253.1,292.1
200,0.40,11.0,0.33,20.93,113.85,-5.37,59.36,67.45,59.36,67.45,6.19,-5.37,M1->M2 x M3,132.59,185.66,265.3,73.3,157.5,253.1,307.1
200,0.40,12.0,12.76,36.83,132.70,6.47,62.27,69.64,62.27,69.64,11.97,6.47,M1->M2 x M3,132.59,185.66,265.3,73.3,157.5,253.1,322.3
200,0.40,13.0,25.20,52.72,151.50,18.02,65.63,74.91,65.63,74.91,17.80,17.80,M3->FP x M2,132.59,185.66,265.3,73.3,157.5,253.1,337.5
200,0.40,14.0,37.62,68.59,170.26,29.35,69.38,82.76,69.38,82.76,23.67,23.67,M3->FP x M2,132.59,185.66,265.3,73.3,157.5,253.1,352.9
200,0.40,15.0,50.04,84.44,188.97,40.41,73.49,92.59,73.49,92.59,29.60,29.60,M3->FP x M2,132.59,185.66,265.3,73.3,157.5,253.1,368.4
200,0.40,16.0,62.44,100.27,207.63,51.16,77.90,103.91,77.90,103.91,35.58,35.58,M3->FP x M2,132.59,185.66,265.3,73.3,157.5,253.1,384.0
200,0.40,17.0,74.82,116.06,226.22,61.57,82.59,116.36,82.56,116.36,41.62,41.62,M3->FP x M2,132.59,185.66,265.3,73.3,157.5,253.1,399.8
200,0.40,18.0,87.18,131.82,244.74,71.61,87.53,129.44,87.10,129.67,47.72,47.72,M3->FP x M2,132.59,185.66,265.3,73.3,157.5,253.1,415.8
200,0.40,19.0,99.51,147.54,263.18,81.28,92.69,142.07,91.42,143.67,53.90,53.90,M3->FP x M2,132.59,185.66,265.3,73.3,157.5,253.1,432.0
200,0.40,20.0,111.81,163.22,281.55,90.54,98.07,154.14,95.52,158.26,60.15,60.15,M3->FP x M2,132.59,185.66,265.3,73.3,157.5,253.1,448.3
200,0.45,2.0,-47.03,-71.16,0.06,-70.86,73.72,50.70,73.72,50.70,-47.31,-71.16,in->M1 x M3,149.30,223.01,256.2,82.5,178.3,273.7,185.7
200,0.45,3.0,-47.44,-71.16,0.07,-71.09,73.72,50.70,73.72,50.70,-47.36,-71.16,in->M1 x M3,149.30,223.01,256.2,82.5,178.3,273.7,196.3
200,0.45,4.0,-46.67,-70.82,0.04,-71.18,73.72,50.70,73.72,50.70,-45.67,-71.18,M1->M2 x M3,149.30,223.01,256.2,82.5,178.3,273.7,209.9
200,0.45,5.0,-47.12,-71.13,0.04,-71.00,73.72,50.70,73.72,50.70,-39.86,-71.13,in->M1 x M3,149.30,223.01,256.2,82.5,178.3,273.7,223.6
200,0.45,6.0,-46.75,-71.07,15.64,-70.86,73.72,50.70,73.72,50.70,-34.04,-71.07,in->M1 x M3,149.30,223.01,256.2,82.5,178.3,273.7,237.3
200,0.45,7.0,-46.94,-63.57,34.00,-70.42,73.72,50.70,73.72,50.70,-28.20,-70.42,M1->M2 x M3,149.30,223.01,256.2,82.5,178.3,273.7,251.0
200,0.45,8.0,-46.81,-48.90,52.35,-58.64,73.84,50.70,73.84,50.70,-22.34,-58.64,M1->M2 x M3,149.30,223.01,256.2,82.5,178.3,273.7,264.8
200,0.45,9.0,-38.76,-34.15,70.68,-46.81,74.41,50.70,74.41,50.70,-16.44,-46.81,M1->M2 x M3,149.30,223.01,256.2,82.5,178.3,273.7,278.6
200,0.45,10.0,-27.21,-19.33,88.99,-34.92,75.44,50.70,75.44,50.70,-10.51,-34.92,M1->M2 x M3,149.30,223.01,256.2,82.5,178.3,273.7,292.6
200,0.45,11.0,-15.59,-4.42,107.28,-22.95,76.93,50.70,76.93,50.70,-4.55,-22.95,M1->M2 x M3,149.30,223.01,256.2,82.5,178.3,273.7,306.6
200,0.45,12.0,-3.89,10.37,125.53,-10.90,78.85,50.70,78.85,50.70,1.40,-10.90,M1->M2 x M3,149.30,223.01,256.2,82.5,178.3,273.7,320.7
200,0.45,13.0,7.70,25.08,143.74,1.20,81.19,51.62,81.19,51.62,7.23,1.20,M1->M2 x M3,149.30,223.01,256.2,82.5,178.3,273.7,335.0
200,0.45,14.0,19.21,39.78,161.91,12.92,83.92,56.10,83.92,56.10,13.10,12.92,M1->M2 x M3,149.30,223.01,256.2,82.5,178.3,273.7,349.3
200,0.45,15.0,30.71,54.46,180.03,24.46,87.02,63.63,87.02,63.63,19.03,19.03,M3->FP x M2,149.30,223.01,256.2,82.5,178.3,273.7,363.8
200,0.45,16.0,42.20,69.13,198.09,35.78,90.47,73.36,90.47,73.36,25.01,25.01,M3->FP x M2,149.30,223.01,256.2,82.5,178.3,273.7,378.4
200,0.45,17.0,53.67,83.78,216.10,46.86,94.23,84.60,94.23,84.60,31.05,31.05,M3->FP x M2,149.30,223.01,256.2,82.5,178.3,273.7,393.2
200,0.45,18.0,65.13,98.41,234.03,57.66,98.29,96.92,98.29,96.92,37.16,37.16,M3->FP x M2,149.30,223.01,256.2,82.5,178.3,273.7,408.1
200,0.45,19.0,76.57,113.00,251.90,68.16,102.63,109.70,102.63,110.02,43.34,43.34,M3->FP x M2,149.30,223.01,256.2,82.5,178.3,273.7,423.2
200,0.45,20.0,87.99,127.56,269.69,78.35,107.24,122.07,107.24,123.72,49.59,49.59,M3->FP x M2,149.30,223.01,256.2,82.5,178.3,273.7,438.4
200,0.50,2.0,-52.32,-83.63,0.03,-83.52,96.12,33.96,96.12,33.96,-52.70,-83.63,in->M1 x M3,166.04,262.16,248.9,91.7,200.1,296.1,192.0
200,0.50,3.0,-52.07,-83.71,0.26,-83.36,96.12,33.96,96.12,33.96,-52.69,-83.71,in->M1 x M3,166.04,262.16,248.9,91.7,200.1,296.1,204.8
200,0.50,4.0,-52.00,-83.46,0.25,-83.44,96.12,33.96,96.12,33.96,-52.68,-83.46,in->M1 x M3,166.04,262.16,248.9,91.7,200.1,296.1,217.6
200,0.50,5.0,-52.21,-83.46,0.02,-83.48,96.12,33.96,96.12,33.96,-51.34,-83.48,M1->M2 x M3,166.04,262.16,248.9,91.7,200.1,296.1,230.5
200,0.50,6.0,-52.22,-83.70,13.40,-83.48,96.12,33.96,96.12,33.96,-45.52,-83.70,in->M1 x M3,166.04,262.16,248.9,91.7,200.1,296.1,243.4
200,0.50,7.0,-52.37,-83.39,31.37,-83.65,96.12,33.96,96.12,33.96,-39.67,-83.65,M1->M2 x M3,166.04,262.16,248.9,91.7,200.1,296.1,256.3
200,0.50,8.0,-52.49,-69.80,49.34,-76.06,96.12,33.96,96.12,33.96,-33.81,-76.06,M1->M2 x M3,166.04,262.16,248.9,91.7,200.1,296.1,269.3
200,0.50,9.0,-50.95,-56.14,67.29,-64.22,96.28,33.96,96.28,33.96,-27.91,-64.22,M1->M2 x M3,166.04,262.16,248.9,91.7,200.1,296.1,282.4
200,0.50,10.0,-40.20,-42.41,85.22,-52.31,96.80,33.96,96.80,33.96,-21.98,-52.31,M1->M2 x M3,166.04,262.16,248.9,91.7,200.1,296.1,295.6
200,0.50,11.0,-29.38,-28.59,103.13,-40.33,97.69,33.96,97.69,33.96,-16.01,-40.33,M1->M2 x M3,166.04,262.16,248.9,91.7,200.1,296.1,308.8
200,0.50,12.0,-18.48,-14.68,121.00,-28.27,98.93,33.96,98.93,33.96,-10.01,-28.27,M1->M2 x M3,166.04,262.16,248.9,91.7,200.1,296.1,322.1
200,0.50,13.0,-7.51,-0.67,138.84,-16.13,100.53,33.96,100.53,33.96,-3.96,-16.13,M1->M2 x M3,166.04,262.16,248.9,91.7,200.1,296.1,335.5
200,0.50,14.0,3.45,13.06,156.63,-3.88,102.48,34.03,102.48,34.03,2.06,-3.88,M1->M2 x M3,166.04,262.16,248.9,91.7,200.1,296.1,349.1
200,0.50,15.0,14.22,26.77,174.38,8.11,104.76,37.48,104.76,37.48,7.99,7.99,M3->FP x M2,166.04,262.16,248.9,91.7,200.1,296.1,362.7
200,0.50,16.0,24.99,40.48,192.07,19.83,107.38,45.05,107.38,45.05,13.98,13.98,M3->FP x M2,166.04,262.16,248.9,91.7,200.1,296.1,376.5
200,0.50,17.0,35.74,54.17,209.71,31.37,110.31,55.17,110.31,55.17,20.02,20.02,M3->FP x M2,166.04,262.16,248.9,91.7,200.1,296.1,390.4
200,0.50,18.0,46.49,67.84,227.28,42.72,113.54,66.79,113.54,66.79,26.13,26.13,M3->FP x M2,166.04,262.16,248.9,91.7,200.1,296.1,404.5
200,0.50,19.0,57.22,81.50,244.78,53.84,117.07,79.28,117.07,79.33,32.31,32.31,M3->FP x M2,166.04,262.16,248.9,91.7,200.1,296.1,418.7
200,0.50,20.0,67.94,95.13,262.21,64.71,120.88,91.67,120.88,92.51,38.57,38.57,M3->FP x M2,166.04,262.16,248.9,91.7,200.1,296.1,433.1
200,0.55,2.0,-57.85,-96.58,0.35,-96.38,119.88,17.18,119.88,17.18,-57.88,-96.58,in->M1 x M3,182.82,302.71,243.0,100.8,222.7,319.9,201.9
200,0.55,3.0,-57.42,-96.54,0.04,-96.29,119.88,17.18,119.88,17.18,-57.88,-96.54,in->M1 x M3,182.82,302.71,243.0,100.8,222.7,319.9,214.1
200,0.55,4.0,-57.63,-96.37,0.21,-96.47,119.88,17.18,119.88,17.18,-57.81,-96.47,M1->M2 x M3,182.82,302.71,243.0,100.8,222.7,319.9,226.3
200,0.55,5.0,-57.60,-96.58,0.21,-96.69,119.88,17.18,119.88,17.18,-57.84,-96.69,M1->M2 x M3,182.82,302.71,243.0,100.8,222.7,319.9,238.5
200,0.55,6.0,-57.64,-96.44,12.11,-96.44,119.88,17.18,119.88,17.18,-57.37,-96.44,M1->M2 x M3,182.82,302.71,243.0,100.8,222.7,319.9,250.8
200,0.55,7.0,-57.52,-96.34,29.87,-96.38,119.88,17.18,119.88,17.18,-51.52,-96.38,M1->M2 x M3,182.82,302.71,243.0,100.8,222.7,319.9,263.1
200,0.55,8.0,-57.77,-90.03,47.62,-93.16,119.88,17.18,119.88,17.18,-45.65,-93.16,M1->M2 x M3,182.82,302.71,243.0,100.8,222.7,319.9,275.4
200,0.55,9.0,-57.30,-77.32,65.35,-81.31,119.89,17.18,119.89,17.18,-39.75,-81.31,M1->M2 x M3,182.82,302.71,243.0,100.8,222.7,319.9,287.9
200,0.55,10.0,-51.78,-64.53,83.07,-69.39,120.08,17.18,120.08,17.18,-33.82,-69.39,M1->M2 x M3,182.82,302.71,243.0,100.8,222.7,319.9,300.4
200,0.55,11.0,-41.62,-51.67,100.76,-57.40,120.57,17.18,120.57,17.18,-27.85,-57.40,M1->M2 x M3,182.82,302.71,243.0,100.8,222.7,319.9,312.9
200,0.55,12.0,-31.38,-38.72,118.41,-45.33,121.35,17.18,121.35,17.18,-21.84,-45.33,M1->M2 x M3,182.82,302.71,243.0,100.8,222.7,319.9,325.6
200,0.55,13.0,-21.07,-25.67,136.04,-33.17,122.43,17.18,122.43,17.18,-15.79,-33.17,M1->M2 x M3,182.82,302.71,243.0,100.8,222.7,319.9,338.4
200,0.55,14.0,-10.68,-12.52,153.62,-20.91,123.81,17.18,123.81,17.18,-9.68,-20.91,M1->M2 x M3,182.82,302.71,243.0,100.8,222.7,319.9,351.2
200,0.55,15.0,-0.20,0.72,171.15,-8.55,125.49,17.18,125.49,17.18,-3.53,-8.55,M1->M2 x M3,182.82,302.71,243.0,100.8,222.7,319.9,364.2
200,0.55,16.0,9.98,13.59,188.63,3.75,127.46,19.00,127.46,19.00,2.59,2.59,M3->FP x M2,182.82,302.71,243.0,100.8,222.7,319.9,377.3
200,0.55,17.0,20.16,26.46,206.06,15.63,129.71,27.37,129.71,27.37,8.63,8.63,M3->FP x M2,182.82,302.71,243.0,100.8,222.7,319.9,390.5
200,0.55,18.0,30.33,39.32,223.42,27.36,132.26,38.67,132.26,38.67,14.75,14.75,M3->FP x M2,182.82,302.71,243.0,100.8,222.7,319.9,403.9
200,0.55,19.0,40.49,52.17,240.71,38.93,135.08,50.98,135.08,51.10,20.93,20.93,M3->FP x M2,182.82,302.71,243.0,100.8,222.7,319.9,417.5
200,0.55,20.0,50.63,65.21,257.93,50.32,138.18,63.19,138.18,64.12,27.19,27.19,M3->FP x M2,182.82,302.71,243.0,100.8,222.7,319.9,431.2
200,0.60,2.0,-62.96,-109.61,0.31,-109.63,144.60,0.36,144.60,0.36,-62.87,-109.63,M1->M2 x M3,199.64,344.24,238.0,110.0,245.8,344.6,212.3
200,0.60,3.0,-62.80,-109.96,0.24,-109.95,144.60,0.36,144.60,0.36,-63.10,-109.96,in->M1 x M3,199.64,344.24,238.0,110.0,245.8,344.6,223.9
200,0.60,4.0,-62.62,-109.86,0.05,-109.82,144.60,0.36,144.60,0.36,-63.18,-109.86,in->M1 x M3,199.64,344.24,238.0,110.0,245.8,344.6,235.6
200,0.60,5.0,-62.67,-109.57,0.18,-109.53,144.60,0.36,144.60,0.36,-63.23,-109.57,in->M1 x M3,199.64,344.24,238.0,110.0,245.8,344.6,247.3
200,0.60,6.0,-62.89,-109.55,11.54,-109.60,144.60,0.36,144.60,0.36,-63.04,-109.60,M1->M2 x M3,199.64,344.24,238.0,110.0,245.8,344.6,259.1
200,0.60,7.0,-63.15,-109.75,29.20,-109.81,144.60,0.36,144.60,0.36,-62.86,-109.81,M1->M2 x M3,199.64,344.24,238.0,110.0,245.8,344.6,270.8
200,0.60,8.0,-63.05,-109.75,46.86,-109.82,144.60,0.36,144.60,0.36,-57.76,-109.82,M1->M2 x M3,199.64,344.24,238.0,110.0,245.8,344.6,282.7
200,0.60,9.0,-62.71,-97.87,64.49,-97.95,144.60,0.36,144.60,0.36,-51.86,-97.95,M1->M2 x M3,199.64,344.24,238.0,110.0,245.8,344.6,294.6
200,0.60,10.0,-62.31,-85.92,82.11,-86.02,144.62,0.36,144.62,0.36,-45.92,-86.02,M1->M2 x M3,199.64,344.24,238.0,110.0,245.8,344.6,306.5
200,0.60,11.0,-52.70,-73.90,99.70,-74.02,144.83,0.36,144.83,0.36,-39.95,-74.02,M1->M2 x M3,199.64,344.24,238.0,110.0,245.8,344.6,318.6
200,0.60,12.0,-43.01,-61.80,117.27,-61.94,145.30,0.36,145.30,0.36,-33.93,-61.94,M1->M2 x M3,199.64,344.24,238.0,110.0,245.8,344.6,330.7
200,0.60,13.0,-33.26,-49.61,134.79,-49.76,146.01,0.36,146.01,0.36,-27.88,-49.76,M1->M2 x M3,199.64,344.24,238.0,110.0,245.8,344.6,342.9
200,0.60,14.0,-23.42,-37.32,152.28,-37.49,146.98,0.36,146.98,0.36,-21.77,-37.49,M1->M2 x M3,199.64,344.24,238.0,110.0,245.8,344.6,355.2
200,0.60,15.0,-13.51,-24.93,169.72,-25.12,148.20,0.36,148.20,0.36,-15.61,-25.12,M1->M2 x M3,199.64,344.24,238.0,110.0,245.8,344.6,367.6
200,0.60,16.0,-3.50,-12.42,187.10,-12.63,149.68,0.36,149.68,0.36,-9.40,-12.63,M1->M2 x M3,199.64,344.24,238.0,110.0,245.8,344.6,380.2
200,0.60,17.0,6.33,0.20,204.43,-0.01,151.42,0.78,151.42,0.78,-3.12,-3.12,M3->FP x M2,199.64,344.24,238.0,110.0,245.8,344.6,392.8
200,0.60,18.0,16.02,12.87,221.70,12.01,153.42,12.88,153.42,13.46,3.11,3.11,M3->FP x M2,199.64,344.24,238.0,110.0,245.8,344.6,405.6
200,0.60,19.0,25.71,25.77,238.90,23.91,155.67,24.88,155.67,26.36,9.29,9.29,M3->FP x M2,199.64,344.24,238.0,110.0,245.8,344.6,418.6
200,0.60,20.0,35.39,38.83,256.03,35.68,158.18,36.75,158.18,39.42,15.55,15.55,M3->FP x M2,199.64,344.24,238.0,110.0,245.8,344.6,431.7
200,0.65,2.0,-67.92,16.50,0.29,16.50,169.85,-105.36,169.85,-105.27,-68.30,-105.36,M2->M3 x M1,216.50,386.35,233.8,119.2,269.3,386.3,223.0
200,0.65,3.0,-68.08,16.50,0.26,16.50,169.85,-105.08,169.85,-104.71,-68.50,-105.08,M2->M3 x M1,216.50,386.35,233.8,119.2,269.3,386.3,234.2
200,0.65,4.0,-68.35,16.50,0.08,16.50,169.85,-105.36,169.85,-105.17,-68.10,-105.36,M2->M3 x M1,216.50,386.35,233.8,119.2,269.3,386.3,245.5
200,0.65,5.0,-68.44,16.50,0.15,16.50,169.85,-105.04,169.85,-105.06,-68.33,-105.06,M3->FP x M1,216.50,386.35,233.8,119.2,269.3,386.3,256.7
200,0.65,6.0,-68.23,16.50,11.50,16.50,169.85,-104.57,169.85,-105.16,-68.20,-105.16,M3->FP x M1,216.50,386.35,233.8,119.2,269.3,386.3,268.0
200,0.65,7.0,-68.04,16.50,29.16,16.50,169.85,-104.85,169.85,-105.32,-68.22,-105.32,M3->FP x M1,216.50,386.35,233.8,119.2,269.3,386.3,279.4
200,0.65,8.0,-67.89,16.50,46.80,16.50,169.85,-105.42,169.85,-104.70,-68.25,-105.42,M2->M3 x M1,216.50,386.35,233.8,119.2,269.3,386.3,290.8
200,0.65,9.0,-67.79,16.50,64.43,16.50,169.85,-105.21,169.85,-105.04,-64.11,-105.21,M2->M3 x M1,216.50,386.35,233.8,119.2,269.3,386.3,302.2
200,0.65,10.0,-67.75,16.50,82.04,16.50,169.85,-102.25,169.85,-96.92,-58.17,-102.25,M2->M3 x M1,216.50,386.35,233.8,119.2,269.3,386.3,313.7
200,0.65,11.0,-62.88,16.50,99.63,16.50,169.89,-91.15,169.89,-85.37,-52.19,-91.15,M2->M3 x M1,216.50,386.35,233.8,119.2,269.3,386.3,325.3
200,0.65,12.0,-53.66,16.50,117.19,16.50,170.13,-79.98,170.13,-73.73,-46.18,-79.98,M2->M3 x M1,216.50,386.35,233.8,119.2,269.3,386.3,336.9
200,0.65,13.0,-44.38,16.50,134.71,16.50,170.58,-68.72,170.58,-62.02,-40.12,-68.72,M2->M3 x M1,216.50,386.35,233.8,119.2,269.3,386.3,348.7
200,0.65,14.0,-35.02,16.50,152.19,16.50,171.24,-57.38,171.24,-50.21,-34.01,-57.38,M2->M3 x M1,216.50,386.35,233.8,119.2,269.3,386.3,360.5
200,0.65,15.0,-25.58,16.50,169.62,16.50,172.13,-45.93,172.13,-38.29,-27.85,-45.93,M2->M3 x M1,216.50,386.35,233.8,119.2,269.3,386.3,372.5
200,0.65,16.0,-16.05,16.50,187.00,16.50,173.24,-34.38,173.24,-26.27,-21.63,-34.38,M2->M3 x M1,216.50,386.35,233.8,119.2,269.3,386.3,384.5
200,0.65,17.0,-6.42,16.50,204.32,16.50,174.58,-22.72,174.58,-14.13,-15.35,-22.72,M2->M3 x M1,216.50,386.35,233.8,119.2,269.3,386.3,396.7
200,0.65,18.0,3.14,16.50,221.58,16.50,176.15,-10.93,176.15,-1.85,-9.00,-10.93,M2->M3 x M1,216.50,386.35,233.8,119.2,269.3,386.3,409.0
200,0.65,19.0,12.43,16.90,238.78,16.90,177.95,0.95,177.95,10.18,-2.58,-2.58,M3->FP x M2,216.50,386.35,233.8,119.2,269.3,386.3,421.5
200,0.65,20.0,21.72,23.15,255.90,23.15,179.99,12.38,179.99,22.29,3.78,3.78,M3->FP x M2,216.50,386.35,233.8,119.2,269.3,386.3,434.1
200,0.70,2.0,-73.69,33.39,0.42,33.39,195.24,-104.63,195.24,-105.19,-73.65,-105.19,M3->FP x M1,233.39,428.63,230.2,128.3,292.8,428.6,239.9
200,0.70,3.0,-73.02,33.39,0.09,33.39,195.24,-104.77,195.24,-105.17,-73.56,-105.17,M3->FP x M1,233.39,428.63,230.2,128.3,292.8,428.6,244.8
200,0.70,4.0,-73.19,33.39,0.02,33.39,195.24,-105.13,195.24,-105.31,-73.44,-105.31,M3->FP x M1,233.39,428.63,230.2,128.3,292.8,428.6,255.7
200,0.70,5.0,-73.76,33.39,0.43,33.39,195.24,-105.37,195.24,-105.41,-73.74,-105.41,M3->FP x M1,233.39,428.63,230.2,128.3,292.8,428.6,266.5
200,0.70,6.0,-73.16,33.39,11.85,33.39,195.24,-105.07,195.24,-105.36,-73.39,-105.36,M3->FP x M1,233.39,428.63,230.2,128.3,292.8,428.6,277.4
200,0.70,7.0,-73.74,33.39,29.56,33.39,195.24,-104.81,195.24,-105.40,-73.76,-105.40,M3->FP x M1,233.39,428.63,230.2,128.3,292.8,428.6,288.4
200,0.70,8.0,-73.30,33.39,47.27,33.39,195.24,-104.48,195.24,-105.38,-73.40,-105.38,M3->FP x M1,233.39,428.63,230.2,128.3,292.8,428.6,299.4
200,0.70,9.0,-73.47,33.39,64.96,33.39,195.24,-105.41,195.24,-105.39,-73.69,-105.41,M2->M3 x M1,233.39,428.63,230.2,128.3,292.8,428.6,310.5
200,0.70,10.0,-73.66,33.39,82.63,33.39,195.24,-105.31,195.24,-105.31,-70.46,-105.31,M2->M3 x M1,233.39,428.63,230.2,128.3,292.8,428.6,321.6
200,0.70,11.0,-72.36,33.39,100.27,33.39,195.24,-105.28,195.24,-96.59,-64.48,-105.28,M2->M3 x M1,233.39,428.63,230.2,128.3,292.8,428.6,332.8
200,0.70,12.0,-63.54,33.39,117.89,33.39,195.31,-96.73,195.31,-85.36,-58.46,-96.73,M2->M3 x M1,233.39,428.63,230.2,128.3,292.8,428.6,344.0
200,0.70,13.0,-54.66,33.39,135.47,33.39,195.56,-86.28,195.56,-74.04,-52.39,-86.28,M2->M3 x M1,233.39,428.63,230.2,128.3,292.8,428.6,355.4
200,0.70,14.0,-45.71,33.39,153.00,33.39,196.00,-75.74,196.00,-62.63,-46.28,-75.74,M2->M3 x M1,233.39,428.63,230.2,128.3,292.8,428.6,366.8
200,0.70,15.0,-36.67,33.39,170.49,33.39,196.63,-65.12,196.63,-51.12,-40.12,-65.12,M2->M3 x M1,233.39,428.63,230.2,128.3,292.8,428.6,378.4
200,0.70,16.0,-27.56,33.39,187.93,33.39,197.46,-54.39,197.46,-39.50,-33.89,-54.39,M2->M3 x M1,233.39,428.63,230.2,128.3,292.8,428.6,390.0
200,0.70,17.0,-18.35,33.39,205.31,33.39,198.49,-43.56,198.49,-27.77,-27.61,-43.56,M2->M3 x M1,233.39,428.63,230.2,128.3,292.8,428.6,401.8
200,0.70,18.0,-9.04,33.39,222.63,33.39,199.73,-32.61,199.73,-15.92,-21.26,-32.61,M2->M3 x M1,233.39,428.63,230.2,128.3,292.8,428.6,413.7
200,0.70,19.0,0.35,33.39,239.88,33.39,201.18,-21.54,201.18,-3.93,-14.83,-21.54,M2->M3 x M1,233.39,428.63,230.2,128.3,292.8,428.6,425.7
200,0.70,20.0,9.30,33.39,257.06,33.39,202.83,-10.34,202.83,7.91,-8.33,-10.34,M2->M3 x M1,233.39,428.63,230.2,128.3,292.8,428.6,437.9
200,0.75,2.0,-78.25,50.31,0.22,50.31,220.36,-105.23,220.36,-104.59,-78.85,-105.23,M2->M3 x M1,250.31,470.66,227.1,137.5,316.2,470.7,263.2
200,0.75,3.0,-78.75,50.31,0.10,50.31,220.36,-105.20,220.36,-104.74,-78.96,-105.20,M2->M3 x M1,250.31,470.66,227.1,137.5,316.2,470.7,263.2
200,0.75,4.0,-78.51,50.31,0.31,50.31,220.36,-105.01,220.36,-105.20,-78.65,-105.20,M3->FP x M1,250.31,470.66,227.1,137.5,316.2,470.7,266.0
200,0.75,5.0,-78.64,50.31,0.01,50.31,220.36,-105.36,220.36,-105.37,-78.46,-105.37,M3->FP x M1,250.31,470.66,227.1,137.5,316.2,470.7,276.5
200,0.75,6.0,-78.93,50.31,12.47,50.31,220.36,-104.00,220.36,-105.14,-78.74,-105.14,M3->FP x M1,250.31,470.66,227.1,137.5,316.2,470.7,287.1
200,0.75,7.0,-78.02,50.31,30.29,50.31,220.36,-105.14,220.36,-104.79,-79.00,-105.14,M2->M3 x M1,250.31,470.66,227.1,137.5,316.2,470.7,297.7
200,0.75,8.0,-78.89,50.31,48.10,50.31,220.36,-104.91,220.36,-104.43,-78.89,-104.91,M2->M3 x M1,250.31,470.66,227.1,137.5,316.2,470.7,308.4
200,0.75,9.0,-78.48,50.31,65.89,50.31,220.36,-105.17,220.36,-105.41,-78.69,-105.41,M3->FP x M1,250.31,470.66,227.1,137.5,316.2,470.7,319.1
200,0.75,10.0,-78.85,50.31,83.67,50.31,220.36,-105.28,220.36,-105.41,-78.72,-105.41,M3->FP x M1,250.31,470.66,227.1,137.5,316.2,470.7,329.9
200,0.75,11.0,-78.75,50.31,101.41,50.31,220.36,-104.08,220.36,-105.37,-76.69,-105.37,M3->FP x M1,250.31,470.66,227.1,137.5,316.2,470.7,340.7
200,0.75,12.0,-72.81,50.31,119.13,50.31,220.36,-105.15,220.36,-96.29,-70.66,-105.15,M2->M3 x M1,250.31,470.66,227.1,137.5,316.2,470.7,351.7
200,0.75,13.0,-64.28,50.31,136.81,50.31,220.45,-102.04,220.45,-85.31,-64.60,-102.04,M2->M3 x M1,250.31,470.66,227.1,137.5,316.2,470.7,362.7
200,0.75,14.0,-55.67,50.31,154.45,50.31,220.72,-92.20,220.72,-74.25,-58.48,-92.20,M2->M3 x M1,250.31,470.66,227.1,137.5,316.2,470.7,373.8
200,0.75,15.0,-46.99,50.31,172.05,50.31,221.15,-82.29,221.15,-63.09,-52.31,-82.29,M2->M3 x M1,250.31,470.66,227.1,137.5,316.2,470.7,385.0
200,0.75,16.0,-38.24,50.31,189.59,50.31,221.76,-72.28,221.76,-51.83,-46.08,-72.28,M2->M3 x M1,250.31,470.66,227.1,137.5,316.2,470.7,396.3
200,0.75,17.0,-29.39,50.31,207.07,50.31,222.55,-62.17,222.55,-40.46,-39.79,-62.17,M2->M3 x M1,250.31,470.66,227.1,137.5,316.2,470.7,407.7
200,0.75,18.0,-20.45,50.31,224.49,50.31,223.53,-51.95,223.53,-28.96,-33.44,-51.95,M2->M3 x M1,250.31,470.66,227.1,137.5,316.2,470.7,419.2
200,0.75,19.0,-11.41,50.31,241.84,50.31,224.69,-41.62,224.69,-17.34,-27.01,-41.62,M2->M3 x M1,250.31,470.66,227.1,137.5,316.2,470.7,430.9
200,0.75,20.0,-2.26,50.31,259.12,50.31,226.04,-31.16,226.04,-5.57,-20.51,-31.16,M2->M3 x M1,250.31,470.66,227.1,137.5,316.2,470.7,442.7
200,0.80,2.0,-83.55,67.26,0.02,67.26,244.78,-105.38,244.78,-105.10,-83.81,-105.38,M2->M3 x M1,267.26,512.04,224.3,146.7,339.3,512.0,286.2
200,0.80,3.0,-83.82,67.26,0.33,67.26,244.78,-105.33,244.78,-105.33,-83.94,-105.33,M3->FP x M1,267.26,512.04,224.3,146.7,339.3,512.0,286.2
200,0.80,4.0,-83.77,67.26,0.15,67.26,244.78,-104.23,244.78,-104.51,-84.05,-104.51,M3->FP x M1,267.26,512.04,224.3,146.7,339.3,512.0,286.2
200,0.80,5.0,-83.64,67.26,0.13,67.26,244.78,-105.39,244.78,-105.32,-83.65,-105.39,M2->M3 x M1,267.26,512.04,224.3,146.7,339.3,512.0,286.5
200,0.80,6.0,-84.06,67.26,13.26,67.26,244.78,-104.15,244.78,-105.20,-84.32,-105.20,M3->FP x M1,267.26,512.04,224.3,146.7,339.3,512.0,296.8
200,0.80,7.0,-84.08,67.26,31.21,67.26,244.78,-105.14,244.78,-104.49,-84.29,-105.14,M2->M3 x M1,267.26,512.04,224.3,146.7,339.3,512.0,307.2
200,0.80,8.0,-84.05,67.26,49.16,67.26,244.78,-105.17,244.78,-105.27,-84.27,-105.27,M3->FP x M1,267.26,512.04,224.3,146.7,339.3,512.0,317.5
200,0.80,9.0,-83.48,67.26,67.09,67.26,244.78,-104.77,244.78,-105.40,-83.65,-105.40,M3->FP x M1,267.26,512.04,224.3,146.7,339.3,512.0,328.0
200,0.80,10.0,-84.12,67.26,84.99,67.26,244.78,-105.35,244.78,-104.87,-84.17,-105.35,M2->M3 x M1,267.26,512.04,224.3,146.7,339.3,512.0,338.5
200,0.80,11.0,-83.95,67.26,102.88,67.26,244.79,-104.05,244.79,-104.77,-84.26,-104.77,M3->FP x M1,267.26,512.04,224.3,146.7,339.3,512.0,349.0
200,0.80,12.0,-81.58,67.26,120.73,67.26,244.78,-105.30,244.78,-105.22,-82.68,-105.30,M2->M3 x M1,267.26,512.04,224.3,146.7,339.3,512.0,359.6
200,0.80,13.0,-73.35,67.26,138.54,67.26,244.79,-103.77,244.79,-95.86,-76.61,-103.77,M2->M3 x M1,267.26,512.04,224.3,146.7,339.3,512.0,370.4
200,0.80,14.0,-65.05,67.26,156.31,67.26,244.92,-105.19,244.92,-85.10,-70.49,-105.19,M2->M3 x M1,267.26,512.04,224.3,146.7,339.3,512.0,381.2
200,0.80,15.0,-56.68,67.26,174.04,67.26,245.19,-97.74,245.19,-74.25,-64.31,-97.74,M2->M3 x M1,267.26,512.04,224.3,146.7,339.3,512.0,392.0
200,0.80,16.0,-48.24,67.26,191.71,67.26,245.63,-88.35,245.63,-63.29,-58.08,-88.35,M2->M3 x M1,267.26,512.04,224.3,146.7,339.3,512.0,403.0
200,0.80,17.0,-39.71,67.26,209.32,67.26,246.23,-78.88,246.23,-52.23,-51.79,-78.88,M2->M3 x M1,267.26,512.04,224.3,146.7,339.3,512.0,414.1
200,0.80,18.0,-31.09,67.26,226.87,67.26,246.99,-69.30,246.99,-41.05,-45.43,-69.30,M2->M3 x M1,267.26,512.04,224.3,146.7,339.3,512.0,425.4
200,0.80,19.0,-22.37,67.26,244.35,67.26,247.92,-59.61,247.92,-29.75,-39.00,-59.61,M2->M3 x M1,267.26,512.04,224.3,146.7,339.3,512.0,436.7
200,0.80,20.0,-13.55,67.26,261.75,67.26,249.03,-49.81,249.03,-18.31,-32.49,-49.81,M2->M3 x M1,267.26,512.04,224.3,146.7,339.3,512.0,448.2
200,0.85,2.0,-89.29,84.23,0.29,84.23,268.11,-103.43,268.11,-105.31,-89.18,-105.31,M3->FP x M1,284.23,552.34,221.9,155.8,361.7,552.3,308.6
200,0.85,3.0,-89.50,84.23,0.02,84.23,268.11,-105.10,268.11,-104.22,-89.26,-105.10,M2->M3 x M1,284.23,552.34,221.9,155.8,361.7,552.3,308.6
200,0.85,4.0,-89.10,84.23,0.09,84.23,268.11,-105.27,268.11,-105.32,-89.60,-105.32,M3->FP x M1,284.23,552.34,221.9,155.8,361.7,552.3,308.6
200,0.85,5.0,-89.34,84.23,0.27,84.23,268.11,-104.80,268.11,-104.69,-89.46,-104.80,M2->M3 x M1,284.23,552.34,221.9,155.8,361.7,552.3,308.6
200,0.85,6.0,-89.52,84.23,14.14,84.23,268.11,-103.70,268.11,-105.20,-89.09,-105.20,M3->FP x M1,284.23,552.34,221.9,155.8,361.7,552.3,308.6
200,0.85,7.0,-89.21,84.23,32.24,84.23,268.11,-105.36,268.11,-105.28,-89.42,-105.36,M2->M3 x M1,284.23,552.34,221.9,155.8,361.7,552.3,316.6
200,0.85,8.0,-89.17,84.23,50.33,84.23,268.11,-105.40,268.11,-104.98,-88.76,-105.40,M2->M3 x M1,284.23,552.34,221.9,155.8,361.7,552.3,326.7
200,0.85,9.0,-89.41,84.23,68.41,84.23,268.11,-104.22,268.11,-105.41,-89.18,-105.41,M3->FP x M1,284.23,552.34,221.9,155.8,361.7,552.3,336.9
200,0.85,10.0,-89.59,84.23,86.47,84.23,268.11,-104.48,268.11,-104.14,-89.48,-104.48,M2->M3 x M1,284.23,552.34,221.9,155.8,361.7,552.3,347.1
200,0.85,11.0,-88.67,84.23,104.50,84.23,268.11,-105.15,268.11,-105.34,-89.25,-105.34,M3->FP x M1,284.23,552.34,221.9,155.8,361.7,552.3,357.4
200,0.85,12.0,-89.27,84.23,122.50,84.23,268.11,-104.97,268.11,-104.39,-89.45,-104.97,M2->M3 x M1,284.23,552.34,221.9,155.8,361.7,552.3,367.7
200,0.85,13.0,-81.97,84.23,140.46,84.23,268.11,-103.97,268.11,-105.19,-88.32,-105.19,M3->FP x M1,284.23,552.34,221.9,155.8,361.7,552.3,378.2
200,0.85,14.0,-73.95,84.23,158.38,84.23,268.13,-105.38,268.13,-95.16,-82.19,-105.38,M2->M3 x M1,284.23,552.34,221.9,155.8,361.7,552.3,388.7
200,0.85,15.0,-65.85,84.23,176.25,84.23,268.28,-105.14,268.28,-84.58,-76.02,-105.14,M2->M3 x M1,284.23,552.34,221.9,155.8,361.7,552.3,399.3
200,0.85,16.0,-57.68,84.23,194.06,84.23,268.57,-102.86,268.57,-73.90,-69.78,-102.86,M2->M3 x M1,284.23,552.34,221.9,155.8,361.7,552.3,410.1
200,0.85,17.0,-49.43,84.23,211.82,84.23,269.01,-93.94,269.01,-63.11,-63.49,-93.94,M2->M3 x M1,284.23,552.34,221.9,155.8,361.7,552.3,420.9
200,0.85,18.0,-41.09,84.23,229.51,84.23,269.61,-84.92,269.61,-52.21,-57.12,-84.92,M2->M3 x M1,284.23,552.34,221.9,155.8,361.7,552.3,431.8
200,0.85,19.0,-32.66,84.23,247.13,84.23,270.35,-75.81,270.35,-41.18,-50.69,-75.81,M2->M3 x M1,284.23,552.34,221.9,155.8,361.7,552.3,442.9
200,0.85,20.0,-24.13,84.23,264.68,84.23,271.26,-66.58,271.26,-30.03,-44.18,-66.58,M2->M3 x M1,284.23,552.34,221.9,155.8,361.7,552.3,454.1
200,0.90,2.0,-94.76,101.23,0.27,101.23,289.93,-104.74,289.93,-105.30,-94.48,-105.30,M3->FP x M1,301.23,591.15,219.8,165.0,383.3,591.2,330.2
200,0.90,3.0,-94.56,101.23,0.38,101.23,289.93,-103.80,289.93,-104.95,-94.44,-104.95,M3->FP x M1,301.23,591.15,219.8,165.0,383.3,591.2,330.2
200,0.90,4.0,-93.96,101.23,0.41,101.23,289.93,-103.48,289.93,-104.94,-94.83,-104.94,M3->FP x M1,301.23,591.15,219.8,165.0,383.3,591.2,330.2
200,0.90,5.0,-94.60,101.23,0.38,101.23,289.93,-104.45,289.93,-105.27,-94.87,-105.27,M3->FP x M1,301.23,591.15,219.8,165.0,383.3,591.2,330.2
200,0.90,6.0,-94.54,101.23,15.03,101.23,289.93,-105.39,289.93,-104.10,-94.44,-105.39,M2->M3 x M1,301.23,591.15,219.8,165.0,383.3,591.2,330.2
200,0.90,7.0,-94.57,101.23,33.29,101.23,289.93,-105.29,289.93,-105.36,-94.53,-105.36,M3->FP x M1,301.23,591.15,219.8,165.0,383.3,591.2,330.2
200,0.90,8.0,-94.63,101.23,51.53,101.23,289.93,-105.16,289.93,-103.59,-94.14,-105.16,M2->M3 x M1,301.23,591.15,219.8,165.0,383.3,591.2,335.6
200,0.90,9.0,-94.13,101.23,69.76,101.23,289.93,-104.59,289.93,-105.34,-94.59,-105.34,M3->FP x M1,301.23,591.15,219.8,165.0,383.3,591.2,345.6
200,0.90,10.0,-94.85,101.23,87.96,101.23,289.93,-103.46,289.93,-104.12,-93.97,-104.12,M3->FP x M1,301.23,591.15,219.8,165.0,383.3,591.2,355.6
200,0.90,11.0,-94.45,101.23,106.14,101.23,289.93,-104.13,289.93,-105.28,-94.71,-105.28,M3->FP x M1,301.23,591.15,219.8,165.0,383.3,591.2,365.6
200,0.90,12.0,-94.11,101.23,124.29,101.23,289.93,-105.38,289.93,-104.41,-93.94,-105.38,M2->M3 x M1,301.23,591.15,219.8,165.0,383.3,591.2,375.8
200,0.90,13.0,-90.23,101.23,142.40,101.23,289.93,-105.37,289.93,-105.39,-94.66,-105.39,M3->FP x M1,301.23,591.15,219.8,165.0,383.3,591.2,386.0
200,0.90,14.0,-82.44,101.23,160.47,101.23,289.93,-105.24,289.93,-104.40,-93.48,-105.24,M2->M3 x M1,301.23,591.15,219.8,165.0,383.3,591.2,396.3
200,0.90,15.0,-74.59,101.23,178.49,101.23,289.97,-103.81,289.97,-94.06,-87.30,-103.81,M2->M3 x M1,301.23,591.15,219.8,165.0,383.3,591.2,406.7
200,0.90,16.0,-66.67,101.23,196.45,101.23,290.14,-104.21,290.14,-83.62,-81.06,-104.21,M2->M3 x M1,301.23,591.15,219.8,165.0,383.3,591.2,417.2
200,0.90,17.0,-58.66,101.23,214.35,101.23,290.45,-105.18,290.45,-73.08,-74.76,-105.18,M2->M3 x M1,301.23,591.15,219.8,165.0,383.3,591.2,427.7
200,0.90,18.0,-50.57,101.23,232.19,101.23,290.90,-99.04,290.90,-62.42,-68.40,-99.04,M2->M3 x M1,301.23,591.15,219.8,165.0,383.3,591.2,438.4
200,0.90,19.0,-42.39,101.23,249.96,101.23,291.49,-90.43,291.49,-51.65,-61.96,-90.43,M2->M3 x M1,301.23,591.15,219.8,165.0,383.3,591.2,449.3
200,0.90,20.0,-34.12,101.23,267.65,101.23,292.23,-81.72,292.23,-40.74,-55.45,-81.72,M2->M3 x M1,301.23,591.15,219.8,165.0,383.3,591.2,460.2
250,0.30,2.0,-31.05,-42.71,0.15,-42.66,34.68,150.68,34.68,150.68,-30.59,-42.71,in->M1 x M3,99.32,134.00,320.0,55.0,128.7,284.7,187.7
250,0.30,3.0,-31.59,-42.63,0.04,-42.55,34.68,150.68,34.68,150.68,-24.82,-42.63,in->M1 x M3,99.32,134.00,320.0,55.0,128.7,284.7,193.0
250,0.30,4.0,-31.20,-42.51,5.77,-42.45,34.68,150.68,34.68,150.68,-19.03,-42.51,in->M1 x M3,99.32,134.00,320.0,55.0,128.7,284.7,213.4
250,0.30,5.0,-31.37,-22.88,31.09,-39.61,34.68,150.68,34.68,150.68,-13.23,-39.61,M1->M2 x M3,99.32,134.00,320.0,55.0,128.7,284.7,233.8
250,0.30,6.0,-12.30,0.27,56.40,-27.96,35.25,150.68,35.25,150.68,-7.42,-27.96,M1->M2 x M3,99.32,134.00,320.0,55.0,128.7,284.7,254.4
250,0.30,7.0,6.80,23.34,81.69,-16.26,36.74,150.68,36.74,150.68,-1.58,-16.26,M1->M2 x M3,99.32,134.00,320.0,55.0,128.7,284.7,275.0
250,0.30,8.0,25.83,46.40,106.96,-4.51,39.07,151.74,39.07,151.74,4.12,-4.51,M1->M2 x M3,99.32,134.00,320.0,55.0,128.7,284.7,295.6
250,0.30,9.0,44.85,69.45,132.20,7.06,42.10,155.56,42.10,155.56,9.80,7.06,M1->M2 x M3,99.32,134.00,320.0,55.0,128.7,284.7,316.4
250,0.30,10.0,63.85,92.48,157.39,18.25,45.72,162.02,45.72,162.02,15.51,15.51,M3->FP x M2,99.32,134.00,320.0,55.0,128.7,284.7,337.3
250,0.30,11.0,82.84,115.48,182.54,29.06,49.80,170.85,49.80,170.85,21.25,21.25,M3->FP x M2,99.32,134.00,320.0,55.0,128.7,284.7,358.4
250,0.30,12.0,101.80,138.45,207.64,39.44,54.27,181.78,54.27,181.78,27.03,27.03,M3->FP x M2,99.32,134.00,320.0,55.0,128.7,284.7,379.6
250,0.30,13.0,120.73,161.37,232.67,49.34,59.03,194.49,58.79,194.49,32.85,32.85,M3->FP x M2,99.32,134.00,320.0,55.0,128.7,284.7,400.9
250,0.30,14.0,139.62,184.24,257.62,58.72,64.06,208.73,63.01,208.73,38.73,38.73,M3->FP x M2,99.32,134.00,320.0,55.0,128.7,284.7,422.4
250,0.30,15.0,158.47,207.06,282.50,67.57,69.30,224.26,66.94,224.26,44.65,44.65,M3->FP x M2,99.32,134.00,320.0,55.0,128.7,284.7,444.2
250,0.30,16.0,177.28,229.82,307.30,75.89,74.72,240.80,70.61,240.89,50.63,50.63,M3->FP x M2,99.32,134.00,320.0,55.0,128.7,284.7,466.1
250,0.30,17.0,196.02,252.50,332.00,83.68,80.32,256.72,74.03,258.49,56.66,56.66,M3->FP x M2,99.32,134.00,320.0,55.0,128.7,284.7,488.2
250,0.30,18.0,214.71,275.11,356.60,90.95,86.06,271.52,77.21,276.92,62.77,62.77,M3->FP x M2,99.32,134.00,320.0,55.0,128.7,284.7,510.6
250,0.30,19.0,233.34,297.63,381.09,97.72,91.95,285.28,80.18,296.10,68.94,68.94,M3->FP x M2,99.32,134.00,320.0,55.0,128.7,284.7,533.2
250,0.30,20.0,251.89,320.07,405.46,104.02,97.97,298.05,82.95,315.96,75.19,75.19,M3->FP x M2,99.32,134.00,320.0,55.0,128.7,284.7,556.1
250,0.35,2.0,-36.43,-53.18,0.08,-53.11,50.69,134.04,50.69,134.04,-36.78,-53.18,in->M1 x M3,115.96,166.65,300.5,64.2,146.9,300.7,187.1
250,0.35,3.0,-36.78,-53.22,0.06,-53.09,50.69,134.04,50.69,134.04,-34.53,-53.22,in->M1 x M3,115.96,166.65,300.5,64.2,146.9,300.7,195.5
250,0.35,4.0,-36.17,-53.22,0.29,-53.04,50.68,134.04,50.68,134.04,-28.74,-53.22,in->M1 x M3,115.96,166.65,300.5,64.2,146.9,300.7,213.8
250,0.35,5.0,-36.72,-44.81,22.38,-53.23,50.68,134.04,50.68,134.04,-22.94,-53.23,M1->M2 x M3,115.96,166.65,300.5,64.2,146.9,300.7,232.2
250,0.35,6.0,-29.76,-24.04,45.90,-45.06,50.71,134.04,50.71,134.04,-17.12,-45.06,M1->M2 x M3,115.96,166.65,300.5,64.2,146.9,300.7,250.6
250,0.35,7.0,-12.72,-3.19,69.40,-33.35,51.25,134.04,51.25,134.04,-11.28,-33.35,M1->M2 x M3,115.96,166.65,300.5,64.2,146.9,300.7,269.1
250,0.35,8.0,4.34,17.57,92.89,-21.60,52.43,134.04,52.43,134.04,-5.42,-21.60,M1->M2 x M3,115.96,166.65,300.5,64.2,146.9,300.7,287.7
250,0.35,9.0,21.32,38.31,116.35,-9.78,54.23,134.49,54.23,134.49,0.45,-9.78,M1->M2 x M3,115.96,166.65,300.5,64.2,146.9,300.7,306.4
250,0.35,10.0,38.29,59.04,139.77,2.03,56.61,137.32,56.61,137.32,6.16,2.03,M1->M2 x M3,115.96,166.65,300.5,64.2,146.9,300.7,325.2
250,0.35,11.0,55.25,79.74,163.15,13.42,59.50,142.61,59.50,142.61,11.91,11.91,M3->FP x M2,115.96,166.65,300.5,64.2,146.9,300.7,344.0
250,0.35,12.0,72.19,100.43,186.48,24.53,62.85,150.16,62.85,150.16,17.69,17.69,M3->FP x M2,115.96,166.65,300.5,64.2,146.9,300.7,363.1
250,0.35,13.0,89.11,121.08,209.75,35.30,66.59,159.69,66.59,159.69,23.52,23.52,M3->FP x M2,115.96,166.65,300.5,64.2,146.9,300.7,382.2
250,0.35,14.0,106.01,141.70,232.96,45.70,70.69,170.94,70.69,170.94,29.39,29.39,M3->FP x M2,115.96,166.65,300.5,64.2,146.9,300.7,401.6
250,0.35,15.0,122.87,162.27,256.10,55.68,75.10,183.64,75.10,183.64,35.31,35.31,M3->FP x M2,115.96,166.65,300.5,64.2,146.9,300.7,421.1
250,0.35,16.0,139.69,182.79,279.16,65.23,79.78,197.58,79.58,197.58,41.29,41.29,M3->FP x M2,115.96,166.65,300.5,64.2,146.9,300.7,440.7
250,0.35,17.0,156.47,203.26,302.13,74.34,84.70,212.56,83.80,212.56,47.33,47.33,M3->FP x M2,115.96,166.65,300.5,64.2,146.9,300.7,460.6
250,0.35,18.0,173.20,223.67,325.01,82.99,89.85,228.21,87.78,228.46,53.44,53.44,M3->FP x M2,115.96,166.65,300.5,64.2,146.9,300.7,480.7
250,0.35,19.0,189.89,244.00,347.80,91.18,95.19,243.16,91.54,245.15,59.61,59.61,M3->FP x M2,115.96,166.65,300.5,64.2,146.9,300.7,501.1
250,0.35,20.0,206.51,264.27,370.48,98.93,100.73,257.22,95.07,262.56,65.86,65.86,M3->FP x M2,115.96,166.65,300.5,64.2,146.9,300.7,521.6
250,0.40,2.0,-41.40,-64.30,0.11,-64.22,68.75,117.36,68.75,117.36,-42.16,-64.30,in->M1 x M3,132.64,201.39,285.8,73.3,166.3,318.7,186.6
250,0.40,3.0,-42.14,-64.13,0.11,-64.24,68.75,117.36,68.75,117.36,-42.12,-64.24,M1->M2 x M3,132.64,201.39,285.8,73.3,166.3,318.7,200.3
250,0.40,4.0,-41.49,-64.32,0.11,-64.05,68.75,117.36,68.75,117.36,-39.02,-64.32,in->M1 x M3,132.64,201.39,285.8,73.3,166.3,318.7,217.0
250,0.40,5.0,-41.26,-64.00,16.35,-64.03,68.75,117.36,68.75,117.36,-33.22,-64.03,M1->M2 x M3,132.64,201.39,285.8,73.3,166.3,318.7,233.8
250,0.40,6.0,-41.87,-45.96,38.64,-62.23,68.75,117.36,68.75,117.36,-27.40,-62.23,M1->M2 x M3,132.64,201.39,285.8,73.3,166.3,318.7,250.7
250,0.40,7.0,-28.72,-26.99,60.91,-50.51,68.81,117.36,68.81,117.36,-21.56,-50.51,M1->M2 x M3,132.64,201.39,285.8,73.3,166.3,318.7,267.6
250,0.40,8.0,-13.20,-7.93,83.16,-38.74,69.31,117.36,69.31,117.36,-15.69,-38.74,M1->M2 x M3,132.64,201.39,285.8,73.3,166.3,318.7,284.6
250,0.40,9.0,2.38,11.08,105.39,-26.92,70.31,117.36,70.31,117.36,-9.80,-26.92,M1->M2 x M3,132.64,201.39,285.8,73.3,166.3,318.7,301.7
250,0.40,10.0,17.83,30.02,127.58,-15.03,71.78,117.46,71.78,117.46,-3.87,-15.03,M1->M2 x M3,132.64,201.39,285.8,73.3,166.3,318.7,318.9
250,0.40,11.0,33.27,48.95,149.74,-3.07,73.71,119.40,73.71,119.40,2.02,-3.07,M1->M2 x M3,132.64,201.39,285.8,73.3,166.3,318.7,336.2
250,0.40,12.0,48.70,67.86,171.85,8.58,76.08,123.78,76.08,123.78,7.80,7.80,M3->FP x M2,132.64,201.39,285.8,73.3,166.3,318.7,353.6
250,0.40,13.0,64.12,86.76,193.91,19.92,78.85,130.41,78.85,130.41,13.63,13.63,M3->FP x M2,132.64,201.39,285.8,73.3,166.3,318.7,371.1
250,0.40,14.0,79.52,105.62,215.91,30.99,82.00,139.00,82.00,139.00,19.50,19.50,M3->FP x M2,132.64,201.39,285.8,73.3,166.3,318.7,388.8
250,0.40,15.0,94.89,124.46,237.84,41.75,85.50,149.29,85.50,149.29,25.43,25.43,M3->FP x M2,132.64,201.39,285.8,73.3,166.3,318.7,406.6
250,0.40,16.0,110.23,143.25,259.70,52.19,89.32,161.01,89.32,161.01,31.41,31.41,M3->FP x M2,132.64,201.39,285.8,73.3,166.3,318.7,424.6
250,0.40,17.0,125.55,162.00,281.49,62.27,93.44,173.93,93.44,173.93,37.46,37.46,M3->FP x M2,132.64,201.39,285.8,73.3,166.3,318.7,442.8
250,0.40,18.0,140.82,180.71,303.18,71.98,97.83,187.86,97.83,187.86,43.56,43.56,M3->FP x M2,132.64,201.39,285.8,73.3,166.3,318.7,461.2
250,0.40,19.0,156.05,199.36,324.79,81.30,102.48,202.67,102.31,202.67,49.74,49.74,M3->FP x M2,132.64,201.39,285.8,73.3,166.3,318.7,479.8
250,0.40,20.0,171.23,217.94,346.29,90.23,107.36,217.52,106.58,218.23,55.99,55.99,M3->FP x M2,132.64,201.39,285.8,73.3,166.3,318.7,498.6
250,0.45,2.0,-46.81,-75.83,0.02,-75.97,88.54,100.65,88.54,100.65,-47.32,-75.97,M1->M2 x M3,149.35,237.90,274.4,82.5,186.6,338.5,191.1
250,0.45,3.0,-46.47,-75.64,0.01,-75.97,88.54,100.65,88.54,100.65,-47.32,-75.97,M1->M2 x M3,149.35,237.90,274.4,82.5,186.6,338.5,206.6
250,0.45,4.0,-46.65,-75.65,0.00,-75.97,88.55,100.65,88.55,100.65,-47.32,-75.97,M1->M2 x M3,149.35,237.90,274.4,82.5,186.6,338.5,222.1
250,0.45,5.0,-47.04,-75.77,12.16,-75.89,88.54,100.65,88.54,100.65,-43.97,-75.89,M1->M2 x M3,149.35,237.90,274.4,82.5,186.6,338.5,237.7
250,0.45,6.0,-47.40,-66.42,33.58,-75.84,88.55,100.65,88.55,100.65,-38.15,-75.84,M1->M2 x M3,149.35,237.90,274.4,82.5,186.6,338.5,253.4
250,0.45,7.0,-42.33,-48.96,54.99,-67.62,88.54,100.65,88.54,100.65,-32.31,-67.62,M1->M2 x M3,149.35,237.90,274.4,82.5,186.6,338.5,269.1
250,0.45,8.0,-28.04,-31.43,76.38,-55.85,88.65,100.65,88.65,100.65,-26.44,-55.85,M1->M2 x M3,149.35,237.90,274.4,82.5,186.6,338.5,284.8
250,0.45,9.0,-13.68,-13.81,97.75,-44.01,89.12,100.65,89.12,100.65,-20.54,-44.01,M1->M2 x M3,149.35,237.90,274.4,82.5,186.6,338.5,300.7
250,0.45,10.0,0.75,3.84,119.09,-32.11,89.99,100.65,89.99,100.65,-14.61,-32.11,M1->M2 x M3,149.35,237.90,274.4,82.5,186.6,338.5,316.6
250,0.45,11.0,15.02,21.33,140.39,-20.14,91.24,100.65,91.24,100.65,-8.65,-20.14,M1->M2 x M3,149.35,237.90,274.4,82.5,186.6,338.5,332.7
250,0.45,12.0,29.28,38.82,161.66,-8.09,92.86,101.72,92.86,101.72,-2.64,-8.09,M1->M2 x M3,149.35,237.90,274.4,82.5,186.6,338.5,348.8
250,0.45,13.0,43.53,56.29,182.87,3.88,94.86,105.30,94.86,105.30,3.28,3.28,M3->FP x M2,149.35,237.90,274.4,82.5,186.6,338.5,365.1
250,0.45,14.0,57.77,73.74,204.02,15.39,97.21,111.21,97.21,111.21,9.16,9.16,M3->FP x M2,149.35,237.90,274.4,82.5,186.6,338.5,381.5
250,0.45,15.0,72.00,91.18,225.12,26.70,99.89,119.17,99.89,119.17,15.09,15.09,M3->FP x M2,149.35,237.90,274.4,82.5,186.6,338.5,398.0
250,0.45,16.0,86.20,108.58,246.14,37.76,102.91,128.86,102.91,128.86,21.07,21.07,M3->FP x M2,149.35,237.90,274.4,82.5,186.6,338.5,414.7
250,0.45,17.0,100.37,125.95,267.10,48.55,106.23,139.98,106.23,139.98,27.12,27.12,M3->FP x M2,149.35,237.90,274.4,82.5,186.6,338.5,431.6
250,0.45,18.0,114.52,143.29,287.96,59.05,109.85,152.29,109.85,152.29,33.23,33.23,M3->FP x M2,149.35,237.90,274.4,82.5,186.6,338.5,448.7
250,0.45,19.0,128.62,160.58,308.75,69.24,113.75,165.58,113.75,165.58,39.41,39.41,M3->FP x M2,149.35,237.90,274.4,82.5,186.6,338.5,465.9
250,0.45,20.0,142.69,177.82,329.43,79.10,117.92,179.71,117.92,179.71,45.66,45.66,M3->FP x M2,149.35,237.90,274.4,82.5,186.6,338.5,483.4
250,0.50,2.0,-52.05,-88.02,0.30,-87.80,109.75,83.90,109.75,83.90,-52.69,-88.02,in->M1 x M3,166.10,275.84,265.3,91.7,207.7,359.7,199.5
250,0.50,3.0,-52.68,-88.12,0.35,-87.74,109.75,83.90,109.75,83.90,-52.63,-88.12,in->M1 x M3,166.10,275.84,265.3,91.7,207.7,359.7,214.1
250,0.50,4.0,-52.65,-88.01,0.17,-87.93,109.75,83.90,109.75,83.90,-52.44,-88.01,in->M1 x M3,166.10,275.84,265.3,91.7,207.7,359.7,228.7
250,0.50,5.0,-52.18,-88.05,9.25,-88.08,109.75,83.90,109.75,83.90,-52.69,-88.08,M1->M2 x M3,166.10,275.84,265.3,91.7,207.7,359.7,243.3
250,0.50,6.0,-51.80,-85.92,30.08,-87.82,109.75,83.90,109.75,83.90,-49.29,-87.82,M1->M2 x M3,166.10,275.84,265.3,91.7,207.7,359.7,258.0
250,0.50,7.0,-52.29,-69.73,50.89,-84.59,109.75,83.90,109.75,83.90,-43.45,-84.59,M1->M2 x M3,166.10,275.84,265.3,91.7,207.7,359.7,272.7
250,0.50,8.0,-40.97,-53.48,71.69,-72.80,109.75,83.90,109.75,83.90,-37.58,-72.80,M1->M2 x M3,166.10,275.84,265.3,91.7,207.7,359.7,287.5
250,0.50,9.0,-27.60,-37.15,92.47,-60.96,109.89,83.90,109.89,83.90,-31.68,-60.96,M1->M2 x M3,166.10,275.84,265.3,91.7,207.7,359.7,302.3
250,0.50,10.0,-14.15,-20.72,113.21,-49.04,110.34,83.90,110.34,83.90,-25.74,-49.04,M1->M2 x M3,166.10,275.84,265.3,91.7,207.7,359.7,317.3
250,0.50,11.0,-0.63,-4.20,133.93,-37.06,111.12,83.90,111.12,83.90,-19.78,-37.06,M1->M2 x M3,166.10,275.84,265.3,91.7,207.7,359.7,332.3
250,0.50,12.0,12.71,12.17,154.60,-25.00,112.22,83.90,112.22,83.90,-13.77,-25.00,M1->M2 x M3,166.10,275.84,265.3,91.7,207.7,359.7,347.5
250,0.50,13.0,26.04,28.46,175.23,-12.85,113.63,84.26,113.63,84.26,-7.72,-12.85,M1->M2 x M3,166.10,275.84,265.3,91.7,207.7,359.7,362.7
250,0.50,14.0,39.36,44.74,195.80,-0.60,115.35,87.04,115.35,87.04,-1.62,-1.62,M3->FP x M2,166.10,275.84,265.3,91.7,207.7,359.7,378.1
250,0.50,15.0,52.66,61.01,216.31,11.11,117.39,92.36,117.39,92.36,4.37,4.37,M3->FP x M2,166.10,275.84,265.3,91.7,207.7,359.7,393.6
250,0.50,16.0,65.95,77.26,236.76,22.61,119.73,99.90,119.73,99.90,10.36,10.36,M3->FP x M2,166.10,275.84,265.3,91.7,207.7,359.7,409.3
250,0.50,17.0,79.22,93.48,257.14,33.92,122.36,109.27,122.36,109.27,16.41,16.41,M3->FP x M2,166.10,275.84,265.3,91.7,207.7,359.7,425.1
250,0.50,18.0,92.47,109.68,277.43,45.00,125.29,120.11,125.29,120.11,22.52,22.52,M3->FP x M2,166.10,275.84,265.3,91.7,207.7,359.7,441.1
250,0.50,19.0,105.69,125.84,297.65,55.84,128.49,132.13,128.49,132.13,28.70,28.70,M3->FP x M2,166.10,275.84,265.3,91.7,207.7,359.7,457.3
250,0.50,20.0,118.87,141.97,317.77,66.42,131.97,145.11,131.97,145.11,34.96,34.96,M3->FP x M2,166.10,275.84,265.3,91.7,207.7,359.7,473.7
250,0.55,2.0,-57.82,-100.58,0.35,-100.51,132.03,67.12,132.03,67.12,-57.67,-100.58,in->M1 x M3,182.88,314.91,257.9,100.8,229.5,382.0,208.7
250,0.55,3.0,-57.72,-100.40,0.03,-100.27,132.03,67.12,132.03,67.12,-57.96,-100.40,in->M1 x M3,182.88,314.91,257.9,100.8,229.5,382.0,222.5
250,0.55,4.0,-57.28,-100.45,0.06,-100.49,132.03,67.12,132.03,67.12,-57.80,-100.49,M1->M2 x M3,182.88,314.91,257.9,100.8,229.5,382.0,236.2
250,0.55,5.0,-57.78,-100.58,7.29,-100.58,132.03,67.12,132.03,67.12,-57.60,-100.58,M1->M2 x M3,182.88,314.91,257.9,100.8,229.5,382.0,250.1
250,0.55,6.0,-57.26,-100.22,27.71,-100.23,132.03,67.12,132.03,67.12,-57.93,-100.23,M1->M2 x M3,182.88,314.91,257.9,100.8,229.5,382.0,263.9
250,0.55,7.0,-57.40,-89.65,48.13,-100.42,132.03,67.12,132.03,67.12,-54.89,-100.42,M1->M2 x M3,182.88,314.91,257.9,100.8,229.5,382.0,277.9
250,0.55,8.0,-52.51,-74.50,68.52,-89.50,132.03,67.12,132.03,67.12,-49.01,-89.50,M1->M2 x M3,182.88,314.91,257.9,100.8,229.5,382.0,291.9
250,0.55,9.0,-39.95,-59.27,88.90,-77.64,132.04,67.12,132.04,67.12,-43.11,-77.64,M1->M2 x M3,182.88,314.91,257.9,100.8,229.5,382.0,305.9
250,0.55,10.0,-27.32,-43.95,109.25,-65.72,132.21,67.12,132.21,67.12,-37.18,-65.72,M1->M2 x M3,182.88,314.91,257.9,100.8,229.5,382.0,320.0
250,0.55,11.0,-14.61,-28.55,129.57,-53.73,132.66,67.12,132.66,67.12,-31.20,-53.73,M1->M2 x M3,182.88,314.91,257.9,100.8,229.5,382.0,334.3
250,0.55,12.0,-1.82,-13.04,149.84,-41.65,133.37,67.12,133.37,67.12,-25.19,-41.65,M1->M2 x M3,182.88,314.91,257.9,100.8,229.5,382.0,348.6
250,0.55,13.0,10.79,2.52,170.08,-29.49,134.35,67.12,134.35,67.12,-19.14,-29.49,M1->M2 x M3,182.88,314.91,257.9,100.8,229.5,382.0,363.0
250,0.55,14.0,23.36,17.80,190.26,-17.23,135.61,67.13,135.61,67.13,-13.04,-17.23,M1->M2 x M3,182.88,314.91,257.9,100.8,229.5,382.0,377.6
250,0.55,15.0,35.92,33.07,210.38,-4.86,137.14,68.96,137.14,68.96,-6.88,-6.88,M3->FP x M2,182.88,314.91,257.9,100.8,229.5,382.0,392.2
250,0.55,16.0,48.47,48.34,230.43,7.19,138.94,73.75,138.94,73.75,-0.67,-0.67,M3->FP x M2,182.88,314.91,257.9,100.8,229.5,382.0,407.1
250,0.55,17.0,61.00,63.59,250.42,18.87,141.02,81.08,141.02,81.08,5.41,5.41,M3->FP x M2,182.88,314.91,257.9,100.8,229.5,382.0,422.0
250,0.55,18.0,73.52,78.82,270.33,30.39,143.36,90.40,143.36,90.40,11.52,11.52,M3->FP x M2,182.88,314.91,257.9,100.8,229.5,382.0,437.1
250,0.55,19.0,86.01,94.02,290.16,41.72,145.97,101.25,145.97,101.25,17.71,17.71,M3->FP x M2,182.88,314.91,257.9,100.8,229.5,382.0,452.5
250,0.55,20.0,98.48,109.20,309.90,52.85,148.84,113.27,148.84,113.27,23.97,23.97,M3->FP x M2,182.88,314.91,257.9,100.8,229.5,382.0,467.9
250,0.60,2.0,-62.89,-113.25,0.17,-113.03,155.08,50.31,155.08,50.31,-63.18,-113.25,in->M1 x M3,199.69,354.77,251.7,110.0,251.7,405.1,218.4
250,0.60,3.0,-63.23,-113.12,0.09,-113.03,155.08,50.31,155.08,50.31,-63.12,-113.12,in->M1 x M3,199.69,354.77,251.7,110.0,251.7,405.1,231.5
250,0.60,4.0,-62.47,-113.28,0.20,-113.14,155.08,50.31,155.08,50.31,-62.91,-113.28,in->M1 x M3,199.69,354.77,251.7,110.0,251.7,405.1,244.6
250,0.60,5.0,-62.75,-113.32,6.04,-113.22,155.08,50.31,155.08,50.31,-63.14,-113.32,in->M1 x M3,199.69,354.77,251.7,110.0,251.7,405.1,257.8
250,0.60,6.0,-62.81,-113.00,26.20,-113.25,155.08,50.31,155.08,50.31,-62.90,-113.25,M1->M2 x M3,199.69,354.77,251.7,110.0,251.7,405.1,271.0
250,0.60,7.0,-62.61,-108.92,46.36,-113.22,155.08,50.31,155.08,50.31,-63.00,-113.22,M1->M2 x M3,199.69,354.77,251.7,110.0,251.7,405.1,284.2
250,0.60,8.0,-63.00,-94.73,66.50,-105.84,155.08,50.31,155.08,50.31,-60.66,-105.84,M1->M2 x M3,199.69,354.77,251.7,110.0,251.7,405.1,297.5
250,0.60,9.0,-51.12,-80.47,86.62,-93.98,155.08,50.31,155.08,50.31,-54.75,-93.98,M1->M2 x M3,199.69,354.77,251.7,110.0,251.7,405.1,310.9
250,0.60,10.0,-39.16,-66.13,106.71,-82.04,155.09,50.31,155.09,50.31,-48.82,-82.04,M1->M2 x M3,199.69,354.77,251.7,110.0,251.7,405.1,324.4
250,0.60,11.0,-27.14,-51.70,126.77,-70.04,155.30,50.31,155.30,50.31,-42.84,-70.04,M1->M2 x M3,199.69,354.77,251.7,110.0,251.7,405.1,337.9
250,0.60,12.0,-15.04,-37.18,146.80,-57.95,155.73,50.31,155.73,50.31,-36.83,-57.95,M1->M2 x M3,199.69,354.77,251.7,110.0,251.7,405.1,351.6
250,0.60,13.0,-2.84,-22.55,166.78,-45.78,156.40,50.31,156.40,50.31,-30.77,-45.78,M1->M2 x M3,199.69,354.77,251.7,110.0,251.7,405.1,365.3
250,0.60,14.0,9.17,-7.81,186.70,-33.50,157.30,50.31,157.30,50.31,-24.66,-33.50,M1->M2 x M3,199.69,354.77,251.7,110.0,251.7,405.1,379.2
250,0.60,15.0,21.12,6.83,206.57,-21.13,158.45,50.31,158.45,50.31,-18.50,-21.13,M1->M2 x M3,199.69,354.77,251.7,110.0,251.7,405.1,393.1
250,0.60,16.0,33.05,21.24,226.38,-8.63,159.83,51.08,159.83,51.08,-12.29,-12.29,M3->FP x M2,199.69,354.77,251.7,110.0,251.7,405.1,407.3
250,0.60,17.0,44.98,35.64,246.12,3.75,161.46,55.33,161.46,55.33,-6.01,-6.01,M3->FP x M2,199.69,354.77,251.7,110.0,251.7,405.1,421.5
250,0.60,18.0,56.89,50.03,265.79,15.59,163.33,62.68,163.33,62.68,0.33,0.33,M3->FP x M2,199.69,354.77,251.7,110.0,251.7,405.1,435.9
250,0.60,19.0,68.79,64.41,285.37,27.30,165.45,72.29,165.45,72.29,6.51,6.51,M3->FP x M2,199.69,354.77,251.7,110.0,251.7,405.1,450.5
250,0.60,20.0,80.66,78.76,304.86,38.85,167.82,83.47,167.82,83.47,12.78,12.78,M3->FP x M2,199.69,354.77,251.7,110.0,251.7,405.1,465.2
250,0.65,2.0,-67.77,-126.04,0.06,-125.89,178.55,33.46,178.55,33.46,-68.48,-126.04,in->M1 x M3,216.54,395.09,246.4,119.2,274.1,428.6,228.4
250,0.65,3.0,-68.03,-126.12,0.33,-126.18,178.55,33.46,178.55,33.46,-68.51,-126.18,M1->M2 x M3,216.54,395.09,246.4,119.2,274.1,428.6,240.9
250,0.65,4.0,-68.31,-126.07,0.12,-125.92,178.55,33.46,178.55,33.46,-68.51,-126.07,in->M1 x M3,216.54,395.09,246.4,119.2,274.1,428.6,253.5
250,0.65,5.0,-68.00,-125.79,5.31,-125.95,178.55,33.46,178.55,33.46,-68.41,-125.95,M1->M2 x M3,216.54,395.09,246.4,119.2,274.1,428.6,266.1
250,0.65,6.0,-68.15,-126.14,25.33,-126.08,178.55,33.46,178.55,33.46,-68.41,-126.14,in->M1 x M3,216.54,395.09,246.4,119.2,274.1,428.6,278.8
250,0.65,7.0,-68.52,-125.90,45.33,-125.90,178.55,33.46,178.55,33.46,-68.39,-125.90,M1->M2 x M3,216.54,395.09,246.4,119.2,274.1,428.6,291.5
250,0.65,8.0,-68.11,-114.31,65.33,-121.72,178.55,33.46,178.55,33.46,-68.18,-121.72,M1->M2 x M3,216.54,395.09,246.4,119.2,274.1,428.6,304.2
250,0.65,9.0,-61.38,-100.91,85.30,-109.84,178.55,33.46,178.55,33.46,-66.52,-109.84,M1->M2 x M3,216.54,395.09,246.4,119.2,274.1,428.6,317.0
250,0.65,10.0,-50.00,-87.44,105.25,-97.90,178.55,33.46,178.55,33.46,-60.57,-97.90,M1->M2 x M3,216.54,395.09,246.4,119.2,274.1,428.6,329.9
250,0.65,11.0,-38.55,-73.90,125.16,-85.88,178.59,33.46,178.59,33.46,-54.60,-85.88,M1->M2 x M3,216.54,395.09,246.4,119.2,274.1,428.6,342.9
250,0.65,12.0,-27.03,-60.26,145.04,-73.78,178.81,33.46,178.81,33.46,-48.58,-73.78,M1->M2 x M3,216.54,395.09,246.4,119.2,274.1,428.6,355.9
250,0.65,13.0,-15.42,-46.52,164.87,-61.60,179.24,33.46,179.24,33.46,-42.52,-61.60,M1->M2 x M3,216.54,395.09,246.4,119.2,274.1,428.6,369.1
250,0.65,14.0,-3.72,-32.67,184.65,-49.31,179.88,33.46,179.88,33.46,-36.41,-49.31,M1->M2 x M3,216.54,395.09,246.4,119.2,274.1,428.6,382.4
250,0.65,15.0,7.81,-18.70,204.38,-36.92,180.72,33.46,180.72,33.46,-30.24,-36.92,M1->M2 x M3,216.54,395.09,246.4,119.2,274.1,428.6,395.8
250,0.65,16.0,19.23,-4.60,224.04,-24.42,181.78,33.46,181.78,33.46,-24.02,-24.42,M1->M2 x M3,216.54,395.09,246.4,119.2,274.1,428.6,409.3
250,0.65,17.0,30.64,9.23,243.64,-11.79,183.06,33.53,183.06,33.53,-17.74,-17.74,M3->FP x M2,216.54,395.09,246.4,119.2,274.1,428.6,422.9
250,0.65,18.0,42.05,22.88,263.16,0.92,184.55,37.08,184.55,37.08,-11.39,-11.39,M3->FP x M2,216.54,395.09,246.4,119.2,274.1,428.6,436.7
250,0.65,19.0,53.44,36.52,282.60,12.91,186.27,44.86,186.27,44.86,-4.97,-4.97,M3->FP x M2,216.54,395.09,246.4,119.2,274.1,428.6,450.7
250,0.65,20.0,64.82,50.15,301.95,24.78,188.22,55.24,188.22,55.24,1.47,1.47,M3->FP x M2,216.54,395.09,246.4,119.2,274.1,428.6,464.8
250,0.70,2.0,-73.67,-139.06,0.13,-139.09,202.13,16.58,202.13,16.58,-73.44,-139.09,M1->M2 x M3,233.42,435.55,241.9,128.3,296.7,452.1,243.7
250,0.70,3.0,-73.53,-138.85,0.12,-139.03,202.13,16.58,202.13,16.58,-73.46,-139.03,M1->M2 x M3,233.42,435.55,241.9,128.3,296.7,452.1,250.7
250,0.70,4.0,-73.40,-139.12,0.16,-139.10,202.13,16.58,202.13,16.58,-73.65,-139.12,in->M1 x M3,233.42,435.55,241.9,128.3,296.7,452.1,262.8
250,0.70,5.0,-73.51,-138.71,4.98,-139.09,202.13,16.58,202.13,16.58,-73.73,-139.09,M1->M2 x M3,233.42,435.55,241.9,128.3,296.7,452.1,274.9
250,0.70,6.0,-73.44,-139.13,24.93,-139.12,202.13,16.58,202.13,16.58,-73.50,-139.13,in->M1 x M3,233.42,435.55,241.9,128.3,296.7,452.1,287.1
250,0.70,7.0,-73.39,-138.99,44.87,-138.99,202.13,16.58,202.13,16.58,-73.28,-138.99,M1->M2 x M3,233.42,435.55,241.9,128.3,296.7,452.1,299.3
250,0.70,8.0,-73.66,-133.30,64.79,-137.03,202.13,16.58,202.13,16.58,-73.56,-137.03,M1->M2 x M3,233.42,435.55,241.9,128.3,296.7,452.1,311.6
250,0.70,9.0,-70.93,-120.69,84.70,-125.14,202.13,16.58,202.13,16.58,-73.72,-125.14,M1->M2 x M3,233.42,435.55,241.9,128.3,296.7,452.1,323.9
250,0.70,10.0,-60.04,-108.02,104.58,-113.18,202.13,16.58,202.13,16.58,-72.36,-113.18,M1->M2 x M3,233.42,435.55,241.9,128.3,296.7,452.1,336.3
250,0.70,11.0,-49.09,-95.26,124.43,-101.15,202.13,16.58,202.13,16.58,-66.38,-101.15,M1->M2 x M3,233.42,435.55,241.9,128.3,296.7,452.1,348.8
250,0.70,12.0,-38.07,-82.42,144.24,-89.04,202.19,16.58,202.19,16.58,-60.36,-89.04,M1->M2 x M3,233.42,435.55,241.9,128.3,296.7,452.1,361.3
250,0.70,13.0,-26.96,-69.49,164.00,-76.85,202.44,16.58,202.44,16.58,-54.30,-76.85,M1->M2 x M3,233.42,435.55,241.9,128.3,296.7,452.1,374.0
250,0.70,14.0,-15.77,-56.45,183.72,-64.55,202.86,16.58,202.86,16.58,-48.18,-64.55,M1->M2 x M3,233.42,435.55,241.9,128.3,296.7,452.1,386.8
250,0.70,15.0,-4.48,-43.30,203.38,-52.15,203.47,16.58,203.47,16.58,-42.02,-52.15,M1->M2 x M3,233.42,435.55,241.9,128.3,296.7,452.1,399.6
250,0.70,16.0,6.66,-30.02,222.98,-39.63,204.28,16.58,204.28,16.58,-35.79,-39.63,M1->M2 x M3,233.42,435.55,241.9,128.3,296.7,452.1,412.6
250,0.70,17.0,17.64,-16.62,242.51,-26.99,205.27,16.58,205.27,16.58,-29.51,-29.51,M3->FP x M2,233.42,435.55,241.9,128.3,296.7,452.1,425.8
250,0.70,18.0,28.61,-3.07,261.96,-14.21,206.47,16.58,206.47,16.58,-23.15,-23.15,M3->FP x M2,233.42,435.55,241.9,128.3,296.7,452.1,439.0
250,0.70,19.0,39.58,10.06,281.34,-1.29,207.87,19.04,207.87,19.04,-16.73,-16.73,M3->FP x M2,233.42,435.55,241.9,128.3,296.7,452.1,452.5
250,0.70,20.0,50.53,23.04,300.63,10.92,209.47,28.28,209.47,28.28,-10.23,-10.23,M3->FP x M2,233.42,435.55,241.9,128.3,296.7,452.1,466.1
250,0.75,2.0,-78.55,0.34,0.12,0.34,225.49,-104.03,225.49,-104.05,-78.99,-104.05,M3->FP x M1,250.34,475.82,238.0,137.5,319.1,475.8,266.1
250,0.75,3.0,-79.04,0.34,0.10,0.34,225.49,-105.25,225.49,-105.23,-78.53,-105.25,M2->M3 x M1,250.34,475.82,238.0,137.5,319.1,475.8,266.1
250,0.75,4.0,-78.60,0.34,0.13,0.34,225.49,-105.03,225.49,-105.00,-78.66,-105.03,M2->M3 x M1,250.34,475.82,238.0,137.5,319.1,475.8,272.2
250,0.75,5.0,-78.44,0.34,4.95,0.34,225.49,-105.18,225.49,-105.23,-79.03,-105.23,M3->FP x M1,250.34,475.82,238.0,137.5,319.1,475.8,284.0
250,0.75,6.0,-78.88,0.34,24.88,0.34,225.49,-104.60,225.49,-104.66,-78.64,-104.66,M3->FP x M1,250.34,475.82,238.0,137.5,319.1,475.8,295.7
250,0.75,7.0,-78.90,0.34,44.82,0.34,225.49,-104.58,225.49,-104.53,-79.04,-104.58,M2->M3 x M1,250.34,475.82,238.0,137.5,319.1,475.8,307.5
250,0.75,8.0,-78.54,0.34,64.73,0.34,225.49,-105.07,225.49,-105.01,-78.72,-105.07,M2->M3 x M1,250.34,475.82,238.0,137.5,319.1,475.8,319.4
250,0.75,9.0,-78.34,0.34,84.63,0.34,225.49,-105.34,225.49,-105.42,-78.86,-105.42,M3->FP x M1,250.34,475.82,238.0,137.5,319.1,475.8,331.3
250,0.75,10.0,-69.45,0.34,104.50,0.34,225.49,-104.99,225.49,-105.08,-78.96,-105.08,M3->FP x M1,250.34,475.82,238.0,137.5,319.1,475.8,343.3
250,0.75,11.0,-58.92,0.34,124.34,0.34,225.49,-104.73,225.49,-104.82,-78.10,-104.82,M3->FP x M1,250.34,475.82,238.0,137.5,319.1,475.8,355.3
250,0.75,12.0,-48.33,0.34,144.14,0.34,225.49,-97.62,225.49,-97.52,-72.08,-97.62,M2->M3 x M1,250.34,475.82,238.0,137.5,319.1,475.8,367.5
250,0.75,13.0,-37.66,0.34,163.90,0.34,225.58,-85.43,225.58,-85.32,-66.01,-85.43,M2->M3 x M1,250.34,475.82,238.0,137.5,319.1,475.8,379.7
250,0.75,14.0,-26.91,0.34,183.61,0.34,225.84,-73.14,225.84,-73.02,-59.89,-73.14,M2->M3 x M1,250.34,475.82,238.0,137.5,319.1,475.8,392.0
250,0.75,15.0,-16.06,0.34,203.26,0.34,226.26,-60.74,226.26,-60.61,-53.72,-60.74,M2->M3 x M1,250.34,475.82,238.0,137.5,319.1,475.8,404.5
250,0.75,16.0,-5.11,0.34,222.85,0.34,226.86,-48.23,226.86,-48.09,-47.50,-48.23,M2->M3 x M1,250.34,475.82,238.0,137.5,319.1,475.8,417.0
250,0.75,17.0,5.69,0.34,242.38,0.34,227.63,-35.59,227.63,-35.45,-41.21,-41.21,M3->FP x M2,250.34,475.82,238.0,137.5,319.1,475.8,429.7
250,0.75,18.0,16.30,0.34,261.82,0.34,228.59,-22.82,228.59,-22.67,-34.85,-34.85,M3->FP x M2,250.34,475.82,238.0,137.5,319.1,475.8,442.5
250,0.75,19.0,26.90,0.34,281.19,0.34,229.72,-9.90,229.72,-9.74,-28.42,-28.42,M3->FP x M2,250.34,475.82,238.0,137.5,319.1,475.8,455.5
250,0.75,20.0,37.49,0.34,300.48,0.34,231.05,3.09,231.05,3.26,-21.92,-21.92,M3->FP x M2,250.34,475.82,238.0,137.5,319.1,475.8,468.6
250,0.80,2.0,-84.17,17.28,0.15,17.28,248.29,-105.21,248.29,-105.30,-83.96,-105.30,M3->FP x M1,267.28,515.57,234.6,146.7,341.2,515.6,288.2
250,0.80,3.0,-83.83,17.28,0.20,17.28,248.29,-105.14,248.29,-105.32,-84.18,-105.32,M3->FP x M1,267.28,515.57,234.6,146.7,341.2,515.6,288.2
250,0.80,4.0,-83.90,17.28,0.27,17.28,248.29,-104.96,248.29,-103.88,-84.28,-104.96,M2->M3 x M1,267.28,515.57,234.6,146.7,341.2,515.6,288.2
250,0.80,5.0,-84.05,17.28,5.11,17.28,248.29,-105.39,248.29,-105.10,-83.75,-105.39,M2->M3 x M1,267.28,515.57,234.6,146.7,341.2,515.6,293.2
250,0.80,6.0,-83.87,17.28,25.08,17.28,248.29,-103.79,248.29,-105.04,-83.93,-105.04,M3->FP x M1,267.28,515.57,234.6,146.7,341.2,515.6,304.6
250,0.80,7.0,-84.02,17.28,45.05,17.28,248.29,-105.04,248.29,-103.89,-84.07,-105.04,M2->M3 x M1,267.28,515.57,234.6,146.7,341.2,515.6,316.0
250,0.80,8.0,-83.97,17.28,65.00,17.28,248.29,-104.77,248.29,-105.41,-83.60,-105.41,M3->FP x M1,267.28,515.57,234.6,146.7,341.2,515.6,327.5
250,0.80,9.0,-83.83,17.28,84.93,17.28,248.29,-105.19,248.29,-105.10,-84.30,-105.19,M2->M3 x M1,267.28,515.57,234.6,146.7,341.2,515.6,339.0
250,0.80,10.0,-78.33,17.28,104.84,17.28,248.29,-105.32,248.29,-103.90,-84.25,-105.32,M2->M3 x M1,267.28,515.57,234.6,146.7,341.2,515.6,350.6
250,0.80,11.0,-68.19,17.28,124.71,17.28,248.29,-103.78,248.29,-105.24,-84.24,-105.24,M3->FP x M1,267.28,515.57,234.6,146.7,341.2,515.6,362.3
250,0.80,12.0,-57.98,17.28,144.55,17.28,248.29,-105.18,248.29,-105.33,-83.65,-105.33,M3->FP x M1,267.28,515.57,234.6,146.7,341.2,515.6,374.1
250,0.80,13.0,-47.69,17.28,164.34,17.28,248.30,-101.54,248.30,-96.36,-77.57,-101.54,M2->M3 x M1,267.28,515.57,234.6,146.7,341.2,515.6,385.9
250,0.80,14.0,-37.32,17.28,184.08,17.28,248.42,-90.02,248.42,-84.45,-71.45,-90.02,M2->M3 x M1,267.28,515.57,234.6,146.7,341.2,515.6,397.9
250,0.80,15.0,-26.86,17.28,203.77,17.28,248.69,-78.40,248.69,-72.42,-65.28,-78.40,M2->M3 x M1,267.28,515.57,234.6,146.7,341.2,515.6,410.0
250,0.80,16.0,-16.30,17.28,223.39,17.28,249.12,-66.67,249.12,-60.29,-59.05,-66.67,M2->M3 x M1,267.28,515.57,234.6,146.7,341.2,515.6,422.1
250,0.80,17.0,-5.64,17.28,242.95,17.28,249.71,-54.82,249.71,-48.04,-52.76,-54.82,M2->M3 x M1,267.28,515.57,234.6,146.7,341.2,515.6,434.4
250,0.80,18.0,4.89,17.28,262.43,17.28,250.46,-42.84,250.46,-35.65,-46.40,-46.40,M3->FP x M2,267.28,515.57,234.6,146.7,341.2,515.6,446.8
250,0.80,19.0,15.18,17.28,281.83,17.28,251.38,-30.74,251.38,-23.13,-39.97,-39.97,M3->FP x M2,267.28,515.57,234.6,146.7,341.2,515.6,459.4
250,0.80,20.0,25.46,17.28,301.14,17.28,252.48,-18.48,252.48,-10.45,-33.46,-33.46,M3->FP x M2,267.28,515.57,234.6,146.7,341.2,515.6,472.1
250,0.85,2.0,-88.94,34.25,0.02,34.25,270.21,-105.06,270.21,-105.26,-89.26,-105.26,M3->FP x M1,284.25,554.45,231.6,155.8,362.9,554.5,309.8
250,0.85,3.0,-89.19,34.25,0.39,34.25,270.21,-105.10,270.21,-103.87,-89.12,-105.10,M2->M3 x M1,284.25,554.45,231.6,155.8,362.9,554.5,309.8
250,0.85,4.0,-89.55,34.25,0.04,34.25,270.21,-104.64,270.21,-105.22,-89.44,-105.22,M3->FP x M1,284.25,554.45,231.6,155.8,362.9,554.5,309.8
250,0.85,5.0,-89.27,34.25,5.41,34.25,270.21,-105.41,270.21,-104.24,-89.52,-105.41,M2->M3 x M1,284.25,554.45,231.6,155.8,362.9,554.5,309.8
250,0.85,6.0,-88.85,34.25,25.45,34.25,270.21,-103.62,270.21,-105.29,-89.35,-105.29,M3->FP x M1,284.25,554.45,231.6,155.8,362.9,554.5,313.4
250,0.85,7.0,-89.11,34.25,45.47,34.25,270.21,-105.22,270.21,-104.75,-89.22,-105.22,M2->M3 x M1,284.25,554.45,231.6,155.8,362.9,554.5,324.5
250,0.85,8.0,-89.60,34.25,65.48,34.25,270.21,-103.98,270.21,-105.33,-88.84,-105.33,M3->FP x M1,284.25,554.45,231.6,155.8,362.9,554.5,335.7
250,0.85,9.0,-89.05,34.25,85.48,34.25,270.21,-105.22,270.21,-105.38,-89.54,-105.38,M3->FP x M1,284.25,554.45,231.6,155.8,362.9,554.5,346.9
250,0.85,10.0,-86.80,34.25,105.44,34.25,270.21,-104.67,270.21,-104.71,-89.02,-104.71,M3->FP x M1,284.25,554.45,231.6,155.8,362.9,554.5,358.2
250,0.85,11.0,-76.98,34.25,125.38,34.25,270.21,-105.35,270.21,-105.32,-89.47,-105.35,M2->M3 x M1,284.25,554.45,231.6,155.8,362.9,554.5,369.6
250,0.85,12.0,-67.10,34.25,145.27,34.25,270.21,-105.11,270.21,-103.65,-89.40,-105.11,M2->M3 x M1,284.25,554.45,231.6,155.8,362.9,554.5,381.0
250,0.85,13.0,-57.15,34.25,165.13,34.25,270.21,-105.24,270.21,-105.15,-88.89,-105.24,M2->M3 x M1,284.25,554.45,231.6,155.8,362.9,554.5,392.5
250,0.85,14.0,-47.12,34.25,184.93,34.25,270.23,-105.23,270.23,-95.02,-82.77,-105.23,M2->M3 x M1,284.25,554.45,231.6,155.8,362.9,554.5,404.1
250,0.85,15.0,-37.00,34.25,204.67,34.25,270.38,-94.30,270.38,-83.34,-76.59,-94.30,M2->M3 x M1,284.25,554.45,231.6,155.8,362.9,554.5,415.9
250,0.85,16.0,-26.79,34.25,224.36,34.25,270.67,-83.25,270.67,-71.55,-70.36,-83.25,M2->M3 x M1,284.25,554.45,231.6,155.8,362.9,554.5,427.7
250,0.85,17.0,-16.47,34.25,243.97,34.25,271.10,-72.10,271.10,-59.64,-64.06,-72.10,M2->M3 x M1,284.25,554.45,231.6,155.8,362.9,554.5,439.6
250,0.85,18.0,-6.05,34.25,263.51,34.25,271.69,-60.83,271.69,-47.60,-57.70,-60.83,M2->M3 x M1,284.25,554.45,231.6,155.8,362.9,554.5,451.7
250,0.85,19.0,4.25,34.25,282.97,34.25,272.43,-49.44,272.43,-35.43,-51.27,-51.27,M3->FP x M2,284.25,554.45,231.6,155.8,362.9,554.5,463.9
250,0.85,20.0,14.26,34.25,302.35,34.25,273.33,-37.91,273.33,-23.11,-44.75,-44.75,M3->FP x M2,284.25,554.45,231.6,155.8,362.9,554.5,476.3
250,0.90,2.0,-94.78,51.24,0.14,51.24,290.91,-103.69,290.91,-105.13,-94.52,-105.13,M3->FP x M1,301.24,592.15,228.9,165.0,383.9,592.1,330.7
250,0.90,3.0,-94.72,51.24,0.25,51.24,290.91,-105.15,290.91,-105.00,-94.49,-105.15,M2->M3 x M1,301.24,592.15,228.9,165.0,383.9,592.1,330.7
250,0.90,4.0,-94.64,51.24,0.02,51.24,290.91,-105.17,290.91,-104.75,-94.74,-105.17,M2->M3 x M1,301.24,592.15,228.9,165.0,383.9,592.1,330.7
250,0.90,5.0,-94.53,51.24,5.78,51.24,290.91,-103.44,290.91,-105.34,-94.79,-105.34,M3->FP x M1,301.24,592.15,228.9,165.0,383.9,592.1,330.7
250,0.90,6.0,-94.40,51.24,25.89,51.24,290.91,-105.06,290.91,-103.76,-94.32,-105.06,M2->M3 x M1,301.24,592.15,228.9,165.0,383.9,592.1,330.7
250,0.90,7.0,-94.24,51.24,45.99,51.24,290.91,-105.15,290.91,-105.39,-94.48,-105.39,M3->FP x M1,301.24,592.15,228.9,165.0,383.9,592.1,333.0
250,0.90,8.0,-94.31,51.24,66.08,51.24,290.91,-104.09,290.91,-103.67,-93.98,-104.09,M2->M3 x M1,301.24,592.15,228.9,165.0,383.9,592.1,343.9
250,0.90,9.0,-94.55,51.24,86.15,51.24,290.91,-104.57,290.91,-105.39,-94.77,-105.39,M3->FP x M1,301.24,592.15,228.9,165.0,383.9,592.1,354.8
250,0.90,10.0,-94.85,51.24,106.19,51.24,290.91,-105.31,290.91,-104.32,-93.76,-105.31,M2->M3 x M1,301.24,592.15,228.9,165.0,383.9,592.1,365.8
250,0.90,11.0,-85.39,51.24,126.20,51.24,290.91,-104.31,290.91,-105.10,-94.82,-105.10,M3->FP x M1,301.24,592.15,228.9,165.0,383.9,592.1,376.9
250,0.90,12.0,-75.80,51.24,146.17,51.24,290.91,-104.59,290.91,-104.70,-93.84,-104.70,M3->FP x M1,301.24,592.15,228.9,165.0,383.9,592.1,388.0
250,0.90,13.0,-66.15,51.24,166.10,51.24,290.91,-105.12,290.91,-105.16,-94.83,-105.16,M3->FP x M1,301.24,592.15,228.9,165.0,383.9,592.1,399.2
250,0.90,14.0,-56.42,51.24,185.97,51.24,290.91,-103.93,290.91,-104.76,-93.75,-104.76,M3->FP x M1,301.24,592.15,228.9,165.0,383.9,592.1,410.6
250,0.90,15.0,-46.60,51.24,205.79,51.24,290.95,-105.30,290.95,-93.38,-87.57,-105.30,M2->M3 x M1,301.24,592.15,228.9,165.0,383.9,592.1,422.0
250,0.90,16.0,-36.70,51.24,225.55,51.24,291.13,-98.23,291.13,-81.89,-81.34,-98.23,M2->M3 x M1,301.24,592.15,228.9,165.0,383.9,592.1,433.5
250,0.90,17.0,-26.69,51.24,245.24,51.24,291.43,-87.70,291.43,-70.29,-75.04,-87.70,M2->M3 x M1,301.24,592.15,228.9,165.0,383.9,592.1,445.2
250,0.90,18.0,-16.58,51.24,264.85,51.24,291.88,-77.05,291.88,-58.56,-68.67,-77.05,M2->M3 x M1,301.24,592.15,228.9,165.0,383.9,592.1,456.9
250,0.90,19.0,-6.36,51.24,284.38,51.24,292.47,-66.29,292.47,-46.71,-62.23,-66.29,M2->M3 x M1,301.24,592.15,228.9,165.0,383.9,592.1,468.8
250,0.90,20.0,3.75,51.24,303.83,51.24,293.21,-55.40,293.21,-34.70,-55.72,-55.72,M3->FP x M2,301.24,592.15,228.9,165.0,383.9,592.1,480.9
300,0.30,2.0,-31.19,-46.15,0.02,-45.90,45.34,200.65,45.34,200.65,-31.59,-46.15,in->M1 x M3,99.35,144.69,347.3,55.0,134.7,345.3,188.6
300,0.30,3.0,-31.07,-46.16,0.15,-46.11,45.34,200.65,45.34,200.65,-27.77,-46.16,in->M1 x M3,99.35,144.69,347.3,55.0,134.7,345.3,205.1
300,0.30,4.0,-31.22,-34.80,21.03,-46.22,45.34,200.65,45.34,200.65,-21.99,-46.22,M1->M2 x M3,99.35,144.69,347.3,55.0,134.7,345.3,228.4
300,0.30,5.0,-12.99,-7.91,50.31,-38.77,45.35,200.65,45.35,200.65,-16.19,-38.77,M1->M2 x M3,99.35,144.69,347.3,55.0,134.7,345.3,251.8
300,0.30,6.0,9.85,18.96,79.57,-27.11,45.78,200.65,45.78,200.65,-10.37,-27.11,M1->M2 x M3,99.35,144.69,347.3,55.0,134.7,345.3,275.3
300,0.30,7.0,32.64,45.80,108.81,-15.41,46.94,201.16,46.94,201.16,-4.54,-15.41,M1->M2 x M3,99.35,144.69,347.3,55.0,134.7,345.3,298.8
300,0.30,8.0,55.42,72.62,138.01,-3.66,48.79,204.21,48.79,204.21,1.28,-3.66,M1->M2 x M3,99.35,144.69,347.3,55.0,134.7,345.3,322.5
300,0.30,9.0,78.18,99.42,167.17,7.80,51.25,209.91,51.25,209.91,6.96,6.96,M3->FP x M2,99.35,144.69,347.3,55.0,134.7,345.3,346.3
300,0.30,10.0,100.92,126.19,196.28,18.81,54.26,218.12,54.26,218.12,12.66,12.66,M3->FP x M2,99.35,144.69,347.3,55.0,134.7,345.3,370.2
300,0.30,11.0,123.62,152.92,225.34,29.42,57.74,228.60,57.74,228.60,18.41,18.41,M3->FP x M2,99.35,144.69,347.3,55.0,134.7,345.3,394.2
300,0.30,12.0,146.29,179.61,254.32,39.58,61.63,241.12,61.63,241.12,24.19,24.19,M3->FP x M2,99.35,144.69,347.3,55.0,134.7,345.3,418.4
300,0.30,13.0,168.92,206.24,283.22,49.24,65.87,255.42,65.87,255.42,30.02,30.02,M3->FP x M2,99.35,144.69,347.3,55.0,134.7,345.3,442.9
300,0.30,14.0,191.49,232.81,312.04,58.38,70.41,271.29,70.24,271.29,35.89,35.89,M3->FP x M2,99.35,144.69,347.3,55.0,134.7,345.3,467.5
300,0.30,15.0,214.00,259.30,340.77,66.99,75.21,288.53,74.33,288.53,41.81,41.81,M3->FP x M2,99.35,144.69,347.3,55.0,134.7,345.3,492.3
300,0.30,16.0,236.45,285.72,369.39,75.08,80.23,306.98,78.14,306.98,47.79,47.79,M3->FP x M2,99.35,144.69,347.3,55.0,134.7,345.3,517.3
300,0.30,17.0,258.83,312.05,397.90,82.65,85.47,325.89,81.69,326.49,53.83,53.83,M3->FP x M2,99.35,144.69,347.3,55.0,134.7,345.3,542.6
300,0.30,18.0,281.13,338.29,426.28,89.72,90.89,343.53,85.00,346.97,59.94,59.94,M3->FP x M2,99.35,144.69,347.3,55.0,134.7,345.3,568.2
300,0.30,19.0,303.34,364.42,454.54,96.31,96.48,359.88,88.08,368.31,66.11,66.11,M3->FP x M2,99.35,144.69,347.3,55.0,134.7,345.3,594.1
300,0.30,20.0,325.46,390.44,482.66,102.45,102.24,375.02,90.96,390.45,72.36,72.36,M3->FP x M2,99.35,144.69,347.3,55.0,134.7,345.3,620.3
300,0.35,2.0,-36.19,-56.44,0.06,-56.59,61.42,184.01,61.42,184.01,-36.51,-56.59,M1->M2 x M3,115.99,177.41,323.9,64.2,152.9,361.4,187.8
300,0.35,3.0,-36.41,-56.25,0.04,-56.60,61.42,184.01,61.42,184.01,-36.65,-56.60,M1->M2 x M3,115.99,177.41,323.9,64.2,152.9,361.4,206.4
300,0.35,4.0,-36.85,-55.97,12.52,-56.31,61.42,184.01,61.42,184.01,-31.72,-56.31,M1->M2 x M3,115.99,177.41,323.9,64.2,152.9,361.4,227.2
300,0.35,5.0,-30.38,-31.88,39.59,-55.55,61.42,184.01,61.42,184.01,-25.91,-55.55,M1->M2 x M3,115.99,177.41,323.9,64.2,152.9,361.4,248.1
300,0.35,6.0,-10.00,-7.71,66.65,-43.88,61.44,184.01,61.44,184.01,-20.10,-43.88,M1->M2 x M3,115.99,177.41,323.9,64.2,152.9,361.4,269.0
300,0.35,7.0,10.37,16.42,93.69,-32.17,61.88,184.01,61.88,184.01,-14.26,-32.17,M1->M2 x M3,115.99,177.41,323.9,64.2,152.9,361.4,290.0
300,0.35,8.0,30.68,40.51,120.70,-20.41,62.87,184.23,62.87,184.23,-8.39,-20.41,M1->M2 x M3,115.99,177.41,323.9,64.2,152.9,361.4,311.2
300,0.35,9.0,50.99,64.59,147.67,-8.59,64.38,186.49,64.38,186.49,-2.50,-8.59,M1->M2 x M3,115.99,177.41,323.9,64.2,152.9,361.4,332.4
300,0.35,10.0,71.28,88.65,174.60,3.15,66.39,191.12,66.39,191.12,3.30,3.15,M1->M2 x M3,115.99,177.41,323.9,64.2,152.9,361.4,353.7
300,0.35,11.0,91.55,112.68,201.47,14.39,68.87,198.00,68.87,198.00,9.05,9.05,M3->FP x M2,115.99,177.41,323.9,64.2,152.9,361.4,375.2
300,0.35,12.0,111.80,136.68,228.28,25.32,71.79,206.94,71.79,206.94,14.83,14.83,M3->FP x M2,115.99,177.41,323.9,64.2,152.9,361.4,396.8
300,0.35,13.0,132.01,160.63,255.03,35.89,75.09,217.75,75.09,217.75,20.66,20.66,M3->FP x M2,115.99,177.41,323.9,64.2,152.9,361.4,418.6
300,0.35,14.0,152.17,184.54,281.69,46.07,78.74,230.21,78.74,230.21,26.53,26.53,M3->FP x M2,115.99,177.41,323.9,64.2,152.9,361.4,440.6
300,0.35,15.0,172.29,208.39,308.28,55.82,82.72,244.13,82.72,244.13,32.46,32.46,M3->FP x M2,115.99,177.41,323.9,64.2,152.9,361.4,462.8
300,0.35,16.0,192.36,232.17,334.76,65.14,86.99,259.34,86.99,259.34,38.44,38.44,M3->FP x M2,115.99,177.41,323.9,64.2,152.9,361.4,485.1
300,0.35,17.0,212.37,255.89,361.15,74.01,91.53,275.68,91.34,275.68,44.48,44.48,M3->FP x M2,115.99,177.41,323.9,64.2,152.9,361.4,507.7
300,0.35,18.0,232.32,279.53,387.42,82.44,96.31,293.03,95.44,293.03,50.59,50.59,M3->FP x M2,115.99,177.41,323.9,64.2,152.9,361.4,530.6
300,0.35,19.0,252.20,303.08,413.58,90.42,101.32,310.75,99.31,311.28,56.76,56.76,M3->FP x M2,115.99,177.41,323.9,64.2,152.9,361.4,553.7
300,0.35,20.0,271.99,326.54,439.61,97.96,106.54,327.46,102.95,330.37,63.01,63.01,M3->FP x M2,115.99,177.41,323.9,64.2,152.9,361.4,577.1
300,0.40,2.0,-42.17,-67.65,0.22,-67.60,79.21,167.33,79.21,167.33,-41.86,-67.65,in->M1 x M3,132.67,211.88,306.3,73.3,172.1,379.2,191.1
300,0.40,3.0,-42.14,-67.67,0.18,-67.60,79.21,167.33,79.21,167.33,-42.12,-67.67,in->M1 x M3,132.67,211.88,306.3,73.3,172.1,379.2,210.1
300,0.40,4.0,-42.08,-67.43,6.52,-67.46,79.21,167.33,79.21,167.33,-41.92,-67.46,M1->M2 x M3,132.67,211.88,306.3,73.3,172.1,379.2,229.0
300,0.40,5.0,-41.97,-53.37,32.03,-67.59,79.21,167.33,79.21,167.33,-36.11,-67.59,M1->M2 x M3,132.67,211.88,306.3,73.3,172.1,379.2,248.0
300,0.40,6.0,-26.25,-31.38,57.54,-60.71,79.21,167.33,79.21,167.33,-30.29,-60.71,M1->M2 x M3,132.67,211.88,306.3,73.3,172.1,379.2,267.1
300,0.40,7.0,-7.70,-9.31,83.03,-48.99,79.26,167.33,79.26,167.33,-24.45,-48.99,M1->M2 x M3,132.67,211.88,306.3,73.3,172.1,379.2,286.2
300,0.40,8.0,10.83,12.73,108.49,-37.21,79.70,167.33,79.70,167.33,-18.58,-37.21,M1->M2 x M3,132.67,211.88,306.3,73.3,172.1,379.2,305.4
300,0.40,9.0,29.30,34.70,133.92,-25.39,80.56,167.38,80.56,167.38,-12.69,-25.39,M1->M2 x M3,132.67,211.88,306.3,73.3,172.1,379.2,324.7
300,0.40,10.0,47.76,56.67,159.31,-13.49,81.85,168.97,81.85,168.97,-6.76,-13.49,M1->M2 x M3,132.67,211.88,306.3,73.3,172.1,379.2,344.2
300,0.40,11.0,66.21,78.61,184.65,-1.53,83.55,172.78,83.55,172.78,-0.80,-1.53,M1->M2 x M3,132.67,211.88,306.3,73.3,172.1,379.2,363.7
300,0.40,12.0,84.64,100.53,209.94,9.95,85.64,178.68,85.64,178.68,5.02,5.02,M3->FP x M2,132.67,211.88,306.3,73.3,172.1,379.2,383.4
300,0.40,13.0,103.04,122.42,235.16,21.12,88.12,186.55,88.12,186.55,10.85,10.85,M3->FP x M2,132.67,211.88,306.3,73.3,172.1,379.2,403.2
300,0.40,14.0,121.41,144.27,260.30,32.01,90.95,196.18,90.95,196.18,16.72,16.72,M3->FP x M2,132.67,211.88,306.3,73.3,172.1,379.2,423.2
300,0.40,15.0,139.74,166.08,285.37,42.57,94.11,207.39,94.11,207.39,22.65,22.65,M3->FP x M2,132.67,211.88,306.3,73.3,172.1,379.2,443.4
300,0.40,16.0,158.03,187.84,310.36,52.80,97.60,220.00,97.60,220.00,28.63,28.63,M3->FP x M2,132.67,211.88,306.3,73.3,172.1,379.2,463.8
300,0.40,17.0,176.27,209.54,335.25,62.66,101.38,233.83,101.38,233.83,34.68,34.68,M3->FP x M2,132.67,211.88,306.3,73.3,172.1,379.2,484.3
300,0.40,18.0,194.46,231.17,360.03,72.14,105.44,248.75,105.44,248.75,40.79,40.79,M3->FP x M2,132.67,211.88,306.3,73.3,172.1,379.2,505.1
300,0.40,19.0,212.59,252.74,384.71,81.24,109.77,264.63,109.77,264.63,46.96,46.96,M3->FP x M2,132.67,211.88,306.3,73.3,172.1,379.2,526.1
300,0.40,20.0,230.66,274.23,409.27,89.96,114.34,281.38,114.13,281.38,53.22,53.22,M3->FP x M2,132.67,211.88,306.3,73.3,172.1,379.2,547.4
300,0.45,2.0,-47.06,-79.01,0.09,-79.13,98.44,150.61,98.44,150.61,-47.32,-79.13,M1->M2 x M3,149.39,247.82,292.7,82.5,192.1,398.4,198.0
300,0.45,3.0,-47.19,-78.94,0.22,-79.12,98.44,150.61,98.44,150.61,-47.38,-79.12,M1->M2 x M3,149.39,247.82,292.7,82.5,192.1,398.4,215.5
300,0.45,4.0,-46.55,-79.15,2.21,-79.14,98.44,150.61,98.44,150.61,-47.33,-79.15,in->M1 x M3,149.39,247.82,292.7,82.5,192.1,398.4,233.0
300,0.45,5.0,-47.40,-73.32,26.61,-79.10,98.44,150.61,98.44,150.61,-46.71,-79.10,M1->M2 x M3,149.39,247.82,292.7,82.5,192.1,398.4,250.5
300,0.45,6.0,-40.06,-53.08,51.01,-77.49,98.44,150.61,98.44,150.61,-40.89,-77.49,M1->M2 x M3,149.39,247.82,292.7,82.5,192.1,398.4,268.1
300,0.45,7.0,-22.98,-32.78,75.38,-65.76,98.44,150.61,98.44,150.61,-35.04,-65.76,M1->M2 x M3,149.39,247.82,292.7,82.5,192.1,398.4,285.8
300,0.45,8.0,-5.83,-12.38,99.74,-53.98,98.53,150.61,98.53,150.61,-29.18,-53.98,M1->M2 x M3,149.39,247.82,292.7,82.5,192.1,398.4,303.5
300,0.45,9.0,11.27,8.01,124.06,-42.14,98.96,150.61,98.96,150.61,-23.28,-42.14,M1->M2 x M3,149.39,247.82,292.7,82.5,192.1,398.4,321.4
300,0.45,10.0,28.31,28.29,148.34,-30.24,99.74,150.61,99.74,150.61,-17.35,-30.24,M1->M2 x M3,149.39,247.82,292.7,82.5,192.1,398.4,339.3
300,0.45,11.0,45.35,48.55,172.58,-18.27,100.86,151.59,100.86,151.59,-11.38,-18.27,M1->M2 x M3,149.39,247.82,292.7,82.5,192.1,398.4,357.3
300,0.45,12.0,62.37,68.81,196.77,-6.21,102.34,154.69,102.34,154.69,-5.38,-6.21,M1->M2 x M3,149.39,247.82,292.7,82.5,192.1,398.4,375.5
300,0.45,13.0,79.37,89.04,220.90,5.62,104.15,159.85,104.15,159.85,0.65,0.65,M3->FP x M2,149.39,247.82,292.7,82.5,192.1,398.4,393.8
300,0.45,14.0,96.34,109.24,244.96,16.99,106.29,166.92,106.29,166.92,6.53,6.53,M3->FP x M2,149.39,247.82,292.7,82.5,192.1,398.4,412.3
300,0.45,15.0,113.29,129.41,268.95,28.13,108.76,175.73,108.76,175.73,12.46,12.46,M3->FP x M2,149.39,247.82,292.7,82.5,192.1,398.4,430.9
300,0.45,16.0,130.20,149.55,292.85,39.01,111.53,186.08,111.53,186.08,18.45,18.45,M3->FP x M2,149.39,247.82,292.7,82.5,192.1,398.4,449.7
300,0.45,17.0,147.07,169.63,316.66,49.60,114.61,197.79,114.61,197.79,24.49,24.49,M3->FP x M2,149.39,247.82,292.7,82.5,192.1,398.4,468.7
300,0.45,18.0,163.90,189.67,340.38,59.90,117.97,210.69,117.97,210.69,30.60,30.60,M3->FP x M2,149.39,247.82,292.7,82.5,192.1,398.4,487.9
300,0.45,19.0,180.68,209.64,364.00,69.87,121.61,224.65,121.61,224.65,36.78,36.78,M3->FP x M2,149.39,247.82,292.7,82.5,192.1,398.4,507.3
300,0.45,20.0,197.40,229.56,387.50,79.52,125.52,239.54,125.52,239.54,43.04,43.04,M3->FP x M2,149.39,247.82,292.7,82.5,192.1,398.4,526.9
300,0.50,2.0,-52.05,-90.72,0.22,-91.01,118.84,133.87,118.84,133.87,-52.71,-91.01,M1->M2 x M3,166.13,284.97,281.7,91.7,212.8,418.8,205.8
300,0.50,3.0,-51.82,-91.03,0.03,-90.94,118.84,133.87,118.84,133.87,-52.68,-91.03,in->M1 x M3,166.13,284.97,281.7,91.7,212.8,418.8,222.1
300,0.50,4.0,-51.72,-90.87,0.03,-90.85,118.84,133.87,118.84,133.87,-52.67,-90.87,in->M1 x M3,166.13,284.97,281.7,91.7,212.8,418.8,238.5
300,0.50,5.0,-51.89,-90.70,22.70,-90.74,118.84,133.87,118.84,133.87,-52.69,-90.74,M1->M2 x M3,166.13,284.97,281.7,91.7,212.8,418.8,254.8
300,0.50,6.0,-52.16,-73.46,46.29,-90.64,118.84,133.87,118.84,133.87,-51.81,-90.64,M1->M2 x M3,166.13,284.97,281.7,91.7,212.8,418.8,271.3
300,0.50,7.0,-36.26,-54.63,69.86,-82.42,118.84,133.87,118.84,133.87,-45.96,-82.42,M1->M2 x M3,166.13,284.97,281.7,91.7,212.8,418.8,287.8
300,0.50,8.0,-20.29,-35.71,93.42,-70.63,118.84,133.87,118.84,133.87,-40.09,-70.63,M1->M2 x M3,166.13,284.97,281.7,91.7,212.8,418.8,304.3
300,0.50,9.0,-4.24,-16.70,116.94,-58.78,118.97,133.87,118.97,133.87,-34.19,-58.78,M1->M2 x M3,166.13,284.97,281.7,91.7,212.8,418.8,321.0
300,0.50,10.0,11.72,2.38,140.43,-46.86,119.39,133.87,119.39,133.87,-28.26,-46.86,M1->M2 x M3,166.13,284.97,281.7,91.7,212.8,418.8,337.7
300,0.50,11.0,27.62,21.25,163.87,-34.88,120.11,133.87,120.11,133.87,-22.29,-34.88,M1->M2 x M3,166.13,284.97,281.7,91.7,212.8,418.8,354.6
300,0.50,12.0,43.52,40.13,187.27,-22.81,121.12,134.32,121.12,134.32,-16.28,-22.81,M1->M2 x M3,166.13,284.97,281.7,91.7,212.8,418.8,371.5
300,0.50,13.0,59.40,58.98,210.61,-10.66,122.43,136.78,122.43,136.78,-10.23,-10.66,M1->M2 x M3,166.13,284.97,281.7,91.7,212.8,418.8,388.6
300,0.50,14.0,75.27,77.83,233.88,1.51,124.03,141.32,124.03,141.32,-4.12,-4.12,M3->FP x M2,166.13,284.97,281.7,91.7,212.8,418.8,405.9
300,0.50,15.0,91.11,96.64,257.09,13.05,125.93,147.79,125.93,147.79,1.96,1.96,M3->FP x M2,166.13,284.97,281.7,91.7,212.8,418.8,423.2
300,0.50,16.0,106.92,115.43,280.21,24.40,128.11,156.01,128.11,156.01,7.95,7.95,M3->FP x M2,166.13,284.97,281.7,91.7,212.8,418.8,440.8
300,0.50,17.0,122.70,134.18,303.25,35.54,130.58,165.78,130.58,165.78,13.99,13.99,M3->FP x M2,166.13,284.97,281.7,91.7,212.8,418.8,458.5
300,0.50,18.0,138.45,152.89,326.20,46.45,133.32,176.90,133.32,176.90,20.11,20.11,M3->FP x M2,166.13,284.97,281.7,91.7,212.8,418.8,476.4
300,0.50,19.0,154.15,171.56,349.05,57.10,136.34,189.20,136.34,189.20,26.29,26.29,M3->FP x M2,166.13,284.97,281.7,91.7,212.8,418.8,494.6
300,0.50,20.0,169.81,190.17,371.79,67.49,139.62,202.53,139.62,202.53,32.55,32.55,M3->FP x M2,166.13,284.97,281.7,91.7,212.8,418.8,512.9
300,0.55,2.0,-57.79,-103.14,0.11,-102.88,140.14,117.09,140.14,117.09,-57.86,-103.14,in->M1 x M3,182.91,323.05,272.8,100.8,234.0,440.1,214.4
300,0.55,3.0,-57.28,-103.19,0.20,-103.18,140.14,117.09,140.14,117.09,-57.81,-103.19,in->M1 x M3,182.91,323.05,272.8,100.8,234.0,440.1,229.7
300,0.55,4.0,-57.52,-103.16,0.33,-102.90,140.14,117.09,140.14,117.09,-57.78,-103.16,in->M1 x M3,182.91,323.05,272.8,100.8,234.0,440.1,245.1
300,0.55,5.0,-57.34,-103.17,19.89,-102.96,140.14,117.09,140.14,117.09,-57.75,-103.17,in->M1 x M3,182.91,323.05,272.8,100.8,234.0,440.1,260.5
300,0.55,6.0,-57.52,-92.91,42.90,-103.08,140.14,117.09,140.14,117.09,-57.75,-103.08,M1->M2 x M3,182.91,323.05,272.8,100.8,234.0,440.1,276.0
300,0.55,7.0,-48.08,-75.32,65.90,-98.86,140.14,117.09,140.14,117.09,-57.13,-98.86,M1->M2 x M3,182.91,323.05,272.8,100.8,234.0,440.1,291.5
300,0.55,8.0,-33.08,-57.67,88.88,-87.06,140.14,117.09,140.14,117.09,-51.25,-87.06,M1->M2 x M3,182.91,323.05,272.8,100.8,234.0,440.1,307.1
300,0.55,9.0,-18.01,-39.92,111.83,-75.20,140.14,117.09,140.14,117.09,-45.35,-75.20,M1->M2 x M3,182.91,323.05,272.8,100.8,234.0,440.1,322.8
300,0.55,10.0,-2.85,-22.08,134.74,-63.28,140.31,117.09,140.31,117.09,-39.42,-63.28,M1->M2 x M3,182.91,323.05,272.8,100.8,234.0,440.1,338.6
300,0.55,11.0,12.18,-4.14,157.62,-51.28,140.72,117.09,140.72,117.09,-33.44,-51.28,M1->M2 x M3,182.91,323.05,272.8,100.8,234.0,440.1,354.5
300,0.55,12.0,27.16,13.64,180.44,-39.20,141.40,117.09,141.40,117.09,-27.43,-39.20,M1->M2 x M3,182.91,323.05,272.8,100.8,234.0,440.1,370.4
300,0.55,13.0,42.13,31.33,203.22,-27.04,142.33,117.20,142.33,117.20,-21.38,-27.04,M1->M2 x M3,182.91,323.05,272.8,100.8,234.0,440.1,386.5
300,0.55,14.0,57.09,49.01,225.93,-14.77,143.51,119.01,143.51,119.01,-15.27,-15.27,M3->FP x M2,182.91,323.05,272.8,100.8,234.0,440.1,402.8
300,0.55,15.0,72.03,66.68,248.57,-2.41,144.96,122.99,144.96,122.99,-9.11,-9.11,M3->FP x M2,182.91,323.05,272.8,100.8,234.0,440.1,419.1
300,0.55,16.0,86.95,84.33,271.13,9.42,146.67,128.99,146.67,128.99,-2.90,-2.90,M3->FP x M2,182.91,323.05,272.8,100.8,234.0,440.1,435.7
300,0.55,17.0,101.85,101.95,293.62,20.97,148.63,136.82,148.63,136.82,3.26,3.26,M3->FP x M2,182.91,323.05,272.8,100.8,234.0,440.1,452.4
300,0.55,18.0,116.71,119.54,316.01,32.33,150.86,146.23,150.86,146.23,9.37,9.37,M3->FP x M2,182.91,323.05,272.8,100.8,234.0,440.1,469.2
300,0.55,19.0,131.54,137.10,338.31,43.50,153.34,157.01,153.34,157.01,15.56,15.56,M3->FP x M2,182.91,323.05,272.8,100.8,234.0,440.1,486.3
300,0.55,20.0,146.33,154.61,360.50,54.46,156.08,168.97,156.08,168.97,21.82,21.82,M3->FP x M2,182.91,323.05,272.8,100.8,234.0,440.1,503.6
300,0.60,2.0,-62.81,-115.37,0.15,-115.27,162.07,100.27,162.07,100.27,-62.94,-115.37,in->M1 x M3,199.73,361.79,265.3,110.0,255.6,462.1,223.4
300,0.60,3.0,-62.57,-115.51,0.16,-115.54,162.07,100.27,162.07,100.27,-63.03,-115.54,M1->M2 x M3,199.73,361.79,265.3,110.0,255.6,462.1,238.0
300,0.60,4.0,-62.31,-115.36,0.13,-115.36,162.07,100.27,162.07,100.27,-63.04,-115.36,in->M1 x M3,199.73,361.79,265.3,110.0,255.6,462.1,252.6
300,0.60,5.0,-62.38,-115.55,17.90,-115.14,162.07,100.27,162.07,100.27,-62.97,-115.55,in->M1 x M3,199.73,361.79,265.3,110.0,255.6,462.1,267.2
300,0.60,6.0,-62.72,-111.63,40.50,-115.31,162.07,100.27,162.07,100.27,-63.07,-115.31,M1->M2 x M3,199.73,361.79,265.3,110.0,255.6,462.1,281.9
300,0.60,7.0,-58.81,-95.14,63.09,-115.01,162.07,100.27,162.07,100.27,-63.09,-115.01,M1->M2 x M3,199.73,361.79,265.3,110.0,255.6,462.1,296.6
300,0.60,8.0,-44.62,-78.58,85.66,-103.19,162.07,100.27,162.07,100.27,-62.59,-103.19,M1->M2 x M3,199.73,361.79,265.3,110.0,255.6,462.1,311.4
300,0.60,9.0,-30.36,-61.95,108.21,-91.32,162.07,100.27,162.07,100.27,-56.69,-91.32,M1->M2 x M3,199.73,361.79,265.3,110.0,255.6,462.1,326.3
300,0.60,10.0,-16.01,-45.22,130.72,-79.39,162.08,100.27,162.08,100.27,-50.75,-79.39,M1->M2 x M3,199.73,361.79,265.3,110.0,255.6,462.1,341.3
300,0.60,11.0,-1.58,-28.39,153.19,-67.38,162.28,100.27,162.28,100.27,-44.77,-67.38,M1->M2 x M3,199.73,361.79,265.3,110.0,255.6,462.1,356.3
300,0.60,12.0,12.66,-11.44,175.61,-55.29,162.69,100.27,162.69,100.27,-38.76,-55.29,M1->M2 x M3,199.73,361.79,265.3,110.0,255.6,462.1,371.5
300,0.60,13.0,26.88,5.48,197.98,-43.12,163.33,100.27,163.33,100.27,-32.70,-43.12,M1->M2 x M3,199.73,361.79,265.3,110.0,255.6,462.1,386.7
300,0.60,14.0,41.09,22.16,220.29,-30.84,164.20,100.27,164.20,100.27,-26.59,-30.84,M1->M2 x M3,199.73,361.79,265.3,110.0,255.6,462.1,402.1
300,0.60,15.0,55.29,38.84,242.54,-18.46,165.29,101.38,165.29,101.38,-20.43,-20.43,M3->FP x M2,199.73,361.79,265.3,110.0,255.6,462.1,417.7
300,0.60,16.0,69.47,55.50,264.71,-5.97,166.62,104.83,166.62,104.83,-14.21,-14.21,M3->FP x M2,199.73,361.79,265.3,110.0,255.6,462.1,433.3
300,0.60,17.0,83.63,72.15,286.80,6.21,168.18,110.46,168.18,110.46,-7.93,-7.93,M3->FP x M2,199.73,361.79,265.3,110.0,255.6,462.1,449.2
300,0.60,18.0,97.76,88.77,308.80,17.93,169.98,118.05,169.98,118.05,-1.58,-1.58,M3->FP x M2,199.73,361.79,265.3,110.0,255.6,462.1,465.2
300,0.60,19.0,111.87,105.37,330.71,29.50,172.02,127.30,172.02,127.30,4.66,4.66,M3->FP x M2,199.73,361.79,265.3,110.0,255.6,462.1,481.4
300,0.60,20.0,125.93,121.93,352.51,40.90,174.29,137.97,174.29,137.97,10.92,10.92,M3->FP x M2,199.73,361.79,265.3,110.0,255.6,462.1,497.8
300,0.65,2.0,-67.61,-128.06,0.04,-127.88,184.35,83.43,184.35,83.43,-68.16,-128.06,in->M1 x M3,216.57,400.93,259.0,119.2,277.4,484.4,232.9
300,0.65,3.0,-67.86,-127.88,0.22,-128.00,184.35,83.43,184.35,83.43,-68.20,-128.00,M1->M2 x M3,216.57,400.93,259.0,119.2,277.4,484.4,246.8
300,0.65,4.0,-68.27,-127.68,0.04,-127.86,184.35,83.43,184.35,83.43,-68.39,-127.86,M1->M2 x M3,216.57,400.93,259.0,119.2,277.4,484.4,260.7
300,0.65,5.0,-68.41,-127.86,16.53,-127.69,184.35,83.43,184.35,83.43,-68.48,-127.86,in->M1 x M3,216.57,400.93,259.0,119.2,277.4,484.4,274.7
300,0.65,6.0,-68.41,-128.00,38.86,-127.78,184.35,83.43,184.35,83.43,-68.39,-128.00,in->M1 x M3,216.57,400.93,259.0,119.2,277.4,484.4,288.7
300,0.65,7.0,-68.34,-114.25,61.16,-128.04,184.35,83.43,184.35,83.43,-68.25,-128.04,M1->M2 x M3,216.57,400.93,259.0,119.2,277.4,484.4,302.7
300,0.65,8.0,-55.19,-98.67,83.45,-118.94,184.35,83.43,184.35,83.43,-68.13,-118.94,M1->M2 x M3,216.57,400.93,259.0,119.2,277.4,484.4,316.8
300,0.65,9.0,-41.61,-83.01,105.72,-107.06,184.35,83.43,184.35,83.43,-68.12,-107.06,M1->M2 x M3,216.57,400.93,259.0,119.2,277.4,484.4,331.0
300,0.65,10.0,-27.96,-67.27,127.95,-95.12,184.35,83.43,184.35,83.43,-62.18,-95.12,M1->M2 x M3,216.57,400.93,259.0,119.2,277.4,484.4,345.3
300,0.65,11.0,-14.23,-51.43,150.14,-83.10,184.39,83.43,184.39,83.43,-56.20,-83.10,M1->M2 x M3,216.57,400.93,259.0,119.2,277.4,484.4,359.7
300,0.65,12.0,-0.40,-35.48,172.29,-71.00,184.61,83.43,184.61,83.43,-50.18,-71.00,M1->M2 x M3,216.57,400.93,259.0,119.2,277.4,484.4,374.1
300,0.65,13.0,13.19,-19.42,194.39,-58.81,185.02,83.43,185.02,83.43,-44.12,-58.81,M1->M2 x M3,216.57,400.93,259.0,119.2,277.4,484.4,388.7
300,0.65,14.0,26.77,-3.23,216.42,-46.52,185.64,83.43,185.64,83.43,-38.01,-46.52,M1->M2 x M3,216.57,400.93,259.0,119.2,277.4,484.4,403.4
300,0.65,15.0,40.34,12.66,238.39,-34.13,186.46,83.43,186.46,83.43,-31.84,-34.13,M1->M2 x M3,216.57,400.93,259.0,119.2,277.4,484.4,418.2
300,0.65,16.0,53.89,28.46,260.29,-21.62,187.48,83.90,187.48,83.90,-25.62,-25.62,M3->FP x M2,216.57,400.93,259.0,119.2,277.4,484.4,433.2
300,0.65,17.0,67.43,44.24,282.11,-8.99,188.72,86.79,188.72,86.79,-19.34,-19.34,M3->FP x M2,216.57,400.93,259.0,119.2,277.4,484.4,448.3
300,0.65,18.0,80.95,60.01,303.84,3.52,190.17,92.15,190.17,92.15,-12.99,-12.99,M3->FP x M2,216.57,400.93,259.0,119.2,277.4,484.4,463.6
300,0.65,19.0,94.45,75.77,325.48,15.39,191.84,99.67,191.84,99.67,-6.57,-6.57,M3->FP x M2,216.57,400.93,259.0,119.2,277.4,484.4,479.0
300,0.65,20.0,107.92,91.50,347.02,27.14,193.73,108.98,193.73,108.98,-0.07,-0.07,M3->FP x M2,216.57,400.93,259.0,119.2,277.4,484.4,494.6
300,0.70,2.0,-73.64,-140.47,0.06,-140.46,206.73,66.55,206.73,66.55,-73.70,-140.47,in->M1 x M3,233.45,440.17,253.6,128.3,299.2,506.7,246.3
300,0.70,3.0,-73.40,-140.61,0.02,-140.47,206.72,66.55,206.72,66.55,-73.64,-140.61,in->M1 x M3,233.45,440.17,253.6,128.3,299.2,506.7,255.9
300,0.70,4.0,-73.26,-140.27,0.14,-140.19,206.72,66.55,206.72,66.55,-73.57,-140.27,in->M1 x M3,233.45,440.17,253.6,128.3,299.2,506.7,269.2
300,0.70,5.0,-73.37,-140.57,15.64,-140.39,206.72,66.55,206.72,66.55,-73.49,-140.57,in->M1 x M3,233.45,440.17,253.6,128.3,299.2,506.7,282.6
300,0.70,6.0,-73.20,-140.60,37.78,-140.50,206.72,66.55,206.72,66.55,-73.39,-140.60,in->M1 x M3,233.45,440.17,253.6,128.3,299.2,506.7,296.1
300,0.70,7.0,-73.52,-132.74,59.90,-140.33,206.72,66.55,206.72,66.55,-73.43,-140.33,M1->M2 x M3,233.45,440.17,253.6,128.3,299.2,506.7,309.5
300,0.70,8.0,-65.01,-118.03,82.01,-134.22,206.73,66.55,206.73,66.55,-73.58,-134.22,M1->M2 x M3,233.45,440.17,253.6,128.3,299.2,506.7,323.1
300,0.70,9.0,-52.02,-103.26,104.09,-122.32,206.72,66.55,206.72,66.55,-73.75,-122.32,M1->M2 x M3,233.45,440.17,253.6,128.3,299.2,506.7,336.7
300,0.70,10.0,-38.96,-88.41,126.14,-110.37,206.72,66.55,206.72,66.55,-73.63,-110.37,M1->M2 x M3,233.45,440.17,253.6,128.3,299.2,506.7,350.4
300,0.70,11.0,-25.82,-73.46,148.15,-98.34,206.72,66.55,206.72,66.55,-67.65,-98.34,M1->M2 x M3,233.45,440.17,253.6,128.3,299.2,506.7,364.1
300,0.70,12.0,-12.59,-58.41,170.12,-86.23,206.79,66.55,206.79,66.55,-61.63,-86.23,M1->M2 x M3,233.45,440.17,253.6,128.3,299.2,506.7,378.0
300,0.70,13.0,0.72,-43.26,192.03,-74.03,207.02,66.55,207.02,66.55,-55.56,-74.03,M1->M2 x M3,233.45,440.17,253.6,128.3,299.2,506.7,392.0
300,0.70,14.0,13.76,-27.98,213.89,-61.73,207.44,66.55,207.44,66.55,-49.45,-61.73,M1->M2 x M3,233.45,440.17,253.6,128.3,299.2,506.7,406.1
300,0.70,15.0,26.79,-12.57,235.68,-49.33,208.04,66.55,208.04,66.55,-43.28,-49.33,M1->M2 x M3,233.45,440.17,253.6,128.3,299.2,506.7,420.3
300,0.70,16.0,39.82,2.87,257.40,-36.81,208.82,66.55,208.82,66.55,-37.06,-37.06,M3->FP x M2,233.45,440.17,253.6,128.3,299.2,506.7,434.6
300,0.70,17.0,52.83,17.88,279.04,-24.16,209.80,66.62,209.80,66.62,-30.77,-30.77,M3->FP x M2,233.45,440.17,253.6,128.3,299.2,506.7,449.1
300,0.70,18.0,65.83,32.90,300.59,-11.39,210.97,68.87,210.97,68.87,-24.42,-24.42,M3->FP x M2,233.45,440.17,253.6,128.3,299.2,506.7,463.8
300,0.70,19.0,78.81,47.90,322.06,1.43,212.34,74.06,212.34,74.06,-17.99,-17.99,M3->FP x M2,233.45,440.17,253.6,128.3,299.2,506.7,478.6
300,0.70,20.0,91.77,62.89,343.42,13.45,213.91,81.72,213.91,81.72,-11.49,-11.49,M3->FP x M2,233.45,440.17,253.6,128.3,299.2,506.7,493.6
300,0.75,2.0,-78.76,-152.96,0.28,-152.69,228.91,49.64,228.91,49.64,-78.80,-152.96,in->M1 x M3,250.36,479.26,248.9,137.5,321.0,528.9,268.0
300,0.75,3.0,-79.04,-152.98,0.24,-152.94,228.91,49.64,228.91,49.64,-78.44,-152.98,in->M1 x M3,250.36,479.26,248.9,137.5,321.0,528.9,268.0
300,0.75,4.0,-78.69,-153.01,0.08,-152.99,228.91,49.64,228.91,49.64,-78.99,-153.01,in->M1 x M3,250.36,479.26,248.9,137.5,321.0,528.9,278.0
300,0.75,5.0,-78.88,-153.00,15.10,-152.69,228.91,49.64,228.91,49.64,-78.65,-153.00,in->M1 x M3,250.36,479.26,248.9,137.5,321.0,528.9,290.9
300,0.75,6.0,-78.82,-152.95,37.12,-152.97,228.91,49.64,228.91,49.64,-78.97,-152.97,M1->M2 x M3,250.36,479.26,248.9,137.5,321.0,528.9,303.9
300,0.75,7.0,-78.34,-150.65,59.14,-152.83,228.91,49.64,228.91,49.64,-78.77,-152.83,M1->M2 x M3,250.36,479.26,248.9,137.5,321.0,528.9,316.8
300,0.75,8.0,-74.22,-136.75,81.13,-148.93,228.91,49.64,228.91,49.64,-78.89,-148.93,M1->M2 x M3,250.36,479.26,248.9,137.5,321.0,528.9,329.9
300,0.75,9.0,-61.74,-122.78,103.11,-137.02,228.91,49.64,228.91,49.64,-78.46,-137.02,M1->M2 x M3,250.36,479.26,248.9,137.5,321.0,528.9,343.0
300,0.75,10.0,-49.19,-108.73,125.04,-125.05,228.91,49.64,228.91,49.64,-78.68,-125.05,M1->M2 x M3,250.36,479.26,248.9,137.5,321.0,528.9,356.2
300,0.75,11.0,-36.56,-94.60,146.95,-113.01,228.91,49.64,228.91,49.64,-79.05,-113.01,M1->M2 x M3,250.36,479.26,248.9,137.5,321.0,528.9,369.4
300,0.75,12.0,-23.85,-80.38,168.80,-100.89,228.91,49.64,228.91,49.64,-73.02,-100.89,M1->M2 x M3,250.36,479.26,248.9,137.5,321.0,528.9,382.8
300,0.75,13.0,-11.05,-66.05,190.61,-88.68,229.00,49.64,229.00,49.64,-66.96,-88.68,M1->M2 x M3,250.36,479.26,248.9,137.5,321.0,528.9,396.2
300,0.75,14.0,1.80,-51.61,212.36,-76.37,229.25,49.64,229.25,49.64,-60.84,-76.37,M1->M2 x M3,250.36,479.26,248.9,137.5,321.0,528.9,409.8
300,0.75,15.0,14.38,-37.04,234.04,-63.96,229.67,49.64,229.67,49.64,-54.67,-63.96,M1->M2 x M3,250.36,479.26,248.9,137.5,321.0,528.9,423.5
300,0.75,16.0,26.95,-22.33,255.65,-51.43,230.26,49.64,230.26,49.64,-48.44,-51.43,M1->M2 x M3,250.36,479.26,248.9,137.5,321.0,528.9,437.3
300,0.75,17.0,39.51,-7.48,277.18,-38.77,231.02,49.64,231.02,49.64,-42.15,-42.15,M3->FP x M2,250.36,479.26,248.9,137.5,321.0,528.9,451.2
300,0.75,18.0,52.06,7.17,298.63,-25.98,231.96,49.64,231.96,49.64,-35.79,-35.79,M3->FP x M2,250.36,479.26,248.9,137.5,321.0,528.9,465.4
300,0.75,19.0,64.59,21.49,319.99,-13.05,233.08,51.07,233.08,51.07,-29.36,-29.36,M3->FP x M2,250.36,479.26,248.9,137.5,321.0,528.9,479.6
300,0.75,20.0,77.11,35.81,341.25,0.04,234.39,56.21,234.39,56.21,-22.86,-22.86,M3->FP x M2,250.36,479.26,248.9,137.5,321.0,528.9,494.1
300,0.80,2.0,-83.68,-165.10,0.17,-165.40,250.62,32.71,250.62,32.71,-84.05,-165.40,M1->M2 x M3,267.29,517.92,244.8,146.7,342.5,550.6,289.5
300,0.80,3.0,-83.85,-165.18,0.07,-165.42,250.62,32.71,250.62,32.71,-84.33,-165.42,M1->M2 x M3,267.29,517.92,244.8,146.7,342.5,550.6,289.5
300,0.80,4.0,-83.93,-165.06,0.15,-165.31,250.62,32.71,250.62,32.71,-84.06,-165.31,M1->M2 x M3,267.29,517.92,244.8,146.7,342.5,550.6,289.5
300,0.80,5.0,-83.80,-165.30,14.82,-165.27,250.62,32.71,250.62,32.71,-84.01,-165.30,in->M1 x M3,267.29,517.92,244.8,146.7,342.5,550.6,299.4
300,0.80,6.0,-83.92,-165.39,36.79,-165.18,250.63,32.71,250.63,32.71,-84.25,-165.39,in->M1 x M3,267.29,517.92,244.8,146.7,342.5,550.6,311.9
300,0.80,7.0,-83.95,-165.14,58.75,-165.02,250.62,32.71,250.62,32.71,-84.21,-165.14,in->M1 x M3,267.29,517.92,244.8,146.7,342.5,550.6,324.5
300,0.80,8.0,-82.94,-154.84,80.69,-162.98,250.62,32.71,250.62,32.71,-83.81,-162.98,M1->M2 x M3,267.29,517.92,244.8,146.7,342.5,550.6,337.1
300,0.80,9.0,-70.90,-141.61,102.60,-151.07,250.62,32.71,250.62,32.71,-83.96,-151.07,M1->M2 x M3,267.29,517.92,244.8,146.7,342.5,550.6,349.7
300,0.80,10.0,-58.80,-128.31,124.48,-139.09,250.62,32.71,250.62,32.71,-84.07,-139.09,M1->M2 x M3,267.29,517.92,244.8,146.7,342.5,550.6,362.5
300,0.80,11.0,-46.63,-114.93,146.33,-127.04,250.63,32.71,250.63,32.71,-83.63,-127.04,M1->M2 x M3,267.29,517.92,244.8,146.7,342.5,550.6,375.3
300,0.80,12.0,-34.37,-101.46,168.13,-114.90,250.62,32.71,250.62,32.71,-84.29,-114.90,M1->M2 x M3,267.29,517.92,244.8,146.7,342.5,550.6,388.2
300,0.80,13.0,-22.02,-87.89,189.88,-102.68,250.63,32.71,250.63,32.71,-78.22,-102.68,M1->M2 x M3,267.29,517.92,244.8,146.7,342.5,550.6,401.2
300,0.80,14.0,-9.58,-74.22,211.57,-90.36,250.75,32.71,250.75,32.71,-72.10,-90.36,M1->M2 x M3,267.29,517.92,244.8,146.7,342.5,550.6,414.3
300,0.80,15.0,2.87,-60.42,233.20,-77.93,251.02,32.71,251.02,32.71,-65.93,-77.93,M1->M2 x M3,267.29,517.92,244.8,146.7,342.5,550.6,427.5
300,0.80,16.0,15.05,-46.50,254.75,-65.39,251.45,32.71,251.45,32.71,-59.69,-65.39,M1->M2 x M3,267.29,517.92,244.8,146.7,342.5,550.6,440.9
300,0.80,17.0,27.22,-32.44,276.23,-52.73,252.03,32.71,252.03,32.71,-53.40,-53.40,M3->FP x M2,267.29,517.92,244.8,146.7,342.5,550.6,454.4
300,0.80,18.0,39.38,-18.22,297.63,-39.92,252.78,32.71,252.78,32.71,-47.04,-47.04,M3->FP x M2,267.29,517.92,244.8,146.7,342.5,550.6,468.0
300,0.80,19.0,51.53,-3.85,318.93,-26.98,253.69,32.71,253.69,32.71,-40.61,-40.61,M3->FP x M2,267.29,517.92,244.8,146.7,342.5,550.6,481.8
300,0.80,20.0,63.66,10.06,340.14,-13.88,254.77,33.39,254.77,33.39,-34.10,-34.10,M3->FP x M2,267.29,517.92,244.8,146.7,342.5,550.6,495.7
300,0.85,2.0,-89.49,-177.36,0.14,-177.31,271.60,15.74,271.60,15.74,-89.32,-177.36,in->M1 x M3,284.26,555.86,241.2,155.8,363.7,571.6,310.6
300,0.85,3.0,-89.18,-177.47,0.02,-177.14,271.61,15.74,271.61,15.74,-89.02,-177.47,in->M1 x M3,284.26,555.86,241.2,155.8,363.7,571.6,310.6
300,0.85,4.0,-89.43,-177.29,0.22,-177.15,271.60,15.74,271.60,15.74,-89.32,-177.29,in->M1 x M3,284.26,555.86,241.2,155.8,363.7,571.6,310.6
300,0.85,5.0,-89.20,-177.49,14.73,-177.28,271.61,15.74,271.61,15.74,-89.36,-177.49,in->M1 x M3,284.26,555.86,241.2,155.8,363.7,571.6,310.6
300,0.85,6.0,-89.48,-177.25,36.68,-177.25,271.60,15.74,271.60,15.74,-89.52,-177.25,M1->M2 x M3,284.26,555.86,241.2,155.8,363.7,571.6,320.1
300,0.85,7.0,-89.08,-177.43,58.62,-177.29,271.60,15.74,271.60,15.74,-89.43,-177.43,in->M1 x M3,284.26,555.86,241.2,155.8,363.7,571.6,332.3
300,0.85,8.0,-89.51,-172.29,80.54,-176.30,271.60,15.74,271.60,15.74,-89.08,-176.30,M1->M2 x M3,284.26,555.86,241.2,155.8,363.7,571.6,344.5
300,0.85,9.0,-79.61,-159.76,102.43,-164.37,271.61,15.74,271.61,15.74,-89.40,-164.37,M1->M2 x M3,284.26,555.86,241.2,155.8,363.7,571.6,356.8
300,0.85,10.0,-67.90,-147.15,124.30,-152.38,271.60,15.74,271.60,15.74,-88.71,-152.38,M1->M2 x M3,284.26,555.86,241.2,155.8,363.7,571.6,369.1
300,0.85,11.0,-56.13,-134.47,146.13,-140.32,271.61,15.74,271.61,15.74,-89.17,-140.32,M1->M2 x M3,284.26,555.86,241.2,155.8,363.7,571.6,381.5
300,0.85,12.0,-44.27,-121.71,167.91,-128.17,271.60,15.74,271.60,15.74,-89.44,-128.17,M1->M2 x M3,284.26,555.86,241.2,155.8,363.7,571.6,394.1
300,0.85,13.0,-32.33,-108.85,189.64,-115.94,271.61,15.74,271.61,15.74,-89.28,-115.94,M1->M2 x M3,284.26,555.86,241.2,155.8,363.7,571.6,406.7
300,0.85,14.0,-20.29,-95.88,211.31,-103.61,271.63,15.74,271.63,15.74,-83.16,-103.61,M1->M2 x M3,284.26,555.86,241.2,155.8,363.7,571.6,419.4
300,0.85,15.0,-8.15,-82.81,232.92,-91.17,271.77,15.74,271.77,15.74,-76.98,-91.17,M1->M2 x M3,284.26,555.86,241.2,155.8,363.7,571.6,432.2
300,0.85,16.0,3.95,-69.61,254.46,-78.62,272.06,15.74,272.06,15.74,-70.75,-78.62,M1->M2 x M3,284.26,555.86,241.2,155.8,363.7,571.6,445.1
300,0.85,17.0,15.78,-56.28,275.92,-65.94,272.50,15.74,272.50,15.74,-64.45,-65.94,M1->M2 x M3,284.26,555.86,241.2,155.8,363.7,571.6,458.2
300,0.85,18.0,27.60,-42.81,297.30,-53.13,273.08,15.74,273.08,15.74,-58.09,-58.09,M3->FP x M2,284.26,555.86,241.2,155.8,363.7,571.6,471.4
300,0.85,19.0,39.41,-29.19,318.58,-40.17,273.82,15.74,273.82,15.74,-51.65,-51.65,M3->FP x M2,284.26,555.86,241.2,155.8,363.7,571.6,484.8
300,0.85,20.0,51.21,-15.41,339.77,-27.06,274.71,15.74,274.71,15.74,-45.14,-45.14,M3->FP x M2,284.26,555.86,241.2,155.8,363.7,571.6,498.3
300,0.90,2.0,-94.07,1.24,0.15,1.24,291.57,-105.04,291.57,-104.99,-94.55,-105.04,M2->M3 x M1,301.24,592.81,238.0,165.0,384.2,592.8,331.1
300,0.90,3.0,-94.32,1.24,0.04,1.24,291.57,-105.09,291.57,-105.02,-94.53,-105.09,M2->M3 x M1,301.24,592.81,238.0,165.0,384.2,592.8,331.1
300,0.90,4.0,-94.75,1.24,0.20,1.24,291.57,-104.49,291.57,-104.59,-94.69,-104.59,M3->FP x M1,301.24,592.81,238.0,165.0,384.2,592.8,331.1
300,0.90,5.0,-94.47,1.24,14.76,1.24,291.57,-105.35,291.57,-105.37,-94.73,-105.37,M3->FP x M1,301.24,592.81,238.0,165.0,384.2,592.8,331.1
300,0.90,6.0,-94.37,1.24,36.72,1.24,291.57,-103.30,291.57,-103.45,-94.24,-103.45,M3->FP x M1,301.24,592.81,238.0,165.0,384.2,592.8,331.1
300,0.90,7.0,-94.72,1.24,58.66,1.24,291.57,-105.11,291.57,-105.28,-94.57,-105.28,M3->FP x M1,301.24,592.81,238.0,165.0,384.2,592.8,340.1
300,0.90,8.0,-94.64,1.24,80.59,1.24,291.57,-103.88,291.57,-103.69,-93.87,-103.88,M2->M3 x M1,301.24,592.81,238.0,165.0,384.2,592.8,352.0
300,0.90,9.0,-87.93,1.24,102.49,1.24,291.57,-105.09,291.57,-105.31,-94.86,-105.31,M3->FP x M1,301.24,592.81,238.0,165.0,384.2,592.8,363.9
300,0.90,10.0,-76.58,1.24,124.36,1.24,291.57,-104.70,291.57,-104.45,-93.87,-104.70,M2->M3 x M1,301.24,592.81,238.0,165.0,384.2,592.8,375.9
300,0.90,11.0,-65.15,1.24,146.19,1.24,291.57,-105.35,291.57,-105.21,-94.68,-105.35,M2->M3 x M1,301.24,592.81,238.0,165.0,384.2,592.8,388.0
300,0.90,12.0,-53.65,1.24,167.98,1.24,291.57,-105.22,291.57,-104.92,-93.99,-105.22,M2->M3 x M1,301.24,592.81,238.0,165.0,384.2,592.8,400.2
300,0.90,13.0,-42.07,1.24,189.72,1.24,291.57,-105.05,291.57,-105.38,-94.65,-105.38,M3->FP x M1,301.24,592.81,238.0,165.0,384.2,592.8,412.4
300,0.90,14.0,-30.39,1.24,211.40,1.24,291.57,-105.38,291.57,-105.04,-93.93,-105.38,M2->M3 x M1,301.24,592.81,238.0,165.0,384.2,592.8,424.8
300,0.90,15.0,-18.62,1.24,233.01,1.24,291.61,-92.98,291.61,-92.62,-87.75,-92.98,M2->M3 x M1,301.24,592.81,238.0,165.0,384.2,592.8,437.2
300,0.90,16.0,-6.73,1.24,254.56,1.24,291.78,-80.47,291.78,-80.08,-81.52,-81.52,M3->FP x M2,301.24,592.81,238.0,165.0,384.2,592.8,449.8
300,0.90,17.0,5.05,1.24,276.02,1.24,292.09,-67.83,292.09,-67.41,-75.22,-75.22,M3->FP x M2,301.24,592.81,238.0,165.0,384.2,592.8,462.5
300,0.90,18.0,16.57,1.24,297.41,1.24,292.54,-55.06,292.54,-54.62,-68.85,-68.85,M3->FP x M2,301.24,592.81,238.0,165.0,384.2,592.8,475.3
300,0.90,19.0,28.09,1.24,318.70,1.24,293.13,-42.15,293.13,-41.67,-62.41,-62.41,M3->FP x M2,301.24,592.81,238.0,165.0,384.2,592.8,488.3
300,0.90,20.0,39.60,1.24,339.89,1.24,293.86,-29.08,293.86,-28.58,-55.90,-55.90,M3->FP x M2,301.24,592.81,238.0,165.0,384.2,592.8,501.5
350,0.30,2.0,-30.20,-48.40,0.84,-48.39,52.97,250.64,52.97,250.64,-31.52,-48.40,in->M1 x M3,99.36,152.33,374.7,55.0,138.9,403.0,190.2
350,0.30,3.0,-30.66,-48.63,2.90,-48.54,52.97,250.64,52.97,250.64,-29.89,-48.63,in->M1 x M3,99.36,152.33,374.7,55.0,138.9,403.0,216.4
350,0.30,4.0,-21.23,-22.66,36.09,-48.39,52.97,250.64,52.97,250.64,-24.10,-48.39,M1->M2 x M3,99.36,152.33,374.7,55.0,138.9,403.0,242.7
350,0.30,5.0,5.38,8.01,69.27,-38.17,52.97,250.64,52.97,250.64,-18.30,-38.17,M1->M2 x M3,99.36,152.33,374.7,55.0,138.9,403.0,269.0
350,0.30,6.0,31.94,38.62,102.43,-26.51,53.34,250.70,53.34,250.70,-12.48,-26.51,M1->M2 x M3,99.36,152.33,374.7,55.0,138.9,403.0,295.4
350,0.30,7.0,58.48,69.22,135.56,-14.80,54.34,252.70,54.34,252.70,-6.65,-14.80,M1->M2 x M3,99.36,152.33,374.7,55.0,138.9,403.0,321.9
350,0.30,8.0,85.01,99.80,168.64,-3.05,55.94,257.44,55.94,257.44,-0.78,-3.05,M1->M2 x M3,99.36,152.33,374.7,55.0,138.9,403.0,348.5
350,0.30,9.0,111.51,130.35,201.68,8.31,58.10,264.82,58.10,264.82,4.92,4.92,M3->FP x M2,99.36,152.33,374.7,55.0,138.9,403.0,375.2
350,0.30,10.0,137.98,160.86,234.65,19.19,60.77,274.66,60.77,274.66,10.63,10.63,M3->FP x M2,99.36,152.33,374.7,55.0,138.9,403.0,402.1
350,0.30,11.0,164.41,191.32,267.56,29.65,63.90,286.78,63.90,286.78,16.38,16.38,M3->FP x M2,99.36,152.33,374.7,55.0,138.9,403.0,429.2
350,0.30,12.0,190.78,221.72,300.38,39.64,67.44,300.93,67.44,300.93,22.16,22.16,M3->FP x M2,99.36,152.33,374.7,55.0,138.9,403.0,456.5
350,0.30,13.0,217.10,252.06,333.11,49.14,71.33,316.92,71.33,316.92,27.99,27.99,M3->FP x M2,99.36,152.33,374.7,55.0,138.9,403.0,483.9
350,0.30,14.0,243.35,282.31,365.73,58.11,75.54,334.53,75.54,334.53,33.86,33.86,M3->FP x M2,99.36,152.33,374.7,55.0,138.9,403.0,511.6
350,0.30,15.0,269.53,312.48,398.25,66.56,80.03,353.60,79.73,353.60,39.79,39.79,M3->FP x M2,99.36,152.33,374.7,55.0,138.9,403.0,539.5
350,0.30,16.0,295.63,342.56,430.65,74.49,84.78,373.96,83.63,373.96,45.77,45.77,M3->FP x M2,99.36,152.33,374.7,55.0,138.9,403.0,567.7
350,0.30,17.0,321.63,372.53,462.91,81.91,89.74,395.38,87.27,395.49,51.81,51.81,M3->FP x M2,99.36,152.33,374.7,55.0,138.9,403.0,596.2
350,0.30,18.0,347.54,402.39,495.03,88.84,94.92,415.86,90.66,418.08,57.91,57.91,M3->FP x M2,99.36,152.33,374.7,55.0,138.9,403.0,625.0
350,0.30,19.0,373.34,432.13,527.01,95.31,100.29,434.80,93.82,441.65,64.09,64.09,M3->FP x M2,99.36,152.33,374.7,55.0,138.9,403.0,654.1
350,0.30,20.0,399.03,461.73,558.82,101.34,105.84,452.31,96.77,466.13,70.34,70.34,M3->FP x M2,99.36,152.33,374.7,55.0,138.9,403.0,683.6
350,0.35,2.0,-36.63,-58.98,0.23,-58.96,69.09,233.98,69.09,233.98,-36.87,-58.98,in->M1 x M3,116.02,185.11,347.3,64.2,157.2,419.1,193.1
350,0.35,3.0,-35.93,-59.11,0.00,-58.95,69.09,233.98,69.09,233.98,-36.85,-59.11,in->M1 x M3,116.02,185.11,347.3,64.2,157.2,419.1,216.4
350,0.35,4.0,-36.08,-45.45,25.98,-58.84,69.09,233.98,69.09,233.98,-33.84,-58.84,M1->M2 x M3,116.02,185.11,347.3,64.2,157.2,419.1,239.7
350,0.35,5.0,-14.01,-17.97,56.54,-54.71,69.09,233.98,69.09,233.98,-28.04,-54.71,M1->M2 x M3,116.02,185.11,347.3,64.2,157.2,419.1,263.1
350,0.35,6.0,9.71,9.55,87.09,-43.04,69.11,233.98,69.11,233.98,-22.22,-43.04,M1->M2 x M3,116.02,185.11,347.3,64.2,157.2,419.1,286.6
350,0.35,7.0,33.37,36.99,117.60,-31.33,69.50,234.01,69.50,234.01,-16.38,-31.33,M1->M2 x M3,116.02,185.11,347.3,64.2,157.2,419.1,310.1
350,0.35,8.0,57.03,64.43,148.08,-19.56,70.38,235.51,70.38,235.51,-10.51,-19.56,M1->M2 x M3,116.02,185.11,347.3,64.2,157.2,419.1,333.8
350,0.35,9.0,80.66,91.84,178.52,-7.74,71.74,239.37,71.74,239.37,-4.62,-7.74,M1->M2 x M3,116.02,185.11,347.3,64.2,157.2,419.1,357.5
350,0.35,10.0,104.28,119.23,208.90,3.94,73.55,245.51,73.55,245.51,1.26,1.26,M3->FP x M2,116.02,185.11,347.3,64.2,157.2,419.1,381.5
350,0.35,11.0,127.86,146.58,239.22,15.06,75.79,253.82,75.79,253.82,7.00,7.00,M3->FP x M2,116.02,185.11,347.3,64.2,157.2,419.1,405.5
350,0.35,12.0,151.40,173.88,269.46,25.85,78.45,264.13,78.45,264.13,12.79,12.79,M3->FP x M2,116.02,185.11,347.3,64.2,157.2,419.1,429.7
350,0.35,13.0,174.90,201.14,299.63,36.27,81.48,276.27,81.48,276.27,18.62,18.62,M3->FP x M2,116.02,185.11,347.3,64.2,157.2,419.1,454.2
350,0.35,14.0,198.34,228.33,329.70,46.29,84.86,290.07,84.86,290.07,24.49,24.49,M3->FP x M2,116.02,185.11,347.3,64.2,157.2,419.1,478.8
350,0.35,15.0,221.72,255.45,359.67,55.89,88.57,305.36,88.57,305.36,30.42,30.42,M3->FP x M2,116.02,185.11,347.3,64.2,157.2,419.1,503.6
350,0.35,16.0,245.04,282.49,389.53,65.04,92.57,321.98,92.57,321.98,36.40,36.40,M3->FP x M2,116.02,185.11,347.3,64.2,157.2,419.1,528.7
350,0.35,17.0,268.28,309.45,419.27,73.75,96.85,339.82,96.84,339.82,42.45,42.45,M3->FP x M2,116.02,185.11,347.3,64.2,157.2,419.1,554.0
350,0.35,18.0,291.44,336.31,448.89,82.02,101.38,358.75,101.01,358.75,48.55,48.55,M3->FP x M2,116.02,185.11,347.3,64.2,157.2,419.1,579.6
350,0.35,19.0,314.51,363.08,478.37,89.86,106.14,378.64,104.95,378.67,54.73,54.73,M3->FP x M2,116.02,185.11,347.3,64.2,157.2,419.1,605.4
350,0.35,20.0,337.48,389.73,507.70,97.26,111.14,398.00,108.66,399.52,60.98,60.98,M3->FP x M2,116.02,185.11,347.3,64.2,157.2,419.1,631.7
350,0.40,2.0,-42.01,-69.92,0.24,-69.92,86.68,217.30,86.68,217.30,-42.01,-69.92,M1->M2 x M3,132.70,219.38,326.8,73.3,176.3,436.7,197.9
350,0.40,3.0,-42.13,-69.66,0.09,-69.82,86.68,217.30,86.68,217.30,-42.03,-69.82,M1->M2 x M3,132.70,219.38,326.8,73.3,176.3,436.7,219.0
350,0.40,4.0,-42.10,-65.91,18.77,-69.70,86.68,217.30,86.68,217.30,-42.08,-69.70,M1->M2 x M3,132.70,219.38,326.8,73.3,176.3,436.7,240.2
350,0.40,5.0,-29.89,-40.91,47.46,-69.73,86.68,217.30,86.68,217.30,-38.19,-69.73,M1->M2 x M3,132.70,219.38,326.8,73.3,176.3,436.7,261.4
350,0.40,6.0,-8.32,-15.84,76.14,-59.62,86.68,217.30,86.68,217.30,-32.36,-59.62,M1->M2 x M3,132.70,219.38,326.8,73.3,176.3,436.7,282.6
350,0.40,7.0,13.23,9.26,104.79,-47.89,86.73,217.30,86.73,217.30,-26.52,-47.89,M1->M2 x M3,132.70,219.38,326.8,73.3,176.3,436.7,304.0
350,0.40,8.0,34.73,34.27,133.41,-36.12,87.13,217.30,87.13,217.30,-20.65,-36.12,M1->M2 x M3,132.70,219.38,326.8,73.3,176.3,436.7,325.4
350,0.40,9.0,56.22,59.27,161.99,-24.29,87.92,218.37,87.92,218.37,-14.76,-24.29,M1->M2 x M3,132.70,219.38,326.8,73.3,176.3,436.7,347.0
350,0.40,10.0,77.70,84.25,190.53,-12.40,89.10,221.55,89.10,221.55,-8.83,-12.40,M1->M2 x M3,132.70,219.38,326.8,73.3,176.3,436.7,368.6
350,0.40,11.0,99.15,109.21,219.00,-0.43,90.67,226.80,90.67,226.80,-2.86,-2.86,M3->FP x M2,132.70,219.38,326.8,73.3,176.3,436.7,390.5
350,0.40,12.0,120.57,134.13,247.41,10.90,92.60,234.01,92.60,234.01,3.03,3.03,M3->FP x M2,132.70,219.38,326.8,73.3,176.3,436.7,412.4
350,0.40,13.0,141.96,159.01,275.74,21.95,94.89,243.07,94.89,243.07,8.86,8.86,M3->FP x M2,132.70,219.38,326.8,73.3,176.3,436.7,434.5
350,0.40,14.0,163.30,183.85,303.99,32.70,97.53,253.82,97.53,253.82,14.74,14.74,M3->FP x M2,132.70,219.38,326.8,73.3,176.3,436.7,456.8
350,0.40,15.0,184.59,208.62,332.14,43.12,100.49,266.11,100.49,266.11,20.67,20.67,M3->FP x M2,132.70,219.38,326.8,73.3,176.3,436.7,479.3
350,0.40,16.0,205.83,233.34,360.19,53.19,103.76,279.80,103.76,279.80,26.65,26.65,M3->FP x M2,132.70,219.38,326.8,73.3,176.3,436.7,502.1
350,0.40,17.0,227.00,257.98,388.14,62.90,107.32,294.74,107.32,294.74,32.69,32.69,M3->FP x M2,132.70,219.38,326.8,73.3,176.3,436.7,525.0
350,0.40,18.0,248.10,282.55,415.96,72.23,111.17,310.83,111.17,310.83,38.80,38.80,M3->FP x M2,132.70,219.38,326.8,73.3,176.3,436.7,548.2
350,0.40,19.0,269.13,307.03,443.66,81.17,115.28,327.95,115.28,327.95,44.98,44.98,M3->FP x M2,132.70,219.38,326.8,73.3,176.3,436.7,571.7
350,0.40,20.0,290.08,331.41,471.23,89.74,119.64,346.03,119.61,346.03,51.24,51.24,M3->FP x M2,132.70,219.38,326.8,73.3,176.3,436.7,595.4
350,0.45,2.0,-47.20,-81.36,0.08,-81.25,105.50,200.59,105.50,200.59,-47.27,-81.36,in->M1 x M3,149.41,254.92,310.9,82.5,196.1,455.5,204.1
350,0.45,3.0,-46.96,-81.36,0.09,-81.16,105.50,200.59,105.50,200.59,-47.19,-81.36,in->M1 x M3,149.41,254.92,310.9,82.5,196.1,455.5,223.6
350,0.45,4.0,-46.77,-81.40,13.51,-81.20,105.51,200.59,105.51,200.59,-47.15,-81.40,in->M1 x M3,149.41,254.92,310.9,82.5,196.1,455.5,243.0
350,0.45,5.0,-43.41,-61.91,40.83,-81.28,105.50,200.59,105.50,200.59,-47.21,-81.28,M1->M2 x M3,149.41,254.92,310.9,82.5,196.1,455.5,262.5
350,0.45,6.0,-23.55,-38.84,68.15,-76.17,105.51,200.59,105.51,200.59,-42.85,-76.17,M1->M2 x M3,149.41,254.92,310.9,82.5,196.1,455.5,282.1
350,0.45,7.0,-3.63,-15.68,95.44,-64.43,105.51,200.59,105.51,200.59,-37.00,-64.43,M1->M2 x M3,149.41,254.92,310.9,82.5,196.1,455.5,301.7
350,0.45,8.0,16.23,7.50,122.71,-52.65,105.59,200.59,105.59,200.59,-31.13,-52.65,M1->M2 x M3,149.41,254.92,310.9,82.5,196.1,455.5,321.4
350,0.45,9.0,36.06,30.56,149.93,-40.81,105.99,200.59,105.99,200.59,-25.23,-40.81,M1->M2 x M3,149.41,254.92,310.9,82.5,196.1,455.5,341.2
350,0.45,10.0,55.87,53.62,177.11,-28.91,106.72,201.26,106.72,201.26,-19.30,-28.91,M1->M2 x M3,149.41,254.92,310.9,82.5,196.1,455.5,361.2
350,0.45,11.0,75.67,76.66,204.24,-16.93,107.77,203.88,107.77,203.88,-13.33,-16.93,M1->M2 x M3,149.41,254.92,310.9,82.5,196.1,455.5,381.2
350,0.45,12.0,95.45,99.68,231.31,-4.87,109.15,208.43,109.15,208.43,-7.33,-7.33,M3->FP x M2,149.41,254.92,310.9,82.5,196.1,455.5,401.4
350,0.45,13.0,115.20,122.67,258.30,6.84,110.86,214.84,110.86,214.84,-1.28,-1.28,M3->FP x M2,149.41,254.92,310.9,82.5,196.1,455.5,421.8
350,0.45,14.0,134.91,145.62,285.22,18.10,112.87,222.98,112.87,222.98,4.65,4.65,M3->FP x M2,149.41,254.92,310.9,82.5,196.1,455.5,442.3
350,0.45,15.0,154.58,168.52,312.05,29.11,115.20,232.74,115.20,232.74,10.58,10.58,M3->FP x M2,149.41,254.92,310.9,82.5,196.1,455.5,463.0
350,0.45,16.0,174.20,191.38,338.78,39.86,117.82,243.96,117.82,243.96,16.57,16.57,M3->FP x M2,149.41,254.92,310.9,82.5,196.1,455.5,483.9
350,0.45,17.0,193.77,214.17,365.41,50.31,120.73,256.52,120.73,256.52,22.62,22.62,M3->FP x M2,149.41,254.92,310.9,82.5,196.1,455.5,505.0
350,0.45,18.0,213.29,236.90,391.93,60.46,123.93,270.29,123.93,270.29,28.73,28.73,M3->FP x M2,149.41,254.92,310.9,82.5,196.1,455.5,526.3
350,0.45,19.0,232.73,259.56,418.33,70.29,127.40,285.14,127.40,285.14,34.91,34.91,M3->FP x M2,149.41,254.92,310.9,82.5,196.1,455.5,547.9
350,0.45,20.0,252.11,282.14,444.61,79.79,131.14,301.00,131.14,301.00,41.16,41.16,M3->FP x M2,149.41,254.92,310.9,82.5,196.1,455.5,569.7
350,0.50,2.0,-52.71,-92.94,0.06,-92.69,125.33,183.84,125.33,183.84,-52.47,-92.94,in->M1 x M3,166.16,291.49,298.1,91.7,216.4,475.3,211.4
350,0.50,3.0,-52.68,-92.68,0.11,-92.95,125.33,183.84,125.33,183.84,-52.65,-92.95,M1->M2 x M3,166.16,291.49,298.1,91.7,216.4,475.3,229.4
350,0.50,4.0,-52.62,-92.90,9.62,-93.08,125.33,183.84,125.33,183.84,-52.35,-93.08,M1->M2 x M3,166.16,291.49,298.1,91.7,216.4,475.3,247.5
350,0.50,5.0,-52.51,-81.59,35.93,-92.93,125.33,183.84,125.33,183.84,-52.47,-92.93,M1->M2 x M3,166.16,291.49,298.1,91.7,216.4,475.3,265.7
350,0.50,6.0,-36.79,-60.18,62.24,-92.61,125.33,183.84,125.33,183.84,-52.68,-92.61,M1->M2 x M3,166.16,291.49,298.1,91.7,216.4,475.3,283.9
350,0.50,7.0,-18.24,-38.69,88.53,-80.87,125.33,183.84,125.33,183.84,-47.76,-80.87,M1->M2 x M3,166.16,291.49,298.1,91.7,216.4,475.3,302.1
350,0.50,8.0,0.39,-17.11,114.79,-69.07,125.33,183.84,125.33,183.84,-41.89,-69.07,M1->M2 x M3,166.16,291.49,298.1,91.7,216.4,475.3,320.5
350,0.50,9.0,18.88,4.52,141.02,-57.22,125.45,183.84,125.45,183.84,-35.99,-57.22,M1->M2 x M3,166.16,291.49,298.1,91.7,216.4,475.3,338.9
350,0.50,10.0,37.38,25.99,167.20,-45.31,125.85,183.84,125.85,183.84,-30.05,-45.31,M1->M2 x M3,166.16,291.49,298.1,91.7,216.4,475.3,357.4
350,0.50,11.0,55.86,47.45,193.33,-33.32,126.54,184.20,126.54,184.20,-24.08,-33.32,M1->M2 x M3,166.16,291.49,298.1,91.7,216.4,475.3,376.1
350,0.50,12.0,74.32,68.89,219.41,-21.25,127.50,186.31,127.50,186.31,-18.07,-21.25,M1->M2 x M3,166.16,291.49,298.1,91.7,216.4,475.3,394.9
350,0.50,13.0,92.76,90.32,245.41,-9.10,128.74,190.28,128.74,190.28,-12.02,-12.02,M3->FP x M2,166.16,291.49,298.1,91.7,216.4,475.3,413.8
350,0.50,14.0,111.17,111.72,271.35,2.97,130.27,196.06,130.27,196.06,-5.92,-5.92,M3->FP x M2,166.16,291.49,298.1,91.7,216.4,475.3,432.9
350,0.50,15.0,129.55,133.08,297.20,14.41,132.08,203.53,132.08,203.53,0.23,0.23,M3->FP x M2,166.16,291.49,298.1,91.7,216.4,475.3,452.1
350,0.50,16.0,147.89,154.40,322.95,25.65,134.16,212.56,134.16,212.56,6.22,6.22,M3->FP x M2,166.16,291.49,298.1,91.7,216.4,475.3,471.6
350,0.50,17.0,166.18,175.68,348.61,36.67,136.51,223.03,136.51,223.03,12.27,12.27,M3->FP x M2,166.16,291.49,298.1,91.7,216.4,475.3,491.2
350,0.50,18.0,184.43,196.90,374.17,47.44,139.14,234.79,139.14,234.79,18.38,18.38,M3->FP x M2,166.16,291.49,298.1,91.7,216.4,475.3,511.0
350,0.50,19.0,202.61,218.06,399.61,57.96,142.04,247.73,142.04,247.73,24.57,24.57,M3->FP x M2,166.16,291.49,298.1,91.7,216.4,475.3,531.1
350,0.50,20.0,220.74,239.15,424.93,68.21,145.19,261.73,145.19,261.73,30.83,30.83,M3->FP x M2,166.16,291.49,298.1,91.7,216.4,475.3,551.4
350,0.55,2.0,-57.76,-105.03,0.10,-104.95,145.93,167.06,145.93,167.06,-57.71,-105.03,in->M1 x M3,182.94,328.87,287.7,100.8,237.3,495.9,219.4
350,0.55,3.0,-57.26,-105.01,0.33,-104.80,145.93,167.06,145.93,167.06,-57.96,-105.01,in->M1 x M3,182.94,328.87,287.7,100.8,237.3,495.9,236.3
350,0.55,4.0,-57.76,-104.98,6.73,-104.79,145.93,167.06,145.93,167.06,-57.97,-104.98,in->M1 x M3,182.94,328.87,287.7,100.8,237.3,495.9,253.3
350,0.55,5.0,-57.19,-100.33,32.29,-104.80,145.93,167.06,145.93,167.06,-57.70,-104.80,M1->M2 x M3,182.94,328.87,287.7,100.8,237.3,495.9,270.3
350,0.55,6.0,-48.58,-80.32,57.85,-104.83,145.93,167.06,145.93,167.06,-57.63,-104.83,M1->M2 x M3,182.94,328.87,287.7,100.8,237.3,495.9,287.4
350,0.55,7.0,-31.16,-60.25,83.40,-97.12,145.93,167.06,145.93,167.06,-57.85,-97.12,M1->M2 x M3,182.94,328.87,287.7,100.8,237.3,495.9,304.6
350,0.55,8.0,-13.65,-40.09,108.91,-85.31,145.93,167.06,145.93,167.06,-52.86,-85.31,M1->M2 x M3,182.94,328.87,287.7,100.8,237.3,495.9,321.8
350,0.55,9.0,3.89,-19.84,134.40,-73.45,145.93,167.06,145.93,167.06,-46.95,-73.45,M1->M2 x M3,182.94,328.87,287.7,100.8,237.3,495.9,339.1
350,0.55,10.0,21.30,0.52,159.84,-61.53,146.09,167.06,146.09,167.06,-41.02,-61.53,M1->M2 x M3,182.94,328.87,287.7,100.8,237.3,495.9,356.5
350,0.55,11.0,38.70,20.64,185.23,-49.53,146.49,167.06,146.49,167.06,-35.04,-49.53,M1->M2 x M3,182.94,328.87,287.7,100.8,237.3,495.9,374.0
350,0.55,12.0,56.09,40.76,210.57,-37.45,147.14,167.19,147.14,167.19,-29.03,-37.45,M1->M2 x M3,182.94,328.87,287.7,100.8,237.3,495.9,391.6
350,0.55,13.0,73.47,60.86,235.84,-25.28,148.03,168.82,148.03,168.82,-22.97,-25.28,M1->M2 x M3,182.94,328.87,287.7,100.8,237.3,495.9,409.4
350,0.55,14.0,90.82,80.94,261.04,-13.02,149.17,172.29,149.17,172.29,-16.87,-16.87,M3->FP x M2,182.94,328.87,287.7,100.8,237.3,495.9,427.3
350,0.55,15.0,108.15,101.00,286.16,-0.65,150.57,177.56,150.57,177.56,-10.71,-10.71,M3->FP x M2,182.94,328.87,287.7,100.8,237.3,495.9,445.4
350,0.55,16.0,125.44,121.03,311.20,11.00,152.21,184.52,152.21,184.52,-4.49,-4.49,M3->FP x M2,182.94,328.87,287.7,100.8,237.3,495.9,463.6
350,0.55,17.0,142.69,141.03,336.14,22.44,154.10,193.03,154.10,193.03,1.72,1.72,M3->FP x M2,182.94,328.87,287.7,100.8,237.3,495.9,482.0
350,0.55,18.0,159.90,160.97,360.98,33.69,156.25,202.97,156.25,202.97,7.84,7.84,M3->FP x M2,182.94,328.87,287.7,100.8,237.3,495.9,500.7
350,0.55,19.0,177.07,180.87,385.70,44.74,158.65,214.19,158.65,214.19,14.02,14.02,M3->FP x M2,182.94,328.87,287.7,100.8,237.3,495.9,519.5
350,0.55,20.0,194.17,200.72,410.31,55.58,161.30,226.56,161.30,226.56,20.28,20.28,M3->FP x M2,182.94,328.87,287.7,100.8,237.3,495.9,538.6
350,0.60,2.0,-62.74,-116.88,0.37,-116.78,167.06,150.25,167.06,150.25,-63.22,-116.88,in->M1 x M3,199.75,366.81,279.0,110.0,258.4,517.1,228.0
350,0.60,3.0,-62.62,-117.16,0.06,-117.03,167.06,150.25,167.06,150.25,-63.00,-117.16,in->M1 x M3,199.75,366.81,279.0,110.0,258.4,517.1,244.0
350,0.60,4.0,-62.22,-116.99,4.58,-117.05,167.06,150.25,167.06,150.25,-63.22,-117.05,M1->M2 x M3,199.75,366.81,279.0,110.0,258.4,517.1,260.0
350,0.60,5.0,-62.41,-116.88,29.60,-116.75,167.06,150.25,167.06,150.25,-62.98,-116.88,in->M1 x M3,199.75,366.81,279.0,110.0,258.4,517.1,276.1
350,0.60,6.0,-59.29,-99.57,54.60,-117.06,167.06,150.25,167.06,150.25,-63.23,-117.06,M1->M2 x M3,199.75,366.81,279.0,110.0,258.4,517.1,292.3
350,0.60,7.0,-42.80,-80.73,79.59,-113.12,167.06,150.25,167.06,150.25,-63.05,-113.12,M1->M2 x M3,199.75,366.81,279.0,110.0,258.4,517.1,308.5
350,0.60,8.0,-26.24,-61.80,104.56,-101.30,167.06,150.25,167.06,150.25,-63.09,-101.30,M1->M2 x M3,199.75,366.81,279.0,110.0,258.4,517.1,324.8
350,0.60,9.0,-9.59,-42.79,129.49,-89.43,167.06,150.25,167.06,150.25,-58.07,-89.43,M1->M2 x M3,199.75,366.81,279.0,110.0,258.4,517.1,341.1
350,0.60,10.0,7.03,-23.67,154.38,-77.49,167.08,150.25,167.08,150.25,-52.13,-77.49,M1->M2 x M3,199.75,366.81,279.0,110.0,258.4,517.1,357.6
350,0.60,11.0,23.54,-4.43,179.23,-65.49,167.26,150.25,167.26,150.25,-46.15,-65.49,M1->M2 x M3,199.75,366.81,279.0,110.0,258.4,517.1,374.1
350,0.60,12.0,40.05,14.61,204.02,-53.40,167.67,150.25,167.67,150.25,-40.14,-53.40,M1->M2 x M3,199.75,366.81,279.0,110.0,258.4,517.1,390.8
350,0.60,13.0,56.54,33.58,228.75,-41.22,168.29,150.26,168.29,150.26,-34.08,-41.22,M1->M2 x M3,199.75,366.81,279.0,110.0,258.4,517.1,407.6
350,0.60,14.0,73.01,52.53,253.41,-28.94,169.13,151.40,169.13,151.40,-27.97,-28.94,M1->M2 x M3,199.75,366.81,279.0,110.0,258.4,517.1,424.6
350,0.60,15.0,89.46,71.47,277.99,-16.56,170.19,154.42,170.19,154.42,-21.81,-21.81,M3->FP x M2,199.75,366.81,279.0,110.0,258.4,517.1,441.6
350,0.60,16.0,105.89,90.38,302.49,-4.06,171.48,159.27,171.48,159.27,-15.59,-15.59,M3->FP x M2,199.75,366.81,279.0,110.0,258.4,517.1,458.9
350,0.60,17.0,122.28,109.27,326.89,7.95,173.00,165.84,173.00,165.84,-9.31,-9.31,M3->FP x M2,199.75,366.81,279.0,110.0,258.4,517.1,476.3
350,0.60,18.0,138.63,128.12,351.20,19.57,174.75,174.00,174.75,174.00,-2.96,-2.96,M3->FP x M2,199.75,366.81,279.0,110.0,258.4,517.1,493.9
350,0.60,19.0,154.94,146.94,375.40,31.03,176.73,183.59,176.73,183.59,3.34,3.34,M3->FP x M2,199.75,366.81,279.0,110.0,258.4,517.1,511.7
350,0.60,20.0,171.21,165.71,399.48,42.33,178.95,194.47,178.95,194.47,9.60,9.60,M3->FP x M2,199.75,366.81,279.0,110.0,258.4,517.1,529.8
350,0.65,2.0,-67.46,-129.21,0.39,-129.09,188.50,133.41,188.50,133.41,-68.29,-129.21,in->M1 x M3,216.59,405.09,271.6,119.2,279.7,538.5,236.9
350,0.65,3.0,-67.79,-129.09,0.40,-129.35,188.50,133.41,188.50,133.41,-68.44,-129.35,M1->M2 x M3,216.59,405.09,271.6,119.2,279.7,538.5,252.2
350,0.65,4.0,-68.31,-129.17,3.01,-129.22,188.50,133.41,188.50,133.41,-68.14,-129.22,M1->M2 x M3,216.59,405.09,271.6,119.2,279.7,538.5,267.4
350,0.65,5.0,-68.33,-129.38,27.62,-129.01,188.50,133.41,188.50,133.41,-68.32,-129.38,in->M1 x M3,216.59,405.09,271.6,119.2,279.7,538.5,282.8
350,0.65,6.0,-67.88,-118.09,52.21,-129.09,188.50,133.41,188.50,133.41,-68.45,-129.09,M1->M2 x M3,216.59,405.09,271.6,119.2,279.7,538.5,298.1
350,0.65,7.0,-53.46,-100.33,76.80,-128.78,188.50,133.41,188.50,133.41,-68.22,-128.78,M1->M2 x M3,216.59,405.09,271.6,119.2,279.7,538.5,313.5
350,0.65,8.0,-37.69,-82.50,101.36,-116.96,188.50,133.41,188.50,133.41,-68.17,-116.96,M1->M2 x M3,216.59,405.09,271.6,119.2,279.7,538.5,329.0
350,0.65,9.0,-21.85,-64.58,125.88,-105.08,188.50,133.41,188.50,133.41,-68.38,-105.08,M1->M2 x M3,216.59,405.09,271.6,119.2,279.7,538.5,344.6
350,0.65,10.0,-5.92,-46.56,150.37,-93.13,188.50,133.41,188.50,133.41,-63.32,-93.13,M1->M2 x M3,216.59,405.09,271.6,119.2,279.7,538.5,360.2
350,0.65,11.0,9.92,-28.43,174.82,-81.11,188.53,133.41,188.53,133.41,-57.34,-81.11,M1->M2 x M3,216.59,405.09,271.6,119.2,279.7,538.5,376.0
350,0.65,12.0,25.67,-10.18,199.21,-69.01,188.75,133.41,188.75,133.41,-51.33,-69.01,M1->M2 x M3,216.59,405.09,271.6,119.2,279.7,538.5,391.9
350,0.65,13.0,41.42,8.00,223.54,-56.82,189.15,133.41,189.15,133.41,-45.26,-56.82,M1->M2 x M3,216.59,405.09,271.6,119.2,279.7,538.5,407.8
350,0.65,14.0,57.15,25.96,247.80,-44.53,189.75,133.41,189.75,133.41,-39.15,-44.53,M1->M2 x M3,216.59,405.09,271.6,119.2,279.7,538.5,424.0
350,0.65,15.0,72.87,43.91,271.98,-32.14,190.55,134.06,190.55,134.06,-32.99,-32.99,M3->FP x M2,216.59,405.09,271.6,119.2,279.7,538.5,440.2
350,0.65,16.0,88.56,61.84,296.09,-19.63,191.56,136.64,191.56,136.64,-26.76,-26.76,M3->FP x M2,216.59,405.09,271.6,119.2,279.7,538.5,456.6
350,0.65,17.0,104.23,79.76,320.10,-7.00,192.77,141.14,192.77,141.14,-20.48,-20.48,M3->FP x M2,216.59,405.09,271.6,119.2,279.7,538.5,473.2
350,0.65,18.0,119.86,97.66,344.02,5.35,194.19,147.43,194.19,147.43,-14.13,-14.13,M3->FP x M2,216.59,405.09,271.6,119.2,279.7,538.5,489.9
350,0.65,19.0,135.46,115.52,367.83,17.14,195.83,155.38,195.83,155.38,-7.71,-7.71,M3->FP x M2,216.59,405.09,271.6,119.2,279.7,538.5,506.9
350,0.65,20.0,151.02,133.35,391.53,28.80,197.68,164.79,197.68,164.79,-1.21,-1.21,M3->FP x M2,216.59,405.09,271.6,119.2,279.7,538.5,524.0
350,0.70,2.0,-73.75,-141.45,0.04,-141.38,210.01,116.53,210.01,116.53,-73.71,-141.45,in->M1 x M3,233.47,443.47,265.3,128.3,301.1,560.0,248.1
350,0.70,3.0,-72.85,-141.55,0.38,-141.46,210.01,116.53,210.01,116.53,-73.67,-141.55,in->M1 x M3,233.47,443.47,265.3,128.3,301.1,560.0,260.7
350,0.70,4.0,-73.65,-141.48,1.87,-141.28,210.01,116.53,210.01,116.53,-73.65,-141.48,in->M1 x M3,233.47,443.47,265.3,128.3,301.1,560.0,275.3
350,0.70,5.0,-72.76,-141.54,26.18,-141.39,210.01,116.53,210.01,116.53,-73.64,-141.54,in->M1 x M3,233.47,443.47,265.3,128.3,301.1,560.0,290.0
350,0.70,6.0,-73.79,-135.99,50.49,-141.64,210.01,116.53,210.01,116.53,-73.65,-141.64,M1->M2 x M3,233.47,443.47,265.3,128.3,301.1,560.0,304.7
350,0.70,7.0,-63.35,-119.20,74.77,-141.39,210.01,116.53,210.01,116.53,-73.68,-141.39,M1->M2 x M3,233.47,443.47,265.3,128.3,301.1,560.0,319.4
350,0.70,8.0,-48.27,-102.35,99.04,-132.21,210.01,116.53,210.01,116.53,-73.74,-132.21,M1->M2 x M3,233.47,443.47,265.3,128.3,301.1,560.0,334.2
350,0.70,9.0,-33.11,-85.41,123.27,-120.31,210.01,116.53,210.01,116.53,-73.76,-120.31,M1->M2 x M3,233.47,443.47,265.3,128.3,301.1,560.0,349.1
350,0.70,10.0,-17.87,-68.37,147.47,-108.36,210.01,116.53,210.01,116.53,-73.64,-108.36,M1->M2 x M3,233.47,443.47,265.3,128.3,301.1,560.0,364.1
350,0.70,11.0,-2.54,-51.24,171.62,-96.33,210.01,116.53,210.01,116.53,-68.56,-96.33,M1->M2 x M3,233.47,443.47,265.3,128.3,301.1,560.0,379.1
350,0.70,12.0,12.62,-33.99,195.72,-84.21,210.07,116.53,210.07,116.53,-62.54,-84.21,M1->M2 x M3,233.47,443.47,265.3,128.3,301.1,560.0,394.3
350,0.70,13.0,27.72,-16.61,219.77,-72.01,210.30,116.53,210.30,116.53,-56.47,-72.01,M1->M2 x M3,233.47,443.47,265.3,128.3,301.1,560.0,409.6
350,0.70,14.0,42.83,0.88,243.74,-59.72,210.71,116.53,210.71,116.53,-50.35,-59.72,M1->M2 x M3,233.47,443.47,265.3,128.3,301.1,560.0,425.0
350,0.70,15.0,57.91,17.95,267.64,-47.31,211.30,116.53,211.30,116.53,-44.19,-47.31,M1->M2 x M3,233.47,443.47,265.3,128.3,301.1,560.0,440.5
350,0.70,16.0,72.98,35.02,291.46,-34.79,212.07,116.81,212.07,116.81,-37.96,-37.96,M3->FP x M2,233.47,443.47,265.3,128.3,301.1,560.0,456.2
350,0.70,17.0,88.03,52.08,315.19,-22.15,213.03,118.95,213.03,118.95,-31.67,-31.67,M3->FP x M2,233.47,443.47,265.3,128.3,301.1,560.0,472.1
350,0.70,18.0,103.05,69.12,338.82,-9.37,214.19,123.15,214.19,123.15,-25.32,-25.32,M3->FP x M2,233.47,443.47,265.3,128.3,301.1,560.0,488.1
350,0.70,19.0,118.04,86.14,362.35,3.29,215.53,129.27,215.53,129.27,-18.89,-18.89,M3->FP x M2,233.47,443.47,265.3,128.3,301.1,560.0,504.3
350,0.70,20.0,133.00,103.13,385.77,15.24,217.08,137.14,217.08,137.14,-12.39,-12.39,M3->FP x M2,233.47,443.47,265.3,128.3,301.1,560.0,520.7
350,0.75,2.0,-78.04,-153.84,0.41,-153.60,231.35,99.63,231.35,99.63,-78.67,-153.84,in->M1 x M3,250.37,481.72,259.9,137.5,322.4,581.3,269.4
350,0.75,3.0,-78.47,-153.74,0.15,-153.83,231.35,99.63,231.35,99.63,-78.61,-153.83,M1->M2 x M3,250.37,481.72,259.9,137.5,322.4,581.3,269.5
350,0.75,4.0,-79.02,-153.62,1.07,-153.74,231.35,99.63,231.35,99.63,-78.90,-153.74,M1->M2 x M3,250.37,481.72,259.9,137.5,322.4,581.3,283.6
350,0.75,5.0,-78.79,-153.84,25.17,-153.58,231.35,99.63,231.35,99.63,-78.95,-153.84,in->M1 x M3,250.37,481.72,259.9,137.5,322.4,581.3,297.6
350,0.75,6.0,-78.15,-153.32,49.26,-153.59,231.35,99.63,231.35,99.63,-78.65,-153.59,M1->M2 x M3,250.37,481.72,259.9,137.5,322.4,581.3,311.7
350,0.75,7.0,-72.62,-137.42,73.34,-153.68,231.35,99.63,231.35,99.63,-78.92,-153.68,M1->M2 x M3,250.37,481.72,259.9,137.5,322.4,581.3,325.9
350,0.75,8.0,-58.13,-121.45,97.40,-146.98,231.35,99.63,231.35,99.63,-78.39,-146.98,M1->M2 x M3,250.37,481.72,259.9,137.5,322.4,581.3,340.1
350,0.75,9.0,-43.57,-105.40,121.43,-135.07,231.35,99.63,231.35,99.63,-78.81,-135.07,M1->M2 x M3,250.37,481.72,259.9,137.5,322.4,581.3,354.4
350,0.75,10.0,-28.93,-89.26,145.42,-123.10,231.35,99.63,231.35,99.63,-78.84,-123.10,M1->M2 x M3,250.37,481.72,259.9,137.5,322.4,581.3,368.8
350,0.75,11.0,-14.20,-73.03,169.37,-111.06,231.35,99.63,231.35,99.63,-78.82,-111.06,M1->M2 x M3,250.37,481.72,259.9,137.5,322.4,581.3,383.3
350,0.75,12.0,0.61,-56.68,193.26,-98.94,231.35,99.63,231.35,99.63,-73.70,-98.94,M1->M2 x M3,250.37,481.72,259.9,137.5,322.4,581.3,397.8
350,0.75,13.0,15.17,-40.22,217.10,-86.73,231.44,99.63,231.44,99.63,-67.63,-86.73,M1->M2 x M3,250.37,481.72,259.9,137.5,322.4,581.3,412.5
350,0.75,14.0,29.73,-23.63,240.87,-74.42,231.69,99.63,231.69,99.63,-61.51,-74.42,M1->M2 x M3,250.37,481.72,259.9,137.5,322.4,581.3,427.3
350,0.75,15.0,44.28,-6.89,264.57,-62.00,232.11,99.63,232.11,99.63,-55.34,-62.00,M1->M2 x M3,250.37,481.72,259.9,137.5,322.4,581.3,442.2
350,0.75,16.0,58.81,9.63,288.18,-49.47,232.69,99.63,232.69,99.63,-49.11,-49.47,M1->M2 x M3,250.37,481.72,259.9,137.5,322.4,581.3,457.3
350,0.75,17.0,73.33,25.91,311.71,-36.81,233.44,99.68,233.44,99.68,-42.82,-42.82,M3->FP x M2,250.37,481.72,259.9,137.5,322.4,581.3,472.5
350,0.75,18.0,87.82,42.18,335.14,-24.02,234.37,101.34,234.37,101.34,-36.46,-36.46,M3->FP x M2,250.37,481.72,259.9,137.5,322.4,581.3,487.9
350,0.75,19.0,102.29,58.44,358.48,-11.09,235.48,105.29,235.48,105.29,-30.04,-30.04,M3->FP x M2,250.37,481.72,259.9,137.5,322.4,581.3,503.5
350,0.75,20.0,116.72,74.68,381.70,1.85,236.77,111.36,236.77,111.36,-23.53,-23.53,M3->FP x M2,250.37,481.72,259.9,137.5,322.4,581.3,519.2
350,0.80,2.0,-84.33,-165.97,0.14,-165.73,252.29,82.70,252.29,82.70,-84.12,-165.97,in->M1 x M3,267.30,519.60,255.1,146.7,343.5,602.3,290.4
350,0.80,3.0,-84.31,-165.80,0.31,-165.89,252.29,82.70,252.29,82.70,-84.21,-165.89,M1->M2 x M3,267.30,519.60,255.1,146.7,343.5,602.3,290.4
350,0.80,4.0,-84.27,-165.83,0.51,-165.56,252.29,82.70,252.29,82.70,-83.89,-165.83,in->M1 x M3,267.30,519.60,255.1,146.7,343.5,602.3,292.0
350,0.80,5.0,-84.19,-165.94,24.47,-165.92,252.29,82.70,252.29,82.70,-84.19,-165.94,in->M1 x M3,267.30,519.60,255.1,146.7,343.5,602.3,305.5
350,0.80,6.0,-84.06,-165.59,48.43,-165.61,252.29,82.70,252.29,82.70,-84.19,-165.61,M1->M2 x M3,267.30,519.60,255.1,146.7,343.5,602.3,319.1
350,0.80,7.0,-81.40,-155.02,72.36,-165.95,252.29,82.70,252.29,82.70,-83.93,-165.95,M1->M2 x M3,267.30,519.60,255.1,146.7,343.5,602.3,332.8
350,0.80,8.0,-67.43,-139.86,96.28,-161.18,252.29,82.70,252.29,82.70,-84.11,-161.18,M1->M2 x M3,267.30,519.60,255.1,146.7,343.5,602.3,346.5
350,0.80,9.0,-53.38,-124.63,120.16,-149.27,252.29,82.70,252.29,82.70,-84.31,-149.27,M1->M2 x M3,267.30,519.60,255.1,146.7,343.5,602.3,360.3
350,0.80,10.0,-39.27,-109.31,144.01,-137.29,252.29,82.70,252.29,82.70,-84.20,-137.29,M1->M2 x M3,267.30,519.60,255.1,146.7,343.5,602.3,374.1
350,0.80,11.0,-25.06,-93.91,167.82,-125.24,252.29,82.70,252.29,82.70,-83.77,-125.24,M1->M2 x M3,267.30,519.60,255.1,146.7,343.5,602.3,388.1
350,0.80,12.0,-10.77,-78.39,191.57,-113.10,252.29,82.70,252.29,82.70,-83.91,-113.10,M1->M2 x M3,267.30,519.60,255.1,146.7,343.5,602.3,402.1
350,0.80,13.0,3.55,-62.77,215.27,-100.88,252.30,82.70,252.30,82.70,-78.68,-100.88,M1->M2 x M3,267.30,519.60,255.1,146.7,343.5,602.3,416.3
350,0.80,14.0,17.63,-47.02,238.90,-88.56,252.42,82.70,252.42,82.70,-72.56,-88.56,M1->M2 x M3,267.30,519.60,255.1,146.7,343.5,602.3,430.5
350,0.80,15.0,31.71,-31.13,262.46,-76.13,252.69,82.70,252.69,82.70,-66.39,-76.13,M1->M2 x M3,267.30,519.60,255.1,146.7,343.5,602.3,444.9
350,0.80,16.0,45.77,-15.09,285.94,-63.59,253.11,82.70,253.11,82.70,-60.15,-63.59,M1->M2 x M3,267.30,519.60,255.1,146.7,343.5,602.3,459.4
350,0.80,17.0,59.83,1.05,309.33,-50.92,253.69,82.70,253.69,82.70,-53.86,-53.86,M3->FP x M2,267.30,519.60,255.1,146.7,343.5,602.3,474.1
350,0.80,18.0,73.86,16.63,332.62,-38.12,254.43,82.70,254.43,82.70,-47.50,-47.50,M3->FP x M2,267.30,519.60,255.1,146.7,343.5,602.3,489.0
350,0.80,19.0,87.87,32.19,355.82,-25.17,255.34,83.82,255.34,83.82,-41.07,-41.07,M3->FP x M2,267.30,519.60,255.1,146.7,343.5,602.3,504.0
350,0.80,20.0,101.86,47.75,378.91,-12.07,256.42,87.57,256.42,87.57,-34.56,-34.56,M3->FP x M2,267.30,519.60,255.1,146.7,343.5,602.3,519.1
350,0.85,2.0,-88.71,-177.86,0.03,-177.68,272.60,65.74,272.60,65.74,-89.36,-177.86,in->M1 x M3,284.26,556.86,250.9,155.8,364.2,622.6,311.1
350,0.85,3.0,-88.93,-177.84,0.02,-177.59,272.60,65.74,272.60,65.74,-88.95,-177.84,in->M1 x M3,284.26,556.86,250.9,155.8,364.2,622.6,311.1
350,0.85,4.0,-89.33,-177.53,0.15,-177.42,272.60,65.74,272.60,65.74,-89.24,-177.53,in->M1 x M3,284.26,556.86,250.9,155.8,364.2,622.6,311.1
350,0.85,5.0,-89.51,-177.74,24.02,-177.62,272.60,65.74,272.60,65.74,-89.25,-177.74,in->M1 x M3,284.26,556.86,250.9,155.8,364.2,622.6,313.6
350,0.85,6.0,-89.47,-177.48,47.87,-177.80,272.60,65.74,272.60,65.74,-89.56,-177.80,M1->M2 x M3,284.26,556.86,250.9,155.8,364.2,622.6,326.8
350,0.85,7.0,-89.45,-172.02,71.72,-177.72,272.60,65.74,272.60,65.74,-89.58,-177.72,M1->M2 x M3,284.26,556.86,250.9,155.8,364.2,622.6,340.0
350,0.85,8.0,-76.24,-157.61,95.54,-174.76,272.60,65.74,272.60,65.74,-89.24,-174.76,M1->M2 x M3,284.26,556.86,250.9,155.8,364.2,622.6,353.2
350,0.85,9.0,-62.66,-143.14,119.33,-162.83,272.60,65.74,272.60,65.74,-89.21,-162.83,M1->M2 x M3,284.26,556.86,250.9,155.8,364.2,622.6,366.5
350,0.85,10.0,-49.01,-128.58,143.09,-150.84,272.60,65.74,272.60,65.74,-88.72,-150.84,M1->M2 x M3,284.26,556.86,250.9,155.8,364.2,622.6,379.9
350,0.85,11.0,-35.27,-113.94,166.80,-138.78,272.60,65.74,272.60,65.74,-89.40,-138.78,M1->M2 x M3,284.26,556.86,250.9,155.8,364.2,622.6,393.4
350,0.85,12.0,-21.44,-99.19,190.46,-126.63,272.60,65.74,272.60,65.74,-89.18,-126.63,M1->M2 x M3,284.26,556.86,250.9,155.8,364.2,622.6,407.0
350,0.85,13.0,-7.50,-84.34,214.06,-114.40,272.60,65.74,272.60,65.74,-89.56,-114.40,M1->M2 x M3,284.26,556.86,250.9,155.8,364.2,622.6,420.7
350,0.85,14.0,6.35,-69.37,237.60,-102.07,272.62,65.74,272.62,65.74,-83.43,-102.07,M1->M2 x M3,284.26,556.86,250.9,155.8,364.2,622.6,434.5
350,0.85,15.0,20.02,-54.28,261.07,-89.63,272.77,65.74,272.77,65.74,-77.25,-89.63,M1->M2 x M3,284.26,556.86,250.9,155.8,364.2,622.6,448.4
350,0.85,16.0,33.67,-39.04,284.45,-77.07,273.06,65.74,273.06,65.74,-71.02,-77.07,M1->M2 x M3,284.26,556.86,250.9,155.8,364.2,622.6,462.4
350,0.85,17.0,47.32,-23.65,307.75,-64.40,273.49,65.74,273.49,65.74,-64.72,-64.72,M3->FP x M2,284.26,556.86,250.9,155.8,364.2,622.6,476.6
350,0.85,18.0,60.96,-8.09,330.96,-51.58,274.07,65.74,274.07,65.74,-58.36,-58.36,M3->FP x M2,284.26,556.86,250.9,155.8,364.2,622.6,491.0
350,0.85,19.0,74.57,7.23,354.07,-38.62,274.81,65.74,274.81,65.74,-51.92,-51.92,M3->FP x M2,284.26,556.86,250.9,155.8,364.2,622.6,505.5
350,0.85,20.0,88.16,22.16,377.06,-25.51,275.70,66.39,275.70,66.39,-45.41,-45.41,M3->FP x M2,284.26,556.86,250.9,155.8,364.2,622.6,520.2
350,0.90,2.0,-94.64,-189.26,0.15,-189.42,292.04,48.76,292.04,48.76,-94.57,-189.42,M1->M2 x M3,301.24,593.28,247.1,165.0,384.5,642.0,331.4
350,0.90,3.0,-94.76,-189.41,0.13,-189.33,292.04,48.76,292.04,48.76,-94.56,-189.41,in->M1 x M3,301.24,593.28,247.1,165.0,384.5,642.0,331.4
350,0.90,4.0,-94.18,-189.41,0.08,-189.38,292.04,48.76,292.04,48.76,-94.65,-189.41,in->M1 x M3,301.24,593.28,247.1,165.0,384.5,642.0,331.4
350,0.90,5.0,-94.40,-189.50,23.72,-189.34,292.04,48.76,292.04,48.76,-94.68,-189.50,in->M1 x M3,301.24,593.28,247.1,165.0,384.5,642.0,331.4
350,0.90,6.0,-94.62,-189.36,47.52,-189.34,292.04,48.76,292.04,48.76,-94.18,-189.36,in->M1 x M3,301.24,593.28,247.1,165.0,384.5,642.0,334.4
350,0.90,7.0,-93.93,-188.41,71.31,-189.48,292.04,48.76,292.04,48.76,-94.63,-189.48,M1->M2 x M3,301.24,593.28,247.1,165.0,384.5,642.0,347.2
350,0.90,8.0,-84.67,-174.70,95.07,-187.62,292.04,48.76,292.04,48.76,-93.79,-187.62,M1->M2 x M3,301.24,593.28,247.1,165.0,384.5,642.0,360.1
350,0.90,9.0,-71.50,-160.93,118.80,-175.68,292.04,48.76,292.04,48.76,-94.78,-175.68,M1->M2 x M3,301.24,593.28,247.1,165.0,384.5,642.0,373.0
350,0.90,10.0,-58.25,-147.08,142.50,-163.68,292.04,48.76,292.04,48.76,-93.96,-163.68,M1->M2 x M3,301.24,593.28,247.1,165.0,384.5,642.0,386.0
350,0.90,11.0,-44.92,-133.15,166.15,-151.60,292.04,48.76,292.04,48.76,-94.57,-151.60,M1->M2 x M3,301.24,593.28,247.1,165.0,384.5,642.0,399.1
350,0.90,12.0,-31.51,-119.13,189.75,-139.45,292.04,48.76,292.04,48.76,-94.10,-139.45,M1->M2 x M3,301.24,593.28,247.1,165.0,384.5,642.0,412.3
350,0.90,13.0,-17.99,-105.00,213.30,-127.21,292.04,48.76,292.04,48.76,-94.53,-127.21,M1->M2 x M3,301.24,593.28,247.1,165.0,384.5,642.0,425.5
350,0.90,14.0,-4.37,-90.76,236.78,-114.86,292.04,48.76,292.04,48.76,-94.06,-114.86,M1->M2 x M3,301.24,593.28,247.1,165.0,384.5,642.0,438.9
350,0.90,15.0,9.06,-76.40,260.19,-102.41,292.08,48.76,292.08,48.76,-87.88,-102.41,M1->M2 x M3,301.24,593.28,247.1,165.0,384.5,642.0,452.4
350,0.90,16.0,22.36,-61.90,283.52,-89.85,292.25,48.76,292.25,48.76,-81.65,-89.85,M1->M2 x M3,301.24,593.28,247.1,165.0,384.5,642.0,466.0
350,0.90,17.0,35.65,-47.26,306.76,-77.16,292.56,48.76,292.56,48.76,-75.35,-77.16,M1->M2 x M3,301.24,593.28,247.1,165.0,384.5,642.0,479.8
350,0.90,18.0,48.93,-32.47,329.91,-64.34,293.01,48.76,293.01,48.76,-68.98,-68.98,M3->FP x M2,301.24,593.28,247.1,165.0,384.5,642.0,493.7
350,0.90,19.0,62.19,-17.50,352.95,-51.37,293.59,48.76,293.59,48.76,-62.54,-62.54,M3->FP x M2,301.24,593.28,247.1,165.0,384.5,642.0,507.7
350,0.90,20.0,75.44,-2.36,375.90,-38.24,294.33,48.76,294.33,48.76,-56.03,-56.03,M3->FP x M2,301.24,593.28,247.1,165.0,384.5,642.0,522.0
400,0.30,2.0,-30.72,-50.37,0.02,-50.38,58.69,300.62,58.69,300.62,-31.55,-50.38,M1->M2 x M3,99.38,158.06,402.0,55.0,142.1,458.7,198.1
400,0.30,3.0,-30.83,-44.32,13.96,-50.46,58.69,300.62,58.69,300.62,-31.48,-50.46,M1->M2 x M3,99.38,158.06,402.0,55.0,142.1,458.7,227.2
400,0.30,4.0,-6.64,-9.91,51.02,-49.35,58.69,300.62,58.69,300.62,-25.69,-49.35,M1->M2 x M3,99.38,158.06,402.0,55.0,142.1,458.7,256.4
400,0.30,5.0,23.70,24.50,88.07,-37.72,58.69,300.62,58.69,300.62,-19.89,-37.72,M1->M2 x M3,99.38,158.06,402.0,55.0,142.1,458.7,285.6
400,0.30,6.0,54.02,58.88,125.10,-26.05,59.02,301.37,59.02,301.37,-14.07,-26.05,M1->M2 x M3,99.38,158.06,402.0,55.0,142.1,458.7,314.9
400,0.30,7.0,84.32,93.25,162.08,-14.35,59.93,304.86,59.93,304.86,-8.23,-14.35,M1->M2 x M3,99.38,158.06,402.0,55.0,142.1,458.7,344.4
400,0.30,8.0,114.60,127.58,199.02,-2.59,61.38,311.13,61.38,311.13,-2.36,-2.59,M1->M2 x M3,99.38,158.06,402.0,55.0,142.1,458.7,374.0
400,0.30,9.0,144.85,161.88,235.89,8.68,63.36,320.07,63.36,320.07,3.40,3.40,M3->FP x M2,99.38,158.06,402.0,55.0,142.1,458.7,403.7
400,0.30,10.0,175.05,196.12,272.70,19.46,65.82,331.50,65.82,331.50,9.11,9.11,M3->FP x M2,99.38,158.06,402.0,55.0,142.1,458.7,433.6
400,0.30,11.0,205.19,230.31,309.42,29.81,68.72,345.22,68.72,345.22,14.86,14.86,M3->FP x M2,99.38,158.06,402.0,55.0,142.1,458.7,463.7
400,0.30,12.0,235.28,264.43,346.04,39.68,72.02,361.04,72.02,361.04,20.64,20.64,M3->FP x M2,99.38,158.06,402.0,55.0,142.1,458.7,493.9
400,0.30,13.0,265.29,298.46,382.56,49.04,75.67,378.75,75.67,378.75,26.47,26.47,M3->FP x M2,99.38,158.06,402.0,55.0,142.1,458.7,524.5
400,0.30,14.0,295.22,332.41,418.97,57.89,79.66,398.17,79.66,398.17,32.34,32.34,M3->FP x M2,99.38,158.06,402.0,55.0,142.1,458.7,555.2
400,0.30,15.0,325.06,366.25,455.25,66.22,83.93,419.12,83.85,419.12,38.27,38.27,M3->FP x M2,99.38,158.06,402.0,55.0,142.1,458.7,586.3
400,0.30,16.0,354.80,399.98,491.38,74.03,88.46,441.46,87.81,441.46,44.25,44.25,M3->FP x M2,99.38,158.06,402.0,55.0,142.1,458.7,617.6
400,0.30,17.0,384.44,433.59,527.37,81.35,93.23,465.06,91.51,465.06,50.29,50.29,M3->FP x M2,99.38,158.06,402.0,55.0,142.1,458.7,649.3
400,0.30,18.0,413.96,467.07,563.20,88.19,98.23,488.39,94.96,489.82,56.40,56.40,M3->FP x M2,99.38,158.06,402.0,55.0,142.1,458.7,681.3
400,0.30,19.0,443.35,500.41,598.86,94.57,103.42,509.93,98.17,515.67,62.57,62.57,M3->FP x M2,99.38,158.06,402.0,55.0,142.1,458.7,713.6
400,0.30,20.0,472.60,533.59,634.33,100.52,108.81,529.81,101.18,542.52,68.82,68.82,M3->FP x M2,99.38,158.06,402.0,55.0,142.1,458.7,746.4
400,0.35,2.0,-36.31,-60.87,0.13,-60.91,74.85,283.97,74.85,283.97,-36.83,-60.91,M1->M2 x M3,116.03,190.88,370.8,64.2,160.4,474.8,200.0
400,0.35,3.0,-35.79,-60.59,5.29,-60.78,74.85,283.97,74.85,283.97,-36.72,-60.78,M1->M2 x M3,116.03,190.88,370.8,64.2,160.4,474.8,225.8
400,0.35,4.0,-24.73,-34.31,39.32,-60.79,74.85,283.97,74.85,283.97,-35.44,-60.79,M1->M2 x M3,116.03,190.88,370.8,64.2,160.4,474.8,251.7
400,0.35,5.0,2.34,-3.44,73.33,-54.08,74.85,283.97,74.85,283.97,-29.64,-54.08,M1->M2 x M3,116.03,190.88,370.8,64.2,160.4,474.8,277.6
400,0.35,6.0,29.36,27.37,107.33,-42.41,74.87,283.97,74.87,283.97,-23.81,-42.41,M1->M2 x M3,116.03,190.88,370.8,64.2,160.4,474.8,303.6
400,0.35,7.0,56.37,58.17,141.29,-30.69,75.23,284.58,75.23,284.58,-17.97,-30.69,M1->M2 x M3,116.03,190.88,370.8,64.2,160.4,474.8,329.6
400,0.35,8.0,83.37,88.94,175.21,-18.93,76.04,287.49,76.04,287.49,-12.11,-18.93,M1->M2 x M3,116.03,190.88,370.8,64.2,160.4,474.8,355.8
400,0.35,9.0,110.33,119.69,209.08,-7.11,77.29,292.74,77.29,292.74,-6.21,-7.11,M1->M2 x M3,116.03,190.88,370.8,64.2,160.4,474.8,382.2
400,0.35,10.0,137.27,150.41,242.88,4.52,78.98,300.26,78.98,300.26,-0.29,-0.29,M3->FP x M2,116.03,190.88,370.8,64.2,160.4,474.8,408.6
400,0.35,11.0,164.16,181.08,276.60,15.55,81.08,309.92,81.08,309.92,5.47,5.47,M3->FP x M2,116.03,190.88,370.8,64.2,160.4,474.8,435.3
400,0.35,12.0,191.00,211.69,310.25,26.24,83.56,321.58,83.56,321.58,11.26,11.26,M3->FP x M2,116.03,190.88,370.8,64.2,160.4,474.8,462.1
400,0.35,13.0,217.79,242.24,343.80,36.55,86.42,335.08,86.42,335.08,17.09,17.09,M3->FP x M2,116.03,190.88,370.8,64.2,160.4,474.8,489.1
400,0.35,14.0,244.51,272.71,377.24,46.44,89.61,350.27,89.61,350.27,22.96,22.96,M3->FP x M2,116.03,190.88,370.8,64.2,160.4,474.8,516.4
400,0.35,15.0,271.15,303.10,410.57,55.92,93.13,367.00,93.13,367.00,28.89,28.89,M3->FP x M2,116.03,190.88,370.8,64.2,160.4,474.8,543.9
400,0.35,16.0,297.71,333.40,443.77,64.95,96.94,385.12,96.94,385.12,34.87,34.87,M3->FP x M2,116.03,190.88,370.8,64.2,160.4,474.8,571.6
400,0.35,17.0,324.18,363.60,476.84,73.55,101.03,404.53,101.03,404.53,40.92,40.92,M3->FP x M2,116.03,190.88,370.8,64.2,160.4,474.8,599.7
400,0.35,18.0,350.55,393.68,509.77,81.70,105.38,425.11,105.25,425.11,47.03,47.03,M3->FP x M2,116.03,190.88,370.8,64.2,160.4,474.8,628.0
400,0.35,19.0,376.82,423.65,542.54,89.43,109.98,446.77,109.24,446.77,53.20,53.20,M3->FP x M2,116.03,190.88,370.8,64.2,160.4,474.8,656.7
400,0.35,20.0,402.97,453.49,575.14,96.74,114.80,468.73,113.00,469.45,59.46,59.46,M3->FP x M2,116.03,190.88,370.8,64.2,160.4,474.8,685.7
400,0.40,2.0,-41.55,-71.85,0.14,-71.68,92.29,267.28,92.29,267.28,-42.15,-71.85,in->M1 x M3,132.72,225.00,347.3,73.3,179.4,492.3,204.2
400,0.40,3.0,-42.13,-71.83,0.08,-71.83,92.29,267.28,92.29,267.28,-41.97,-71.83,M1->M2 x M3,132.72,225.00,347.3,73.3,179.4,492.3,227.5
400,0.40,4.0,-39.62,-55.93,30.90,-71.60,92.29,267.28,92.29,267.28,-42.11,-71.60,M1->M2 x M3,132.72,225.00,347.3,73.3,179.4,492.3,250.8
400,0.40,5.0,-15.04,-27.86,62.73,-70.49,92.29,267.28,92.29,267.28,-39.74,-70.49,M1->M2 x M3,132.72,225.00,347.3,73.3,179.4,492.3,274.2
400,0.40,6.0,9.56,0.29,94.55,-58.80,92.29,267.28,92.29,267.28,-33.92,-58.80,M1->M2 x M3,132.72,225.00,347.3,73.3,179.4,492.3,297.7
400,0.40,7.0,34.10,28.35,126.33,-47.08,92.34,267.28,92.34,267.28,-28.07,-47.08,M1->M2 x M3,132.72,225.00,347.3,73.3,179.4,492.3,321.2
400,0.40,8.0,58.63,56.39,158.08,-35.30,92.71,267.75,92.71,267.75,-22.20,-35.30,M1->M2 x M3,132.72,225.00,347.3,73.3,179.4,492.3,344.9
400,0.40,9.0,83.15,84.42,189.78,-23.47,93.45,270.18,93.45,270.18,-16.31,-23.47,M1->M2 x M3,132.72,225.00,347.3,73.3,179.4,492.3,368.7
400,0.40,10.0,107.64,112.42,221.42,-11.57,94.57,274.68,94.57,274.68,-10.38,-11.57,M1->M2 x M3,132.72,225.00,347.3,73.3,179.4,492.3,392.6
400,0.40,11.0,132.09,140.39,253.00,0.37,96.04,281.19,96.04,281.19,-4.41,-4.41,M3->FP x M2,132.72,225.00,347.3,73.3,179.4,492.3,416.7
400,0.40,12.0,156.51,168.31,284.49,11.60,97.87,289.62,97.87,289.62,1.54,1.54,M3->FP x M2,132.72,225.00,347.3,73.3,179.4,492.3,440.9
400,0.40,13.0,180.88,196.19,315.90,22.56,100.04,299.84,100.04,299.84,7.37,7.37,M3->FP x M2,132.72,225.00,347.3,73.3,179.4,492.3,465.3
400,0.40,14.0,205.19,224.00,347.22,33.20,102.54,311.74,102.54,311.74,13.25,13.25,M3->FP x M2,132.72,225.00,347.3,73.3,179.4,492.3,489.9
400,0.40,15.0,229.44,251.75,378.43,43.51,105.36,325.18,105.36,325.18,19.18,19.18,M3->FP x M2,132.72,225.00,347.3,73.3,179.4,492.3,514.8
400,0.40,16.0,253.62,279.41,409.52,53.47,108.48,340.03,108.48,340.03,25.16,25.16,M3->FP x M2,132.72,225.00,347.3,73.3,179.4,492.3,539.8
400,0.40,17.0,277.73,307.00,440.49,63.06,111.90,356.19,111.90,356.19,31.21,31.21,M3->FP x M2,132.72,225.00,347.3,73.3,179.4,492.3,565.2
400,0.40,18.0,301.75,334.49,471.32,72.27,115.59,373.55,115.59,373.55,37.32,37.32,M3->FP x M2,132.72,225.00,347.3,73.3,179.4,492.3,590.7
400,0.40,19.0,325.67,361.88,502.02,81.11,119.55,392.01,119.55,392.01,43.50,43.50,M3->FP x M2,132.72,225.00,347.3,73.3,179.4,492.3,616.6
400,0.40,20.0,349.50,389.15,532.55,89.56,123.76,411.49,123.76,411.49,49.75,49.75,M3->FP x M2,132.72,225.00,347.3,73.3,179.4,492.3,642.9
400,0.45,2.0,-47.06,-83.03,0.05,-83.10,110.81,250.57,110.81,250.57,-47.35,-83.10,M1->M2 x M3,149.43,260.24,329.1,82.5,199.0,510.8,209.8
400,0.45,3.0,-47.44,-83.06,0.11,-83.12,110.81,250.57,110.81,250.57,-47.18,-83.12,M1->M2 x M3,149.43,260.24,329.1,82.5,199.0,510.8,231.1
400,0.45,4.0,-47.09,-75.77,24.68,-83.01,110.81,250.57,110.81,250.57,-47.39,-83.01,M1->M2 x M3,149.43,260.24,329.1,82.5,199.0,510.8,252.5
400,0.45,5.0,-29.74,-49.94,54.90,-82.98,110.81,250.57,110.81,250.57,-47.14,-82.98,M1->M2 x M3,149.43,260.24,329.1,82.5,199.0,510.8,274.0
400,0.45,6.0,-7.05,-24.03,85.11,-75.17,110.81,250.57,110.81,250.57,-44.32,-75.17,M1->M2 x M3,149.43,260.24,329.1,82.5,199.0,510.8,295.5
400,0.45,7.0,15.62,1.96,115.29,-63.43,110.81,250.57,110.81,250.57,-38.47,-63.43,M1->M2 x M3,149.43,260.24,329.1,82.5,199.0,510.8,317.1
400,0.45,8.0,38.24,27.82,145.43,-51.65,110.89,250.57,110.89,250.57,-32.60,-51.65,M1->M2 x M3,149.43,260.24,329.1,82.5,199.0,510.8,338.8
400,0.45,9.0,60.85,53.67,175.54,-39.81,111.27,250.88,111.27,250.88,-26.70,-39.81,M1->M2 x M3,149.43,260.24,329.1,82.5,199.0,510.8,360.6
400,0.45,10.0,83.44,79.51,205.58,-27.90,111.96,252.90,111.96,252.90,-20.77,-27.90,M1->M2 x M3,149.43,260.24,329.1,82.5,199.0,510.8,382.5
400,0.45,11.0,106.00,105.32,235.57,-15.92,112.97,256.82,112.97,256.82,-14.80,-15.92,M1->M2 x M3,149.43,260.24,329.1,82.5,199.0,510.8,404.6
400,0.45,12.0,128.53,131.10,265.48,-3.87,114.29,262.57,114.29,262.57,-8.79,-8.79,M3->FP x M2,149.43,260.24,329.1,82.5,199.0,510.8,426.8
400,0.45,13.0,151.03,156.85,295.31,7.74,115.91,270.09,115.91,270.09,-2.74,-2.74,M3->FP x M2,149.43,260.24,329.1,82.5,199.0,510.8,449.2
400,0.45,14.0,173.48,182.54,325.05,18.91,117.84,279.27,117.84,279.27,3.24,3.24,M3->FP x M2,149.43,260.24,329.1,82.5,199.0,510.8,471.8
400,0.45,15.0,195.87,208.18,354.70,29.83,120.07,290.01,120.07,290.01,9.17,9.17,M3->FP x M2,149.43,260.24,329.1,82.5,199.0,510.8,494.5
400,0.45,16.0,218.21,233.75,384.23,40.48,122.59,302.20,122.59,302.20,15.16,15.16,M3->FP x M2,149.43,260.24,329.1,82.5,199.0,510.8,517.5
400,0.45,17.0,240.47,259.25,413.65,50.82,125.39,315.72,125.39,315.72,21.21,21.21,M3->FP x M2,149.43,260.24,329.1,82.5,199.0,510.8,540.7
400,0.45,18.0,262.67,284.68,442.94,60.86,128.48,330.48,128.48,330.48,27.32,27.32,M3->FP x M2,149.43,260.24,329.1,82.5,199.0,510.8,564.2
400,0.45,19.0,284.79,310.01,472.10,70.58,131.83,346.37,131.83,346.37,33.50,33.50,M3->FP x M2,149.43,260.24,329.1,82.5,199.0,510.8,587.9
400,0.45,20.0,306.81,335.26,501.11,79.97,135.44,363.31,135.44,363.31,39.76,39.76,M3->FP x M2,149.43,260.24,329.1,82.5,199.0,510.8,612.0
400,0.50,2.0,-52.05,-94.68,0.35,-94.31,130.20,233.82,130.20,233.82,-52.55,-94.68,in->M1 x M3,166.18,296.38,314.5,91.7,219.2,530.2,216.5
400,0.50,3.0,-52.55,-94.57,0.08,-94.65,130.20,233.82,130.20,233.82,-52.57,-94.65,M1->M2 x M3,166.18,296.38,314.5,91.7,219.2,530.2,236.3
400,0.50,4.0,-52.69,-94.41,20.01,-94.48,130.20,233.82,130.20,233.82,-52.35,-94.48,M1->M2 x M3,166.18,296.38,314.5,91.7,219.2,530.2,256.2
400,0.50,5.0,-42.55,-70.42,49.03,-94.45,130.20,233.82,130.20,233.82,-52.68,-94.45,M1->M2 x M3,166.18,296.38,314.5,91.7,219.2,530.2,276.1
400,0.50,6.0,-21.43,-46.37,78.03,-91.45,130.20,233.82,130.20,233.82,-52.27,-91.45,M1->M2 x M3,166.18,296.38,314.5,91.7,219.2,530.2,296.0
400,0.50,7.0,-0.22,-22.23,107.00,-79.70,130.20,233.82,130.20,233.82,-49.11,-79.70,M1->M2 x M3,166.18,296.38,314.5,91.7,219.2,530.2,316.0
400,0.50,8.0,20.87,1.99,135.94,-67.91,130.20,233.82,130.20,233.82,-43.24,-67.91,M1->M2 x M3,166.18,296.38,314.5,91.7,219.2,530.2,336.2
400,0.50,9.0,41.96,26.06,164.84,-56.06,130.32,233.82,130.32,233.82,-37.33,-56.06,M1->M2 x M3,166.18,296.38,314.5,91.7,219.2,530.2,356.4
400,0.50,10.0,63.04,50.11,193.69,-44.14,130.71,233.99,130.71,233.99,-31.40,-44.14,M1->M2 x M3,166.18,296.38,314.5,91.7,219.2,530.2,376.7
400,0.50,11.0,84.09,74.15,222.49,-32.15,131.36,235.65,131.36,235.65,-25.43,-32.15,M1->M2 x M3,166.18,296.38,314.5,91.7,219.2,530.2,397.2
400,0.50,12.0,105.12,98.17,251.21,-20.08,132.29,239.08,132.29,239.08,-19.42,-20.08,M1->M2 x M3,166.18,296.38,314.5,91.7,219.2,530.2,417.8
400,0.50,13.0,126.12,122.16,279.86,-7.92,133.49,244.24,133.49,244.24,-13.36,-13.36,M3->FP x M2,166.18,296.38,314.5,91.7,219.2,530.2,438.5
400,0.50,14.0,147.08,146.11,308.42,4.05,134.96,251.06,134.96,251.06,-7.26,-7.26,M3->FP x M2,166.18,296.38,314.5,91.7,219.2,530.2,459.5
400,0.50,15.0,167.99,170.02,336.89,15.41,136.71,259.48,136.71,259.48,-1.10,-1.10,M3->FP x M2,166.18,296.38,314.5,91.7,219.2,530.2,480.6
400,0.50,16.0,188.86,193.87,365.25,26.57,138.72,269.37,138.72,269.37,4.93,4.93,M3->FP x M2,166.18,296.38,314.5,91.7,219.2,530.2,501.9
400,0.50,17.0,209.66,217.67,393.51,37.49,141.00,280.65,141.00,280.65,10.98,10.98,M3->FP x M2,166.18,296.38,314.5,91.7,219.2,530.2,523.4
400,0.50,18.0,230.41,241.40,421.64,48.17,143.55,293.20,143.55,293.20,17.09,17.09,M3->FP x M2,166.18,296.38,314.5,91.7,219.2,530.2,545.2
400,0.50,19.0,251.08,265.05,449.65,58.58,146.35,306.94,146.35,306.94,23.28,23.28,M3->FP x M2,166.18,296.38,314.5,91.7,219.2,530.2,567.2
400,0.50,20.0,271.67,288.63,477.52,68.73,149.42,321.77,149.42,321.77,29.53,29.53,M3->FP x M2,166.18,296.38,314.5,91.7,219.2,530.2,589.5
400,0.55,2.0,-57.72,-106.44,0.10,-106.30,150.27,217.04,150.27,217.04,-57.89,-106.44,in->M1 x M3,182.96,333.23,302.6,100.8,239.7,550.3,224.0
400,0.55,3.0,-57.47,-106.23,0.35,-106.22,150.27,217.04,150.27,217.04,-57.77,-106.23,in->M1 x M3,182.96,333.23,302.6,100.8,239.7,550.3,242.6
400,0.55,4.0,-57.27,-106.34,16.48,-106.22,150.27,217.04,150.27,217.04,-57.78,-106.34,in->M1 x M3,182.96,333.23,302.6,100.8,239.7,550.3,261.1
400,0.55,5.0,-54.00,-89.76,44.58,-106.26,150.27,217.04,150.27,217.04,-57.74,-106.26,M1->M2 x M3,182.96,333.23,302.6,100.8,239.7,550.3,279.8
400,0.55,6.0,-34.15,-67.28,72.66,-106.21,150.27,217.04,150.27,217.04,-57.77,-106.21,M1->M2 x M3,182.96,333.23,302.6,100.8,239.7,550.3,298.4
400,0.55,7.0,-14.23,-44.72,100.72,-95.81,150.27,217.04,150.27,217.04,-57.85,-95.81,M1->M2 x M3,182.96,333.23,302.6,100.8,239.7,550.3,317.2
400,0.55,8.0,5.72,-22.06,128.75,-84.01,150.27,217.04,150.27,217.04,-54.06,-84.01,M1->M2 x M3,182.96,333.23,302.6,100.8,239.7,550.3,336.0
400,0.55,9.0,25.56,0.70,156.74,-72.14,150.27,217.04,150.27,217.04,-48.15,-72.14,M1->M2 x M3,182.96,333.23,302.6,100.8,239.7,550.3,355.0
400,0.55,10.0,45.40,23.26,184.69,-60.22,150.43,217.04,150.43,217.04,-42.22,-60.22,M1->M2 x M3,182.96,333.23,302.6,100.8,239.7,550.3,374.0
400,0.55,11.0,65.23,45.80,212.57,-48.22,150.82,217.10,150.82,217.10,-36.24,-48.22,M1->M2 x M3,182.96,333.23,302.6,100.8,239.7,550.3,393.1
400,0.55,12.0,85.03,68.33,240.40,-36.14,151.45,218.41,151.45,218.41,-30.23,-36.14,M1->M2 x M3,182.96,333.23,302.6,100.8,239.7,550.3,412.4
400,0.55,13.0,104.81,90.84,268.15,-23.97,152.31,221.42,152.31,221.42,-24.17,-24.17,M3->FP x M2,182.96,333.23,302.6,100.8,239.7,550.3,431.9
400,0.55,14.0,124.55,113.33,295.81,-11.70,153.42,226.10,153.42,226.10,-18.07,-18.07,M3->FP x M2,182.96,333.23,302.6,100.8,239.7,550.3,451.4
400,0.55,15.0,144.26,135.77,323.39,0.63,154.78,232.39,154.78,232.39,-11.91,-11.91,M3->FP x M2,182.96,333.23,302.6,100.8,239.7,550.3,471.2
400,0.55,16.0,163.92,158.18,350.87,12.16,156.38,240.22,156.38,240.22,-5.69,-5.69,M3->FP x M2,182.96,333.23,302.6,100.8,239.7,550.3,491.2
400,0.55,17.0,183.54,180.54,378.24,23.52,158.22,249.49,158.22,249.49,0.57,0.57,M3->FP x M2,182.96,333.23,302.6,100.8,239.7,550.3,511.3
400,0.55,18.0,203.10,202.85,405.50,34.69,160.32,260.11,160.32,260.11,6.68,6.68,M3->FP x M2,182.96,333.23,302.6,100.8,239.7,550.3,531.7
400,0.55,19.0,222.59,225.09,432.63,45.65,162.65,271.96,162.65,271.96,12.87,12.87,M3->FP x M2,182.96,333.23,302.6,100.8,239.7,550.3,552.3
400,0.55,20.0,242.02,247.26,459.64,56.39,165.24,284.97,165.24,284.97,19.13,19.13,M3->FP x M2,182.96,333.23,302.6,100.8,239.7,550.3,573.2
400,0.60,2.0,-62.67,-118.16,0.21,-117.99,170.81,200.23,170.81,200.23,-62.96,-118.16,in->M1 x M3,199.77,370.58,292.7,110.0,260.5,570.8,232.1
400,0.60,3.0,-62.37,-118.26,0.12,-118.37,170.81,200.23,170.81,200.23,-63.14,-118.37,M1->M2 x M3,199.77,370.58,292.7,110.0,260.5,570.8,249.6
400,0.60,4.0,-62.73,-118.38,13.79,-118.17,170.81,200.23,170.81,200.23,-62.93,-118.38,in->M1 x M3,199.77,370.58,292.7,110.0,260.5,570.8,267.1
400,0.60,5.0,-62.09,-108.24,41.19,-117.99,170.81,200.23,170.81,200.23,-62.90,-117.99,M1->M2 x M3,199.77,370.58,292.7,110.0,260.5,570.8,284.7
400,0.60,6.0,-45.63,-87.11,68.57,-118.04,170.81,200.23,170.81,200.23,-63.13,-118.04,M1->M2 x M3,199.77,370.58,292.7,110.0,260.5,570.8,302.3
400,0.60,7.0,-26.78,-65.91,95.94,-111.70,170.81,200.23,170.81,200.23,-62.89,-111.70,M1->M2 x M3,199.77,370.58,292.7,110.0,260.5,570.8,320.0
400,0.60,8.0,-7.85,-44.62,123.28,-99.88,170.81,200.23,170.81,200.23,-63.24,-99.88,M1->M2 x M3,199.77,370.58,292.7,110.0,260.5,570.8,337.8
400,0.60,9.0,11.03,-23.23,150.58,-88.01,170.81,200.23,170.81,200.23,-59.10,-88.01,M1->M2 x M3,199.77,370.58,292.7,110.0,260.5,570.8,355.6
400,0.60,10.0,29.84,-1.72,177.83,-76.07,170.82,200.23,170.82,200.23,-53.16,-76.07,M1->M2 x M3,199.77,370.58,292.7,110.0,260.5,570.8,373.6
400,0.60,11.0,48.64,19.57,205.03,-64.06,171.01,200.23,171.01,200.23,-47.19,-64.06,M1->M2 x M3,199.77,370.58,292.7,110.0,260.5,570.8,391.6
400,0.60,12.0,67.43,40.82,232.17,-51.97,171.40,200.24,171.40,200.24,-41.17,-51.97,M1->M2 x M3,199.77,370.58,292.7,110.0,260.5,570.8,409.8
400,0.60,13.0,86.19,62.06,259.23,-39.79,172.01,201.20,172.01,201.20,-35.11,-39.79,M1->M2 x M3,199.77,370.58,292.7,110.0,260.5,570.8,428.1
400,0.60,14.0,104.93,83.28,286.22,-27.52,172.83,203.82,172.83,203.82,-29.00,-29.00,M3->FP x M2,199.77,370.58,292.7,110.0,260.5,570.8,446.6
400,0.60,15.0,123.63,104.48,313.12,-15.13,173.87,208.10,173.87,208.10,-22.84,-22.84,M3->FP x M2,199.77,370.58,292.7,110.0,260.5,570.8,465.3
400,0.60,16.0,142.30,125.64,339.93,-2.63,175.14,213.98,175.14,213.98,-16.62,-16.62,M3->FP x M2,199.77,370.58,292.7,110.0,260.5,570.8,484.1
400,0.60,17.0,160.93,146.77,366.63,9.23,176.62,221.37,176.62,221.37,-10.34,-10.34,M3->FP x M2,199.77,370.58,292.7,110.0,260.5,570.8,503.1
400,0.60,18.0,179.50,167.85,393.22,20.78,178.34,230.19,178.34,230.19,-3.99,-3.99,M3->FP x M2,199.77,370.58,292.7,110.0,260.5,570.8,522.3
400,0.60,19.0,198.02,188.88,419.69,32.17,180.28,240.33,180.28,240.33,2.34,2.34,M3->FP x M2,199.77,370.58,292.7,110.0,260.5,570.8,541.7
400,0.60,20.0,216.48,209.85,446.03,43.39,182.45,251.70,182.45,251.70,8.61,8.61,M3->FP x M2,199.77,370.58,292.7,110.0,260.5,570.8,561.4
400,0.65,2.0,-67.81,-130.30,0.09,-130.22,191.61,183.39,191.61,183.39,-68.46,-130.30,in->M1 x M3,216.61,408.22,284.3,119.2,281.4,591.6,240.7
400,0.65,3.0,-68.39,-130.15,0.33,-130.10,191.61,183.39,191.61,183.39,-68.14,-130.15,in->M1 x M3,216.61,408.22,284.3,119.2,281.4,591.6,257.3
400,0.65,4.0,-68.18,-130.39,11.74,-129.97,191.61,183.39,191.61,183.39,-68.42,-130.39,in->M1 x M3,216.61,408.22,284.3,119.2,281.4,591.6,273.9
400,0.65,5.0,-68.37,-126.02,38.61,-130.12,191.61,183.39,191.61,183.39,-68.25,-130.12,M1->M2 x M3,216.61,408.22,284.3,119.2,281.4,591.6,290.6
400,0.65,6.0,-56.15,-106.08,65.47,-130.31,191.61,183.39,191.61,183.39,-68.27,-130.31,M1->M2 x M3,216.61,408.22,284.3,119.2,281.4,591.6,307.3
400,0.65,7.0,-38.21,-86.08,92.31,-127.30,191.61,183.39,191.61,183.39,-68.43,-127.30,M1->M2 x M3,216.61,408.22,284.3,119.2,281.4,591.6,324.1
400,0.65,8.0,-20.19,-66.00,119.11,-115.47,191.61,183.39,191.61,183.39,-68.10,-115.47,M1->M2 x M3,216.61,408.22,284.3,119.2,281.4,591.6,340.9
400,0.65,9.0,-2.09,-45.81,145.89,-103.59,191.61,183.39,191.61,183.39,-68.35,-103.59,M1->M2 x M3,216.61,408.22,284.3,119.2,281.4,591.6,357.9
400,0.65,10.0,15.88,-25.52,172.62,-91.64,191.61,183.39,191.61,183.39,-64.18,-91.64,M1->M2 x M3,216.61,408.22,284.3,119.2,281.4,591.6,374.9
400,0.65,11.0,33.81,-5.10,199.29,-79.62,191.64,183.39,191.64,183.39,-58.20,-79.62,M1->M2 x M3,216.61,408.22,284.3,119.2,281.4,591.6,392.0
400,0.65,12.0,51.74,15.12,225.91,-67.52,191.85,183.39,191.85,183.39,-52.18,-67.52,M1->M2 x M3,216.61,408.22,284.3,119.2,281.4,591.6,409.3
400,0.65,13.0,69.65,35.25,252.46,-55.33,192.25,183.39,192.25,183.39,-46.12,-55.33,M1->M2 x M3,216.61,408.22,284.3,119.2,281.4,591.6,426.7
400,0.65,14.0,87.53,55.37,278.93,-43.04,192.84,184.01,192.84,184.01,-40.01,-43.04,M1->M2 x M3,216.61,408.22,284.3,119.2,281.4,591.6,444.2
400,0.65,15.0,105.40,75.47,305.31,-30.64,193.63,186.29,193.63,186.29,-33.84,-33.84,M3->FP x M2,216.61,408.22,284.3,119.2,281.4,591.6,461.9
400,0.65,16.0,123.22,95.55,331.60,-18.13,194.62,190.22,194.62,190.22,-27.62,-27.62,M3->FP x M2,216.61,408.22,284.3,119.2,281.4,591.6,479.8
400,0.65,17.0,141.02,115.60,357.79,-5.50,195.81,195.77,195.81,195.77,-21.34,-21.34,M3->FP x M2,216.61,408.22,284.3,119.2,281.4,591.6,497.8
400,0.65,18.0,158.77,135.61,383.87,6.71,197.21,202.84,197.21,202.84,-14.99,-14.99,M3->FP x M2,216.61,408.22,284.3,119.2,281.4,591.6,516.0
400,0.65,19.0,176.47,155.59,409.84,18.44,198.82,211.35,198.82,211.35,-8.56,-8.56,M3->FP x M2,216.61,408.22,284.3,119.2,281.4,591.6,534.5
400,0.65,20.0,194.11,175.51,435.68,30.03,200.65,221.18,200.65,221.18,-2.06,-2.06,M3->FP x M2,216.61,408.22,284.3,119.2,281.4,591.6,553.1
400,0.70,2.0,-73.59,-142.33,0.10,-142.35,212.47,166.52,212.47,166.52,-73.57,-142.35,M1->M2 x M3,233.48,445.95,277.0,128.3,302.5,612.5,249.5
400,0.70,3.0,-73.30,-142.36,0.05,-142.19,212.47,166.52,212.47,166.52,-73.47,-142.36,in->M1 x M3,233.48,445.95,277.0,128.3,302.5,612.5,265.3
400,0.70,4.0,-72.97,-142.28,10.19,-142.18,212.47,166.52,212.47,166.52,-73.38,-142.28,in->M1 x M3,233.48,445.95,277.0,128.3,302.5,612.5,281.2
400,0.70,5.0,-73.72,-142.33,36.66,-142.42,212.47,166.52,212.47,166.52,-73.41,-142.42,M1->M2 x M3,233.48,445.95,277.0,128.3,302.5,612.5,297.1
400,0.70,6.0,-65.93,-124.34,63.11,-142.29,212.47,166.52,212.47,166.52,-73.46,-142.29,M1->M2 x M3,233.48,445.95,277.0,128.3,302.5,612.5,313.1
400,0.70,7.0,-48.76,-105.41,89.55,-142.37,212.47,166.52,212.47,166.52,-73.50,-142.37,M1->M2 x M3,233.48,445.95,277.0,128.3,302.5,612.5,329.1
400,0.70,8.0,-31.53,-86.39,115.96,-130.70,212.47,166.52,212.47,166.52,-73.51,-130.70,M1->M2 x M3,233.48,445.95,277.0,128.3,302.5,612.5,345.1
400,0.70,9.0,-14.21,-67.29,142.33,-118.81,212.47,166.52,212.47,166.52,-73.48,-118.81,M1->M2 x M3,233.48,445.95,277.0,128.3,302.5,612.5,361.3
400,0.70,10.0,3.16,-48.08,168.67,-106.85,212.47,166.52,212.47,166.52,-73.43,-106.85,M1->M2 x M3,233.48,445.95,277.0,128.3,302.5,612.5,377.6
400,0.70,11.0,20.36,-28.76,194.95,-94.82,212.47,166.52,212.47,166.52,-69.24,-94.82,M1->M2 x M3,233.48,445.95,277.0,128.3,302.5,612.5,393.9
400,0.70,12.0,37.55,-9.30,221.17,-82.70,212.53,166.52,212.53,166.52,-63.21,-82.70,M1->M2 x M3,233.48,445.95,277.0,128.3,302.5,612.5,410.4
400,0.70,13.0,54.73,10.04,247.32,-70.50,212.76,166.52,212.76,166.52,-57.15,-70.50,M1->M2 x M3,233.48,445.95,277.0,128.3,302.5,612.5,427.0
400,0.70,14.0,71.89,29.18,273.40,-58.20,213.16,166.52,213.16,166.52,-51.03,-58.20,M1->M2 x M3,233.48,445.95,277.0,128.3,302.5,612.5,443.7
400,0.70,15.0,89.03,48.31,299.39,-45.80,213.75,166.86,213.75,166.86,-44.86,-45.80,M1->M2 x M3,233.48,445.95,277.0,128.3,302.5,612.5,460.6
400,0.70,16.0,106.15,67.42,325.29,-33.28,214.51,168.80,214.51,168.80,-38.64,-38.64,M3->FP x M2,233.48,445.95,277.0,128.3,302.5,612.5,477.6
400,0.70,17.0,123.23,86.52,351.10,-20.63,215.46,172.44,215.46,172.44,-32.35,-32.35,M3->FP x M2,233.48,445.95,277.0,128.3,302.5,612.5,494.8
400,0.70,18.0,140.27,105.59,376.79,-7.85,216.60,177.73,216.60,177.73,-26.00,-26.00,M3->FP x M2,233.48,445.95,277.0,128.3,302.5,612.5,512.2
400,0.70,19.0,157.28,124.62,402.38,4.68,217.93,184.60,217.93,184.60,-19.57,-19.57,M3->FP x M2,233.48,445.95,277.0,128.3,302.5,612.5,529.8
400,0.70,20.0,174.23,143.62,427.84,16.57,219.46,192.92,219.46,192.92,-13.07,-13.07,M3->FP x M2,233.48,445.95,277.0,128.3,302.5,612.5,547.6
400,0.75,2.0,-78.55,-154.23,0.32,-154.33,233.18,149.62,233.18,149.62,-78.57,-154.33,M1->M2 x M3,250.38,483.57,270.8,137.5,323.4,633.2,270.4
400,0.75,3.0,-78.43,-154.39,0.14,-154.47,233.18,149.62,233.18,149.62,-78.74,-154.47,M1->M2 x M3,250.38,483.57,270.8,137.5,323.4,633.2,273.7
400,0.75,4.0,-78.03,-154.15,9.02,-154.36,233.18,149.62,233.18,149.62,-78.72,-154.36,M1->M2 x M3,250.38,483.57,270.8,137.5,323.4,633.2,288.9
400,0.75,5.0,-78.22,-154.45,35.19,-154.22,233.18,149.62,233.18,149.62,-78.95,-154.45,in->M1 x M3,250.38,483.57,270.8,137.5,323.4,633.2,304.1
400,0.75,6.0,-75.10,-141.96,61.34,-154.04,233.18,149.62,233.18,149.62,-78.93,-154.04,M1->M2 x M3,250.38,483.57,270.8,137.5,323.4,633.2,319.4
400,0.75,7.0,-58.61,-123.99,87.48,-154.25,233.18,149.62,233.18,149.62,-78.59,-154.25,M1->M2 x M3,250.38,483.57,270.8,137.5,323.4,633.2,334.8
400,0.75,8.0,-42.05,-105.95,113.59,-145.51,233.18,149.62,233.18,149.62,-78.65,-145.51,M1->M2 x M3,250.38,483.57,270.8,137.5,323.4,633.2,350.2
400,0.75,9.0,-25.41,-87.82,139.66,-133.61,233.18,149.62,233.18,149.62,-78.91,-133.61,M1->M2 x M3,250.38,483.57,270.8,137.5,323.4,633.2,365.7
400,0.75,10.0,-8.68,-69.59,165.69,-121.64,233.18,149.62,233.18,149.62,-78.84,-121.64,M1->M2 x M3,250.38,483.57,270.8,137.5,323.4,633.2,381.2
400,0.75,11.0,8.01,-51.26,191.67,-109.59,233.18,149.62,233.18,149.62,-78.80,-109.59,M1->M2 x M3,250.38,483.57,270.8,137.5,323.4,633.2,396.9
400,0.75,12.0,24.57,-32.79,217.60,-97.47,233.18,149.62,233.18,149.62,-74.21,-97.47,M1->M2 x M3,250.38,483.57,270.8,137.5,323.4,633.2,412.7
400,0.75,13.0,41.12,-14.20,243.45,-85.26,233.27,149.62,233.27,149.62,-68.14,-85.26,M1->M2 x M3,250.38,483.57,270.8,137.5,323.4,633.2,428.6
400,0.75,14.0,57.66,4.42,269.24,-72.95,233.52,149.62,233.52,149.62,-62.02,-72.95,M1->M2 x M3,250.38,483.57,270.8,137.5,323.4,633.2,444.6
400,0.75,15.0,74.18,22.68,294.94,-60.53,233.93,149.62,233.93,149.62,-55.85,-60.53,M1->M2 x M3,250.38,483.57,270.8,137.5,323.4,633.2,460.8
400,0.75,16.0,90.67,40.93,320.55,-48.00,234.51,149.76,234.51,149.76,-49.62,-49.62,M3->FP x M2,250.38,483.57,270.8,137.5,323.4,633.2,477.1
400,0.75,17.0,107.14,59.16,346.06,-35.34,235.26,151.36,235.26,151.36,-43.33,-43.33,M3->FP x M2,250.38,483.57,270.8,137.5,323.4,633.2,493.6
400,0.75,18.0,123.58,77.38,371.47,-22.55,236.18,154.75,236.18,154.75,-36.97,-36.97,M3->FP x M2,250.38,483.57,270.8,137.5,323.4,633.2,510.3
400,0.75,19.0,139.98,95.58,396.76,-9.62,237.28,159.86,237.28,159.86,-30.54,-30.54,M3->FP x M2,250.38,483.57,270.8,137.5,323.4,633.2,527.1
400,0.75,20.0,156.34,113.75,421.93,3.20,238.56,166.62,238.56,166.62,-24.03,-24.03,M3->FP x M2,250.38,483.57,270.8,137.5,323.4,633.2,544.2
400,0.80,2.0,-83.68,-166.36,0.17,-166.20,253.55,132.69,253.55,132.69,-84.17,-166.36,in->M1 x M3,267.31,520.86,265.3,146.7,344.2,653.5,291.1
400,0.80,3.0,-83.45,-166.13,0.17,-166.30,253.55,132.69,253.55,132.69,-84.13,-166.30,M1->M2 x M3,267.31,520.86,265.3,146.7,344.2,653.5,291.1
400,0.80,4.0,-83.35,-166.12,8.15,-166.04,253.55,132.69,253.55,132.69,-83.77,-166.12,in->M1 x M3,267.31,520.86,265.3,146.7,344.2,653.5,296.9
400,0.80,5.0,-83.51,-166.33,34.09,-166.06,253.55,132.69,253.55,132.69,-84.33,-166.33,in->M1 x M3,267.31,520.86,265.3,146.7,344.2,653.5,311.5
400,0.80,6.0,-83.79,-158.99,60.02,-166.38,253.55,132.69,253.55,132.69,-84.01,-166.38,M1->M2 x M3,267.31,520.86,265.3,146.7,344.2,653.5,326.2
400,0.80,7.0,-67.88,-141.91,85.93,-166.25,253.55,132.69,253.55,132.69,-83.72,-166.25,M1->M2 x M3,267.31,520.86,265.3,146.7,344.2,653.5,341.0
400,0.80,8.0,-51.92,-124.75,111.82,-159.83,253.55,132.69,253.55,132.69,-84.33,-159.83,M1->M2 x M3,267.31,520.86,265.3,146.7,344.2,653.5,355.8
400,0.80,9.0,-35.87,-107.51,137.67,-147.92,253.55,132.69,253.55,132.69,-84.10,-147.92,M1->M2 x M3,267.31,520.86,265.3,146.7,344.2,653.5,370.7
400,0.80,10.0,-19.73,-90.18,163.47,-135.94,253.55,132.69,253.55,132.69,-83.91,-135.94,M1->M2 x M3,267.31,520.86,265.3,146.7,344.2,653.5,385.7
400,0.80,11.0,-3.50,-72.74,189.23,-123.88,253.55,132.69,253.55,132.69,-84.08,-123.88,M1->M2 x M3,267.31,520.86,265.3,146.7,344.2,653.5,400.8
400,0.80,12.0,12.57,-55.19,214.93,-111.75,253.55,132.69,253.55,132.69,-84.19,-111.75,M1->M2 x M3,267.31,520.86,265.3,146.7,344.2,653.5,415.9
400,0.80,13.0,28.57,-37.51,240.57,-99.53,253.55,132.69,253.55,132.69,-79.03,-99.53,M1->M2 x M3,267.31,520.86,265.3,146.7,344.2,653.5,431.2
400,0.80,14.0,44.56,-19.68,266.13,-87.21,253.67,132.69,253.67,132.69,-72.90,-87.21,M1->M2 x M3,267.31,520.86,265.3,146.7,344.2,653.5,446.6
400,0.80,15.0,60.54,-1.70,291.61,-74.78,253.94,132.69,253.94,132.69,-66.73,-74.78,M1->M2 x M3,267.31,520.86,265.3,146.7,344.2,653.5,462.2
400,0.80,16.0,76.50,15.82,317.00,-62.24,254.36,132.69,254.36,132.69,-60.50,-62.24,M1->M2 x M3,267.31,520.86,265.3,146.7,344.2,653.5,477.9
400,0.80,17.0,92.44,33.28,342.30,-49.57,254.94,132.71,254.94,132.71,-54.20,-54.20,M3->FP x M2,267.31,520.86,265.3,146.7,344.2,653.5,493.8
400,0.80,18.0,108.35,50.73,367.49,-36.77,255.68,133.97,255.68,133.97,-47.84,-47.84,M3->FP x M2,267.31,520.86,265.3,146.7,344.2,653.5,509.8
400,0.80,19.0,124.22,68.16,392.57,-23.82,256.58,137.14,256.58,137.14,-41.41,-41.41,M3->FP x M2,267.31,520.86,265.3,146.7,344.2,653.5,526.0
400,0.80,20.0,140.06,85.58,417.53,-10.72,257.65,142.16,257.65,142.16,-34.90,-34.90,M3->FP x M2,267.31,520.86,265.3,146.7,344.2,653.5,542.4
400,0.85,2.0,-89.00,-178.06,0.19,-177.81,273.35,115.73,273.35,115.73,-89.39,-178.06,in->M1 x M3,284.27,557.62,260.5,155.8,364.6,673.4,311.5
400,0.85,3.0,-89.40,-178.12,0.04,-178.11,273.35,115.73,273.35,115.73,-88.90,-178.12,in->M1 x M3,284.27,557.62,260.5,155.8,364.6,673.4,311.5
400,0.85,4.0,-88.61,-177.91,7.51,-177.83,273.35,115.73,273.35,115.73,-89.18,-177.91,in->M1 x M3,284.27,557.62,260.5,155.8,364.6,673.4,311.5
400,0.85,5.0,-89.07,-177.92,33.28,-177.88,273.35,115.73,273.35,115.73,-89.17,-177.92,in->M1 x M3,284.27,557.62,260.5,155.8,364.6,673.4,319.1
400,0.85,6.0,-89.44,-175.46,59.04,-177.98,273.35,115.73,273.35,115.73,-89.47,-177.98,M1->M2 x M3,284.27,557.62,260.5,155.8,364.6,673.4,333.3
400,0.85,7.0,-76.69,-159.19,84.79,-177.84,273.35,115.73,273.35,115.73,-89.51,-177.84,M1->M2 x M3,284.27,557.62,260.5,155.8,364.6,673.4,347.5
400,0.85,8.0,-61.24,-142.85,110.50,-173.60,273.35,115.73,273.35,115.73,-89.37,-173.60,M1->M2 x M3,284.27,557.62,260.5,155.8,364.6,673.4,361.8
400,0.85,9.0,-45.72,-126.43,136.19,-161.67,273.35,115.73,273.35,115.73,-89.25,-161.67,M1->M2 x M3,284.27,557.62,260.5,155.8,364.6,673.4,376.2
400,0.85,10.0,-30.11,-109.93,161.83,-149.68,273.35,115.73,273.35,115.73,-88.88,-149.68,M1->M2 x M3,284.27,557.62,260.5,155.8,364.6,673.4,390.7
400,0.85,11.0,-14.41,-93.32,187.42,-137.62,273.35,115.73,273.35,115.73,-89.58,-137.62,M1->M2 x M3,284.27,557.62,260.5,155.8,364.6,673.4,405.2
400,0.85,12.0,1.37,-76.60,212.96,-125.47,273.35,115.73,273.35,115.73,-88.98,-125.47,M1->M2 x M3,284.27,557.62,260.5,155.8,364.6,673.4,419.9
400,0.85,13.0,16.89,-59.76,238.43,-113.24,273.35,115.73,273.35,115.73,-89.45,-113.24,M1->M2 x M3,284.27,557.62,260.5,155.8,364.6,673.4,434.6
400,0.85,14.0,32.40,-42.78,263.83,-100.91,273.37,115.73,273.37,115.73,-83.64,-100.91,M1->M2 x M3,284.27,557.62,260.5,155.8,364.6,673.4,449.5
400,0.85,15.0,47.91,-25.66,289.15,-88.47,273.52,115.73,273.52,115.73,-77.46,-88.47,M1->M2 x M3,284.27,557.62,260.5,155.8,364.6,673.4,464.5
400,0.85,16.0,63.40,-8.38,314.38,-75.92,273.81,115.73,273.81,115.73,-71.23,-75.92,M1->M2 x M3,284.27,557.62,260.5,155.8,364.6,673.4,479.7
400,0.85,17.0,78.87,8.68,339.52,-63.24,274.24,115.73,274.24,115.73,-64.93,-64.93,M3->FP x M2,284.27,557.62,260.5,155.8,364.6,673.4,495.0
400,0.85,18.0,94.31,25.43,364.55,-50.42,274.82,115.73,274.82,115.73,-58.57,-58.57,M3->FP x M2,284.27,557.62,260.5,155.8,364.6,673.4,510.5
400,0.85,19.0,109.73,42.16,389.47,-37.46,275.55,116.64,275.55,116.64,-52.13,-52.13,M3->FP x M2,284.27,557.62,260.5,155.8,364.6,673.4,526.1
400,0.85,20.0,125.12,58.88,414.27,-24.35,276.44,119.64,276.44,119.64,-45.62,-45.62,M3->FP x M2,284.27,557.62,260.5,155.8,364.6,673.4,542.0
400,0.90,2.0,-94.65,-189.63,0.06,-189.49,292.39,98.75,292.39,98.75,-94.58,-189.63,in->M1 x M3,301.25,593.64,256.2,165.0,384.7,692.4,331.6
400,0.90,3.0,-94.24,-189.46,0.18,-189.43,292.39,98.75,292.39,98.75,-94.57,-189.46,in->M1 x M3,301.25,593.64,256.2,165.0,384.7,692.4,331.6
400,0.90,4.0,-94.34,-189.26,7.03,-189.29,292.39,98.75,292.39,98.75,-94.62,-189.29,M1->M2 x M3,301.25,593.64,256.2,165.0,384.7,692.4,331.6
400,0.90,5.0,-94.33,-189.41,32.68,-189.21,292.39,98.75,292.39,98.75,-94.65,-189.41,in->M1 x M3,301.25,593.64,256.2,165.0,384.7,692.4,331.6
400,0.90,6.0,-94.31,-189.58,58.32,-189.36,292.39,98.75,292.39,98.75,-94.13,-189.58,in->M1 x M3,301.25,593.64,256.2,165.0,384.7,692.4,340.5
400,0.90,7.0,-85.10,-175.84,83.94,-189.59,292.39,98.75,292.39,98.75,-94.68,-189.59,M1->M2 x M3,301.25,593.64,256.2,165.0,384.7,692.4,354.3
400,0.90,8.0,-70.12,-160.26,109.53,-186.74,292.39,98.75,292.39,98.75,-93.74,-186.74,M1->M2 x M3,301.25,593.64,256.2,165.0,384.7,692.4,368.2
400,0.90,9.0,-55.06,-144.61,135.09,-174.81,292.39,98.75,292.39,98.75,-94.72,-174.81,M1->M2 x M3,301.25,593.64,256.2,165.0,384.7,692.4,382.1
400,0.90,10.0,-39.92,-128.87,160.62,-162.80,292.39,98.75,292.39,98.75,-94.03,-162.80,M1->M2 x M3,301.25,593.64,256.2,165.0,384.7,692.4,396.1
400,0.90,11.0,-24.69,-113.04,186.09,-150.73,292.39,98.75,292.39,98.75,-94.50,-150.73,M1->M2 x M3,301.25,593.64,256.2,165.0,384.7,692.4,410.1
400,0.90,12.0,-9.36,-97.10,211.50,-138.58,292.39,98.75,292.39,98.75,-94.18,-138.58,M1->M2 x M3,301.25,593.64,256.2,165.0,384.7,692.4,424.3
400,0.90,13.0,5.93,-81.04,236.85,-126.33,292.39,98.75,292.39,98.75,-94.44,-126.33,M1->M2 x M3,301.25,593.64,256.2,165.0,384.7,692.4,438.6
400,0.90,14.0,21.03,-64.85,262.13,-113.99,292.39,98.75,292.39,98.75,-94.16,-113.99,M1->M2 x M3,301.25,593.64,256.2,165.0,384.7,692.4,453.0
400,0.90,15.0,36.11,-48.53,287.33,-101.54,292.44,98.75,292.44,98.75,-87.98,-101.54,M1->M2 x M3,301.25,593.64,256.2,165.0,384.7,692.4,467.5
400,0.90,16.0,51.19,-32.05,312.44,-88.98,292.61,98.75,292.61,98.75,-81.74,-88.98,M1->M2 x M3,301.25,593.64,256.2,165.0,384.7,692.4,482.2
400,0.90,17.0,66.24,-15.41,337.46,-76.29,292.91,98.75,292.91,98.75,-75.44,-76.29,M1->M2 x M3,301.25,593.64,256.2,165.0,384.7,692.4,497.0
400,0.90,18.0,81.28,1.34,362.37,-63.46,293.36,98.75,293.36,98.75,-69.08,-69.08,M3->FP x M2,301.25,593.64,256.2,165.0,384.7,692.4,512.0
400,0.90,19.0,96.30,17.43,387.17,-50.49,293.94,98.75,293.94,98.75,-62.64,-62.64,M3->FP x M2,301.25,593.64,256.2,165.0,384.7,692.4,527.1
400,0.90,20.0,111.28,33.52,411.86,-37.37,294.68,99.36,294.68,99.36,-56.12,-56.12,M3->FP x M2,301.25,593.64,256.2,165.0,384.7,692.4,542.5
450,0.30,2.0,-31.50,-51.33,0.02,-51.79,63.14,350.61,63.14,350.61,-31.49,-51.79,M1->M2 x M3,99.39,162.52,429.3,55.0,144.6,513.1,205.6
450,0.30,3.0,-26.21,-34.96,24.95,-51.74,63.14,350.61,63.14,350.61,-31.42,-51.74,M1->M2 x M3,99.39,162.52,429.3,55.0,144.6,513.1,237.6
450,0.30,4.0,7.92,3.24,65.87,-49.00,63.14,350.61,63.14,350.61,-26.92,-49.00,M1->M2 x M3,99.39,162.52,429.3,55.0,144.6,513.1,269.7
450,0.30,5.0,42.02,41.40,106.77,-37.37,63.14,350.65,63.14,350.65,-21.12,-37.37,M1->M2 x M3,99.39,162.52,429.3,55.0,144.6,513.1,301.9
450,0.30,6.0,76.10,79.55,147.63,-25.70,63.45,352.57,63.45,352.57,-15.30,-25.70,M1->M2 x M3,99.39,162.52,429.3,55.0,144.6,513.1,334.1
450,0.30,7.0,110.17,117.68,188.45,-13.99,64.29,357.42,64.29,357.42,-9.46,-13.99,M1->M2 x M3,99.39,162.52,429.3,55.0,144.6,513.1,366.5
450,0.30,8.0,144.19,155.77,229.22,-2.24,65.65,365.13,65.65,365.13,-3.60,-3.60,M3->FP x M2,99.39,162.52,429.3,55.0,144.6,513.1,399.1
450,0.30,9.0,178.18,193.81,269.91,8.96,67.50,375.55,67.50,375.55,2.21,2.21,M3->FP x M2,99.39,162.52,429.3,55.0,144.6,513.1,431.8
450,0.30,10.0,212.11,231.79,310.52,19.67,69.81,388.53,69.81,388.53,7.92,7.92,M3->FP x M2,99.39,162.52,429.3,55.0,144.6,513.1,464.7
450,0.30,11.0,245.98,269.70,351.04,29.92,72.55,403.86,72.55,403.86,13.67,13.67,M3->FP x M2,99.39,162.52,429.3,55.0,144.6,513.1,497.8
450,0.30,12.0,279.77,307.53,391.45,39.70,75.69,421.35,75.69,421.35,19.46,19.46,M3->FP x M2,99.39,162.52,429.3,55.0,144.6,513.1,531.1
450,0.30,13.0,313.47,345.27,431.74,48.96,79.18,440.81,79.18,440.81,25.28,25.28,M3->FP x M2,99.39,162.52,429.3,55.0,144.6,513.1,564.7
450,0.30,14.0,347.09,382.90,471.90,57.72,82.99,462.05,82.99,462.05,31.16,31.16,M3->FP x M2,99.39,162.52,429.3,55.0,144.6,513.1,598.5
450,0.30,15.0,380.59,420.41,511.92,65.95,87.10,484.92,87.09,484.92,37.09,37.09,M3->FP x M2,99.39,162.52,429.3,55.0,144.6,513.1,632.6
450,0.30,16.0,413.98,457.80,551.78,73.68,91.47,509.28,91.10,509.28,43.07,43.07,M3->FP x M2,99.39,162.52,429.3,55.0,144.6,513.1,667.1
450,0.30,17.0,447.24,495.04,591.47,80.91,96.10,534.99,94.84,534.99,49.11,49.11,M3->FP x M2,99.39,162.52,429.3,55.0,144.6,513.1,701.9
450,0.30,18.0,480.37,532.14,630.98,87.68,100.95,561.05,98.33,561.96,55.22,55.22,M3->FP x M2,99.39,162.52,429.3,55.0,144.6,513.1,737.1
450,0.30,19.0,513.35,569.07,670.30,93.99,106.01,585.19,101.59,590.10,61.39,61.39,M3->FP x M2,99.39,162.52,429.3,55.0,144.6,513.1,772.7
450,0.30,20.0,546.17,605.83,709.41,99.88,111.28,607.44,104.63,619.35,67.64,67.64,M3->FP x M2,99.39,162.52,429.3,55.0,144.6,513.1,808.8
450,0.35,2.0,-35.90,-62.33,0.53,-62.34,79.32,333.96,79.32,333.96,-36.60,-62.34,M1->M2 x M3,116.04,195.37,394.2,64.2,162.9,529.3,206.7
450,0.35,3.0,-36.22,-56.94,15.10,-62.37,79.32,333.96,79.32,333.96,-36.83,-62.37,M1->M2 x M3,116.04,195.37,394.2,64.2,162.9,529.3,234.9
450,0.35,4.0,-11.76,-22.77,52.57,-62.20,79.32,333.96,79.32,333.96,-36.68,-62.20,M1->M2 x M3,116.04,195.37,394.2,64.2,162.9,529.3,263.3
450,0.35,5.0,18.65,11.45,90.02,-53.59,79.32,333.96,79.32,333.96,-30.88,-53.59,M1->M2 x M3,116.04,195.37,394.2,64.2,162.9,529.3,291.7
450,0.35,6.0,49.02,45.60,127.44,-41.92,79.34,334.01,79.34,334.01,-25.05,-41.92,M1->M2 x M3,116.04,195.37,394.2,64.2,162.9,529.3,320.2
450,0.35,7.0,79.37,79.75,164.83,-30.20,79.68,335.74,79.68,335.74,-19.21,-30.20,M1->M2 x M3,116.04,195.37,394.2,64.2,162.9,529.3,348.8
450,0.35,8.0,109.71,113.87,202.16,-18.43,80.45,339.90,80.45,339.90,-13.35,-18.43,M1->M2 x M3,116.04,195.37,394.2,64.2,162.9,529.3,377.5
450,0.35,9.0,140.00,147.95,239.43,-6.61,81.64,346.43,81.64,346.43,-7.45,-7.45,M3->FP x M2,116.04,195.37,394.2,64.2,162.9,529.3,406.4
450,0.35,10.0,170.26,181.99,276.63,4.96,83.23,355.24,83.23,355.24,-1.52,-1.52,M3->FP x M2,116.04,195.37,394.2,64.2,162.9,529.3,435.5
450,0.35,11.0,200.46,215.97,313.75,15.92,85.23,366.21,85.23,366.21,4.28,4.28,M3->FP x M2,116.04,195.37,394.2,64.2,162.9,529.3,464.7
450,0.35,12.0,230.61,249.89,350.77,26.53,87.60,379.21,87.60,379.21,10.07,10.07,M3->FP x M2,116.04,195.37,394.2,64.2,162.9,529.3,494.1
450,0.35,13.0,260.68,283.73,387.68,36.75,90.32,394.09,90.32,394.09,15.90,15.90,M3->FP x M2,116.04,195.37,394.2,64.2,162.9,529.3,523.8
450,0.35,14.0,290.67,317.49,424.48,46.55,93.38,410.70,93.38,410.70,21.77,21.77,M3->FP x M2,116.04,195.37,394.2,64.2,162.9,529.3,553.7
450,0.35,15.0,320.58,351.15,461.15,55.93,96.76,428.90,96.76,428.90,27.70,27.70,M3->FP x M2,116.04,195.37,394.2,64.2,162.9,529.3,583.8
450,0.35,16.0,350.38,384.70,497.67,64.87,100.44,448.57,100.44,448.57,33.69,33.69,M3->FP x M2,116.04,195.37,394.2,64.2,162.9,529.3,614.3
450,0.35,17.0,380.08,418.13,534.04,73.38,104.39,469.59,104.39,469.59,39.73,39.73,M3->FP x M2,116.04,195.37,394.2,64.2,162.9,529.3,645.0
450,0.35,18.0,409.67,451.44,570.26,81.45,108.61,491.87,108.57,491.87,45.84,45.84,M3->FP x M2,116.04,195.37,394.2,64.2,162.9,529.3,676.1
450,0.35,19.0,439.13,484.61,606.29,89.09,113.07,515.31,112.60,515.31,52.02,52.02,M3->FP x M2,116.04,195.37,394.2,64.2,162.9,529.3,707.5
450,0.35,20.0,468.45,517.63,642.15,96.32,117.77,539.58,116.40,539.85,58.27,58.27,M3->FP x M2,116.04,195.37,394.2,64.2,162.9,529.3,739.4
450,0.40,2.0,-42.17,-72.73,0.08,-73.03,96.65,317.27,96.65,317.27,-42.11,-73.03,M1->M2 x M3,132.73,229.38,367.8,73.3,181.9,546.6,210.1
450,0.40,3.0,-42.12,-72.84,7.97,-72.87,96.65,317.27,96.65,317.27,-42.05,-72.87,M1->M2 x M3,132.73,229.38,367.8,73.3,181.9,546.6,235.6
450,0.40,4.0,-27.84,-45.55,42.94,-72.98,96.65,317.27,96.65,317.27,-42.00,-72.98,M1->M2 x M3,132.73,229.38,367.8,73.3,181.9,546.6,261.1
450,0.40,5.0,-0.19,-14.41,77.90,-69.85,96.65,317.27,96.65,317.27,-40.95,-69.85,M1->M2 x M3,132.73,229.38,367.8,73.3,181.9,546.6,286.7
450,0.40,6.0,27.39,16.74,112.83,-58.17,96.65,317.27,96.65,317.27,-35.12,-58.17,M1->M2 x M3,132.73,229.38,367.8,73.3,181.9,546.6,312.4
450,0.40,7.0,54.97,47.83,147.73,-46.44,96.70,317.32,96.70,317.32,-29.28,-46.44,M1->M2 x M3,132.73,229.38,367.8,73.3,181.9,546.6,338.1
450,0.40,8.0,82.53,78.91,182.58,-34.66,97.05,318.85,97.05,318.85,-23.41,-34.66,M1->M2 x M3,132.73,229.38,367.8,73.3,181.9,546.6,364.0
450,0.40,9.0,110.07,109.96,217.37,-22.83,97.76,322.47,97.76,322.47,-17.51,-22.83,M1->M2 x M3,132.73,229.38,367.8,73.3,181.9,546.6,390.0
450,0.40,10.0,137.57,140.98,252.11,-10.93,98.83,328.15,98.83,328.15,-11.58,-11.58,M3->FP x M2,132.73,229.38,367.8,73.3,181.9,546.6,416.2
450,0.40,11.0,165.03,171.96,286.76,0.97,100.24,335.83,100.24,335.83,-5.62,-5.62,M3->FP x M2,132.73,229.38,367.8,73.3,181.9,546.6,442.5
450,0.40,12.0,192.45,202.89,321.33,12.14,101.99,345.40,101.99,345.40,0.37,0.37,M3->FP x M2,132.73,229.38,367.8,73.3,181.9,546.6,469.0
450,0.40,13.0,219.80,233.75,355.79,23.02,104.08,356.78,104.08,356.78,6.21,6.21,M3->FP x M2,132.73,229.38,367.8,73.3,181.9,546.6,495.7
450,0.40,14.0,247.08,264.54,390.16,33.58,106.48,369.83,106.48,369.83,12.09,12.09,M3->FP x M2,132.73,229.38,367.8,73.3,181.9,546.6,522.7
450,0.40,15.0,274.29,295.25,424.40,43.81,109.20,384.46,109.20,384.46,18.02,18.02,M3->FP x M2,132.73,229.38,367.8,73.3,181.9,546.6,549.8
450,0.40,16.0,301.42,325.87,458.51,53.68,112.22,400.54,112.22,400.54,24.00,24.00,M3->FP x M2,132.73,229.38,367.8,73.3,181.9,546.6,577.3
450,0.40,17.0,328.45,356.39,492.48,63.18,115.52,417.97,115.52,417.97,30.05,30.05,M3->FP x M2,132.73,229.38,367.8,73.3,181.9,546.6,605.0
450,0.40,18.0,355.39,386.81,526.30,72.30,119.10,436.65,119.10,436.65,36.16,36.16,M3->FP x M2,132.73,229.38,367.8,73.3,181.9,546.6,633.0
450,0.40,19.0,382.21,417.10,559.97,81.05,122.95,456.50,122.95,456.50,42.34,42.34,M3->FP x M2,132.73,229.38,367.8,73.3,181.9,546.6,661.3
450,0.40,20.0,408.92,447.27,593.46,89.42,127.05,477.45,127.05,477.45,48.59,48.59,M3->FP x M2,132.73,229.38,367.8,73.3,181.9,546.6,689.9
450,0.45,2.0,-47.22,-84.42,0.66,-84.45,114.93,300.55,114.93,300.55,-47.09,-84.45,M1->M2 x M3,149.45,264.38,347.3,82.5,201.3,564.9,215.1
450,0.45,3.0,-46.29,-84.10,2.67,-84.44,114.93,300.55,114.93,300.55,-47.22,-84.44,M1->M2 x M3,149.45,264.38,347.3,82.5,201.3,564.9,238.4
450,0.45,4.0,-41.52,-66.25,35.77,-84.40,114.93,300.55,114.93,300.55,-47.37,-84.40,M1->M2 x M3,149.45,264.38,347.3,82.5,201.3,564.9,261.8
450,0.45,5.0,-16.07,-37.59,68.87,-84.34,114.93,300.55,114.93,300.55,-47.22,-84.34,M1->M2 x M3,149.45,264.38,347.3,82.5,201.3,564.9,285.2
450,0.45,6.0,9.41,-8.84,101.95,-74.39,114.93,300.55,114.93,300.55,-45.46,-74.39,M1->M2 x M3,149.45,264.38,347.3,82.5,201.3,564.9,308.6
450,0.45,7.0,34.83,19.86,135.00,-62.66,114.93,300.55,114.93,300.55,-39.61,-62.66,M1->M2 x M3,149.45,264.38,347.3,82.5,201.3,564.9,332.2
450,0.45,8.0,60.24,48.52,168.00,-50.87,115.01,300.59,115.01,300.59,-33.74,-50.87,M1->M2 x M3,149.45,264.38,347.3,82.5,201.3,564.9,355.9
450,0.45,9.0,85.63,77.16,200.96,-39.03,115.38,301.91,115.38,301.91,-27.84,-39.03,M1->M2 x M3,149.45,264.38,347.3,82.5,201.3,564.9,379.7
450,0.45,10.0,111.00,105.77,233.85,-27.12,116.05,305.09,116.05,305.09,-21.91,-27.12,M1->M2 x M3,149.45,264.38,347.3,82.5,201.3,564.9,403.6
450,0.45,11.0,136.33,134.36,266.67,-15.14,117.02,310.13,117.02,310.13,-15.94,-15.94,M3->FP x M2,149.45,264.38,347.3,82.5,201.3,564.9,427.7
450,0.45,12.0,161.62,162.90,299.41,-3.08,118.29,316.96,118.29,316.96,-9.93,-9.93,M3->FP x M2,149.45,264.38,347.3,82.5,201.3,564.9,451.9
450,0.45,13.0,186.86,191.39,332.06,8.43,119.86,325.52,119.86,325.52,-3.88,-3.88,M3->FP x M2,149.45,264.38,347.3,82.5,201.3,564.9,476.3
450,0.45,14.0,212.04,219.83,364.61,19.54,121.73,335.72,121.73,335.72,2.14,2.14,M3->FP x M2,149.45,264.38,347.3,82.5,201.3,564.9,500.9
450,0.45,15.0,237.16,248.19,397.05,30.38,123.89,347.46,123.89,347.46,8.08,8.08,M3->FP x M2,149.45,264.38,347.3,82.5,201.3,564.9,525.8
450,0.45,16.0,262.21,276.49,429.36,40.95,126.33,360.66,126.33,360.66,14.06,14.06,M3->FP x M2,149.45,264.38,347.3,82.5,201.3,564.9,550.9
450,0.45,17.0,287.18,304.69,461.55,51.21,129.05,375.20,129.05,375.20,20.11,20.11,M3->FP x M2,149.45,264.38,347.3,82.5,201.3,564.9,576.2
450,0.45,18.0,312.05,332.81,493.59,61.17,132.05,391.01,132.05,391.01,26.22,26.22,M3->FP x M2,149.45,264.38,347.3,82.5,201.3,564.9,601.8
450,0.45,19.0,336.84,360.82,525.49,70.80,135.31,408.01,135.31,408.01,32.41,32.41,M3->FP x M2,149.45,264.38,347.3,82.5,201.3,564.9,627.7
450,0.45,20.0,361.52,388.73,557.22,80.11,138.84,426.10,138.84,426.10,38.66,38.66,M3->FP x M2,149.45,264.38,347.3,82.5,201.3,564.9,653.9
450,0.50,2.0,-52.44,-95.71,0.04,-95.75,133.99,283.81,133.99,283.81,-52.31,-95.75,M1->M2 x M3,166.19,300.19,330.9,91.7,221.3,584.0,221.3
450,0.50,3.0,-51.75,-95.82,0.37,-95.57,133.99,283.81,133.99,283.81,-52.44,-95.82,in->M1 x M3,166.19,300.19,330.9,91.7,221.3,584.0,242.9
450,0.50,4.0,-51.89,-85.53,30.34,-95.60,133.99,283.81,133.99,283.81,-52.66,-95.60,M1->M2 x M3,166.19,300.19,330.9,91.7,221.3,584.0,264.5
450,0.50,5.0,-29.83,-58.91,62.03,-95.82,133.99,283.81,133.99,283.81,-52.65,-95.82,M1->M2 x M3,166.19,300.19,330.9,91.7,221.3,584.0,286.1
450,0.50,6.0,-6.06,-32.21,93.70,-90.54,133.99,283.81,133.99,283.81,-52.39,-90.54,M1->M2 x M3,166.19,300.19,330.9,91.7,221.3,584.0,307.8
450,0.50,7.0,17.67,-5.42,125.34,-78.80,133.99,283.81,133.99,283.81,-50.16,-78.80,M1->M2 x M3,166.19,300.19,330.9,91.7,221.3,584.0,329.6
450,0.50,8.0,41.36,21.28,156.95,-67.00,133.99,283.81,133.99,283.81,-44.28,-67.00,M1->M2 x M3,166.19,300.19,330.9,91.7,221.3,584.0,351.5
450,0.50,9.0,65.04,47.94,188.50,-55.15,134.11,283.82,134.11,283.82,-38.38,-55.15,M1->M2 x M3,166.19,300.19,330.9,91.7,221.3,584.0,373.6
450,0.50,10.0,88.70,74.58,220.00,-43.23,134.48,284.92,134.48,284.92,-32.45,-43.23,M1->M2 x M3,166.19,300.19,330.9,91.7,221.3,584.0,395.7
450,0.50,11.0,112.33,101.20,251.44,-31.24,135.12,287.74,135.12,287.74,-26.48,-31.24,M1->M2 x M3,166.19,300.19,330.9,91.7,221.3,584.0,418.0
450,0.50,12.0,135.92,127.79,282.79,-19.17,136.02,292.26,136.02,292.26,-20.46,-20.46,M3->FP x M2,166.19,300.19,330.9,91.7,221.3,584.0,440.4
450,0.50,13.0,159.48,154.34,314.06,-7.01,137.19,298.44,137.19,298.44,-14.41,-14.41,M3->FP x M2,166.19,300.19,330.9,91.7,221.3,584.0,463.0
450,0.50,14.0,182.99,180.84,345.23,4.88,138.62,306.24,138.62,306.24,-8.31,-8.31,M3->FP x M2,166.19,300.19,330.9,91.7,221.3,584.0,485.7
450,0.50,15.0,206.44,207.29,376.30,16.18,140.32,315.56,140.32,315.56,-2.15,-2.15,M3->FP x M2,166.19,300.19,330.9,91.7,221.3,584.0,508.7
450,0.50,16.0,229.83,233.67,407.26,27.27,142.28,326.34,142.28,326.34,3.92,3.92,M3->FP x M2,166.19,300.19,330.9,91.7,221.3,584.0,531.9
450,0.50,17.0,253.14,259.99,438.09,38.12,144.51,338.48,144.51,338.48,9.97,9.97,M3->FP x M2,166.19,300.19,330.9,91.7,221.3,584.0,555.4
450,0.50,18.0,276.39,286.22,468.78,48.72,146.99,351.90,146.99,351.90,16.09,16.09,M3->FP x M2,166.19,300.19,330.9,91.7,221.3,584.0,579.0
450,0.50,19.0,299.54,312.37,499.34,59.06,149.73,366.53,149.73,366.53,22.27,22.27,M3->FP x M2,166.19,300.19,330.9,91.7,221.3,584.0,603.0
450,0.50,20.0,322.61,338.42,529.74,69.12,152.73,382.27,152.73,382.27,28.53,28.53,M3->FP x M2,166.19,300.19,330.9,91.7,221.3,584.0,627.3
450,0.55,2.0,-57.69,-107.50,0.13,-107.25,153.65,267.03,153.65,267.03,-57.95,-107.50,in->M1 x M3,182.97,336.62,317.5,100.8,241.6,603.7,228.4
450,0.55,3.0,-56.95,-107.43,0.13,-107.19,153.65,267.03,153.65,267.03,-57.69,-107.43,in->M1 x M3,182.97,336.62,317.5,100.8,241.6,603.7,248.5
450,0.55,4.0,-57.63,-103.78,26.17,-107.16,153.65,267.03,153.65,267.03,-57.67,-107.16,M1->M2 x M3,182.97,336.62,317.5,100.8,241.6,603.7,268.7
450,0.55,5.0,-42.04,-78.89,56.77,-107.31,153.65,267.03,153.65,267.03,-57.95,-107.31,M1->M2 x M3,182.97,336.62,317.5,100.8,241.6,603.7,288.9
450,0.55,6.0,-19.71,-53.92,87.37,-106.55,153.65,267.03,153.65,267.03,-57.77,-106.55,M1->M2 x M3,182.97,336.62,317.5,100.8,241.6,603.7,309.2
450,0.55,7.0,2.68,-28.87,117.93,-94.79,153.65,267.03,153.65,267.03,-57.86,-94.79,M1->M2 x M3,182.97,336.62,317.5,100.8,241.6,603.7,329.5
450,0.55,8.0,24.96,-3.71,148.46,-82.99,153.65,267.03,153.65,267.03,-54.99,-82.99,M1->M2 x M3,182.97,336.62,317.5,100.8,241.6,603.7,350.0
450,0.55,9.0,47.24,21.31,178.94,-71.12,153.65,267.03,153.65,267.03,-49.09,-71.12,M1->M2 x M3,182.97,336.62,317.5,100.8,241.6,603.7,370.5
450,0.55,10.0,69.51,46.29,209.37,-59.20,153.80,267.03,153.80,267.03,-43.15,-59.20,M1->M2 x M3,182.97,336.62,317.5,100.8,241.6,603.7,391.2
450,0.55,11.0,91.75,71.26,239.73,-47.20,154.19,267.90,154.19,267.90,-37.18,-47.20,M1->M2 x M3,182.97,336.62,317.5,100.8,241.6,603.7,412.0
450,0.55,12.0,113.96,96.21,270.03,-35.12,154.80,270.40,154.80,270.40,-31.16,-35.12,M1->M2 x M3,182.97,336.62,317.5,100.8,241.6,603.7,432.9
450,0.55,13.0,136.14,121.13,300.24,-22.95,155.65,274.50,155.65,274.50,-25.10,-25.10,M3->FP x M2,182.97,336.62,317.5,100.8,241.6,603.7,454.0
450,0.55,14.0,158.28,146.01,330.35,-10.68,156.74,280.18,156.74,280.18,-19.00,-19.00,M3->FP x M2,182.97,336.62,317.5,100.8,241.6,603.7,475.3
450,0.55,15.0,180.37,170.84,360.37,1.58,158.06,287.38,158.06,287.38,-12.84,-12.84,M3->FP x M2,182.97,336.62,317.5,100.8,241.6,603.7,496.8
450,0.55,16.0,202.41,195.63,390.28,13.05,159.63,296.04,159.63,296.04,-6.62,-6.62,M3->FP x M2,182.97,336.62,317.5,100.8,241.6,603.7,518.4
450,0.55,17.0,224.38,220.35,420.07,24.35,161.44,306.10,161.44,306.10,-0.34,-0.34,M3->FP x M2,182.97,336.62,317.5,100.8,241.6,603.7,540.3
450,0.55,18.0,246.29,245.01,449.73,35.45,163.49,317.46,163.49,317.46,5.79,5.79,M3->FP x M2,182.97,336.62,317.5,100.8,241.6,603.7,562.4
450,0.55,19.0,268.12,269.59,479.25,46.34,165.78,330.05,165.78,330.05,11.98,11.98,M3->FP x M2,182.97,336.62,317.5,100.8,241.6,603.7,584.8
450,0.55,20.0,289.87,294.09,508.63,57.01,168.32,343.80,168.32,343.80,18.24,18.24,M3->FP x M2,182.97,336.62,317.5,100.8,241.6,603.7,607.5
450,0.60,2.0,-62.60,-119.16,0.03,-119.26,173.72,250.22,173.72,250.22,-62.87,-119.26,M1->M2 x M3,199.78,373.50,306.3,110.0,262.1,623.7,236.1
450,0.60,3.0,-63.09,-119.28,0.36,-119.18,173.72,250.22,173.72,250.22,-62.86,-119.28,in->M1 x M3,199.78,373.50,306.3,110.0,262.1,623.7,255.0
450,0.60,4.0,-63.24,-119.12,22.94,-119.08,173.72,250.22,173.72,250.22,-63.17,-119.12,in->M1 x M3,199.78,373.50,306.3,110.0,262.1,623.7,274.0
450,0.60,5.0,-53.10,-97.86,52.71,-118.95,173.72,250.22,173.72,250.22,-63.21,-118.95,M1->M2 x M3,199.78,373.50,306.3,110.0,262.1,623.7,293.0
450,0.60,6.0,-31.97,-74.38,82.46,-118.91,173.72,250.22,173.72,250.22,-63.08,-118.91,M1->M2 x M3,199.78,373.50,306.3,110.0,262.1,623.7,312.1
450,0.60,7.0,-10.76,-50.83,112.19,-110.59,173.72,250.22,173.72,250.22,-62.92,-110.59,M1->M2 x M3,199.78,373.50,306.3,110.0,262.1,623.7,331.3
450,0.60,8.0,10.43,-27.17,141.89,-98.78,173.72,250.22,173.72,250.22,-63.09,-98.78,M1->M2 x M3,199.78,373.50,306.3,110.0,262.1,623.7,350.5
450,0.60,9.0,31.55,-3.40,171.54,-86.90,173.72,250.22,173.72,250.22,-59.91,-86.90,M1->M2 x M3,199.78,373.50,306.3,110.0,262.1,623.7,369.9
450,0.60,10.0,52.65,20.20,201.14,-74.97,173.74,250.22,173.74,250.22,-53.97,-74.97,M1->M2 x M3,199.78,373.50,306.3,110.0,262.1,623.7,389.3
450,0.60,11.0,73.74,43.75,230.68,-62.96,173.92,250.22,173.92,250.22,-47.99,-62.96,M1->M2 x M3,199.78,373.50,306.3,110.0,262.1,623.7,408.9
450,0.60,12.0,94.81,67.29,260.15,-50.86,174.30,250.87,174.30,250.87,-41.98,-50.86,M1->M2 x M3,199.78,373.50,306.3,110.0,262.1,623.7,428.6
450,0.60,13.0,115.84,90.80,289.54,-38.68,174.90,253.07,174.90,253.07,-35.91,-38.68,M1->M2 x M3,199.78,373.50,306.3,110.0,262.1,623.7,448.4
450,0.60,14.0,136.84,114.29,318.84,-26.41,175.71,256.82,175.71,256.82,-29.80,-29.80,M3->FP x M2,199.78,373.50,306.3,110.0,262.1,623.7,468.4
450,0.60,15.0,157.80,137.75,348.04,-14.02,176.74,262.09,176.74,262.09,-23.64,-23.64,M3->FP x M2,199.78,373.50,306.3,110.0,262.1,623.7,488.6
450,0.60,16.0,178.72,161.16,377.14,-1.52,177.98,268.84,177.98,268.84,-17.42,-17.42,M3->FP x M2,199.78,373.50,306.3,110.0,262.1,623.7,509.0
450,0.60,17.0,199.57,184.53,406.12,10.22,179.44,277.00,179.44,277.00,-11.14,-11.14,M3->FP x M2,199.78,373.50,306.3,110.0,262.1,623.7,529.6
450,0.60,18.0,220.37,207.83,434.98,21.71,181.13,286.52,181.13,286.52,-4.79,-4.79,M3->FP x M2,199.78,373.50,306.3,110.0,262.1,623.7,550.4
450,0.60,19.0,241.10,231.08,463.71,33.04,183.04,297.30,183.04,297.30,1.57,1.57,M3->FP x M2,199.78,373.50,306.3,110.0,262.1,623.7,571.5
450,0.60,20.0,261.76,254.25,492.29,44.20,185.18,309.29,185.18,309.29,7.83,7.83,M3->FP x M2,199.78,373.50,306.3,110.0,262.1,623.7,592.8
450,0.65,2.0,-68.29,-130.89,0.31,-131.07,194.03,233.38,194.03,233.38,-68.45,-131.07,M1->M2 x M3,216.62,410.65,296.9,119.2,282.8,644.0,244.2
450,0.65,3.0,-68.24,-130.92,0.04,-130.89,194.03,233.38,194.03,233.38,-68.18,-130.92,in->M1 x M3,216.62,410.65,296.9,119.2,282.8,644.0,262.2
450,0.65,4.0,-68.14,-131.10,20.43,-131.02,194.03,233.38,194.03,233.38,-68.32,-131.10,in->M1 x M3,216.62,410.65,296.9,119.2,282.8,644.0,280.1
450,0.65,5.0,-63.26,-116.02,49.55,-131.13,194.03,233.38,194.03,233.38,-68.28,-131.13,M1->M2 x M3,216.62,410.65,296.9,119.2,282.8,644.0,298.2
450,0.65,6.0,-43.15,-93.86,78.65,-130.84,194.03,233.38,194.03,233.38,-68.33,-130.84,M1->M2 x M3,216.62,410.65,296.9,119.2,282.8,644.0,316.2
450,0.65,7.0,-22.96,-71.61,107.73,-126.14,194.03,233.38,194.03,233.38,-68.23,-126.14,M1->M2 x M3,216.62,410.65,296.9,119.2,282.8,644.0,334.4
450,0.65,8.0,-2.70,-49.27,136.78,-114.31,194.03,233.38,194.03,233.38,-68.42,-114.31,M1->M2 x M3,216.62,410.65,296.9,119.2,282.8,644.0,352.6
450,0.65,9.0,17.46,-26.83,165.79,-102.43,194.03,233.38,194.03,233.38,-68.10,-102.43,M1->M2 x M3,216.62,410.65,296.9,119.2,282.8,644.0,370.9
450,0.65,10.0,37.59,-4.26,194.74,-90.48,194.03,233.38,194.03,233.38,-64.85,-90.48,M1->M2 x M3,216.62,410.65,296.9,119.2,282.8,644.0,389.3
450,0.65,11.0,57.70,18.12,223.64,-78.46,194.06,233.38,194.06,233.38,-58.87,-78.46,M1->M2 x M3,216.62,410.65,296.9,119.2,282.8,644.0,407.9
450,0.65,12.0,77.80,40.43,252.47,-66.35,194.27,233.38,194.27,233.38,-52.85,-66.35,M1->M2 x M3,216.62,410.65,296.9,119.2,282.8,644.0,426.5
450,0.65,13.0,97.87,62.72,281.22,-54.16,194.66,233.83,194.66,233.83,-46.79,-54.16,M1->M2 x M3,216.62,410.65,296.9,119.2,282.8,644.0,445.3
450,0.65,14.0,117.92,85.00,309.89,-41.87,195.24,235.75,195.24,235.75,-40.68,-41.87,M1->M2 x M3,216.62,410.65,296.9,119.2,282.8,644.0,464.3
450,0.65,15.0,137.92,107.25,338.46,-29.48,196.02,239.20,196.02,239.20,-34.51,-34.51,M3->FP x M2,216.62,410.65,296.9,119.2,282.8,644.0,483.4
450,0.65,16.0,157.89,129.47,366.93,-16.97,197.00,244.14,197.00,244.14,-28.29,-28.29,M3->FP x M2,216.62,410.65,296.9,119.2,282.8,644.0,502.7
450,0.65,17.0,177.81,151.65,395.28,-4.34,198.18,250.54,198.18,250.54,-22.00,-22.00,M3->FP x M2,216.62,410.65,296.9,119.2,282.8,644.0,522.2
450,0.65,18.0,197.67,173.78,423.52,7.76,199.56,258.33,199.56,258.33,-15.65,-15.65,M3->FP x M2,216.62,410.65,296.9,119.2,282.8,644.0,541.9
450,0.65,19.0,217.47,195.86,451.63,19.44,201.16,267.46,201.16,267.46,-9.23,-9.23,M3->FP x M2,216.62,410.65,296.9,119.2,282.8,644.0,561.9
450,0.65,20.0,237.21,217.88,479.60,30.98,202.96,277.83,202.96,277.83,-2.73,-2.73,M3->FP x M2,216.62,410.65,296.9,119.2,282.8,644.0,582.1
450,0.70,2.0,-73.57,-142.66,0.15,-142.84,214.38,216.51,214.38,216.51,-73.46,-142.84,M1->M2 x M3,233.49,447.87,288.8,128.3,303.5,664.4,252.7
450,0.70,3.0,-73.23,-142.88,0.13,-142.74,214.38,216.51,214.38,216.51,-73.40,-142.88,in->M1 x M3,233.49,447.87,288.8,128.3,303.5,664.4,269.8
450,0.70,4.0,-73.58,-143.03,18.47,-142.66,214.38,216.51,214.38,216.51,-73.54,-143.03,in->M1 x M3,233.49,447.87,288.8,128.3,303.5,664.4,286.9
450,0.70,5.0,-72.73,-133.52,47.09,-142.65,214.38,216.51,214.38,216.51,-73.67,-142.65,M1->M2 x M3,233.49,447.87,288.8,128.3,303.5,664.4,304.1
450,0.70,6.0,-53.49,-112.51,75.69,-142.66,214.38,216.51,214.38,216.51,-73.78,-142.66,M1->M2 x M3,233.49,447.87,288.8,128.3,303.5,664.4,321.3
450,0.70,7.0,-34.18,-91.43,104.26,-141.37,214.38,216.51,214.38,216.51,-73.72,-141.37,M1->M2 x M3,233.49,447.87,288.8,128.3,303.5,664.4,338.6
450,0.70,8.0,-14.78,-70.27,132.81,-129.53,214.38,216.51,214.38,216.51,-73.65,-129.53,M1->M2 x M3,233.49,447.87,288.8,128.3,303.5,664.4,355.9
450,0.70,9.0,4.65,-49.00,161.31,-117.63,214.38,216.51,214.38,216.51,-73.62,-117.63,M1->M2 x M3,233.49,447.87,288.8,128.3,303.5,664.4,373.3
450,0.70,10.0,23.94,-27.61,189.77,-105.68,214.38,216.51,214.38,216.51,-73.63,-105.68,M1->M2 x M3,233.49,447.87,288.8,128.3,303.5,664.4,390.9
450,0.70,11.0,43.22,-6.10,218.16,-93.64,214.38,216.51,214.38,216.51,-69.77,-93.64,M1->M2 x M3,233.49,447.87,288.8,128.3,303.5,664.4,408.5
450,0.70,12.0,62.49,15.23,246.49,-81.53,214.44,216.51,214.44,216.51,-63.74,-81.53,M1->M2 x M3,233.49,447.87,288.8,128.3,303.5,664.4,426.3
450,0.70,13.0,81.74,36.45,274.75,-69.33,214.67,216.51,214.67,216.51,-57.68,-69.33,M1->M2 x M3,233.49,447.87,288.8,128.3,303.5,664.4,444.2
450,0.70,14.0,100.96,57.65,302.92,-57.03,215.07,216.78,215.07,216.78,-51.56,-57.03,M1->M2 x M3,233.49,447.87,288.8,128.3,303.5,664.4,462.2
450,0.70,15.0,120.16,78.84,331.00,-44.62,215.65,218.45,215.65,218.45,-45.39,-45.39,M3->FP x M2,233.49,447.87,288.8,128.3,303.5,664.4,480.4
450,0.70,16.0,139.31,100.00,358.98,-32.10,216.41,221.63,216.41,221.63,-39.17,-39.17,M3->FP x M2,233.49,447.87,288.8,128.3,303.5,664.4,498.8
450,0.70,17.0,158.43,121.13,386.85,-19.46,217.35,226.32,217.35,226.32,-32.88,-32.88,M3->FP x M2,233.49,447.87,288.8,128.3,303.5,664.4,517.4
450,0.70,18.0,177.50,142.22,414.60,-6.68,218.48,232.45,218.48,232.45,-26.52,-26.52,M3->FP x M2,233.49,447.87,288.8,128.3,303.5,664.4,536.2
450,0.70,19.0,196.51,163.28,442.23,5.75,219.80,239.99,219.80,239.99,-20.10,-20.10,M3->FP x M2,233.49,447.87,288.8,128.3,303.5,664.4,555.1
450,0.70,20.0,215.46,184.28,469.72,17.60,221.32,248.84,221.32,248.84,-13.59,-13.59,M3->FP x M2,233.49,447.87,288.8,128.3,303.5,664.4,574.4
450,0.75,2.0,-79.06,-154.87,0.17,-154.67,234.61,199.61,234.61,199.61,-78.49,-154.87,in->M1 x M3,250.39,485.00,281.7,137.5,324.2,684.6,271.2
450,0.75,3.0,-79.03,-154.75,0.04,-154.86,234.61,199.61,234.61,199.61,-78.83,-154.86,M1->M2 x M3,250.39,485.00,281.7,137.5,324.2,684.6,277.8
450,0.75,4.0,-78.97,-154.81,16.95,-154.82,234.61,199.61,234.61,199.61,-78.67,-154.82,M1->M2 x M3,250.39,485.00,281.7,137.5,324.2,684.6,294.1
450,0.75,5.0,-78.87,-150.42,45.17,-154.54,234.61,199.61,234.61,199.61,-78.77,-154.54,M1->M2 x M3,250.39,485.00,281.7,137.5,324.2,684.6,310.6
450,0.75,6.0,-63.15,-130.46,73.38,-154.91,234.61,199.61,234.61,199.61,-78.98,-154.91,M1->M2 x M3,250.39,485.00,281.7,137.5,324.2,684.6,327.0
450,0.75,7.0,-44.59,-110.44,101.56,-154.53,234.61,199.61,234.61,199.61,-78.33,-154.53,M1->M2 x M3,250.39,485.00,281.7,137.5,324.2,684.6,343.5
450,0.75,8.0,-25.96,-90.32,129.72,-144.37,234.61,199.61,234.61,199.61,-78.93,-144.37,M1->M2 x M3,250.39,485.00,281.7,137.5,324.2,684.6,360.1
450,0.75,9.0,-7.24,-70.11,157.83,-132.47,234.61,199.61,234.61,199.61,-78.64,-132.47,M1->M2 x M3,250.39,485.00,281.7,137.5,324.2,684.6,376.8
450,0.75,10.0,11.41,-49.80,185.89,-120.50,234.61,199.61,234.61,199.61,-78.93,-120.50,M1->M2 x M3,250.39,485.00,281.7,137.5,324.2,684.6,393.6
450,0.75,11.0,29.97,-29.35,213.90,-108.46,234.61,199.61,234.61,199.61,-78.82,-108.46,M1->M2 x M3,250.39,485.00,281.7,137.5,324.2,684.6,410.5
450,0.75,12.0,48.53,-8.77,241.85,-96.33,234.61,199.61,234.61,199.61,-74.60,-96.33,M1->M2 x M3,250.39,485.00,281.7,137.5,324.2,684.6,427.4
450,0.75,13.0,67.07,11.66,269.72,-84.12,234.70,199.61,234.70,199.61,-68.53,-84.12,M1->M2 x M3,250.39,485.00,281.7,137.5,324.2,684.6,444.6
450,0.75,14.0,85.58,31.90,297.50,-71.81,234.95,199.61,234.95,199.61,-62.41,-71.81,M1->M2 x M3,250.39,485.00,281.7,137.5,324.2,684.6,461.8
450,0.75,15.0,104.08,52.13,325.20,-59.39,235.36,199.75,235.36,199.75,-56.24,-59.39,M1->M2 x M3,250.39,485.00,281.7,137.5,324.2,684.6,479.2
450,0.75,16.0,122.54,72.35,352.80,-46.86,235.93,201.17,235.93,201.17,-50.01,-50.01,M3->FP x M2,250.39,485.00,281.7,137.5,324.2,684.6,496.8
450,0.75,17.0,140.96,92.54,380.29,-34.20,236.67,204.12,236.67,204.12,-43.72,-43.72,M3->FP x M2,250.39,485.00,281.7,137.5,324.2,684.6,514.6
450,0.75,18.0,159.34,112.71,407.67,-21.41,237.59,208.60,237.59,208.60,-37.36,-37.36,M3->FP x M2,250.39,485.00,281.7,137.5,324.2,684.6,532.5
450,0.75,19.0,177.67,132.84,434.92,-8.47,238.68,214.56,238.68,214.56,-30.93,-30.93,M3->FP x M2,250.39,485.00,281.7,137.5,324.2,684.6,550.7
450,0.75,20.0,195.95,152.93,462.03,4.24,239.96,221.93,239.96,221.93,-24.43,-24.43,M3->FP x M2,250.39,485.00,281.7,137.5,324.2,684.6,569.1
450,0.80,2.0,-83.71,-166.65,0.10,-166.52,254.52,182.68,254.52,182.68,-84.21,-166.65,in->M1 x M3,267.32,521.84,275.6,146.7,344.7,704.5,291.7
450,0.80,3.0,-84.32,-166.51,0.06,-166.28,254.52,182.68,254.52,182.68,-84.06,-166.51,in->M1 x M3,267.32,521.84,275.6,146.7,344.7,704.5,291.7
450,0.80,4.0,-84.20,-166.52,15.77,-166.29,254.52,182.68,254.52,182.68,-83.68,-166.52,in->M1 x M3,267.32,521.84,275.6,146.7,344.7,704.5,301.7
450,0.80,5.0,-83.92,-166.61,43.69,-166.30,254.52,182.68,254.52,182.68,-84.23,-166.61,in->M1 x M3,267.32,521.84,275.6,146.7,344.7,704.5,317.4
450,0.80,6.0,-72.26,-147.78,71.59,-166.28,254.52,182.68,254.52,182.68,-83.91,-166.28,M1->M2 x M3,267.32,521.84,275.6,146.7,344.7,704.5,333.2
450,0.80,7.0,-54.37,-128.71,99.46,-166.43,254.52,182.68,254.52,182.68,-83.56,-166.43,M1->M2 x M3,267.32,521.84,275.6,146.7,344.7,704.5,349.1
450,0.80,8.0,-36.40,-109.56,127.31,-158.78,254.52,182.68,254.52,182.68,-84.16,-158.78,M1->M2 x M3,267.32,521.84,275.6,146.7,344.7,704.5,365.0
450,0.80,9.0,-18.35,-90.31,155.12,-146.87,254.52,182.68,254.52,182.68,-83.90,-146.87,M1->M2 x M3,267.32,521.84,275.6,146.7,344.7,704.5,381.0
450,0.80,10.0,-0.20,-70.96,182.89,-134.89,254.52,182.68,254.52,182.68,-83.68,-134.89,M1->M2 x M3,267.32,521.84,275.6,146.7,344.7,704.5,397.1
450,0.80,11.0,17.74,-51.50,210.59,-122.83,254.52,182.68,254.52,182.68,-84.33,-122.83,M1->M2 x M3,267.32,521.84,275.6,146.7,344.7,704.5,413.3
450,0.80,12.0,35.67,-31.90,238.24,-110.70,254.52,182.68,254.52,182.68,-84.21,-110.70,M1->M2 x M3,267.32,521.84,275.6,146.7,344.7,704.5,429.7
450,0.80,13.0,53.59,-12.16,265.81,-98.48,254.53,182.68,254.53,182.68,-79.29,-98.48,M1->M2 x M3,267.32,521.84,275.6,146.7,344.7,704.5,446.1
450,0.80,14.0,71.49,7.52,293.29,-86.15,254.65,182.68,254.65,182.68,-73.17,-86.15,M1->M2 x M3,267.32,521.84,275.6,146.7,344.7,704.5,462.7
450,0.80,15.0,89.37,26.89,320.69,-73.73,254.91,182.68,254.91,182.68,-67.00,-73.73,M1->M2 x M3,267.32,521.84,275.6,146.7,344.7,704.5,479.4
450,0.80,16.0,107.23,46.24,348.00,-61.18,255.33,182.73,255.33,182.73,-60.77,-61.18,M1->M2 x M3,267.32,521.84,275.6,146.7,344.7,704.5,496.3
450,0.80,17.0,125.05,65.59,375.19,-48.52,255.91,183.91,255.91,183.91,-54.47,-54.47,M3->FP x M2,267.32,521.84,275.6,146.7,344.7,704.5,513.3
450,0.80,18.0,142.83,84.92,402.27,-35.71,256.64,186.67,256.64,186.67,-48.11,-48.11,M3->FP x M2,267.32,521.84,275.6,146.7,344.7,704.5,530.6
450,0.80,19.0,160.57,104.21,429.23,-22.76,257.54,191.00,257.54,191.00,-41.68,-41.68,M3->FP x M2,267.32,521.84,275.6,146.7,344.7,704.5,548.0
450,0.80,20.0,178.26,123.48,456.06,-9.66,258.61,196.85,258.61,196.85,-35.17,-35.17,M3->FP x M2,267.32,521.84,275.6,146.7,344.7,704.5,565.6
450,0.85,2.0,-89.50,-178.15,0.14,-178.27,273.93,165.73,273.93,165.73,-89.42,-178.27,M1->M2 x M3,284.27,558.20,270.2,155.8,365.0,723.9,311.9
450,0.85,3.0,-88.69,-178.22,0.05,-177.90,273.93,165.73,273.93,165.73,-88.86,-178.22,in->M1 x M3,284.27,558.20,270.2,155.8,365.0,723.9,311.9
450,0.85,4.0,-89.34,-177.93,14.85,-178.29,273.93,165.73,273.93,165.73,-89.20,-178.29,M1->M2 x M3,284.27,558.20,270.2,155.8,365.0,723.9,311.9
450,0.85,5.0,-89.00,-178.07,42.53,-177.98,273.93,165.73,273.93,165.73,-89.11,-178.07,in->M1 x M3,284.27,558.20,270.2,155.8,365.0,723.9,324.6
450,0.85,6.0,-80.92,-164.49,70.19,-178.18,273.93,165.73,273.93,165.73,-89.40,-178.18,M1->M2 x M3,284.27,558.20,270.2,155.8,365.0,723.9,339.8
450,0.85,7.0,-63.62,-146.30,97.83,-178.17,273.93,165.73,273.93,165.73,-89.42,-178.17,M1->M2 x M3,284.27,558.20,270.2,155.8,365.0,723.9,355.1
450,0.85,8.0,-46.24,-128.03,125.45,-172.70,273.93,165.73,273.93,165.73,-89.46,-172.70,M1->M2 x M3,284.27,558.20,270.2,155.8,365.0,723.9,370.4
450,0.85,9.0,-28.77,-109.67,153.02,-160.77,273.93,165.73,273.93,165.73,-89.37,-160.77,M1->M2 x M3,284.27,558.20,270.2,155.8,365.0,723.9,385.9
450,0.85,10.0,-11.22,-91.22,180.55,-148.78,273.93,165.73,273.93,165.73,-89.00,-148.78,M1->M2 x M3,284.27,558.20,270.2,155.8,365.0,723.9,401.4
450,0.85,11.0,6.33,-72.65,208.02,-136.72,273.93,165.73,273.93,165.73,-89.49,-136.72,M1->M2 x M3,284.27,558.20,270.2,155.8,365.0,723.9,417.0
450,0.85,12.0,23.71,-53.95,235.43,-124.57,273.93,165.73,273.93,165.73,-88.83,-124.57,M1->M2 x M3,284.27,558.20,270.2,155.8,365.0,723.9,432.7
450,0.85,13.0,41.09,-35.12,262.76,-112.34,273.93,165.73,273.93,165.73,-89.29,-112.34,M1->M2 x M3,284.27,558.20,270.2,155.8,365.0,723.9,448.5
450,0.85,14.0,58.45,-16.14,290.02,-100.01,273.95,165.73,273.95,165.73,-83.80,-100.01,M1->M2 x M3,284.27,558.20,270.2,155.8,365.0,723.9,464.5
450,0.85,15.0,75.80,2.91,317.19,-87.57,274.10,165.73,274.10,165.73,-77.62,-87.57,M1->M2 x M3,284.27,558.20,270.2,155.8,365.0,723.9,480.6
450,0.85,16.0,93.12,21.48,344.26,-75.02,274.39,165.73,274.39,165.73,-71.39,-75.02,M1->M2 x M3,284.27,558.20,270.2,155.8,365.0,723.9,496.9
450,0.85,17.0,110.41,40.05,371.23,-62.34,274.82,165.73,274.82,165.73,-65.09,-65.09,M3->FP x M2,284.27,558.20,270.2,155.8,365.0,723.9,513.3
450,0.85,18.0,127.67,58.61,398.08,-49.52,275.40,166.67,275.40,166.67,-58.73,-58.73,M3->FP x M2,284.27,558.20,270.2,155.8,365.0,723.9,529.9
450,0.85,19.0,144.89,77.15,424.82,-36.56,276.13,169.27,276.13,169.27,-52.29,-52.29,M3->FP x M2,284.27,558.20,270.2,155.8,365.0,723.9,546.7
450,0.85,20.0,162.07,95.66,451.42,-23.45,277.02,173.51,277.02,173.51,-45.78,-45.78,M3->FP x M2,284.27,558.20,270.2,155.8,365.0,723.9,563.7
450,0.90,2.0,-93.87,-189.47,0.08,-189.38,292.67,148.75,292.67,148.75,-94.59,-189.47,in->M1 x M3,301.25,593.92,265.3,165.0,384.8,742.7,331.7
450,0.90,3.0,-94.25,-189.48,0.08,-189.35,292.67,148.75,292.67,148.75,-94.59,-189.48,in->M1 x M3,301.25,593.92,265.3,165.0,384.8,742.7,331.7
450,0.90,4.0,-94.69,-189.70,14.14,-189.55,292.67,148.75,292.67,148.75,-94.60,-189.70,in->M1 x M3,301.25,593.92,265.3,165.0,384.8,742.7,331.7
450,0.90,5.0,-94.26,-189.57,41.63,-189.65,292.67,148.75,292.67,148.75,-94.62,-189.65,M1->M2 x M3,301.25,593.92,265.3,165.0,384.8,742.7,331.9
450,0.90,6.0,-89.21,-180.63,69.10,-189.38,292.67,148.75,292.67,148.75,-94.10,-189.38,M1->M2 x M3,301.25,593.92,265.3,165.0,384.8,742.7,346.6
450,0.90,7.0,-72.42,-163.25,96.56,-189.50,292.67,148.75,292.67,148.75,-94.72,-189.50,M1->M2 x M3,301.25,593.92,265.3,165.0,384.8,742.7,361.4
450,0.90,8.0,-55.56,-145.80,123.99,-186.06,292.67,148.75,292.67,148.75,-93.77,-186.06,M1->M2 x M3,301.25,593.92,265.3,165.0,384.8,742.7,376.2
450,0.90,9.0,-38.62,-128.26,151.38,-174.13,292.67,148.75,292.67,148.75,-94.67,-174.13,M1->M2 x M3,301.25,593.92,265.3,165.0,384.8,742.7,391.1
450,0.90,10.0,-21.59,-110.63,178.72,-162.13,292.67,148.75,292.67,148.75,-94.08,-162.13,M1->M2 x M3,301.25,593.92,265.3,165.0,384.8,742.7,406.1
450,0.90,11.0,-4.46,-92.89,206.01,-150.05,292.67,148.75,292.67,148.75,-94.44,-150.05,M1->M2 x M3,301.25,593.92,265.3,165.0,384.8,742.7,421.2
450,0.90,12.0,12.52,-75.04,233.23,-137.90,292.67,148.75,292.67,148.75,-94.25,-137.90,M1->M2 x M3,301.25,593.92,265.3,165.0,384.8,742.7,436.4
450,0.90,13.0,29.41,-57.05,260.39,-125.65,292.67,148.75,292.67,148.75,-94.47,-125.65,M1->M2 x M3,301.25,593.92,265.3,165.0,384.8,742.7,451.7
450,0.90,14.0,46.29,-38.92,287.46,-113.31,292.67,148.75,292.67,148.75,-94.24,-113.31,M1->M2 x M3,301.25,593.92,265.3,165.0,384.8,742.7,467.1
450,0.90,15.0,63.16,-20.63,314.45,-100.86,292.71,148.75,292.71,148.75,-88.06,-100.86,M1->M2 x M3,301.25,593.92,265.3,165.0,384.8,742.7,482.6
450,0.90,16.0,80.01,-2.17,341.34,-88.30,292.88,148.75,292.88,148.75,-81.82,-88.30,M1->M2 x M3,301.25,593.92,265.3,165.0,384.8,742.7,498.4
450,0.90,17.0,96.84,15.77,368.13,-75.61,293.19,148.75,293.19,148.75,-75.52,-75.61,M1->M2 x M3,301.25,593.92,265.3,165.0,384.8,742.7,514.2
450,0.90,18.0,113.64,33.62,394.81,-62.78,293.63,148.75,293.63,148.75,-69.15,-69.15,M3->FP x M2,301.25,593.92,265.3,165.0,384.8,742.7,530.3
450,0.90,19.0,130.40,51.45,421.37,-49.81,294.22,149.46,294.22,149.46,-62.71,-62.71,M3->FP x M2,301.25,593.92,265.3,165.0,384.8,742.7,546.5
450,0.90,20.0,147.12,69.28,447.79,-36.69,294.95,151.94,294.95,151.94,-56.20,-56.20,M3->FP x M2,301.25,593.92,265.3,165.0,384.8,742.7,562.9
500,0.30,2.0,-30.47,-52.66,0.30,-52.93,66.70,400.60,66.70,400.60,-31.26,-52.93,M1->M2 x M3,99.40,166.09,456.7,55.0,146.6,566.7,212.8
500,0.30,3.0,-15.43,-25.31,35.90,-52.82,66.70,400.60,66.70,400.60,-31.41,-52.82,M1->M2 x M3,99.40,166.09,456.7,55.0,146.6,566.7,247.8
500,0.30,4.0,22.47,16.66,80.66,-48.72,66.70,400.60,66.70,400.60,-27.91,-48.72,M1->M2 x M3,99.40,166.09,456.7,55.0,146.6,566.7,282.8
500,0.30,5.0,60.34,58.59,125.39,-37.09,66.70,401.01,66.70,401.01,-22.11,-37.09,M1->M2 x M3,99.40,166.09,456.7,55.0,146.6,566.7,317.9
500,0.30,6.0,98.19,100.51,170.08,-25.42,66.99,404.12,66.99,404.12,-16.29,-25.42,M1->M2 x M3,99.40,166.09,456.7,55.0,146.6,566.7,353.1
500,0.30,7.0,136.01,142.39,214.72,-13.71,67.79,410.25,67.79,410.25,-10.45,-13.71,M1->M2 x M3,99.40,166.09,456.7,55.0,146.6,566.7,388.4
500,0.30,8.0,173.79,184.23,259.30,-1.95,69.08,419.33,69.08,419.33,-4.58,-4.58,M3->FP x M2,99.40,166.09,456.7,55.0,146.6,566.7,423.9
500,0.30,9.0,211.51,226.02,303.79,9.19,70.84,431.20,70.84,431.20,1.27,1.27,M3->FP x M2,99.40,166.09,456.7,55.0,146.6,566.7,459.6
500,0.30,10.0,249.18,267.74,348.20,19.82,73.05,445.70,73.05,445.70,6.98,6.98,M3->FP x M2,99.40,166.09,456.7,55.0,146.6,566.7,495.5
500,0.30,11.0,286.76,309.37,392.50,30.01,75.67,462.63,75.67,462.63,12.72,12.72,M3->FP x M2,99.40,166.09,456.7,55.0,146.6,566.7,531.6
500,0.30,12.0,324.26,350.91,436.67,39.71,78.68,481.80,78.68,481.80,18.51,18.51,M3->FP x M2,99.40,166.09,456.7,55.0,146.6,566.7,568.0
500,0.30,13.0,361.66,392.35,480.72,48.90,82.04,503.02,82.04,503.02,24.34,24.34,M3->FP x M2,99.40,166.09,456.7,55.0,146.6,566.7,604.6
500,0.30,14.0,398.95,433.66,524.62,57.57,85.73,526.12,85.73,526.12,30.21,30.21,M3->FP x M2,99.40,166.09,456.7,55.0,146.6,566.7,641.5
500,0.30,15.0,436.12,474.84,568.36,65.73,89.71,550.93,89.71,550.93,36.14,36.14,M3->FP x M2,99.40,166.09,456.7,55.0,146.6,566.7,678.8
500,0.30,16.0,473.16,515.88,611.92,73.39,93.97,577.32,93.75,577.32,42.12,42.12,M3->FP x M2,99.40,166.09,456.7,55.0,146.6,566.7,716.4
500,0.30,17.0,510.05,556.76,655.30,80.56,98.47,605.16,97.53,605.16,48.16,48.16,M3->FP x M2,99.40,166.09,456.7,55.0,146.6,566.7,754.4
500,0.30,18.0,546.78,597.47,698.48,87.27,103.21,633.81,101.05,634.35,54.27,54.27,M3->FP x M2,99.40,166.09,456.7,55.0,146.6,566.7,792.8
500,0.30,19.0,583.35,638.00,741.45,93.53,108.17,660.55,104.34,664.82,60.45,60.45,M3->FP x M2,99.40,166.09,456.7,55.0,146.6,566.7,831.6
500,0.30,20.0,619.74,678.34,784.19,99.38,113.33,685.17,107.40,696.48,66.70,66.70,M3->FP x M2,99.40,166.09,456.7,55.0,146.6,566.7,870.9
500,0.35,2.0,-35.97,-63.05,0.04,-63.35,82.91,383.95,82.91,383.95,-36.86,-63.35,M1->M2 x M3,116.05,198.96,417.6,64.2,164.9,582.9,213.0
500,0.35,3.0,-32.55,-48.48,24.87,-63.32,82.91,383.95,82.91,383.95,-36.84,-63.32,M1->M2 x M3,116.05,198.96,417.6,64.2,164.9,582.9,243.8
500,0.35,4.0,1.22,-10.93,65.76,-63.14,82.91,383.95,82.91,383.95,-36.80,-63.14,M1->M2 x M3,116.05,198.96,417.6,64.2,164.9,582.9,274.6
500,0.35,5.0,34.95,26.61,106.63,-53.20,82.91,383.95,82.91,383.95,-31.87,-53.20,M1->M2 x M3,116.05,198.96,417.6,64.2,164.9,582.9,305.6
500,0.35,6.0,68.68,64.12,147.46,-41.52,82.92,384.45,82.92,384.45,-26.05,-41.52,M1->M2 x M3,116.05,198.96,417.6,64.2,164.9,582.9,336.6
500,0.35,7.0,102.38,101.61,188.26,-29.81,83.25,387.29,83.25,387.29,-20.20,-29.81,M1->M2 x M3,116.05,198.96,417.6,64.2,164.9,582.9,367.7
500,0.35,8.0,136.05,139.07,228.99,-18.04,83.98,392.60,83.98,392.60,-14.34,-18.04,M1->M2 x M3,116.05,198.96,417.6,64.2,164.9,582.9,399.0
500,0.35,9.0,169.68,176.49,269.66,-6.21,85.12,400.34,85.12,400.34,-8.44,-8.44,M3->FP x M2,116.05,198.96,417.6,64.2,164.9,582.9,430.4
500,0.35,10.0,203.25,213.85,310.24,5.31,86.66,410.39,86.66,410.39,-2.51,-2.51,M3->FP x M2,116.05,198.96,417.6,64.2,164.9,582.9,462.0
500,0.35,11.0,236.77,251.15,350.73,16.21,88.57,422.65,88.57,422.65,3.33,3.33,M3->FP x M2,116.05,198.96,417.6,64.2,164.9,582.9,493.9
500,0.35,12.0,270.21,288.38,391.11,26.75,90.85,436.97,90.85,436.97,9.11,9.11,M3->FP x M2,116.05,198.96,417.6,64.2,164.9,582.9,525.9
500,0.35,13.0,303.57,325.51,431.37,36.90,93.48,453.23,93.48,453.23,14.94,14.94,M3->FP x M2,116.05,198.96,417.6,64.2,164.9,582.9,558.2
500,0.35,14.0,336.84,362.55,471.50,46.63,96.45,471.27,96.45,471.27,20.82,20.82,M3->FP x M2,116.05,198.96,417.6,64.2,164.9,582.9,590.7
500,0.35,15.0,370.00,399.47,511.49,55.94,99.72,490.98,99.72,490.98,26.75,26.75,M3->FP x M2,116.05,198.96,417.6,64.2,164.9,582.9,623.5
500,0.35,16.0,403.06,436.27,551.32,64.81,103.29,512.22,103.29,512.22,32.73,32.73,M3->FP x M2,116.05,198.96,417.6,64.2,164.9,582.9,656.6
500,0.35,17.0,435.99,472.94,590.99,73.24,107.14,534.89,107.14,534.89,38.78,38.78,M3->FP x M2,116.05,198.96,417.6,64.2,164.9,582.9,690.1
500,0.35,18.0,468.78,509.47,630.47,81.24,111.25,558.89,111.25,558.89,44.89,44.89,M3->FP x M2,116.05,198.96,417.6,64.2,164.9,582.9,723.9
500,0.35,19.0,501.44,545.84,669.76,88.82,115.61,584.14,115.30,584.14,51.07,51.07,M3->FP x M2,116.05,198.96,417.6,64.2,164.9,582.9,758.2
500,0.35,20.0,533.94,582.05,708.85,95.99,120.21,610.52,119.13,610.57,57.32,57.32,M3->FP x M2,116.05,198.96,417.6,64.2,164.9,582.9,792.8
500,0.40,2.0,-40.64,-74.23,0.65,-74.29,100.14,367.26,100.14,367.26,-42.07,-74.29,M1->M2 x M3,132.74,232.88,388.3,73.3,183.8,600.1,215.7
500,0.40,3.0,-42.13,-69.03,16.85,-74.16,100.14,367.26,100.14,367.26,-42.04,-74.16,M1->M2 x M3,132.74,232.88,388.3,73.3,183.8,600.1,243.4
500,0.40,4.0,-16.06,-34.89,54.92,-74.12,100.14,367.26,100.14,367.26,-42.16,-74.12,M1->M2 x M3,132.74,232.88,388.3,73.3,183.8,600.1,271.1
500,0.40,5.0,14.60,-0.67,92.99,-69.34,100.14,367.26,100.14,367.26,-41.91,-69.34,M1->M2 x M3,132.74,232.88,388.3,73.3,183.8,600.1,298.9
500,0.40,6.0,45.23,33.47,131.02,-57.66,100.14,367.26,100.14,367.26,-36.09,-57.66,M1->M2 x M3,132.74,232.88,388.3,73.3,183.8,600.1,326.8
500,0.40,7.0,75.85,67.60,169.01,-45.93,100.18,367.80,100.18,367.80,-30.25,-45.93,M1->M2 x M3,132.74,232.88,388.3,73.3,183.8,600.1,354.8
500,0.40,8.0,106.44,101.71,206.96,-34.15,100.53,370.38,100.53,370.38,-24.38,-34.15,M1->M2 x M3,132.74,232.88,388.3,73.3,183.8,600.1,382.9
500,0.40,9.0,136.99,135.79,244.84,-22.32,101.22,375.08,101.22,375.08,-18.48,-22.32,M1->M2 x M3,132.74,232.88,388.3,73.3,183.8,600.1,411.1
500,0.40,10.0,167.51,169.82,282.64,-10.42,102.24,381.85,102.24,381.85,-12.55,-12.55,M3->FP x M2,132.74,232.88,388.3,73.3,183.8,600.1,439.6
500,0.40,11.0,197.98,203.81,320.36,1.45,103.61,390.63,103.61,390.63,-6.58,-6.58,M3->FP x M2,132.74,232.88,388.3,73.3,183.8,600.1,468.1
500,0.40,12.0,228.38,237.73,357.98,12.56,105.30,401.32,105.30,401.32,-0.58,-0.58,M3->FP x M2,132.74,232.88,388.3,73.3,183.8,600.1,496.9
500,0.40,13.0,258.72,271.58,395.49,23.38,107.33,413.83,107.33,413.83,5.28,5.28,M3->FP x M2,132.74,232.88,388.3,73.3,183.8,600.1,525.9
500,0.40,14.0,288.97,305.35,432.88,33.88,109.66,428.06,109.66,428.06,11.16,11.16,M3->FP x M2,132.74,232.88,388.3,73.3,183.8,600.1,555.2
500,0.40,15.0,319.14,339.02,470.14,44.04,112.30,443.89,112.30,443.89,17.09,17.09,M3->FP x M2,132.74,232.88,388.3,73.3,183.8,600.1,584.7
500,0.40,16.0,349.21,372.60,507.26,53.83,115.24,461.22,115.24,461.22,23.07,23.07,M3->FP x M2,132.74,232.88,388.3,73.3,183.8,600.1,614.4
500,0.40,17.0,379.18,406.05,544.22,63.26,118.46,479.95,118.46,479.95,29.12,29.12,M3->FP x M2,132.74,232.88,388.3,73.3,183.8,600.1,644.5
500,0.40,18.0,409.03,439.39,581.02,72.32,121.95,500.00,121.95,500.00,35.23,35.23,M3->FP x M2,132.74,232.88,388.3,73.3,183.8,600.1,674.9
500,0.40,19.0,438.75,472.59,617.63,80.99,125.71,521.28,125.71,521.28,41.41,41.41,M3->FP x M2,132.74,232.88,388.3,73.3,183.8,600.1,705.7
500,0.40,20.0,468.35,505.65,654.07,89.30,129.73,543.73,129.73,543.73,47.67,47.67,M3->FP x M2,132.74,232.88,388.3,73.3,183.8,600.1,736.8
500,0.45,2.0,-46.54,-85.42,0.50,-85.31,118.23,350.54,118.23,350.54,-47.38,-85.42,in->M1 x M3,149.46,267.69,365.6,82.5,203.2,618.2,220.2
500,0.45,3.0,-45.86,-84.89,10.84,-85.46,118.23,350.54,118.23,350.54,-47.38,-85.46,M1->M2 x M3,149.46,267.69,365.6,82.5,203.2,618.2,245.5
500,0.45,4.0,-30.68,-56.46,46.81,-85.19,118.24,350.54,118.24,350.54,-47.29,-85.19,M1->M2 x M3,149.46,267.69,365.6,82.5,203.2,618.2,270.7
500,0.45,5.0,-2.40,-24.97,82.77,-85.47,118.23,350.54,118.23,350.54,-47.27,-85.47,M1->M2 x M3,149.46,267.69,365.6,82.5,203.2,618.2,296.1
500,0.45,6.0,25.83,6.57,118.71,-73.77,118.24,350.54,118.24,350.54,-46.37,-73.77,M1->M2 x M3,149.46,267.69,365.6,82.5,203.2,618.2,321.5
500,0.45,7.0,54.05,38.03,154.61,-62.04,118.23,350.54,118.23,350.54,-40.53,-62.04,M1->M2 x M3,149.46,267.69,365.6,82.5,203.2,618.2,347.1
500,0.45,8.0,82.25,69.48,190.46,-50.25,118.31,351.07,118.31,351.07,-34.65,-50.25,M1->M2 x M3,149.46,267.69,365.6,82.5,203.2,618.2,372.7
500,0.45,9.0,110.42,100.90,226.25,-38.41,118.67,353.41,118.67,353.41,-28.75,-38.41,M1->M2 x M3,149.46,267.69,365.6,82.5,203.2,618.2,398.5
500,0.45,10.0,138.56,132.29,261.98,-26.50,119.32,357.62,119.32,357.62,-22.82,-26.50,M1->M2 x M3,149.46,267.69,365.6,82.5,203.2,618.2,424.4
500,0.45,11.0,166.66,163.65,297.62,-14.52,120.26,363.67,120.26,363.67,-16.85,-16.85,M3->FP x M2,149.46,267.69,365.6,82.5,203.2,618.2,450.5
500,0.45,12.0,194.70,194.95,333.17,-2.46,121.50,371.51,121.50,371.51,-10.84,-10.84,M3->FP x M2,149.46,267.69,365.6,82.5,203.2,618.2,476.7
500,0.45,13.0,222.69,226.19,368.63,8.98,123.03,381.07,123.03,381.07,-4.79,-4.79,M3->FP x M2,149.46,267.69,365.6,82.5,203.2,618.2,503.2
500,0.45,14.0,250.61,257.37,403.97,20.03,124.85,392.27,124.85,392.27,1.27,1.27,M3->FP x M2,149.46,267.69,365.6,82.5,203.2,618.2,529.9
500,0.45,15.0,278.45,288.47,439.18,30.81,126.96,405.03,126.96,405.03,7.20,7.20,M3->FP x M2,149.46,267.69,365.6,82.5,203.2,618.2,556.8
500,0.45,16.0,306.21,319.47,474.27,41.31,129.34,419.25,129.34,419.25,13.19,13.19,M3->FP x M2,149.46,267.69,365.6,82.5,203.2,618.2,584.0
500,0.45,17.0,333.88,350.39,509.21,51.51,132.00,434.86,132.00,434.86,19.24,19.24,M3->FP x M2,149.46,267.69,365.6,82.5,203.2,618.2,611.4
500,0.45,18.0,361.44,381.19,543.99,61.40,134.93,451.77,134.93,451.77,25.35,25.35,M3->FP x M2,149.46,267.69,365.6,82.5,203.2,618.2,639.1
500,0.45,19.0,388.89,411.88,578.61,70.97,138.13,469.91,138.13,469.91,31.53,31.53,M3->FP x M2,149.46,267.69,365.6,82.5,203.2,618.2,667.2
500,0.45,20.0,416.23,442.44,613.05,80.21,141.58,489.21,141.58,489.21,37.79,37.79,M3->FP x M2,149.46,267.69,365.6,82.5,203.2,618.2,695.6
500,0.50,2.0,-51.40,-96.56,0.06,-96.77,137.03,333.79,137.03,333.79,-52.57,-96.77,M1->M2 x M3,166.21,303.23,347.3,91.7,223.0,637.0,225.9
500,0.50,3.0,-52.66,-96.84,6.25,-96.81,137.03,333.79,137.03,333.79,-52.49,-96.84,in->M1 x M3,166.21,303.23,347.3,91.7,223.0,637.0,249.2
500,0.50,4.0,-43.43,-76.40,40.62,-96.68,137.03,333.79,137.03,333.79,-52.39,-96.68,M1->M2 x M3,166.21,303.23,347.3,91.7,223.0,637.0,272.6
500,0.50,5.0,-17.10,-47.15,74.97,-96.72,137.03,333.79,137.03,333.79,-52.29,-96.72,M1->M2 x M3,166.21,303.23,347.3,91.7,223.0,637.0,296.0
500,0.50,6.0,9.26,-17.82,109.30,-89.82,137.03,333.79,137.03,333.79,-52.37,-89.82,M1->M2 x M3,166.21,303.23,347.3,91.7,223.0,637.0,319.5
500,0.50,7.0,35.56,11.54,143.60,-78.07,137.03,333.79,137.03,333.79,-51.00,-78.07,M1->M2 x M3,166.21,303.23,347.3,91.7,223.0,637.0,343.0
500,0.50,8.0,61.85,40.80,177.85,-66.27,137.03,333.79,137.03,333.79,-45.12,-66.27,M1->M2 x M3,166.21,303.23,347.3,91.7,223.0,637.0,366.7
500,0.50,9.0,88.12,70.05,212.05,-54.42,137.14,334.27,137.14,334.27,-39.22,-54.42,M1->M2 x M3,166.21,303.23,347.3,91.7,223.0,637.0,390.5
500,0.50,10.0,114.36,99.28,246.18,-42.50,137.51,336.39,137.51,336.39,-33.28,-42.50,M1->M2 x M3,166.21,303.23,347.3,91.7,223.0,637.0,414.4
500,0.50,11.0,140.56,128.48,280.24,-30.51,138.13,340.20,138.13,340.20,-27.31,-30.51,M1->M2 x M3,166.21,303.23,347.3,91.7,223.0,637.0,438.5
500,0.50,12.0,166.73,157.64,314.22,-18.44,139.01,345.69,139.01,345.69,-21.30,-21.30,M3->FP x M2,166.21,303.23,347.3,91.7,223.0,637.0,462.8
500,0.50,13.0,192.84,186.75,348.09,-6.28,140.15,352.82,140.15,352.82,-15.25,-15.25,M3->FP x M2,166.21,303.23,347.3,91.7,223.0,637.0,487.2
500,0.50,14.0,218.89,215.81,381.87,5.55,141.56,361.52,141.56,361.52,-9.14,-9.14,M3->FP x M2,166.21,303.23,347.3,91.7,223.0,637.0,511.8
500,0.50,15.0,244.88,244.80,415.52,16.79,143.22,371.75,143.22,371.75,-2.98,-2.98,M3->FP x M2,166.21,303.23,347.3,91.7,223.0,637.0,536.7
500,0.50,16.0,270.79,273.71,449.05,27.82,145.14,383.41,145.14,383.41,3.11,3.11,M3->FP x M2,166.21,303.23,347.3,91.7,223.0,637.0,561.7
500,0.50,17.0,296.62,302.54,482.45,38.62,147.32,396.45,147.32,396.45,9.16,9.16,M3->FP x M2,166.21,303.23,347.3,91.7,223.0,637.0,587.1
500,0.50,18.0,322.36,331.28,515.69,49.16,149.76,410.78,149.76,410.78,15.28,15.28,M3->FP x M2,166.21,303.23,347.3,91.7,223.0,637.0,612.7
500,0.50,19.0,348.01,359.92,548.78,59.43,152.45,426.35,152.45,426.35,21.47,21.47,M3->FP x M2,166.21,303.23,347.3,91.7,223.0,637.0,638.6
500,0.50,20.0,373.54,388.44,581.70,69.43,155.40,443.07,155.40,443.07,27.73,27.73,M3->FP x M2,166.21,303.23,347.3,91.7,223.0,637.0,664.8
500,0.55,2.0,-57.66,-108.33,0.68,-108.09,156.35,317.02,156.35,317.02,-57.82,-108.33,in->M1 x M3,182.98,339.34,332.4,100.8,243.1,656.4,232.5
500,0.55,3.0,-57.61,-108.33,2.69,-108.11,156.35,317.02,156.35,317.02,-57.97,-108.33,in->M1 x M3,182.98,339.34,332.4,100.8,243.1,656.4,254.3
500,0.55,4.0,-54.82,-95.16,35.81,-108.19,156.35,317.02,156.35,317.02,-57.83,-108.19,M1->M2 x M3,182.98,339.34,332.4,100.8,243.1,656.4,276.0
500,0.55,5.0,-30.08,-67.80,68.92,-108.27,156.35,317.02,156.35,317.02,-57.85,-108.27,M1->M2 x M3,182.98,339.34,332.4,100.8,243.1,656.4,297.8
500,0.55,6.0,-5.27,-40.35,102.00,-105.74,156.35,317.02,156.35,317.02,-57.91,-105.74,M1->M2 x M3,182.98,339.34,332.4,100.8,243.1,656.4,319.7
500,0.55,7.0,19.49,-12.81,135.06,-93.98,156.35,317.02,156.35,317.02,-57.69,-93.98,M1->M2 x M3,182.98,339.34,332.4,100.8,243.1,656.4,341.7
500,0.55,8.0,44.21,14.71,168.07,-82.17,156.35,317.02,156.35,317.02,-55.74,-82.17,M1->M2 x M3,182.98,339.34,332.4,100.8,243.1,656.4,363.8
500,0.55,9.0,68.92,42.13,201.04,-70.31,156.36,317.02,156.36,317.02,-49.84,-70.31,M1->M2 x M3,182.98,339.34,332.4,100.8,243.1,656.4,385.9
500,0.55,10.0,93.61,69.55,233.94,-58.38,156.51,317.42,156.51,317.42,-43.90,-58.38,M1->M2 x M3,182.98,339.34,332.4,100.8,243.1,656.4,408.2
500,0.55,11.0,118.27,96.94,266.77,-46.38,156.88,319.33,156.88,319.33,-37.92,-46.38,M1->M2 x M3,182.98,339.34,332.4,100.8,243.1,656.4,430.7
500,0.55,12.0,142.90,124.30,299.52,-34.30,157.48,322.81,157.48,322.81,-31.91,-34.30,M1->M2 x M3,182.98,339.34,332.4,100.8,243.1,656.4,453.3
500,0.55,13.0,167.48,151.62,332.17,-22.13,158.32,327.85,158.32,327.85,-25.85,-25.85,M3->FP x M2,182.98,339.34,332.4,100.8,243.1,656.4,476.0
500,0.55,14.0,192.01,178.90,364.73,-9.86,159.39,334.42,159.39,334.42,-19.74,-19.74,M3->FP x M2,182.98,339.34,332.4,100.8,243.1,656.4,499.0
500,0.55,15.0,216.49,206.12,397.18,2.33,160.69,342.48,160.69,342.48,-13.58,-13.58,M3->FP x M2,182.98,339.34,332.4,100.8,243.1,656.4,522.2
500,0.55,16.0,240.89,233.28,429.50,13.76,162.23,351.96,162.23,351.96,-7.37,-7.37,M3->FP x M2,182.98,339.34,332.4,100.8,243.1,656.4,545.5
500,0.55,17.0,265.23,260.37,461.70,25.01,164.01,362.80,164.01,362.80,-1.09,-1.09,M3->FP x M2,182.98,339.34,332.4,100.8,243.1,656.4,569.1
500,0.55,18.0,289.48,287.38,493.75,36.06,166.03,374.95,166.03,374.95,5.07,5.07,M3->FP x M2,182.98,339.34,332.4,100.8,243.1,656.4,593.0
500,0.55,19.0,313.65,314.30,525.65,46.89,168.29,388.33,168.29,388.33,11.26,11.26,M3->FP x M2,182.98,339.34,332.4,100.8,243.1,656.4,617.1
500,0.55,20.0,337.71,341.13,557.39,57.50,170.79,402.88,170.79,402.88,17.52,17.52,M3->FP x M2,182.98,339.34,332.4,100.8,243.1,656.4,641.6
500,0.60,2.0,-62.89,-120.01,0.07,-119.81,176.05,300.21,176.05,300.21,-63.03,-120.01,in->M1 x M3,199.79,375.85,320.0,110.0,263.4,676.1,239.9
500,0.60,3.0,-63.21,-119.88,0.10,-119.99,176.05,300.21,176.05,300.21,-63.00,-119.99,M1->M2 x M3,199.79,375.85,320.0,110.0,263.4,676.1,260.3
500,0.60,4.0,-61.68,-113.04,32.05,-119.64,176.05,300.21,176.05,300.21,-62.95,-119.64,M1->M2 x M3,199.79,375.85,320.0,110.0,263.4,676.1,280.7
500,0.60,5.0,-41.78,-87.29,64.18,-120.00,176.05,300.21,176.05,300.21,-62.90,-120.00,M1->M2 x M3,199.79,375.85,320.0,110.0,263.4,676.1,301.2
500,0.60,6.0,-18.31,-61.47,96.29,-119.72,176.05,300.21,176.05,300.21,-62.97,-119.72,M1->M2 x M3,199.79,375.85,320.0,110.0,263.4,676.1,321.7
500,0.60,7.0,5.22,-35.56,128.37,-109.71,176.05,300.21,176.05,300.21,-63.25,-109.71,M1->M2 x M3,199.79,375.85,320.0,110.0,263.4,676.1,342.4
500,0.60,8.0,28.64,-9.54,160.42,-97.89,176.05,300.21,176.05,300.21,-63.13,-97.89,M1->M2 x M3,199.79,375.85,320.0,110.0,263.4,676.1,363.1
500,0.60,9.0,52.06,16.41,192.41,-86.02,176.05,300.21,176.05,300.21,-60.55,-86.02,M1->M2 x M3,199.79,375.85,320.0,110.0,263.4,676.1,383.9
500,0.60,10.0,75.46,42.27,224.35,-74.08,176.07,300.21,176.07,300.21,-54.61,-74.08,M1->M2 x M3,199.79,375.85,320.0,110.0,263.4,676.1,404.9
500,0.60,11.0,98.84,68.11,256.22,-62.07,176.25,300.52,176.25,300.52,-48.64,-62.07,M1->M2 x M3,199.79,375.85,320.0,110.0,263.4,676.1,425.9
500,0.60,12.0,122.19,93.94,288.01,-49.98,176.63,302.23,176.63,302.23,-42.62,-49.98,M1->M2 x M3,199.79,375.85,320.0,110.0,263.4,676.1,447.2
500,0.60,13.0,145.50,119.73,319.71,-37.80,177.22,305.43,177.22,305.43,-36.56,-37.80,M1->M2 x M3,199.79,375.85,320.0,110.0,263.4,676.1,468.6
500,0.60,14.0,168.76,145.49,351.31,-25.52,178.02,310.11,178.02,310.11,-30.45,-30.45,M3->FP x M2,199.79,375.85,320.0,110.0,263.4,676.1,490.1
500,0.60,15.0,191.98,171.20,382.81,-13.13,179.03,316.24,179.03,316.24,-24.28,-24.28,M3->FP x M2,199.79,375.85,320.0,110.0,263.4,676.1,511.9
500,0.60,16.0,215.13,196.86,414.19,-0.63,180.26,323.79,180.26,323.79,-18.06,-18.06,M3->FP x M2,199.79,375.85,320.0,110.0,263.4,676.1,533.8
500,0.60,17.0,238.22,222.46,445.45,11.01,181.70,332.71,181.70,332.71,-11.78,-11.78,M3->FP x M2,199.79,375.85,320.0,110.0,263.4,676.1,556.0
500,0.60,18.0,261.24,247.99,476.57,22.46,183.37,342.93,183.37,342.93,-5.43,-5.43,M3->FP x M2,199.79,375.85,320.0,110.0,263.4,676.1,578.4
500,0.60,19.0,284.18,273.45,507.54,33.74,185.26,354.41,185.26,354.41,0.95,0.95,M3->FP x M2,199.79,375.85,320.0,110.0,263.4,676.1,601.1
500,0.60,20.0,307.03,298.82,538.36,44.84,187.37,367.07,187.37,367.07,7.22,7.22,M3->FP x M2,199.79,375.85,320.0,110.0,263.4,676.1,624.0
500,0.65,2.0,-68.27,-131.67,0.13,-131.44,195.96,283.37,195.96,283.37,-68.34,-131.67,in->M1 x M3,216.63,412.59,309.5,119.2,283.9,696.0,247.7
500,0.65,3.0,-67.54,-131.63,0.56,-131.74,195.96,283.37,195.96,283.37,-68.35,-131.74,M1->M2 x M3,216.63,412.59,309.5,119.2,283.9,696.0,267.0
500,0.65,4.0,-68.09,-130.20,29.08,-131.52,195.96,283.37,195.96,283.37,-68.08,-131.52,M1->M2 x M3,216.63,412.59,309.5,119.2,283.9,696.0,286.3
500,0.65,5.0,-52.49,-105.87,60.44,-131.39,195.96,283.37,195.96,283.37,-68.46,-131.39,M1->M2 x M3,216.63,412.59,309.5,119.2,283.9,696.0,305.6
500,0.65,6.0,-30.14,-81.47,91.78,-131.55,195.96,283.37,195.96,283.37,-68.18,-131.55,M1->M2 x M3,216.63,412.59,309.5,119.2,283.9,696.0,325.1
500,0.65,7.0,-7.72,-56.98,123.10,-125.21,195.96,283.37,195.96,283.37,-68.41,-125.21,M1->M2 x M3,216.63,412.59,309.5,119.2,283.9,696.0,344.6
500,0.65,8.0,14.67,-32.39,154.38,-113.38,195.96,283.37,195.96,283.37,-68.19,-113.38,M1->M2 x M3,216.63,412.59,309.5,119.2,283.9,696.0,364.2
500,0.65,9.0,36.99,-7.68,185.61,-101.50,195.96,283.37,195.96,283.37,-68.43,-101.50,M1->M2 x M3,216.63,412.59,309.5,119.2,283.9,696.0,383.9
500,0.65,10.0,59.30,16.91,216.79,-89.55,195.96,283.37,195.96,283.37,-65.39,-89.55,M1->M2 x M3,216.63,412.59,309.5,119.2,283.9,696.0,403.7
500,0.65,11.0,81.59,41.40,247.90,-77.53,196.00,283.37,196.00,283.37,-59.41,-77.53,M1->M2 x M3,216.63,412.59,309.5,119.2,283.9,696.0,423.6
500,0.65,12.0,103.86,65.89,278.93,-65.43,196.20,283.59,196.20,283.59,-53.39,-65.43,M1->M2 x M3,216.63,412.59,309.5,119.2,283.9,696.0,443.6
500,0.65,13.0,126.10,90.35,309.88,-53.23,196.59,285.11,196.59,285.11,-47.32,-53.23,M1->M2 x M3,216.63,412.59,309.5,119.2,283.9,696.0,463.9
500,0.65,14.0,148.30,114.78,340.73,-40.94,197.17,288.06,197.17,288.06,-41.21,-41.21,M3->FP x M2,216.63,412.59,309.5,119.2,283.9,696.0,484.2
500,0.65,15.0,170.45,139.18,371.48,-28.55,197.94,292.45,197.94,292.45,-35.04,-35.04,M3->FP x M2,216.63,412.59,309.5,119.2,283.9,696.0,504.8
500,0.65,16.0,192.55,163.54,402.12,-16.04,198.91,298.24,198.91,298.24,-28.82,-28.82,M3->FP x M2,216.63,412.59,309.5,119.2,283.9,696.0,525.5
500,0.65,17.0,214.60,187.85,432.64,-3.40,200.08,305.40,200.08,305.40,-22.54,-22.54,M3->FP x M2,216.63,412.59,309.5,119.2,283.9,696.0,546.5
500,0.65,18.0,236.58,212.10,463.02,8.60,201.45,313.89,201.45,313.89,-16.18,-16.18,M3->FP x M2,216.63,412.59,309.5,119.2,283.9,696.0,567.7
500,0.65,19.0,258.48,236.28,493.26,20.23,203.02,323.65,203.02,323.65,-9.76,-9.76,M3->FP x M2,216.63,412.59,309.5,119.2,283.9,696.0,589.1
500,0.65,20.0,280.31,260.40,523.35,31.73,204.81,334.63,204.81,334.63,-3.26,-3.26,M3->FP x M2,216.63,412.59,309.5,119.2,283.9,696.0,610.8
500,0.70,2.0,-73.55,-143.50,0.19,-143.37,215.92,266.50,215.92,266.50,-73.38,-143.50,in->M1 x M3,233.50,449.42,300.5,128.3,304.4,715.9,255.8
500,0.70,3.0,-73.26,-143.43,0.28,-143.25,215.91,266.50,215.91,266.50,-73.53,-143.43,in->M1 x M3,233.50,449.42,300.5,128.3,304.4,715.9,274.2
500,0.70,4.0,-73.01,-143.32,26.73,-143.13,215.91,266.50,215.91,266.50,-73.71,-143.32,in->M1 x M3,233.50,449.42,300.5,128.3,304.4,715.9,292.5
500,0.70,5.0,-62.42,-123.71,57.48,-143.29,215.91,266.50,215.91,266.50,-73.70,-143.29,M1->M2 x M3,233.50,449.42,300.5,128.3,304.4,715.9,310.9
500,0.70,6.0,-41.04,-100.56,88.22,-143.49,215.91,266.50,215.91,266.50,-73.55,-143.49,M1->M2 x M3,233.50,449.42,300.5,128.3,304.4,715.9,329.4
500,0.70,7.0,-19.59,-77.34,118.93,-140.43,215.91,266.50,215.91,266.50,-73.42,-140.43,M1->M2 x M3,233.50,449.42,300.5,128.3,304.4,715.9,348.0
500,0.70,8.0,1.94,-54.02,149.60,-128.59,215.92,266.50,215.92,266.50,-73.32,-128.59,M1->M2 x M3,233.50,449.42,300.5,128.3,304.4,715.9,366.6
500,0.70,9.0,23.33,-30.58,180.23,-116.70,215.91,266.50,215.91,266.50,-73.24,-116.70,M1->M2 x M3,233.50,449.42,300.5,128.3,304.4,715.9,385.3
500,0.70,10.0,44.71,-7.02,210.80,-104.74,215.92,266.50,215.92,266.50,-73.20,-104.74,M1->M2 x M3,233.50,449.42,300.5,128.3,304.4,715.9,404.1
500,0.70,11.0,66.07,16.39,241.31,-92.70,215.91,266.50,215.91,266.50,-70.19,-92.70,M1->M2 x M3,233.50,449.42,300.5,128.3,304.4,715.9,423.0
500,0.70,12.0,87.42,39.69,271.74,-80.59,215.97,266.50,215.97,266.50,-64.17,-80.59,M1->M2 x M3,233.50,449.42,300.5,128.3,304.4,715.9,442.1
500,0.70,13.0,108.74,62.97,302.10,-68.39,216.20,266.64,216.20,266.64,-58.10,-68.39,M1->M2 x M3,233.50,449.42,300.5,128.3,304.4,715.9,461.3
500,0.70,14.0,130.03,86.24,332.36,-56.09,216.60,267.98,216.60,267.98,-51.98,-56.09,M1->M2 x M3,233.50,449.42,300.5,128.3,304.4,715.9,480.7
500,0.70,15.0,151.28,109.48,362.52,-43.68,217.17,270.71,217.17,270.71,-45.81,-45.81,M3->FP x M2,233.50,449.42,300.5,128.3,304.4,715.9,500.2
500,0.70,16.0,172.48,132.69,392.56,-31.16,217.92,274.85,217.92,274.85,-39.59,-39.59,M3->FP x M2,233.50,449.42,300.5,128.3,304.4,715.9,519.9
500,0.70,17.0,193.63,155.86,422.49,-18.51,218.86,280.37,218.86,280.37,-33.30,-33.30,M3->FP x M2,233.50,449.42,300.5,128.3,304.4,715.9,539.9
500,0.70,18.0,214.72,178.98,452.29,-5.73,219.98,287.25,219.98,287.25,-26.95,-26.95,M3->FP x M2,233.50,449.42,300.5,128.3,304.4,715.9,560.0
500,0.70,19.0,235.74,202.04,481.96,6.60,221.29,295.42,221.29,295.42,-20.52,-20.52,M3->FP x M2,233.50,449.42,300.5,128.3,304.4,715.9,580.4
500,0.70,20.0,256.69,225.05,511.47,18.41,222.80,304.85,222.80,304.85,-14.02,-14.02,M3->FP x M2,233.50,449.42,300.5,128.3,304.4,715.9,601.0
500,0.75,2.0,-78.55,-155.29,0.01,-155.17,235.75,249.60,235.75,249.60,-78.42,-155.29,in->M1 x M3,250.40,486.15,292.7,137.5,324.8,735.7,271.8
500,0.75,3.0,-79.02,-155.25,0.01,-155.07,235.75,249.60,235.75,249.60,-78.91,-155.25,in->M1 x M3,250.40,486.15,292.7,137.5,324.8,735.7,281.8
500,0.75,4.0,-78.47,-154.96,24.86,-154.98,235.75,249.60,235.75,249.60,-78.78,-154.98,M1->M2 x M3,250.40,486.15,292.7,137.5,324.8,735.7,299.3
500,0.75,5.0,-71.74,-140.89,55.13,-155.29,235.75,249.60,235.75,249.60,-78.63,-155.29,M1->M2 x M3,250.40,486.15,292.7,137.5,324.8,735.7,316.9
500,0.75,6.0,-51.19,-118.88,85.39,-155.08,235.75,249.60,235.75,249.60,-78.81,-155.08,M1->M2 x M3,250.40,486.15,292.7,137.5,324.8,735.7,334.5
500,0.75,7.0,-30.58,-96.79,115.61,-155.28,235.75,249.60,235.75,249.60,-78.49,-155.28,M1->M2 x M3,250.40,486.15,292.7,137.5,324.8,735.7,352.2
500,0.75,8.0,-9.88,-74.61,145.81,-143.46,235.75,249.60,235.75,249.60,-78.98,-143.46,M1->M2 x M3,250.40,486.15,292.7,137.5,324.8,735.7,370.0
500,0.75,9.0,10.79,-52.32,175.95,-131.56,235.75,249.60,235.75,249.60,-78.89,-131.56,M1->M2 x M3,250.40,486.15,292.7,137.5,324.8,735.7,387.9
500,0.75,10.0,31.37,-29.90,206.05,-119.59,235.75,249.60,235.75,249.60,-78.64,-119.59,M1->M2 x M3,250.40,486.15,292.7,137.5,324.8,735.7,405.8
500,0.75,11.0,51.93,-7.36,236.08,-107.54,235.75,249.60,235.75,249.60,-78.99,-107.54,M1->M2 x M3,250.40,486.15,292.7,137.5,324.8,735.7,423.9
500,0.75,12.0,72.48,15.01,266.04,-95.42,235.75,249.60,235.75,249.60,-74.91,-95.42,M1->M2 x M3,250.40,486.15,292.7,137.5,324.8,735.7,442.1
500,0.75,13.0,93.01,37.25,295.92,-83.21,235.84,249.60,235.84,249.60,-68.84,-83.21,M1->M2 x M3,250.40,486.15,292.7,137.5,324.8,735.7,460.5
500,0.75,14.0,113.51,59.47,325.71,-70.90,236.09,249.68,236.09,249.68,-62.72,-70.90,M1->M2 x M3,250.40,486.15,292.7,137.5,324.8,735.7,479.0
500,0.75,15.0,133.98,81.68,355.39,-58.48,236.49,250.83,236.49,250.83,-56.55,-58.48,M1->M2 x M3,250.40,486.15,292.7,137.5,324.8,735.7,497.6
500,0.75,16.0,154.40,103.86,384.98,-45.95,237.06,253.38,237.06,253.38,-50.32,-50.32,M3->FP x M2,250.40,486.15,292.7,137.5,324.8,735.7,516.4
500,0.75,17.0,174.78,126.01,414.44,-33.29,237.80,257.33,237.80,257.33,-44.03,-44.03,M3->FP x M2,250.40,486.15,292.7,137.5,324.8,735.7,535.5
500,0.75,18.0,195.10,148.12,443.78,-20.50,238.72,262.65,238.72,262.65,-37.68,-37.68,M3->FP x M2,250.40,486.15,292.7,137.5,324.8,735.7,554.7
500,0.75,19.0,215.37,170.19,472.98,-7.56,239.80,269.31,239.80,269.31,-31.25,-31.25,M3->FP x M2,250.40,486.15,292.7,137.5,324.8,735.7,574.2
500,0.75,20.0,235.57,192.20,502.04,5.07,241.07,277.27,241.07,277.27,-24.74,-24.74,M3->FP x M2,250.40,486.15,292.7,137.5,324.8,735.7,593.8
500,0.80,2.0,-84.00,-166.58,0.04,-166.80,255.30,232.68,255.30,232.68,-84.25,-166.80,M1->M2 x M3,267.32,522.62,285.8,146.7,345.1,755.3,292.1
500,0.80,3.0,-83.71,-166.70,0.21,-166.93,255.30,232.68,255.30,232.68,-84.01,-166.93,M1->M2 x M3,267.32,522.62,285.8,146.7,345.1,755.3,292.1
500,0.80,4.0,-83.58,-166.91,23.38,-166.82,255.30,232.68,255.30,232.68,-83.60,-166.91,in->M1 x M3,267.32,522.62,285.8,146.7,345.1,755.3,306.4
500,0.80,5.0,-80.54,-157.49,53.26,-166.67,255.30,232.68,255.30,232.68,-84.14,-166.67,M1->M2 x M3,267.32,522.62,285.8,146.7,345.1,755.3,323.3
500,0.80,6.0,-60.73,-136.50,83.13,-166.53,255.30,232.68,255.30,232.68,-84.01,-166.53,M1->M2 x M3,267.32,522.62,285.8,146.7,345.1,755.3,340.2
500,0.80,7.0,-40.86,-115.44,112.98,-166.76,255.30,232.68,255.30,232.68,-83.45,-166.76,M1->M2 x M3,267.32,522.62,285.8,146.7,345.1,755.3,357.2
500,0.80,8.0,-20.89,-94.29,142.79,-157.94,255.30,232.68,255.30,232.68,-84.02,-157.94,M1->M2 x M3,267.32,522.62,285.8,146.7,345.1,755.3,374.2
500,0.80,9.0,-0.84,-73.04,172.55,-146.03,255.30,232.68,255.30,232.68,-84.04,-146.03,M1->M2 x M3,267.32,522.62,285.8,146.7,345.1,755.3,391.3
500,0.80,10.0,19.05,-51.68,202.26,-134.05,255.30,232.68,255.30,232.68,-83.50,-134.05,M1->M2 x M3,267.32,522.62,285.8,146.7,345.1,755.3,408.6
500,0.80,11.0,38.91,-30.18,231.92,-121.99,255.30,232.68,255.30,232.68,-84.15,-121.99,M1->M2 x M3,267.32,522.62,285.8,146.7,345.1,755.3,425.9
500,0.80,12.0,58.77,-8.54,261.50,-109.86,255.30,232.68,255.30,232.68,-83.99,-109.86,M1->M2 x M3,267.32,522.62,285.8,146.7,345.1,755.3,443.3
500,0.80,13.0,78.61,12.92,291.00,-97.63,255.31,232.68,255.31,232.68,-79.51,-97.63,M1->M2 x M3,267.32,522.62,285.8,146.7,345.1,755.3,460.9
500,0.80,14.0,98.42,34.21,320.41,-85.31,255.42,232.68,255.42,232.68,-73.39,-85.31,M1->M2 x M3,267.32,522.62,285.8,146.7,345.1,755.3,478.7
500,0.80,15.0,118.20,55.48,349.73,-72.88,255.69,232.71,255.69,232.71,-67.21,-72.88,M1->M2 x M3,267.32,522.62,285.8,146.7,345.1,755.3,496.5
500,0.80,16.0,137.95,76.73,378.93,-60.34,256.11,233.69,256.11,233.69,-60.98,-60.98,M3->FP x M2,267.32,522.62,285.8,146.7,345.1,755.3,514.6
500,0.80,17.0,157.66,97.96,408.03,-47.67,256.68,236.07,256.68,236.07,-54.69,-54.69,M3->FP x M2,267.32,522.62,285.8,146.7,345.1,755.3,532.8
500,0.80,18.0,177.31,119.16,437.00,-34.87,257.41,239.87,257.41,239.87,-48.33,-48.33,M3->FP x M2,267.32,522.62,285.8,146.7,345.1,755.3,551.3
500,0.80,19.0,196.92,140.33,465.83,-21.92,258.31,245.04,258.31,245.04,-41.89,-41.89,M3->FP x M2,267.32,522.62,285.8,146.7,345.1,755.3,569.9
500,0.80,20.0,216.46,161.45,494.53,-8.82,259.37,251.58,259.37,251.58,-35.38,-35.38,M3->FP x M2,267.32,522.62,285.8,146.7,345.1,755.3,588.8
500,0.85,2.0,-89.21,-178.36,0.33,-178.29,274.40,215.73,274.40,215.73,-89.44,-178.36,in->M1 x M3,284.27,558.67,279.8,155.8,365.2,774.4,312.1
500,0.85,3.0,-89.30,-178.39,0.25,-178.35,274.40,215.73,274.40,215.73,-88.83,-178.39,in->M1 x M3,284.27,558.67,279.8,155.8,365.2,774.4,312.1
500,0.85,4.0,-89.51,-178.37,22.19,-178.08,274.40,215.73,274.40,215.73,-89.24,-178.37,in->M1 x M3,284.27,558.67,279.8,155.8,365.2,774.4,313.8
500,0.85,5.0,-88.93,-173.54,51.77,-178.19,274.40,215.73,274.40,215.73,-89.05,-178.19,M1->M2 x M3,284.27,558.67,279.8,155.8,365.2,774.4,330.0
500,0.85,6.0,-69.77,-153.49,81.33,-178.41,274.40,215.73,274.40,215.73,-89.34,-178.41,M1->M2 x M3,284.27,558.67,279.8,155.8,365.2,774.4,346.3
500,0.85,7.0,-50.54,-133.38,110.87,-178.26,274.40,215.73,274.40,215.73,-89.35,-178.26,M1->M2 x M3,284.27,558.67,279.8,155.8,365.2,774.4,362.6
500,0.85,8.0,-31.23,-113.18,140.37,-171.98,274.40,215.73,274.40,215.73,-89.54,-171.98,M1->M2 x M3,284.27,558.67,279.8,155.8,365.2,774.4,379.0
500,0.85,9.0,-11.83,-92.88,169.83,-160.05,274.40,215.73,274.40,215.73,-89.46,-160.05,M1->M2 x M3,284.27,558.67,279.8,155.8,365.2,774.4,395.5
500,0.85,10.0,7.57,-72.47,199.24,-148.06,274.40,215.73,274.40,215.73,-89.09,-148.06,M1->M2 x M3,284.27,558.67,279.8,155.8,365.2,774.4,412.0
500,0.85,11.0,26.82,-51.94,228.59,-136.00,274.40,215.73,274.40,215.73,-89.39,-136.00,M1->M2 x M3,284.27,558.67,279.8,155.8,365.2,774.4,428.7
500,0.85,12.0,46.06,-31.27,257.87,-123.85,274.40,215.73,274.40,215.73,-88.71,-123.85,M1->M2 x M3,284.27,558.67,279.8,155.8,365.2,774.4,445.5
500,0.85,13.0,65.29,-10.45,287.07,-111.62,274.40,215.73,274.40,215.73,-89.16,-111.62,M1->M2 x M3,284.27,558.67,279.8,155.8,365.2,774.4,462.4
500,0.85,14.0,84.50,10.23,316.18,-99.29,274.42,215.73,274.42,215.73,-83.93,-99.29,M1->M2 x M3,284.27,558.67,279.8,155.8,365.2,774.4,479.5
500,0.85,15.0,103.69,30.65,345.20,-86.85,274.57,215.73,274.57,215.73,-77.75,-86.85,M1->M2 x M3,284.27,558.67,279.8,155.8,365.2,774.4,496.7
500,0.85,16.0,122.84,51.06,374.11,-74.29,274.85,215.73,274.85,215.73,-71.52,-74.29,M1->M2 x M3,284.27,558.67,279.8,155.8,365.2,774.4,514.0
500,0.85,17.0,141.96,71.45,402.91,-61.61,275.28,216.55,275.28,216.55,-65.22,-65.22,M3->FP x M2,284.27,558.67,279.8,155.8,365.2,774.4,531.6
500,0.85,18.0,161.03,91.82,431.58,-48.80,275.86,218.80,275.86,218.80,-58.85,-58.85,M3->FP x M2,284.27,558.67,279.8,155.8,365.2,774.4,549.3
500,0.85,19.0,180.05,112.16,460.13,-35.84,276.59,222.48,276.59,222.48,-52.42,-52.42,M3->FP x M2,284.27,558.67,279.8,155.8,365.2,774.4,567.3
500,0.85,20.0,199.02,132.47,488.53,-22.73,277.48,227.58,277.48,227.58,-45.91,-45.91,M3->FP x M2,284.27,558.67,279.8,155.8,365.2,774.4,585.4
500,0.90,2.0,-94.68,-189.53,0.08,-189.41,292.89,198.75,292.89,198.75,-94.60,-189.53,in->M1 x M3,301.25,594.14,274.4,165.0,385.0,792.9,331.8
500,0.90,3.0,-94.56,-189.70,0.01,-189.67,292.89,198.75,292.89,198.75,-94.60,-189.70,in->M1 x M3,301.25,594.14,274.4,165.0,385.0,792.9,331.8
500,0.90,4.0,-94.40,-189.75,21.24,-189.63,292.89,198.75,292.89,198.75,-94.58,-189.75,in->M1 x M3,301.25,594.14,274.4,165.0,385.0,792.9,331.8
500,0.90,5.0,-94.19,-189.05,50.57,-189.38,292.89,198.75,292.89,198.75,-94.60,-189.38,M1->M2 x M3,301.25,594.14,274.4,165.0,385.0,792.9,336.9
500,0.90,6.0,-78.39,-169.88,79.88,-189.74,292.89,198.75,292.89,198.75,-94.07,-189.74,M1->M2 x M3,301.25,594.14,274.4,165.0,385.0,792.9,352.6
500,0.90,7.0,-59.74,-150.64,109.18,-189.44,292.89,198.75,292.89,198.75,-94.75,-189.44,M1->M2 x M3,301.25,594.14,274.4,165.0,385.0,792.9,368.4
500,0.90,8.0,-41.01,-131.31,138.43,-185.52,292.89,198.75,292.89,198.75,-93.80,-185.52,M1->M2 x M3,301.25,594.14,274.4,165.0,385.0,792.9,384.2
500,0.90,9.0,-22.19,-111.90,167.65,-173.58,292.89,198.75,292.89,198.75,-94.63,-173.58,M1->M2 x M3,301.25,594.14,274.4,165.0,385.0,792.9,400.1
500,0.90,10.0,-3.27,-92.37,196.81,-161.58,292.89,198.75,292.89,198.75,-94.12,-161.58,M1->M2 x M3,301.25,594.14,274.4,165.0,385.0,792.9,416.1
500,0.90,11.0,15.49,-72.73,225.92,-149.51,292.89,198.75,292.89,198.75,-94.46,-149.51,M1->M2 x M3,301.25,594.14,274.4,165.0,385.0,792.9,432.2
500,0.90,12.0,34.19,-52.96,254.96,-137.35,292.89,198.75,292.89,198.75,-94.30,-137.35,M1->M2 x M3,301.25,594.14,274.4,165.0,385.0,792.9,448.4
500,0.90,13.0,52.89,-33.04,283.91,-125.11,292.89,198.75,292.89,198.75,-94.52,-125.11,M1->M2 x M3,301.25,594.14,274.4,165.0,385.0,792.9,464.7
500,0.90,14.0,71.56,-12.96,312.79,-112.77,292.89,198.75,292.89,198.75,-94.30,-112.77,M1->M2 x M3,301.25,594.14,274.4,165.0,385.0,792.9,481.2
500,0.90,15.0,90.22,7.05,341.56,-100.32,292.93,198.75,292.93,198.75,-88.12,-100.32,M1->M2 x M3,301.25,594.14,274.4,165.0,385.0,792.9,497.8
500,0.90,16.0,108.84,26.68,370.23,-87.75,293.10,198.75,293.10,198.75,-81.88,-87.75,M1->M2 x M3,301.25,594.14,274.4,165.0,385.0,792.9,514.5
500,0.90,17.0,127.44,46.30,398.79,-75.06,293.41,198.75,293.41,198.75,-75.58,-75.58,M3->FP x M2,301.25,594.14,274.4,165.0,385.0,792.9,531.4
500,0.90,18.0,145.99,65.90,427.23,-62.24,293.85,199.41,293.85,199.41,-69.21,-69.21,M3->FP x M2,301.25,594.14,274.4,165.0,385.0,792.9,548.6
500,0.90,19.0,164.50,85.49,455.54,-49.27,294.43,201.55,294.43,201.55,-62.77,-62.77,M3->FP x M2,301.25,594.14,274.4,165.0,385.0,792.9,565.9
500,0.90,20.0,182.96,105.05,483.71,-36.14,295.17,205.17,295.17,205.17,-56.26,-56.26,M3->FP x M2,301.25,594.14,274.4,165.0,385.0,792.9,583.4
550,0.30,2.0,-30.90,-53.65,0.05,-53.89,69.61,450.60,69.61,450.60,-31.58,-53.89,M1->M2 x M3,99.40,169.01,484.0,55.0,148.2,619.6,219.9
550,0.30,3.0,-4.64,-15.46,46.82,-53.75,69.61,450.60,69.61,450.60,-31.60,-53.75,M1->M2 x M3,99.40,169.01,484.0,55.0,148.2,619.6,257.7
550,0.30,4.0,37.01,30.27,95.40,-48.49,69.61,450.60,69.61,450.60,-28.72,-48.49,M1->M2 x M3,99.40,169.01,484.0,55.0,148.2,619.6,295.7
550,0.30,5.0,78.65,75.98,143.95,-36.86,69.61,451.68,69.61,451.68,-22.91,-36.86,M1->M2 x M3,99.40,169.01,484.0,55.0,148.2,619.6,333.7
550,0.30,6.0,120.27,121.66,192.46,-25.19,69.89,455.91,69.89,455.91,-17.09,-25.19,M1->M2 x M3,99.40,169.01,484.0,55.0,148.2,619.6,371.9
550,0.30,7.0,161.85,167.31,240.91,-13.48,70.66,463.28,70.66,463.28,-11.25,-13.48,M1->M2 x M3,99.40,169.01,484.0,55.0,148.2,619.6,410.2
550,0.30,8.0,203.38,212.90,289.29,-1.72,71.90,473.69,71.90,473.69,-5.39,-5.39,M3->FP x M2,99.40,169.01,484.0,55.0,148.2,619.6,448.6
550,0.30,9.0,244.85,258.43,337.58,9.37,73.59,486.97,73.59,486.97,0.49,0.49,M3->FP x M2,99.40,169.01,484.0,55.0,148.2,619.6,487.3
550,0.30,10.0,286.24,303.88,385.76,19.95,75.72,502.97,75.72,502.97,6.20,6.20,M3->FP x M2,99.40,169.01,484.0,55.0,148.2,619.6,526.2
550,0.30,11.0,327.55,349.24,433.83,30.07,78.25,521.50,78.25,521.50,11.95,11.95,M3->FP x M2,99.40,169.01,484.0,55.0,148.2,619.6,565.3
550,0.30,12.0,368.75,394.49,481.76,39.71,81.16,542.35,81.16,542.35,17.73,17.73,M3->FP x M2,99.40,169.01,484.0,55.0,148.2,619.6,604.7
550,0.30,13.0,409.85,439.63,529.55,48.84,84.43,565.34,84.43,565.34,23.56,23.56,M3->FP x M2,99.40,169.01,484.0,55.0,148.2,619.6,644.3
550,0.30,14.0,450.82,484.62,577.18,57.45,88.01,590.30,88.01,590.30,29.44,29.44,M3->FP x M2,99.40,169.01,484.0,55.0,148.2,619.6,684.4
550,0.30,15.0,491.65,529.48,624.63,65.55,91.90,617.07,91.90,617.07,35.36,35.36,M3->FP x M2,99.40,169.01,484.0,55.0,148.2,619.6,724.7
550,0.30,16.0,532.33,574.16,671.90,73.16,96.06,645.51,95.94,645.51,41.35,41.35,M3->FP x M2,99.40,169.01,484.0,55.0,148.2,619.6,765.5
550,0.30,17.0,572.85,618.68,718.95,80.28,100.47,675.50,99.74,675.50,47.39,47.39,M3->FP x M2,99.40,169.01,484.0,55.0,148.2,619.6,806.6
550,0.30,18.0,613.20,663.00,765.79,86.94,105.12,706.63,103.29,706.94,53.50,53.50,M3->FP x M2,99.40,169.01,484.0,55.0,148.2,619.6,848.2
550,0.30,19.0,653.36,707.13,812.39,93.16,109.99,735.98,106.60,739.74,59.67,59.67,M3->FP x M2,99.40,169.01,484.0,55.0,148.2,619.6,890.3
550,0.30,20.0,693.32,751.04,858.75,98.96,115.07,762.97,109.69,773.83,65.93,65.93,M3->FP x M2,99.40,169.01,484.0,55.0,148.2,619.6,932.9
550,0.35,2.0,-36.67,-64.47,0.32,-64.46,85.84,433.94,85.84,433.94,-36.85,-64.47,in->M1 x M3,116.06,201.90,441.1,64.2,166.6,635.8,219.2
550,0.35,3.0,-22.95,-39.82,34.60,-64.40,85.84,433.94,85.84,433.94,-36.67,-64.40,M1->M2 x M3,116.06,201.90,441.1,64.2,166.6,635.8,252.5
550,0.35,4.0,14.17,1.11,78.90,-64.47,85.84,433.94,85.84,433.94,-36.75,-64.47,M1->M2 x M3,116.06,201.90,441.1,64.2,166.6,635.8,285.8
550,0.35,5.0,51.26,41.98,123.18,-52.88,85.84,433.94,85.84,433.94,-32.68,-52.88,M1->M2 x M3,116.06,201.90,441.1,64.2,166.6,635.8,319.3
550,0.35,6.0,88.33,82.85,167.42,-41.20,85.86,435.23,85.86,435.23,-26.86,-41.20,M1->M2 x M3,116.06,201.90,441.1,64.2,166.6,635.8,352.8
550,0.35,7.0,125.38,123.68,211.61,-29.48,86.17,439.10,86.17,439.10,-21.02,-29.48,M1->M2 x M3,116.06,201.90,441.1,64.2,166.6,635.8,386.5
550,0.35,8.0,162.39,164.48,255.73,-17.71,86.88,445.51,86.88,445.51,-15.15,-17.71,M1->M2 x M3,116.06,201.90,441.1,64.2,166.6,635.8,420.3
550,0.35,9.0,199.35,205.24,299.78,-5.89,87.98,454.40,87.98,454.40,-9.25,-9.25,M3->FP x M2,116.06,201.90,441.1,64.2,166.6,635.8,454.3
550,0.35,10.0,236.24,245.92,343.73,5.59,89.46,465.66,89.46,465.66,-3.32,-3.32,M3->FP x M2,116.06,201.90,441.1,64.2,166.6,635.8,488.4
550,0.35,11.0,273.07,286.54,387.58,16.44,91.32,479.18,91.32,479.18,2.55,2.55,M3->FP x M2,116.06,201.90,441.1,64.2,166.6,635.8,522.8
550,0.35,12.0,309.81,327.06,431.32,26.93,93.54,494.82,93.54,494.82,8.33,8.33,M3->FP x M2,116.06,201.90,441.1,64.2,166.6,635.8,557.5
550,0.35,13.0,346.46,367.49,474.92,37.02,96.09,512.46,96.09,512.46,14.16,14.16,M3->FP x M2,116.06,201.90,441.1,64.2,166.6,635.8,592.4
550,0.35,14.0,383.00,407.80,518.37,46.69,98.98,531.96,98.98,531.96,20.04,20.04,M3->FP x M2,116.06,201.90,441.1,64.2,166.6,635.8,627.5
550,0.35,15.0,419.43,447.99,561.67,55.94,102.17,553.18,102.17,553.18,25.97,25.97,M3->FP x M2,116.06,201.90,441.1,64.2,166.6,635.8,663.0
550,0.35,16.0,455.73,488.05,604.80,64.75,105.66,576.01,105.66,576.01,31.96,31.96,M3->FP x M2,116.06,201.90,441.1,64.2,166.6,635.8,698.8
550,0.35,17.0,491.89,527.95,647.74,73.12,109.42,600.35,109.42,600.35,38.00,38.00,M3->FP x M2,116.06,201.90,441.1,64.2,166.6,635.8,735.0
550,0.35,18.0,527.90,567.70,690.48,81.07,113.45,626.10,113.45,626.10,44.11,44.11,M3->FP x M2,116.06,201.90,441.1,64.2,166.6,635.8,771.6
550,0.35,19.0,563.75,607.27,733.02,88.60,117.73,653.18,117.53,653.18,50.29,50.29,M3->FP x M2,116.06,201.90,441.1,64.2,166.6,635.8,808.6
550,0.35,20.0,599.43,646.66,775.33,95.72,122.25,681.52,121.38,681.52,56.54,56.54,M3->FP x M2,116.06,201.90,441.1,64.2,166.6,635.8,846.0
550,0.40,2.0,-41.10,-75.28,0.02,-75.26,103.00,417.25,103.00,417.25,-42.06,-75.28,in->M1 x M3,132.75,235.75,408.8,73.3,185.4,653.0,221.2
550,0.40,3.0,-38.00,-61.23,25.69,-75.13,103.00,417.25,103.00,417.25,-42.00,-75.13,M1->M2 x M3,132.75,235.75,408.8,73.3,185.4,653.0,251.1
550,0.40,4.0,-4.29,-24.03,66.87,-75.15,103.00,417.25,103.00,417.25,-41.92,-75.15,M1->M2 x M3,132.75,235.75,408.8,73.3,185.4,653.0,281.0
550,0.40,5.0,29.40,13.21,108.02,-68.93,103.00,417.25,103.00,417.25,-41.83,-68.93,M1->M2 x M3,132.75,235.75,408.8,73.3,185.4,653.0,311.0
550,0.40,6.0,63.07,50.40,149.15,-57.24,103.00,417.27,103.00,417.27,-36.88,-57.24,M1->M2 x M3,132.75,235.75,408.8,73.3,185.4,653.0,341.1
550,0.40,7.0,96.72,87.56,190.23,-45.51,103.04,418.64,103.04,418.64,-31.04,-45.51,M1->M2 x M3,132.75,235.75,408.8,73.3,185.4,653.0,371.3
550,0.40,8.0,130.34,124.70,231.25,-33.74,103.37,422.20,103.37,422.20,-25.17,-33.74,M1->M2 x M3,132.75,235.75,408.8,73.3,185.4,653.0,401.6
550,0.40,9.0,163.92,161.81,272.20,-21.90,104.04,427.90,104.04,427.90,-19.27,-21.90,M1->M2 x M3,132.75,235.75,408.8,73.3,185.4,653.0,432.1
550,0.40,10.0,197.45,198.86,313.07,-10.00,105.04,435.70,105.04,435.70,-13.34,-13.34,M3->FP x M2,132.75,235.75,408.8,73.3,185.4,653.0,462.7
550,0.40,11.0,230.92,235.85,353.84,1.84,106.37,445.55,106.37,445.55,-7.37,-7.37,M3->FP x M2,132.75,235.75,408.8,73.3,185.4,653.0,493.6
550,0.40,12.0,264.32,272.77,394.50,12.90,108.02,457.34,108.02,457.34,-1.36,-1.36,M3->FP x M2,132.75,235.75,408.8,73.3,185.4,653.0,524.6
550,0.40,13.0,297.64,309.61,435.05,23.67,110.00,470.98,110.00,470.98,4.52,4.52,M3->FP x M2,132.75,235.75,408.8,73.3,185.4,653.0,555.9
550,0.40,14.0,330.87,346.35,475.46,34.12,112.28,486.38,112.28,486.38,10.40,10.40,M3->FP x M2,132.75,235.75,408.8,73.3,185.4,653.0,587.5
550,0.40,15.0,363.99,382.99,515.72,44.22,114.86,503.42,114.86,503.42,16.33,16.33,M3->FP x M2,132.75,235.75,408.8,73.3,185.4,653.0,619.3
550,0.40,16.0,397.01,419.51,555.83,53.96,117.73,522.02,117.73,522.02,22.32,22.32,M3->FP x M2,132.75,235.75,408.8,73.3,185.4,653.0,651.4
550,0.40,17.0,429.91,455.91,595.77,63.33,120.88,542.08,120.88,542.08,28.36,28.36,M3->FP x M2,132.75,235.75,408.8,73.3,185.4,653.0,683.9
550,0.40,18.0,462.67,492.16,635.53,72.33,124.31,563.52,124.31,563.52,34.47,34.47,M3->FP x M2,132.75,235.75,408.8,73.3,185.4,653.0,716.7
550,0.40,19.0,495.30,528.27,675.10,80.95,128.00,586.26,128.00,586.26,40.66,40.66,M3->FP x M2,132.75,235.75,408.8,73.3,185.4,653.0,749.9
550,0.40,20.0,527.77,564.21,714.46,89.20,131.94,610.23,131.94,610.23,46.91,46.91,M3->FP x M2,132.75,235.75,408.8,73.3,185.4,653.0,783.5
550,0.45,2.0,-45.22,-86.32,0.10,-86.17,120.94,400.53,120.94,400.53,-47.24,-86.32,in->M1 x M3,149.47,270.40,383.8,82.5,204.7,670.9,225.1
550,0.45,3.0,-46.29,-80.72,18.99,-86.35,120.94,400.53,120.94,400.53,-47.18,-86.35,M1->M2 x M3,149.47,270.40,383.8,82.5,204.7,670.9,252.3
550,0.45,4.0,-19.84,-46.49,57.81,-86.12,120.94,400.53,120.94,400.53,-47.07,-86.12,M1->M2 x M3,149.47,270.40,383.8,82.5,204.7,670.9,279.6
550,0.45,5.0,11.23,-12.17,96.62,-84.96,120.94,400.53,120.94,400.53,-47.04,-84.96,M1->M2 x M3,149.47,270.40,383.8,82.5,204.7,670.9,306.9
550,0.45,6.0,42.25,22.13,135.40,-73.27,120.94,400.53,120.94,400.53,-47.12,-73.27,M1->M2 x M3,149.47,270.40,383.8,82.5,204.7,670.9,334.3
550,0.45,7.0,73.26,56.39,174.14,-61.53,120.94,400.58,120.94,400.58,-41.27,-61.53,M1->M2 x M3,149.47,270.40,383.8,82.5,204.7,670.9,361.8
550,0.45,8.0,104.25,90.62,212.83,-49.74,121.01,401.95,121.01,401.95,-35.40,-49.74,M1->M2 x M3,149.47,270.40,383.8,82.5,204.7,670.9,389.4
550,0.45,9.0,135.21,124.83,251.45,-37.90,121.36,405.23,121.36,405.23,-29.50,-37.90,M1->M2 x M3,149.47,270.40,383.8,82.5,204.7,670.9,417.1
550,0.45,10.0,166.12,159.00,290.00,-25.99,122.00,410.38,122.00,410.38,-23.57,-25.99,M1->M2 x M3,149.47,270.40,383.8,82.5,204.7,670.9,445.1
550,0.45,11.0,196.98,193.13,328.46,-14.01,122.92,417.38,122.92,417.38,-17.60,-17.60,M3->FP x M2,149.47,270.40,383.8,82.5,204.7,670.9,473.1
550,0.45,12.0,227.79,227.19,366.81,-1.95,124.13,426.18,124.13,426.18,-11.59,-11.59,M3->FP x M2,149.47,270.40,383.8,82.5,204.7,670.9,501.4
550,0.45,13.0,258.52,261.18,405.06,9.42,125.63,436.71,125.63,436.71,-5.53,-5.53,M3->FP x M2,149.47,270.40,383.8,82.5,204.7,670.9,529.9
550,0.45,14.0,289.18,295.10,443.18,20.43,127.41,448.90,127.41,448.90,0.55,0.55,M3->FP x M2,149.47,270.40,383.8,82.5,204.7,670.9,558.7
550,0.45,15.0,319.74,328.92,481.17,31.16,129.48,462.67,129.48,462.67,6.48,6.48,M3->FP x M2,149.47,270.40,383.8,82.5,204.7,670.9,587.6
550,0.45,16.0,350.21,362.65,519.01,41.61,131.82,477.95,131.82,477.95,12.47,12.47,M3->FP x M2,149.47,270.40,383.8,82.5,204.7,670.9,616.9
550,0.45,17.0,380.58,396.26,556.69,51.76,134.43,494.64,134.43,494.64,18.52,18.52,M3->FP x M2,149.47,270.40,383.8,82.5,204.7,670.9,646.5
550,0.45,18.0,410.82,429.75,594.20,61.59,137.31,512.68,137.31,512.68,24.63,24.63,M3->FP x M2,149.47,270.40,383.8,82.5,204.7,670.9,676.3
550,0.45,19.0,440.95,463.12,631.53,71.10,140.45,532.00,140.45,532.00,30.82,30.82,M3->FP x M2,149.47,270.40,383.8,82.5,204.7,670.9,706.5
550,0.45,20.0,470.93,496.34,668.67,80.28,143.84,552.53,143.84,552.53,37.07,37.07,M3->FP x M2,149.47,270.40,383.8,82.5,204.7,670.9,737.1
550,0.50,2.0,-51.00,-97.61,0.08,-97.45,139.51,383.78,139.51,383.78,-52.65,-97.61,in->M1 x M3,166.22,305.72,363.7,91.7,224.4,689.5,230.4
550,0.50,3.0,-52.35,-97.28,13.83,-97.57,139.51,383.78,139.51,383.78,-52.62,-97.57,M1->M2 x M3,166.22,305.72,363.7,91.7,224.4,689.5,255.4
550,0.50,4.0,-33.34,-67.10,50.85,-97.64,139.51,383.78,139.51,383.78,-52.61,-97.64,M1->M2 x M3,166.22,305.72,363.7,91.7,224.4,689.5,280.5
550,0.50,5.0,-4.37,-35.22,87.86,-97.42,139.51,383.78,139.51,383.78,-52.61,-97.42,M1->M2 x M3,166.22,305.72,363.7,91.7,224.4,689.5,305.7
550,0.50,6.0,24.55,-3.24,124.84,-89.23,139.51,383.78,139.51,383.78,-52.63,-89.23,M1->M2 x M3,166.22,305.72,363.7,91.7,224.4,689.5,330.9
550,0.50,7.0,53.45,28.64,161.78,-77.48,139.51,383.78,139.51,383.78,-51.69,-77.48,M1->M2 x M3,166.22,305.72,363.7,91.7,224.4,689.5,356.3
550,0.50,8.0,82.34,60.50,198.68,-65.68,139.51,383.85,139.51,383.85,-45.81,-65.68,M1->M2 x M3,166.22,305.72,363.7,91.7,224.4,689.5,381.7
550,0.50,9.0,111.19,92.35,235.51,-53.83,139.62,385.17,139.62,385.17,-39.91,-53.83,M1->M2 x M3,166.22,305.72,363.7,91.7,224.4,689.5,407.3
550,0.50,10.0,140.02,124.16,272.27,-41.91,139.98,388.20,139.98,388.20,-33.97,-41.91,M1->M2 x M3,166.22,305.72,363.7,91.7,224.4,689.5,433.0
550,0.50,11.0,168.80,155.94,308.95,-29.92,140.59,392.91,140.59,392.91,-28.00,-29.92,M1->M2 x M3,166.22,305.72,363.7,91.7,224.4,689.5,458.9
550,0.50,12.0,197.53,187.67,345.53,-17.84,141.46,399.30,141.46,399.30,-21.99,-21.99,M3->FP x M2,166.22,305.72,363.7,91.7,224.4,689.5,485.0
550,0.50,13.0,226.20,219.34,382.01,-5.68,142.58,407.31,142.58,407.31,-15.93,-15.93,M3->FP x M2,166.22,305.72,363.7,91.7,224.4,689.5,511.2
550,0.50,14.0,254.80,250.94,418.37,6.08,143.96,416.90,143.96,416.90,-9.83,-9.83,M3->FP x M2,166.22,305.72,363.7,91.7,224.4,689.5,537.7
550,0.50,15.0,283.32,282.47,454.60,17.29,145.60,428.00,145.60,428.00,-3.67,-3.67,M3->FP x M2,166.22,305.72,363.7,91.7,224.4,689.5,564.4
550,0.50,16.0,311.76,313.91,490.70,28.27,147.49,440.56,147.49,440.56,2.45,2.45,M3->FP x M2,166.22,305.72,363.7,91.7,224.4,689.5,591.4
550,0.50,17.0,340.10,345.26,526.64,39.02,149.64,454.51,149.64,454.51,8.51,8.51,M3->FP x M2,166.22,305.72,363.7,91.7,224.4,689.5,618.6
550,0.50,18.0,368.34,376.50,562.43,49.51,152.04,469.79,152.04,469.79,14.62,14.62,M3->FP x M2,166.22,305.72,363.7,91.7,224.4,689.5,646.2
550,0.50,19.0,396.47,407.63,598.05,59.73,154.69,486.32,154.69,486.32,20.81,20.81,M3->FP x M2,166.22,305.72,363.7,91.7,224.4,689.5,674.0
550,0.50,20.0,424.48,438.63,633.48,69.68,157.59,504.06,157.59,504.06,27.07,27.07,M3->FP x M2,166.22,305.72,363.7,91.7,224.4,689.5,702.2
550,0.55,2.0,-57.63,-109.01,1.17,-109.03,158.57,367.01,158.57,367.01,-57.67,-109.03,M1->M2 x M3,182.99,341.56,347.3,100.8,244.3,708.6,236.6
550,0.55,3.0,-57.23,-108.98,9.81,-108.71,158.57,367.01,158.57,367.01,-57.72,-108.98,in->M1 x M3,182.99,341.56,347.3,100.8,244.3,708.6,259.9
550,0.55,4.0,-45.34,-86.39,45.42,-108.99,158.57,367.01,158.57,367.01,-57.79,-108.99,M1->M2 x M3,182.99,341.56,347.3,100.8,244.3,708.6,283.2
550,0.55,5.0,-18.13,-56.55,81.02,-108.72,158.57,367.01,158.57,367.01,-57.63,-108.72,M1->M2 x M3,182.99,341.56,347.3,100.8,244.3,708.6,306.7
550,0.55,6.0,9.12,-26.63,116.59,-105.07,158.57,367.01,158.57,367.01,-57.56,-105.07,M1->M2 x M3,182.99,341.56,347.3,100.8,244.3,708.6,330.1
550,0.55,7.0,36.29,3.38,152.13,-93.31,158.57,367.01,158.57,367.01,-57.83,-93.31,M1->M2 x M3,182.99,341.56,347.3,100.8,244.3,708.6,353.7
550,0.55,8.0,63.46,33.25,187.62,-81.51,158.57,367.01,158.57,367.01,-56.35,-81.51,M1->M2 x M3,182.99,341.56,347.3,100.8,244.3,708.6,377.4
550,0.55,9.0,90.60,63.11,223.05,-69.64,158.57,367.08,158.57,367.08,-50.45,-69.64,M1->M2 x M3,182.99,341.56,347.3,100.8,244.3,708.6,401.2
550,0.55,10.0,117.72,92.95,258.42,-57.71,158.72,368.32,158.72,368.32,-44.51,-57.71,M1->M2 x M3,182.99,341.56,347.3,100.8,244.3,708.6,425.1
550,0.55,11.0,144.80,122.77,293.71,-45.71,159.08,371.13,159.08,371.13,-38.53,-45.71,M1->M2 x M3,182.99,341.56,347.3,100.8,244.3,708.6,449.2
550,0.55,12.0,171.84,152.54,328.91,-33.63,159.68,375.48,159.68,375.48,-32.52,-33.63,M1->M2 x M3,182.99,341.56,347.3,100.8,244.3,708.6,473.5
550,0.55,13.0,198.82,182.27,364.01,-21.46,160.50,381.38,160.50,381.38,-26.46,-26.46,M3->FP x M2,182.99,341.56,347.3,100.8,244.3,708.6,497.9
550,0.55,14.0,225.75,211.94,398.99,-9.19,161.56,388.78,161.56,388.78,-20.35,-20.35,M3->FP x M2,182.99,341.56,347.3,100.8,244.3,708.6,522.5
550,0.55,15.0,252.60,241.55,433.86,2.95,162.84,397.65,162.84,397.65,-14.19,-14.19,M3->FP x M2,182.99,341.56,347.3,100.8,244.3,708.6,547.4
550,0.55,16.0,279.38,271.09,468.59,14.34,164.37,407.93,164.37,407.93,-7.98,-7.98,M3->FP x M2,182.99,341.56,347.3,100.8,244.3,708.6,572.5
550,0.55,17.0,306.07,300.54,503.18,25.55,166.12,419.58,166.12,419.58,-1.70,-1.70,M3->FP x M2,182.99,341.56,347.3,100.8,244.3,708.6,597.8
550,0.55,18.0,332.67,329.90,537.62,36.55,168.12,432.53,168.12,432.53,4.48,4.48,M3->FP x M2,182.99,341.56,347.3,100.8,244.3,708.6,623.4
550,0.55,19.0,359.17,359.16,571.89,47.34,170.35,446.73,170.35,446.73,10.67,10.67,M3->FP x M2,182.99,341.56,347.3,100.8,244.3,708.6,649.3
550,0.55,20.0,385.56,388.31,605.99,57.90,172.82,462.12,172.82,462.12,16.93,16.93,M3->FP x M2,182.99,341.56,347.3,100.8,244.3,708.6,675.6
550,0.60,2.0,-63.19,-120.67,0.07,-120.46,177.96,350.20,177.96,350.20,-63.17,-120.67,in->M1 x M3,199.80,377.76,333.7,110.0,264.5,728.0,243.5
550,0.60,3.0,-62.93,-120.59,6.63,-120.54,177.96,350.20,177.96,350.20,-63.18,-120.59,in->M1 x M3,199.80,377.76,333.7,110.0,264.5,728.0,265.4
550,0.60,4.0,-56.22,-104.68,41.13,-120.30,177.96,350.20,177.96,350.20,-63.19,-120.30,M1->M2 x M3,199.80,377.76,333.7,110.0,264.5,728.0,287.3
550,0.60,5.0,-30.47,-76.59,75.61,-120.48,177.96,350.20,177.96,350.20,-63.04,-120.48,M1->M2 x M3,199.80,377.76,333.7,110.0,264.5,728.0,309.2
550,0.60,6.0,-4.64,-48.42,110.07,-120.59,177.96,350.20,177.96,350.20,-63.02,-120.59,M1->M2 x M3,199.80,377.76,333.7,110.0,264.5,728.0,331.3
550,0.60,7.0,21.12,-20.15,144.50,-108.99,177.96,350.20,177.96,350.20,-62.98,-108.99,M1->M2 x M3,199.80,377.76,333.7,110.0,264.5,728.0,353.4
550,0.60,8.0,46.85,8.16,178.89,-97.17,177.96,350.20,177.96,350.20,-62.87,-97.17,M1->M2 x M3,199.80,377.76,333.7,110.0,264.5,728.0,375.6
550,0.60,9.0,72.57,36.32,213.22,-85.30,177.96,350.20,177.96,350.20,-61.08,-85.30,M1->M2 x M3,199.80,377.76,333.7,110.0,264.5,728.0,397.9
550,0.60,10.0,98.27,64.48,247.48,-73.36,177.98,350.26,177.98,350.26,-55.14,-73.36,M1->M2 x M3,199.80,377.76,333.7,110.0,264.5,728.0,420.3
550,0.60,11.0,123.94,92.61,281.67,-61.34,178.15,351.41,178.15,351.41,-49.16,-61.34,M1->M2 x M3,199.80,377.76,333.7,110.0,264.5,728.0,442.9
550,0.60,12.0,149.57,120.72,315.78,-49.25,178.53,354.02,178.53,354.02,-43.15,-49.25,M1->M2 x M3,199.80,377.76,333.7,110.0,264.5,728.0,465.6
550,0.60,13.0,175.15,148.79,349.79,-37.07,179.11,358.08,179.11,358.08,-37.08,-37.08,M3->FP x M2,199.80,377.76,333.7,110.0,264.5,728.0,488.6
550,0.60,14.0,200.68,176.81,383.69,-24.79,179.90,363.59,179.90,363.59,-30.97,-30.97,M3->FP x M2,199.80,377.76,333.7,110.0,264.5,728.0,511.7
550,0.60,15.0,226.15,204.78,417.47,-12.41,180.90,370.51,180.90,370.51,-24.81,-24.81,M3->FP x M2,199.80,377.76,333.7,110.0,264.5,728.0,535.0
550,0.60,16.0,251.55,232.69,451.13,0.09,182.12,378.82,182.12,378.82,-18.59,-18.59,M3->FP x M2,199.80,377.76,333.7,110.0,264.5,728.0,558.5
550,0.60,17.0,276.87,260.52,484.65,11.65,183.55,388.47,183.55,388.47,-12.31,-12.31,M3->FP x M2,199.80,377.76,333.7,110.0,264.5,728.0,582.2
550,0.60,18.0,302.11,288.28,518.02,23.06,185.20,399.42,185.20,399.42,-5.96,-5.96,M3->FP x M2,199.80,377.76,333.7,110.0,264.5,728.0,606.3
550,0.60,19.0,327.26,315.95,551.24,34.30,187.07,411.61,187.07,411.61,0.45,0.45,M3->FP x M2,199.80,377.76,333.7,110.0,264.5,728.0,630.6
550,0.60,20.0,352.31,343.52,584.28,45.36,189.16,424.99,189.16,424.99,6.71,6.71,M3->FP x M2,199.80,377.76,333.7,110.0,264.5,728.0,655.2
550,0.65,2.0,-67.78,-132.26,0.30,-132.17,197.55,333.36,197.55,333.36,-68.26,-132.26,in->M1 x M3,216.64,414.19,322.1,119.2,284.8,747.5,251.0
550,0.65,3.0,-68.36,-132.19,4.10,-132.01,197.55,333.36,197.55,333.36,-68.48,-132.19,in->M1 x M3,216.64,414.19,322.1,119.2,284.8,747.5,271.6
550,0.65,4.0,-66.23,-122.17,37.71,-131.98,197.55,333.36,197.55,333.36,-68.16,-131.98,M1->M2 x M3,216.64,414.19,322.1,119.2,284.8,747.5,292.3
550,0.65,5.0,-41.72,-95.61,71.31,-131.97,197.55,333.36,197.55,333.36,-68.22,-131.97,M1->M2 x M3,216.64,414.19,322.1,119.2,284.8,747.5,313.0
550,0.65,6.0,-17.14,-68.98,104.88,-132.00,197.55,333.36,197.55,333.36,-68.46,-132.00,M1->M2 x M3,216.64,414.19,322.1,119.2,284.8,747.5,333.8
550,0.65,7.0,7.48,-42.25,138.43,-124.45,197.55,333.36,197.55,333.36,-68.08,-124.45,M1->M2 x M3,216.64,414.19,322.1,119.2,284.8,747.5,354.7
550,0.65,8.0,32.00,-15.40,171.93,-112.63,197.55,333.36,197.55,333.36,-68.48,-112.63,M1->M2 x M3,216.64,414.19,322.1,119.2,284.8,747.5,375.6
550,0.65,9.0,56.52,11.43,205.38,-100.74,197.55,333.36,197.55,333.36,-68.14,-100.74,M1->M2 x M3,216.64,414.19,322.1,119.2,284.8,747.5,396.7
550,0.65,10.0,81.01,38.12,238.77,-88.79,197.55,333.36,197.55,333.36,-65.82,-88.79,M1->M2 x M3,216.64,414.19,322.1,119.2,284.8,747.5,417.9
550,0.65,11.0,105.49,64.80,272.09,-76.77,197.58,333.41,197.58,333.41,-59.84,-76.77,M1->M2 x M3,216.64,414.19,322.1,119.2,284.8,747.5,439.2
550,0.65,12.0,129.93,91.45,305.32,-64.67,197.78,334.45,197.78,334.45,-53.82,-64.67,M1->M2 x M3,216.64,414.19,322.1,119.2,284.8,747.5,460.6
550,0.65,13.0,154.33,118.08,338.46,-52.47,198.17,336.88,198.17,336.88,-47.76,-52.47,M1->M2 x M3,216.64,414.19,322.1,119.2,284.8,747.5,482.3
550,0.65,14.0,178.68,144.67,371.50,-40.18,198.74,340.70,198.74,340.70,-41.65,-41.65,M3->FP x M2,216.64,414.19,322.1,119.2,284.8,747.5,504.1
550,0.65,15.0,202.98,171.22,404.42,-27.79,199.51,345.89,199.51,345.89,-35.48,-35.48,M3->FP x M2,216.64,414.19,322.1,119.2,284.8,747.5,526.1
550,0.65,16.0,227.22,197.72,437.22,-15.28,200.47,352.44,200.47,352.44,-29.26,-29.26,M3->FP x M2,216.64,414.19,322.1,119.2,284.8,747.5,548.3
550,0.65,17.0,251.39,224.15,469.89,-2.64,201.63,360.32,201.63,360.32,-22.97,-22.97,M3->FP x M2,216.64,414.19,322.1,119.2,284.8,747.5,570.7
550,0.65,18.0,275.48,250.52,502.41,9.28,202.99,369.49,202.99,369.49,-16.62,-16.62,M3->FP x M2,216.64,414.19,322.1,119.2,284.8,747.5,593.4
550,0.65,19.0,299.49,276.81,534.78,20.88,204.55,379.90,204.55,379.90,-10.20,-10.20,M3->FP x M2,216.64,414.19,322.1,119.2,284.8,747.5,616.3
550,0.65,20.0,323.41,303.02,566.99,32.34,206.33,391.52,206.33,391.52,-3.69,-3.69,M3->FP x M2,216.64,414.19,322.1,119.2,284.8,747.5,639.5
550,0.70,2.0,-73.52,-143.69,0.21,-143.64,217.17,316.49,217.17,316.49,-73.40,-143.69,in->M1 x M3,233.51,450.68,312.2,128.3,305.1,767.2,258.9
550,0.70,3.0,-73.62,-143.86,2.07,-143.93,217.17,316.49,217.17,316.49,-73.63,-143.93,M1->M2 x M3,233.51,450.68,312.2,128.3,305.1,767.2,278.5
550,0.70,4.0,-72.06,-139.01,34.97,-143.70,217.17,316.49,217.17,316.49,-73.73,-143.70,M1->M2 x M3,233.51,450.68,312.2,128.3,305.1,767.2,298.1
550,0.70,5.0,-52.12,-113.80,67.85,-143.69,217.17,316.49,217.17,316.49,-73.53,-143.69,M1->M2 x M3,233.51,450.68,312.2,128.3,305.1,767.2,317.7
550,0.70,6.0,-28.60,-88.52,100.72,-143.87,217.17,316.49,217.17,316.49,-73.34,-143.87,M1->M2 x M3,233.51,450.68,312.2,128.3,305.1,767.2,337.5
550,0.70,7.0,-5.00,-63.15,133.56,-139.66,217.17,316.49,217.17,316.49,-73.18,-139.66,M1->M2 x M3,233.51,450.68,312.2,128.3,305.1,767.2,357.3
550,0.70,8.0,18.52,-37.68,166.36,-127.82,217.17,316.49,217.17,316.49,-73.30,-127.82,M1->M2 x M3,233.51,450.68,312.2,128.3,305.1,767.2,377.2
550,0.70,9.0,42.01,-12.08,199.10,-115.93,217.17,316.49,217.17,316.49,-73.42,-115.93,M1->M2 x M3,233.51,450.68,312.2,128.3,305.1,767.2,397.1
550,0.70,10.0,65.48,13.46,231.79,-103.97,217.17,316.49,217.17,316.49,-73.50,-103.97,M1->M2 x M3,233.51,450.68,312.2,128.3,305.1,767.2,417.2
550,0.70,11.0,88.93,38.85,264.40,-91.94,217.17,316.49,217.17,316.49,-70.54,-91.94,M1->M2 x M3,233.51,450.68,312.2,128.3,305.1,767.2,437.5
550,0.70,12.0,112.36,64.23,296.94,-79.82,217.23,316.52,217.23,316.52,-64.51,-79.82,M1->M2 x M3,233.51,450.68,312.2,128.3,305.1,767.2,457.8
550,0.70,13.0,135.75,89.59,329.38,-67.62,217.45,317.46,217.45,317.46,-58.45,-67.62,M1->M2 x M3,233.51,450.68,312.2,128.3,305.1,767.2,478.4
550,0.70,14.0,159.10,114.92,361.72,-55.32,217.85,319.73,217.85,319.73,-52.33,-55.32,M1->M2 x M3,233.51,450.68,312.2,128.3,305.1,767.2,499.0
550,0.70,15.0,182.40,140.21,393.96,-42.91,218.42,323.34,218.42,323.34,-46.16,-46.16,M3->FP x M2,233.51,450.68,312.2,128.3,305.1,767.2,519.9
550,0.70,16.0,205.64,165.47,426.07,-30.39,219.17,328.28,219.17,328.28,-39.93,-39.93,M3->FP x M2,233.51,450.68,312.2,128.3,305.1,767.2,541.0
550,0.70,17.0,228.82,190.67,458.05,-17.74,220.10,334.54,220.10,334.54,-33.65,-33.65,M3->FP x M2,233.51,450.68,312.2,128.3,305.1,767.2,562.3
550,0.70,18.0,251.94,215.82,489.90,-4.96,221.21,342.09,221.21,342.09,-27.29,-27.29,M3->FP x M2,233.51,450.68,312.2,128.3,305.1,767.2,583.8
550,0.70,19.0,274.97,240.90,521.59,7.30,222.52,350.89,222.52,350.89,-20.86,-20.86,M3->FP x M2,233.51,450.68,312.2,128.3,305.1,767.2,605.5
550,0.70,20.0,297.93,265.90,553.13,19.08,224.02,360.91,224.02,360.91,-14.36,-14.36,M3->FP x M2,233.51,450.68,312.2,128.3,305.1,767.2,627.6
550,0.75,2.0,-78.86,-155.58,0.16,-155.16,236.68,299.60,236.68,299.60,-78.37,-155.58,in->M1 x M3,250.40,487.09,303.6,137.5,325.4,786.7,272.4
550,0.75,3.0,-78.78,-155.46,0.43,-155.36,236.68,299.60,236.68,299.60,-78.98,-155.46,in->M1 x M3,250.40,487.09,303.6,137.5,325.4,786.7,285.7
550,0.75,4.0,-78.34,-155.28,32.76,-155.54,236.68,299.60,236.68,299.60,-78.87,-155.54,M1->M2 x M3,250.40,487.09,303.6,137.5,325.4,786.7,304.4
550,0.75,5.0,-61.84,-131.29,65.08,-155.51,236.68,299.60,236.68,299.60,-78.74,-155.51,M1->M2 x M3,250.40,487.09,303.6,137.5,325.4,786.7,323.2
550,0.75,6.0,-39.24,-107.22,97.37,-155.40,236.68,299.60,236.68,299.60,-78.66,-155.40,M1->M2 x M3,250.40,487.09,303.6,137.5,325.4,786.7,342.0
550,0.75,7.0,-16.56,-83.07,129.64,-154.57,236.68,299.60,236.68,299.60,-78.64,-154.57,M1->M2 x M3,250.40,487.09,303.6,137.5,325.4,786.7,360.8
550,0.75,8.0,6.15,-58.82,161.87,-142.72,236.68,299.60,236.68,299.60,-78.80,-142.72,M1->M2 x M3,250.40,487.09,303.6,137.5,325.4,786.7,379.8
550,0.75,9.0,28.74,-34.45,194.05,-130.81,236.68,299.60,236.68,299.60,-79.03,-130.81,M1->M2 x M3,250.40,487.09,303.6,137.5,325.4,786.7,398.9
550,0.75,10.0,51.33,-9.95,226.17,-118.84,236.68,299.60,236.68,299.60,-78.82,-118.84,M1->M2 x M3,250.40,487.09,303.6,137.5,325.4,786.7,418.0
550,0.75,11.0,73.90,14.44,258.22,-106.80,236.68,299.60,236.68,299.60,-78.73,-106.80,M1->M2 x M3,250.40,487.09,303.6,137.5,325.4,786.7,437.3
550,0.75,12.0,96.44,38.68,290.19,-94.67,236.68,299.60,236.68,299.60,-75.17,-94.67,M1->M2 x M3,250.40,487.09,303.6,137.5,325.4,786.7,456.7
550,0.75,13.0,118.96,62.90,322.07,-82.46,236.77,299.61,236.77,299.61,-69.10,-82.46,M1->M2 x M3,250.40,487.09,303.6,137.5,325.4,786.7,476.3
550,0.75,14.0,141.44,87.11,353.86,-70.15,237.02,300.43,237.02,300.43,-62.98,-70.15,M1->M2 x M3,250.40,487.09,303.6,137.5,325.4,786.7,496.0
550,0.75,15.0,163.88,111.29,385.53,-57.73,237.42,302.56,237.42,302.56,-56.81,-57.73,M1->M2 x M3,250.40,487.09,303.6,137.5,325.4,786.7,515.9
550,0.75,16.0,186.27,135.44,417.09,-45.20,237.99,306.00,237.99,306.00,-50.58,-50.58,M3->FP x M2,250.40,487.09,303.6,137.5,325.4,786.7,536.0
550,0.75,17.0,208.60,159.54,448.53,-32.54,238.73,310.75,238.73,310.75,-44.29,-44.29,M3->FP x M2,250.40,487.09,303.6,137.5,325.4,786.7,556.3
550,0.75,18.0,230.86,183.60,479.82,-19.75,239.64,316.79,239.64,316.79,-37.93,-37.93,M3->FP x M2,250.40,487.09,303.6,137.5,325.4,786.7,576.8
550,0.75,19.0,253.06,207.60,510.97,-6.81,240.72,324.10,240.72,324.10,-31.50,-31.50,M3->FP x M2,250.40,487.09,303.6,137.5,325.4,786.7,597.6
550,0.75,20.0,275.18,231.54,541.97,5.75,241.98,332.65,241.98,332.65,-25.00,-25.00,M3->FP x M2,250.40,487.09,303.6,137.5,325.4,786.7,618.6
550,0.80,2.0,-83.71,-166.87,0.18,-166.74,255.94,282.67,255.94,282.67,-84.27,-166.87,in->M1 x M3,267.33,523.26,296.1,146.7,345.5,805.9,292.5
550,0.80,3.0,-83.69,-166.76,0.02,-166.92,255.94,282.67,255.94,282.67,-83.96,-166.92,M1->M2 x M3,267.33,523.26,296.1,146.7,345.5,805.9,293.2
550,0.80,4.0,-83.78,-166.73,30.97,-166.89,255.94,282.67,255.94,282.67,-83.54,-166.89,M1->M2 x M3,267.33,523.26,296.1,146.7,345.5,805.9,311.1
550,0.80,5.0,-71.00,-148.15,62.83,-167.14,255.94,282.67,255.94,282.67,-84.07,-167.14,M1->M2 x M3,267.33,523.26,296.1,146.7,345.5,805.9,329.1
550,0.80,6.0,-49.21,-125.18,94.66,-166.82,255.94,282.67,255.94,282.67,-84.10,-166.82,M1->M2 x M3,267.33,523.26,296.1,146.7,345.5,805.9,347.1
550,0.80,7.0,-27.34,-102.13,126.47,-166.97,255.94,282.67,255.94,282.67,-83.55,-166.97,M1->M2 x M3,267.33,523.26,296.1,146.7,345.5,805.9,365.2
550,0.80,8.0,-5.38,-78.99,158.24,-157.26,255.94,282.67,255.94,282.67,-83.90,-157.26,M1->M2 x M3,267.33,523.26,296.1,146.7,345.5,805.9,383.3
550,0.80,9.0,16.48,-55.73,189.96,-145.34,255.94,282.67,255.94,282.67,-84.17,-145.34,M1->M2 x M3,267.33,523.26,296.1,146.7,345.5,805.9,401.6
550,0.80,10.0,38.29,-32.35,221.62,-133.36,255.94,282.67,255.94,282.67,-83.56,-133.36,M1->M2 x M3,267.33,523.26,296.1,146.7,345.5,805.9,419.9
550,0.80,11.0,60.09,-8.83,253.21,-121.30,255.94,282.67,255.94,282.67,-83.99,-121.30,M1->M2 x M3,267.33,523.26,296.1,146.7,345.5,805.9,438.4
550,0.80,12.0,81.87,14.54,284.73,-109.17,255.94,282.67,255.94,282.67,-83.94,-109.17,M1->M2 x M3,267.33,523.26,296.1,146.7,345.5,805.9,457.0
550,0.80,13.0,103.63,37.74,316.16,-96.95,255.94,282.67,255.94,282.67,-79.69,-96.95,M1->M2 x M3,267.33,523.26,296.1,146.7,345.5,805.9,475.7
550,0.80,14.0,125.35,60.94,347.49,-84.62,256.06,282.67,256.06,282.67,-73.56,-84.62,M1->M2 x M3,267.33,523.26,296.1,146.7,345.5,805.9,494.6
550,0.80,15.0,147.04,84.11,378.72,-72.20,256.33,283.39,256.33,283.39,-67.39,-72.20,M1->M2 x M3,267.33,523.26,296.1,146.7,345.5,805.9,513.6
550,0.80,16.0,168.68,107.26,409.83,-59.65,256.74,285.39,256.74,285.39,-61.16,-61.16,M3->FP x M2,267.33,523.26,296.1,146.7,345.5,805.9,532.9
550,0.80,17.0,190.27,130.37,440.82,-46.98,257.32,288.70,257.32,288.70,-54.86,-54.86,M3->FP x M2,267.33,523.26,296.1,146.7,345.5,805.9,552.3
550,0.80,18.0,211.80,153.45,471.68,-34.18,258.05,293.30,258.05,293.30,-48.50,-48.50,M3->FP x M2,267.33,523.26,296.1,146.7,345.5,805.9,571.9
550,0.80,19.0,233.27,176.48,502.39,-21.23,258.94,299.19,258.94,299.19,-42.07,-42.07,M3->FP x M2,267.33,523.26,296.1,146.7,345.5,805.9,591.8
550,0.80,20.0,254.66,199.46,532.94,-8.13,260.00,306.34,260.00,306.34,-35.56,-35.56,M3->FP x M2,267.33,523.26,296.1,146.7,345.5,805.9,611.9
550,0.85,2.0,-89.05,-178.50,0.35,-178.24,274.78,265.72,274.78,265.72,-89.45,-178.50,in->M1 x M3,284.28,559.06,289.5,155.8,365.4,824.8,312.3
550,0.85,3.0,-89.59,-178.48,0.23,-178.42,274.78,265.72,274.78,265.72,-88.80,-178.48,in->M1 x M3,284.28,559.06,289.5,155.8,365.4,824.8,312.3
550,0.85,4.0,-89.38,-178.46,29.52,-178.58,274.78,265.72,274.78,265.72,-89.27,-178.58,M1->M2 x M3,284.28,559.06,289.5,155.8,365.4,824.8,318.2
550,0.85,5.0,-79.70,-164.43,61.00,-178.47,274.78,265.72,274.78,265.72,-89.01,-178.47,M1->M2 x M3,284.28,559.06,289.5,155.8,365.4,824.8,335.4
550,0.85,6.0,-58.62,-142.47,92.46,-178.39,274.78,265.72,274.78,265.72,-89.29,-178.39,M1->M2 x M3,284.28,559.06,289.5,155.8,365.4,824.8,352.7
550,0.85,7.0,-37.47,-120.43,123.89,-178.17,274.78,265.72,274.78,265.72,-89.29,-178.17,M1->M2 x M3,284.28,559.06,289.5,155.8,365.4,824.8,370.1
550,0.85,8.0,-16.23,-98.30,155.29,-171.39,274.78,265.72,274.78,265.72,-89.60,-171.39,M1->M2 x M3,284.28,559.06,289.5,155.8,365.4,824.8,387.5
550,0.85,9.0,5.05,-76.06,186.63,-159.46,274.78,265.72,274.78,265.72,-89.53,-159.46,M1->M2 x M3,284.28,559.06,289.5,155.8,365.4,824.8,405.1
550,0.85,10.0,26.18,-53.70,217.92,-147.47,274.78,265.72,274.78,265.72,-89.17,-147.47,M1->M2 x M3,284.28,559.06,289.5,155.8,365.4,824.8,422.7
550,0.85,11.0,47.30,-31.21,249.15,-135.41,274.78,265.72,274.78,265.72,-89.30,-135.41,M1->M2 x M3,284.28,559.06,289.5,155.8,365.4,824.8,440.4
550,0.85,12.0,68.41,-8.56,280.29,-123.26,274.78,265.72,274.78,265.72,-88.61,-123.26,M1->M2 x M3,284.28,559.06,289.5,155.8,365.4,824.8,458.3
550,0.85,13.0,89.49,13.90,311.36,-111.03,274.78,265.72,274.78,265.72,-89.24,-111.03,M1->M2 x M3,284.28,559.06,289.5,155.8,365.4,824.8,476.3
550,0.85,14.0,110.55,36.16,342.32,-98.70,274.80,265.72,274.80,265.72,-84.03,-98.70,M1->M2 x M3,284.28,559.06,289.5,155.8,365.4,824.8,494.4
550,0.85,15.0,131.58,58.42,373.19,-86.26,274.95,265.72,274.95,265.72,-77.85,-86.26,M1->M2 x M3,284.28,559.06,289.5,155.8,365.4,824.8,512.7
550,0.85,16.0,152.56,80.66,403.94,-73.70,275.23,266.33,275.23,266.33,-71.62,-73.70,M1->M2 x M3,284.28,559.06,289.5,155.8,365.4,824.8,531.2
550,0.85,17.0,173.50,102.88,434.56,-61.03,275.66,268.23,275.66,268.23,-65.32,-65.32,M3->FP x M2,284.28,559.06,289.5,155.8,365.4,824.8,549.8
550,0.85,18.0,194.38,125.06,465.06,-48.21,276.24,271.43,276.24,271.43,-58.96,-58.96,M3->FP x M2,284.28,559.06,289.5,155.8,365.4,824.8,568.7
550,0.85,19.0,215.21,147.21,495.41,-35.25,276.97,275.94,276.97,275.94,-52.52,-52.52,M3->FP x M2,284.28,559.06,289.5,155.8,365.4,824.8,587.8
550,0.85,20.0,235.97,169.31,525.61,-22.14,277.85,281.73,277.85,281.73,-46.01,-46.01,M3->FP x M2,284.28,559.06,289.5,155.8,365.4,824.8,607.1
550,0.90,2.0,-94.17,-189.44,0.22,-189.59,293.07,248.75,293.07,248.75,-94.61,-189.59,M1->M2 x M3,301.25,594.32,283.6,165.0,385.1,843.1,331.9
550,0.90,3.0,-94.61,-189.74,0.97,-189.78,293.07,248.75,293.07,248.75,-94.61,-189.78,M1->M2 x M3,301.25,594.32,283.6,165.0,385.1,843.1,331.9
550,0.90,4.0,-94.65,-189.70,28.34,-189.41,293.07,248.75,293.07,248.75,-94.57,-189.70,in->M1 x M3,301.25,594.32,283.6,165.0,385.1,843.1,331.9
550,0.90,5.0,-88.02,-180.16,59.51,-189.77,293.07,248.75,293.07,248.75,-94.58,-189.77,M1->M2 x M3,301.25,594.32,283.6,165.0,385.1,843.1,342.0
550,0.90,6.0,-67.58,-159.12,90.66,-189.51,293.07,248.75,293.07,248.75,-94.05,-189.51,M1->M2 x M3,301.25,594.32,283.6,165.0,385.1,843.1,358.7
550,0.90,7.0,-47.06,-138.02,121.79,-189.79,293.07,248.75,293.07,248.75,-94.77,-189.79,M1->M2 x M3,301.25,594.32,283.6,165.0,385.1,843.1,375.4
550,0.90,8.0,-26.46,-116.82,152.88,-185.07,293.07,248.75,293.07,248.75,-93.83,-185.07,M1->M2 x M3,301.25,594.32,283.6,165.0,385.1,843.1,392.2
550,0.90,9.0,-5.75,-95.52,183.92,-173.14,293.07,248.75,293.07,248.75,-94.60,-173.14,M1->M2 x M3,301.25,594.32,283.6,165.0,385.1,843.1,409.1
550,0.90,10.0,14.84,-74.10,214.90,-161.14,293.07,248.75,293.07,248.75,-94.16,-161.14,M1->M2 x M3,301.25,594.32,283.6,165.0,385.1,843.1,426.1
550,0.90,11.0,35.36,-52.56,245.82,-149.06,293.07,248.75,293.07,248.75,-94.50,-149.06,M1->M2 x M3,301.25,594.32,283.6,165.0,385.1,843.1,443.2
550,0.90,12.0,55.87,-30.87,276.67,-136.91,293.07,248.75,293.07,248.75,-94.34,-136.91,M1->M2 x M3,301.25,594.32,283.6,165.0,385.1,843.1,460.4
550,0.90,13.0,76.36,-9.02,307.43,-124.66,293.07,248.75,293.07,248.75,-94.57,-124.66,M1->M2 x M3,301.25,594.32,283.6,165.0,385.1,843.1,477.7
550,0.90,14.0,96.83,12.63,338.10,-112.32,293.07,248.75,293.07,248.75,-94.35,-112.32,M1->M2 x M3,301.25,594.32,283.6,165.0,385.1,843.1,495.2
550,0.90,15.0,117.27,34.04,368.66,-99.87,293.11,248.75,293.11,248.75,-88.17,-99.87,M1->M2 x M3,301.25,594.32,283.6,165.0,385.1,843.1,512.8
550,0.90,16.0,137.67,55.45,399.11,-87.31,293.28,248.75,293.28,248.75,-81.93,-87.31,M1->M2 x M3,301.25,594.32,283.6,165.0,385.1,843.1,530.7
550,0.90,17.0,158.04,76.84,429.44,-74.62,293.58,249.26,293.58,249.26,-75.63,-75.63,M3->FP x M2,301.25,594.32,283.6,165.0,385.1,843.1,548.6
550,0.90,18.0,178.35,98.20,459.64,-61.79,294.03,251.07,294.03,251.07,-69.26,-69.26,M3->FP x M2,301.25,594.32,283.6,165.0,385.1,843.1,566.8
550,0.90,19.0,198.61,119.54,489.70,-48.82,294.61,254.21,294.61,254.21,-62.82,-62.82,M3->FP x M2,301.25,594.32,283.6,165.0,385.1,843.1,585.2
550,0.90,20.0,218.81,140.84,519.61,-35.70,295.35,258.67,295.35,258.67,-56.31,-56.31,M3->FP x M2,301.25,594.32,283.6,165.0,385.1,843.1,603.8
600,0.30,2.0,-30.75,-54.57,5.30,-54.67,72.04,500.59,72.04,500.59,-31.30,-54.67,M1->M2 x M3,99.41,171.45,511.3,55.0,149.6,672.0,226.8
600,0.30,3.0,6.14,-5.45,57.71,-54.52,72.04,500.59,72.04,500.59,-31.44,-54.52,M1->M2 x M3,99.41,171.45,511.3,55.0,149.6,672.0,267.6
600,0.30,4.0,51.56,44.05,110.11,-48.30,72.04,500.61,72.04,500.61,-29.39,-48.30,M1->M2 x M3,99.41,171.45,511.3,55.0,149.6,672.0,308.4
600,0.30,5.0,96.97,93.52,162.48,-36.67,72.04,502.59,72.04,502.59,-23.59,-36.67,M1->M2 x M3,99.41,171.45,511.3,55.0,149.6,672.0,349.4
600,0.30,6.0,142.35,142.97,214.79,-25.00,72.31,507.90,72.31,507.90,-17.77,-25.00,M1->M2 x M3,99.41,171.45,511.3,55.0,149.6,672.0,390.5
600,0.30,7.0,187.69,192.38,267.04,-13.29,73.05,516.46,73.05,516.46,-11.92,-13.29,M1->M2 x M3,99.41,171.45,511.3,55.0,149.6,672.0,431.7
600,0.30,8.0,232.97,241.73,319.21,-1.53,74.25,528.15,74.25,528.15,-6.06,-6.06,M3->FP x M2,99.41,171.45,511.3,55.0,149.6,672.0,473.2
600,0.30,9.0,278.18,291.00,371.28,9.51,75.89,542.84,75.89,542.84,-0.16,-0.16,M3->FP x M2,99.41,171.45,511.3,55.0,149.6,672.0,514.8
600,0.30,10.0,323.31,340.19,423.24,20.05,77.96,560.33,77.96,560.33,5.55,5.55,M3->FP x M2,99.41,171.45,511.3,55.0,149.6,672.0,556.7
600,0.30,11.0,368.33,389.27,475.07,30.13,80.42,580.44,80.42,580.44,11.30,11.30,M3->FP x M2,99.41,171.45,511.3,55.0,149.6,672.0,598.8
600,0.30,12.0,413.25,438.23,526.76,39.71,83.26,602.97,83.26,602.97,17.09,17.09,M3->FP x M2,99.41,171.45,511.3,55.0,149.6,672.0,641.2
600,0.30,13.0,458.03,487.06,578.28,48.79,86.44,627.74,86.44,627.74,22.92,22.92,M3->FP x M2,99.41,171.45,511.3,55.0,149.6,672.0,684.0
600,0.30,14.0,502.68,535.74,629.63,57.35,89.95,654.58,89.95,654.58,28.79,28.79,M3->FP x M2,99.41,171.45,511.3,55.0,149.6,672.0,727.1
600,0.30,15.0,547.18,584.26,680.79,65.40,93.75,683.31,93.75,683.31,34.72,34.72,M3->FP x M2,99.41,171.45,511.3,55.0,149.6,672.0,770.5
600,0.30,16.0,591.51,632.60,731.73,72.96,97.83,713.82,97.77,713.82,40.70,40.70,M3->FP x M2,99.41,171.45,511.3,55.0,149.6,672.0,814.4
600,0.30,17.0,635.66,680.74,782.46,80.04,102.17,745.97,101.59,745.97,46.75,46.75,M3->FP x M2,99.41,171.45,511.3,55.0,149.6,672.0,858.7
600,0.30,18.0,679.61,728.68,832.95,86.66,106.74,779.51,105.16,779.66,52.85,52.85,M3->FP x M2,99.41,171.45,511.3,55.0,149.6,672.0,903.5
600,0.30,19.0,723.36,776.40,883.18,92.84,111.54,811.46,108.49,814.80,59.03,59.03,M3->FP x M2,99.41,171.45,511.3,55.0,149.6,672.0,948.9
600,0.30,20.0,766.89,823.88,933.15,98.62,116.56,840.82,111.60,851.33,65.28,65.28,M3->FP x M2,99.41,171.45,511.3,55.0,149.6,672.0,994.8
600,0.35,2.0,-36.70,-65.20,1.18,-65.23,88.28,483.93,88.28,483.93,-36.74,-65.23,M1->M2 x M3,116.07,204.35,464.5,64.2,167.9,688.3,225.2
600,0.35,3.0,-13.35,-31.00,44.31,-65.15,88.28,483.93,88.28,483.93,-36.73,-65.15,M1->M2 x M3,116.07,204.35,464.5,64.2,167.9,688.3,261.0
600,0.35,4.0,27.12,13.27,92.02,-64.25,88.28,483.93,88.28,483.93,-36.72,-64.25,M1->M2 x M3,116.07,204.35,464.5,64.2,167.9,688.3,296.9
600,0.35,5.0,67.56,57.51,139.69,-52.61,88.28,484.07,88.28,484.07,-33.36,-52.61,M1->M2 x M3,116.07,204.35,464.5,64.2,167.9,688.3,332.8
600,0.35,6.0,107.99,101.72,187.33,-40.93,88.30,486.25,88.30,486.25,-27.54,-40.93,M1->M2 x M3,116.07,204.35,464.5,64.2,167.9,688.3,368.9
600,0.35,7.0,148.38,145.91,234.90,-29.21,88.60,491.10,88.60,491.10,-21.69,-29.21,M1->M2 x M3,116.07,204.35,464.5,64.2,167.9,688.3,405.1
600,0.35,8.0,188.73,190.05,282.41,-17.44,89.29,498.56,89.29,498.56,-15.82,-17.44,M1->M2 x M3,116.07,204.35,464.5,64.2,167.9,688.3,441.4
600,0.35,9.0,229.02,234.13,329.83,-5.62,90.37,508.57,90.37,508.57,-9.93,-9.93,M3->FP x M2,116.07,204.35,464.5,64.2,167.9,688.3,478.0
600,0.35,10.0,269.24,278.15,377.14,5.83,91.81,521.02,91.81,521.02,-4.00,-4.00,M3->FP x M2,116.07,204.35,464.5,64.2,167.9,688.3,514.7
600,0.35,11.0,309.37,322.07,424.35,16.64,93.62,535.79,93.62,535.79,1.89,1.89,M3->FP x M2,116.07,204.35,464.5,64.2,167.9,688.3,551.7
600,0.35,12.0,349.42,365.90,471.42,27.08,95.78,552.75,95.78,552.75,7.68,7.68,M3->FP x M2,116.07,204.35,464.5,64.2,167.9,688.3,588.9
600,0.35,13.0,389.35,409.62,518.35,37.12,98.28,571.77,98.28,571.77,13.51,13.51,M3->FP x M2,116.07,204.35,464.5,64.2,167.9,688.3,626.4
600,0.35,14.0,429.17,453.21,565.12,46.74,101.10,592.72,101.10,592.72,19.39,19.39,M3->FP x M2,116.07,204.35,464.5,64.2,167.9,688.3,664.2
600,0.35,15.0,468.86,496.67,611.72,55.94,104.23,615.47,104.23,615.47,25.32,25.32,M3->FP x M2,116.07,204.35,464.5,64.2,167.9,688.3,702.4
600,0.35,16.0,508.40,539.97,658.14,64.70,107.65,639.91,107.65,639.91,31.31,31.31,M3->FP x M2,116.07,204.35,464.5,64.2,167.9,688.3,740.9
600,0.35,17.0,547.79,583.11,704.35,73.03,111.35,665.93,111.35,665.93,37.35,37.35,M3->FP x M2,116.07,204.35,464.5,64.2,167.9,688.3,779.8
600,0.35,18.0,587.02,626.07,750.35,80.93,115.31,693.44,115.31,693.44,43.46,43.46,M3->FP x M2,116.07,204.35,464.5,64.2,167.9,688.3,819.1
600,0.35,19.0,626.06,668.84,796.12,88.41,119.53,722.36,119.39,722.36,49.64,49.64,M3->FP x M2,116.07,204.35,464.5,64.2,167.9,688.3,858.9
600,0.35,20.0,664.91,711.41,841.65,95.50,123.98,752.62,123.26,752.62,55.89,55.89,M3->FP x M2,116.07,204.35,464.5,64.2,167.9,688.3,899.2
600,0.40,2.0,-42.17,-75.30,0.26,-75.74,105.38,467.24,105.38,467.24,-42.01,-75.74,M1->M2 x M3,132.76,238.13,429.3,73.3,186.7,705.4,226.6
600,0.40,3.0,-29.29,-53.28,34.51,-75.97,105.38,467.24,105.38,467.24,-41.94,-75.97,M1->M2 x M3,132.76,238.13,429.3,73.3,186.7,705.4,258.6
600,0.40,4.0,7.47,-13.01,78.78,-76.05,105.38,467.24,105.38,467.24,-41.88,-76.05,M1->M2 x M3,132.76,238.13,429.3,73.3,186.7,705.4,290.7
600,0.40,5.0,44.20,27.25,123.02,-68.58,105.38,467.24,105.38,467.24,-41.90,-68.58,M1->M2 x M3,132.76,238.13,429.3,73.3,186.7,705.4,322.9
600,0.40,6.0,80.91,67.47,167.23,-56.90,105.38,467.52,105.38,467.52,-37.54,-56.90,M1->M2 x M3,132.76,238.13,429.3,73.3,186.7,705.4,355.2
600,0.40,7.0,117.59,107.68,211.38,-45.17,105.42,469.75,105.42,469.75,-31.70,-45.17,M1->M2 x M3,132.76,238.13,429.3,73.3,186.7,705.4,387.6
600,0.40,8.0,154.24,147.85,255.47,-33.39,105.75,474.21,105.75,474.21,-25.82,-33.39,M1->M2 x M3,132.76,238.13,429.3,73.3,186.7,705.4,420.2
600,0.40,9.0,190.84,187.98,299.49,-21.55,106.40,480.87,106.40,480.87,-19.93,-21.55,M1->M2 x M3,132.76,238.13,429.3,73.3,186.7,705.4,452.9
600,0.40,10.0,227.39,228.05,343.41,-9.65,107.38,489.67,107.38,489.67,-13.99,-13.99,M3->FP x M2,132.76,238.13,429.3,73.3,186.7,705.4,485.8
600,0.40,11.0,263.86,268.05,387.23,2.16,108.68,500.55,108.68,500.55,-8.03,-8.03,M3->FP x M2,132.76,238.13,429.3,73.3,186.7,705.4,518.9
600,0.40,12.0,300.25,307.97,430.93,13.19,110.30,513.42,110.30,513.42,-2.02,-2.02,M3->FP x M2,132.76,238.13,429.3,73.3,186.7,705.4,552.2
600,0.40,13.0,336.56,347.79,474.50,23.91,112.23,528.19,112.23,528.19,3.88,3.88,M3->FP x M2,132.76,238.13,429.3,73.3,186.7,705.4,585.8
600,0.40,14.0,372.76,387.51,517.92,34.31,114.46,544.76,114.46,544.76,9.77,9.77,M3->FP x M2,132.76,238.13,429.3,73.3,186.7,705.4,619.7
600,0.40,15.0,408.84,427.11,561.19,44.37,117.00,563.03,117.00,563.03,15.70,15.70,M3->FP x M2,132.76,238.13,429.3,73.3,186.7,705.4,653.8
600,0.40,16.0,444.81,466.58,604.28,54.06,119.82,582.92,119.82,582.92,21.68,21.68,M3->FP x M2,132.76,238.13,429.3,73.3,186.7,705.4,688.3
600,0.40,17.0,480.63,505.91,647.19,63.38,122.92,604.32,122.92,604.32,27.73,27.73,M3->FP x M2,132.76,238.13,429.3,73.3,186.7,705.4,723.1
600,0.40,18.0,516.31,545.08,689.91,72.33,126.29,627.17,126.29,627.17,33.84,33.84,M3->FP x M2,132.76,238.13,429.3,73.3,186.7,705.4,758.3
600,0.40,19.0,551.84,584.09,732.41,80.91,129.92,651.38,129.92,651.38,40.02,40.02,M3->FP x M2,132.76,238.13,429.3,73.3,186.7,705.4,794.0
600,0.40,20.0,587.19,622.92,774.69,89.11,133.81,676.89,133.81,676.89,46.28,46.28,M3->FP x M2,132.76,238.13,429.3,73.3,186.7,705.4,830.0
600,0.45,2.0,-46.69,-86.88,0.03,-87.03,123.19,450.52,123.19,450.52,-47.02,-87.03,M1->M2 x M3,149.48,272.66,402.0,82.5,206.0,723.2,229.9
600,0.45,3.0,-42.86,-73.43,27.11,-86.94,123.19,450.52,123.19,450.52,-47.20,-86.94,M1->M2 x M3,149.48,272.66,402.0,82.5,206.0,723.2,259.1
600,0.45,4.0,-9.00,-36.37,68.78,-86.94,123.19,450.52,123.19,450.52,-47.41,-86.94,M1->M2 x M3,149.48,272.66,402.0,82.5,206.0,723.2,288.3
600,0.45,5.0,24.85,0.78,110.44,-84.54,123.19,450.52,123.19,450.52,-47.31,-84.54,M1->M2 x M3,149.48,272.66,402.0,82.5,206.0,723.2,317.5
600,0.45,6.0,58.67,37.84,152.06,-72.84,123.19,450.52,123.19,450.52,-47.13,-72.84,M1->M2 x M3,149.48,272.66,402.0,82.5,206.0,723.2,346.9
600,0.45,7.0,92.48,74.89,193.63,-61.11,123.19,450.92,123.19,450.92,-41.90,-61.11,M1->M2 x M3,149.48,272.66,402.0,82.5,206.0,723.2,376.3
600,0.45,8.0,126.25,111.92,235.14,-49.32,123.26,453.12,123.26,453.12,-36.02,-49.32,M1->M2 x M3,149.48,272.66,402.0,82.5,206.0,723.2,405.9
600,0.45,9.0,159.99,148.91,276.59,-37.47,123.60,457.26,123.60,457.26,-30.12,-37.47,M1->M2 x M3,149.48,272.66,402.0,82.5,206.0,723.2,435.7
600,0.45,10.0,193.68,185.86,317.95,-25.56,124.23,463.29,124.23,463.29,-24.19,-25.56,M1->M2 x M3,149.48,272.66,402.0,82.5,206.0,723.2,465.6
600,0.45,11.0,227.31,222.75,359.21,-13.58,125.14,471.20,125.14,471.20,-18.22,-18.22,M3->FP x M2,149.48,272.66,402.0,82.5,206.0,723.2,495.7
600,0.45,12.0,260.87,259.57,400.36,-1.52,126.33,480.93,126.33,480.93,-12.21,-12.21,M3->FP x M2,149.48,272.66,402.0,82.5,206.0,723.2,526.0
600,0.45,13.0,294.35,296.31,441.39,9.79,127.80,492.42,127.80,492.42,-6.16,-6.16,M3->FP x M2,149.48,272.66,402.0,82.5,206.0,723.2,556.5
600,0.45,14.0,327.74,332.97,482.29,20.76,129.55,505.60,129.55,505.60,-0.05,-0.05,M3->FP x M2,149.48,272.66,402.0,82.5,206.0,723.2,587.3
600,0.45,15.0,361.03,369.52,523.03,31.45,131.58,520.39,131.58,520.39,5.88,5.88,M3->FP x M2,149.48,272.66,402.0,82.5,206.0,723.2,618.4
600,0.45,16.0,394.22,405.96,563.62,41.85,133.88,536.72,133.88,536.72,11.87,11.87,M3->FP x M2,149.48,272.66,402.0,82.5,206.0,723.2,649.7
600,0.45,17.0,427.28,442.27,604.04,51.95,136.46,554.51,136.46,554.51,17.92,17.92,M3->FP x M2,149.48,272.66,402.0,82.5,206.0,723.2,681.4
600,0.45,18.0,460.21,478.46,644.28,61.74,139.29,573.70,139.29,573.70,24.03,24.03,M3->FP x M2,149.48,272.66,402.0,82.5,206.0,723.2,713.4
600,0.45,19.0,493.00,514.49,684.31,71.21,142.39,594.21,142.39,594.21,30.22,30.22,M3->FP x M2,149.48,272.66,402.0,82.5,206.0,723.2,745.8
600,0.45,20.0,525.64,550.37,724.14,80.34,145.74,616.00,145.74,616.00,36.48,36.48,M3->FP x M2,149.48,272.66,402.0,82.5,206.0,723.2,778.5
600,0.50,2.0,-51.53,-98.24,0.04,-98.13,141.58,433.78,141.58,433.78,-52.47,-98.24,in->M1 x M3,166.22,307.80,380.1,91.7,225.5,741.6,234.7
600,0.50,3.0,-50.65,-92.11,21.39,-98.05,141.58,433.78,141.58,433.78,-52.36,-98.05,M1->M2 x M3,166.22,307.80,380.1,91.7,225.5,741.6,261.5
600,0.50,4.0,-23.24,-57.67,61.06,-97.99,141.58,433.78,141.58,433.78,-52.28,-97.99,M1->M2 x M3,166.22,307.80,380.1,91.7,225.5,741.6,288.4
600,0.50,5.0,8.33,-23.16,100.72,-97.97,141.58,433.78,141.58,433.78,-52.36,-97.97,M1->M2 x M3,166.22,307.80,380.1,91.7,225.5,741.6,315.3
600,0.50,6.0,39.84,11.40,140.34,-88.73,141.58,433.78,141.58,433.78,-52.42,-88.73,M1->M2 x M3,166.22,307.80,380.1,91.7,225.5,741.6,342.3
600,0.50,7.0,71.34,45.88,179.92,-76.98,141.58,433.78,141.58,433.78,-52.26,-76.98,M1->M2 x M3,166.22,307.80,380.1,91.7,225.5,741.6,369.4
600,0.50,8.0,102.82,80.34,219.44,-65.19,141.58,434.25,141.58,434.25,-46.38,-65.19,M1->M2 x M3,166.22,307.80,380.1,91.7,225.5,741.6,396.6
600,0.50,9.0,134.27,114.77,258.90,-53.33,141.69,436.39,141.69,436.39,-40.48,-53.33,M1->M2 x M3,166.22,307.80,380.1,91.7,225.5,741.6,424.0
600,0.50,10.0,165.68,149.17,298.28,-41.41,142.04,440.24,142.04,440.24,-34.54,-41.41,M1->M2 x M3,166.22,307.80,380.1,91.7,225.5,741.6,451.5
600,0.50,11.0,197.04,183.52,337.57,-29.42,142.64,445.79,142.64,445.79,-28.57,-29.42,M1->M2 x M3,166.22,307.80,380.1,91.7,225.5,741.6,479.2
600,0.50,12.0,228.33,217.82,376.76,-17.35,143.50,453.02,143.50,453.02,-22.56,-22.56,M3->FP x M2,166.22,307.80,380.1,91.7,225.5,741.6,507.1
600,0.50,13.0,259.56,252.05,415.83,-5.19,144.61,461.88,144.61,461.88,-16.50,-16.50,M3->FP x M2,166.22,307.80,380.1,91.7,225.5,741.6,535.2
600,0.50,14.0,290.71,286.21,454.77,6.53,145.97,472.33,145.97,472.33,-10.40,-10.40,M3->FP x M2,166.22,307.80,380.1,91.7,225.5,741.6,563.5
600,0.50,15.0,321.77,320.28,493.58,17.70,147.58,484.32,147.58,484.32,-4.24,-4.24,M3->FP x M2,166.22,307.80,380.1,91.7,225.5,741.6,592.1
600,0.50,16.0,352.73,354.25,532.23,28.64,149.45,497.77,149.45,497.77,1.91,1.91,M3->FP x M2,166.22,307.80,380.1,91.7,225.5,741.6,620.9
600,0.50,17.0,383.58,388.11,570.72,39.35,151.57,512.65,151.57,512.65,7.96,7.96,M3->FP x M2,166.22,307.80,380.1,91.7,225.5,741.6,650.1
600,0.50,18.0,414.32,421.85,609.04,49.79,153.94,528.88,153.94,528.88,14.07,14.07,M3->FP x M2,166.22,307.80,380.1,91.7,225.5,741.6,679.5
600,0.50,19.0,444.93,455.47,647.18,59.97,156.56,546.41,156.56,546.41,20.26,20.26,M3->FP x M2,166.22,307.80,380.1,91.7,225.5,741.6,709.3
600,0.50,20.0,475.41,488.95,685.11,69.88,159.43,565.18,159.43,565.18,26.52,26.52,M3->FP x M2,166.22,307.80,380.1,91.7,225.5,741.6,739.5
600,0.55,2.0,-57.60,-109.59,0.61,-109.48,160.41,417.00,160.41,417.00,-57.55,-109.59,in->M1 x M3,183.00,343.41,362.2,100.8,245.4,760.4,240.5
600,0.55,3.0,-56.59,-109.67,16.90,-109.47,160.41,417.00,160.41,417.00,-57.57,-109.67,in->M1 x M3,183.00,343.41,362.2,100.8,245.4,760.4,265.4
600,0.55,4.0,-35.85,-77.50,55.00,-109.54,160.41,417.00,160.41,417.00,-57.96,-109.54,M1->M2 x M3,183.00,343.41,362.2,100.8,245.4,760.4,290.4
600,0.55,5.0,-6.17,-45.19,93.09,-109.57,160.41,417.00,160.41,417.00,-57.96,-109.57,M1->M2 x M3,183.00,343.41,362.2,100.8,245.4,760.4,315.4
600,0.55,6.0,23.48,-12.78,131.14,-104.52,160.41,417.00,160.41,417.00,-57.93,-104.52,M1->M2 x M3,183.00,343.41,362.2,100.8,245.4,760.4,340.5
600,0.55,7.0,53.10,19.60,169.15,-92.76,160.41,417.00,160.41,417.00,-57.67,-92.76,M1->M2 x M3,183.00,343.41,362.2,100.8,245.4,760.4,365.6
600,0.55,8.0,82.70,51.91,207.12,-80.95,160.41,417.00,160.41,417.00,-56.86,-80.95,M1->M2 x M3,183.00,343.41,362.2,100.8,245.4,760.4,390.9
600,0.55,9.0,112.28,84.21,245.02,-69.09,160.41,417.52,160.41,417.52,-50.96,-69.09,M1->M2 x M3,183.00,343.41,362.2,100.8,245.4,760.4,416.4
600,0.55,10.0,141.82,116.48,282.84,-57.16,160.56,419.57,160.56,419.57,-45.02,-57.16,M1->M2 x M3,183.00,343.41,362.2,100.8,245.4,760.4,441.9
600,0.55,11.0,171.32,148.71,320.58,-45.15,160.92,423.18,160.92,423.18,-39.04,-45.15,M1->M2 x M3,183.00,343.41,362.2,100.8,245.4,760.4,467.7
600,0.55,12.0,200.77,180.90,358.22,-33.07,161.51,428.34,161.51,428.34,-33.03,-33.07,M1->M2 x M3,183.00,343.41,362.2,100.8,245.4,760.4,493.6
600,0.55,13.0,230.16,213.03,395.75,-20.90,162.33,435.03,162.33,435.03,-26.97,-26.97,M3->FP x M2,183.00,343.41,362.2,100.8,245.4,760.4,519.7
600,0.55,14.0,259.48,245.10,433.16,-8.63,163.37,443.22,163.37,443.22,-20.86,-20.86,M3->FP x M2,183.00,343.41,362.2,100.8,245.4,760.4,546.0
600,0.55,15.0,288.71,277.09,470.44,3.46,164.64,452.88,164.64,452.88,-14.70,-14.70,M3->FP x M2,183.00,343.41,362.2,100.8,245.4,760.4,572.5
600,0.55,16.0,317.86,309.00,507.58,14.82,166.15,463.95,166.15,463.95,-8.48,-8.48,M3->FP x M2,183.00,343.41,362.2,100.8,245.4,760.4,599.3
600,0.55,17.0,346.92,340.82,544.56,25.99,167.88,476.40,167.88,476.40,-2.20,-2.20,M3->FP x M2,183.00,343.41,362.2,100.8,245.4,760.4,626.4
600,0.55,18.0,375.87,372.53,581.38,36.96,169.86,490.17,169.86,490.17,3.99,3.99,M3->FP x M2,183.00,343.41,362.2,100.8,245.4,760.4,653.8
600,0.55,19.0,404.70,404.13,618.02,47.71,172.06,505.21,172.06,505.21,10.18,10.18,M3->FP x M2,183.00,343.41,362.2,100.8,245.4,760.4,681.4
600,0.55,20.0,433.41,435.60,654.47,58.23,174.51,521.48,174.51,521.48,16.45,16.45,M3->FP x M2,183.00,343.41,362.2,100.8,245.4,760.4,709.4
600,0.60,2.0,-62.77,-121.16,0.25,-120.92,179.55,400.19,179.55,400.19,-63.22,-121.16,in->M1 x M3,199.81,379.36,347.3,110.0,265.4,779.6,247.1
600,0.60,3.0,-62.28,-121.14,13.34,-120.87,179.55,400.19,179.55,400.19,-63.16,-121.14,in->M1 x M3,199.81,379.36,347.3,110.0,265.4,779.6,270.4
600,0.60,4.0,-47.24,-96.21,50.19,-120.78,179.55,400.19,179.55,400.19,-63.11,-120.78,M1->M2 x M3,199.81,379.36,347.3,110.0,265.4,779.6,293.8
600,0.60,5.0,-19.15,-65.79,87.02,-120.92,179.55,400.19,179.55,400.19,-63.20,-120.92,M1->M2 x M3,199.81,379.36,347.3,110.0,265.4,779.6,317.2
600,0.60,6.0,8.97,-35.27,123.83,-120.16,179.55,400.19,179.55,400.19,-63.17,-120.16,M1->M2 x M3,199.81,379.36,347.3,110.0,265.4,779.6,340.7
600,0.60,7.0,37.02,-4.64,160.59,-108.39,179.55,400.19,179.55,400.19,-63.16,-108.39,M1->M2 x M3,199.81,379.36,347.3,110.0,265.4,779.6,364.3
600,0.60,8.0,65.06,25.86,197.32,-96.57,179.55,400.19,179.55,400.19,-63.17,-96.57,M1->M2 x M3,199.81,379.36,347.3,110.0,265.4,779.6,387.9
600,0.60,9.0,93.08,56.33,233.98,-84.69,179.55,400.19,179.55,400.19,-61.52,-84.69,M1->M2 x M3,199.81,379.36,347.3,110.0,265.4,779.6,411.8
600,0.60,10.0,121.08,86.78,270.56,-72.75,179.57,400.72,179.57,400.72,-55.58,-72.75,M1->M2 x M3,199.81,379.36,347.3,110.0,265.4,779.6,435.7
600,0.60,11.0,149.03,117.21,307.07,-60.74,179.74,402.68,179.74,402.68,-49.60,-60.74,M1->M2 x M3,199.81,379.36,347.3,110.0,265.4,779.6,459.8
600,0.60,12.0,176.95,147.60,343.48,-48.65,180.12,406.08,180.12,406.08,-43.58,-48.65,M1->M2 x M3,199.81,379.36,347.3,110.0,265.4,779.6,484.0
600,0.60,13.0,204.80,177.94,379.79,-36.47,180.69,410.92,180.69,410.92,-37.52,-37.52,M3->FP x M2,199.81,379.36,347.3,110.0,265.4,779.6,508.5
600,0.60,14.0,232.60,208.23,415.98,-24.19,181.48,417.18,181.48,417.18,-31.41,-31.41,M3->FP x M2,199.81,379.36,347.3,110.0,265.4,779.6,533.1
600,0.60,15.0,260.32,238.46,452.05,-11.80,182.47,424.85,182.47,424.85,-25.25,-25.25,M3->FP x M2,199.81,379.36,347.3,110.0,265.4,779.6,558.0
600,0.60,16.0,287.97,268.61,487.98,0.65,183.67,433.89,183.67,433.89,-19.03,-19.03,M3->FP x M2,199.81,379.36,347.3,110.0,265.4,779.6,583.1
600,0.60,17.0,315.52,298.69,523.76,12.18,185.09,444.27,185.09,444.27,-12.75,-12.75,M3->FP x M2,199.81,379.36,347.3,110.0,265.4,779.6,608.4
600,0.60,18.0,342.98,328.67,559.38,23.56,186.73,455.94,186.73,455.94,-6.40,-6.40,M3->FP x M2,199.81,379.36,347.3,110.0,265.4,779.6,634.0
600,0.60,19.0,370.34,358.55,594.83,34.76,188.58,468.87,188.58,468.87,0.02,0.02,M3->FP x M2,199.81,379.36,347.3,110.0,265.4,779.6,659.9
600,0.60,20.0,397.58,388.32,630.10,45.79,190.66,483.00,190.66,483.00,6.29,6.29,M3->FP x M2,199.81,379.36,347.3,110.0,265.4,779.6,686.2
600,0.65,2.0,-67.30,-132.50,0.74,-132.62,198.87,383.35,198.87,383.35,-68.18,-132.62,M1->M2 x M3,216.65,415.51,334.7,119.2,285.5,798.9,254.3
600,0.65,3.0,-67.20,-132.73,10.47,-132.51,198.86,383.35,198.86,383.35,-68.46,-132.73,in->M1 x M3,216.65,415.51,334.7,119.2,285.5,798.9,276.2
600,0.65,4.0,-57.69,-114.05,46.32,-132.38,198.86,383.35,198.86,383.35,-68.30,-132.38,M1->M2 x M3,216.65,415.51,334.7,119.2,285.5,798.9,298.2
600,0.65,5.0,-30.95,-85.27,82.15,-132.36,198.86,383.35,198.86,383.35,-68.02,-132.36,M1->M2 x M3,216.65,415.51,334.7,119.2,285.5,798.9,320.3
600,0.65,6.0,-4.14,-56.40,117.95,-132.51,198.86,383.35,198.86,383.35,-68.34,-132.51,M1->M2 x M3,216.65,415.51,334.7,119.2,285.5,798.9,342.5
600,0.65,7.0,22.61,-27.42,153.72,-123.82,198.86,383.35,198.86,383.35,-68.36,-123.82,M1->M2 x M3,216.65,415.51,334.7,119.2,285.5,798.9,364.7
600,0.65,8.0,49.34,1.66,189.45,-111.99,198.87,383.35,198.87,383.35,-68.17,-111.99,M1->M2 x M3,216.65,415.51,334.7,119.2,285.5,798.9,387.0
600,0.65,9.0,76.04,30.54,225.11,-100.11,198.87,383.35,198.87,383.35,-68.48,-100.11,M1->M2 x M3,216.65,415.51,334.7,119.2,285.5,798.9,409.5
600,0.65,10.0,102.73,59.42,260.71,-88.16,198.87,383.35,198.87,383.35,-66.19,-88.16,M1->M2 x M3,216.65,415.51,334.7,119.2,285.5,798.9,432.0
600,0.65,11.0,129.38,88.27,296.23,-76.14,198.90,383.87,198.90,383.87,-60.21,-76.14,M1->M2 x M3,216.65,415.51,334.7,119.2,285.5,798.9,454.7
600,0.65,12.0,155.99,117.10,331.65,-64.03,199.10,385.73,199.10,385.73,-54.19,-64.03,M1->M2 x M3,216.65,415.51,334.7,119.2,285.5,798.9,477.6
600,0.65,13.0,182.56,145.90,366.98,-51.84,199.48,388.95,199.48,388.95,-48.12,-51.84,M1->M2 x M3,216.65,415.51,334.7,119.2,285.5,798.9,500.6
600,0.65,14.0,209.07,174.65,402.19,-39.55,200.05,393.53,200.05,393.53,-42.01,-42.01,M3->FP x M2,216.65,415.51,334.7,119.2,285.5,798.9,523.8
600,0.65,15.0,235.51,203.34,437.29,-27.15,200.81,399.46,200.81,399.46,-35.84,-35.84,M3->FP x M2,216.65,415.51,334.7,119.2,285.5,798.9,547.3
600,0.65,16.0,261.89,231.98,472.24,-14.64,201.77,406.72,201.77,406.72,-29.62,-29.62,M3->FP x M2,216.65,415.51,334.7,119.2,285.5,798.9,570.9
600,0.65,17.0,288.18,260.54,507.06,-2.01,202.92,415.28,202.92,415.28,-23.34,-23.34,M3->FP x M2,216.65,415.51,334.7,119.2,285.5,798.9,594.8
600,0.65,18.0,314.39,289.02,541.72,9.85,204.27,425.12,204.27,425.12,-16.98,-16.98,M3->FP x M2,216.65,415.51,334.7,119.2,285.5,798.9,618.9
600,0.65,19.0,340.50,317.42,576.21,21.42,205.83,436.19,205.83,436.19,-10.56,-10.56,M3->FP x M2,216.65,415.51,334.7,119.2,285.5,798.9,643.4
600,0.65,20.0,366.50,345.72,610.53,32.84,207.59,448.47,207.59,448.47,-4.06,-4.06,M3->FP x M2,216.65,415.51,334.7,119.2,285.5,798.9,668.1
600,0.70,2.0,-73.50,-144.18,0.22,-144.26,218.21,366.49,218.21,366.49,-73.46,-144.26,M1->M2 x M3,233.51,451.73,323.9,128.3,305.7,818.2,261.8
600,0.70,3.0,-73.00,-144.29,8.16,-143.90,218.21,366.49,218.21,366.49,-73.72,-144.29,in->M1 x M3,233.51,451.73,323.9,128.3,305.7,818.2,282.7
600,0.70,4.0,-67.40,-131.17,43.19,-144.28,218.21,366.49,218.21,366.49,-73.62,-144.28,M1->M2 x M3,233.51,451.73,323.9,128.3,305.7,818.2,303.5
600,0.70,5.0,-41.82,-103.84,78.21,-144.07,218.21,366.49,218.21,366.49,-73.38,-144.07,M1->M2 x M3,233.51,451.73,323.9,128.3,305.7,818.2,324.5
600,0.70,6.0,-16.16,-76.42,113.21,-144.18,218.21,366.49,218.21,366.49,-73.17,-144.18,M1->M2 x M3,233.51,451.73,323.9,128.3,305.7,818.2,345.5
600,0.70,7.0,9.52,-48.90,148.17,-139.02,218.21,366.49,218.21,366.49,-73.34,-139.02,M1->M2 x M3,233.51,451.73,323.9,128.3,305.7,818.2,366.5
600,0.70,8.0,35.11,-21.27,183.08,-127.19,218.21,366.49,218.21,366.49,-73.52,-127.19,M1->M2 x M3,233.51,451.73,323.9,128.3,305.7,818.2,387.7
600,0.70,9.0,60.69,6.42,217.94,-115.29,218.21,366.49,218.21,366.49,-73.66,-115.29,M1->M2 x M3,233.51,451.73,323.9,128.3,305.7,818.2,408.9
600,0.70,10.0,86.25,33.90,252.74,-103.33,218.21,366.49,218.21,366.49,-73.78,-103.33,M1->M2 x M3,233.51,451.73,323.9,128.3,305.7,818.2,430.3
600,0.70,11.0,111.79,61.38,287.46,-91.30,218.21,366.49,218.21,366.49,-70.82,-91.30,M1->M2 x M3,233.51,451.73,323.9,128.3,305.7,818.2,451.8
600,0.70,12.0,137.29,88.84,322.09,-79.18,218.27,366.98,218.27,366.98,-64.80,-79.18,M1->M2 x M3,233.51,451.73,323.9,128.3,305.7,818.2,473.5
600,0.70,13.0,162.75,116.27,356.62,-66.98,218.50,368.74,218.50,368.74,-58.73,-66.98,M1->M2 x M3,233.51,451.73,323.9,128.3,305.7,818.2,495.3
600,0.70,14.0,188.16,143.66,391.04,-54.68,218.89,371.81,218.89,371.81,-52.62,-54.68,M1->M2 x M3,233.51,451.73,323.9,128.3,305.7,818.2,517.3
600,0.70,15.0,213.52,171.01,425.35,-42.27,219.46,376.17,219.46,376.17,-46.45,-46.45,M3->FP x M2,233.51,451.73,323.9,128.3,305.7,818.2,539.5
600,0.70,16.0,238.81,198.31,459.52,-29.75,220.20,381.83,220.20,381.83,-40.22,-40.22,M3->FP x M2,233.51,451.73,323.9,128.3,305.7,818.2,562.0
600,0.70,17.0,264.02,225.55,493.56,-17.10,221.13,388.77,221.13,388.77,-33.93,-33.93,M3->FP x M2,233.51,451.73,323.9,128.3,305.7,818.2,584.6
600,0.70,18.0,289.16,252.72,527.44,-4.32,222.24,396.97,222.24,396.97,-27.58,-27.58,M3->FP x M2,233.51,451.73,323.9,128.3,305.7,818.2,607.5
600,0.70,19.0,314.21,279.81,561.16,7.87,223.54,406.39,223.54,406.39,-21.15,-21.15,M3->FP x M2,233.51,451.73,323.9,128.3,305.7,818.2,630.6
600,0.70,20.0,339.16,306.82,594.72,19.63,225.03,417.01,225.03,417.01,-14.65,-14.65,M3->FP x M2,233.51,451.73,323.9,128.3,305.7,818.2,654.1
600,0.75,2.0,-78.45,-155.66,0.04,-155.67,237.46,349.59,237.46,349.59,-78.33,-155.67,M1->M2 x M3,250.41,487.87,314.5,137.5,325.8,837.5,272.8
600,0.75,3.0,-79.02,-155.68,6.27,-155.60,237.46,349.59,237.46,349.59,-79.03,-155.68,in->M1 x M3,250.41,487.87,314.5,137.5,325.8,837.5,289.6
600,0.75,4.0,-76.51,-147.68,40.64,-155.55,237.46,349.59,237.46,349.59,-78.94,-155.55,M1->M2 x M3,250.41,487.87,314.5,137.5,325.8,837.5,309.5
600,0.75,5.0,-51.94,-121.64,75.01,-155.53,237.46,349.59,237.46,349.59,-78.83,-155.53,M1->M2 x M3,250.41,487.87,314.5,137.5,325.8,837.5,329.4
600,0.75,6.0,-27.29,-95.52,109.34,-155.55,237.46,349.59,237.46,349.59,-78.55,-155.55,M1->M2 x M3,250.41,487.87,314.5,137.5,325.8,837.5,349.4
600,0.75,7.0,-2.55,-69.31,143.65,-153.94,237.46,349.59,237.46,349.59,-78.77,-153.94,M1->M2 x M3,250.41,487.87,314.5,137.5,325.8,837.5,369.4
600,0.75,8.0,22.08,-42.98,177.91,-142.10,237.46,349.59,237.46,349.59,-78.65,-142.10,M1->M2 x M3,250.41,487.87,314.5,137.5,325.8,837.5,389.6
600,0.75,9.0,46.69,-16.53,212.11,-130.19,237.46,349.59,237.46,349.59,-78.86,-130.19,M1->M2 x M3,250.41,487.87,314.5,137.5,325.8,837.5,409.8
600,0.75,10.0,71.28,9.91,246.26,-118.22,237.46,349.59,237.46,349.59,-79.01,-118.22,M1->M2 x M3,250.41,487.87,314.5,137.5,325.8,837.5,430.2
600,0.75,11.0,95.86,36.16,280.32,-106.18,237.46,349.59,237.46,349.59,-78.52,-106.18,M1->M2 x M3,250.41,487.87,314.5,137.5,325.8,837.5,450.7
600,0.75,12.0,120.40,62.39,314.30,-94.05,237.46,349.59,237.46,349.59,-75.39,-94.05,M1->M2 x M3,250.41,487.87,314.5,137.5,325.8,837.5,471.3
600,0.75,13.0,144.91,88.61,348.19,-81.84,237.55,350.04,237.55,350.04,-69.32,-81.84,M1->M2 x M3,250.41,487.87,314.5,137.5,325.8,837.5,492.1
600,0.75,14.0,169.37,114.80,381.97,-69.53,237.79,351.72,237.79,351.72,-63.20,-69.53,M1->M2 x M3,250.41,487.87,314.5,137.5,325.8,837.5,513.0
600,0.75,15.0,193.78,140.95,415.63,-57.11,238.20,354.65,238.20,354.65,-57.02,-57.11,M1->M2 x M3,250.41,487.87,314.5,137.5,325.8,837.5,534.2
600,0.75,16.0,218.13,167.06,449.17,-44.58,238.77,358.85,238.77,358.85,-50.80,-50.80,M3->FP x M2,250.41,487.87,314.5,137.5,325.8,837.5,555.5
600,0.75,17.0,242.41,193.12,482.57,-31.92,239.50,364.30,239.50,364.30,-44.50,-44.50,M3->FP x M2,250.41,487.87,314.5,137.5,325.8,837.5,577.1
600,0.75,18.0,266.63,219.12,515.82,-19.12,240.40,371.00,240.40,371.00,-38.15,-38.15,M3->FP x M2,250.41,487.87,314.5,137.5,325.8,837.5,598.9
600,0.75,19.0,290.76,245.06,548.92,-6.19,241.49,378.92,241.49,378.92,-31.72,-31.72,M3->FP x M2,250.41,487.87,314.5,137.5,325.8,837.5,620.9
600,0.75,20.0,314.80,270.92,581.85,6.31,242.75,388.04,242.75,388.04,-25.21,-25.21,M3->FP x M2,250.41,487.87,314.5,137.5,325.8,837.5,643.2
600,0.80,2.0,-84.07,-167.26,0.11,-167.09,256.47,332.67,256.47,332.67,-84.29,-167.26,in->M1 x M3,267.33,523.80,306.3,146.7,345.8,856.5,292.8
600,0.80,3.0,-83.37,-167.28,4.73,-167.22,256.47,332.67,256.47,332.67,-83.92,-167.28,in->M1 x M3,267.33,523.80,306.3,146.7,345.8,856.5,296.8
600,0.80,4.0,-83.52,-163.64,38.56,-167.17,256.47,332.67,256.47,332.67,-83.49,-167.17,M1->M2 x M3,267.33,523.80,306.3,146.7,345.8,856.5,315.8
600,0.80,5.0,-61.45,-138.77,72.38,-166.98,256.47,332.67,256.47,332.67,-84.01,-166.98,M1->M2 x M3,267.33,523.80,306.3,146.7,345.8,856.5,334.9
600,0.80,6.0,-37.68,-113.82,106.18,-167.24,256.47,332.67,256.47,332.67,-84.18,-167.24,M1->M2 x M3,267.33,523.80,306.3,146.7,345.8,856.5,354.0
600,0.80,7.0,-13.83,-88.79,139.95,-167.00,256.47,332.67,256.47,332.67,-83.63,-167.00,M1->M2 x M3,267.33,523.80,306.3,146.7,345.8,856.5,373.2
600,0.80,8.0,10.03,-63.65,173.68,-156.68,256.47,332.67,256.47,332.67,-83.97,-156.68,M1->M2 x M3,267.33,523.80,306.3,146.7,345.8,856.5,392.4
600,0.80,9.0,33.79,-38.39,207.35,-144.77,256.47,332.67,256.47,332.67,-84.28,-144.77,M1->M2 x M3,267.33,523.80,306.3,146.7,345.8,856.5,411.8
600,0.80,10.0,57.54,-12.99,240.95,-132.79,256.47,332.67,256.47,332.67,-83.67,-132.79,M1->M2 x M3,267.33,523.80,306.3,146.7,345.8,856.5,431.3
600,0.80,11.0,81.27,12.34,274.49,-120.73,256.47,332.67,256.47,332.67,-83.91,-120.73,M1->M2 x M3,267.33,523.80,306.3,146.7,345.8,856.5,450.9
600,0.80,12.0,104.97,37.48,307.94,-108.60,256.47,332.67,256.47,332.67,-84.09,-108.60,M1->M2 x M3,267.33,523.80,306.3,146.7,345.8,856.5,470.6
600,0.80,13.0,128.65,62.60,341.30,-96.37,256.47,332.67,256.47,332.67,-79.83,-96.37,M1->M2 x M3,267.33,523.80,306.3,146.7,345.8,856.5,490.5
600,0.80,14.0,152.28,87.70,374.55,-84.05,256.59,333.07,256.59,333.07,-73.71,-84.05,M1->M2 x M3,267.33,523.80,306.3,146.7,345.8,856.5,510.5
600,0.80,15.0,175.87,112.78,407.69,-71.62,256.86,334.67,256.86,334.67,-67.54,-71.62,M1->M2 x M3,267.33,523.80,306.3,146.7,345.8,856.5,530.7
600,0.80,16.0,199.40,137.82,440.71,-59.08,257.27,337.50,257.27,337.50,-61.30,-61.30,M3->FP x M2,267.33,523.80,306.3,146.7,345.8,856.5,551.1
600,0.80,17.0,222.88,162.82,473.59,-46.41,257.84,341.56,257.84,341.56,-55.01,-55.01,M3->FP x M2,267.33,523.80,306.3,146.7,345.8,856.5,571.7
600,0.80,18.0,246.28,187.77,506.32,-33.61,258.57,346.86,258.57,346.86,-48.65,-48.65,M3->FP x M2,267.33,523.80,306.3,146.7,345.8,856.5,592.6
600,0.80,19.0,269.61,212.67,538.91,-20.66,259.46,353.39,259.46,353.39,-42.22,-42.22,M3->FP x M2,267.33,523.80,306.3,146.7,345.8,856.5,613.7
600,0.80,20.0,292.86,237.50,571.32,-7.55,260.52,361.11,260.52,361.11,-35.71,-35.71,M3->FP x M2,267.33,523.80,306.3,146.7,345.8,856.5,635.0
600,0.85,2.0,-89.37,-178.41,0.71,-178.47,275.10,315.72,275.10,315.72,-89.47,-178.47,M1->M2 x M3,284.28,559.38,299.1,155.8,365.6,875.1,312.5
600,0.85,3.0,-89.29,-178.33,3.46,-178.29,275.10,315.72,275.10,315.72,-88.78,-178.33,in->M1 x M3,284.28,559.38,299.1,155.8,365.6,875.1,312.5
600,0.85,4.0,-89.25,-178.28,36.85,-178.35,275.10,315.72,275.10,315.72,-89.30,-178.35,M1->M2 x M3,284.28,559.38,299.1,155.8,365.6,875.1,322.5
600,0.85,5.0,-70.47,-155.29,70.23,-178.39,275.10,315.72,275.10,315.72,-88.98,-178.39,M1->M2 x M3,284.28,559.38,299.1,155.8,365.6,875.1,340.8
600,0.85,6.0,-47.47,-131.42,103.59,-178.38,275.10,315.72,275.10,315.72,-89.25,-178.38,M1->M2 x M3,284.28,559.38,299.1,155.8,365.6,875.1,359.1
600,0.85,7.0,-24.40,-107.46,136.91,-178.55,275.10,315.72,275.10,315.72,-89.25,-178.55,M1->M2 x M3,284.28,559.38,299.1,155.8,365.6,875.1,377.6
600,0.85,8.0,-1.23,-83.40,170.19,-170.90,275.10,315.72,275.10,315.72,-89.55,-170.90,M1->M2 x M3,284.28,559.38,299.1,155.8,365.6,875.1,396.0
600,0.85,9.0,21.79,-59.22,203.43,-158.97,275.10,315.72,275.10,315.72,-89.59,-158.97,M1->M2 x M3,284.28,559.38,299.1,155.8,365.6,875.1,414.6
600,0.85,10.0,44.80,-34.91,236.59,-146.98,275.10,315.72,275.10,315.72,-89.24,-146.98,M1->M2 x M3,284.28,559.38,299.1,155.8,365.6,875.1,433.3
600,0.85,11.0,67.79,-10.45,269.69,-134.92,275.10,315.72,275.10,315.72,-89.22,-134.92,M1->M2 x M3,284.28,559.38,299.1,155.8,365.6,875.1,452.1
600,0.85,12.0,90.76,13.87,302.71,-122.77,275.10,315.72,275.10,315.72,-88.68,-122.77,M1->M2 x M3,284.28,559.38,299.1,155.8,365.6,875.1,471.0
600,0.85,13.0,113.70,38.00,335.63,-110.54,275.10,315.72,275.10,315.72,-89.33,-110.54,M1->M2 x M3,284.28,559.38,299.1,155.8,365.6,875.1,490.1
600,0.85,14.0,136.60,62.12,368.45,-98.21,275.12,315.72,275.12,315.72,-84.12,-98.21,M1->M2 x M3,284.28,559.38,299.1,155.8,365.6,875.1,509.3
600,0.85,15.0,159.47,86.21,401.16,-85.77,275.26,316.08,275.26,316.08,-77.94,-85.77,M1->M2 x M3,284.28,559.38,299.1,155.8,365.6,875.1,528.7
600,0.85,16.0,182.28,110.29,433.75,-73.21,275.55,317.61,275.55,317.61,-71.71,-73.21,M1->M2 x M3,284.28,559.38,299.1,155.8,365.6,875.1,548.3
600,0.85,17.0,205.04,134.32,466.20,-60.53,275.98,320.35,275.98,320.35,-65.41,-65.41,M3->FP x M2,284.28,559.38,299.1,155.8,365.6,875.1,568.1
600,0.85,18.0,227.74,158.32,498.51,-47.72,276.55,324.33,276.55,324.33,-59.05,-59.05,M3->FP x M2,284.28,559.38,299.1,155.8,365.6,875.1,588.1
600,0.85,19.0,250.37,182.27,530.67,-34.76,277.28,329.52,277.28,329.52,-52.61,-52.61,M3->FP x M2,284.28,559.38,299.1,155.8,365.6,875.1,608.3
600,0.85,20.0,272.92,206.17,562.67,-21.65,278.17,335.93,278.17,335.93,-46.10,-46.10,M3->FP x M2,284.28,559.38,299.1,155.8,365.6,875.1,628.8
600,0.90,2.0,-94.54,-189.47,0.47,-189.75,293.21,298.75,293.21,298.75,-94.62,-189.75,M1->M2 x M3,301.25,594.47,292.7,165.0,385.2,893.2,332.0
600,0.90,3.0,-93.92,-189.63,2.41,-189.66,293.21,298.75,293.21,298.75,-94.62,-189.66,M1->M2 x M3,301.25,594.47,292.7,165.0,385.2,893.2,332.0
600,0.90,4.0,-94.63,-189.77,35.44,-189.69,293.22,298.75,293.22,298.75,-94.55,-189.77,in->M1 x M3,301.25,594.47,292.7,165.0,385.2,893.2,332.0
600,0.90,5.0,-79.06,-171.25,68.45,-189.71,293.21,298.75,293.21,298.75,-94.57,-189.71,M1->M2 x M3,301.25,594.47,292.7,165.0,385.2,893.2,347.0
600,0.90,6.0,-56.76,-148.36,101.44,-189.69,293.22,298.75,293.22,298.75,-94.03,-189.69,M1->M2 x M3,301.25,594.47,292.7,165.0,385.2,893.2,364.7
600,0.90,7.0,-34.38,-125.38,134.39,-189.56,293.21,298.75,293.21,298.75,-94.79,-189.56,M1->M2 x M3,301.25,594.47,292.7,165.0,385.2,893.2,382.4
600,0.90,8.0,-11.90,-102.31,167.31,-184.70,293.21,298.75,293.21,298.75,-93.85,-184.70,M1->M2 x M3,301.25,594.47,292.7,165.0,385.2,893.2,400.2
600,0.90,9.0,10.55,-79.13,200.18,-172.77,293.22,298.75,293.22,298.75,-94.57,-172.77,M1->M2 x M3,301.25,594.47,292.7,165.0,385.2,893.2,418.1
600,0.90,10.0,32.90,-55.82,232.99,-160.77,293.22,298.75,293.22,298.75,-94.19,-160.77,M1->M2 x M3,301.25,594.47,292.7,165.0,385.2,893.2,436.1
600,0.90,11.0,55.23,-32.38,265.72,-148.69,293.22,298.75,293.22,298.75,-94.53,-148.69,M1->M2 x M3,301.25,594.47,292.7,165.0,385.2,893.2,454.2
600,0.90,12.0,77.54,-8.77,298.37,-136.54,293.21,298.75,293.21,298.75,-94.38,-136.54,M1->M2 x M3,301.25,594.47,292.7,165.0,385.2,893.2,472.4
600,0.90,13.0,99.84,14.64,330.94,-124.29,293.22,298.75,293.22,298.75,-94.61,-124.29,M1->M2 x M3,301.25,594.47,292.7,165.0,385.2,893.2,490.7
600,0.90,14.0,122.10,37.85,363.40,-111.95,293.21,298.75,293.21,298.75,-94.39,-111.95,M1->M2 x M3,301.25,594.47,292.7,165.0,385.2,893.2,509.3
600,0.90,15.0,144.32,61.05,395.75,-99.50,293.26,298.75,293.26,298.75,-88.21,-99.50,M1->M2 x M3,301.25,594.47,292.7,165.0,385.2,893.2,527.9
600,0.90,16.0,166.50,84.23,427.98,-86.94,293.43,299.06,293.43,299.06,-81.97,-86.94,M1->M2 x M3,301.25,594.47,292.7,165.0,385.2,893.2,546.8
600,0.90,17.0,188.63,107.39,460.08,-74.25,293.73,300.54,293.73,300.54,-75.67,-75.67,M3->FP x M2,301.25,594.47,292.7,165.0,385.2,893.2,565.8
600,0.90,18.0,210.70,130.51,492.04,-61.42,294.18,303.23,294.18,303.23,-69.30,-69.30,M3->FP x M2,301.25,594.47,292.7,165.0,385.2,893.2,585.1
600,0.90,19.0,232.71,153.60,523.85,-48.45,294.76,307.14,294.76,307.14,-62.87,-62.87,M3->FP x M2,301.25,594.47,292.7,165.0,385.2,893.2,604.5
600,0.90,20.0,254.65,176.64,555.51,-35.32,295.49,312.29,295.49,312.29,-56.35,-56.35,M3->FP x M2,301.25,594.47,292.7,165.0,385.2,893.2,624.2
650,0.30,2.0,-30.94,-48.62,12.36,-55.31,74.09,550.59,74.09,550.59,-31.56,-55.31,M1->M2 x M3,99.41,173.51,538.7,55.0,150.7,724.1,233.6
650,0.30,3.0,16.91,4.67,68.59,-55.27,74.09,550.59,74.09,550.59,-31.62,-55.27,M1->M2 x M3,99.41,173.51,538.7,55.0,150.7,724.1,277.3
650,0.30,4.0,66.11,57.94,124.80,-48.14,74.09,550.78,74.09,550.78,-29.96,-48.14,M1->M2 x M3,99.41,173.51,538.7,55.0,150.7,724.1,321.1
650,0.30,5.0,115.29,111.19,180.97,-36.50,74.09,553.67,74.09,553.67,-24.16,-36.50,M1->M2 x M3,99.41,173.51,538.7,55.0,150.7,724.1,365.0
650,0.30,6.0,164.44,164.40,237.08,-24.83,74.36,560.02,74.36,560.02,-18.33,-24.83,M1->M2 x M3,99.41,173.51,538.7,55.0,150.7,724.1,409.0
650,0.30,7.0,213.53,217.57,293.13,-13.12,75.08,569.74,75.08,569.74,-12.49,-13.12,M1->M2 x M3,99.41,173.51,538.7,55.0,150.7,724.1,453.2
650,0.30,8.0,262.56,270.67,349.08,-1.36,76.25,582.71,76.25,582.71,-6.63,-6.63,M3->FP x M2,99.41,173.51,538.7,55.0,150.7,724.1,497.6
650,0.30,9.0,311.52,323.69,404.93,9.64,77.84,598.77,77.84,598.77,-0.73,-0.73,M3->FP x M2,99.41,173.51,538.7,55.0,150.7,724.1,542.2
650,0.30,10.0,360.37,376.60,460.66,20.14,79.86,617.75,79.86,617.75,5.01,5.01,M3->FP x M2,99.41,173.51,538.7,55.0,150.7,724.1,587.1
650,0.30,11.0,409.12,429.41,516.24,30.17,82.26,639.44,82.26,639.44,10.75,10.75,M3->FP x M2,99.41,173.51,538.7,55.0,150.7,724.1,632.2
650,0.30,12.0,457.74,482.08,571.67,39.71,85.04,663.66,85.04,663.66,16.54,16.54,M3->FP x M2,99.41,173.51,538.7,55.0,150.7,724.1,677.7
650,0.30,13.0,506.22,534.61,626.92,48.74,88.16,690.21,88.16,690.21,22.37,22.37,M3->FP x M2,99.41,173.51,538.7,55.0,150.7,724.1,723.5
650,0.30,14.0,554.55,586.97,681.99,57.26,91.60,718.92,91.60,718.92,28.25,28.25,M3->FP x M2,99.41,173.51,538.7,55.0,150.7,724.1,769.6
650,0.30,15.0,602.71,639.15,736.84,65.27,95.34,749.64,95.34,749.64,34.17,34.17,M3->FP x M2,99.41,173.51,538.7,55.0,150.7,724.1,816.2
650,0.30,16.0,650.68,691.14,791.47,72.79,99.35,782.21,99.33,782.21,40.16,40.16,M3->FP x M2,99.41,173.51,538.7,55.0,150.7,724.1,863.2
650,0.30,17.0,698.46,742.92,845.86,79.84,103.62,816.53,103.16,816.53,46.20,46.20,M3->FP x M2,99.41,173.51,538.7,55.0,150.7,724.1,910.7
650,0.30,18.0,746.03,794.47,899.99,86.42,108.14,852.43,106.75,852.48,52.31,52.31,M3->FP x M2,99.41,173.51,538.7,55.0,150.7,724.1,958.8
650,0.30,19.0,793.36,845.78,953.85,92.58,112.88,886.99,110.09,889.98,58.49,58.49,M3->FP x M2,99.41,173.51,538.7,55.0,150.7,724.1,1007.3
650,0.30,20.0,840.46,896.84,1007.42,98.33,117.84,918.72,113.22,928.95,64.74,64.74,M3->FP x M2,99.41,173.51,538.7,55.0,150.7,724.1,1056.5
650,0.35,2.0,-36.43,-65.08,2.89,-65.88,90.35,533.93,90.35,533.93,-36.76,-65.88,M1->M2 x M3,116.07,206.42,487.9,64.2,169.1,740.3,231.2
650,0.35,3.0,-3.75,-22.06,54.01,-65.75,90.35,533.93,90.35,533.93,-36.74,-65.75,M1->M2 x M3,116.07,206.42,487.9,64.2,169.1,740.3,269.5
650,0.35,4.0,40.07,25.56,105.11,-64.03,90.35,533.93,90.35,533.93,-36.74,-64.03,M1->M2 x M3,116.07,206.42,487.9,64.2,169.1,740.3,307.8
650,0.35,5.0,83.87,73.15,156.17,-52.38,90.35,534.42,90.35,534.42,-33.93,-52.38,M1->M2 x M3,116.07,206.42,487.9,64.2,169.1,740.3,346.3
650,0.35,6.0,127.65,120.72,207.19,-40.71,90.37,537.46,90.37,537.46,-28.11,-40.71,M1->M2 x M3,116.07,206.42,487.9,64.2,169.1,740.3,384.9
650,0.35,7.0,171.38,168.26,258.15,-28.99,90.66,543.24,90.66,543.24,-22.26,-28.99,M1->M2 x M3,116.07,206.42,487.9,64.2,169.1,740.3,423.6
650,0.35,8.0,215.07,215.74,309.03,-17.22,91.34,551.73,91.34,551.73,-16.40,-17.22,M1->M2 x M3,116.07,206.42,487.9,64.2,169.1,740.3,462.5
650,0.35,9.0,258.69,263.15,359.81,-5.39,92.39,562.83,92.39,562.83,-10.50,-10.50,M3->FP x M2,116.07,206.42,487.9,64.2,169.1,740.3,501.6
650,0.35,10.0,302.23,310.49,410.49,6.03,93.80,576.44,93.80,576.44,-4.57,-4.57,M3->FP x M2,116.07,206.42,487.9,64.2,169.1,740.3,540.9
650,0.35,11.0,345.68,357.73,461.04,16.80,95.57,592.45,95.57,592.45,1.34,1.34,M3->FP x M2,116.07,206.42,487.9,64.2,169.1,740.3,580.4
650,0.35,12.0,389.02,404.86,511.45,27.20,97.69,610.73,97.69,610.73,7.13,7.13,M3->FP x M2,116.07,206.42,487.9,64.2,169.1,740.3,620.2
650,0.35,13.0,432.24,451.87,561.70,37.20,100.14,631.13,100.14,631.13,12.96,12.96,M3->FP x M2,116.07,206.42,487.9,64.2,169.1,740.3,660.4
650,0.35,14.0,475.34,498.74,611.78,46.78,102.91,653.54,102.91,653.54,18.84,18.84,M3->FP x M2,116.07,206.42,487.9,64.2,169.1,740.3,700.8
650,0.35,15.0,518.29,545.46,661.68,55.94,105.99,677.83,105.99,677.83,24.77,24.77,M3->FP x M2,116.07,206.42,487.9,64.2,169.1,740.3,741.6
650,0.35,16.0,561.08,592.01,711.37,64.65,109.36,703.89,109.36,703.89,30.76,30.76,M3->FP x M2,116.07,206.42,487.9,64.2,169.1,740.3,782.8
650,0.35,17.0,603.70,638.38,760.85,72.94,113.00,731.60,113.00,731.60,36.80,36.80,M3->FP x M2,116.07,206.42,487.9,64.2,169.1,740.3,824.5
650,0.35,18.0,646.13,684.56,810.10,80.81,116.90,760.88,116.90,760.88,42.91,42.91,M3->FP x M2,116.07,206.42,487.9,64.2,169.1,740.3,866.5
650,0.35,19.0,688.37,730.53,859.10,88.25,121.06,791.65,120.98,791.65,49.09,49.09,M3->FP x M2,116.07,206.42,487.9,64.2,169.1,740.3,909.1
650,0.35,20.0,730.40,776.28,907.84,95.30,125.46,823.85,124.86,823.85,55.35,55.35,M3->FP x M2,116.07,206.42,487.9,64.2,169.1,740.3,952.2
650,0.40,2.0,-42.02,-76.53,0.53,-76.62,107.39,517.24,107.39,517.24,-41.92,-76.62,M1->M2 x M3,132.76,240.15,449.8,73.3,187.9,757.4,231.8
650,0.40,3.0,-20.58,-45.21,43.31,-76.45,107.39,517.24,107.39,517.24,-42.10,-76.45,M1->M2 x M3,132.76,240.15,449.8,73.3,187.9,757.4,266.1
650,0.40,4.0,19.22,-1.88,90.66,-76.68,107.39,517.24,107.39,517.24,-42.06,-76.68,M1->M2 x M3,132.76,240.15,449.8,73.3,187.9,757.4,300.4
650,0.40,5.0,58.99,41.40,137.99,-68.29,107.39,517.24,107.39,517.24,-42.15,-68.29,M1->M2 x M3,132.76,240.15,449.8,73.3,187.9,757.4,334.7
650,0.40,6.0,98.74,84.67,185.27,-56.60,107.39,518.01,107.39,518.01,-38.10,-56.60,M1->M2 x M3,132.76,240.15,449.8,73.3,187.9,757.4,369.2
650,0.40,7.0,138.46,127.91,232.50,-44.87,107.43,521.05,107.43,521.05,-32.25,-44.87,M1->M2 x M3,132.76,240.15,449.8,73.3,187.9,757.4,403.9
650,0.40,8.0,178.14,171.11,279.65,-33.09,107.75,526.38,107.75,526.38,-26.38,-33.09,M1->M2 x M3,132.76,240.15,449.8,73.3,187.9,757.4,438.6
650,0.40,9.0,217.76,214.26,326.72,-21.26,108.39,533.95,108.39,533.95,-20.48,-21.26,M1->M2 x M3,132.76,240.15,449.8,73.3,187.9,757.4,473.6
650,0.40,10.0,257.32,257.35,373.69,-9.36,109.35,543.73,109.35,543.73,-14.55,-14.55,M3->FP x M2,132.76,240.15,449.8,73.3,187.9,757.4,508.7
650,0.40,11.0,296.80,300.36,420.55,2.43,110.63,555.63,110.63,555.63,-8.58,-8.58,M3->FP x M2,132.76,240.15,449.8,73.3,187.9,757.4,544.1
650,0.40,12.0,336.19,343.27,467.28,13.43,112.22,569.56,112.22,569.56,-2.58,-2.58,M3->FP x M2,132.76,240.15,449.8,73.3,187.9,757.4,579.7
650,0.40,13.0,375.48,386.08,513.86,24.11,114.12,585.45,114.12,585.45,3.35,3.35,M3->FP x M2,132.76,240.15,449.8,73.3,187.9,757.4,615.6
650,0.40,14.0,414.65,428.78,560.29,34.48,116.32,603.20,116.32,603.20,9.23,9.23,M3->FP x M2,132.76,240.15,449.8,73.3,187.9,757.4,651.7
650,0.40,15.0,453.70,471.34,606.55,44.49,118.81,622.70,118.81,622.70,15.16,15.16,M3->FP x M2,132.76,240.15,449.8,73.3,187.9,757.4,688.2
650,0.40,16.0,492.60,513.76,652.63,54.14,121.59,643.88,121.59,643.88,21.15,21.15,M3->FP x M2,132.76,240.15,449.8,73.3,187.9,757.4,725.1
650,0.40,17.0,531.36,556.02,698.50,63.42,124.65,666.64,124.65,666.64,27.20,27.20,M3->FP x M2,132.76,240.15,449.8,73.3,187.9,757.4,762.3
650,0.40,18.0,569.96,598.11,744.16,72.33,127.97,690.90,127.97,690.90,33.31,33.31,M3->FP x M2,132.76,240.15,449.8,73.3,187.9,757.4,799.9
650,0.40,19.0,608.38,640.02,789.60,80.87,131.56,716.60,131.56,716.60,39.49,39.49,M3->FP x M2,132.76,240.15,449.8,73.3,187.9,757.4,837.9
650,0.40,20.0,646.61,681.74,834.80,89.04,135.40,743.67,135.40,743.67,45.75,45.75,M3->FP x M2,132.76,240.15,449.8,73.3,187.9,757.4,876.4
650,0.45,2.0,-47.24,-87.49,0.15,-87.42,125.09,500.52,125.09,500.52,-47.17,-87.49,in->M1 x M3,149.48,274.57,420.2,82.5,207.0,775.1,234.6
650,0.45,3.0,-34.84,-66.01,35.21,-87.31,125.09,500.52,125.09,500.52,-47.41,-87.31,M1->M2 x M3,149.48,274.57,420.2,82.5,207.0,775.1,265.7
650,0.45,4.0,1.84,-26.13,79.73,-87.50,125.09,500.52,125.09,500.52,-47.13,-87.50,M1->M2 x M3,149.48,274.57,420.2,82.5,207.0,775.1,296.8
650,0.45,5.0,38.47,13.79,124.22,-84.18,125.09,500.52,125.09,500.52,-47.15,-84.18,M1->M2 x M3,149.48,274.57,420.2,82.5,207.0,775.1,328.1
650,0.45,6.0,75.10,53.65,168.67,-72.49,125.09,500.52,125.09,500.52,-47.40,-72.49,M1->M2 x M3,149.48,274.57,420.2,82.5,207.0,775.1,359.4
650,0.45,7.0,111.69,93.50,213.07,-60.75,125.09,501.52,125.09,501.52,-42.42,-60.75,M1->M2 x M3,149.48,274.57,420.2,82.5,207.0,775.1,390.8
650,0.45,8.0,148.26,133.32,257.41,-48.96,125.16,504.50,125.16,504.50,-36.55,-48.96,M1->M2 x M3,149.48,274.57,420.2,82.5,207.0,775.1,422.4
650,0.45,9.0,184.78,173.09,301.67,-37.11,125.50,509.44,125.50,509.44,-30.65,-37.11,M1->M2 x M3,149.48,274.57,420.2,82.5,207.0,775.1,454.1
650,0.45,10.0,221.24,212.82,345.83,-25.20,126.12,516.33,126.12,516.33,-24.72,-25.20,M1->M2 x M3,149.48,274.57,420.2,82.5,207.0,775.1,486.0
650,0.45,11.0,257.64,252.48,389.89,-13.22,127.01,525.11,127.01,525.11,-18.75,-18.75,M3->FP x M2,149.48,274.57,420.2,82.5,207.0,775.1,518.1
650,0.45,12.0,293.95,292.06,433.83,-1.16,128.19,535.75,128.19,535.75,-12.74,-12.74,M3->FP x M2,149.48,274.57,420.2,82.5,207.0,775.1,550.4
650,0.45,13.0,330.18,331.55,477.64,10.10,129.64,548.19,129.64,548.19,-6.68,-6.68,M3->FP x M2,149.48,274.57,420.2,82.5,207.0,775.1,583.0
650,0.45,14.0,366.31,370.94,521.31,21.03,131.37,562.34,131.37,562.34,-0.58,-0.58,M3->FP x M2,149.48,274.57,420.2,82.5,207.0,775.1,615.8
650,0.45,15.0,402.33,410.22,564.81,31.69,133.37,578.15,133.37,578.15,5.38,5.38,M3->FP x M2,149.48,274.57,420.2,82.5,207.0,775.1,649.0
650,0.45,16.0,438.22,449.38,608.15,42.06,135.64,595.54,135.64,595.54,11.37,11.37,M3->FP x M2,149.48,274.57,420.2,82.5,207.0,775.1,682.4
650,0.45,17.0,473.98,488.39,651.30,52.12,138.18,614.44,138.18,614.44,17.41,17.41,M3->FP x M2,149.48,274.57,420.2,82.5,207.0,775.1,716.2
650,0.45,18.0,509.59,527.26,694.25,61.87,140.98,634.79,140.98,634.79,23.53,23.53,M3->FP x M2,149.48,274.57,420.2,82.5,207.0,775.1,750.3
650,0.45,19.0,545.05,565.97,736.98,71.29,144.04,656.52,144.04,656.52,29.71,29.71,M3->FP x M2,149.48,274.57,420.2,82.5,207.0,775.1,784.9
650,0.45,20.0,580.35,604.50,779.50,80.40,147.36,679.58,147.36,679.58,35.97,35.97,M3->FP x M2,149.48,274.57,420.2,82.5,207.0,775.1,819.8
650,0.50,2.0,-52.58,-98.67,0.36,-98.69,143.33,483.77,143.33,483.77,-52.33,-98.69,M1->M2 x M3,166.23,309.56,396.5,91.7,226.5,793.3,238.9
650,0.50,3.0,-47.30,-85.20,28.94,-98.57,143.33,483.77,143.33,483.77,-52.40,-98.57,M1->M2 x M3,166.23,309.56,396.5,91.7,226.5,793.3,267.5
650,0.50,4.0,-13.15,-48.14,71.25,-98.46,143.33,483.77,143.33,483.77,-52.57,-98.46,M1->M2 x M3,166.23,309.56,396.5,91.7,226.5,793.3,296.1
650,0.50,5.0,21.01,-10.99,113.55,-98.63,143.33,483.77,143.33,483.77,-52.69,-98.63,M1->M2 x M3,166.23,309.56,396.5,91.7,226.5,793.3,324.8
650,0.50,6.0,55.13,26.13,155.81,-88.31,143.33,483.77,143.33,483.77,-52.62,-88.31,M1->M2 x M3,166.23,309.56,396.5,91.7,226.5,793.3,353.6
650,0.50,7.0,89.23,63.21,198.02,-76.57,143.33,483.79,143.33,483.79,-52.67,-76.57,M1->M2 x M3,166.23,309.56,396.5,91.7,226.5,793.3,382.4
650,0.50,8.0,123.31,100.27,240.17,-64.77,143.33,484.94,143.33,484.94,-46.87,-64.77,M1->M2 x M3,166.23,309.56,396.5,91.7,226.5,793.3,411.4
650,0.50,9.0,157.35,137.29,282.25,-52.91,143.43,487.83,143.43,487.83,-40.96,-52.91,M1->M2 x M3,166.23,309.56,396.5,91.7,226.5,793.3,440.6
650,0.50,10.0,191.34,174.28,324.24,-40.99,143.78,492.45,143.78,492.45,-35.03,-40.99,M1->M2 x M3,166.23,309.56,396.5,91.7,226.5,793.3,469.9
650,0.50,11.0,225.27,211.21,366.14,-29.00,144.38,498.79,144.38,498.79,-29.05,-29.05,M3->FP x M2,166.23,309.56,396.5,91.7,226.5,793.3,499.4
650,0.50,12.0,259.13,248.08,407.92,-16.93,145.23,506.82,145.23,506.82,-23.04,-23.04,M3->FP x M2,166.23,309.56,396.5,91.7,226.5,793.3,529.1
650,0.50,13.0,292.92,284.87,449.58,-4.76,146.32,516.51,146.32,516.51,-16.98,-16.98,M3->FP x M2,166.23,309.56,396.5,91.7,226.5,793.3,559.0
650,0.50,14.0,326.62,321.57,491.10,6.90,147.66,527.81,147.66,527.81,-10.88,-10.88,M3->FP x M2,166.23,309.56,396.5,91.7,226.5,793.3,589.2
650,0.50,15.0,360.21,358.18,532.47,18.04,149.26,540.67,149.26,540.67,-4.72,-4.72,M3->FP x M2,166.23,309.56,396.5,91.7,226.5,793.3,619.7
650,0.50,16.0,393.70,394.68,573.68,28.96,151.11,555.03,151.11,555.03,1.44,1.44,M3->FP x M2,166.23,309.56,396.5,91.7,226.5,793.3,650.4
650,0.50,17.0,427.06,431.05,614.71,39.63,153.20,570.84,153.20,570.84,7.49,7.49,M3->FP x M2,166.23,309.56,396.5,91.7,226.5,793.3,681.4
650,0.50,18.0,460.30,467.30,655.56,50.04,155.55,588.03,155.55,588.03,13.61,13.61,M3->FP x M2,166.23,309.56,396.5,91.7,226.5,793.3,712.8
650,0.50,19.0,493.40,503.40,696.21,60.18,158.14,606.57,158.14,606.57,19.80,19.80,M3->FP x M2,166.23,309.56,396.5,91.7,226.5,793.3,744.5
650,0.50,20.0,526.34,539.35,736.64,70.05,160.98,626.40,160.98,626.40,26.06,26.06,M3->FP x M2,166.23,309.56,396.5,91.7,226.5,793.3,776.7
650,0.55,2.0,-57.96,-110.04,0.16,-110.03,161.97,466.99,161.97,466.99,-57.66,-110.04,in->M1 x M3,183.01,344.98,377.2,100.8,246.2,812.0,244.4
650,0.55,3.0,-57.51,-103.22,23.99,-110.09,161.97,466.99,161.97,466.99,-57.74,-110.09,M1->M2 x M3,183.01,344.98,377.2,100.8,246.2,812.0,270.8
650,0.55,4.0,-26.37,-68.52,64.57,-110.19,161.97,466.99,161.97,466.99,-57.78,-110.19,M1->M2 x M3,183.01,344.98,377.2,100.8,246.2,812.0,297.4
650,0.55,5.0,5.77,-33.73,105.13,-110.03,161.97,466.99,161.97,466.99,-57.72,-110.03,M1->M2 x M3,183.01,344.98,377.2,100.8,246.2,812.0,324.0
650,0.55,6.0,37.84,1.15,145.66,-104.05,161.97,466.99,161.97,466.99,-57.78,-104.05,M1->M2 x M3,183.01,344.98,377.2,100.8,246.2,812.0,350.7
650,0.55,7.0,69.90,35.91,186.15,-92.29,161.97,466.99,161.97,466.99,-57.79,-92.29,M1->M2 x M3,183.01,344.98,377.2,100.8,246.2,812.0,377.5
650,0.55,8.0,101.95,70.66,226.58,-80.48,161.97,467.05,161.97,467.05,-57.30,-80.48,M1->M2 x M3,183.01,344.98,377.2,100.8,246.2,812.0,404.4
650,0.55,9.0,133.96,105.39,266.94,-68.62,161.97,468.27,161.97,468.27,-51.39,-68.62,M1->M2 x M3,183.01,344.98,377.2,100.8,246.2,812.0,431.4
650,0.55,10.0,165.93,140.09,307.21,-56.68,162.12,471.05,162.12,471.05,-45.45,-56.68,M1->M2 x M3,183.01,344.98,377.2,100.8,246.2,812.0,458.6
650,0.55,11.0,197.85,174.74,347.40,-44.68,162.48,475.41,162.48,475.41,-39.47,-44.68,M1->M2 x M3,183.01,344.98,377.2,100.8,246.2,812.0,486.0
650,0.55,12.0,229.71,209.35,387.48,-32.60,163.06,481.31,163.06,481.31,-33.46,-33.46,M3->FP x M2,183.01,344.98,377.2,100.8,246.2,812.0,513.6
650,0.55,13.0,261.50,243.88,427.44,-20.43,163.87,488.76,163.87,488.76,-27.40,-27.40,M3->FP x M2,183.01,344.98,377.2,100.8,246.2,812.0,541.3
650,0.55,14.0,293.21,278.35,467.27,-8.16,164.90,497.72,164.90,497.72,-21.29,-21.29,M3->FP x M2,183.01,344.98,377.2,100.8,246.2,812.0,569.3
650,0.55,15.0,324.83,312.72,506.96,3.89,166.16,508.15,166.16,508.15,-15.13,-15.13,M3->FP x M2,183.01,344.98,377.2,100.8,246.2,812.0,597.6
650,0.55,16.0,356.35,347.01,546.49,15.22,167.65,520.01,167.65,520.01,-8.91,-8.91,M3->FP x M2,183.01,344.98,377.2,100.8,246.2,812.0,626.1
650,0.55,17.0,387.76,381.19,585.86,26.36,169.37,533.27,169.37,533.27,-2.63,-2.63,M3->FP x M2,183.01,344.98,377.2,100.8,246.2,812.0,654.9
650,0.55,18.0,419.06,415.25,625.05,37.30,171.33,547.86,171.33,547.86,3.58,3.58,M3->FP x M2,183.01,344.98,377.2,100.8,246.2,812.0,684.0
650,0.55,19.0,450.23,449.18,664.05,48.01,173.52,563.76,173.52,563.76,9.77,9.77,M3->FP x M2,183.01,344.98,377.2,100.8,246.2,812.0,713.4
650,0.55,20.0,481.26,482.98,702.84,58.50,175.94,580.92,175.94,580.92,16.03,16.03,M3->FP x M2,183.01,344.98,377.2,100.8,246.2,812.0,743.2
650,0.60,2.0,-62.34,-121.48,0.02,-121.55,180.90,450.18,180.90,450.18,-63.13,-121.55,M1->M2 x M3,199.82,380.71,361.0,110.0,266.1,830.9,250.6
650,0.60,3.0,-62.46,-120.36,20.03,-121.59,180.90,450.18,180.90,450.18,-63.03,-121.59,M1->M2 x M3,199.82,380.71,361.0,110.0,266.1,830.9,275.4
650,0.60,4.0,-38.27,-87.67,59.23,-121.43,180.90,450.18,180.90,450.18,-62.94,-121.43,M1->M2 x M3,199.82,380.71,361.0,110.0,266.1,830.9,300.2
650,0.60,5.0,-7.84,-54.90,98.41,-121.43,180.90,450.18,180.90,450.18,-62.97,-121.43,M1->M2 x M3,199.82,380.71,361.0,110.0,266.1,830.9,325.1
650,0.60,6.0,22.56,-22.04,137.55,-119.65,180.90,450.18,180.90,450.18,-62.91,-119.65,M1->M2 x M3,199.82,380.71,361.0,110.0,266.1,830.9,350.0
650,0.60,7.0,52.92,10.86,176.66,-107.88,180.90,450.18,180.90,450.18,-62.87,-107.88,M1->M2 x M3,199.82,380.71,361.0,110.0,266.1,830.9,375.1
650,0.60,8.0,83.27,43.65,215.71,-96.06,180.90,450.18,180.90,450.18,-62.98,-96.06,M1->M2 x M3,199.82,380.71,361.0,110.0,266.1,830.9,400.3
650,0.60,9.0,113.60,76.42,254.70,-84.18,180.90,450.28,180.90,450.28,-61.89,-84.18,M1->M2 x M3,199.82,380.71,361.0,110.0,266.1,830.9,425.6
650,0.60,10.0,143.89,109.17,293.60,-72.24,180.91,451.52,180.91,451.52,-55.95,-72.24,M1->M2 x M3,199.82,380.71,361.0,110.0,266.1,830.9,451.0
650,0.60,11.0,174.13,141.88,332.42,-60.23,181.09,454.20,181.09,454.20,-49.97,-60.23,M1->M2 x M3,199.82,380.71,361.0,110.0,266.1,830.9,476.6
650,0.60,12.0,204.33,174.56,371.14,-48.14,181.46,458.33,181.46,458.33,-43.96,-48.14,M1->M2 x M3,199.82,380.71,361.0,110.0,266.1,830.9,502.4
650,0.60,13.0,234.46,207.18,409.74,-35.95,182.03,463.89,182.03,463.89,-37.89,-37.89,M3->FP x M2,199.82,380.71,361.0,110.0,266.1,830.9,528.3
650,0.60,14.0,264.51,239.73,448.22,-23.67,182.81,470.87,182.81,470.87,-31.78,-31.78,M3->FP x M2,199.82,380.71,361.0,110.0,266.1,830.9,554.5
650,0.60,15.0,294.49,272.22,486.57,-11.29,183.79,479.25,183.79,479.25,-25.62,-25.62,M3->FP x M2,199.82,380.71,361.0,110.0,266.1,830.9,580.9
650,0.60,16.0,324.38,304.62,524.76,1.12,184.99,489.01,184.99,489.01,-19.40,-19.40,M3->FP x M2,199.82,380.71,361.0,110.0,266.1,830.9,607.6
650,0.60,17.0,354.17,336.92,562.80,12.63,186.40,500.10,186.40,500.10,-13.12,-13.12,M3->FP x M2,199.82,380.71,361.0,110.0,266.1,830.9,634.5
650,0.60,18.0,383.85,369.13,600.66,23.98,188.02,512.50,188.02,512.50,-6.77,-6.77,M3->FP x M2,199.82,380.71,361.0,110.0,266.1,830.9,661.7
650,0.60,19.0,413.42,401.22,638.34,35.15,189.87,526.17,189.87,526.17,-0.35,-0.35,M3->FP x M2,199.82,380.71,361.0,110.0,266.1,830.9,689.3
650,0.60,20.0,442.86,433.19,675.83,46.15,191.93,541.07,191.93,541.07,5.93,5.93,M3->FP x M2,199.82,380.71,361.0,110.0,266.1,830.9,717.1
650,0.65,2.0,-66.82,-132.68,0.66,-132.66,199.98,433.35,199.98,433.35,-68.12,-132.68,in->M1 x M3,216.65,416.63,347.3,119.2,286.1,850.0,257.5
650,0.65,3.0,-68.16,-133.05,16.84,-132.89,199.98,433.35,199.98,433.35,-68.36,-133.05,in->M1 x M3,216.65,416.63,347.3,119.2,286.1,850.0,280.8
650,0.65,4.0,-49.15,-105.87,54.91,-133.03,199.98,433.35,199.98,433.35,-68.43,-133.03,M1->M2 x M3,216.65,416.63,347.3,119.2,286.1,850.0,304.1
650,0.65,5.0,-20.18,-74.85,92.97,-132.75,199.98,433.35,199.98,433.35,-68.16,-132.75,M1->M2 x M3,216.65,416.63,347.3,119.2,286.1,850.0,327.6
650,0.65,6.0,8.82,-43.75,131.00,-132.88,199.98,433.35,199.98,433.35,-68.14,-132.88,M1->M2 x M3,216.65,416.63,347.3,119.2,286.1,850.0,351.1
650,0.65,7.0,37.75,-12.53,169.00,-123.29,199.98,433.35,199.98,433.35,-68.45,-123.29,M1->M2 x M3,216.65,416.63,347.3,119.2,286.1,850.0,374.7
650,0.65,8.0,66.67,18.64,206.93,-111.46,199.98,433.35,199.98,433.35,-68.25,-111.46,M1->M2 x M3,216.65,416.63,347.3,119.2,286.1,850.0,398.3
650,0.65,9.0,95.57,49.71,244.81,-99.57,199.98,433.35,199.98,433.35,-68.27,-99.57,M1->M2 x M3,216.65,416.63,347.3,119.2,286.1,850.0,422.2
650,0.65,10.0,124.44,80.78,282.61,-87.62,199.98,433.47,199.98,433.47,-66.50,-87.62,M1->M2 x M3,216.65,416.63,347.3,119.2,286.1,850.0,446.1
650,0.65,11.0,153.27,111.81,320.33,-75.60,200.02,434.71,200.02,434.71,-60.52,-75.60,M1->M2 x M3,216.65,416.63,347.3,119.2,286.1,850.0,470.2
650,0.65,12.0,182.05,142.82,357.95,-63.50,200.21,437.29,200.21,437.29,-54.50,-63.50,M1->M2 x M3,216.65,416.63,347.3,119.2,286.1,850.0,494.5
650,0.65,13.0,210.78,173.77,395.46,-51.30,200.60,441.22,200.60,441.22,-48.43,-51.30,M1->M2 x M3,216.65,416.63,347.3,119.2,286.1,850.0,518.9
650,0.65,14.0,239.45,204.68,432.84,-39.01,201.16,446.50,201.16,446.50,-42.32,-42.32,M3->FP x M2,216.65,416.63,347.3,119.2,286.1,850.0,543.5
650,0.65,15.0,268.04,235.52,470.10,-26.62,201.92,453.11,201.92,453.11,-36.15,-36.15,M3->FP x M2,216.65,416.63,347.3,119.2,286.1,850.0,568.4
650,0.65,16.0,296.55,266.30,507.21,-14.10,202.87,461.05,202.87,461.05,-29.93,-29.93,M3->FP x M2,216.65,416.63,347.3,119.2,286.1,850.0,593.5
650,0.65,17.0,324.97,296.99,544.17,-1.47,204.01,470.28,204.01,470.28,-23.64,-23.64,M3->FP x M2,216.65,416.63,347.3,119.2,286.1,850.0,618.9
650,0.65,18.0,353.29,327.59,580.97,10.32,205.36,480.77,205.36,480.77,-17.29,-17.29,M3->FP x M2,216.65,416.63,347.3,119.2,286.1,850.0,644.5
650,0.65,19.0,381.51,358.09,617.58,21.87,206.91,492.51,206.91,492.51,-10.87,-10.87,M3->FP x M2,216.65,416.63,347.3,119.2,286.1,850.0,670.4
650,0.65,20.0,409.60,388.48,654.01,33.27,208.66,505.46,208.66,505.46,-4.36,-4.36,M3->FP x M2,216.65,416.63,347.3,119.2,286.1,850.0,696.6
650,0.70,2.0,-73.67,-144.50,0.03,-144.37,219.10,416.48,219.10,416.48,-73.51,-144.50,in->M1 x M3,233.52,452.62,335.6,128.3,306.2,869.1,264.8
650,0.70,3.0,-73.58,-144.57,14.24,-144.48,219.10,416.48,219.10,416.48,-73.79,-144.57,in->M1 x M3,233.52,452.62,335.6,128.3,306.2,869.1,286.9
650,0.70,4.0,-59.23,-123.28,51.40,-144.31,219.10,416.48,219.10,416.48,-73.52,-144.31,M1->M2 x M3,233.52,452.62,335.6,128.3,306.2,869.1,309.0
650,0.70,5.0,-31.51,-93.82,88.55,-144.57,219.10,416.48,219.10,416.48,-73.26,-144.57,M1->M2 x M3,233.52,452.62,335.6,128.3,306.2,869.1,331.1
650,0.70,6.0,-3.72,-64.26,125.67,-144.37,219.10,416.48,219.10,416.48,-73.28,-144.37,M1->M2 x M3,233.52,452.62,335.6,128.3,306.2,869.1,353.4
650,0.70,7.0,24.00,-34.60,162.76,-138.48,219.10,416.48,219.10,416.48,-73.50,-138.48,M1->M2 x M3,233.52,452.62,335.6,128.3,306.2,869.1,375.7
650,0.70,8.0,51.69,-4.81,199.79,-126.64,219.10,416.48,219.10,416.48,-73.70,-126.64,M1->M2 x M3,233.52,452.62,335.6,128.3,306.2,869.1,398.2
650,0.70,9.0,79.37,24.82,236.76,-114.75,219.10,416.48,219.10,416.48,-73.71,-114.75,M1->M2 x M3,233.52,452.62,335.6,128.3,306.2,869.1,420.7
650,0.70,10.0,107.03,54.40,273.66,-102.79,219.10,416.48,219.10,416.48,-73.57,-102.79,M1->M2 x M3,233.52,452.62,335.6,128.3,306.2,869.1,443.4
650,0.70,11.0,134.65,83.96,310.48,-90.75,219.10,416.62,219.10,416.62,-71.07,-90.75,M1->M2 x M3,233.52,452.62,335.6,128.3,306.2,869.1,466.2
650,0.70,12.0,162.23,113.49,347.20,-78.64,219.16,417.84,219.16,417.84,-65.05,-78.64,M1->M2 x M3,233.52,452.62,335.6,128.3,306.2,869.1,489.1
650,0.70,13.0,189.76,143.00,383.82,-66.44,219.38,420.33,219.38,420.33,-58.98,-66.44,M1->M2 x M3,233.52,452.62,335.6,128.3,306.2,869.1,512.3
650,0.70,14.0,217.23,172.45,420.32,-54.14,219.77,424.10,219.77,424.10,-52.86,-54.14,M1->M2 x M3,233.52,452.62,335.6,128.3,306.2,869.1,535.6
650,0.70,15.0,244.64,201.86,456.69,-41.73,220.34,429.15,220.34,429.15,-46.69,-46.69,M3->FP x M2,233.52,452.62,335.6,128.3,306.2,869.1,559.1
650,0.70,16.0,271.97,231.20,492.93,-29.21,221.08,435.47,221.08,435.47,-40.47,-40.47,M3->FP x M2,233.52,452.62,335.6,128.3,306.2,869.1,582.9
650,0.70,17.0,299.22,260.48,529.01,-16.56,222.00,443.05,222.00,443.05,-34.18,-34.18,M3->FP x M2,233.52,452.62,335.6,128.3,306.2,869.1,606.9
650,0.70,18.0,326.38,289.67,564.93,-3.78,223.11,451.87,223.11,451.87,-27.82,-27.82,M3->FP x M2,233.52,452.62,335.6,128.3,306.2,869.1,631.2
650,0.70,19.0,353.44,318.78,600.68,8.36,224.40,461.91,224.40,461.91,-21.39,-21.39,M3->FP x M2,233.52,452.62,335.6,128.3,306.2,869.1,655.7
650,0.70,20.0,380.39,347.79,636.25,20.09,225.89,473.14,225.89,473.14,-14.89,-14.89,M3->FP x M2,233.52,452.62,335.6,128.3,306.2,869.1,680.5
650,0.75,2.0,-77.63,-156.06,0.32,-156.01,238.12,399.59,238.12,399.59,-78.29,-156.06,in->M1 x M3,250.41,488.53,325.5,137.5,326.2,888.1,273.2
650,0.75,3.0,-78.10,-155.96,12.11,-155.97,238.12,399.59,238.12,399.59,-79.05,-155.97,M1->M2 x M3,250.41,488.53,325.5,137.5,326.2,888.1,293.4
650,0.75,4.0,-68.66,-140.04,48.52,-155.91,238.12,399.59,238.12,399.59,-79.00,-155.91,M1->M2 x M3,250.41,488.53,325.5,137.5,326.2,888.1,314.5
650,0.75,5.0,-42.04,-111.95,84.92,-155.82,238.12,399.59,238.12,399.59,-78.91,-155.82,M1->M2 x M3,250.41,488.53,325.5,137.5,326.2,888.1,335.6
650,0.75,6.0,-15.33,-83.78,121.30,-155.69,238.12,399.59,238.12,399.59,-78.45,-155.69,M1->M2 x M3,250.41,488.53,325.5,137.5,326.2,888.1,356.7
650,0.75,7.0,11.38,-55.50,157.64,-153.42,238.12,399.59,238.12,399.59,-78.88,-153.42,M1->M2 x M3,250.41,488.53,325.5,137.5,326.2,888.1,378.0
650,0.75,8.0,38.02,-27.11,193.93,-141.57,238.12,399.59,238.12,399.59,-78.72,-141.57,M1->M2 x M3,250.41,488.53,325.5,137.5,326.2,888.1,399.3
650,0.75,9.0,64.64,1.40,230.16,-129.66,238.12,399.59,238.12,399.59,-78.71,-129.66,M1->M2 x M3,250.41,488.53,325.5,137.5,326.2,888.1,420.7
650,0.75,10.0,91.24,29.66,266.33,-117.69,238.12,399.59,238.12,399.59,-78.95,-117.69,M1->M2 x M3,250.41,488.53,325.5,137.5,326.2,888.1,442.3
650,0.75,11.0,117.82,57.91,302.41,-105.65,238.12,399.59,238.12,399.59,-78.33,-105.65,M1->M2 x M3,250.41,488.53,325.5,137.5,326.2,888.1,464.0
650,0.75,12.0,144.36,86.14,338.40,-93.52,238.12,399.73,238.12,399.73,-75.57,-93.52,M1->M2 x M3,250.41,488.53,325.5,137.5,326.2,888.1,485.8
650,0.75,13.0,170.85,114.35,374.28,-81.31,238.21,400.93,238.21,400.93,-69.50,-81.31,M1->M2 x M3,250.41,488.53,325.5,137.5,326.2,888.1,507.9
650,0.75,14.0,197.30,142.52,410.06,-69.00,238.45,403.34,238.45,403.34,-63.38,-69.00,M1->M2 x M3,250.41,488.53,325.5,137.5,326.2,888.1,530.0
650,0.75,15.0,223.68,170.65,445.70,-56.58,238.85,406.98,238.85,406.98,-57.21,-57.21,M3->FP x M2,250.41,488.53,325.5,137.5,326.2,888.1,552.4
650,0.75,16.0,249.99,198.72,481.21,-44.05,239.42,411.85,239.42,411.85,-50.98,-50.98,M3->FP x M2,250.41,488.53,325.5,137.5,326.2,888.1,575.0
650,0.75,17.0,276.23,226.74,516.58,-31.39,240.15,417.94,240.15,417.94,-44.69,-44.69,M3->FP x M2,250.41,488.53,325.5,137.5,326.2,888.1,597.9
650,0.75,18.0,302.39,254.68,551.79,-18.60,241.05,425.25,241.05,425.25,-38.33,-38.33,M3->FP x M2,250.41,488.53,325.5,137.5,326.2,888.1,620.9
650,0.75,19.0,328.45,282.55,586.83,-5.66,242.13,433.76,242.13,433.76,-31.90,-31.90,M3->FP x M2,250.41,488.53,325.5,137.5,326.2,888.1,644.3
650,0.75,20.0,354.41,310.33,621.69,6.79,243.39,443.45,243.39,443.45,-25.39,-25.39,M3->FP x M2,250.41,488.53,325.5,137.5,326.2,888.1,667.9
650,0.80,2.0,-84.24,-167.33,0.82,-167.42,256.92,382.67,256.92,382.67,-84.31,-167.42,M1->M2 x M3,267.33,524.25,316.6,146.7,346.1,906.9,293.0
650,0.80,3.0,-83.81,-167.44,10.35,-167.08,256.92,382.67,256.92,382.67,-83.90,-167.44,in->M1 x M3,267.33,524.25,316.6,146.7,346.1,906.9,300.4
650,0.80,4.0,-77.58,-156.22,46.15,-167.44,256.92,382.67,256.92,382.67,-83.45,-167.44,M1->M2 x M3,267.33,524.25,316.6,146.7,346.1,906.9,320.5
650,0.80,5.0,-51.91,-129.37,81.93,-167.37,256.92,382.67,256.92,382.67,-83.96,-167.37,M1->M2 x M3,267.33,524.25,316.6,146.7,346.1,906.9,340.6
650,0.80,6.0,-26.16,-102.44,117.70,-167.20,256.92,382.67,256.92,382.67,-84.24,-167.20,M1->M2 x M3,267.33,524.25,316.6,146.7,346.1,906.9,360.8
650,0.80,7.0,-0.31,-75.42,153.42,-167.17,256.92,382.67,256.92,382.67,-83.70,-167.17,M1->M2 x M3,267.33,524.25,316.6,146.7,346.1,906.9,381.1
650,0.80,8.0,25.40,-48.28,189.10,-156.20,256.92,382.67,256.92,382.67,-84.06,-156.20,M1->M2 x M3,267.33,524.25,316.6,146.7,346.1,906.9,401.5
650,0.80,9.0,51.10,-21.02,224.72,-144.28,256.92,382.67,256.92,382.67,-84.29,-144.28,M1->M2 x M3,267.33,524.25,316.6,146.7,346.1,906.9,422.0
650,0.80,10.0,76.78,6.31,260.28,-132.30,256.92,382.67,256.92,382.67,-83.77,-132.30,M1->M2 x M3,267.33,524.25,316.6,146.7,346.1,906.9,442.6
650,0.80,11.0,102.45,33.38,295.75,-120.25,256.92,382.67,256.92,382.67,-84.02,-120.25,M1->M2 x M3,267.33,524.25,316.6,146.7,346.1,906.9,463.3
650,0.80,12.0,128.08,60.44,331.13,-108.11,256.92,382.67,256.92,382.67,-84.21,-108.11,M1->M2 x M3,267.33,524.25,316.6,146.7,346.1,906.9,484.2
650,0.80,13.0,153.67,87.48,366.42,-95.89,256.92,382.81,256.92,382.81,-79.96,-95.89,M1->M2 x M3,267.33,524.25,316.6,146.7,346.1,906.9,505.2
650,0.80,14.0,179.21,114.49,401.59,-83.56,257.04,383.97,257.04,383.97,-73.83,-83.56,M1->M2 x M3,267.33,524.25,316.6,146.7,346.1,906.9,526.4
650,0.80,15.0,204.70,141.47,436.64,-71.14,257.31,386.32,257.31,386.32,-67.66,-71.14,M1->M2 x M3,267.33,524.25,316.6,146.7,346.1,906.9,547.8
650,0.80,16.0,230.13,168.41,471.55,-58.59,257.72,389.85,257.72,389.85,-61.43,-61.43,M3->FP x M2,267.33,524.25,316.6,146.7,346.1,906.9,569.3
650,0.80,17.0,255.49,195.29,506.33,-45.92,258.29,394.58,258.29,394.58,-55.13,-55.13,M3->FP x M2,267.33,524.25,316.6,146.7,346.1,906.9,591.1
650,0.80,18.0,280.77,222.12,540.95,-33.12,259.02,400.51,259.02,400.51,-48.77,-48.77,M3->FP x M2,267.33,524.25,316.6,146.7,346.1,906.9,613.2
650,0.80,19.0,305.96,248.88,575.40,-20.17,259.91,407.62,259.91,407.62,-42.34,-42.34,M3->FP x M2,267.33,524.25,316.6,146.7,346.1,906.9,635.5
650,0.80,20.0,331.06,275.56,609.68,-7.07,260.97,415.90,260.97,415.90,-35.83,-35.83,M3->FP x M2,267.33,524.25,316.6,146.7,346.1,906.9,658.0
650,0.85,2.0,-89.47,-178.77,0.77,-178.71,275.37,365.72,275.37,365.72,-89.48,-178.77,in->M1 x M3,284.28,559.65,308.7,155.8,365.8,925.4,312.7
650,0.85,3.0,-89.54,-178.51,8.89,-178.50,275.37,365.72,275.37,365.72,-88.76,-178.51,in->M1 x M3,284.28,559.65,308.7,155.8,365.8,925.4,312.7
650,0.85,4.0,-86.07,-171.86,44.18,-178.51,275.37,365.72,275.37,365.72,-89.32,-178.51,M1->M2 x M3,284.28,559.65,308.7,155.8,365.8,925.4,326.9
650,0.85,5.0,-61.23,-146.15,79.45,-178.55,275.37,365.72,275.37,365.72,-88.95,-178.55,M1->M2 x M3,284.28,559.65,308.7,155.8,365.8,925.4,346.2
650,0.85,6.0,-36.32,-120.36,114.71,-178.63,275.37,365.72,275.37,365.72,-89.22,-178.63,M1->M2 x M3,284.28,559.65,308.7,155.8,365.8,925.4,365.6
650,0.85,7.0,-11.33,-94.47,149.92,-178.75,275.37,365.72,275.37,365.72,-89.21,-178.75,M1->M2 x M3,284.28,559.65,308.7,155.8,365.8,925.4,385.0
650,0.85,8.0,13.65,-68.48,185.09,-170.48,275.37,365.72,275.37,365.72,-89.51,-170.48,M1->M2 x M3,284.28,559.65,308.7,155.8,365.8,925.4,404.5
650,0.85,9.0,38.54,-42.36,220.21,-158.56,275.37,365.72,275.37,365.72,-89.57,-158.56,M1->M2 x M3,284.28,559.65,308.7,155.8,365.8,925.4,424.2
650,0.85,10.0,63.41,-16.10,255.26,-146.57,275.37,365.72,275.37,365.72,-89.29,-146.57,M1->M2 x M3,284.28,559.65,308.7,155.8,365.8,925.4,443.9
650,0.85,11.0,88.27,10.14,290.23,-134.50,275.37,365.72,275.37,365.72,-89.16,-134.50,M1->M2 x M3,284.28,559.65,308.7,155.8,365.8,925.4,463.8
650,0.85,12.0,113.10,36.13,325.11,-122.36,275.37,365.72,275.37,365.72,-88.75,-122.36,M1->M2 x M3,284.28,559.65,308.7,155.8,365.8,925.4,483.8
650,0.85,13.0,137.90,62.12,359.89,-110.12,275.37,365.72,275.37,365.72,-89.40,-110.12,M1->M2 x M3,284.28,559.65,308.7,155.8,365.8,925.4,503.9
650,0.85,14.0,162.65,88.08,394.57,-97.79,275.39,365.86,275.39,365.86,-84.19,-97.79,M1->M2 x M3,284.28,559.65,308.7,155.8,365.8,925.4,524.2
650,0.85,15.0,187.36,114.02,429.12,-85.35,275.53,366.99,275.53,366.99,-78.02,-85.35,M1->M2 x M3,284.28,559.65,308.7,155.8,365.8,925.4,544.7
650,0.85,16.0,212.01,139.93,463.54,-72.80,275.82,369.28,275.82,369.28,-71.78,-72.80,M1->M2 x M3,284.28,559.65,308.7,155.8,365.8,925.4,565.4
650,0.85,17.0,236.59,165.79,497.82,-60.12,276.25,372.74,276.25,372.74,-65.48,-65.48,M3->FP x M2,284.28,559.65,308.7,155.8,365.8,925.4,586.3
650,0.85,18.0,261.10,191.60,531.95,-47.30,276.82,377.38,276.82,377.38,-59.12,-59.12,M3->FP x M2,284.28,559.65,308.7,155.8,365.8,925.4,607.4
650,0.85,19.0,285.53,217.35,565.92,-34.34,277.55,383.19,277.55,383.19,-52.68,-52.68,M3->FP x M2,284.28,559.65,308.7,155.8,365.8,925.4,628.8
650,0.85,20.0,309.88,243.04,599.71,-21.23,278.43,390.16,278.43,390.16,-46.17,-46.17,M3->FP x M2,284.28,559.65,308.7,155.8,365.8,925.4,650.4
650,0.90,2.0,-93.78,-189.51,0.07,-189.88,293.34,348.75,293.34,348.75,-94.62,-189.88,M1->M2 x M3,301.25,594.60,301.8,165.0,385.2,943.3,332.1
650,0.90,3.0,-94.44,-189.60,7.67,-189.56,293.34,348.75,293.34,348.75,-94.63,-189.60,in->M1 x M3,301.25,594.60,301.8,165.0,385.2,943.3,332.1
650,0.90,4.0,-94.20,-187.01,42.53,-189.92,293.34,348.75,293.34,348.75,-94.54,-189.92,M1->M2 x M3,301.25,594.60,301.8,165.0,385.2,943.3,333.5
650,0.90,5.0,-70.11,-162.33,77.38,-189.55,293.34,348.75,293.34,348.75,-94.55,-189.55,M1->M2 x M3,301.25,594.60,301.8,165.0,385.2,943.3,352.1
650,0.90,6.0,-45.95,-137.58,112.21,-189.86,293.34,348.75,293.34,348.75,-94.02,-189.86,M1->M2 x M3,301.25,594.60,301.8,165.0,385.2,943.3,370.7
650,0.90,7.0,-21.70,-112.74,147.00,-189.73,293.34,348.75,293.34,348.75,-94.81,-189.73,M1->M2 x M3,301.25,594.60,301.8,165.0,385.2,943.3,389.4
650,0.90,8.0,2.62,-87.80,181.75,-184.39,293.34,348.75,293.34,348.75,-93.87,-184.39,M1->M2 x M3,301.25,594.60,301.8,165.0,385.2,943.3,408.2
650,0.90,9.0,26.79,-62.74,216.44,-172.45,293.34,348.75,293.34,348.75,-94.55,-172.45,M1->M2 x M3,301.25,594.60,301.8,165.0,385.2,943.3,427.1
650,0.90,10.0,50.95,-37.54,251.06,-160.45,293.34,348.75,293.34,348.75,-94.21,-160.45,M1->M2 x M3,301.25,594.60,301.8,165.0,385.2,943.3,446.1
650,0.90,11.0,75.10,-12.18,285.61,-148.38,293.34,348.75,293.34,348.75,-94.56,-148.38,M1->M2 x M3,301.25,594.60,301.8,165.0,385.2,943.3,465.2
650,0.90,12.0,99.22,13.05,320.08,-136.22,293.34,348.75,293.34,348.75,-94.41,-136.22,M1->M2 x M3,301.25,594.60,301.8,165.0,385.2,943.3,484.4
650,0.90,13.0,123.31,38.07,354.44,-123.98,293.34,348.75,293.34,348.75,-94.64,-123.98,M1->M2 x M3,301.25,594.60,301.8,165.0,385.2,943.3,503.8
650,0.90,14.0,147.37,63.08,388.70,-111.64,293.34,348.75,293.34,348.75,-94.42,-111.64,M1->M2 x M3,301.25,594.60,301.8,165.0,385.2,943.3,523.3
650,0.90,15.0,171.37,88.06,422.84,-99.19,293.38,348.88,293.38,348.88,-88.24,-99.19,M1->M2 x M3,301.25,594.60,301.8,165.0,385.2,943.3,543.0
650,0.90,16.0,195.33,113.02,456.85,-86.62,293.55,349.99,293.55,349.99,-82.00,-86.62,M1->M2 x M3,301.25,594.60,301.8,165.0,385.2,943.3,562.9
650,0.90,17.0,219.23,137.95,490.72,-73.93,293.86,352.25,293.86,352.25,-75.71,-75.71,M3->FP x M2,301.25,594.60,301.8,165.0,385.2,943.3,583.0
650,0.90,18.0,243.06,162.83,524.44,-61.11,294.30,355.66,294.30,355.66,-69.34,-69.34,M3->FP x M2,301.25,594.60,301.8,165.0,385.2,943.3,603.3
650,0.90,19.0,266.82,187.66,558.00,-48.14,294.89,360.24,294.89,360.24,-62.90,-62.90,M3->FP x M2,301.25,594.60,301.8,165.0,385.2,943.3,623.9
650,0.90,20.0,290.49,212.44,591.39,-35.01,295.62,365.98,295.62,365.98,-56.38,-56.38,M3->FP x M2,301.25,594.60,301.8,165.0,385.2,943.3,644.7
700,0.30,2.0,-25.32,-42.19,19.41,-55.77,75.85,600.58,75.85,600.58,-31.58,-55.77,M1->M2 x M3,99.42,175.27,566.0,55.0,151.7,775.9,240.4
700,0.30,3.0,27.68,14.88,79.45,-55.95,75.85,600.58,75.85,600.58,-31.34,-55.95,M1->M2 x M3,99.42,175.27,566.0,55.0,151.7,775.9,287.0
700,0.30,4.0,80.66,71.93,139.46,-48.00,75.85,601.11,75.85,601.11,-30.45,-48.00,M1->M2 x M3,99.42,175.27,566.0,55.0,151.7,775.9,333.7
700,0.30,5.0,133.61,128.95,199.44,-36.36,75.85,604.88,75.85,604.88,-24.64,-36.36,M1->M2 x M3,99.42,175.27,566.0,55.0,151.7,775.9,380.5
700,0.30,6.0,186.52,185.93,259.35,-24.69,76.11,612.24,76.11,612.24,-18.82,-24.69,M1->M2 x M3,99.42,175.27,566.0,55.0,151.7,775.9,427.5
700,0.30,7.0,239.38,242.85,319.18,-12.98,76.82,623.10,76.82,623.10,-12.98,-12.98,M1->M2 x M3,99.42,175.27,566.0,55.0,151.7,775.9,474.6
700,0.30,8.0,292.16,299.70,378.92,-1.22,77.96,637.33,77.96,637.33,-7.11,-7.11,M3->FP x M2,99.42,175.27,566.0,55.0,151.7,775.9,522.0
700,0.30,9.0,344.85,356.46,438.54,9.74,79.52,654.76,79.52,654.76,-1.22,-1.22,M3->FP x M2,99.42,175.27,566.0,55.0,151.7,775.9,569.6
700,0.30,10.0,397.44,413.12,498.02,20.21,81.50,675.21,81.50,675.21,4.54,4.54,M3->FP x M2,99.42,175.27,566.0,55.0,151.7,775.9,617.4
700,0.30,11.0,449.90,469.64,557.36,30.20,83.85,698.49,83.85,698.49,10.28,10.28,M3->FP x M2,99.42,175.27,566.0,55.0,151.7,775.9,665.6
700,0.30,12.0,502.23,526.02,616.52,39.71,86.58,724.39,86.58,724.39,16.07,16.07,M3->FP x M2,99.42,175.27,566.0,55.0,151.7,775.9,714.1
700,0.30,13.0,554.41,582.24,675.50,48.70,89.65,752.72,89.65,752.72,21.90,21.90,M3->FP x M2,99.42,175.27,566.0,55.0,151.7,775.9,762.9
700,0.30,14.0,606.41,638.29,734.27,57.19,93.03,783.32,93.03,783.32,27.78,27.78,M3->FP x M2,99.42,175.27,566.0,55.0,151.7,775.9,812.2
700,0.30,15.0,658.24,694.14,792.82,65.16,96.71,816.02,96.71,816.02,33.71,33.71,M3->FP x M2,99.42,175.27,566.0,55.0,151.7,775.9,861.8
700,0.30,16.0,709.86,749.78,851.13,72.65,100.67,850.67,100.66,850.67,39.69,39.69,M3->FP x M2,99.42,175.27,566.0,55.0,151.7,775.9,912.0
700,0.30,17.0,761.27,805.19,909.18,79.66,104.89,887.16,104.52,887.16,45.73,45.73,M3->FP x M2,99.42,175.27,566.0,55.0,151.7,775.9,962.7
700,0.30,18.0,812.44,860.35,966.95,86.22,109.35,925.37,108.11,925.38,51.84,51.84,M3->FP x M2,99.42,175.27,566.0,55.0,151.7,775.9,1013.9
700,0.30,19.0,863.37,915.26,1024.42,92.36,114.05,962.54,111.47,965.24,58.02,58.02,M3->FP x M2,99.42,175.27,566.0,55.0,151.7,775.9,1065.7
700,0.30,20.0,914.03,969.88,1081.59,98.09,118.95,996.64,114.61,1006.67,64.27,64.27,M3->FP x M2,99.42,175.27,566.0,55.0,151.7,775.9,1118.1
700,0.35,2.0,-36.77,-64.00,9.17,-66.43,92.12,583.92,92.12,583.92,-36.86,-66.43,M1->M2 x M3,116.08,208.20,511.3,64.2,170.1,792.1,237.0
700,0.35,3.0,5.84,-13.03,63.68,-66.47,92.12,583.92,92.12,583.92,-36.73,-66.47,M1->M2 x M3,116.08,208.20,511.3,64.2,170.1,792.1,277.8
700,0.35,4.0,53.02,37.95,118.17,-63.83,92.12,583.92,92.12,583.92,-36.80,-63.83,M1->M2 x M3,116.08,208.20,511.3,64.2,170.1,792.1,318.7
700,0.35,5.0,100.18,88.90,172.63,-52.19,92.12,584.94,92.12,584.94,-34.42,-52.19,M1->M2 x M3,116.08,208.20,511.3,64.2,170.1,792.1,359.6
700,0.35,6.0,147.30,139.82,227.03,-40.51,92.14,588.80,92.14,588.80,-28.60,-40.51,M1->M2 x M3,116.08,208.20,511.3,64.2,170.1,792.1,400.7
700,0.35,7.0,194.39,190.70,281.36,-28.79,92.43,595.50,92.43,595.50,-22.75,-28.79,M1->M2 x M3,116.08,208.20,511.3,64.2,170.1,792.1,442.0
700,0.35,8.0,241.41,241.52,335.61,-17.02,93.09,604.98,93.09,604.98,-16.89,-17.02,M1->M2 x M3,116.08,208.20,511.3,64.2,170.1,792.1,483.4
700,0.35,9.0,288.36,292.26,389.76,-5.19,94.12,617.16,94.12,617.16,-10.99,-10.99,M3->FP x M2,116.08,208.20,511.3,64.2,170.1,792.1,525.1
700,0.35,10.0,335.22,342.92,443.78,6.19,95.51,631.93,95.51,631.93,-5.06,-5.06,M3->FP x M2,116.08,208.20,511.3,64.2,170.1,792.1,566.9
700,0.35,11.0,381.98,393.48,497.68,16.94,97.25,649.17,97.25,649.17,0.87,0.87,M3->FP x M2,116.08,208.20,511.3,64.2,170.1,792.1,609.1
700,0.35,12.0,428.62,443.91,551.42,27.30,99.33,668.75,99.33,668.75,6.66,6.66,M3->FP x M2,116.08,208.20,511.3,64.2,170.1,792.1,651.5
700,0.35,13.0,475.14,494.21,604.99,37.27,101.75,690.54,101.75,690.54,12.49,12.49,M3->FP x M2,116.08,208.20,511.3,64.2,170.1,792.1,694.2
700,0.35,14.0,521.50,544.36,658.37,46.82,104.47,714.42,104.47,714.42,18.37,18.37,M3->FP x M2,116.08,208.20,511.3,64.2,170.1,792.1,737.3
700,0.35,15.0,567.71,594.34,711.56,55.93,107.50,740.25,107.50,740.25,24.30,24.30,M3->FP x M2,116.08,208.20,511.3,64.2,170.1,792.1,780.8
700,0.35,16.0,613.75,644.14,764.53,64.62,110.82,767.92,110.82,767.92,30.29,30.29,M3->FP x M2,116.08,208.20,511.3,64.2,170.1,792.1,824.7
700,0.35,17.0,659.60,693.75,817.27,72.87,114.42,797.34,114.42,797.34,36.33,36.33,M3->FP x M2,116.08,208.20,511.3,64.2,170.1,792.1,869.0
700,0.35,18.0,705.25,743.14,869.76,80.70,118.28,828.40,118.28,828.40,42.44,42.44,M3->FP x M2,116.08,208.20,511.3,64.2,170.1,792.1,913.9
700,0.35,19.0,750.68,792.31,921.98,88.12,122.39,861.03,122.34,861.03,48.62,48.62,M3->FP x M2,116.08,208.20,511.3,64.2,170.1,792.1,959.2
700,0.35,20.0,795.89,841.23,973.92,95.14,126.74,895.17,126.23,895.17,54.88,54.88,M3->FP x M2,116.08,208.20,511.3,64.2,170.1,792.1,1005.1
700,0.40,2.0,-41.85,-77.24,1.65,-77.02,109.12,567.23,109.12,567.23,-42.09,-77.24,in->M1 x M3,132.77,241.89,470.3,73.3,188.8,809.1,237.0
700,0.40,3.0,-11.87,-37.05,52.10,-77.19,109.12,567.23,109.12,567.23,-42.14,-77.19,M1->M2 x M3,132.77,241.89,470.3,73.3,188.8,809.1,273.4
700,0.40,4.0,30.97,9.32,102.53,-77.20,109.12,567.23,109.12,567.23,-41.93,-77.20,M1->M2 x M3,132.77,241.89,470.3,73.3,188.8,809.1,309.9
700,0.40,5.0,73.79,55.65,152.93,-68.04,109.12,567.25,109.12,567.25,-42.01,-68.04,M1->M2 x M3,132.77,241.89,470.3,73.3,188.8,809.1,346.5
700,0.40,6.0,116.58,101.96,203.28,-56.35,109.12,568.69,109.12,568.69,-38.58,-56.35,M1->M2 x M3,132.77,241.89,470.3,73.3,188.8,809.1,383.2
700,0.40,7.0,159.33,148.24,253.57,-44.62,109.16,572.50,109.16,572.50,-32.73,-44.62,M1->M2 x M3,132.77,241.89,470.3,73.3,188.8,809.1,420.0
700,0.40,8.0,202.04,194.47,303.79,-32.84,109.47,578.66,109.47,578.66,-26.86,-32.84,M1->M2 x M3,132.77,241.89,470.3,73.3,188.8,809.1,457.0
700,0.40,9.0,244.69,240.64,353.91,-21.01,110.11,587.13,110.11,587.13,-20.96,-21.01,M1->M2 x M3,132.77,241.89,470.3,73.3,188.8,809.1,494.2
700,0.40,10.0,287.26,286.74,403.92,-9.11,111.05,597.85,111.05,597.85,-15.03,-15.03,M3->FP x M2,132.77,241.89,470.3,73.3,188.8,809.1,531.6
700,0.40,11.0,329.74,332.76,453.82,2.66,112.31,610.75,112.31,610.75,-9.06,-9.06,M3->FP x M2,132.77,241.89,470.3,73.3,188.8,809.1,569.2
700,0.40,12.0,372.13,378.67,503.57,13.63,113.88,625.75,113.88,625.75,-3.05,-3.05,M3->FP x M2,132.77,241.89,470.3,73.3,188.8,809.1,607.1
700,0.40,13.0,414.40,424.46,553.17,24.29,115.75,642.76,115.75,642.76,2.89,2.89,M3->FP x M2,132.77,241.89,470.3,73.3,188.8,809.1,645.3
700,0.40,14.0,456.54,470.13,602.60,34.61,117.92,661.68,117.92,661.68,8.77,8.77,M3->FP x M2,132.77,241.89,470.3,73.3,188.8,809.1,683.7
700,0.40,15.0,498.55,515.66,651.85,44.59,120.38,682.42,120.38,682.42,14.70,14.70,M3->FP x M2,132.77,241.89,470.3,73.3,188.8,809.1,722.6
700,0.40,16.0,540.40,561.02,700.89,54.21,123.12,704.89,123.12,704.89,20.69,20.69,M3->FP x M2,132.77,241.89,470.3,73.3,188.8,809.1,761.7
700,0.40,17.0,582.09,606.22,749.73,63.46,126.14,729.02,126.14,729.02,26.74,26.74,M3->FP x M2,132.77,241.89,470.3,73.3,188.8,809.1,801.3
700,0.40,18.0,623.60,651.23,798.34,72.33,129.43,754.71,129.43,754.71,32.85,32.85,M3->FP x M2,132.77,241.89,470.3,73.3,188.8,809.1,841.3
700,0.40,19.0,664.92,696.04,846.70,80.84,132.97,781.90,132.97,781.90,39.03,39.03,M3->FP x M2,132.77,241.89,470.3,73.3,188.8,809.1,881.8
700,0.40,20.0,706.04,740.64,894.81,88.97,136.77,810.54,136.77,810.54,45.29,45.29,M3->FP x M2,132.77,241.89,470.3,73.3,188.8,809.1,922.8
700,0.45,2.0,-46.96,-88.11,0.52,-88.03,126.73,550.51,126.73,550.51,-47.33,-88.11,in->M1 x M3,149.49,276.21,438.4,82.5,207.9,826.7,239.3
700,0.45,3.0,-26.82,-58.52,43.31,-88.10,126.73,550.51,126.73,550.51,-47.18,-88.10,M1->M2 x M3,149.49,276.21,438.4,82.5,207.9,826.7,272.3
700,0.45,4.0,12.66,-15.81,90.66,-87.88,126.73,550.51,126.73,550.51,-47.17,-87.88,M1->M2 x M3,149.49,276.21,438.4,82.5,207.9,826.7,305.4
700,0.45,5.0,52.10,26.89,137.98,-83.88,126.73,550.51,126.73,550.51,-47.36,-83.88,M1->M2 x M3,149.49,276.21,438.4,82.5,207.9,826.7,338.5
700,0.45,6.0,91.52,69.55,185.26,-72.18,126.73,550.63,126.73,550.63,-47.03,-72.18,M1->M2 x M3,149.49,276.21,438.4,82.5,207.9,826.7,371.8
700,0.45,7.0,130.91,112.20,232.48,-60.44,126.73,552.32,126.73,552.32,-42.88,-60.44,M1->M2 x M3,149.49,276.21,438.4,82.5,207.9,826.7,405.2
700,0.45,8.0,170.26,154.80,279.64,-48.65,126.80,556.03,126.80,556.03,-37.00,-48.65,M1->M2 x M3,149.49,276.21,438.4,82.5,207.9,826.7,438.7
700,0.45,9.0,209.57,197.36,326.70,-36.80,127.13,561.75,127.13,561.75,-31.10,-36.80,M1->M2 x M3,149.49,276.21,438.4,82.5,207.9,826.7,472.5
700,0.45,10.0,248.80,239.86,373.67,-24.89,127.74,569.45,127.74,569.45,-25.17,-25.17,M3->FP x M2,149.49,276.21,438.4,82.5,207.9,826.7,506.4
700,0.45,11.0,287.96,282.29,420.53,-12.91,128.62,579.09,128.62,579.09,-19.20,-19.20,M3->FP x M2,149.49,276.21,438.4,82.5,207.9,826.7,540.5
700,0.45,12.0,327.04,324.63,467.25,-0.85,129.78,590.62,129.78,590.62,-13.19,-13.19,M3->FP x M2,149.49,276.21,438.4,82.5,207.9,826.7,574.8
700,0.45,13.0,366.01,366.87,513.84,10.37,131.21,603.99,131.21,603.99,-7.13,-7.13,M3->FP x M2,149.49,276.21,438.4,82.5,207.9,826.7,609.4
700,0.45,14.0,404.88,409.00,560.27,21.27,132.92,619.12,132.92,619.12,-1.03,-1.03,M3->FP x M2,149.49,276.21,438.4,82.5,207.9,826.7,644.3
700,0.45,15.0,443.62,451.01,606.52,31.90,134.90,635.95,134.90,635.95,4.94,4.94,M3->FP x M2,149.49,276.21,438.4,82.5,207.9,826.7,679.5
700,0.45,16.0,482.22,492.88,652.60,42.23,137.15,654.41,137.15,654.41,10.93,10.93,M3->FP x M2,149.49,276.21,438.4,82.5,207.9,826.7,715.0
700,0.45,17.0,520.68,534.59,698.47,52.26,139.66,674.43,139.66,674.43,16.98,16.98,M3->FP x M2,149.49,276.21,438.4,82.5,207.9,826.7,750.9
700,0.45,18.0,558.98,576.15,744.13,61.97,142.43,695.95,142.43,695.95,23.10,23.10,M3->FP x M2,149.49,276.21,438.4,82.5,207.9,826.7,787.2
700,0.45,19.0,597.11,617.53,789.56,71.37,145.46,718.90,145.46,718.90,29.28,29.28,M3->FP x M2,149.49,276.21,438.4,82.5,207.9,826.7,823.9
700,0.45,20.0,635.05,658.72,834.76,80.44,148.74,743.25,148.74,743.25,35.54,35.54,M3->FP x M2,149.49,276.21,438.4,82.5,207.9,826.7,861.1
700,0.50,2.0,-52.71,-99.23,0.67,-99.03,144.83,533.76,144.83,533.76,-52.35,-99.23,in->M1 x M3,166.24,311.06,412.9,91.7,227.3,844.8,243.1
700,0.50,3.0,-39.83,-78.21,36.47,-99.31,144.83,533.76,144.83,533.76,-52.59,-99.31,M1->M2 x M3,166.24,311.06,412.9,91.7,227.3,844.8,273.4
700,0.50,4.0,-3.05,-38.52,81.43,-99.33,144.83,533.76,144.83,533.76,-52.60,-99.33,M1->M2 x M3,166.24,311.06,412.9,91.7,227.3,844.8,303.8
700,0.50,5.0,33.69,1.25,126.36,-99.07,144.83,533.76,144.83,533.76,-52.65,-99.07,M1->M2 x M3,166.24,311.06,412.9,91.7,227.3,844.8,334.2
700,0.50,6.0,70.42,40.95,171.25,-87.96,144.83,533.76,144.83,533.76,-52.44,-87.96,M1->M2 x M3,166.24,311.06,412.9,91.7,227.3,844.8,364.8
700,0.50,7.0,107.12,80.62,216.09,-76.21,144.83,534.01,144.83,534.01,-52.28,-76.21,M1->M2 x M3,166.24,311.06,412.9,91.7,227.3,844.8,395.4
700,0.50,8.0,143.80,120.28,260.86,-64.41,144.83,535.83,144.83,535.83,-47.28,-64.41,M1->M2 x M3,166.24,311.06,412.9,91.7,227.3,844.8,426.2
700,0.50,9.0,180.43,159.90,305.56,-52.55,144.93,539.42,144.93,539.42,-41.38,-52.55,M1->M2 x M3,166.24,311.06,412.9,91.7,227.3,844.8,457.1
700,0.50,10.0,217.00,199.47,350.16,-40.63,145.28,544.78,145.28,544.78,-35.44,-40.63,M1->M2 x M3,166.24,311.06,412.9,91.7,227.3,844.8,488.2
700,0.50,11.0,253.51,238.97,394.65,-28.64,145.87,551.88,145.87,551.88,-29.47,-29.47,M3->FP x M2,166.24,311.06,412.9,91.7,227.3,844.8,519.5
700,0.50,12.0,289.94,278.41,439.03,-16.57,146.71,560.70,146.71,560.70,-23.46,-23.46,M3->FP x M2,166.24,311.06,412.9,91.7,227.3,844.8,551.1
700,0.50,13.0,326.28,317.76,483.27,-4.40,147.79,571.20,147.79,571.20,-17.40,-17.40,M3->FP x M2,166.24,311.06,412.9,91.7,227.3,844.8,582.8
700,0.50,14.0,362.52,357.01,527.36,7.22,149.12,583.33,149.12,583.33,-11.29,-11.29,M3->FP x M2,166.24,311.06,412.9,91.7,227.3,844.8,614.8
700,0.50,15.0,398.65,396.16,571.30,18.34,150.70,597.06,150.70,597.06,-5.13,-5.13,M3->FP x M2,166.24,311.06,412.9,91.7,227.3,844.8,647.2
700,0.50,16.0,434.67,435.18,615.05,29.22,152.53,612.32,152.53,612.32,1.04,1.04,M3->FP x M2,166.24,311.06,412.9,91.7,227.3,844.8,679.8
700,0.50,17.0,470.54,474.07,658.63,39.86,154.61,629.06,154.61,629.06,7.09,7.09,M3->FP x M2,166.24,311.06,412.9,91.7,227.3,844.8,712.7
700,0.50,18.0,506.28,512.82,702.00,50.24,156.93,647.24,156.93,647.24,13.21,13.21,M3->FP x M2,166.24,311.06,412.9,91.7,227.3,844.8,746.0
700,0.50,19.0,541.86,551.41,745.15,60.35,159.50,666.80,159.50,666.80,19.40,19.40,M3->FP x M2,166.24,311.06,412.9,91.7,227.3,844.8,779.7
700,0.50,20.0,577.28,589.84,788.09,70.19,162.32,687.70,162.32,687.70,25.66,25.66,M3->FP x M2,166.24,311.06,412.9,91.7,227.3,844.8,813.8
700,0.55,2.0,-57.84,-110.61,0.05,-110.56,163.31,516.99,163.31,516.99,-57.75,-110.61,in->M1 x M3,183.01,346.32,392.1,100.8,247.0,863.3,248.1
700,0.55,3.0,-51.44,-96.63,31.06,-110.53,163.31,516.99,163.31,516.99,-57.89,-110.53,M1->M2 x M3,183.01,346.32,392.1,100.8,247.0,863.3,276.2
700,0.55,4.0,-16.89,-59.46,74.12,-110.39,163.31,516.99,163.31,516.99,-57.59,-110.39,M1->M2 x M3,183.01,346.32,392.1,100.8,247.0,863.3,304.4
700,0.55,5.0,17.68,-22.20,117.16,-110.55,163.31,516.99,163.31,516.99,-57.61,-110.55,M1->M2 x M3,183.01,346.32,392.1,100.8,247.0,863.3,332.6
700,0.55,6.0,52.20,15.09,160.16,-103.65,163.31,516.99,163.31,516.99,-57.90,-103.65,M1->M2 x M3,183.01,346.32,392.1,100.8,247.0,863.3,360.9
700,0.55,7.0,86.71,52.29,203.11,-91.89,163.31,516.99,163.31,516.99,-57.83,-91.89,M1->M2 x M3,183.01,346.32,392.1,100.8,247.0,863.3,389.3
700,0.55,8.0,121.19,89.49,246.00,-80.08,163.31,517.36,163.31,517.36,-57.67,-80.08,M1->M2 x M3,183.01,346.32,392.1,100.8,247.0,863.3,417.8
700,0.55,9.0,155.64,126.65,288.82,-68.21,163.31,519.24,163.31,519.24,-51.76,-68.21,M1->M2 x M3,183.01,346.32,392.1,100.8,247.0,863.3,446.5
700,0.55,10.0,190.03,163.77,331.55,-56.28,163.45,522.71,163.45,522.71,-45.82,-56.28,M1->M2 x M3,183.01,346.32,392.1,100.8,247.0,863.3,475.3
700,0.55,11.0,224.37,200.85,374.17,-44.28,163.81,527.76,163.81,527.76,-39.84,-44.28,M1->M2 x M3,183.01,346.32,392.1,100.8,247.0,863.3,504.3
700,0.55,12.0,258.64,237.86,416.69,-32.19,164.39,534.38,164.39,534.38,-33.83,-33.83,M3->FP x M2,183.01,346.32,392.1,100.8,247.0,863.3,533.5
700,0.55,13.0,292.84,274.80,459.07,-20.02,165.19,542.56,165.19,542.56,-27.77,-27.77,M3->FP x M2,183.01,346.32,392.1,100.8,247.0,863.3,563.0
700,0.55,14.0,326.94,311.66,501.32,-7.75,166.21,552.26,166.21,552.26,-21.66,-21.66,M3->FP x M2,183.01,346.32,392.1,100.8,247.0,863.3,592.6
700,0.55,15.0,360.94,348.42,543.41,4.26,167.47,563.45,167.47,563.45,-15.50,-15.50,M3->FP x M2,183.01,346.32,392.1,100.8,247.0,863.3,622.6
700,0.55,16.0,394.83,385.08,585.34,15.56,168.94,576.10,168.94,576.10,-9.28,-9.28,M3->FP x M2,183.01,346.32,392.1,100.8,247.0,863.3,652.8
700,0.55,17.0,428.61,421.62,627.09,26.68,170.65,590.16,170.65,590.16,-3.00,-3.00,M3->FP x M2,183.01,346.32,392.1,100.8,247.0,863.3,683.3
700,0.55,18.0,462.25,458.03,668.65,37.59,172.59,605.60,172.59,605.60,3.22,3.22,M3->FP x M2,183.01,346.32,392.1,100.8,247.0,863.3,714.2
700,0.55,19.0,495.75,494.30,710.01,48.28,174.77,622.36,174.77,622.36,9.41,9.41,M3->FP x M2,183.01,346.32,392.1,100.8,247.0,863.3,745.4
700,0.55,20.0,529.10,530.42,751.14,58.74,177.18,640.42,177.18,640.42,15.68,15.68,M3->FP x M2,183.01,346.32,392.1,100.8,247.0,863.3,777.0
700,0.60,2.0,-62.54,-121.99,0.22,-121.64,182.05,500.18,182.05,500.18,-63.05,-121.99,in->M1 x M3,199.82,381.87,374.7,110.0,266.8,882.1,254.0
700,0.60,3.0,-61.99,-114.09,26.72,-121.76,182.05,500.18,182.05,500.18,-62.92,-121.76,M1->M2 x M3,199.82,381.87,374.7,110.0,266.8,882.1,280.3
700,0.60,4.0,-29.30,-79.07,68.26,-121.86,182.05,500.18,182.05,500.18,-62.83,-121.86,M1->M2 x M3,199.82,381.87,374.7,110.0,266.8,882.1,306.6
700,0.60,5.0,3.46,-43.96,109.78,-121.75,182.05,500.18,182.05,500.18,-62.94,-121.75,M1->M2 x M3,199.82,381.87,374.7,110.0,266.8,882.1,332.9
700,0.60,6.0,36.15,-8.75,151.26,-119.21,182.05,500.18,182.05,500.18,-62.93,-119.21,M1->M2 x M3,199.82,381.87,374.7,110.0,266.8,882.1,359.3
700,0.60,7.0,68.83,26.40,192.70,-107.44,182.05,500.18,182.05,500.18,-63.01,-107.44,M1->M2 x M3,199.82,381.87,374.7,110.0,266.8,882.1,385.9
700,0.60,8.0,101.48,61.49,234.08,-95.62,182.05,500.18,182.05,500.18,-63.07,-95.62,M1->M2 x M3,199.82,381.87,374.7,110.0,266.8,882.1,412.5
700,0.60,9.0,134.11,96.57,275.39,-83.75,182.05,500.66,182.05,500.66,-62.21,-83.75,M1->M2 x M3,199.82,381.87,374.7,110.0,266.8,882.1,439.3
700,0.60,10.0,166.70,131.61,316.61,-71.80,182.07,502.56,182.07,502.56,-56.27,-71.80,M1->M2 x M3,199.82,381.87,374.7,110.0,266.8,882.1,466.2
700,0.60,11.0,199.23,166.62,357.74,-59.79,182.24,505.91,182.24,505.91,-50.29,-59.79,M1->M2 x M3,199.82,381.87,374.7,110.0,266.8,882.1,493.3
700,0.60,12.0,231.71,201.58,398.76,-47.70,182.61,510.71,182.61,510.71,-44.27,-47.70,M1->M2 x M3,199.82,381.87,374.7,110.0,266.8,882.1,520.6
700,0.60,13.0,264.11,236.47,439.65,-35.51,183.18,516.95,183.18,516.95,-38.21,-38.21,M3->FP x M2,199.82,381.87,374.7,110.0,266.8,882.1,548.1
700,0.60,14.0,296.43,271.29,480.42,-23.23,183.95,524.62,183.95,524.62,-32.10,-32.10,M3->FP x M2,199.82,381.87,374.7,110.0,266.8,882.1,575.8
700,0.60,15.0,328.66,306.03,521.03,-10.85,184.93,533.69,184.93,533.69,-25.94,-25.94,M3->FP x M2,199.82,381.87,374.7,110.0,266.8,882.1,603.8
700,0.60,16.0,360.80,340.68,561.49,1.52,186.12,544.15,186.12,544.15,-19.72,-19.72,M3->FP x M2,199.82,381.87,374.7,110.0,266.8,882.1,632.0
700,0.60,17.0,392.82,375.22,601.78,13.01,187.52,555.96,187.52,555.96,-13.43,-13.43,M3->FP x M2,199.82,381.87,374.7,110.0,266.8,882.1,660.5
700,0.60,18.0,424.72,409.65,641.88,24.34,189.13,569.09,189.13,569.09,-7.08,-7.08,M3->FP x M2,199.82,381.87,374.7,110.0,266.8,882.1,689.4
700,0.60,19.0,456.50,443.95,681.79,35.49,190.96,583.51,190.96,583.51,-0.66,-0.66,M3->FP x M2,199.82,381.87,374.7,110.0,266.8,882.1,718.5
700,0.60,20.0,488.13,478.12,721.49,46.46,193.02,599.18,193.02,599.18,5.63,5.63,M3->FP x M2,199.82,381.87,374.7,110.0,266.8,882.1,748.0
700,0.65,2.0,-66.48,-132.81,0.44,-133.22,200.94,483.34,200.94,483.34,-68.10,-133.22,M1->M2 x M3,216.66,417.60,360.0,119.2,286.7,900.9,260.6
700,0.65,3.0,-67.14,-130.80,23.20,-133.22,200.94,483.34,200.94,483.34,-68.28,-133.22,M1->M2 x M3,216.66,417.60,360.0,119.2,286.7,900.9,285.3
700,0.65,4.0,-40.61,-97.63,63.50,-133.11,200.94,483.34,200.94,483.34,-68.51,-133.11,M1->M2 x M3,216.66,417.60,360.0,119.2,286.7,900.9,310.0
700,0.65,5.0,-9.41,-64.39,103.79,-133.28,200.94,483.34,200.94,483.34,-68.29,-133.28,M1->M2 x M3,216.66,417.60,360.0,119.2,286.7,900.9,334.8
700,0.65,6.0,21.76,-31.05,144.04,-133.07,200.94,483.34,200.94,483.34,-68.04,-133.07,M1->M2 x M3,216.66,417.60,360.0,119.2,286.7,900.9,359.6
700,0.65,7.0,52.89,2.39,184.25,-122.83,200.94,483.34,200.94,483.34,-68.26,-122.83,M1->M2 x M3,216.66,417.60,360.0,119.2,286.7,900.9,384.6
700,0.65,8.0,84.01,35.67,224.40,-111.00,200.94,483.34,200.94,483.34,-68.48,-111.00,M1->M2 x M3,216.66,417.60,360.0,119.2,286.7,900.9,409.6
700,0.65,9.0,115.10,68.94,264.48,-99.12,200.94,483.34,200.94,483.34,-68.14,-99.12,M1->M2 x M3,216.66,417.60,360.0,119.2,286.7,900.9,434.8
700,0.65,10.0,146.15,102.19,304.49,-87.16,200.94,483.91,200.94,483.91,-66.76,-87.16,M1->M2 x M3,216.66,417.60,360.0,119.2,286.7,900.9,460.1
700,0.65,11.0,177.16,135.40,344.40,-75.14,200.97,485.81,200.97,485.81,-60.78,-75.14,M1->M2 x M3,216.66,417.60,360.0,119.2,286.7,900.9,485.6
700,0.65,12.0,208.12,168.58,384.21,-63.04,201.17,489.05,201.17,489.05,-54.76,-63.04,M1->M2 x M3,216.66,417.60,360.0,119.2,286.7,900.9,511.3
700,0.65,13.0,239.01,201.70,423.90,-50.84,201.55,493.63,201.55,493.63,-48.70,-50.84,M1->M2 x M3,216.66,417.60,360.0,119.2,286.7,900.9,537.1
700,0.65,14.0,269.83,234.77,463.46,-38.55,202.12,499.57,202.12,499.57,-42.58,-42.58,M3->FP x M2,216.66,417.60,360.0,119.2,286.7,900.9,563.2
700,0.65,15.0,300.57,267.76,502.88,-26.16,202.87,506.83,202.87,506.83,-36.42,-36.42,M3->FP x M2,216.66,417.60,360.0,119.2,286.7,900.9,589.5
700,0.65,16.0,331.22,300.67,542.14,-13.64,203.81,515.41,203.81,515.41,-30.19,-30.19,M3->FP x M2,216.66,417.60,360.0,119.2,286.7,900.9,616.0
700,0.65,17.0,361.76,333.49,581.24,-1.01,204.95,525.29,204.95,525.29,-23.91,-23.91,M3->FP x M2,216.66,417.60,360.0,119.2,286.7,900.9,642.9
700,0.65,18.0,392.20,366.20,620.17,10.73,206.29,536.45,206.29,536.45,-17.55,-17.55,M3->FP x M2,216.66,417.60,360.0,119.2,286.7,900.9,670.0
700,0.65,19.0,422.51,398.81,658.90,22.25,207.83,548.86,207.83,548.86,-11.13,-11.13,M3->FP x M2,216.66,417.60,360.0,119.2,286.7,900.9,697.4
700,0.65,20.0,452.70,431.29,697.43,33.63,209.58,562.48,209.58,562.48,-4.63,-4.63,M3->FP x M2,216.66,417.60,360.0,119.2,286.7,900.9,725.1
700,0.70,2.0,-73.70,-144.52,0.20,-144.41,219.85,466.48,219.85,466.48,-73.55,-144.52,in->M1 x M3,233.52,453.38,347.3,128.3,306.6,919.9,267.7
700,0.70,3.0,-71.90,-144.53,20.31,-144.78,219.85,466.48,219.85,466.48,-73.73,-144.78,M1->M2 x M3,233.52,453.38,347.3,128.3,306.6,919.9,291.0
700,0.70,4.0,-51.05,-115.36,59.61,-144.69,219.85,466.48,219.85,466.48,-73.43,-144.69,M1->M2 x M3,233.52,453.38,347.3,128.3,306.6,919.9,314.4
700,0.70,5.0,-21.21,-83.76,98.88,-144.53,219.85,466.48,219.85,466.48,-73.16,-144.53,M1->M2 x M3,233.52,453.38,347.3,128.3,306.6,919.9,337.8
700,0.70,6.0,8.67,-52.06,138.13,-144.40,219.85,466.48,219.85,466.48,-73.39,-144.40,M1->M2 x M3,233.52,453.38,347.3,128.3,306.6,919.9,361.3
700,0.70,7.0,38.48,-20.26,177.33,-138.02,219.85,466.48,219.85,466.48,-73.64,-138.02,M1->M2 x M3,233.52,453.38,347.3,128.3,306.6,919.9,384.9
700,0.70,8.0,68.28,11.58,216.48,-126.18,219.86,466.48,219.86,466.48,-73.73,-126.18,M1->M2 x M3,233.52,453.38,347.3,128.3,306.6,919.9,408.6
700,0.70,9.0,98.05,43.26,255.56,-114.28,219.85,466.48,219.85,466.48,-73.54,-114.28,M1->M2 x M3,233.52,453.38,347.3,128.3,306.6,919.9,432.4
700,0.70,10.0,127.80,74.93,294.57,-102.32,219.85,466.48,219.85,466.48,-73.38,-102.32,M1->M2 x M3,233.52,453.38,347.3,128.3,306.6,919.9,456.4
700,0.70,11.0,157.50,106.58,333.48,-90.29,219.85,467.11,219.85,467.11,-71.28,-90.29,M1->M2 x M3,233.52,453.38,347.3,128.3,306.6,919.9,480.5
700,0.70,12.0,187.16,138.19,372.29,-78.17,219.91,468.99,219.91,468.99,-65.25,-78.17,M1->M2 x M3,233.52,453.38,347.3,128.3,306.6,919.9,504.7
700,0.70,13.0,216.76,169.76,411.00,-65.97,220.14,472.13,220.14,472.13,-59.19,-65.97,M1->M2 x M3,233.52,453.38,347.3,128.3,306.6,919.9,529.2
700,0.70,14.0,246.30,201.29,449.57,-53.67,220.53,476.55,220.53,476.55,-53.07,-53.67,M1->M2 x M3,233.52,453.38,347.3,128.3,306.6,919.9,553.8
700,0.70,15.0,275.76,232.75,488.01,-41.26,221.09,482.23,221.09,482.23,-46.90,-46.90,M3->FP x M2,233.52,453.38,347.3,128.3,306.6,919.9,578.7
700,0.70,16.0,305.14,264.13,526.30,-28.74,221.83,489.17,221.83,489.17,-40.67,-40.67,M3->FP x M2,233.52,453.38,347.3,128.3,306.6,919.9,603.8
700,0.70,17.0,334.42,295.44,564.43,-16.09,222.75,497.37,222.75,497.37,-34.39,-34.39,M3->FP x M2,233.52,453.38,347.3,128.3,306.6,919.9,629.1
700,0.70,18.0,363.60,326.66,602.39,-3.31,223.85,506.80,223.85,506.80,-28.03,-28.03,M3->FP x M2,233.52,453.38,347.3,128.3,306.6,919.9,654.8
700,0.70,19.0,392.67,357.78,640.16,8.77,225.14,517.45,225.14,517.45,-21.60,-21.60,M3->FP x M2,233.52,453.38,347.3,128.3,306.6,919.9,680.7
700,0.70,20.0,421.62,388.79,677.74,20.49,226.62,529.29,226.62,529.29,-15.10,-15.10,M3->FP x M2,233.52,453.38,347.3,128.3,306.6,919.9,707.0
700,0.75,2.0,-77.33,-155.95,0.16,-156.00,238.68,449.58,238.68,449.58,-78.29,-156.00,M1->M2 x M3,250.42,489.10,336.4,137.5,326.5,938.7,275.1
700,0.75,3.0,-77.87,-156.10,17.93,-155.87,238.68,449.58,238.68,449.58,-79.01,-156.10,in->M1 x M3,250.42,489.10,336.4,137.5,326.5,938.7,297.3
700,0.75,4.0,-60.81,-132.37,56.39,-155.89,238.68,449.58,238.68,449.58,-79.06,-155.89,M1->M2 x M3,250.42,489.10,336.4,137.5,326.5,938.7,319.5
700,0.75,5.0,-32.14,-102.23,94.84,-156.07,238.68,449.58,238.68,449.58,-78.98,-156.07,M1->M2 x M3,250.42,489.10,336.4,137.5,326.5,938.7,341.7
700,0.75,6.0,-3.38,-72.01,133.25,-156.19,238.68,449.58,238.68,449.58,-78.36,-156.19,M1->M2 x M3,250.42,489.10,336.4,137.5,326.5,938.7,364.1
700,0.75,7.0,25.30,-41.67,171.62,-152.97,238.68,449.58,238.68,449.58,-78.97,-152.97,M1->M2 x M3,250.42,489.10,336.4,137.5,326.5,938.7,386.5
700,0.75,8.0,53.95,-11.21,209.94,-141.12,238.68,449.58,238.68,449.58,-78.83,-141.12,M1->M2 x M3,250.42,489.10,336.4,137.5,326.5,938.7,409.0
700,0.75,9.0,82.59,19.17,248.20,-129.21,238.68,449.58,238.68,449.58,-78.64,-129.21,M1->M2 x M3,250.42,489.10,336.4,137.5,326.5,938.7,431.6
700,0.75,10.0,111.20,49.44,286.38,-117.24,238.68,449.58,238.68,449.58,-78.81,-117.24,M1->M2 x M3,250.42,489.10,336.4,137.5,326.5,938.7,454.4
700,0.75,11.0,139.78,79.69,324.48,-105.20,238.68,449.59,238.68,449.59,-78.43,-105.20,M1->M2 x M3,250.42,489.10,336.4,137.5,326.5,938.7,477.3
700,0.75,12.0,168.31,109.92,362.47,-93.07,238.68,450.26,238.68,450.26,-75.72,-93.07,M1->M2 x M3,250.42,489.10,336.4,137.5,326.5,938.7,500.4
700,0.75,13.0,196.80,140.12,400.36,-80.86,238.77,452.12,238.77,452.12,-69.65,-80.86,M1->M2 x M3,250.42,489.10,336.4,137.5,326.5,938.7,523.6
700,0.75,14.0,225.22,170.27,438.12,-68.55,239.01,455.18,239.01,455.18,-63.53,-68.55,M1->M2 x M3,250.42,489.10,336.4,137.5,326.5,938.7,547.0
700,0.75,15.0,253.58,200.37,475.75,-56.13,239.42,459.45,239.42,459.45,-57.36,-57.36,M3->FP x M2,250.42,489.10,336.4,137.5,326.5,938.7,570.6
700,0.75,16.0,281.86,230.41,513.23,-43.60,239.98,464.94,239.98,464.94,-51.13,-51.13,M3->FP x M2,250.42,489.10,336.4,137.5,326.5,938.7,594.5
700,0.75,17.0,310.05,260.38,550.56,-30.94,240.71,471.64,240.71,471.64,-44.84,-44.84,M3->FP x M2,250.42,489.10,336.4,137.5,326.5,938.7,618.6
700,0.75,18.0,338.15,290.27,587.72,-18.15,241.61,479.53,241.61,479.53,-38.48,-38.48,M3->FP x M2,250.42,489.10,336.4,137.5,326.5,938.7,642.9
700,0.75,19.0,366.14,320.08,624.70,-5.21,242.69,488.61,242.69,488.61,-32.05,-32.05,M3->FP x M2,250.42,489.10,336.4,137.5,326.5,938.7,667.6
700,0.75,20.0,394.03,349.78,661.49,7.19,243.94,498.87,243.94,498.87,-25.55,-25.55,M3->FP x M2,250.42,489.10,336.4,137.5,326.5,938.7,692.5
700,0.80,2.0,-84.33,-167.38,1.09,-167.48,257.30,432.66,257.30,432.66,-84.33,-167.48,M1->M2 x M3,267.34,524.64,326.8,146.7,346.3,957.3,293.2
700,0.80,3.0,-84.29,-167.48,15.96,-167.35,257.30,432.66,257.30,432.66,-83.93,-167.48,in->M1 x M3,267.34,524.64,326.8,146.7,346.3,957.3,303.9
700,0.80,4.0,-70.01,-148.77,53.73,-167.30,257.30,432.66,257.30,432.66,-83.43,-167.30,M1->M2 x M3,267.34,524.64,326.8,146.7,346.3,957.3,325.1
700,0.80,5.0,-42.36,-119.95,91.48,-167.58,257.30,432.66,257.30,432.66,-83.92,-167.58,M1->M2 x M3,267.34,524.64,326.8,146.7,346.3,957.3,346.4
700,0.80,6.0,-14.63,-91.04,129.20,-167.40,257.30,432.66,257.30,432.66,-84.29,-167.40,M1->M2 x M3,267.34,524.64,326.8,146.7,346.3,957.3,367.7
700,0.80,7.0,13.11,-62.03,166.89,-167.54,257.30,432.66,257.30,432.66,-83.76,-167.54,M1->M2 x M3,267.34,524.64,326.8,146.7,346.3,957.3,389.1
700,0.80,8.0,40.76,-32.90,204.52,-155.78,257.30,432.66,257.30,432.66,-84.12,-155.78,M1->M2 x M3,267.34,524.64,326.8,146.7,346.3,957.3,410.6
700,0.80,9.0,68.41,-3.62,242.09,-143.87,257.30,432.66,257.30,432.66,-84.21,-143.87,M1->M2 x M3,267.34,524.64,326.8,146.7,346.3,957.3,432.2
700,0.80,10.0,96.03,25.43,279.59,-131.88,257.30,432.66,257.30,432.66,-83.86,-131.88,M1->M2 x M3,267.34,524.64,326.8,146.7,346.3,957.3,453.9
700,0.80,11.0,123.62,54.43,317.00,-119.83,257.30,432.66,257.30,432.66,-84.12,-119.83,M1->M2 x M3,267.34,524.64,326.8,146.7,346.3,957.3,475.7
700,0.80,12.0,151.18,83.42,354.32,-107.70,257.30,432.67,257.30,432.67,-84.32,-107.70,M1->M2 x M3,267.34,524.64,326.8,146.7,346.3,957.3,497.7
700,0.80,13.0,178.69,112.38,391.52,-95.47,257.31,433.37,257.31,433.37,-80.06,-95.47,M1->M2 x M3,267.34,524.64,326.8,146.7,346.3,957.3,519.9
700,0.80,14.0,206.14,141.30,428.61,-83.15,257.43,435.21,257.43,435.21,-73.94,-83.15,M1->M2 x M3,267.34,524.64,326.8,146.7,346.3,957.3,542.2
700,0.80,15.0,233.53,170.18,465.57,-70.72,257.69,438.20,257.69,438.20,-67.77,-70.72,M1->M2 x M3,267.34,524.64,326.8,146.7,346.3,957.3,564.8
700,0.80,16.0,260.86,199.02,502.39,-58.18,258.11,442.37,258.11,442.37,-61.53,-61.53,M3->FP x M2,267.34,524.64,326.8,146.7,346.3,957.3,587.6
700,0.80,17.0,288.10,227.79,539.05,-45.51,258.67,447.70,258.67,447.70,-55.24,-55.24,M3->FP x M2,267.34,524.64,326.8,146.7,346.3,957.3,610.5
700,0.80,18.0,315.25,256.49,575.55,-32.70,259.40,454.21,259.40,454.21,-48.88,-48.88,M3->FP x M2,267.34,524.64,326.8,146.7,346.3,957.3,633.8
700,0.80,19.0,342.31,285.11,611.87,-19.75,260.29,461.88,260.29,461.88,-42.44,-42.44,M3->FP x M2,267.34,524.64,326.8,146.7,346.3,957.3,657.3
700,0.80,20.0,369.26,313.64,648.01,-6.65,261.35,470.70,261.35,470.70,-35.93,-35.93,M3->FP x M2,267.34,524.64,326.8,146.7,346.3,957.3,681.1
700,0.85,2.0,-88.40,-178.81,0.02,-178.79,275.60,415.72,275.60,415.72,-89.49,-178.81,in->M1 x M3,284.28,559.88,318.4,155.8,365.9,975.6,312.8
700,0.85,3.0,-88.26,-178.82,14.31,-178.75,275.60,415.72,275.60,415.72,-88.75,-178.82,in->M1 x M3,284.28,559.88,318.4,155.8,365.9,975.6,312.8
700,0.85,4.0,-78.74,-164.61,51.50,-178.82,275.60,415.72,275.60,415.72,-89.34,-178.82,M1->M2 x M3,284.28,559.88,318.4,155.8,365.9,975.6,331.2
700,0.85,5.0,-52.00,-136.99,88.67,-178.78,275.60,415.72,275.60,415.72,-88.92,-178.78,M1->M2 x M3,284.28,559.88,318.4,155.8,365.9,975.6,351.6
700,0.85,6.0,-25.17,-109.28,125.82,-178.64,275.60,415.72,275.60,415.72,-89.19,-178.64,M1->M2 x M3,284.28,559.88,318.4,155.8,365.9,975.6,372.0
700,0.85,7.0,1.74,-81.47,162.93,-178.44,275.60,415.72,275.60,415.72,-89.17,-178.44,M1->M2 x M3,284.28,559.88,318.4,155.8,365.9,975.6,392.4
700,0.85,8.0,28.51,-53.55,199.99,-170.13,275.60,415.72,275.60,415.72,-89.47,-170.13,M1->M2 x M3,284.28,559.88,318.4,155.8,365.9,975.6,413.0
700,0.85,9.0,55.28,-25.49,236.99,-158.20,275.60,415.72,275.60,415.72,-89.52,-158.20,M1->M2 x M3,284.28,559.88,318.4,155.8,365.9,975.6,433.7
700,0.85,10.0,82.03,2.68,273.91,-146.21,275.60,415.72,275.60,415.72,-89.34,-146.21,M1->M2 x M3,284.28,559.88,318.4,155.8,365.9,975.6,454.5
700,0.85,11.0,108.76,30.55,310.76,-134.15,275.60,415.72,275.60,415.72,-89.20,-134.15,M1->M2 x M3,284.28,559.88,318.4,155.8,365.9,975.6,475.4
700,0.85,12.0,135.45,58.41,347.50,-122.00,275.60,415.72,275.60,415.72,-88.80,-122.00,M1->M2 x M3,284.28,559.88,318.4,155.8,365.9,975.6,496.5
700,0.85,13.0,162.10,86.25,384.15,-109.77,275.60,415.73,275.60,415.73,-89.47,-109.77,M1->M2 x M3,284.28,559.88,318.4,155.8,365.9,975.6,517.7
700,0.85,14.0,188.70,114.06,420.67,-97.43,275.62,416.44,275.62,416.44,-84.26,-97.43,M1->M2 x M3,284.28,559.88,318.4,155.8,365.9,975.6,539.1
700,0.85,15.0,215.25,141.84,457.07,-85.00,275.76,418.26,275.76,418.26,-78.08,-85.00,M1->M2 x M3,284.28,559.88,318.4,155.8,365.9,975.6,560.7
700,0.85,16.0,241.73,169.58,493.33,-72.44,276.05,421.21,276.05,421.21,-71.85,-72.44,M1->M2 x M3,284.28,559.88,318.4,155.8,365.9,975.6,582.5
700,0.85,17.0,268.13,197.26,529.43,-59.76,276.48,425.30,276.48,425.30,-65.55,-65.55,M3->FP x M2,284.28,559.88,318.4,155.8,365.9,975.6,604.5
700,0.85,18.0,294.46,224.88,565.38,-46.95,277.05,430.53,277.05,430.53,-59.18,-59.18,M3->FP x M2,284.28,559.88,318.4,155.8,365.9,975.6,626.8
700,0.85,19.0,320.69,252.44,601.15,-33.99,277.78,436.90,277.78,436.90,-52.75,-52.75,M3->FP x M2,284.28,559.88,318.4,155.8,365.9,975.6,649.3
700,0.85,20.0,346.83,279.92,636.74,-20.87,278.66,444.41,278.66,444.41,-46.24,-46.24,M3->FP x M2,284.28,559.88,318.4,155.8,365.9,975.6,672.1
700,0.90,2.0,-94.40,-189.96,0.02,-189.96,293.45,398.75,293.45,398.75,-94.63,-189.96,M1->M2 x M3,301.25,594.70,310.9,165.0,385.3,993.4,332.1
700,0.90,3.0,-94.64,-189.77,12.92,-189.60,293.45,398.75,293.45,398.75,-94.63,-189.77,in->M1 x M3,301.25,594.70,310.9,165.0,385.3,993.4,332.1
700,0.90,4.0,-87.09,-179.94,49.63,-189.83,293.45,398.75,293.45,398.75,-94.53,-189.83,M1->M2 x M3,301.25,594.70,310.9,165.0,385.3,993.4,337.6
700,0.90,5.0,-61.15,-153.41,86.31,-189.80,293.45,398.75,293.45,398.75,-94.54,-189.80,M1->M2 x M3,301.25,594.70,310.9,165.0,385.3,993.4,357.1
700,0.90,6.0,-35.13,-126.80,122.98,-189.65,293.45,398.75,293.45,398.75,-94.00,-189.65,M1->M2 x M3,301.25,594.70,310.9,165.0,385.3,993.4,376.7
700,0.90,7.0,-9.02,-100.10,159.60,-189.90,293.45,398.75,293.45,398.75,-94.83,-189.90,M1->M2 x M3,301.25,594.70,310.9,165.0,385.3,993.4,396.4
700,0.90,8.0,17.04,-73.28,196.18,-184.12,293.45,398.75,293.45,398.75,-93.89,-184.12,M1->M2 x M3,301.25,594.70,310.9,165.0,385.3,993.4,416.2
700,0.90,9.0,43.03,-46.34,232.69,-172.18,293.45,398.75,293.45,398.75,-94.53,-172.18,M1->M2 x M3,301.25,594.70,310.9,165.0,385.3,993.4,436.1
700,0.90,10.0,69.01,-19.25,269.14,-160.18,293.45,398.75,293.45,398.75,-94.23,-160.18,M1->M2 x M3,301.25,594.70,310.9,165.0,385.3,993.4,456.0
700,0.90,11.0,94.97,7.87,305.50,-148.11,293.45,398.75,293.45,398.75,-94.58,-148.11,M1->M2 x M3,301.25,594.70,310.9,165.0,385.3,993.4,476.1
700,0.90,12.0,120.90,34.70,341.77,-135.95,293.45,398.75,293.45,398.75,-94.43,-135.95,M1->M2 x M3,301.25,594.70,310.9,165.0,385.3,993.4,496.4
700,0.90,13.0,146.79,61.51,377.94,-123.71,293.45,398.75,293.45,398.75,-94.67,-123.71,M1->M2 x M3,301.25,594.70,310.9,165.0,385.3,993.4,516.8
700,0.90,14.0,172.63,88.31,413.99,-111.37,293.45,398.76,293.45,398.76,-94.45,-111.37,M1->M2 x M3,301.25,594.70,310.9,165.0,385.3,993.4,537.3
700,0.90,15.0,198.43,115.08,449.92,-98.92,293.49,399.49,293.49,399.49,-88.27,-98.92,M1->M2 x M3,301.25,594.70,310.9,165.0,385.3,993.4,558.1
700,0.90,16.0,224.16,141.82,485.71,-86.35,293.66,401.30,293.66,401.30,-82.03,-86.35,M1->M2 x M3,301.25,594.70,310.9,165.0,385.3,993.4,579.0
700,0.90,17.0,249.83,168.51,521.35,-73.66,293.97,404.22,293.97,404.22,-75.74,-75.74,M3->FP x M2,301.25,594.70,310.9,165.0,385.3,993.4,600.2
700,0.90,18.0,275.42,195.15,556.83,-60.84,294.41,408.26,294.41,408.26,-69.37,-69.37,M3->FP x M2,301.25,594.70,310.9,165.0,385.3,993.4,621.6
700,0.90,19.0,300.92,221.74,592.14,-47.87,295.00,413.43,295.00,413.43,-62.93,-62.93,M3->FP x M2,301.25,594.70,310.9,165.0,385.3,993.4,643.2
700,0.90,20.0,326.33,248.25,627.27,-34.74,295.73,419.72,295.73,419.72,-56.41,-56.41,M3->FP x M2,301.25,594.70,310.9,165.0,385.3,993.4,665.1
750,0.30,2.0,-18.32,-35.68,26.45,-56.28,77.38,650.58,77.38,650.58,-31.56,-56.28,M1->M2 x M3,99.42,176.80,593.3,55.0,152.6,827.4,247.1
750,0.30,3.0,38.46,25.17,90.30,-56.14,77.38,650.58,77.38,650.58,-31.55,-56.14,M1->M2 x M3,99.42,176.80,593.3,55.0,152.6,827.4,296.6
750,0.30,4.0,95.21,85.99,154.11,-47.88,77.38,651.57,77.38,651.57,-30.87,-47.88,M1->M2 x M3,99.42,176.80,593.3,55.0,152.6,827.4,346.2
750,0.30,5.0,151.93,146.78,217.88,-36.24,77.38,656.20,77.38,656.20,-25.07,-36.24,M1->M2 x M3,99.42,176.80,593.3,55.0,152.6,827.4,396.0
750,0.30,6.0,208.60,207.53,281.59,-24.57,77.64,664.55,77.64,664.55,-19.25,-24.57,M1->M2 x M3,99.42,176.80,593.3,55.0,152.6,827.4,445.9
750,0.30,7.0,265.22,268.21,345.20,-12.86,78.33,676.54,78.33,676.54,-13.40,-13.40,M3->FP x M2,99.42,176.80,593.3,55.0,152.6,827.4,496.0
750,0.30,8.0,321.75,328.81,408.72,-1.10,79.44,692.01,79.44,692.01,-7.54,-7.54,M3->FP x M2,99.42,176.80,593.3,55.0,152.6,827.4,546.3
750,0.30,9.0,378.18,389.32,472.11,9.83,80.98,710.80,80.98,710.80,-1.64,-1.64,M3->FP x M2,99.42,176.80,593.3,55.0,152.6,827.4,596.8
750,0.30,10.0,434.50,449.70,535.35,20.27,82.92,732.72,82.92,732.72,4.13,4.13,M3->FP x M2,99.42,176.80,593.3,55.0,152.6,827.4,647.7
750,0.30,11.0,490.69,509.95,598.43,30.23,85.24,757.57,85.24,757.57,9.88,9.88,M3->FP x M2,99.42,176.80,593.3,55.0,152.6,827.4,698.8
750,0.30,12.0,546.72,570.04,661.33,39.70,87.92,785.15,87.92,785.15,15.66,15.66,M3->FP x M2,99.42,176.80,593.3,55.0,152.6,827.4,750.4
750,0.30,13.0,602.59,629.96,724.03,48.67,90.94,815.28,90.94,815.28,21.49,21.49,M3->FP x M2,99.42,176.80,593.3,55.0,152.6,827.4,802.3
750,0.30,14.0,658.28,689.68,786.50,57.12,94.28,847.76,94.28,847.76,27.37,27.37,M3->FP x M2,99.42,176.80,593.3,55.0,152.6,827.4,854.6
750,0.30,15.0,713.77,749.20,848.74,65.07,97.91,882.45,97.91,882.45,33.30,33.30,M3->FP x M2,99.42,176.80,593.3,55.0,152.6,827.4,907.4
750,0.30,16.0,769.04,808.49,910.72,72.53,101.83,919.19,101.83,919.19,39.28,39.28,M3->FP x M2,99.42,176.80,593.3,55.0,152.6,827.4,960.7
750,0.30,17.0,824.07,867.53,972.42,79.51,106.00,957.86,105.69,957.86,45.33,45.33,M3->FP x M2,99.42,176.80,593.3,55.0,152.6,827.4,1014.5
750,0.30,18.0,878.85,926.31,1033.83,86.05,110.42,998.35,109.30,998.35,51.44,51.44,M3->FP x M2,99.42,176.80,593.3,55.0,152.6,827.4,1069.0
750,0.30,19.0,933.37,984.80,1094.92,92.16,115.07,1038.12,112.67,1040.57,57.61,57.61,M3->FP x M2,99.42,176.80,593.3,55.0,152.6,827.4,1124.0
750,0.30,20.0,987.60,1043.00,1155.68,97.88,119.93,1074.61,115.82,1084.45,63.87,63.87,M3->FP x M2,99.42,176.80,593.3,55.0,152.6,827.4,1179.7
750,0.35,2.0,-35.12,-58.27,15.45,-66.88,93.66,633.92,93.66,633.92,-36.74,-66.88,M1->M2 x M3,116.08,209.74,534.8,64.2,170.9,843.7,242.8
750,0.35,3.0,15.43,-3.92,73.35,-66.98,93.66,633.92,93.66,633.92,-36.89,-66.98,M1->M2 x M3,116.08,209.74,534.8,64.2,170.9,843.7,286.1
750,0.35,4.0,65.97,50.41,131.23,-63.67,93.66,633.92,93.66,633.92,-36.75,-63.67,M1->M2 x M3,116.08,209.74,534.8,64.2,170.9,843.7,329.5
750,0.35,5.0,116.48,104.71,189.06,-52.02,93.66,635.60,93.66,635.60,-34.85,-52.02,M1->M2 x M3,116.08,209.74,534.8,64.2,170.9,843.7,373.0
750,0.35,6.0,166.96,158.99,246.84,-40.34,93.67,640.25,93.67,640.25,-29.02,-40.34,M1->M2 x M3,116.08,209.74,534.8,64.2,170.9,843.7,416.6
750,0.35,7.0,217.39,213.21,304.55,-28.62,93.96,647.84,93.96,647.84,-23.18,-28.62,M1->M2 x M3,116.08,209.74,534.8,64.2,170.9,843.7,460.3
750,0.35,8.0,267.75,267.37,362.16,-16.85,94.61,658.30,94.61,658.30,-17.31,-17.31,M3->FP x M2,116.08,209.74,534.8,64.2,170.9,843.7,504.3
750,0.35,9.0,318.03,321.45,419.66,-5.02,95.63,671.54,95.63,671.54,-11.41,-11.41,M3->FP x M2,116.08,209.74,534.8,64.2,170.9,843.7,548.5
750,0.35,10.0,368.21,375.43,477.04,6.34,96.99,687.45,96.99,687.45,-5.49,-5.49,M3->FP x M2,116.08,209.74,534.8,64.2,170.9,843.7,592.9
750,0.35,11.0,418.28,429.30,534.27,17.06,98.71,705.92,98.71,705.92,0.46,0.46,M3->FP x M2,116.08,209.74,534.8,64.2,170.9,843.7,637.7
750,0.35,12.0,468.23,483.03,591.33,27.39,100.76,726.81,100.76,726.81,6.25,6.25,M3->FP x M2,116.08,209.74,534.8,64.2,170.9,843.7,682.7
750,0.35,13.0,518.03,536.62,648.22,37.33,103.14,749.99,103.14,749.99,12.08,12.08,M3->FP x M2,116.08,209.74,534.8,64.2,170.9,843.7,728.0
750,0.35,14.0,567.67,590.05,704.91,46.84,105.83,775.33,105.83,775.33,17.96,17.96,M3->FP x M2,116.08,209.74,534.8,64.2,170.9,843.7,773.8
750,0.35,15.0,617.14,643.29,761.38,55.93,108.82,802.71,108.82,802.71,23.89,23.89,M3->FP x M2,116.08,209.74,534.8,64.2,170.9,843.7,819.9
750,0.35,16.0,666.42,696.34,817.62,64.58,112.10,832.01,112.10,832.01,29.88,29.88,M3->FP x M2,116.08,209.74,534.8,64.2,170.9,843.7,866.5
750,0.35,17.0,715.50,749.18,873.62,72.81,115.66,863.13,115.66,863.13,35.92,35.92,M3->FP x M2,116.08,209.74,534.8,64.2,170.9,843.7,913.6
750,0.35,18.0,764.36,801.79,929.34,80.61,119.48,895.98,119.48,895.98,42.03,42.03,M3->FP x M2,116.08,209.74,534.8,64.2,170.9,843.7,961.1
750,0.35,19.0,812.99,854.15,984.79,88.00,123.55,930.48,123.52,930.48,48.21,48.21,M3->FP x M2,116.08,209.74,534.8,64.2,170.9,843.7,1009.2
750,0.35,20.0,861.37,906.26,1039.93,95.00,127.86,966.56,127.42,966.56,54.47,54.47,M3->FP x M2,116.08,209.74,534.8,64.2,170.9,843.7,1057.9
750,0.40,2.0,-42.17,-77.33,7.35,-77.73,110.61,617.23,110.61,617.23,-42.10,-77.73,M1->M2 x M3,132.77,243.39,490.8,73.3,189.7,860.6,242.1
750,0.40,3.0,-3.15,-28.82,60.87,-77.74,110.61,617.23,110.61,617.23,-41.94,-77.74,M1->M2 x M3,132.77,243.39,490.8,73.3,189.7,860.6,280.7
750,0.40,4.0,42.72,20.59,114.38,-77.73,110.61,617.23,110.61,617.23,-42.07,-77.73,M1->M2 x M3,132.77,243.39,490.8,73.3,189.7,860.6,319.4
750,0.40,5.0,88.58,69.97,167.85,-67.82,110.62,617.39,110.62,617.39,-41.92,-67.82,M1->M2 x M3,132.77,243.39,490.8,73.3,189.7,860.6,358.2
750,0.40,6.0,134.42,119.32,221.27,-56.13,110.61,619.51,110.61,619.51,-38.99,-56.13,M1->M2 x M3,132.77,243.39,490.8,73.3,189.7,860.6,397.1
750,0.40,7.0,180.21,168.63,274.62,-44.40,110.65,624.06,110.65,624.06,-33.15,-44.40,M1->M2 x M3,132.77,243.39,490.8,73.3,189.7,860.6,436.1
750,0.40,8.0,225.94,217.90,327.89,-32.62,110.97,631.03,110.97,631.03,-27.27,-32.62,M1->M2 x M3,132.77,243.39,490.8,73.3,189.7,860.6,475.3
750,0.40,9.0,271.61,267.09,381.06,-20.79,111.59,640.37,111.59,640.37,-21.37,-21.37,M3->FP x M2,132.77,243.39,490.8,73.3,189.7,860.6,514.7
750,0.40,10.0,317.20,316.21,434.12,-8.89,112.52,652.02,112.52,652.02,-15.44,-15.44,M3->FP x M2,132.77,243.39,490.8,73.3,189.7,860.6,554.4
750,0.40,11.0,362.69,365.23,487.04,2.86,113.76,665.92,113.76,665.92,-9.47,-9.47,M3->FP x M2,132.77,243.39,490.8,73.3,189.7,860.6,594.3
750,0.40,12.0,408.06,414.14,539.81,13.80,115.31,681.98,115.31,681.98,-3.47,-3.47,M3->FP x M2,132.77,243.39,490.8,73.3,189.7,860.6,634.4
750,0.40,13.0,453.32,462.92,592.42,24.43,117.16,700.10,117.16,700.10,2.49,2.49,M3->FP x M2,132.77,243.39,490.8,73.3,189.7,860.6,674.9
750,0.40,14.0,498.43,511.56,644.85,34.73,119.30,720.19,119.30,720.19,8.37,8.37,M3->FP x M2,132.77,243.39,490.8,73.3,189.7,860.6,715.7
750,0.40,15.0,543.40,560.05,697.08,44.68,121.73,742.17,121.73,742.17,14.30,14.30,M3->FP x M2,132.77,243.39,490.8,73.3,189.7,860.6,756.8
750,0.40,16.0,588.19,608.36,749.10,54.27,124.45,765.95,124.45,765.95,20.29,20.29,M3->FP x M2,132.77,243.39,490.8,73.3,189.7,860.6,798.4
750,0.40,17.0,632.81,656.49,800.89,63.49,127.44,791.44,127.44,791.44,26.34,26.34,M3->FP x M2,132.77,243.39,490.8,73.3,189.7,860.6,840.3
750,0.40,18.0,677.24,704.42,852.44,72.33,130.69,818.57,130.69,818.57,32.45,32.45,M3->FP x M2,132.77,243.39,490.8,73.3,189.7,860.6,882.7
750,0.40,19.0,721.46,752.13,903.72,80.81,134.20,847.27,134.20,847.27,38.64,38.64,M3->FP x M2,132.77,243.39,490.8,73.3,189.7,860.6,925.7
750,0.40,20.0,765.46,799.62,954.74,88.92,137.97,877.48,137.97,877.48,44.89,44.89,M3->FP x M2,132.77,243.39,490.8,73.3,189.7,860.6,969.1
750,0.45,2.0,-47.30,-88.67,1.19,-88.57,128.14,600.51,128.14,600.51,-47.42,-88.67,in->M1 x M3,149.49,277.63,456.7,82.5,208.7,878.1,243.8
750,0.45,3.0,-18.80,-50.95,51.39,-88.47,128.14,600.51,128.14,600.51,-47.02,-88.47,M1->M2 x M3,149.49,277.63,456.7,82.5,208.7,878.1,278.8
750,0.45,4.0,23.48,-5.43,101.57,-88.40,128.14,600.51,128.14,600.51,-47.43,-88.40,M1->M2 x M3,149.49,277.63,456.7,82.5,208.7,878.1,313.8
750,0.45,5.0,65.72,40.06,151.72,-83.61,128.14,600.51,128.14,600.51,-47.05,-83.61,M1->M2 x M3,149.49,277.63,456.7,82.5,208.7,878.1,348.9
750,0.45,6.0,107.94,85.52,201.82,-71.91,128.14,600.92,128.14,600.92,-47.36,-71.91,M1->M2 x M3,149.49,277.63,456.7,82.5,208.7,878.1,384.2
750,0.45,7.0,150.13,130.96,251.87,-60.17,128.14,603.26,128.14,603.26,-43.27,-60.17,M1->M2 x M3,149.49,277.63,456.7,82.5,208.7,878.1,419.5
750,0.45,8.0,192.27,176.36,301.83,-48.38,128.21,607.67,128.21,607.67,-37.39,-48.38,M1->M2 x M3,149.49,277.63,456.7,82.5,208.7,878.1,455.0
750,0.45,9.0,234.35,221.70,351.71,-36.54,128.54,614.14,128.54,614.14,-31.49,-36.54,M1->M2 x M3,149.49,277.63,456.7,82.5,208.7,878.1,490.7
750,0.45,10.0,276.36,266.98,401.48,-24.63,129.14,622.64,129.14,622.64,-25.56,-25.56,M3->FP x M2,149.49,277.63,456.7,82.5,208.7,878.1,526.6
750,0.45,11.0,318.29,312.17,451.12,-12.64,130.02,633.12,130.02,633.12,-19.59,-19.59,M3->FP x M2,149.49,277.63,456.7,82.5,208.7,878.1,562.8
750,0.45,12.0,360.12,357.27,500.63,-0.58,131.16,645.54,131.16,645.54,-13.58,-13.58,M3->FP x M2,149.49,277.63,456.7,82.5,208.7,878.1,599.1
750,0.45,13.0,401.84,402.26,549.98,10.59,132.58,659.83,132.58,659.83,-7.52,-7.52,M3->FP x M2,149.49,277.63,456.7,82.5,208.7,878.1,635.8
750,0.45,14.0,443.44,447.13,599.17,21.47,134.27,675.93,134.27,675.93,-1.42,-1.42,M3->FP x M2,149.49,277.63,456.7,82.5,208.7,878.1,672.7
750,0.45,15.0,484.91,491.86,648.18,32.07,136.23,693.78,136.23,693.78,4.57,4.57,M3->FP x M2,149.49,277.63,456.7,82.5,208.7,878.1,710.0
750,0.45,16.0,526.22,536.44,696.99,42.38,138.46,713.31,138.46,713.31,10.56,10.56,M3->FP x M2,149.49,277.63,456.7,82.5,208.7,878.1,747.6
750,0.45,17.0,567.38,580.86,745.58,52.38,140.94,734.45,140.94,734.45,16.61,16.61,M3->FP x M2,149.49,277.63,456.7,82.5,208.7,878.1,785.6
750,0.45,18.0,608.36,625.10,793.95,62.07,143.69,757.15,143.69,757.15,22.72,22.72,M3->FP x M2,149.49,277.63,456.7,82.5,208.7,878.1,824.1
750,0.45,19.0,649.16,669.16,842.08,71.43,146.70,781.34,146.70,781.34,28.90,28.90,M3->FP x M2,149.49,277.63,456.7,82.5,208.7,878.1,862.9
750,0.45,20.0,689.76,713.00,889.95,80.47,149.95,806.97,149.95,806.97,35.16,35.16,M3->FP x M2,149.49,277.63,456.7,82.5,208.7,878.1,902.2
750,0.50,2.0,-52.05,-99.66,0.97,-99.74,146.13,583.76,146.13,583.76,-52.45,-99.74,M1->M2 x M3,166.24,312.37,429.3,91.7,228.1,896.1,247.2
750,0.50,3.0,-32.36,-71.16,43.99,-99.58,146.13,583.76,146.13,583.76,-52.67,-99.58,M1->M2 x M3,166.24,312.37,429.3,91.7,228.1,896.1,279.3
750,0.50,4.0,7.03,-28.85,91.59,-99.74,146.13,583.76,146.13,583.76,-52.67,-99.74,M1->M2 x M3,166.24,312.37,429.3,91.7,228.1,896.1,311.4
750,0.50,5.0,46.37,13.52,139.15,-99.35,146.13,583.76,146.13,583.76,-52.39,-99.35,M1->M2 x M3,166.24,312.37,429.3,91.7,228.1,896.1,343.6
750,0.50,6.0,85.71,55.82,186.67,-87.65,146.13,583.76,146.13,583.76,-52.40,-87.65,M1->M2 x M3,166.24,312.37,429.3,91.7,228.1,896.1,375.9
750,0.50,7.0,125.01,98.10,234.13,-75.90,146.13,584.43,146.13,584.43,-52.64,-75.90,M1->M2 x M3,166.24,312.37,429.3,91.7,228.1,896.1,408.3
750,0.50,8.0,164.28,140.35,281.53,-64.10,146.13,586.88,146.13,586.88,-47.64,-64.10,M1->M2 x M3,166.24,312.37,429.3,91.7,228.1,896.1,440.9
750,0.50,9.0,203.50,182.56,328.83,-52.24,146.23,591.14,146.23,591.14,-41.74,-52.24,M1->M2 x M3,166.24,312.37,429.3,91.7,228.1,896.1,473.6
750,0.50,10.0,242.66,224.72,376.04,-40.32,146.58,597.20,146.58,597.20,-35.80,-40.32,M1->M2 x M3,166.24,312.37,429.3,91.7,228.1,896.1,506.5
750,0.50,11.0,281.74,266.80,423.13,-28.33,147.16,605.03,147.16,605.03,-29.83,-29.83,M3->FP x M2,166.24,312.37,429.3,91.7,228.1,896.1,539.6
750,0.50,12.0,320.74,308.80,470.10,-16.25,147.99,614.62,147.99,614.62,-23.81,-23.81,M3->FP x M2,166.24,312.37,429.3,91.7,228.1,896.1,573.0
750,0.50,13.0,359.64,350.71,516.92,-4.09,149.06,625.92,149.06,625.92,-17.76,-17.76,M3->FP x M2,166.24,312.37,429.3,91.7,228.1,896.1,606.6
750,0.50,14.0,398.43,392.52,563.58,7.50,150.38,638.88,150.38,638.88,-11.65,-11.65,M3->FP x M2,166.24,312.37,429.3,91.7,228.1,896.1,640.4
750,0.50,15.0,437.10,434.20,610.07,18.59,151.95,653.47,151.95,653.47,-5.49,-5.49,M3->FP x M2,166.24,312.37,429.3,91.7,228.1,896.1,674.6
750,0.50,16.0,475.63,475.75,656.38,29.45,153.77,669.64,153.77,669.64,0.70,0.70,M3->FP x M2,166.24,312.37,429.3,91.7,228.1,896.1,709.1
750,0.50,17.0,514.02,517.16,702.48,40.06,155.83,687.32,155.83,687.32,6.75,6.75,M3->FP x M2,166.24,312.37,429.3,91.7,228.1,896.1,743.9
750,0.50,18.0,552.26,558.41,748.38,50.42,158.13,706.48,158.13,706.48,12.87,12.87,M3->FP x M2,166.24,312.37,429.3,91.7,228.1,896.1,779.2
750,0.50,19.0,590.32,599.48,794.04,60.50,160.68,727.07,160.68,727.07,19.05,19.05,M3->FP x M2,166.24,312.37,429.3,91.7,228.1,896.1,814.8
750,0.50,20.0,628.21,640.38,839.46,70.31,163.48,749.05,163.48,749.05,25.31,25.31,M3->FP x M2,166.24,312.37,429.3,91.7,228.1,896.1,850.8
750,0.55,2.0,-57.50,-110.78,0.28,-110.92,164.47,566.98,164.47,566.98,-57.83,-110.92,M1->M2 x M3,183.02,347.49,407.0,100.8,247.6,914.5,251.9
750,0.55,3.0,-44.42,-89.99,38.13,-110.87,164.47,566.98,164.47,566.98,-57.94,-110.87,M1->M2 x M3,183.02,347.49,407.0,100.8,247.6,914.5,281.5
750,0.55,4.0,-7.41,-50.35,83.66,-110.91,164.47,566.98,164.47,566.98,-57.65,-110.91,M1->M2 x M3,183.02,347.49,407.0,100.8,247.6,914.5,311.3
750,0.55,5.0,29.59,-10.62,129.17,-110.89,164.47,566.98,164.47,566.98,-57.81,-110.89,M1->M2 x M3,183.02,347.49,407.0,100.8,247.6,914.5,341.1
750,0.55,6.0,66.56,29.08,174.64,-103.30,164.47,566.98,164.47,566.98,-57.66,-103.30,M1->M2 x M3,183.02,347.49,407.0,100.8,247.6,914.5,371.0
750,0.55,7.0,103.52,68.73,220.06,-91.54,164.47,566.98,164.47,566.98,-57.54,-91.54,M1->M2 x M3,183.02,347.49,407.0,100.8,247.6,914.5,401.0
750,0.55,8.0,140.44,108.36,265.41,-79.73,164.47,567.88,164.47,567.88,-57.97,-79.73,M1->M2 x M3,183.02,347.49,407.0,100.8,247.6,914.5,431.1
750,0.55,9.0,177.31,147.96,310.68,-67.86,164.47,570.38,164.47,570.38,-52.08,-67.86,M1->M2 x M3,183.02,347.49,407.0,100.8,247.6,914.5,461.4
750,0.55,10.0,214.14,187.51,355.85,-55.93,164.61,574.49,164.61,574.49,-46.14,-55.93,M1->M2 x M3,183.02,347.49,407.0,100.8,247.6,914.5,491.9
750,0.55,11.0,250.90,227.01,400.92,-43.93,164.97,580.21,164.97,580.21,-40.16,-43.93,M1->M2 x M3,183.02,347.49,407.0,100.8,247.6,914.5,522.5
750,0.55,12.0,287.58,266.44,445.86,-31.84,165.54,587.52,165.54,587.52,-34.15,-34.15,M3->FP x M2,183.02,347.49,407.0,100.8,247.6,914.5,553.4
750,0.55,13.0,324.17,305.78,490.67,-19.67,166.34,596.41,166.34,596.41,-28.09,-28.09,M3->FP x M2,183.02,347.49,407.0,100.8,247.6,914.5,584.5
750,0.55,14.0,360.67,345.03,535.33,-7.40,167.35,606.84,167.35,606.84,-21.98,-21.98,M3->FP x M2,183.02,347.49,407.0,100.8,247.6,914.5,615.9
750,0.55,15.0,397.05,384.18,579.82,4.58,168.60,618.79,168.60,618.79,-15.82,-15.82,M3->FP x M2,183.02,347.49,407.0,100.8,247.6,914.5,647.5
750,0.55,16.0,433.32,423.21,624.14,15.86,170.07,632.21,170.07,632.21,-9.60,-9.60,M3->FP x M2,183.02,347.49,407.0,100.8,247.6,914.5,679.4
750,0.55,17.0,469.45,462.11,668.27,26.95,171.76,647.08,171.76,647.08,-3.32,-3.32,M3->FP x M2,183.02,347.49,407.0,100.8,247.6,914.5,711.7
750,0.55,18.0,505.44,500.87,712.20,37.84,173.69,663.36,173.69,663.36,2.92,2.92,M3->FP x M2,183.02,347.49,407.0,100.8,247.6,914.5,744.3
750,0.55,19.0,541.28,539.48,755.91,48.50,175.85,681.00,175.85,681.00,9.11,9.11,M3->FP x M2,183.02,347.49,407.0,100.8,247.6,914.5,777.3
750,0.55,20.0,576.95,577.92,799.38,58.94,178.25,699.97,178.25,699.97,15.37,15.37,M3->FP x M2,183.02,347.49,407.0,100.8,247.6,914.5,810.7
750,0.60,2.0,-62.82,-122.16,0.19,-122.03,183.05,550.17,183.05,550.17,-62.98,-122.16,in->M1 x M3,199.83,382.88,388.3,110.0,267.3,933.1,257.5
750,0.60,3.0,-55.35,-107.78,33.40,-122.15,183.05,550.17,183.05,550.17,-62.82,-122.15,M1->M2 x M3,199.83,382.88,388.3,110.0,267.3,933.1,285.1
750,0.60,4.0,-20.32,-70.42,77.28,-122.06,183.05,550.17,183.05,550.17,-62.95,-122.06,M1->M2 x M3,199.83,382.88,388.3,110.0,267.3,933.1,312.9
750,0.60,5.0,14.73,-32.97,121.13,-122.29,183.05,550.17,183.05,550.17,-63.09,-122.29,M1->M2 x M3,199.83,382.88,388.3,110.0,267.3,933.1,340.7
750,0.60,6.0,49.74,4.57,164.95,-118.83,183.05,550.17,183.05,550.17,-63.13,-118.83,M1->M2 x M3,199.83,382.88,388.3,110.0,267.3,933.1,368.6
750,0.60,7.0,84.73,41.98,208.72,-107.06,183.05,550.17,183.05,550.17,-63.23,-107.06,M1->M2 x M3,199.83,382.88,388.3,110.0,267.3,933.1,396.6
750,0.60,8.0,119.70,79.39,252.43,-95.24,183.05,550.21,183.05,550.21,-63.19,-95.24,M1->M2 x M3,199.83,382.88,388.3,110.0,267.3,933.1,424.7
750,0.60,9.0,154.62,116.76,296.05,-83.37,183.05,551.27,183.05,551.27,-62.49,-83.37,M1->M2 x M3,199.83,382.88,388.3,110.0,267.3,933.1,453.0
750,0.60,10.0,189.51,154.11,339.59,-71.43,183.06,553.78,183.06,553.78,-56.55,-71.43,M1->M2 x M3,199.83,382.88,388.3,110.0,267.3,933.1,481.4
750,0.60,11.0,224.33,191.40,383.02,-59.41,183.24,557.75,183.24,557.75,-50.57,-59.41,M1->M2 x M3,199.83,382.88,388.3,110.0,267.3,933.1,510.0
750,0.60,12.0,259.09,228.64,426.34,-47.32,183.60,563.19,183.60,563.19,-44.55,-47.32,M1->M2 x M3,199.83,382.88,388.3,110.0,267.3,933.1,538.8
750,0.60,13.0,293.76,265.81,469.53,-35.13,184.17,570.08,184.17,570.08,-38.49,-38.49,M3->FP x M2,199.83,382.88,388.3,110.0,267.3,933.1,567.9
750,0.60,14.0,328.35,302.90,512.57,-22.85,184.94,578.41,184.94,578.41,-32.38,-32.38,M3->FP x M2,199.83,382.88,388.3,110.0,267.3,933.1,597.1
750,0.60,15.0,362.84,339.89,555.46,-10.47,185.91,588.17,185.91,588.17,-26.21,-26.21,M3->FP x M2,199.83,382.88,388.3,110.0,267.3,933.1,626.6
750,0.60,16.0,397.21,376.78,598.18,1.87,187.09,599.32,187.09,599.32,-19.99,-19.99,M3->FP x M2,199.83,382.88,388.3,110.0,267.3,933.1,656.4
750,0.60,17.0,431.47,413.56,640.72,13.34,188.49,611.84,188.49,611.84,-13.71,-13.71,M3->FP x M2,199.83,382.88,388.3,110.0,267.3,933.1,686.5
750,0.60,18.0,465.59,450.21,683.06,24.65,190.09,625.70,190.09,625.70,-7.36,-7.36,M3->FP x M2,199.83,382.88,388.3,110.0,267.3,933.1,717.0
750,0.60,19.0,499.58,486.73,725.20,35.78,191.92,640.88,191.92,640.88,-0.94,-0.94,M3->FP x M2,199.83,382.88,388.3,110.0,267.3,933.1,747.7
750,0.60,20.0,533.41,523.09,767.11,46.72,193.96,657.34,193.96,657.34,5.36,5.36,M3->FP x M2,199.83,382.88,388.3,110.0,267.3,933.1,778.9
750,0.65,2.0,-66.66,-132.89,0.23,-133.61,201.77,533.34,201.77,533.34,-68.15,-133.61,M1->M2 x M3,216.66,418.43,372.6,119.2,287.1,951.8,263.7
750,0.65,3.0,-65.41,-124.74,29.55,-133.30,201.77,533.34,201.77,533.34,-68.22,-133.30,M1->M2 x M3,216.66,418.43,372.6,119.2,287.1,951.8,289.7
750,0.65,4.0,-32.07,-89.36,72.08,-133.56,201.77,533.34,201.77,533.34,-68.42,-133.56,M1->M2 x M3,216.66,418.43,372.6,119.2,287.1,951.8,315.8
750,0.65,5.0,1.35,-53.89,114.59,-133.47,201.77,533.34,201.77,533.34,-68.41,-133.47,M1->M2 x M3,216.66,418.43,372.6,119.2,287.1,951.8,341.9
750,0.65,6.0,34.70,-18.31,157.06,-133.33,201.77,533.34,201.77,533.34,-68.17,-133.33,M1->M2 x M3,216.66,418.43,372.6,119.2,287.1,951.8,368.1
750,0.65,7.0,68.03,17.26,199.48,-122.43,201.77,533.34,201.77,533.34,-68.08,-122.43,M1->M2 x M3,216.66,418.43,372.6,119.2,287.1,951.8,394.5
750,0.65,8.0,101.34,52.74,241.85,-110.60,201.77,533.34,201.77,533.34,-68.37,-110.60,M1->M2 x M3,216.66,418.43,372.6,119.2,287.1,951.8,420.9
750,0.65,9.0,134.62,88.20,284.14,-98.72,201.77,533.43,201.77,533.43,-68.35,-98.72,M1->M2 x M3,216.66,418.43,372.6,119.2,287.1,951.8,447.4
750,0.65,10.0,167.86,123.64,326.34,-86.77,201.77,534.59,201.77,534.59,-66.99,-86.77,M1->M2 x M3,216.66,418.43,372.6,119.2,287.1,951.8,474.1
750,0.65,11.0,201.05,159.03,368.45,-74.74,201.80,537.09,201.80,537.09,-61.01,-74.74,M1->M2 x M3,216.66,418.43,372.6,119.2,287.1,951.8,501.0
750,0.65,12.0,234.18,194.38,410.44,-62.64,202.00,540.94,202.00,540.94,-54.99,-62.64,M1->M2 x M3,216.66,418.43,372.6,119.2,287.1,951.8,528.1
750,0.65,13.0,267.24,229.67,452.31,-50.45,202.38,546.15,202.38,546.15,-48.92,-50.45,M1->M2 x M3,216.66,418.43,372.6,119.2,287.1,951.8,555.3
750,0.65,14.0,300.21,264.89,494.04,-38.15,202.94,552.70,202.94,552.70,-42.81,-42.81,M3->FP x M2,216.66,418.43,372.6,119.2,287.1,951.8,582.8
750,0.65,15.0,333.10,300.03,535.62,-25.76,203.69,560.59,203.69,560.59,-36.64,-36.64,M3->FP x M2,216.66,418.43,372.6,119.2,287.1,951.8,610.6
750,0.65,16.0,365.88,335.08,577.03,-13.24,204.63,569.81,204.63,569.81,-30.42,-30.42,M3->FP x M2,216.66,418.43,372.6,119.2,287.1,951.8,638.6
750,0.65,17.0,398.55,370.02,618.27,-0.61,205.77,580.33,205.77,580.33,-24.13,-24.13,M3->FP x M2,216.66,418.43,372.6,119.2,287.1,951.8,666.8
750,0.65,18.0,431.10,404.85,659.33,11.08,207.10,592.14,207.10,592.14,-17.78,-17.78,M3->FP x M2,216.66,418.43,372.6,119.2,287.1,951.8,695.4
750,0.65,19.0,463.52,439.56,700.18,22.59,208.63,605.22,208.63,605.22,-11.36,-11.36,M3->FP x M2,216.66,418.43,372.6,119.2,287.1,951.8,724.3
750,0.65,20.0,495.80,474.14,740.81,33.95,210.37,619.53,210.37,619.53,-4.86,-4.86,M3->FP x M2,216.66,418.43,372.6,119.2,287.1,951.8,753.6
750,0.70,2.0,-73.42,-144.69,0.23,-144.77,220.51,516.47,220.51,516.47,-73.59,-144.77,M1->M2 x M3,233.53,454.04,359.1,128.3,307.0,970.5,270.5
750,0.70,3.0,-72.80,-141.05,26.38,-144.69,220.51,516.47,220.51,516.47,-73.67,-144.69,M1->M2 x M3,233.53,454.04,359.1,128.3,307.0,970.5,295.1
750,0.70,4.0,-42.88,-107.40,67.80,-144.78,220.51,516.47,220.51,516.47,-73.36,-144.78,M1->M2 x M3,233.53,454.04,359.1,128.3,307.0,970.5,319.7
750,0.70,5.0,-10.91,-73.66,109.20,-144.85,220.51,516.47,220.51,516.47,-73.21,-144.85,M1->M2 x M3,233.53,454.04,359.1,128.3,307.0,970.5,344.4
750,0.70,6.0,21.05,-39.83,150.57,-144.89,220.51,516.47,220.51,516.47,-73.49,-144.89,M1->M2 x M3,233.53,454.04,359.1,128.3,307.0,970.5,369.2
750,0.70,7.0,52.97,-5.88,191.89,-137.62,220.51,516.47,220.51,516.47,-73.75,-137.62,M1->M2 x M3,233.53,454.04,359.1,128.3,307.0,970.5,394.0
750,0.70,8.0,84.86,27.95,233.15,-125.78,220.51,516.47,220.51,516.47,-73.59,-125.78,M1->M2 x M3,233.53,454.04,359.1,128.3,307.0,970.5,419.0
750,0.70,9.0,116.73,61.73,274.34,-113.88,220.51,516.47,220.51,516.47,-73.38,-113.88,M1->M2 x M3,233.53,454.04,359.1,128.3,307.0,970.5,444.1
750,0.70,10.0,148.57,95.49,315.45,-101.92,220.51,516.62,220.51,516.62,-73.49,-101.92,M1->M2 x M3,233.53,454.04,359.1,128.3,307.0,970.5,469.3
750,0.70,11.0,180.36,129.23,356.46,-89.89,220.51,517.85,220.51,517.85,-71.46,-89.89,M1->M2 x M3,233.53,454.04,359.1,128.3,307.0,970.5,494.7
750,0.70,12.0,212.10,162.92,397.37,-77.77,220.57,520.33,220.57,520.33,-65.44,-77.77,M1->M2 x M3,233.53,454.04,359.1,128.3,307.0,970.5,520.3
750,0.70,13.0,243.77,196.56,438.15,-65.57,220.79,524.08,220.79,524.08,-59.37,-65.57,M1->M2 x M3,233.53,454.04,359.1,128.3,307.0,970.5,546.0
750,0.70,14.0,275.37,230.15,478.80,-53.27,221.18,529.09,221.18,529.09,-53.25,-53.27,M1->M2 x M3,233.53,454.04,359.1,128.3,307.0,970.5,572.0
750,0.70,15.0,306.88,263.66,519.30,-40.86,221.74,535.37,221.74,535.37,-47.08,-47.08,M3->FP x M2,233.53,454.04,359.1,128.3,307.0,970.5,598.2
750,0.70,16.0,338.30,297.10,559.64,-28.34,222.48,542.92,222.48,542.92,-40.86,-40.86,M3->FP x M2,233.53,454.04,359.1,128.3,307.0,970.5,624.7
750,0.70,17.0,369.62,330.44,599.82,-15.69,223.40,551.71,223.40,551.71,-34.57,-34.57,M3->FP x M2,233.53,454.04,359.1,128.3,307.0,970.5,651.4
750,0.70,18.0,400.82,363.68,639.81,-2.91,224.49,561.74,224.49,561.74,-28.21,-28.21,M3->FP x M2,233.53,454.04,359.1,128.3,307.0,970.5,678.4
750,0.70,19.0,431.90,396.81,679.60,9.13,225.78,572.99,225.78,572.99,-21.78,-21.78,M3->FP x M2,233.53,454.04,359.1,128.3,307.0,970.5,705.7
750,0.70,20.0,462.85,429.82,719.19,20.83,227.26,585.45,227.26,585.45,-15.28,-15.28,M3->FP x M2,233.53,454.04,359.1,128.3,307.0,970.5,733.3
750,0.75,2.0,-77.54,-156.31,0.02,-156.00,239.17,499.58,239.17,499.58,-78.31,-156.31,in->M1 x M3,250.42,489.59,347.3,137.5,326.8,989.2,277.7
750,0.75,3.0,-79.03,-156.01,23.76,-156.14,239.17,499.58,239.17,499.58,-78.98,-156.14,M1->M2 x M3,250.42,489.59,347.3,137.5,326.8,989.2,301.1
750,0.75,4.0,-52.96,-124.68,64.26,-156.37,239.17,499.58,239.17,499.58,-79.02,-156.37,M1->M2 x M3,250.42,489.59,347.3,137.5,326.8,989.2,324.4
750,0.75,5.0,-22.24,-92.49,104.74,-156.15,239.17,499.58,239.17,499.58,-79.05,-156.15,M1->M2 x M3,250.42,489.59,347.3,137.5,326.8,989.2,347.9
750,0.75,6.0,8.53,-60.21,145.19,-156.05,239.17,499.58,239.17,499.58,-78.29,-156.05,M1->M2 x M3,250.42,489.59,347.3,137.5,326.8,989.2,371.4
750,0.75,7.0,39.21,-27.81,185.60,-152.58,239.17,499.58,239.17,499.58,-79.05,-152.58,M1->M2 x M3,250.42,489.59,347.3,137.5,326.8,989.2,395.0
750,0.75,8.0,69.89,4.68,225.94,-140.73,239.17,499.58,239.17,499.58,-78.92,-140.73,M1->M2 x M3,250.42,489.59,347.3,137.5,326.8,989.2,418.7
750,0.75,9.0,100.54,36.97,266.22,-128.82,239.17,499.58,239.17,499.58,-78.75,-128.82,M1->M2 x M3,250.42,489.59,347.3,137.5,326.8,989.2,442.5
750,0.75,10.0,131.16,69.24,306.42,-116.85,239.17,499.58,239.17,499.58,-78.69,-116.85,M1->M2 x M3,250.42,489.59,347.3,137.5,326.8,989.2,466.5
750,0.75,11.0,161.74,101.50,346.53,-104.81,239.17,499.78,239.17,499.78,-78.56,-104.81,M1->M2 x M3,250.42,489.59,347.3,137.5,326.8,989.2,490.6
750,0.75,12.0,192.27,133.73,386.53,-92.68,239.17,501.06,239.17,501.06,-75.86,-92.68,M1->M2 x M3,250.42,489.59,347.3,137.5,326.8,989.2,514.8
750,0.75,13.0,222.75,165.91,426.41,-80.47,239.26,503.52,239.26,503.52,-69.79,-80.47,M1->M2 x M3,250.42,489.59,347.3,137.5,326.8,989.2,539.3
750,0.75,14.0,253.15,198.05,466.16,-68.16,239.50,507.18,239.50,507.18,-63.67,-68.16,M1->M2 x M3,250.42,489.59,347.3,137.5,326.8,989.2,564.0
750,0.75,15.0,283.48,230.12,505.77,-55.74,239.90,512.04,239.90,512.04,-57.50,-57.50,M3->FP x M2,250.42,489.59,347.3,137.5,326.8,989.2,588.8
750,0.75,16.0,313.72,262.13,545.23,-43.20,240.47,518.10,240.47,518.10,-51.27,-51.27,M3->FP x M2,250.42,489.59,347.3,137.5,326.8,989.2,613.9
750,0.75,17.0,343.87,294.05,584.52,-30.55,241.20,525.37,241.20,525.37,-44.98,-44.98,M3->FP x M2,250.42,489.59,347.3,137.5,326.8,989.2,639.3
750,0.75,18.0,373.91,325.89,623.63,-17.75,242.10,533.83,242.10,533.83,-38.62,-38.62,M3->FP x M2,250.42,489.59,347.3,137.5,326.8,989.2,664.9
750,0.75,19.0,403.84,357.62,662.55,-4.82,243.17,543.48,243.17,543.48,-32.19,-32.19,M3->FP x M2,250.42,489.59,347.3,137.5,326.8,989.2,690.9
750,0.75,20.0,433.64,389.25,701.27,7.55,244.42,554.30,244.42,554.30,-25.68,-25.68,M3->FP x M2,250.42,489.59,347.3,137.5,326.8,989.2,717.1
750,0.80,2.0,-83.84,-167.64,0.15,-167.45,257.64,482.66,257.64,482.66,-84.32,-167.64,in->M1 x M3,267.34,524.97,337.1,146.7,346.5,1007.6,293.4
750,0.80,3.0,-83.13,-167.45,21.57,-167.66,257.64,482.66,257.64,482.66,-83.95,-167.66,M1->M2 x M3,267.34,524.97,337.1,146.7,346.5,1007.6,307.5
750,0.80,4.0,-62.44,-141.31,61.30,-167.39,257.64,482.66,257.64,482.66,-83.46,-167.39,M1->M2 x M3,267.34,524.97,337.1,146.7,346.5,1007.6,329.8
750,0.80,5.0,-32.81,-110.51,101.02,-167.36,257.64,482.66,257.64,482.66,-83.91,-167.36,M1->M2 x M3,267.34,524.97,337.1,146.7,346.5,1007.6,352.1
750,0.80,6.0,-3.10,-79.62,140.70,-167.57,257.64,482.66,257.64,482.66,-84.33,-167.57,M1->M2 x M3,267.34,524.97,337.1,146.7,346.5,1007.6,374.5
750,0.80,7.0,26.53,-48.62,180.34,-167.28,257.64,482.66,257.64,482.66,-83.81,-167.28,M1->M2 x M3,267.34,524.97,337.1,146.7,346.5,1007.6,397.0
750,0.80,8.0,56.13,-17.49,219.93,-155.42,257.64,482.66,257.64,482.66,-84.18,-155.42,M1->M2 x M3,267.34,524.97,337.1,146.7,346.5,1007.6,419.6
750,0.80,9.0,85.71,13.62,259.45,-143.51,257.64,482.66,257.64,482.66,-84.14,-143.51,M1->M2 x M3,267.34,524.97,337.1,146.7,346.5,1007.6,442.3
750,0.80,10.0,115.27,44.57,298.89,-131.52,257.64,482.66,257.64,482.66,-83.93,-131.52,M1->M2 x M3,267.34,524.97,337.1,146.7,346.5,1007.6,465.2
750,0.80,11.0,144.80,75.50,338.24,-119.47,257.64,482.66,257.64,482.66,-84.20,-119.47,M1->M2 x M3,267.34,524.97,337.1,146.7,346.5,1007.6,488.1
750,0.80,12.0,174.28,106.41,377.49,-107.33,257.64,482.91,257.64,482.91,-84.26,-107.33,M1->M2 x M3,267.34,524.97,337.1,146.7,346.5,1007.6,511.3
750,0.80,13.0,203.71,137.29,416.62,-95.11,257.64,484.22,257.64,484.22,-80.15,-95.11,M1->M2 x M3,267.34,524.97,337.1,146.7,346.5,1007.6,534.6
750,0.80,14.0,233.07,168.13,455.62,-82.79,257.76,486.66,257.76,486.66,-74.03,-82.79,M1->M2 x M3,267.34,524.97,337.1,146.7,346.5,1007.6,558.1
750,0.80,15.0,262.37,198.91,494.49,-70.36,258.02,490.25,258.02,490.25,-67.86,-70.36,M1->M2 x M3,267.34,524.97,337.1,146.7,346.5,1007.6,581.8
750,0.80,16.0,291.58,229.64,533.20,-57.82,258.44,494.99,258.44,494.99,-61.63,-61.63,M3->FP x M2,267.34,524.97,337.1,146.7,346.5,1007.6,605.7
750,0.80,17.0,320.71,260.29,571.76,-45.15,259.01,500.89,259.01,500.89,-55.33,-55.33,M3->FP x M2,267.34,524.97,337.1,146.7,346.5,1007.6,629.9
750,0.80,18.0,349.73,290.87,610.13,-32.34,259.73,507.95,259.73,507.95,-48.97,-48.97,M3->FP x M2,267.34,524.97,337.1,146.7,346.5,1007.6,654.4
750,0.80,19.0,378.66,321.35,648.33,-19.39,260.62,516.16,260.62,516.16,-42.54,-42.54,M3->FP x M2,267.34,524.97,337.1,146.7,346.5,1007.6,679.1
750,0.80,20.0,407.46,351.74,686.32,-6.29,261.67,525.51,261.67,525.51,-36.03,-36.03,M3->FP x M2,267.34,524.97,337.1,146.7,346.5,1007.6,704.1
750,0.85,2.0,-87.91,-178.87,0.18,-178.74,275.80,465.72,275.80,465.72,-89.50,-178.87,in->M1 x M3,284.28,560.08,328.0,155.8,366.0,1025.8,312.9
750,0.85,3.0,-88.37,-178.86,19.73,-178.87,275.80,465.72,275.80,465.72,-88.73,-178.87,M1->M2 x M3,284.28,560.08,328.0,155.8,366.0,1025.8,314.2
750,0.85,4.0,-71.42,-157.35,58.82,-178.74,275.80,465.72,275.80,465.72,-89.36,-178.74,M1->M2 x M3,284.28,560.08,328.0,155.8,366.0,1025.8,335.5
750,0.85,5.0,-42.76,-127.82,97.89,-178.58,275.80,465.72,275.80,465.72,-88.90,-178.58,M1->M2 x M3,284.28,560.08,328.0,155.8,366.0,1025.8,356.9
750,0.85,6.0,-14.02,-98.19,136.93,-178.56,275.80,465.72,275.80,465.72,-89.17,-178.56,M1->M2 x M3,284.28,560.08,328.0,155.8,366.0,1025.8,378.4
750,0.85,7.0,14.71,-68.46,175.93,-178.81,275.80,465.72,275.80,465.72,-89.14,-178.81,M1->M2 x M3,284.28,560.08,328.0,155.8,366.0,1025.8,399.9
750,0.85,8.0,43.37,-38.61,214.88,-169.82,275.80,465.72,275.80,465.72,-89.44,-169.82,M1->M2 x M3,284.28,560.08,328.0,155.8,366.0,1025.8,421.5
750,0.85,9.0,72.02,-8.61,253.76,-157.89,275.80,465.72,275.80,465.72,-89.48,-157.89,M1->M2 x M3,284.28,560.08,328.0,155.8,366.0,1025.8,443.2
750,0.85,10.0,100.65,21.23,292.56,-145.90,275.80,465.72,275.80,465.72,-89.38,-145.90,M1->M2 x M3,284.28,560.08,328.0,155.8,366.0,1025.8,465.1
750,0.85,11.0,129.24,50.97,331.28,-133.84,275.80,465.72,275.80,465.72,-89.25,-133.84,M1->M2 x M3,284.28,560.08,328.0,155.8,366.0,1025.8,487.1
750,0.85,12.0,157.80,80.69,369.89,-121.69,275.80,465.72,275.80,465.72,-88.85,-121.69,M1->M2 x M3,284.28,560.08,328.0,155.8,366.0,1025.8,509.2
750,0.85,13.0,186.30,110.39,408.39,-109.46,275.80,466.01,275.80,466.01,-89.52,-109.46,M1->M2 x M3,284.28,560.08,328.0,155.8,366.0,1025.8,531.5
750,0.85,14.0,214.75,140.05,446.77,-97.13,275.82,467.35,275.82,467.35,-84.31,-97.13,M1->M2 x M3,284.28,560.08,328.0,155.8,366.0,1025.8,554.0
750,0.85,15.0,243.14,169.67,485.01,-84.69,275.96,469.78,275.96,469.78,-78.14,-84.69,M1->M2 x M3,284.28,560.08,328.0,155.8,366.0,1025.8,576.7
750,0.85,16.0,271.45,199.24,523.10,-72.13,276.25,473.31,276.25,473.31,-71.90,-72.13,M1->M2 x M3,284.28,560.08,328.0,155.8,366.0,1025.8,599.6
750,0.85,17.0,299.68,228.74,561.03,-59.45,276.67,477.97,276.67,477.97,-65.60,-65.60,M3->FP x M2,284.28,560.08,328.0,155.8,366.0,1025.8,622.7
750,0.85,18.0,327.81,258.18,598.80,-46.64,277.25,483.75,277.25,483.75,-59.24,-59.24,M3->FP x M2,284.28,560.08,328.0,155.8,366.0,1025.8,646.1
750,0.85,19.0,355.85,287.54,636.38,-33.68,277.98,490.65,277.98,490.65,-52.80,-52.80,M3->FP x M2,284.28,560.08,328.0,155.8,366.0,1025.8,669.8
750,0.85,20.0,383.78,316.81,673.76,-20.56,278.86,498.67,278.86,498.67,-46.29,-46.29,M3->FP x M2,284.28,560.08,328.0,155.8,366.0,1025.8,693.7
750,0.90,2.0,-94.73,-189.77,0.01,-189.93,293.54,448.74,293.54,448.74,-94.63,-189.93,M1->M2 x M3,301.26,594.80,320.0,165.0,385.3,1043.5,332.2
750,0.90,3.0,-94.82,-189.87,18.18,-189.74,293.54,448.74,293.54,448.74,-94.64,-189.87,in->M1 x M3,301.26,594.80,320.0,165.0,385.3,1043.5,332.2
750,0.90,4.0,-79.99,-172.87,56.72,-189.71,293.54,448.74,293.54,448.74,-94.53,-189.71,M1->M2 x M3,301.26,594.80,320.0,165.0,385.3,1043.5,341.6
750,0.90,5.0,-52.19,-144.48,95.25,-190.00,293.54,448.74,293.54,448.74,-94.53,-190.00,M1->M2 x M3,301.26,594.80,320.0,165.0,385.3,1043.5,362.2
750,0.90,6.0,-24.32,-116.02,133.75,-189.65,293.54,448.74,293.54,448.74,-93.99,-189.65,M1->M2 x M3,301.26,594.80,320.0,165.0,385.3,1043.5,382.7
750,0.90,7.0,3.63,-87.45,172.20,-189.68,293.54,448.74,293.54,448.74,-94.84,-189.68,M1->M2 x M3,301.26,594.80,320.0,165.0,385.3,1043.5,403.4
750,0.90,8.0,31.46,-58.76,210.61,-183.89,293.54,448.74,293.54,448.74,-93.90,-183.89,M1->M2 x M3,301.26,594.80,320.0,165.0,385.3,1043.5,424.2
750,0.90,9.0,59.27,-29.93,248.95,-171.95,293.54,448.74,293.54,448.74,-94.51,-171.95,M1->M2 x M3,301.26,594.80,320.0,165.0,385.3,1043.5,445.0
750,0.90,10.0,87.07,-0.95,287.21,-159.95,293.54,448.74,293.54,448.74,-94.25,-159.95,M1->M2 x M3,301.26,594.80,320.0,165.0,385.3,1043.5,466.0
750,0.90,11.0,114.84,27.71,325.39,-147.88,293.55,448.74,293.55,448.74,-94.60,-147.88,M1->M2 x M3,301.26,594.80,320.0,165.0,385.3,1043.5,487.1
750,0.90,12.0,142.57,56.34,363.47,-135.72,293.54,448.74,293.54,448.74,-94.45,-135.72,M1->M2 x M3,301.26,594.80,320.0,165.0,385.3,1043.5,508.4
750,0.90,13.0,170.26,84.96,401.44,-123.48,293.55,448.74,293.55,448.74,-94.70,-123.48,M1->M2 x M3,301.26,594.80,320.0,165.0,385.3,1043.5,529.8
750,0.90,14.0,197.90,113.55,439.28,-111.13,293.54,449.08,293.54,449.08,-94.48,-111.13,M1->M2 x M3,301.26,594.80,320.0,165.0,385.3,1043.5,551.4
750,0.90,15.0,225.48,142.11,476.99,-98.68,293.59,450.44,293.59,450.44,-88.30,-98.68,M1->M2 x M3,301.26,594.80,320.0,165.0,385.3,1043.5,573.1
750,0.90,16.0,252.99,170.62,514.56,-86.12,293.76,452.87,293.76,452.87,-82.06,-86.12,M1->M2 x M3,301.26,594.80,320.0,165.0,385.3,1043.5,595.1
750,0.90,17.0,280.42,199.08,551.97,-73.43,294.06,456.38,294.06,456.38,-75.76,-75.76,M3->FP x M2,301.26,594.80,320.0,165.0,385.3,1043.5,617.3
750,0.90,18.0,307.77,227.48,589.21,-60.60,294.50,460.98,294.50,460.98,-69.39,-69.39,M3->FP x M2,301.26,594.80,320.0,165.0,385.3,1043.5,639.8
750,0.90,19.0,335.02,255.81,626.27,-47.63,295.09,466.68,295.09,466.68,-62.96,-62.96,M3->FP x M2,301.26,594.80,320.0,165.0,385.3,1043.5,662.5
750,0.90,20.0,362.18,284.06,663.14,-34.51,295.82,473.48,295.82,473.48,-56.44,-56.44,M3->FP x M2,301.26,594.80,320.0,165.0,385.3,1043.5,685.5
800,0.30,2.0,-11.32,-29.11,33.49,-56.85,78.72,700.58,78.72,700.58,-31.37,-56.85,M1->M2 x M3,99.42,178.14,620.7,55.0,153.3,878.7,253.7
800,0.30,3.0,49.23,35.51,101.14,-56.77,78.72,700.58,78.72,700.58,-31.56,-56.77,M1->M2 x M3,99.42,178.14,620.7,55.0,153.3,878.7,306.1
800,0.30,4.0,109.75,100.11,168.75,-47.77,78.72,702.14,78.72,702.14,-31.24,-47.77,M1->M2 x M3,99.42,178.14,620.7,55.0,153.3,878.7,358.7
800,0.30,5.0,170.25,164.67,236.32,-36.14,78.72,707.60,78.72,707.60,-25.44,-36.14,M1->M2 x M3,99.42,178.14,620.7,55.0,153.3,878.7,411.4
800,0.30,6.0,230.69,229.18,303.81,-24.47,78.97,716.93,78.97,716.93,-19.62,-24.47,M1->M2 x M3,99.42,178.14,620.7,55.0,153.3,878.7,464.2
800,0.30,7.0,291.06,293.63,371.21,-12.76,79.65,730.02,79.65,730.02,-13.77,-13.77,M3->FP x M2,99.42,178.14,620.7,55.0,153.3,878.7,517.2
800,0.30,8.0,351.34,357.98,438.49,-0.99,80.75,746.73,80.75,746.73,-7.91,-7.91,M3->FP x M2,99.42,178.14,620.7,55.0,153.3,878.7,570.5
800,0.30,9.0,411.52,422.23,505.65,9.91,82.26,766.87,82.26,766.87,-2.01,-2.01,M3->FP x M2,99.42,178.14,620.7,55.0,153.3,878.7,624.0
800,0.30,10.0,471.57,486.34,572.64,20.32,84.17,790.26,84.17,790.26,3.77,3.77,M3->FP x M2,99.42,178.14,620.7,55.0,153.3,878.7,677.9
800,0.30,11.0,531.47,550.31,639.47,30.26,86.45,816.69,86.45,816.69,9.52,9.52,M3->FP x M2,99.42,178.14,620.7,55.0,153.3,878.7,732.1
800,0.30,12.0,591.22,614.11,706.10,39.70,89.10,845.95,89.10,845.95,15.31,15.31,M3->FP x M2,99.42,178.14,620.7,55.0,153.3,878.7,786.6
800,0.30,13.0,650.78,677.73,772.51,48.64,92.08,877.86,92.08,877.86,21.14,21.14,M3->FP x M2,99.42,178.14,620.7,55.0,153.3,878.7,841.6
800,0.30,14.0,710.15,741.14,838.69,57.06,95.38,912.24,95.38,912.24,27.02,27.02,M3->FP x M2,99.42,178.14,620.7,55.0,153.3,878.7,897.0
800,0.30,15.0,769.30,804.32,904.61,64.98,98.97,948.92,98.97,948.92,32.94,32.94,M3->FP x M2,99.42,178.14,620.7,55.0,153.3,878.7,952.9
800,0.30,16.0,828.21,867.25,970.26,72.42,102.85,987.74,102.85,987.74,38.93,38.93,M3->FP x M2,99.42,178.14,620.7,55.0,153.3,878.7,1009.3
800,0.30,17.0,886.87,929.93,1035.61,79.38,106.98,1028.60,106.72,1028.60,44.97,44.97,M3->FP x M2,99.42,178.14,620.7,55.0,153.3,878.7,1066.3
800,0.30,18.0,945.27,992.31,1100.65,85.90,111.36,1071.36,110.34,1071.36,51.08,51.08,M3->FP x M2,99.42,178.14,620.7,55.0,153.3,878.7,1124.0
800,0.30,19.0,1003.37,1054.40,1165.35,91.99,115.97,1113.72,113.72,1115.96,57.26,57.26,M3->FP x M2,99.42,178.14,620.7,55.0,153.3,878.7,1182.3
800,0.30,20.0,1061.17,1116.17,1229.70,97.69,120.80,1152.62,116.88,1162.30,63.51,63.51,M3->FP x M2,99.42,178.14,620.7,55.0,153.3,878.7,1241.3
800,0.35,2.0,-28.89,-52.47,21.72,-67.33,95.00,683.91,95.00,683.91,-36.77,-67.33,M1->M2 x M3,116.09,211.09,558.2,64.2,171.7,895.0,248.6
800,0.35,3.0,25.02,5.24,83.00,-67.29,95.00,683.91,95.00,683.91,-36.71,-67.29,M1->M2 x M3,116.09,211.09,558.2,64.2,171.7,895.0,294.3
800,0.35,4.0,78.92,62.93,144.27,-63.52,95.00,684.02,95.00,684.02,-36.72,-63.52,M1->M2 x M3,116.09,211.09,558.2,64.2,171.7,895.0,340.2
800,0.35,5.0,132.79,120.59,205.48,-51.87,95.00,686.37,95.00,686.37,-35.22,-51.87,M1->M2 x M3,116.09,211.09,558.2,64.2,171.7,895.0,386.2
800,0.35,6.0,186.62,178.21,266.64,-40.19,95.02,691.79,95.02,691.79,-29.40,-40.19,M1->M2 x M3,116.09,211.09,558.2,64.2,171.7,895.0,432.3
800,0.35,7.0,240.39,235.79,327.71,-28.47,95.30,700.25,95.30,700.25,-23.55,-28.47,M1->M2 x M3,116.09,211.09,558.2,64.2,171.7,895.0,478.6
800,0.35,8.0,294.09,293.29,388.69,-16.70,95.94,711.67,95.94,711.67,-17.68,-17.68,M3->FP x M2,116.09,211.09,558.2,64.2,171.7,895.0,525.1
800,0.35,9.0,347.70,350.70,449.54,-4.88,96.94,725.96,96.94,725.96,-11.79,-11.79,M3->FP x M2,116.09,211.09,558.2,64.2,171.7,895.0,571.9
800,0.35,10.0,401.20,408.00,510.26,6.47,98.29,743.01,98.29,743.01,-5.86,-5.86,M3->FP x M2,116.09,211.09,558.2,64.2,171.7,895.0,618.9
800,0.35,11.0,454.59,465.18,570.82,17.16,99.98,762.70,99.98,762.70,0.10,0.10,M3->FP x M2,116.09,211.09,558.2,64.2,171.7,895.0,666.2
800,0.35,12.0,507.83,522.22,631.21,27.47,102.01,784.90,102.01,784.90,5.89,5.89,M3->FP x M2,116.09,211.09,558.2,64.2,171.7,895.0,713.8
800,0.35,13.0,560.92,579.09,691.41,37.38,104.36,809.46,104.36,809.46,11.73,11.73,M3->FP x M2,116.09,211.09,558.2,64.2,171.7,895.0,761.8
800,0.35,14.0,613.84,635.80,751.40,46.87,107.02,836.27,107.02,836.27,17.60,17.60,M3->FP x M2,116.09,211.09,558.2,64.2,171.7,895.0,810.2
800,0.35,15.0,666.57,692.31,811.15,55.92,109.98,865.20,109.98,865.20,23.53,23.53,M3->FP x M2,116.09,211.09,558.2,64.2,171.7,895.0,859.0
800,0.35,16.0,719.10,748.60,870.66,64.55,113.23,896.13,113.23,896.13,29.52,29.52,M3->FP x M2,116.09,211.09,558.2,64.2,171.7,895.0,908.2
800,0.35,17.0,771.40,804.67,929.91,72.75,116.75,928.96,116.75,928.96,35.57,35.57,M3->FP x M2,116.09,211.09,558.2,64.2,171.7,895.0,958.0
800,0.35,18.0,823.48,860.50,988.87,80.53,120.54,963.60,120.54,963.60,41.68,41.68,M3->FP x M2,116.09,211.09,558.2,64.2,171.7,895.0,1008.3
800,0.35,19.0,875.30,916.06,1047.53,87.90,124.57,999.98,124.55,999.98,47.86,47.86,M3->FP x M2,116.09,211.09,558.2,64.2,171.7,895.0,1059.2
800,0.35,20.0,926.86,971.34,1105.87,94.87,128.85,1038.01,128.47,1038.01,54.11,54.11,M3->FP x M2,116.09,211.09,558.2,64.2,171.7,895.0,1110.7
800,0.40,2.0,-40.94,-72.96,13.04,-77.91,111.92,667.22,111.92,667.22,-42.15,-77.91,M1->M2 x M3,132.78,244.70,511.3,73.3,190.4,911.9,247.2
800,0.40,3.0,5.55,-20.53,69.64,-78.07,111.92,667.22,111.92,667.22,-41.92,-78.07,M1->M2 x M3,132.78,244.70,511.3,73.3,190.4,911.9,288.0
800,0.40,4.0,54.47,31.93,126.22,-77.92,111.92,667.22,111.92,667.22,-41.99,-77.92,M1->M2 x M3,132.78,244.70,511.3,73.3,190.4,911.9,328.8
800,0.40,5.0,103.38,84.34,182.76,-67.63,111.92,667.67,111.92,667.67,-42.07,-67.63,M1->M2 x M3,132.78,244.70,511.3,73.3,190.4,911.9,369.8
800,0.40,6.0,152.25,136.74,239.24,-55.94,111.92,670.43,111.92,670.43,-39.35,-55.94,M1->M2 x M3,132.78,244.70,511.3,73.3,190.4,911.9,410.9
800,0.40,7.0,201.08,189.09,295.65,-44.21,111.96,675.71,111.96,675.71,-33.51,-44.21,M1->M2 x M3,132.78,244.70,511.3,73.3,190.4,911.9,452.2
800,0.40,8.0,249.85,241.38,351.97,-32.43,112.27,683.47,112.27,683.47,-27.64,-32.43,M1->M2 x M3,132.78,244.70,511.3,73.3,190.4,911.9,493.6
800,0.40,9.0,298.53,293.60,408.19,-20.59,112.89,693.66,112.89,693.66,-21.74,-21.74,M3->FP x M2,132.78,244.70,511.3,73.3,190.4,911.9,535.2
800,0.40,10.0,347.13,345.73,464.28,-8.69,113.81,706.24,113.81,706.24,-15.80,-15.80,M3->FP x M2,132.78,244.70,511.3,73.3,190.4,911.9,577.1
800,0.40,11.0,395.63,397.76,520.23,3.03,115.04,721.13,115.04,721.13,-9.84,-9.84,M3->FP x M2,132.78,244.70,511.3,73.3,190.4,911.9,619.3
800,0.40,12.0,444.00,449.66,576.02,13.95,116.57,738.23,116.57,738.23,-3.83,-3.83,M3->FP x M2,132.78,244.70,511.3,73.3,190.4,911.9,661.7
800,0.40,13.0,492.24,501.43,631.63,24.56,118.40,757.46,118.40,757.46,2.14,2.14,M3->FP x M2,132.78,244.70,511.3,73.3,190.4,911.9,704.4
800,0.40,14.0,540.32,553.05,687.05,34.84,120.52,778.73,120.52,778.73,8.02,8.02,M3->FP x M2,132.78,244.70,511.3,73.3,190.4,911.9,747.5
800,0.40,15.0,588.25,604.49,742.27,44.76,122.93,801.96,122.93,801.96,13.96,13.96,M3->FP x M2,132.78,244.70,511.3,73.3,190.4,911.9,791.0
800,0.40,16.0,635.99,655.75,797.25,54.32,125.61,827.04,125.61,827.04,19.94,19.94,M3->FP x M2,132.78,244.70,511.3,73.3,190.4,911.9,834.9
800,0.40,17.0,683.54,706.82,852.00,63.51,128.57,853.91,128.57,853.91,25.99,25.99,M3->FP x M2,132.78,244.70,511.3,73.3,190.4,911.9,879.3
800,0.40,18.0,730.88,757.66,906.48,72.33,131.80,882.48,131.80,882.48,32.11,32.11,M3->FP x M2,132.78,244.70,511.3,73.3,190.4,911.9,924.1
800,0.40,19.0,778.00,808.28,960.69,80.78,135.29,912.68,135.29,912.68,38.29,38.29,M3->FP x M2,132.78,244.70,511.3,73.3,190.4,911.9,969.4
800,0.40,20.0,824.88,858.65,1014.60,88.87,139.02,944.47,139.02,944.47,44.54,44.54,M3->FP x M2,132.78,244.70,511.3,73.3,190.4,911.9,1015.3
800,0.45,2.0,-46.68,-88.32,6.43,-88.69,129.38,650.50,129.38,650.50,-47.35,-88.69,M1->M2 x M3,149.50,278.88,474.9,82.5,209.4,929.4,248.3
800,0.45,3.0,-10.77,-43.33,59.46,-88.94,129.38,650.50,129.38,650.50,-47.19,-88.94,M1->M2 x M3,149.50,278.88,474.9,82.5,209.4,929.4,285.3
800,0.45,4.0,34.29,5.01,112.47,-89.07,129.38,650.50,129.38,650.50,-47.23,-89.07,M1->M2 x M3,149.50,278.88,474.9,82.5,209.4,929.4,322.2
800,0.45,5.0,79.34,53.29,165.45,-83.38,129.38,650.50,129.38,650.50,-47.23,-83.38,M1->M2 x M3,149.50,278.88,474.9,82.5,209.4,929.4,359.3
800,0.45,6.0,124.36,101.55,218.37,-71.68,129.38,651.35,129.38,651.35,-47.21,-71.68,M1->M2 x M3,149.50,278.88,474.9,82.5,209.4,929.4,396.5
800,0.45,7.0,169.34,149.78,271.23,-59.94,129.38,654.32,129.38,654.32,-43.61,-59.94,M1->M2 x M3,149.50,278.88,474.9,82.5,209.4,929.4,433.8
800,0.45,8.0,214.27,197.97,324.01,-48.15,129.45,659.41,129.45,659.41,-37.74,-48.15,M1->M2 x M3,149.50,278.88,474.9,82.5,209.4,929.4,471.3
800,0.45,9.0,259.14,246.10,376.69,-36.30,129.78,666.61,129.78,666.61,-31.83,-36.30,M1->M2 x M3,149.50,278.88,474.9,82.5,209.4,929.4,509.0
800,0.45,10.0,303.93,294.15,429.25,-24.39,130.37,675.88,130.37,675.88,-25.90,-25.90,M3->FP x M2,149.50,278.88,474.9,82.5,209.4,929.4,546.9
800,0.45,11.0,348.62,342.11,481.68,-12.41,131.24,687.19,131.24,687.19,-19.93,-19.93,M3->FP x M2,149.50,278.88,474.9,82.5,209.4,929.4,585.0
800,0.45,12.0,393.21,389.97,533.97,-0.34,132.37,700.48,132.37,700.48,-13.92,-13.92,M3->FP x M2,149.50,278.88,474.9,82.5,209.4,929.4,623.4
800,0.45,13.0,437.68,437.71,586.09,10.79,133.78,715.69,133.78,715.69,-7.86,-7.86,M3->FP x M2,149.50,278.88,474.9,82.5,209.4,929.4,662.1
800,0.45,14.0,482.01,485.31,638.04,21.65,135.45,732.77,135.45,732.77,-1.76,-1.76,M3->FP x M2,149.50,278.88,474.9,82.5,209.4,929.4,701.1
800,0.45,15.0,526.20,532.77,689.79,32.23,137.40,751.64,137.40,751.64,4.24,4.24,M3->FP x M2,149.50,278.88,474.9,82.5,209.4,929.4,740.4
800,0.45,16.0,570.23,580.07,741.33,42.51,139.60,772.24,139.60,772.24,10.23,10.23,M3->FP x M2,149.50,278.88,474.9,82.5,209.4,929.4,780.1
800,0.45,17.0,614.08,627.19,792.64,52.49,142.07,794.51,142.07,794.51,16.28,16.28,M3->FP x M2,149.50,278.88,474.9,82.5,209.4,929.4,820.3
800,0.45,18.0,657.75,674.11,843.71,62.15,144.80,818.39,144.80,818.39,22.39,22.39,M3->FP x M2,149.50,278.88,474.9,82.5,209.4,929.4,860.8
800,0.45,19.0,701.21,720.84,894.53,71.49,147.78,843.82,147.78,843.82,28.58,28.58,M3->FP x M2,149.50,278.88,474.9,82.5,209.4,929.4,901.8
800,0.45,20.0,744.47,767.34,945.07,80.50,151.01,870.75,151.01,870.75,34.84,34.84,M3->FP x M2,149.50,278.88,474.9,82.5,209.4,929.4,943.4
800,0.50,2.0,-52.31,-99.76,1.27,-100.10,147.27,633.75,147.27,633.75,-52.55,-100.10,M1->M2 x M3,166.25,313.51,445.7,91.7,228.7,947.3,251.3
800,0.50,3.0,-24.90,-64.06,51.51,-100.04,147.27,633.75,147.27,633.75,-52.58,-100.04,M1->M2 x M3,166.25,313.51,445.7,91.7,228.7,947.3,285.1
800,0.50,4.0,17.10,-19.12,101.73,-99.83,147.27,633.75,147.27,633.75,-52.50,-99.83,M1->M2 x M3,166.25,313.51,445.7,91.7,228.7,947.3,319.0
800,0.50,5.0,59.06,25.84,151.93,-99.08,147.27,633.75,147.27,633.75,-52.37,-99.08,M1->M2 x M3,166.25,313.51,445.7,91.7,228.7,947.3,352.9
800,0.50,6.0,101.00,70.75,202.07,-87.37,147.27,633.78,147.27,633.78,-52.67,-87.37,M1->M2 x M3,166.25,313.51,445.7,91.7,228.7,947.3,387.0
800,0.50,7.0,142.90,115.63,252.16,-75.62,147.27,634.99,147.27,634.99,-52.46,-75.62,M1->M2 x M3,166.25,313.51,445.7,91.7,228.7,947.3,421.2
800,0.50,8.0,184.77,160.48,302.17,-63.82,147.27,638.05,147.27,638.05,-47.96,-63.82,M1->M2 x M3,166.25,313.51,445.7,91.7,228.7,947.3,455.5
800,0.50,9.0,226.58,205.28,352.09,-51.97,147.37,642.96,147.37,642.96,-42.05,-51.97,M1->M2 x M3,166.25,313.51,445.7,91.7,228.7,947.3,490.0
800,0.50,10.0,268.32,250.02,401.90,-40.05,147.71,649.69,147.71,649.69,-36.11,-40.05,M1->M2 x M3,166.25,313.51,445.7,91.7,228.7,947.3,524.7
800,0.50,11.0,309.98,294.68,451.58,-28.05,148.29,658.25,148.29,658.25,-30.14,-30.14,M3->FP x M2,166.25,313.51,445.7,91.7,228.7,947.3,559.6
800,0.50,12.0,351.54,339.25,501.13,-15.98,149.11,668.58,149.11,668.58,-24.13,-24.13,M3->FP x M2,166.25,313.51,445.7,91.7,228.7,947.3,594.8
800,0.50,13.0,393.00,383.72,550.53,-3.82,150.18,680.67,150.18,680.67,-18.07,-18.07,M3->FP x M2,166.25,313.51,445.7,91.7,228.7,947.3,630.2
800,0.50,14.0,434.34,428.07,599.76,7.74,151.49,694.46,151.49,694.46,-11.97,-11.97,M3->FP x M2,166.25,313.51,445.7,91.7,228.7,947.3,666.0
800,0.50,15.0,475.54,472.29,648.81,18.81,153.05,709.91,153.05,709.91,-5.81,-5.81,M3->FP x M2,166.25,313.51,445.7,91.7,228.7,947.3,702.0
800,0.50,16.0,516.60,516.37,697.66,29.65,154.85,726.98,154.85,726.98,0.39,0.39,M3->FP x M2,166.25,313.51,445.7,91.7,228.7,947.3,738.4
800,0.50,17.0,557.50,560.29,746.29,40.24,156.89,745.61,156.89,745.61,6.45,6.45,M3->FP x M2,166.25,313.51,445.7,91.7,228.7,947.3,775.1
800,0.50,18.0,598.24,604.04,794.70,50.57,159.18,765.76,159.18,765.76,12.56,12.56,M3->FP x M2,166.25,313.51,445.7,91.7,228.7,947.3,812.3
800,0.50,19.0,638.79,647.60,842.87,60.63,161.72,787.38,161.72,787.38,18.75,18.75,M3->FP x M2,166.25,313.51,445.7,91.7,228.7,947.3,849.8
800,0.50,20.0,679.14,690.97,890.78,70.42,164.50,810.44,164.50,810.44,25.01,25.01,M3->FP x M2,166.25,313.51,445.7,91.7,228.7,947.3,887.9
800,0.55,2.0,-57.47,-111.07,1.11,-111.16,165.48,616.98,165.48,616.98,-57.90,-111.16,M1->M2 x M3,183.02,348.51,421.9,100.8,248.2,965.5,255.6
800,0.55,3.0,-37.41,-83.30,45.18,-111.17,165.48,616.98,165.48,616.98,-57.83,-111.17,M1->M2 x M3,183.02,348.51,421.9,100.8,248.2,965.5,286.8
800,0.55,4.0,2.07,-41.19,93.19,-111.23,165.48,616.98,165.48,616.98,-57.79,-111.23,M1->M2 x M3,183.02,348.51,421.9,100.8,248.2,965.5,318.2
800,0.55,5.0,41.51,1.01,141.17,-111.20,165.48,616.98,165.48,616.98,-57.96,-111.20,M1->M2 x M3,183.02,348.51,421.9,100.8,248.2,965.5,349.6
800,0.55,6.0,80.93,43.12,189.11,-102.99,165.48,616.98,165.48,616.98,-57.63,-102.99,M1->M2 x M3,183.02,348.51,421.9,100.8,248.2,965.5,381.1
800,0.55,7.0,120.32,85.22,236.98,-91.23,165.48,617.10,165.48,617.10,-57.79,-91.23,M1->M2 x M3,183.02,348.51,421.9,100.8,248.2,965.5,412.7
800,0.55,8.0,159.68,127.29,284.79,-79.42,165.48,618.56,165.48,618.56,-57.69,-79.42,M1->M2 x M3,183.02,348.51,421.9,100.8,248.2,965.5,444.4
800,0.55,9.0,198.99,169.32,332.51,-67.56,165.48,621.65,165.48,621.65,-52.36,-67.56,M1->M2 x M3,183.02,348.51,421.9,100.8,248.2,965.5,476.4
800,0.55,10.0,238.24,211.30,380.13,-55.62,165.62,626.38,165.62,626.38,-46.42,-55.62,M1->M2 x M3,183.02,348.51,421.9,100.8,248.2,965.5,508.5
800,0.55,11.0,277.42,253.21,427.63,-43.62,165.98,632.74,165.98,632.74,-40.44,-43.62,M1->M2 x M3,183.02,348.51,421.9,100.8,248.2,965.5,540.8
800,0.55,12.0,316.51,295.05,475.01,-31.54,166.55,640.72,166.55,640.72,-34.43,-34.43,M3->FP x M2,183.02,348.51,421.9,100.8,248.2,965.5,573.3
800,0.55,13.0,355.51,336.80,522.23,-19.36,167.34,650.30,167.34,650.30,-28.37,-28.37,M3->FP x M2,183.02,348.51,421.9,100.8,248.2,965.5,606.0
800,0.55,14.0,394.40,378.45,569.30,-7.09,168.35,661.45,168.35,661.45,-22.26,-22.26,M3->FP x M2,183.02,348.51,421.9,100.8,248.2,965.5,639.1
800,0.55,15.0,433.17,419.98,616.20,4.85,169.59,674.14,169.59,674.14,-16.10,-16.10,M3->FP x M2,183.02,348.51,421.9,100.8,248.2,965.5,672.4
800,0.55,16.0,471.80,461.38,662.91,16.12,171.05,688.35,171.05,688.35,-9.88,-9.88,M3->FP x M2,183.02,348.51,421.9,100.8,248.2,965.5,706.0
800,0.55,17.0,510.30,502.65,709.41,27.19,172.74,704.02,172.74,704.02,-3.60,-3.60,M3->FP x M2,183.02,348.51,421.9,100.8,248.2,965.5,740.0
800,0.55,18.0,548.63,543.76,755.70,38.06,174.65,721.14,174.65,721.14,2.65,2.65,M3->FP x M2,183.02,348.51,421.9,100.8,248.2,965.5,774.4
800,0.55,19.0,586.80,584.70,801.76,48.70,176.80,739.66,176.80,739.66,8.84,8.84,M3->FP x M2,183.02,348.51,421.9,100.8,248.2,965.5,809.1
800,0.55,20.0,624.80,625.46,847.58,59.11,179.18,759.55,179.18,759.55,15.10,15.10,M3->FP x M2,183.02,348.51,421.9,100.8,248.2,965.5,844.3
800,0.60,2.0,-63.09,-122.46,0.09,-122.52,183.93,600.17,183.93,600.17,-62.92,-122.52,M1->M2 x M3,199.83,383.76,402.0,110.0,267.8,983.9,260.8
800,0.60,3.0,-48.71,-101.42,40.07,-122.21,183.93,600.17,183.93,600.17,-62.89,-122.21,M1->M2 x M3,199.83,383.76,402.0,110.0,267.8,983.9,290.0
800,0.60,4.0,-11.35,-61.72,86.29,-122.50,183.93,600.17,183.93,600.17,-63.06,-122.50,M1->M2 x M3,199.83,383.76,402.0,110.0,267.8,983.9,319.2
800,0.60,5.0,26.01,-21.94,132.48,-122.24,183.93,600.17,183.93,600.17,-63.22,-122.24,M1->M2 x M3,199.83,383.76,402.0,110.0,267.8,983.9,348.5
800,0.60,6.0,63.33,17.88,178.63,-118.50,183.93,600.17,183.93,600.17,-63.20,-118.50,M1->M2 x M3,199.83,383.76,402.0,110.0,267.8,983.9,377.8
800,0.60,7.0,100.63,57.61,224.73,-106.73,183.93,600.17,183.93,600.17,-63.08,-106.73,M1->M2 x M3,199.83,383.76,402.0,110.0,267.8,983.9,407.3
800,0.60,8.0,137.91,97.32,270.76,-94.91,183.93,600.43,183.93,600.43,-62.97,-94.91,M1->M2 x M3,199.83,383.76,402.0,110.0,267.8,983.9,436.9
800,0.60,9.0,175.14,137.00,316.70,-83.03,183.93,602.04,183.93,602.04,-62.73,-83.03,M1->M2 x M3,199.83,383.76,402.0,110.0,267.8,983.9,466.7
800,0.60,10.0,212.31,176.64,362.55,-71.09,183.94,605.13,183.94,605.13,-56.79,-71.09,M1->M2 x M3,199.83,383.76,402.0,110.0,267.8,983.9,496.6
800,0.60,11.0,249.43,216.23,408.29,-59.08,184.11,609.70,184.11,609.70,-50.81,-59.08,M1->M2 x M3,199.83,383.76,402.0,110.0,267.8,983.9,526.7
800,0.60,12.0,286.47,255.75,453.90,-46.98,184.48,615.75,184.48,615.75,-44.79,-46.98,M1->M2 x M3,199.83,383.76,402.0,110.0,267.8,983.9,557.0
800,0.60,13.0,323.42,295.19,499.38,-34.80,185.04,623.27,185.04,623.27,-38.73,-38.73,M3->FP x M2,199.83,383.76,402.0,110.0,267.8,983.9,587.6
800,0.60,14.0,360.27,334.54,544.70,-22.52,185.80,632.25,185.80,632.25,-32.62,-32.62,M3->FP x M2,199.83,383.76,402.0,110.0,267.8,983.9,618.4
800,0.60,15.0,397.01,373.79,589.86,-10.13,186.77,642.67,186.77,642.67,-26.45,-26.45,M3->FP x M2,199.83,383.76,402.0,110.0,267.8,983.9,649.5
800,0.60,16.0,433.63,412.93,634.84,2.18,187.95,654.50,187.95,654.50,-20.23,-20.23,M3->FP x M2,199.83,383.76,402.0,110.0,267.8,983.9,680.8
800,0.60,17.0,470.12,451.94,679.62,13.63,189.34,667.73,189.34,667.73,-13.95,-13.95,M3->FP x M2,199.83,383.76,402.0,110.0,267.8,983.9,712.5
800,0.60,18.0,506.46,490.82,724.20,24.92,190.94,682.33,190.94,682.33,-7.60,-7.60,M3->FP x M2,199.83,383.76,402.0,110.0,267.8,983.9,744.5
800,0.60,19.0,542.65,529.54,768.56,36.03,192.75,698.27,192.75,698.27,-1.18,-1.18,M3->FP x M2,199.83,383.76,402.0,110.0,267.8,983.9,776.9
800,0.60,20.0,578.68,568.10,812.68,46.95,194.79,715.52,194.79,715.52,5.13,5.13,M3->FP x M2,199.83,383.76,402.0,110.0,267.8,983.9,809.7
800,0.65,2.0,-67.09,-133.29,0.29,-133.64,202.49,583.33,202.49,583.33,-68.19,-133.64,M1->M2 x M3,216.67,419.16,385.2,119.2,287.5,1002.5,266.8
800,0.65,3.0,-59.09,-118.66,35.90,-133.83,202.49,583.33,202.49,583.33,-68.15,-133.83,M1->M2 x M3,216.67,419.16,385.2,119.2,287.5,1002.5,294.2
800,0.65,4.0,-23.52,-81.05,80.65,-133.60,202.49,583.33,202.49,583.33,-68.34,-133.60,M1->M2 x M3,216.67,419.16,385.2,119.2,287.5,1002.5,321.6
800,0.65,5.0,12.08,-43.35,125.38,-133.60,202.49,583.33,202.49,583.33,-68.51,-133.60,M1->M2 x M3,216.67,419.16,385.2,119.2,287.5,1002.5,349.1
800,0.65,6.0,47.63,-5.54,170.07,-133.87,202.49,583.33,202.49,583.33,-68.29,-133.87,M1->M2 x M3,216.67,419.16,385.2,119.2,287.5,1002.5,376.6
800,0.65,7.0,83.17,32.17,214.71,-122.09,202.49,583.33,202.49,583.33,-68.06,-122.09,M1->M2 x M3,216.67,419.16,385.2,119.2,287.5,1002.5,404.3
800,0.65,8.0,118.68,69.85,259.28,-110.26,202.49,583.33,202.49,583.33,-68.20,-110.26,M1->M2 x M3,216.67,419.16,385.2,119.2,287.5,1002.5,432.1
800,0.65,9.0,154.15,107.50,303.78,-98.37,202.49,583.74,202.49,583.74,-68.50,-98.37,M1->M2 x M3,216.67,419.16,385.2,119.2,287.5,1002.5,460.0
800,0.65,10.0,189.58,145.12,348.18,-86.42,202.49,585.45,202.49,585.45,-67.19,-86.42,M1->M2 x M3,216.67,419.16,385.2,119.2,287.5,1002.5,488.1
800,0.65,11.0,224.94,182.70,392.48,-74.39,202.53,588.52,202.53,588.52,-61.21,-74.39,M1->M2 x M3,216.67,419.16,385.2,119.2,287.5,1002.5,516.4
800,0.65,12.0,260.25,220.22,436.65,-62.29,202.72,592.95,202.72,592.95,-55.19,-62.29,M1->M2 x M3,216.67,419.16,385.2,119.2,287.5,1002.5,544.8
800,0.65,13.0,295.47,257.67,480.70,-50.10,203.10,598.74,203.10,598.74,-49.12,-50.10,M1->M2 x M3,216.67,419.16,385.2,119.2,287.5,1002.5,573.5
800,0.65,14.0,330.60,295.05,524.59,-37.81,203.66,605.89,203.66,605.89,-43.01,-43.01,M3->FP x M2,216.67,419.16,385.2,119.2,287.5,1002.5,602.4
800,0.65,15.0,365.63,332.33,568.33,-25.41,204.41,614.39,204.41,614.39,-36.84,-36.84,M3->FP x M2,216.67,419.16,385.2,119.2,287.5,1002.5,631.6
800,0.65,16.0,400.55,369.52,611.90,-12.90,205.35,624.23,205.35,624.23,-30.62,-30.62,M3->FP x M2,216.67,419.16,385.2,119.2,287.5,1002.5,661.0
800,0.65,17.0,435.34,406.59,655.27,-0.26,206.48,635.39,206.48,635.39,-24.33,-24.33,M3->FP x M2,216.67,419.16,385.2,119.2,287.5,1002.5,690.8
800,0.65,18.0,470.01,443.54,698.45,11.39,207.81,647.85,207.81,647.85,-17.98,-17.98,M3->FP x M2,216.67,419.16,385.2,119.2,287.5,1002.5,720.8
800,0.65,19.0,504.53,480.35,741.42,22.88,209.34,661.60,209.34,661.60,-11.56,-11.56,M3->FP x M2,216.67,419.16,385.2,119.2,287.5,1002.5,751.2
800,0.65,20.0,538.90,517.02,784.16,34.22,211.07,676.60,211.07,676.60,-5.06,-5.06,M3->FP x M2,216.67,419.16,385.2,119.2,287.5,1002.5,782.0
800,0.70,2.0,-73.40,-144.21,0.01,-145.12,221.09,566.47,221.09,566.47,-73.62,-145.12,M1->M2 x M3,233.53,454.62,370.8,128.3,307.3,1021.1,273.4
800,0.70,3.0,-68.74,-135.19,32.45,-144.97,221.09,566.47,221.09,566.47,-73.63,-144.97,M1->M2 x M3,233.53,454.62,370.8,128.3,307.3,1021.1,299.2
800,0.70,4.0,-34.71,-99.41,76.00,-144.96,221.09,566.47,221.09,566.47,-73.30,-144.96,M1->M2 x M3,233.53,454.62,370.8,128.3,307.3,1021.1,325.1
800,0.70,5.0,-0.60,-63.55,119.52,-144.96,221.09,566.47,221.09,566.47,-73.28,-144.96,M1->M2 x M3,233.53,454.62,370.8,128.3,307.3,1021.1,351.0
800,0.70,6.0,33.43,-27.58,163.00,-145.00,221.09,566.47,221.09,566.47,-73.58,-145.00,M1->M2 x M3,233.53,454.62,370.8,128.3,307.3,1021.1,377.0
800,0.70,7.0,67.45,8.46,206.44,-137.27,221.09,566.47,221.09,566.47,-73.73,-137.27,M1->M2 x M3,233.53,454.62,370.8,128.3,307.3,1021.1,403.2
800,0.70,8.0,101.45,44.35,249.82,-125.43,221.09,566.47,221.09,566.47,-73.47,-125.43,M1->M2 x M3,233.53,454.62,370.8,128.3,307.3,1021.1,429.4
800,0.70,9.0,135.42,80.23,293.11,-113.53,221.09,566.47,221.09,566.47,-73.45,-113.53,M1->M2 x M3,233.53,454.62,370.8,128.3,307.3,1021.1,455.8
800,0.70,10.0,169.34,116.09,336.32,-101.57,221.09,567.01,221.09,567.01,-73.64,-101.57,M1->M2 x M3,233.53,454.62,370.8,128.3,307.3,1021.1,482.3
800,0.70,11.0,203.22,151.90,379.43,-89.53,221.09,568.79,221.09,568.79,-71.62,-89.53,M1->M2 x M3,233.53,454.62,370.8,128.3,307.3,1021.1,509.0
800,0.70,12.0,237.03,187.68,422.42,-77.42,221.14,571.83,221.14,571.83,-65.59,-77.42,M1->M2 x M3,233.53,454.62,370.8,128.3,307.3,1021.1,535.8
800,0.70,13.0,270.78,223.39,465.28,-65.22,221.36,576.14,221.36,576.14,-59.53,-65.22,M1->M2 x M3,233.53,454.62,370.8,128.3,307.3,1021.1,562.9
800,0.70,14.0,304.44,259.04,508.00,-52.91,221.75,581.72,221.75,581.72,-53.41,-53.41,M3->FP x M2,233.53,454.62,370.8,128.3,307.3,1021.1,590.2
800,0.70,15.0,338.00,294.61,550.57,-40.51,222.31,588.57,222.31,588.57,-47.24,-47.24,M3->FP x M2,233.53,454.62,370.8,128.3,307.3,1021.1,617.7
800,0.70,16.0,371.47,330.08,592.96,-27.98,223.05,596.69,223.05,596.69,-41.01,-41.01,M3->FP x M2,233.53,454.62,370.8,128.3,307.3,1021.1,645.5
800,0.70,17.0,404.82,365.46,635.18,-15.34,223.96,606.07,223.96,606.07,-34.72,-34.72,M3->FP x M2,233.53,454.62,370.8,128.3,307.3,1021.1,673.6
800,0.70,18.0,438.04,400.73,677.20,-2.55,225.06,616.69,225.06,616.69,-28.37,-28.37,M3->FP x M2,233.53,454.62,370.8,128.3,307.3,1021.1,702.0
800,0.70,19.0,471.14,435.87,719.02,9.45,226.34,628.55,226.34,628.55,-21.94,-21.94,M3->FP x M2,233.53,454.62,370.8,128.3,307.3,1021.1,730.7
800,0.70,20.0,504.09,470.88,760.62,21.14,227.82,641.62,227.82,641.62,-15.44,-15.44,M3->FP x M2,233.53,454.62,370.8,128.3,307.3,1021.1,759.7
800,0.75,2.0,-78.35,-156.41,0.20,-156.20,239.60,549.58,239.60,549.58,-78.33,-156.41,in->M1 x M3,250.42,490.02,358.3,137.5,327.0,1039.6,280.4
800,0.75,3.0,-77.80,-151.12,29.58,-156.49,239.60,549.58,239.60,549.58,-78.95,-156.49,M1->M2 x M3,250.42,490.02,358.3,137.5,327.0,1039.6,304.9
800,0.75,4.0,-45.11,-116.96,72.12,-156.27,239.60,549.58,239.60,549.58,-78.98,-156.27,M1->M2 x M3,250.42,490.02,358.3,137.5,327.0,1039.6,329.4
800,0.75,5.0,-12.34,-82.73,114.64,-156.25,239.60,549.58,239.60,549.58,-79.03,-156.25,M1->M2 x M3,250.42,490.02,358.3,137.5,327.0,1039.6,354.0
800,0.75,6.0,20.42,-48.39,157.13,-156.44,239.60,549.58,239.60,549.58,-78.33,-156.44,M1->M2 x M3,250.42,490.02,358.3,137.5,327.0,1039.6,378.7
800,0.75,7.0,53.13,-13.93,199.56,-152.24,239.60,549.58,239.60,549.58,-79.00,-152.24,M1->M2 x M3,250.42,490.02,358.3,137.5,327.0,1039.6,403.5
800,0.75,8.0,85.82,20.48,241.94,-140.39,239.60,549.58,239.60,549.58,-79.00,-140.39,M1->M2 x M3,250.42,490.02,358.3,137.5,327.0,1039.6,428.4
800,0.75,9.0,118.49,54.78,284.24,-128.48,239.60,549.58,239.60,549.58,-78.85,-128.48,M1->M2 x M3,250.42,490.02,358.3,137.5,327.0,1039.6,453.4
800,0.75,10.0,151.12,89.07,326.45,-116.51,239.60,549.58,239.60,549.58,-78.58,-116.51,M1->M2 x M3,250.42,490.02,358.3,137.5,327.0,1039.6,478.5
800,0.75,11.0,183.70,123.33,368.57,-104.47,239.60,550.24,239.60,550.24,-78.68,-104.47,M1->M2 x M3,250.42,490.02,358.3,137.5,327.0,1039.6,503.8
800,0.75,12.0,216.23,157.55,410.57,-92.34,239.60,552.06,239.60,552.06,-75.98,-92.34,M1->M2 x M3,250.42,490.02,358.3,137.5,327.0,1039.6,529.3
800,0.75,13.0,248.69,191.73,452.45,-80.13,239.69,555.08,239.69,555.08,-69.91,-80.13,M1->M2 x M3,250.42,490.02,358.3,137.5,327.0,1039.6,555.0
800,0.75,14.0,281.08,225.84,494.19,-67.81,239.93,559.29,239.93,559.29,-63.79,-67.81,M1->M2 x M3,250.42,490.02,358.3,137.5,327.0,1039.6,580.9
800,0.75,15.0,313.38,259.89,535.78,-55.40,240.33,564.70,240.33,564.70,-57.61,-57.61,M3->FP x M2,250.42,490.02,358.3,137.5,327.0,1039.6,607.0
800,0.75,16.0,345.59,293.86,577.21,-42.86,240.89,571.32,240.89,571.32,-51.39,-51.39,M3->FP x M2,250.42,490.02,358.3,137.5,327.0,1039.6,633.4
800,0.75,17.0,377.69,327.74,618.46,-30.20,241.62,579.14,241.62,579.14,-45.09,-45.09,M3->FP x M2,250.42,490.02,358.3,137.5,327.0,1039.6,660.0
800,0.75,18.0,409.67,361.52,659.52,-17.41,242.52,588.15,242.52,588.15,-38.73,-38.73,M3->FP x M2,250.42,490.02,358.3,137.5,327.0,1039.6,686.9
800,0.75,19.0,441.53,395.19,700.39,-4.47,243.59,598.35,243.59,598.35,-32.30,-32.30,M3->FP x M2,250.42,490.02,358.3,137.5,327.0,1039.6,714.1
800,0.75,20.0,473.26,428.73,741.03,7.85,244.84,609.73,244.84,609.73,-25.80,-25.80,M3->FP x M2,250.42,490.02,358.3,137.5,327.0,1039.6,741.7
800,0.80,2.0,-83.16,-167.65,0.02,-167.42,257.93,532.66,257.93,532.66,-84.31,-167.65,in->M1 x M3,267.34,525.27,347.3,146.7,346.6,1057.9,293.6
800,0.80,3.0,-82.28,-166.52,27.18,-167.65,257.93,532.66,257.93,532.66,-83.97,-167.65,M1->M2 x M3,267.34,525.27,347.3,146.7,346.6,1057.9,311.0
800,0.80,4.0,-54.87,-133.83,68.88,-167.73,257.93,532.66,257.93,532.66,-83.48,-167.73,M1->M2 x M3,267.34,525.27,347.3,146.7,346.6,1057.9,334.4
800,0.80,5.0,-23.27,-101.06,110.55,-167.55,257.93,532.66,257.93,532.66,-83.94,-167.55,M1->M2 x M3,267.34,525.27,347.3,146.7,346.6,1057.9,357.8
800,0.80,6.0,8.38,-68.19,152.20,-167.41,257.93,532.66,257.93,532.66,-84.29,-167.41,M1->M2 x M3,267.34,525.27,347.3,146.7,346.6,1057.9,381.3
800,0.80,7.0,39.94,-35.20,193.80,-166.97,257.93,532.66,257.93,532.66,-83.85,-166.97,M1->M2 x M3,267.34,525.27,347.3,146.7,346.6,1057.9,404.9
800,0.80,8.0,71.49,-2.08,235.34,-155.11,257.93,532.66,257.93,532.66,-84.24,-155.11,M1->M2 x M3,267.34,525.27,347.3,146.7,346.6,1057.9,428.6
800,0.80,9.0,103.02,30.84,276.80,-143.19,257.93,532.66,257.93,532.66,-84.08,-143.19,M1->M2 x M3,267.34,525.27,347.3,146.7,346.6,1057.9,452.5
800,0.80,10.0,134.52,63.72,318.19,-131.21,257.93,532.66,257.93,532.66,-84.00,-131.21,M1->M2 x M3,267.34,525.27,347.3,146.7,346.6,1057.9,476.4
800,0.80,11.0,165.98,96.59,359.47,-119.15,257.93,532.68,257.93,532.68,-84.27,-119.15,M1->M2 x M3,267.34,525.27,347.3,146.7,346.6,1057.9,500.5
800,0.80,12.0,197.38,129.42,400.65,-107.02,257.93,533.43,257.93,533.43,-84.18,-107.02,M1->M2 x M3,267.34,525.27,347.3,146.7,346.6,1057.9,524.8
800,0.80,13.0,228.73,162.22,441.70,-94.79,257.93,535.29,257.93,535.29,-80.24,-94.79,M1->M2 x M3,267.34,525.27,347.3,146.7,346.6,1057.9,549.3
800,0.80,14.0,260.00,194.97,482.62,-82.47,258.05,538.28,258.05,538.28,-74.11,-82.47,M1->M2 x M3,267.34,525.27,347.3,146.7,346.6,1057.9,573.9
800,0.80,15.0,291.20,227.66,523.40,-70.04,258.32,542.42,258.32,542.42,-67.94,-70.04,M1->M2 x M3,267.34,525.27,347.3,146.7,346.6,1057.9,598.8
800,0.80,16.0,322.31,260.27,564.01,-57.50,258.73,547.70,258.73,547.70,-61.71,-61.71,M3->FP x M2,267.34,525.27,347.3,146.7,346.6,1057.9,623.9
800,0.80,17.0,353.32,292.81,604.45,-44.83,259.30,554.13,259.30,554.13,-55.41,-55.41,M3->FP x M2,267.34,525.27,347.3,146.7,346.6,1057.9,649.3
800,0.80,18.0,384.22,325.26,644.71,-32.03,260.02,561.71,260.02,561.71,-49.05,-49.05,M3->FP x M2,267.34,525.27,347.3,146.7,346.6,1057.9,674.9
800,0.80,19.0,415.00,357.61,684.77,-19.08,260.91,570.45,260.91,570.45,-42.62,-42.62,M3->FP x M2,267.34,525.27,347.3,146.7,346.6,1057.9,700.9
800,0.80,20.0,445.66,389.86,724.62,-5.97,261.96,580.32,261.96,580.32,-36.11,-36.11,M3->FP x M2,267.34,525.27,347.3,146.7,346.6,1057.9,727.1
800,0.85,2.0,-88.40,-178.94,0.17,-178.70,275.97,515.71,275.97,515.71,-89.50,-178.94,in->M1 x M3,284.29,560.26,337.7,155.8,366.1,1076.0,313.0
800,0.85,3.0,-89.20,-178.24,25.15,-178.79,275.97,515.71,275.97,515.71,-88.72,-178.79,M1->M2 x M3,284.29,560.26,337.7,155.8,366.1,1076.0,317.5
800,0.85,4.0,-64.10,-150.09,66.14,-178.62,275.97,515.71,275.97,515.71,-89.37,-178.62,M1->M2 x M3,284.29,560.26,337.7,155.8,366.1,1076.0,339.9
800,0.85,5.0,-33.53,-118.64,107.11,-178.65,275.97,515.71,275.97,515.71,-88.88,-178.65,M1->M2 x M3,284.29,560.26,337.7,155.8,366.1,1076.0,362.3
800,0.85,6.0,-2.87,-87.10,148.04,-178.89,275.97,515.71,275.97,515.71,-89.19,-178.89,M1->M2 x M3,284.29,560.26,337.7,155.8,366.1,1076.0,384.7
800,0.85,7.0,27.69,-55.45,188.93,-178.75,275.97,515.71,275.97,515.71,-89.11,-178.75,M1->M2 x M3,284.29,560.26,337.7,155.8,366.1,1076.0,407.3
800,0.85,8.0,58.24,-23.66,229.77,-169.55,275.97,515.71,275.97,515.71,-89.41,-169.55,M1->M2 x M3,284.29,560.26,337.7,155.8,366.1,1076.0,430.0
800,0.85,9.0,88.76,8.18,270.53,-157.62,275.97,515.71,275.97,515.71,-89.45,-157.62,M1->M2 x M3,284.29,560.26,337.7,155.8,366.1,1076.0,452.8
800,0.85,10.0,119.26,39.80,311.21,-145.63,275.97,515.71,275.97,515.71,-89.42,-145.63,M1->M2 x M3,284.29,560.26,337.7,155.8,366.1,1076.0,475.7
800,0.85,11.0,149.73,71.40,351.80,-133.57,275.97,515.71,275.97,515.71,-89.29,-133.57,M1->M2 x M3,284.29,560.26,337.7,155.8,366.1,1076.0,498.7
800,0.85,12.0,180.14,102.98,392.27,-121.42,275.97,515.76,275.97,515.76,-88.90,-121.42,M1->M2 x M3,284.29,560.26,337.7,155.8,366.1,1076.0,521.9
800,0.85,13.0,210.51,134.53,432.63,-109.19,275.97,516.58,275.97,516.58,-89.57,-109.19,M1->M2 x M3,284.29,560.26,337.7,155.8,366.1,1076.0,545.3
800,0.85,14.0,240.80,166.04,472.86,-96.86,275.99,518.48,275.99,518.48,-84.36,-96.86,M1->M2 x M3,284.29,560.26,337.7,155.8,366.1,1076.0,568.9
800,0.85,15.0,271.03,197.50,512.94,-84.42,276.14,521.46,276.14,521.46,-78.18,-84.42,M1->M2 x M3,284.29,560.26,337.7,155.8,366.1,1076.0,592.7
800,0.85,16.0,301.17,228.90,552.87,-71.86,276.42,525.54,276.42,525.54,-71.95,-71.95,M3->FP x M2,284.29,560.26,337.7,155.8,366.1,1076.0,616.7
800,0.85,17.0,331.22,260.23,592.63,-59.18,276.85,530.72,276.85,530.72,-65.65,-65.65,M3->FP x M2,284.29,560.26,337.7,155.8,366.1,1076.0,640.9
800,0.85,18.0,361.17,291.48,632.21,-46.37,277.42,537.01,277.42,537.01,-59.29,-59.29,M3->FP x M2,284.29,560.26,337.7,155.8,366.1,1076.0,665.5
800,0.85,19.0,391.01,322.65,671.59,-33.41,278.15,544.42,278.15,544.42,-52.85,-52.85,M3->FP x M2,284.29,560.26,337.7,155.8,366.1,1076.0,690.3
800,0.85,20.0,420.73,353.71,710.77,-20.29,279.03,552.95,279.03,552.95,-46.34,-46.34,M3->FP x M2,284.29,560.26,337.7,155.8,366.1,1076.0,715.4
800,0.90,2.0,-94.43,-189.72,0.27,-189.90,293.63,498.74,293.63,498.74,-94.63,-189.90,M1->M2 x M3,301.26,594.88,329.1,165.0,385.4,1093.6,332.2
800,0.90,3.0,-93.60,-189.61,23.43,-189.86,293.63,498.74,293.63,498.74,-94.64,-189.86,M1->M2 x M3,301.26,594.88,329.1,165.0,385.4,1093.6,332.2
800,0.90,4.0,-72.89,-165.79,63.81,-189.61,293.63,498.74,293.63,498.74,-94.52,-189.61,M1->M2 x M3,301.26,594.88,329.1,165.0,385.4,1093.6,345.7
800,0.90,5.0,-43.24,-135.55,104.18,-189.86,293.63,498.74,293.63,498.74,-94.53,-189.86,M1->M2 x M3,301.26,594.88,329.1,165.0,385.4,1093.6,367.2
800,0.90,6.0,-13.50,-105.23,144.51,-189.86,293.63,498.74,293.63,498.74,-93.98,-189.86,M1->M2 x M3,301.26,594.88,329.1,165.0,385.4,1093.6,388.8
800,0.90,7.0,16.22,-74.79,184.80,-189.69,293.63,498.74,293.63,498.74,-94.85,-189.69,M1->M2 x M3,301.26,594.88,329.1,165.0,385.4,1093.6,410.4
800,0.90,8.0,45.88,-44.23,225.04,-183.68,293.63,498.74,293.63,498.74,-93.91,-183.68,M1->M2 x M3,301.26,594.88,329.1,165.0,385.4,1093.6,432.1
800,0.90,9.0,75.51,-13.52,265.20,-171.75,293.63,498.74,293.63,498.74,-94.50,-171.75,M1->M2 x M3,301.26,594.88,329.1,165.0,385.4,1093.6,454.0
800,0.90,10.0,105.13,17.10,305.29,-159.75,293.63,498.74,293.63,498.74,-94.27,-159.75,M1->M2 x M3,301.26,594.88,329.1,165.0,385.4,1093.6,476.0
800,0.90,11.0,134.71,47.55,345.28,-147.67,293.63,498.74,293.63,498.74,-94.62,-147.67,M1->M2 x M3,301.26,594.88,329.1,165.0,385.4,1093.6,498.1
800,0.90,12.0,164.25,77.99,385.16,-135.52,293.63,498.74,293.63,498.74,-94.47,-135.52,M1->M2 x M3,301.26,594.88,329.1,165.0,385.4,1093.6,520.3
800,0.90,13.0,193.74,108.41,424.93,-123.27,293.63,498.82,293.63,498.82,-94.72,-123.27,M1->M2 x M3,301.26,594.88,329.1,165.0,385.4,1093.6,542.8
800,0.90,14.0,223.17,138.79,464.57,-110.93,293.63,499.71,293.63,499.71,-94.50,-110.93,M1->M2 x M3,301.26,594.88,329.1,165.0,385.4,1093.6,565.4
800,0.90,15.0,252.53,169.13,504.07,-98.48,293.67,501.63,293.67,501.63,-88.32,-98.48,M1->M2 x M3,301.26,594.88,329.1,165.0,385.4,1093.6,588.2
800,0.90,16.0,281.82,199.42,543.41,-85.92,293.84,504.61,293.84,504.61,-82.08,-85.92,M1->M2 x M3,301.26,594.88,329.1,165.0,385.4,1093.6,611.2
800,0.90,17.0,311.02,229.65,582.59,-73.22,294.14,508.66,294.14,508.66,-75.78,-75.78,M3->FP x M2,301.26,594.88,329.1,165.0,385.4,1093.6,634.5
800,0.90,18.0,340.13,259.81,621.59,-60.40,294.59,513.78,294.59,513.78,-69.42,-69.42,M3->FP x M2,301.26,594.88,329.1,165.0,385.4,1093.6,658.0
800,0.90,19.0,369.13,289.89,660.40,-47.43,295.17,519.98,295.17,519.98,-62.98,-62.98,M3->FP x M2,301.26,594.88,329.1,165.0,385.4,1093.6,681.8
800,0.90,20.0,398.02,319.88,699.01,-34.30,295.90,527.27,295.90,527.27,-56.46,-56.46,M3->FP x M2,301.26,594.88,329.1,165.0,385.4,1093.6,705.9
850,0.30,2.0,-4.32,-22.49,40.52,-56.90,79.89,750.57,79.89,750.57,-31.42,-56.90,M1->M2 x M3,99.43,179.32,648.0,55.0,154.0,929.9,260.3
850,0.30,3.0,60.00,45.91,111.97,-57.03,79.89,750.58,79.89,750.58,-31.44,-57.03,M1->M2 x M3,99.43,179.32,648.0,55.0,154.0,929.9,315.6
850,0.30,4.0,124.30,114.28,183.38,-47.68,79.89,752.79,79.89,752.79,-31.57,-47.68,M1->M2 x M3,99.43,179.32,648.0,55.0,154.0,929.9,371.1
850,0.30,5.0,188.57,182.61,254.73,-36.05,79.90,759.08,79.90,759.08,-25.76,-36.05,M1->M2 x M3,99.43,179.32,648.0,55.0,154.0,929.9,426.7
850,0.30,6.0,252.77,250.89,326.01,-24.37,80.14,769.37,80.14,769.37,-19.94,-24.37,M1->M2 x M3,99.43,179.32,648.0,55.0,154.0,929.9,482.5
850,0.30,7.0,316.90,319.10,397.19,-12.66,80.81,783.56,80.81,783.56,-14.10,-14.10,M3->FP x M2,99.43,179.32,648.0,55.0,154.0,929.9,538.5
850,0.30,8.0,380.93,387.20,468.25,-0.90,81.90,801.48,81.90,801.48,-8.23,-8.23,M3->FP x M2,99.43,179.32,648.0,55.0,154.0,929.9,594.7
850,0.30,9.0,444.85,455.19,539.16,9.98,83.39,822.97,83.39,822.97,-2.34,-2.34,M3->FP x M2,99.43,179.32,648.0,55.0,154.0,929.9,651.2
850,0.30,10.0,508.63,523.04,609.91,20.37,85.27,847.82,85.27,847.82,3.46,3.46,M3->FP x M2,99.43,179.32,648.0,55.0,154.0,929.9,708.1
850,0.30,11.0,572.26,590.73,680.47,30.28,87.53,875.83,87.53,875.83,9.21,9.21,M3->FP x M2,99.43,179.32,648.0,55.0,154.0,929.9,765.2
850,0.30,12.0,635.71,658.24,750.83,39.70,90.14,906.78,90.14,906.78,15.00,15.00,M3->FP x M2,99.43,179.32,648.0,55.0,154.0,929.9,822.8
850,0.30,13.0,698.97,725.55,820.96,48.61,93.09,940.48,93.09,940.48,20.83,20.83,M3->FP x M2,99.43,179.32,648.0,55.0,154.0,929.9,880.9
850,0.30,14.0,762.01,792.64,890.84,57.01,96.35,976.75,96.35,976.75,26.70,26.70,M3->FP x M2,99.43,179.32,648.0,55.0,154.0,929.9,939.3
850,0.30,15.0,824.83,859.48,960.45,64.91,99.91,1015.42,99.91,1015.42,32.63,32.63,M3->FP x M2,99.43,179.32,648.0,55.0,154.0,929.9,998.4
850,0.30,16.0,887.39,926.07,1029.76,72.32,103.75,1056.33,103.75,1056.33,38.62,38.62,M3->FP x M2,99.43,179.32,648.0,55.0,154.0,929.9,1057.9
850,0.30,17.0,949.68,992.37,1098.76,79.27,107.85,1099.37,107.64,1099.37,44.66,44.66,M3->FP x M2,99.43,179.32,648.0,55.0,154.0,929.9,1118.1
850,0.30,18.0,1011.68,1058.37,1167.43,85.77,112.19,1144.42,111.26,1144.42,50.77,50.77,M3->FP x M2,99.43,179.32,648.0,55.0,154.0,929.9,1178.9
850,0.30,19.0,1073.38,1124.05,1235.74,91.84,116.77,1189.33,114.65,1191.39,56.95,56.95,M3->FP x M2,99.43,179.32,648.0,55.0,154.0,929.9,1240.5
850,0.30,20.0,1134.74,1189.39,1303.67,97.53,121.57,1230.65,117.82,1240.19,63.20,63.20,M3->FP x M2,99.43,179.32,648.0,55.0,154.0,929.9,1302.7
850,0.35,2.0,-22.67,-46.62,27.98,-67.71,96.19,733.91,96.19,733.91,-36.89,-67.71,M1->M2 x M3,116.09,212.28,581.6,64.2,172.3,946.2,254.3
850,0.35,3.0,34.61,14.45,92.65,-67.52,96.19,733.91,96.19,733.91,-36.86,-67.52,M1->M2 x M3,116.09,212.28,581.6,64.2,172.3,946.2,302.5
850,0.35,4.0,91.87,75.50,157.29,-63.39,96.19,734.22,96.19,734.22,-36.85,-63.39,M1->M2 x M3,116.09,212.28,581.6,64.2,172.3,946.2,350.9
850,0.35,5.0,149.09,136.52,221.89,-51.74,96.19,737.22,96.19,737.22,-35.55,-51.74,M1->M2 x M3,116.09,212.28,581.6,64.2,172.3,946.2,399.4
850,0.35,6.0,206.27,197.49,286.42,-40.06,96.20,743.40,96.20,743.40,-29.73,-40.06,M1->M2 x M3,116.09,212.28,581.6,64.2,172.3,946.2,448.1
850,0.35,7.0,263.39,258.41,350.86,-28.34,96.49,752.71,96.49,752.71,-23.88,-28.34,M1->M2 x M3,116.09,212.28,581.6,64.2,172.3,946.2,496.9
850,0.35,8.0,320.43,319.25,415.19,-16.57,97.12,765.09,97.12,765.09,-18.01,-18.01,M3->FP x M2,116.09,212.28,581.6,64.2,172.3,946.2,545.9
850,0.35,9.0,377.37,379.99,479.40,-4.74,98.11,780.42,98.11,780.42,-12.11,-12.11,M3->FP x M2,116.09,212.28,581.6,64.2,172.3,946.2,595.2
850,0.35,10.0,434.20,440.62,543.46,6.58,99.44,798.61,99.44,798.61,-6.18,-6.18,M3->FP x M2,116.09,212.28,581.6,64.2,172.3,946.2,644.8
850,0.35,11.0,490.89,501.11,607.35,17.25,101.11,819.51,101.11,819.51,-0.22,-0.22,M3->FP x M2,116.09,212.28,581.6,64.2,172.3,946.2,694.7
850,0.35,12.0,547.43,561.45,671.06,27.54,103.12,843.01,103.12,843.01,5.58,5.58,M3->FP x M2,116.09,212.28,581.6,64.2,172.3,946.2,744.9
850,0.35,13.0,603.81,621.62,734.57,37.42,105.44,868.96,105.44,868.96,11.41,11.41,M3->FP x M2,116.09,212.28,581.6,64.2,172.3,946.2,795.5
850,0.35,14.0,660.00,681.60,797.85,46.89,108.08,897.24,108.08,897.24,17.29,17.29,M3->FP x M2,116.09,212.28,581.6,64.2,172.3,946.2,846.5
850,0.35,15.0,715.99,741.37,860.89,55.92,111.01,927.72,111.01,927.72,23.22,23.22,M3->FP x M2,116.09,212.28,581.6,64.2,172.3,946.2,898.0
850,0.35,16.0,771.77,800.91,923.66,64.52,114.23,960.29,114.23,960.29,29.21,29.21,M3->FP x M2,116.09,212.28,581.6,64.2,172.3,946.2,950.0
850,0.35,17.0,827.31,860.21,986.16,72.70,117.72,994.83,117.72,994.83,35.25,35.25,M3->FP x M2,116.09,212.28,581.6,64.2,172.3,946.2,1002.4
850,0.35,18.0,882.59,919.25,1048.35,80.46,121.47,1031.27,121.47,1031.27,41.36,41.36,M3->FP x M2,116.09,212.28,581.6,64.2,172.3,946.2,1055.5
850,0.35,19.0,937.61,978.01,1110.23,87.81,125.48,1069.52,125.47,1069.52,47.54,47.54,M3->FP x M2,116.09,212.28,581.6,64.2,172.3,946.2,1109.2
850,0.35,20.0,992.34,1036.47,1171.76,94.76,129.73,1109.51,129.39,1109.51,53.80,53.80,M3->FP x M2,116.09,212.28,581.6,64.2,172.3,946.2,1163.5
850,0.40,2.0,-37.74,-67.68,18.73,-78.51,113.08,717.22,113.08,717.22,-42.02,-78.51,M1->M2 x M3,132.78,245.86,531.8,73.3,191.0,963.1,252.2
850,0.40,3.0,14.25,-12.19,78.40,-78.52,113.08,717.22,113.08,717.22,-42.10,-78.52,M1->M2 x M3,132.78,245.86,531.8,73.3,191.0,963.1,295.2
850,0.40,4.0,66.22,43.31,138.05,-78.25,113.08,717.22,113.08,717.22,-41.89,-78.25,M1->M2 x M3,132.78,245.86,531.8,73.3,191.0,963.1,338.2
850,0.40,5.0,118.17,98.77,197.65,-67.46,113.08,718.06,113.08,718.06,-42.15,-67.46,M1->M2 x M3,132.78,245.86,531.8,73.3,191.0,963.1,381.4
850,0.40,6.0,170.09,154.21,257.20,-55.77,113.08,721.45,113.08,721.45,-39.67,-55.77,M1->M2 x M3,132.78,245.86,531.8,73.3,191.0,963.1,424.7
850,0.40,7.0,221.95,209.59,316.66,-44.04,113.12,727.43,113.12,727.43,-33.83,-44.04,M1->M2 x M3,132.78,245.86,531.8,73.3,191.0,963.1,468.2
850,0.40,8.0,273.75,264.92,376.03,-32.26,113.42,735.96,113.42,735.96,-27.96,-32.26,M1->M2 x M3,132.78,245.86,531.8,73.3,191.0,963.1,511.8
850,0.40,9.0,325.46,320.16,435.29,-20.43,114.03,747.01,114.03,747.01,-22.06,-22.06,M3->FP x M2,132.78,245.86,531.8,73.3,191.0,963.1,555.7
850,0.40,10.0,377.07,375.31,494.41,-8.52,114.95,760.50,114.95,760.50,-16.12,-16.12,M3->FP x M2,132.78,245.86,531.8,73.3,191.0,963.1,599.8
850,0.40,11.0,428.57,430.34,553.39,3.19,116.16,776.36,116.16,776.36,-10.16,-10.16,M3->FP x M2,132.78,245.86,531.8,73.3,191.0,963.1,644.2
850,0.40,12.0,479.94,485.24,612.19,14.09,117.68,794.50,117.68,794.50,-4.15,-4.15,M3->FP x M2,132.78,245.86,531.8,73.3,191.0,963.1,688.9
850,0.40,13.0,531.16,539.99,670.81,24.67,119.49,814.85,119.49,814.85,1.84,1.84,M3->FP x M2,132.78,245.86,531.8,73.3,191.0,963.1,734.0
850,0.40,14.0,582.22,594.58,729.22,34.93,121.59,837.30,121.59,837.30,7.72,7.72,M3->FP x M2,132.78,245.86,531.8,73.3,191.0,963.1,779.4
850,0.40,15.0,633.10,648.99,787.41,44.83,123.98,861.76,123.98,861.76,13.65,13.65,M3->FP x M2,132.78,245.86,531.8,73.3,191.0,963.1,825.2
850,0.40,16.0,683.79,703.19,845.36,54.37,126.64,888.16,126.64,888.16,19.64,19.64,M3->FP x M2,132.78,245.86,531.8,73.3,191.0,963.1,871.4
850,0.40,17.0,734.27,757.19,903.06,63.53,129.58,916.40,129.58,916.40,25.69,25.69,M3->FP x M2,132.78,245.86,531.8,73.3,191.0,963.1,918.2
850,0.40,18.0,784.52,810.95,960.48,72.33,132.78,946.42,132.78,946.42,31.80,31.80,M3->FP x M2,132.78,245.86,531.8,73.3,191.0,963.1,965.4
850,0.40,19.0,834.54,864.47,1017.60,80.76,136.24,978.14,136.24,978.14,37.98,37.98,M3->FP x M2,132.78,245.86,531.8,73.3,191.0,963.1,1013.2
850,0.40,20.0,884.31,917.73,1074.42,88.82,139.96,1011.51,139.96,1011.51,44.24,44.24,M3->FP x M2,132.78,245.86,531.8,73.3,191.0,963.1,1061.5
850,0.45,2.0,-46.06,-86.74,11.67,-89.32,130.47,700.50,130.47,700.50,-47.26,-89.32,M1->M2 x M3,149.50,279.97,493.1,82.5,210.0,980.5,252.8
850,0.45,3.0,-2.75,-35.66,67.52,-89.18,130.47,700.50,130.47,700.50,-47.34,-89.18,M1->M2 x M3,149.50,279.97,493.1,82.5,210.0,980.5,291.7
850,0.45,4.0,45.11,15.48,123.36,-89.16,130.47,700.50,130.47,700.50,-47.03,-89.16,M1->M2 x M3,149.50,279.97,493.1,82.5,210.0,980.5,330.6
850,0.45,5.0,92.96,66.56,179.16,-83.17,130.47,700.52,130.47,700.52,-47.41,-83.17,M1->M2 x M3,149.50,279.97,493.1,82.5,210.0,980.5,369.6
850,0.45,6.0,140.78,117.62,234.90,-71.48,130.47,701.90,130.47,701.90,-47.07,-71.48,M1->M2 x M3,149.50,279.97,493.1,82.5,210.0,980.5,408.8
850,0.45,7.0,188.56,168.65,290.58,-59.73,130.47,705.47,130.47,705.47,-43.91,-59.73,M1->M2 x M3,149.50,279.97,493.1,82.5,210.0,980.5,448.1
850,0.45,8.0,236.28,219.63,346.16,-47.94,130.54,711.22,130.54,711.22,-38.04,-47.94,M1->M2 x M3,149.50,279.97,493.1,82.5,210.0,980.5,487.5
850,0.45,9.0,283.92,270.54,401.64,-36.10,130.86,719.13,130.86,719.13,-32.14,-36.10,M1->M2 x M3,149.50,279.97,493.1,82.5,210.0,980.5,527.2
850,0.45,10.0,331.49,321.37,457.00,-24.19,131.46,729.17,131.46,729.17,-26.20,-26.20,M3->FP x M2,149.50,279.97,493.1,82.5,210.0,980.5,567.1
850,0.45,11.0,378.95,372.09,512.21,-12.20,132.31,741.29,132.31,741.29,-20.23,-20.23,M3->FP x M2,149.50,279.97,493.1,82.5,210.0,980.5,607.2
850,0.45,12.0,426.29,422.71,567.28,-0.14,133.44,755.45,133.44,755.45,-14.22,-14.22,M3->FP x M2,149.50,279.97,493.1,82.5,210.0,980.5,647.6
850,0.45,13.0,473.51,473.20,622.16,10.97,134.84,771.58,134.84,771.58,-8.17,-8.17,M3->FP x M2,149.50,279.97,493.1,82.5,210.0,980.5,688.4
850,0.45,14.0,520.58,523.54,676.86,21.80,136.50,789.62,136.50,789.62,-2.06,-2.06,M3->FP x M2,149.50,279.97,493.1,82.5,210.0,980.5,729.4
850,0.45,15.0,567.49,573.72,731.36,32.36,138.43,809.52,138.43,809.52,3.95,3.95,M3->FP x M2,149.50,279.97,493.1,82.5,210.0,980.5,770.8
850,0.45,16.0,614.23,623.73,785.63,42.62,140.62,831.19,140.62,831.19,9.94,9.94,M3->FP x M2,149.50,279.97,493.1,82.5,210.0,980.5,812.6
850,0.45,17.0,660.78,673.55,839.66,52.58,143.07,854.59,143.07,854.59,15.99,15.99,M3->FP x M2,149.50,279.97,493.1,82.5,210.0,980.5,854.9
850,0.45,18.0,707.13,723.17,893.43,62.22,145.78,879.66,145.78,879.66,22.10,22.10,M3->FP x M2,149.50,279.97,493.1,82.5,210.0,980.5,897.6
850,0.45,19.0,753.27,772.56,946.94,71.53,148.74,906.34,148.74,906.34,28.29,28.29,M3->FP x M2,149.50,279.97,493.1,82.5,210.0,980.5,940.7
850,0.45,20.0,799.17,821.72,1000.15,80.53,151.95,934.57,151.95,934.57,34.55,34.55,M3->FP x M2,149.50,279.97,493.1,82.5,210.0,980.5,984.4
850,0.50,2.0,-52.57,-99.82,6.14,-100.17,148.27,683.75,148.27,683.75,-52.63,-100.17,M1->M2 x M3,166.25,314.52,462.1,91.7,229.3,998.3,255.3
850,0.50,3.0,-17.43,-56.92,59.02,-100.37,148.27,683.75,148.27,683.75,-52.70,-100.37,M1->M2 x M3,166.25,314.52,462.1,91.7,229.3,998.3,290.9
850,0.50,4.0,27.17,-9.34,111.87,-100.40,148.27,683.75,148.27,683.75,-52.34,-100.40,M1->M2 x M3,166.25,314.52,462.1,91.7,229.3,998.3,326.5
850,0.50,5.0,71.74,38.20,164.69,-98.84,148.27,683.75,148.27,683.75,-52.56,-98.84,M1->M2 x M3,166.25,314.52,462.1,91.7,229.3,998.3,362.2
850,0.50,6.0,116.28,85.71,217.47,-87.13,148.27,683.92,148.27,683.92,-52.51,-87.13,M1->M2 x M3,166.25,314.52,462.1,91.7,229.3,998.3,398.0
850,0.50,7.0,160.80,133.20,270.17,-75.38,148.27,685.68,148.27,685.68,-52.35,-75.38,M1->M2 x M3,166.25,314.52,462.1,91.7,229.3,998.3,434.0
850,0.50,8.0,205.26,180.65,322.79,-63.58,148.27,689.32,148.27,689.32,-48.23,-63.58,M1->M2 x M3,166.25,314.52,462.1,91.7,229.3,998.3,470.1
850,0.50,9.0,249.66,228.04,375.32,-51.73,148.37,694.85,148.37,694.85,-42.33,-51.73,M1->M2 x M3,166.25,314.52,462.1,91.7,229.3,998.3,506.4
850,0.50,10.0,293.98,275.36,427.73,-39.81,148.71,702.25,148.71,702.25,-36.39,-39.81,M1->M2 x M3,166.25,314.52,462.1,91.7,229.3,998.3,542.9
850,0.50,11.0,338.21,322.60,480.01,-27.81,149.29,711.50,149.29,711.50,-30.42,-30.42,M3->FP x M2,166.25,314.52,462.1,91.7,229.3,998.3,579.6
850,0.50,12.0,382.34,369.74,532.14,-15.74,150.11,722.58,150.11,722.58,-24.41,-24.41,M3->FP x M2,166.25,314.52,462.1,91.7,229.3,998.3,616.6
850,0.50,13.0,426.36,416.77,584.11,-3.57,151.16,735.44,151.16,735.44,-18.35,-18.35,M3->FP x M2,166.25,314.52,462.1,91.7,229.3,998.3,653.9
850,0.50,14.0,470.24,463.67,635.91,7.95,152.47,750.05,152.47,750.05,-12.24,-12.24,M3->FP x M2,166.25,314.52,462.1,91.7,229.3,998.3,691.4
850,0.50,15.0,513.99,510.43,687.51,19.01,154.01,766.37,154.01,766.37,-6.08,-6.08,M3->FP x M2,166.25,314.52,462.1,91.7,229.3,998.3,729.3
850,0.50,16.0,557.57,557.03,738.90,29.83,155.80,784.33,155.80,784.33,0.13,0.13,M3->FP x M2,166.25,314.52,462.1,91.7,229.3,998.3,767.6
850,0.50,17.0,600.98,603.46,790.06,40.40,157.84,803.91,157.84,803.91,6.18,6.18,M3->FP x M2,166.25,314.52,462.1,91.7,229.3,998.3,806.3
850,0.50,18.0,644.22,649.71,840.99,50.71,160.11,825.06,160.11,825.06,12.30,12.30,M3->FP x M2,166.25,314.52,462.1,91.7,229.3,998.3,845.3
850,0.50,19.0,687.25,695.76,891.66,60.75,162.63,847.72,162.63,847.72,18.48,18.48,M3->FP x M2,166.25,314.52,462.1,91.7,229.3,998.3,884.8
850,0.50,20.0,730.08,741.60,942.06,70.51,165.40,871.87,165.40,871.87,24.75,24.75,M3->FP x M2,166.25,314.52,462.1,91.7,229.3,998.3,924.8
850,0.55,2.0,-57.44,-111.32,1.74,-111.22,166.38,666.97,166.38,666.97,-57.96,-111.32,in->M1 x M3,183.03,349.40,436.8,100.8,248.7,1016.4,259.2
850,0.55,3.0,-30.39,-76.57,52.23,-111.44,166.38,666.97,166.38,666.97,-57.73,-111.44,M1->M2 x M3,183.03,349.40,436.8,100.8,248.7,1016.4,292.1
850,0.55,4.0,11.53,-32.00,102.71,-111.59,166.38,666.97,166.38,666.97,-57.92,-111.59,M1->M2 x M3,183.03,349.40,436.8,100.8,248.7,1016.4,325.0
850,0.55,5.0,53.42,12.64,153.16,-111.48,166.38,666.97,166.38,666.97,-57.80,-111.48,M1->M2 x M3,183.03,349.40,436.8,100.8,248.7,1016.4,358.0
850,0.55,6.0,95.29,57.20,203.56,-102.72,166.38,666.97,166.38,666.97,-57.82,-102.72,M1->M2 x M3,183.03,349.40,436.8,100.8,248.7,1016.4,391.1
850,0.55,7.0,137.13,101.74,253.90,-90.96,166.38,667.37,166.38,667.37,-57.95,-90.96,M1->M2 x M3,183.03,349.40,436.8,100.8,248.7,1016.4,424.3
850,0.55,8.0,178.93,146.25,304.16,-79.15,166.38,669.36,166.38,669.36,-57.63,-79.15,M1->M2 x M3,183.03,349.40,436.8,100.8,248.7,1016.4,457.7
850,0.55,9.0,220.67,190.71,354.33,-67.29,166.38,673.01,166.38,673.01,-52.61,-67.29,M1->M2 x M3,183.03,349.40,436.8,100.8,248.7,1016.4,491.2
850,0.55,10.0,262.35,235.12,404.39,-55.35,166.52,678.34,166.52,678.34,-46.67,-55.35,M1->M2 x M3,183.03,349.40,436.8,100.8,248.7,1016.4,525.0
850,0.55,11.0,303.95,279.46,454.33,-43.35,166.87,685.32,166.87,685.32,-40.69,-43.35,M1->M2 x M3,183.03,349.40,436.8,100.8,248.7,1016.4,558.9
850,0.55,12.0,345.45,323.71,504.12,-31.27,167.44,693.95,167.44,693.95,-34.68,-34.68,M3->FP x M2,183.03,349.40,436.8,100.8,248.7,1016.4,593.1
850,0.55,13.0,386.85,367.86,553.77,-19.09,168.22,704.21,168.22,704.21,-28.62,-28.62,M3->FP x M2,183.03,349.40,436.8,100.8,248.7,1016.4,627.5
850,0.55,14.0,428.13,411.90,603.25,-6.82,169.23,716.08,169.23,716.08,-22.51,-22.51,M3->FP x M2,183.03,349.40,436.8,100.8,248.7,1016.4,662.2
850,0.55,15.0,469.28,455.82,652.54,5.10,170.46,729.51,170.46,729.51,-16.35,-16.35,M3->FP x M2,183.03,349.40,436.8,100.8,248.7,1016.4,697.3
850,0.55,16.0,510.29,499.59,701.63,16.35,171.91,744.49,171.91,744.49,-10.13,-10.13,M3->FP x M2,183.03,349.40,436.8,100.8,248.7,1016.4,732.6
850,0.55,17.0,551.14,543.22,750.52,27.40,173.59,760.98,173.59,760.98,-3.85,-3.85,M3->FP x M2,183.03,349.40,436.8,100.8,248.7,1016.4,768.3
850,0.55,18.0,591.83,586.68,799.17,38.25,175.50,778.94,175.50,778.94,2.41,2.41,M3->FP x M2,183.03,349.40,436.8,100.8,248.7,1016.4,804.4
850,0.55,19.0,632.33,629.95,847.58,48.87,177.64,798.35,177.64,798.35,8.60,8.60,M3->FP x M2,183.03,349.40,436.8,100.8,248.7,1016.4,841.0
850,0.55,20.0,672.64,673.04,895.73,59.27,180.01,819.17,180.01,819.17,14.86,14.86,M3->FP x M2,183.03,349.40,436.8,100.8,248.7,1016.4,877.9
850,0.60,2.0,-63.13,-122.44,0.10,-122.72,184.70,650.17,184.70,650.17,-62.87,-122.72,M1->M2 x M3,199.83,384.53,415.7,110.0,268.3,1034.7,264.2
850,0.60,3.0,-42.08,-95.03,46.74,-122.75,184.70,650.17,184.70,650.17,-62.96,-122.75,M1->M2 x M3,199.83,384.53,415.7,110.0,268.3,1034.7,294.8
850,0.60,4.0,-2.38,-53.00,95.29,-122.58,184.70,650.17,184.70,650.17,-63.16,-122.58,M1->M2 x M3,199.83,384.53,415.7,110.0,268.3,1034.7,325.4
850,0.60,5.0,37.28,-10.87,143.82,-122.70,184.70,650.17,184.70,650.17,-63.16,-122.70,M1->M2 x M3,199.83,384.53,415.7,110.0,268.3,1034.7,356.2
850,0.60,6.0,76.92,31.22,192.30,-118.21,184.70,650.17,184.70,650.17,-63.05,-118.21,M1->M2 x M3,199.83,384.53,415.7,110.0,268.3,1034.7,387.0
850,0.60,7.0,116.54,73.26,240.72,-106.44,184.70,650.17,184.70,650.17,-62.91,-106.44,M1->M2 x M3,199.83,384.53,415.7,110.0,268.3,1034.7,418.0
850,0.60,8.0,156.12,115.28,289.07,-94.62,184.70,650.81,184.70,650.81,-62.84,-94.62,M1->M2 x M3,199.83,384.53,415.7,110.0,268.3,1034.7,449.1
850,0.60,9.0,195.65,157.27,337.33,-82.74,184.70,652.95,184.70,652.95,-62.94,-82.74,M1->M2 x M3,199.83,384.53,415.7,110.0,268.3,1034.7,480.3
850,0.60,10.0,235.12,199.21,385.49,-70.80,184.71,656.58,184.71,656.58,-57.00,-70.80,M1->M2 x M3,199.83,384.53,415.7,110.0,268.3,1034.7,511.7
850,0.60,11.0,274.53,241.08,433.53,-58.79,184.88,661.72,184.88,661.72,-51.02,-58.79,M1->M2 x M3,199.83,384.53,415.7,110.0,268.3,1034.7,543.3
850,0.60,12.0,313.85,282.89,481.44,-46.69,185.25,668.36,185.25,668.36,-45.01,-46.69,M1->M2 x M3,199.83,384.53,415.7,110.0,268.3,1034.7,575.2
850,0.60,13.0,353.07,324.60,529.20,-34.51,185.81,676.50,185.81,676.50,-38.94,-38.94,M3->FP x M2,199.83,384.53,415.7,110.0,268.3,1034.7,607.3
850,0.60,14.0,392.18,366.22,576.80,-22.23,186.57,686.11,186.57,686.11,-32.83,-32.83,M3->FP x M2,199.83,384.53,415.7,110.0,268.3,1034.7,639.6
850,0.60,15.0,431.18,407.73,624.23,-9.84,187.53,697.19,187.53,697.19,-26.67,-26.67,M3->FP x M2,199.83,384.53,415.7,110.0,268.3,1034.7,672.2
850,0.60,16.0,470.04,449.11,671.46,2.45,188.71,709.70,188.71,709.70,-20.45,-20.45,M3->FP x M2,199.83,384.53,415.7,110.0,268.3,1034.7,705.2
850,0.60,17.0,508.77,490.36,718.49,13.88,190.09,723.64,190.09,723.64,-14.16,-14.16,M3->FP x M2,199.83,384.53,415.7,110.0,268.3,1034.7,738.4
850,0.60,18.0,547.33,531.45,765.31,25.15,191.68,738.97,191.68,738.97,-7.81,-7.81,M3->FP x M2,199.83,384.53,415.7,110.0,268.3,1034.7,772.1
850,0.60,19.0,585.73,572.39,811.89,36.25,193.49,755.67,193.49,755.67,-1.39,-1.39,M3->FP x M2,199.83,384.53,415.7,110.0,268.3,1034.7,806.1
850,0.60,20.0,623.95,613.15,858.22,47.16,195.51,773.72,195.51,773.72,4.93,4.93,M3->FP x M2,199.83,384.53,415.7,110.0,268.3,1034.7,840.5
850,0.65,2.0,-67.58,-133.98,0.17,-133.67,203.14,633.33,203.14,633.33,-68.23,-133.98,in->M1 x M3,216.67,419.80,397.8,119.2,287.9,1053.1,269.9
850,0.65,3.0,-52.77,-112.55,42.24,-133.92,203.13,633.33,203.13,633.33,-68.10,-133.92,M1->M2 x M3,216.67,419.80,397.8,119.2,287.9,1053.1,298.6
850,0.65,4.0,-14.98,-72.71,89.21,-134.04,203.13,633.33,203.13,633.33,-68.27,-134.04,M1->M2 x M3,216.67,419.80,397.8,119.2,287.9,1053.1,327.3
850,0.65,5.0,22.81,-32.79,136.16,-133.95,203.13,633.33,203.13,633.33,-68.45,-133.95,M1->M2 x M3,216.67,419.80,397.8,119.2,287.9,1053.1,356.2
850,0.65,6.0,60.57,7.22,183.07,-133.56,203.13,633.33,203.13,633.33,-68.40,-133.56,M1->M2 x M3,216.67,419.80,397.8,119.2,287.9,1053.1,385.1
850,0.65,7.0,98.30,47.10,229.92,-121.78,203.13,633.33,203.13,633.33,-68.18,-121.78,M1->M2 x M3,216.67,419.80,397.8,119.2,287.9,1053.1,414.1
850,0.65,8.0,136.01,86.98,276.71,-109.95,203.14,633.34,203.14,633.34,-68.05,-109.95,M1->M2 x M3,216.67,419.80,397.8,119.2,287.9,1053.1,443.3
850,0.65,9.0,173.68,126.82,323.40,-98.06,203.14,634.22,203.14,634.22,-68.33,-98.06,M1->M2 x M3,216.67,419.80,397.8,119.2,287.9,1053.1,472.6
850,0.65,10.0,211.29,166.63,370.00,-86.11,203.14,636.45,203.14,636.45,-67.37,-86.11,M1->M2 x M3,216.67,419.80,397.8,119.2,287.9,1053.1,502.1
850,0.65,11.0,248.84,206.39,416.49,-74.09,203.17,640.05,203.17,640.05,-61.39,-74.09,M1->M2 x M3,216.67,419.80,397.8,119.2,287.9,1053.1,531.7
850,0.65,12.0,286.31,246.08,462.85,-61.98,203.36,645.03,203.36,645.03,-55.37,-61.98,M1->M2 x M3,216.67,419.80,397.8,119.2,287.9,1053.1,561.6
850,0.65,13.0,323.69,285.70,509.07,-49.79,203.74,651.39,203.74,651.39,-49.30,-49.79,M1->M2 x M3,216.67,419.80,397.8,119.2,287.9,1053.1,591.7
850,0.65,14.0,360.98,325.23,555.13,-37.50,204.30,659.12,204.30,659.12,-43.19,-43.19,M3->FP x M2,216.67,419.80,397.8,119.2,287.9,1053.1,622.0
850,0.65,15.0,398.16,364.66,601.03,-25.10,205.04,668.22,205.04,668.22,-37.02,-37.02,M3->FP x M2,216.67,419.80,397.8,119.2,287.9,1053.1,652.6
850,0.65,16.0,435.21,403.99,646.74,-12.59,205.98,678.67,205.98,678.67,-30.80,-30.80,M3->FP x M2,216.67,419.80,397.8,119.2,287.9,1053.1,683.5
850,0.65,17.0,472.13,443.18,692.25,0.05,207.11,690.45,207.11,690.45,-24.51,-24.51,M3->FP x M2,216.67,419.80,397.8,119.2,287.9,1053.1,714.7
850,0.65,18.0,508.91,482.25,737.55,11.66,208.43,703.57,208.43,703.57,-18.16,-18.16,M3->FP x M2,216.67,419.80,397.8,119.2,287.9,1053.1,746.2
850,0.65,19.0,545.54,521.16,782.63,23.14,209.95,717.98,209.95,717.98,-11.73,-11.73,M3->FP x M2,216.67,419.80,397.8,119.2,287.9,1053.1,778.1
850,0.65,20.0,581.99,559.92,827.47,34.47,211.68,733.69,211.68,733.69,-5.23,-5.23,M3->FP x M2,216.67,419.80,397.8,119.2,287.9,1053.1,810.4
850,0.70,2.0,-73.37,-144.23,0.32,-145.35,221.59,616.47,221.59,616.47,-73.65,-145.35,M1->M2 x M3,233.53,455.13,382.5,128.3,307.6,1071.6,276.2
850,0.70,3.0,-62.69,-129.31,38.51,-145.37,221.59,616.47,221.59,616.47,-73.58,-145.37,M1->M2 x M3,233.53,455.13,382.5,128.3,307.6,1071.6,303.3
850,0.70,4.0,-26.54,-91.40,84.18,-145.35,221.59,616.47,221.59,616.47,-73.24,-145.35,M1->M2 x M3,233.53,455.13,382.5,128.3,307.6,1071.6,330.4
850,0.70,5.0,9.66,-53.40,129.83,-145.27,221.59,616.47,221.59,616.47,-73.34,-145.27,M1->M2 x M3,233.53,455.13,382.5,128.3,307.6,1071.6,357.6
850,0.70,6.0,45.80,-15.30,175.43,-145.21,221.59,616.47,221.59,616.47,-73.65,-145.21,M1->M2 x M3,233.53,455.13,382.5,128.3,307.6,1071.6,384.9
850,0.70,7.0,81.93,22.78,220.98,-136.96,221.59,616.47,221.59,616.47,-73.64,-136.96,M1->M2 x M3,233.53,455.13,382.5,128.3,307.6,1071.6,412.3
850,0.70,8.0,118.03,60.78,266.47,-125.12,221.59,616.47,221.59,616.47,-73.37,-125.12,M1->M2 x M3,233.53,455.13,382.5,128.3,307.6,1071.6,439.8
850,0.70,9.0,154.10,98.75,311.87,-113.22,221.59,616.54,221.59,616.54,-73.57,-113.22,M1->M2 x M3,233.53,455.13,382.5,128.3,307.6,1071.6,467.4
850,0.70,10.0,190.12,136.70,357.18,-101.26,221.59,617.57,221.59,617.57,-73.77,-101.26,M1->M2 x M3,233.53,455.13,382.5,128.3,307.6,1071.6,495.2
850,0.70,11.0,226.08,174.60,402.38,-89.22,221.59,619.87,221.59,619.87,-71.76,-89.22,M1->M2 x M3,233.53,455.13,382.5,128.3,307.6,1071.6,523.2
850,0.70,12.0,261.97,212.45,447.46,-77.11,221.65,623.43,221.65,623.43,-65.73,-77.11,M1->M2 x M3,233.53,455.13,382.5,128.3,307.6,1071.6,551.3
850,0.70,13.0,297.78,250.24,492.40,-64.90,221.87,628.28,221.87,628.28,-59.67,-64.90,M1->M2 x M3,233.53,455.13,382.5,128.3,307.6,1071.6,579.7
850,0.70,14.0,333.50,287.95,537.19,-52.60,222.26,634.41,222.26,634.41,-53.55,-53.55,M3->FP x M2,233.53,455.13,382.5,128.3,307.6,1071.6,608.3
850,0.70,15.0,369.12,325.57,581.82,-40.20,222.82,641.81,222.82,641.81,-47.38,-47.38,M3->FP x M2,233.53,455.13,382.5,128.3,307.6,1071.6,637.2
850,0.70,16.0,404.63,363.09,626.27,-27.67,223.55,650.49,223.55,650.49,-41.15,-41.15,M3->FP x M2,233.53,455.13,382.5,128.3,307.6,1071.6,666.3
850,0.70,17.0,440.01,400.50,670.53,-15.02,224.46,660.45,224.46,660.45,-34.86,-34.86,M3->FP x M2,233.53,455.13,382.5,128.3,307.6,1071.6,695.8
850,0.70,18.0,475.26,437.79,714.58,-2.24,225.56,671.66,225.56,671.66,-28.51,-28.51,M3->FP x M2,233.53,455.13,382.5,128.3,307.6,1071.6,725.5
850,0.70,19.0,510.37,474.95,758.42,9.73,226.84,684.12,226.84,684.12,-22.08,-22.08,M3->FP x M2,233.53,455.13,382.5,128.3,307.6,1071.6,755.6
850,0.70,20.0,545.32,511.96,802.02,21.40,228.31,697.81,228.31,697.81,-15.58,-15.58,M3->FP x M2,233.53,455.13,382.5,128.3,307.6,1071.6,786.1
850,0.75,2.0,-78.96,-156.41,0.03,-156.45,239.98,599.58,239.98,599.58,-78.34,-156.45,M1->M2 x M3,250.42,490.40,369.2,137.5,327.2,1090.0,283.0
850,0.75,3.0,-71.99,-145.43,35.40,-156.51,239.98,599.58,239.98,599.58,-78.92,-156.51,M1->M2 x M3,250.42,490.40,369.2,137.5,327.2,1090.0,308.6
850,0.75,4.0,-37.26,-109.23,79.98,-156.29,239.98,599.58,239.98,599.58,-78.94,-156.29,M1->M2 x M3,250.42,490.40,369.2,137.5,327.2,1090.0,334.3
850,0.75,5.0,-2.44,-72.95,124.54,-156.62,239.98,599.58,239.98,599.58,-78.98,-156.62,M1->M2 x M3,250.42,490.40,369.2,137.5,327.2,1090.0,360.1
850,0.75,6.0,32.31,-36.56,169.06,-156.43,239.98,599.58,239.98,599.58,-78.39,-156.43,M1->M2 x M3,250.42,490.40,369.2,137.5,327.2,1090.0,386.0
850,0.75,7.0,67.04,-0.04,213.52,-151.94,239.98,599.58,239.98,599.58,-78.94,-151.94,M1->M2 x M3,250.42,490.40,369.2,137.5,327.2,1090.0,411.9
850,0.75,8.0,101.75,36.29,257.92,-140.09,239.98,599.58,239.98,599.58,-79.05,-140.09,M1->M2 x M3,250.42,490.40,369.2,137.5,327.2,1090.0,438.0
850,0.75,9.0,136.44,72.61,302.25,-128.18,239.98,599.58,239.98,599.58,-78.93,-128.18,M1->M2 x M3,250.42,490.40,369.2,137.5,327.2,1090.0,464.2
850,0.75,10.0,171.08,108.91,346.48,-116.21,239.98,599.72,239.98,599.72,-78.49,-116.21,M1->M2 x M3,250.42,490.40,369.2,137.5,327.2,1090.0,490.6
850,0.75,11.0,205.66,145.17,390.60,-104.16,239.98,600.88,239.98,600.88,-78.77,-104.16,M1->M2 x M3,250.42,490.40,369.2,137.5,327.2,1090.0,517.1
850,0.75,12.0,240.19,181.39,434.61,-92.04,239.98,603.22,239.98,603.22,-76.08,-92.04,M1->M2 x M3,250.42,490.40,369.2,137.5,327.2,1090.0,543.8
850,0.75,13.0,274.64,217.55,478.48,-79.82,240.06,606.75,240.06,606.75,-70.01,-79.82,M1->M2 x M3,250.42,490.40,369.2,137.5,327.2,1090.0,570.7
850,0.75,14.0,309.01,253.65,522.21,-67.51,240.31,611.49,240.31,611.49,-63.89,-67.51,M1->M2 x M3,250.42,490.40,369.2,137.5,327.2,1090.0,597.8
850,0.75,15.0,343.28,289.67,565.78,-55.09,240.71,617.43,240.71,617.43,-57.72,-57.72,M3->FP x M2,250.42,490.40,369.2,137.5,327.2,1090.0,625.2
850,0.75,16.0,377.45,325.61,609.18,-42.56,241.27,624.57,241.27,624.57,-51.49,-51.49,M3->FP x M2,250.42,490.40,369.2,137.5,327.2,1090.0,652.8
850,0.75,17.0,411.50,361.44,652.39,-29.90,241.99,632.93,241.99,632.93,-45.20,-45.20,M3->FP x M2,250.42,490.40,369.2,137.5,327.2,1090.0,680.7
850,0.75,18.0,445.43,397.16,695.40,-17.11,242.89,642.48,242.89,642.48,-38.84,-38.84,M3->FP x M2,250.42,490.40,369.2,137.5,327.2,1090.0,708.9
850,0.75,19.0,479.23,432.76,738.20,-4.17,243.96,653.24,243.96,653.24,-32.41,-32.41,M3->FP x M2,250.42,490.40,369.2,137.5,327.2,1090.0,737.4
850,0.75,20.0,512.87,468.24,780.78,8.12,245.21,665.18,245.21,665.18,-25.90,-25.90,M3->FP x M2,250.42,490.40,369.2,137.5,327.2,1090.0,766.3
850,0.80,2.0,-82.80,-167.78,0.00,-167.49,258.19,582.66,258.19,582.66,-84.30,-167.78,in->M1 x M3,267.34,525.53,357.6,146.7,346.8,1108.2,293.7
850,0.80,3.0,-80.79,-161.01,32.78,-167.57,258.19,582.66,258.19,582.66,-83.99,-167.57,M1->M2 x M3,267.34,525.53,357.6,146.7,346.8,1108.2,314.5
850,0.80,4.0,-47.30,-126.34,76.45,-167.72,258.19,582.66,258.19,582.66,-83.50,-167.72,M1->M2 x M3,267.34,525.53,357.6,146.7,346.8,1108.2,339.0
850,0.80,5.0,-13.72,-91.59,120.09,-167.85,258.19,582.66,258.19,582.66,-83.97,-167.85,M1->M2 x M3,267.34,525.53,357.6,146.7,346.8,1108.2,363.5
850,0.80,6.0,19.85,-56.74,163.69,-167.82,258.19,582.66,258.19,582.66,-84.25,-167.82,M1->M2 x M3,267.34,525.53,357.6,146.7,346.8,1108.2,388.1
850,0.80,7.0,53.36,-21.77,207.25,-166.69,258.19,582.66,258.19,582.66,-83.89,-166.69,M1->M2 x M3,267.34,525.53,357.6,146.7,346.8,1108.2,412.8
850,0.80,8.0,86.86,13.23,250.74,-154.83,258.19,582.66,258.19,582.66,-84.28,-154.83,M1->M2 x M3,267.34,525.53,357.6,146.7,346.8,1108.2,437.7
850,0.80,9.0,120.33,48.06,294.15,-142.91,258.19,582.66,258.19,582.66,-84.03,-142.91,M1->M2 x M3,267.34,525.53,357.6,146.7,346.8,1108.2,462.6
850,0.80,10.0,153.76,82.89,337.48,-130.93,258.19,582.66,258.19,582.66,-84.05,-130.93,M1->M2 x M3,267.34,525.53,357.6,146.7,346.8,1108.2,487.7
850,0.80,11.0,187.15,117.68,380.70,-118.88,258.19,582.89,258.19,582.89,-84.33,-118.88,M1->M2 x M3,267.34,525.53,357.6,146.7,346.8,1108.2,512.9
850,0.80,12.0,220.48,152.44,423.80,-106.74,258.19,584.15,258.19,584.15,-84.10,-106.74,M1->M2 x M3,267.34,525.53,357.6,146.7,346.8,1108.2,538.3
850,0.80,13.0,253.75,187.16,466.78,-94.52,258.19,586.52,258.19,586.52,-80.31,-94.52,M1->M2 x M3,267.34,525.53,357.6,146.7,346.8,1108.2,563.9
850,0.80,14.0,286.93,221.82,509.61,-82.19,258.31,590.03,258.31,590.03,-74.18,-82.19,M1->M2 x M3,267.34,525.53,357.6,146.7,346.8,1108.2,589.8
850,0.80,15.0,320.03,256.41,552.29,-69.77,258.57,594.67,258.57,594.67,-68.01,-69.77,M1->M2 x M3,267.34,525.53,357.6,146.7,346.8,1108.2,615.8
850,0.80,16.0,353.03,290.92,594.81,-57.22,258.99,600.46,258.99,600.46,-61.78,-61.78,M3->FP x M2,267.34,525.53,357.6,146.7,346.8,1108.2,642.1
850,0.80,17.0,385.93,325.34,637.14,-44.55,259.55,607.41,259.55,607.41,-55.48,-55.48,M3->FP x M2,267.34,525.53,357.6,146.7,346.8,1108.2,668.7
850,0.80,18.0,418.70,359.67,679.27,-31.75,260.28,615.50,260.28,615.50,-49.12,-49.12,M3->FP x M2,267.34,525.53,357.6,146.7,346.8,1108.2,695.5
850,0.80,19.0,451.35,393.88,721.20,-18.80,261.16,624.75,261.16,624.75,-42.69,-42.69,M3->FP x M2,267.34,525.53,357.6,146.7,346.8,1108.2,722.7
850,0.80,20.0,483.86,427.98,762.91,-5.69,262.22,635.14,262.22,635.14,-36.18,-36.18,M3->FP x M2,267.34,525.53,357.6,146.7,346.8,1108.2,750.1
850,0.85,2.0,-89.43,-178.19,0.32,-178.66,276.13,565.71,276.13,565.71,-89.51,-178.66,M1->M2 x M3,284.29,560.41,347.3,155.8,366.2,1126.1,313.1
850,0.85,3.0,-89.17,-176.09,30.57,-178.73,276.13,565.71,276.13,565.71,-88.71,-178.73,M1->M2 x M3,284.29,560.41,347.3,155.8,366.2,1126.1,320.8
850,0.85,4.0,-56.77,-142.81,73.46,-178.65,276.13,565.71,276.13,565.71,-89.39,-178.65,M1->M2 x M3,284.29,560.41,347.3,155.8,366.2,1126.1,344.2
850,0.85,5.0,-24.30,-109.46,116.32,-178.90,276.13,565.71,276.13,565.71,-88.86,-178.90,M1->M2 x M3,284.29,560.41,347.3,155.8,366.2,1126.1,367.6
850,0.85,6.0,8.23,-76.00,159.15,-178.85,276.13,565.71,276.13,565.71,-89.20,-178.85,M1->M2 x M3,284.29,560.41,347.3,155.8,366.2,1126.1,391.1
850,0.85,7.0,40.67,-42.42,201.93,-178.64,276.13,565.71,276.13,565.71,-89.09,-178.64,M1->M2 x M3,284.29,560.41,347.3,155.8,366.2,1126.1,414.7
850,0.85,8.0,73.10,-8.71,244.65,-169.31,276.13,565.71,276.13,565.71,-89.38,-169.31,M1->M2 x M3,284.29,560.41,347.3,155.8,366.2,1126.1,438.4
850,0.85,9.0,105.51,24.87,287.30,-157.39,276.13,565.71,276.13,565.71,-89.42,-157.39,M1->M2 x M3,284.29,560.41,347.3,155.8,366.2,1126.1,462.3
850,0.85,10.0,137.88,58.36,329.85,-145.39,276.13,565.71,276.13,565.71,-89.45,-145.39,M1->M2 x M3,284.29,560.41,347.3,155.8,366.2,1126.1,486.2
850,0.85,11.0,170.21,91.84,372.31,-133.33,276.13,565.71,276.13,565.71,-89.33,-133.33,M1->M2 x M3,284.29,560.41,347.3,155.8,366.2,1126.1,510.4
850,0.85,12.0,202.49,125.28,414.65,-121.18,276.13,566.03,276.13,566.03,-88.93,-121.18,M1->M2 x M3,284.29,560.41,347.3,155.8,366.2,1126.1,534.6
850,0.85,13.0,234.71,158.69,456.87,-108.95,276.13,567.37,276.13,567.37,-89.60,-108.95,M1->M2 x M3,284.29,560.41,347.3,155.8,366.2,1126.1,559.1
850,0.85,14.0,266.85,192.05,498.95,-96.62,276.15,569.78,276.15,569.78,-84.40,-96.62,M1->M2 x M3,284.29,560.41,347.3,155.8,366.2,1126.1,583.8
850,0.85,15.0,298.92,225.35,540.87,-84.18,276.29,573.26,276.29,573.26,-78.23,-84.18,M1->M2 x M3,284.29,560.41,347.3,155.8,366.2,1126.1,608.6
850,0.85,16.0,330.89,258.58,582.64,-71.62,276.58,577.84,276.58,577.84,-71.99,-71.99,M3->FP x M2,284.29,560.41,347.3,155.8,366.2,1126.1,633.8
850,0.85,17.0,362.77,291.73,624.22,-58.94,277.00,583.53,277.00,583.53,-65.69,-65.69,M3->FP x M2,284.29,560.41,347.3,155.8,366.2,1126.1,659.1
850,0.85,18.0,394.53,324.79,665.61,-46.13,277.58,590.32,277.58,590.32,-59.33,-59.33,M3->FP x M2,284.29,560.41,347.3,155.8,366.2,1126.1,684.8
850,0.85,19.0,426.17,357.76,706.80,-33.17,278.30,598.22,278.30,598.22,-52.89,-52.89,M3->FP x M2,284.29,560.41,347.3,155.8,366.2,1126.1,710.7
850,0.85,20.0,457.68,390.61,747.78,-20.05,279.18,607.23,279.18,607.23,-46.38,-46.38,M3->FP x M2,284.29,560.41,347.3,155.8,366.2,1126.1,737.0
850,0.90,2.0,-93.49,-189.93,0.19,-189.87,293.70,548.74,293.70,548.74,-94.64,-189.93,in->M1 x M3,301.26,594.96,338.2,165.0,385.4,1143.7,332.3
850,0.90,3.0,-92.63,-189.84,28.68,-189.96,293.70,548.74,293.70,548.74,-94.65,-189.96,M1->M2 x M3,301.26,594.96,338.2,165.0,385.4,1143.7,332.3
850,0.90,4.0,-65.78,-158.71,70.91,-189.71,293.70,548.74,293.70,548.74,-94.51,-189.71,M1->M2 x M3,301.26,594.96,338.2,165.0,385.4,1143.7,349.7
850,0.90,5.0,-34.28,-126.62,113.11,-189.74,293.70,548.74,293.70,548.74,-94.52,-189.74,M1->M2 x M3,301.26,594.96,338.2,165.0,385.4,1143.7,372.2
850,0.90,6.0,-2.69,-94.44,155.28,-190.05,293.70,548.74,293.70,548.74,-93.97,-190.05,M1->M2 x M3,301.26,594.96,338.2,165.0,385.4,1143.7,394.8
850,0.90,7.0,28.81,-62.14,197.40,-189.90,293.70,548.74,293.70,548.74,-94.86,-189.90,M1->M2 x M3,301.26,594.96,338.2,165.0,385.4,1143.7,417.4
850,0.90,8.0,60.29,-29.70,239.46,-183.50,293.70,548.74,293.70,548.74,-93.93,-183.50,M1->M2 x M3,301.26,594.96,338.2,165.0,385.4,1143.7,440.1
850,0.90,9.0,91.75,2.85,281.45,-171.57,293.70,548.74,293.70,548.74,-94.48,-171.57,M1->M2 x M3,301.26,594.96,338.2,165.0,385.4,1143.7,463.0
850,0.90,10.0,123.18,35.13,323.35,-159.57,293.70,548.74,293.70,548.74,-94.28,-159.57,M1->M2 x M3,301.26,594.96,338.2,165.0,385.4,1143.7,485.9
850,0.90,11.0,154.58,67.40,365.16,-147.49,293.70,548.74,293.70,548.74,-94.64,-147.49,M1->M2 x M3,301.26,594.96,338.2,165.0,385.4,1143.7,509.1
850,0.90,12.0,185.92,99.65,406.85,-135.34,293.70,548.74,293.70,548.74,-94.49,-135.34,M1->M2 x M3,301.26,594.96,338.2,165.0,385.4,1143.7,532.3
850,0.90,13.0,217.21,131.86,448.42,-123.09,293.70,549.15,293.70,549.15,-94.74,-123.09,M1->M2 x M3,301.26,594.96,338.2,165.0,385.4,1143.7,555.8
850,0.90,14.0,248.44,164.04,489.86,-110.75,293.70,550.56,293.70,550.56,-94.52,-110.75,M1->M2 x M3,301.26,594.96,338.2,165.0,385.4,1143.7,579.4
850,0.90,15.0,279.59,196.16,531.14,-98.30,293.74,553.00,293.74,553.00,-88.34,-98.30,M1->M2 x M3,301.26,594.96,338.2,165.0,385.4,1143.7,603.3
850,0.90,16.0,310.65,228.23,572.26,-85.74,293.91,556.48,293.91,556.48,-82.10,-85.74,M1->M2 x M3,301.26,594.96,338.2,165.0,385.4,1143.7,627.4
850,0.90,17.0,341.62,260.23,613.21,-73.04,294.22,561.02,294.22,561.02,-75.80,-75.80,M3->FP x M2,301.26,594.96,338.2,165.0,385.4,1143.7,651.7
850,0.90,18.0,372.48,292.14,653.97,-60.22,294.66,566.63,294.66,566.63,-69.44,-69.44,M3->FP x M2,301.26,594.96,338.2,165.0,385.4,1143.7,676.3
850,0.90,19.0,403.23,323.97,694.53,-47.25,295.24,573.31,295.24,573.31,-63.00,-63.00,M3->FP x M2,301.26,594.96,338.2,165.0,385.4,1143.7,701.1
850,0.90,20.0,433.86,355.70,734.88,-34.12,295.97,581.07,295.97,581.07,-56.48,-56.48,M3->FP x M2,301.26,594.96,338.2,165.0,385.4,1143.7,726.3
900,0.30,2.0,2.68,-15.82,47.55,-57.42,80.94,800.57,80.94,800.57,-31.58,-57.42,M1->M2 x M3,99.43,180.37,675.3,55.0,154.6,980.9,266.8
900,0.30,3.0,70.77,56.35,122.79,-57.48,80.94,800.64,80.94,800.64,-31.42,-57.48,M1->M2 x M3,99.43,180.37,675.3,55.0,154.6,980.9,325.1
900,0.30,4.0,138.85,128.49,198.00,-47.60,80.94,803.51,80.94,803.51,-31.39,-47.60,M1->M2 x M3,99.43,180.37,675.3,55.0,154.6,980.9,383.5
900,0.30,5.0,206.88,200.60,273.14,-35.96,80.94,810.61,80.94,810.61,-26.05,-35.96,M1->M2 x M3,99.43,180.37,675.3,55.0,154.6,980.9,442.0
900,0.30,6.0,274.86,272.64,348.20,-24.29,81.19,821.85,81.19,821.85,-20.23,-24.29,M1->M2 x M3,99.43,180.37,675.3,55.0,154.6,980.9,500.7
900,0.30,7.0,342.74,344.61,423.16,-12.58,81.85,837.13,81.85,837.13,-14.39,-14.39,M3->FP x M2,99.43,180.37,675.3,55.0,154.6,980.9,559.7
900,0.30,8.0,410.53,416.46,497.98,-0.82,82.92,856.27,82.92,856.27,-8.52,-8.52,M3->FP x M2,99.43,180.37,675.3,55.0,154.6,980.9,618.9
900,0.30,9.0,478.18,488.19,572.66,10.04,84.39,879.10,84.39,879.10,-2.63,-2.63,M3->FP x M2,99.43,180.37,675.3,55.0,154.6,980.9,678.4
900,0.30,10.0,545.70,559.77,647.15,20.41,86.25,905.41,86.25,905.41,3.18,3.18,M3->FP x M2,99.43,180.37,675.3,55.0,154.6,980.9,738.2
900,0.30,11.0,613.04,631.19,721.46,30.30,88.48,934.99,88.48,934.99,8.93,8.93,M3->FP x M2,99.43,180.37,675.3,55.0,154.6,980.9,798.4
900,0.30,12.0,680.20,702.40,795.54,39.70,91.07,967.62,91.07,967.62,14.72,14.72,M3->FP x M2,99.43,180.37,675.3,55.0,154.6,980.9,859.0
900,0.30,13.0,747.15,773.41,869.38,48.58,93.99,1003.11,93.99,1003.11,20.55,20.55,M3->FP x M2,99.43,180.37,675.3,55.0,154.6,980.9,920.1
900,0.30,14.0,813.88,844.18,942.96,56.96,97.22,1041.28,97.22,1041.28,26.42,26.42,M3->FP x M2,99.43,180.37,675.3,55.0,154.6,980.9,981.7
900,0.30,15.0,880.35,914.69,1016.24,64.84,100.75,1081.94,100.75,1081.94,32.35,32.35,M3->FP x M2,99.43,180.37,675.3,55.0,154.6,980.9,1043.8
900,0.30,16.0,946.56,984.92,1089.22,72.24,104.56,1124.95,104.56,1124.95,38.34,38.34,M3->FP x M2,99.43,180.37,675.3,55.0,154.6,980.9,1106.5
900,0.30,17.0,1012.48,1054.86,1161.87,79.16,108.63,1170.18,108.45,1170.18,44.38,44.38,M3->FP x M2,99.43,180.37,675.3,55.0,154.6,980.9,1169.8
900,0.30,18.0,1078.10,1124.47,1234.16,85.65,112.94,1217.51,112.08,1217.51,50.49,50.49,M3->FP x M2,99.43,180.37,675.3,55.0,154.6,980.9,1233.9
900,0.30,19.0,1143.38,1193.74,1306.08,91.71,117.49,1264.96,115.48,1266.85,56.67,56.67,M3->FP x M2,99.43,180.37,675.3,55.0,154.6,980.9,1298.6
900,0.30,20.0,1208.31,1262.64,1377.60,97.38,122.26,1308.70,118.65,1318.12,62.92,62.92,M3->FP x M2,99.43,180.37,675.3,55.0,154.6,980.9,1364.2
900,0.35,2.0,-16.44,-40.73,34.24,-67.97,97.24,783.91,97.24,783.91,-36.77,-67.97,M1->M2 x M3,116.09,213.34,605.1,64.2,172.9,997.2,259.9
900,0.35,3.0,44.20,23.71,102.29,-68.06,97.24,783.91,97.24,783.91,-36.67,-68.06,M1->M2 x M3,116.09,213.34,605.1,64.2,172.9,997.2,310.7
900,0.35,4.0,104.82,88.11,170.32,-63.27,97.24,784.51,97.24,784.51,-36.73,-63.27,M1->M2 x M3,116.09,213.34,605.1,64.2,172.9,997.2,361.6
900,0.35,5.0,165.40,152.49,238.28,-51.63,97.24,788.15,97.24,788.15,-35.84,-51.63,M1->M2 x M3,116.09,213.34,605.1,64.2,172.9,997.2,412.6
900,0.35,6.0,225.93,216.82,306.18,-39.95,97.26,795.07,97.26,795.07,-30.02,-39.95,M1->M2 x M3,116.09,213.34,605.1,64.2,172.9,997.2,463.7
900,0.35,7.0,286.39,281.08,373.98,-28.23,97.54,805.23,97.54,805.23,-24.17,-28.23,M1->M2 x M3,116.09,213.34,605.1,64.2,172.9,997.2,515.1
900,0.35,8.0,346.77,345.26,441.67,-16.46,98.16,818.54,98.16,818.54,-18.30,-18.30,M3->FP x M2,116.09,213.34,605.1,64.2,172.9,997.2,566.7
900,0.35,9.0,407.04,409.33,509.23,-4.63,99.14,834.91,99.14,834.91,-12.41,-12.41,M3->FP x M2,116.09,213.34,605.1,64.2,172.9,997.2,618.5
900,0.35,10.0,467.19,473.28,576.63,6.67,100.46,854.22,100.46,854.22,-6.48,-6.48,M3->FP x M2,116.09,213.34,605.1,64.2,172.9,997.2,670.7
900,0.35,11.0,527.19,537.08,643.85,17.33,102.12,876.34,102.12,876.34,-0.51,-0.51,M3->FP x M2,116.09,213.34,605.1,64.2,172.9,997.2,723.1
900,0.35,12.0,587.04,600.72,710.88,27.60,104.10,901.14,104.10,901.14,5.30,5.30,M3->FP x M2,116.09,213.34,605.1,64.2,172.9,997.2,776.0
900,0.35,13.0,646.70,664.18,777.69,37.46,106.40,928.48,106.40,928.48,11.13,11.13,M3->FP x M2,116.09,213.34,605.1,64.2,172.9,997.2,829.2
900,0.35,14.0,706.17,727.44,844.27,46.90,109.02,958.23,109.02,958.23,17.01,17.01,M3->FP x M2,116.09,213.34,605.1,64.2,172.9,997.2,882.8
900,0.35,15.0,765.42,790.47,910.58,55.91,111.92,990.26,111.92,990.26,22.94,22.94,M3->FP x M2,116.09,213.34,605.1,64.2,172.9,997.2,937.0
900,0.35,16.0,824.44,853.26,976.62,64.50,115.12,1024.47,115.12,1024.47,28.93,28.93,M3->FP x M2,116.09,213.34,605.1,64.2,172.9,997.2,991.6
900,0.35,17.0,883.21,915.79,1042.37,72.65,118.58,1060.73,118.58,1060.73,34.97,34.97,M3->FP x M2,116.09,213.34,605.1,64.2,172.9,997.2,1046.8
900,0.35,18.0,941.71,978.05,1107.79,80.39,122.31,1098.97,122.31,1098.97,41.08,41.08,M3->FP x M2,116.09,213.34,605.1,64.2,172.9,997.2,1102.6
900,0.35,19.0,999.92,1040.00,1172.88,87.72,126.29,1139.10,126.29,1139.10,47.26,47.26,M3->FP x M2,116.09,213.34,605.1,64.2,172.9,997.2,1159.1
900,0.35,20.0,1057.83,1101.64,1237.61,94.67,130.51,1181.04,130.21,1181.04,53.52,53.52,M3->FP x M2,116.09,213.34,605.1,64.2,172.9,997.2,1216.2
900,0.40,2.0,-32.09,-62.36,24.41,-78.79,114.11,767.21,114.11,767.21,-41.91,-78.79,M1->M2 x M3,132.79,246.89,552.3,73.3,191.6,1014.1,257.2
900,0.40,3.0,22.95,-3.80,87.15,-78.71,114.11,767.21,114.11,767.21,-42.08,-78.71,M1->M2 x M3,132.79,246.89,552.3,73.3,191.6,1014.1,302.3
900,0.40,4.0,77.97,54.73,149.87,-78.77,114.11,767.21,114.11,767.21,-42.09,-78.77,M1->M2 x M3,132.79,246.89,552.3,73.3,191.6,1014.1,347.6
900,0.40,5.0,132.97,113.24,212.53,-67.31,114.11,768.54,114.11,768.54,-41.88,-67.31,M1->M2 x M3,132.79,246.89,552.3,73.3,191.6,1014.1,393.0
900,0.40,6.0,187.93,171.72,275.14,-55.63,114.11,772.54,114.11,772.54,-39.96,-55.63,M1->M2 x M3,132.79,246.89,552.3,73.3,191.6,1014.1,438.5
900,0.40,7.0,242.82,230.14,337.66,-43.89,114.15,779.21,114.15,779.21,-34.11,-43.89,M1->M2 x M3,132.79,246.89,552.3,73.3,191.6,1014.1,484.1
900,0.40,8.0,297.65,288.49,400.08,-32.11,114.45,788.50,114.45,788.50,-28.24,-32.11,M1->M2 x M3,132.79,246.89,552.3,73.3,191.6,1014.1,530.0
900,0.40,9.0,352.38,346.76,462.37,-20.28,115.05,800.38,115.05,800.38,-22.34,-22.34,M3->FP x M2,132.79,246.89,552.3,73.3,191.6,1014.1,576.1
900,0.40,10.0,407.01,404.92,524.53,-8.37,115.96,814.78,115.96,814.78,-16.41,-16.41,M3->FP x M2,132.79,246.89,552.3,73.3,191.6,1014.1,622.5
900,0.40,11.0,461.51,462.96,586.52,3.32,117.16,831.61,117.16,831.61,-10.44,-10.44,M3->FP x M2,132.79,246.89,552.3,73.3,191.6,1014.1,669.1
900,0.40,12.0,515.87,520.85,648.34,14.21,118.67,850.80,118.67,850.80,-4.43,-4.43,M3->FP x M2,132.79,246.89,552.3,73.3,191.6,1014.1,716.1
900,0.40,13.0,570.08,578.59,709.96,24.77,120.46,872.25,120.46,872.25,1.56,1.56,M3->FP x M2,132.79,246.89,552.3,73.3,191.6,1014.1,763.5
900,0.40,14.0,624.11,636.15,771.36,35.01,122.55,895.88,122.55,895.88,7.44,7.44,M3->FP x M2,132.79,246.89,552.3,73.3,191.6,1014.1,811.2
900,0.40,15.0,677.95,693.52,832.53,44.89,124.92,921.59,124.92,921.59,13.38,13.38,M3->FP x M2,132.79,246.89,552.3,73.3,191.6,1014.1,859.3
900,0.40,16.0,731.58,750.68,893.44,54.40,127.56,949.30,127.56,949.30,19.36,19.36,M3->FP x M2,132.79,246.89,552.3,73.3,191.6,1014.1,907.9
900,0.40,17.0,784.99,807.60,954.08,63.55,130.48,978.92,130.48,978.92,25.41,25.41,M3->FP x M2,132.79,246.89,552.3,73.3,191.6,1014.1,957.0
900,0.40,18.0,838.17,864.28,1014.43,72.33,133.66,1010.39,133.66,1010.39,31.53,31.53,M3->FP x M2,132.79,246.89,552.3,73.3,191.6,1014.1,1006.7
900,0.40,19.0,891.08,920.70,1074.48,80.74,137.10,1043.63,137.10,1043.63,37.71,37.71,M3->FP x M2,132.79,246.89,552.3,73.3,191.6,1014.1,1056.9
900,0.40,20.0,943.73,976.84,1134.19,88.79,140.79,1078.59,140.79,1078.59,43.97,43.97,M3->FP x M2,132.79,246.89,552.3,73.3,191.6,1014.1,1107.7
900,0.45,2.0,-45.43,-81.84,16.90,-89.75,131.44,750.49,131.44,750.49,-47.18,-89.75,M1->M2 x M3,149.51,280.95,511.3,82.5,210.6,1031.4,257.3
900,0.45,3.0,5.26,-27.95,75.58,-89.66,131.44,750.49,131.44,750.49,-47.40,-89.66,M1->M2 x M3,149.51,280.95,511.3,82.5,210.6,1031.4,298.1
900,0.45,4.0,55.93,25.98,134.24,-89.69,131.44,750.49,131.44,750.49,-47.15,-89.69,M1->M2 x M3,149.51,280.95,511.3,82.5,210.6,1031.4,338.9
900,0.45,5.0,106.58,79.87,192.86,-82.99,131.44,750.63,131.44,750.63,-47.19,-82.99,M1->M2 x M3,149.51,280.95,511.3,82.5,210.6,1031.4,379.9
900,0.45,6.0,157.20,133.74,251.42,-71.29,131.44,752.54,131.44,752.54,-47.33,-71.29,M1->M2 x M3,149.51,280.95,511.3,82.5,210.6,1031.4,421.0
900,0.45,7.0,207.77,187.56,309.91,-59.55,131.44,756.70,131.44,756.70,-44.18,-59.55,M1->M2 x M3,149.51,280.95,511.3,82.5,210.6,1031.4,462.3
900,0.45,8.0,258.28,241.33,368.30,-47.76,131.51,763.09,131.51,763.09,-38.31,-47.76,M1->M2 x M3,149.51,280.95,511.3,82.5,210.6,1031.4,503.7
900,0.45,9.0,308.71,295.02,426.58,-35.91,131.83,771.70,131.83,771.70,-32.41,-35.91,M1->M2 x M3,149.51,280.95,511.3,82.5,210.6,1031.4,545.4
900,0.45,10.0,359.05,348.62,484.72,-24.00,132.42,782.49,132.42,782.49,-26.47,-26.47,M3->FP x M2,149.51,280.95,511.3,82.5,210.6,1031.4,587.2
900,0.45,11.0,409.27,402.12,542.72,-12.02,133.27,795.42,133.27,795.42,-20.50,-20.50,M3->FP x M2,149.51,280.95,511.3,82.5,210.6,1031.4,629.4
900,0.45,12.0,459.38,455.49,600.56,0.04,134.39,810.44,134.39,810.44,-14.49,-14.49,M3->FP x M2,149.51,280.95,511.3,82.5,210.6,1031.4,671.8
900,0.45,13.0,509.34,508.73,658.21,11.12,135.78,827.49,135.78,827.49,-8.43,-8.43,M3->FP x M2,149.51,280.95,511.3,82.5,210.6,1031.4,714.6
900,0.45,14.0,559.14,561.81,715.66,21.94,137.43,846.50,137.43,846.50,-2.33,-2.33,M3->FP x M2,149.51,280.95,511.3,82.5,210.6,1031.4,757.7
900,0.45,15.0,608.78,614.72,772.90,32.48,139.34,867.41,139.34,867.41,3.69,3.69,M3->FP x M2,149.51,280.95,511.3,82.5,210.6,1031.4,801.2
900,0.45,16.0,658.23,667.44,829.90,42.72,141.52,890.16,141.52,890.16,9.68,9.68,M3->FP x M2,149.51,280.95,511.3,82.5,210.6,1031.4,845.1
900,0.45,17.0,707.48,719.96,886.64,52.66,143.95,914.70,143.95,914.70,15.73,15.73,M3->FP x M2,149.51,280.95,511.3,82.5,210.6,1031.4,889.4
900,0.45,18.0,756.52,772.26,943.12,62.28,146.65,940.96,146.65,940.96,21.84,21.84,M3->FP x M2,149.51,280.95,511.3,82.5,210.6,1031.4,934.3
900,0.45,19.0,805.32,824.32,999.30,71.58,149.59,968.88,149.59,968.88,28.03,28.03,M3->FP x M2,149.51,280.95,511.3,82.5,210.6,1031.4,979.6
900,0.45,20.0,853.88,876.13,1055.19,80.55,152.78,998.43,152.78,998.43,34.29,34.29,M3->FP x M2,149.51,280.95,511.3,82.5,210.6,1031.4,1025.5
900,0.50,2.0,-52.58,-99.85,11.01,-100.52,149.16,733.75,149.16,733.75,-52.71,-100.52,M1->M2 x M3,166.25,315.42,478.5,91.7,229.8,1049.2,259.3
900,0.50,3.0,-9.96,-49.73,66.52,-100.33,149.16,733.75,149.16,733.75,-52.62,-100.33,M1->M2 x M3,166.25,315.42,478.5,91.7,229.8,1049.2,296.6
900,0.50,4.0,37.24,0.46,122.00,-100.41,149.16,733.75,149.16,733.75,-52.34,-100.41,M1->M2 x M3,166.25,315.42,478.5,91.7,229.8,1049.2,334.0
900,0.50,5.0,84.42,50.60,177.45,-98.63,149.16,733.75,149.16,733.75,-52.68,-98.63,M1->M2 x M3,166.25,315.42,478.5,91.7,229.8,1049.2,371.5
900,0.50,6.0,131.57,100.72,232.85,-86.92,149.16,734.19,149.16,734.19,-52.30,-86.92,M1->M2 x M3,166.25,315.42,478.5,91.7,229.8,1049.2,409.1
900,0.50,7.0,178.69,150.81,288.17,-75.17,149.16,736.46,149.16,736.46,-52.60,-75.17,M1->M2 x M3,166.25,315.42,478.5,91.7,229.8,1049.2,446.8
900,0.50,8.0,225.74,200.85,343.40,-63.37,149.16,740.66,149.16,740.66,-48.48,-63.37,M1->M2 x M3,166.25,315.42,478.5,91.7,229.8,1049.2,484.7
900,0.50,9.0,272.73,250.83,398.53,-51.51,149.27,746.80,149.27,746.80,-42.58,-51.51,M1->M2 x M3,166.25,315.42,478.5,91.7,229.8,1049.2,522.8
900,0.50,10.0,319.64,300.74,453.54,-39.59,149.60,754.85,149.60,754.85,-36.64,-39.59,M1->M2 x M3,166.25,315.42,478.5,91.7,229.8,1049.2,561.1
900,0.50,11.0,366.45,350.55,508.41,-27.60,150.18,764.79,150.18,764.79,-30.67,-30.67,M3->FP x M2,166.25,315.42,478.5,91.7,229.8,1049.2,599.6
900,0.50,12.0,413.15,400.26,563.13,-15.52,150.99,776.60,150.99,776.60,-24.65,-24.65,M3->FP x M2,166.25,315.42,478.5,91.7,229.8,1049.2,638.4
900,0.50,13.0,459.72,449.85,617.67,-3.36,152.04,790.24,152.04,790.24,-18.59,-18.59,M3->FP x M2,166.25,315.42,478.5,91.7,229.8,1049.2,677.5
900,0.50,14.0,506.15,499.30,672.03,8.14,153.33,805.67,153.33,805.67,-12.49,-12.49,M3->FP x M2,166.25,315.42,478.5,91.7,229.8,1049.2,716.9
900,0.50,15.0,552.43,548.59,726.18,19.18,154.87,822.84,154.87,822.84,-6.33,-6.33,M3->FP x M2,166.25,315.42,478.5,91.7,229.8,1049.2,756.7
900,0.50,16.0,598.54,597.72,780.11,29.98,156.65,841.71,156.65,841.71,-0.11,-0.11,M3->FP x M2,166.25,315.42,478.5,91.7,229.8,1049.2,796.8
900,0.50,17.0,644.46,646.67,833.80,40.53,158.67,862.23,158.67,862.23,5.94,5.94,M3->FP x M2,166.25,315.42,478.5,91.7,229.8,1049.2,837.4
900,0.50,18.0,690.20,695.42,887.24,50.83,160.94,884.37,160.94,884.37,12.06,12.06,M3->FP x M2,166.25,315.42,478.5,91.7,229.8,1049.2,878.4
900,0.50,19.0,735.72,743.96,940.41,60.85,163.45,908.09,163.45,908.09,18.25,18.25,M3->FP x M2,166.25,315.42,478.5,91.7,229.8,1049.2,919.8
900,0.50,20.0,781.01,792.27,993.29,70.59,166.20,933.33,166.20,933.33,24.51,24.51,M3->FP x M2,166.25,315.42,478.5,91.7,229.8,1049.2,961.8
900,0.55,2.0,-57.40,-111.55,6.31,-111.59,167.17,716.97,167.17,716.97,-57.94,-111.59,M1->M2 x M3,183.03,350.20,451.7,100.8,249.1,1067.2,262.9
900,0.55,3.0,-23.38,-69.81,59.28,-111.47,167.17,716.97,167.17,716.97,-57.74,-111.47,M1->M2 x M3,183.03,350.20,451.7,100.8,249.1,1067.2,297.3
900,0.55,4.0,21.00,-22.77,112.23,-111.50,167.17,716.97,167.17,716.97,-57.93,-111.50,M1->M2 x M3,183.03,350.20,451.7,100.8,249.1,1067.2,331.8
900,0.55,5.0,65.33,24.30,165.14,-111.57,167.17,716.97,167.17,716.97,-57.73,-111.57,M1->M2 x M3,183.03,350.20,451.7,100.8,249.1,1067.2,366.4
900,0.55,6.0,109.65,71.30,218.00,-102.48,167.17,716.97,167.17,716.97,-57.98,-102.48,M1->M2 x M3,183.03,350.20,451.7,100.8,249.1,1067.2,401.1
900,0.55,7.0,153.94,118.29,270.80,-90.72,167.17,717.77,167.17,717.77,-57.75,-90.72,M1->M2 x M3,183.03,350.20,451.7,100.8,249.1,1067.2,436.0
900,0.55,8.0,198.17,165.24,323.51,-78.91,167.17,720.26,167.17,720.26,-57.85,-78.91,M1->M2 x M3,183.03,350.20,451.7,100.8,249.1,1067.2,471.0
900,0.55,9.0,242.35,212.14,376.13,-67.05,167.18,724.46,167.18,724.46,-52.83,-67.05,M1->M2 x M3,183.03,350.20,451.7,100.8,249.1,1067.2,506.1
900,0.55,10.0,286.45,258.98,428.63,-55.11,167.31,730.36,167.31,730.36,-46.89,-55.11,M1->M2 x M3,183.03,350.20,451.7,100.8,249.1,1067.2,541.5
900,0.55,11.0,330.47,305.73,481.00,-43.11,167.66,737.95,167.66,737.95,-40.91,-43.11,M1->M2 x M3,183.03,350.20,451.7,100.8,249.1,1067.2,577.1
900,0.55,12.0,374.39,352.39,533.22,-31.03,168.23,747.22,168.23,747.22,-34.90,-34.90,M3->FP x M2,183.03,350.20,451.7,100.8,249.1,1067.2,612.9
900,0.55,13.0,418.19,398.95,585.29,-18.85,169.01,758.16,169.01,758.16,-28.84,-28.84,M3->FP x M2,183.03,350.20,451.7,100.8,249.1,1067.2,649.0
900,0.55,14.0,461.86,445.39,637.17,-6.58,170.01,770.73,170.01,770.73,-22.73,-22.73,M3->FP x M2,183.03,350.20,451.7,100.8,249.1,1067.2,685.4
900,0.55,15.0,505.40,491.68,688.86,5.31,171.24,784.90,171.24,784.90,-16.57,-16.57,M3->FP x M2,183.03,350.20,451.7,100.8,249.1,1067.2,722.1
900,0.55,16.0,548.77,537.83,740.34,16.55,172.68,800.65,172.68,800.65,-10.35,-10.35,M3->FP x M2,183.03,350.20,451.7,100.8,249.1,1067.2,759.2
900,0.55,17.0,591.99,583.82,791.59,27.59,174.36,817.95,174.36,817.95,-4.07,-4.07,M3->FP x M2,183.03,350.20,451.7,100.8,249.1,1067.2,796.6
900,0.55,18.0,635.02,629.63,842.60,38.42,176.26,836.76,176.26,836.76,2.20,2.20,M3->FP x M2,183.03,350.20,451.7,100.8,249.1,1067.2,834.5
900,0.55,19.0,677.86,675.24,893.36,49.03,178.38,857.06,178.38,857.06,8.39,8.39,M3->FP x M2,183.03,350.20,451.7,100.8,249.1,1067.2,872.7
900,0.55,20.0,720.49,720.65,943.84,59.40,180.74,878.80,180.74,878.80,14.65,14.65,M3->FP x M2,183.03,350.20,451.7,100.8,249.1,1067.2,911.5
900,0.60,2.0,-62.85,-122.86,2.50,-122.81,185.38,700.16,185.38,700.16,-62.84,-122.86,in->M1 x M3,199.84,385.22,429.3,110.0,268.6,1085.4,267.5
900,0.60,3.0,-35.44,-88.61,53.40,-122.87,185.38,700.16,185.38,700.16,-63.03,-122.87,M1->M2 x M3,199.84,385.22,429.3,110.0,268.6,1085.4,299.6
900,0.60,4.0,6.58,-44.25,104.29,-122.96,185.38,700.16,185.38,700.16,-63.24,-122.96,M1->M2 x M3,199.84,385.22,429.3,110.0,268.6,1085.4,331.7
900,0.60,5.0,48.55,0.22,155.15,-123.01,185.38,700.16,185.38,700.16,-63.05,-123.01,M1->M2 x M3,199.84,385.22,429.3,110.0,268.6,1085.4,363.9
900,0.60,6.0,90.51,44.59,205.96,-117.95,185.38,700.16,185.38,700.16,-62.92,-117.95,M1->M2 x M3,199.84,385.22,429.3,110.0,268.6,1085.4,396.2
900,0.60,7.0,132.44,88.95,256.71,-106.18,185.38,700.21,185.38,700.21,-62.87,-106.18,M1->M2 x M3,199.84,385.22,429.3,110.0,268.6,1085.4,428.6
900,0.60,8.0,174.33,133.28,307.38,-94.36,185.38,701.32,185.38,701.32,-63.01,-94.36,M1->M2 x M3,199.84,385.22,429.3,110.0,268.6,1085.4,461.2
900,0.60,9.0,216.16,177.57,357.95,-82.48,185.38,703.96,185.38,703.96,-63.13,-82.48,M1->M2 x M3,199.84,385.22,429.3,110.0,268.6,1085.4,493.9
900,0.60,10.0,257.93,221.80,408.42,-70.54,185.40,708.12,185.40,708.12,-57.19,-70.54,M1->M2 x M3,199.84,385.22,429.3,110.0,268.6,1085.4,526.8
900,0.60,11.0,299.63,265.97,458.76,-58.53,185.57,713.81,185.57,713.81,-51.21,-58.53,M1->M2 x M3,199.84,385.22,429.3,110.0,268.6,1085.4,560.0
900,0.60,12.0,341.23,310.05,508.96,-46.43,185.93,721.03,185.93,721.03,-45.19,-46.43,M1->M2 x M3,199.84,385.22,429.3,110.0,268.6,1085.4,593.3
900,0.60,13.0,382.72,354.04,559.01,-34.25,186.49,729.76,186.49,729.76,-39.13,-39.13,M3->FP x M2,199.84,385.22,429.3,110.0,268.6,1085.4,626.9
900,0.60,14.0,424.10,397.93,608.89,-21.97,187.25,740.00,187.25,740.00,-33.02,-33.02,M3->FP x M2,199.84,385.22,429.3,110.0,268.6,1085.4,660.8
900,0.60,15.0,465.35,441.69,658.58,-9.58,188.21,751.72,188.21,751.72,-26.86,-26.86,M3->FP x M2,199.84,385.22,429.3,110.0,268.6,1085.4,695.0
900,0.60,16.0,506.46,485.31,708.07,2.68,189.38,764.92,189.38,764.92,-20.64,-20.64,M3->FP x M2,199.84,385.22,429.3,110.0,268.6,1085.4,729.5
900,0.60,17.0,547.42,528.79,757.34,14.11,190.75,779.56,190.75,779.56,-14.35,-14.35,M3->FP x M2,199.84,385.22,429.3,110.0,268.6,1085.4,764.3
900,0.60,18.0,588.20,572.11,806.39,25.36,192.34,795.62,192.34,795.62,-8.00,-8.00,M3->FP x M2,199.84,385.22,429.3,110.0,268.6,1085.4,799.6
900,0.60,19.0,628.81,615.26,855.19,36.45,194.14,813.09,194.14,813.09,-1.58,-1.58,M3->FP x M2,199.84,385.22,429.3,110.0,268.6,1085.4,835.2
900,0.60,20.0,669.23,658.21,903.72,47.34,196.16,831.94,196.16,831.94,4.74,4.74,M3->FP x M2,199.84,385.22,429.3,110.0,268.6,1085.4,871.3
900,0.65,2.0,-68.06,-133.93,0.23,-134.01,203.70,683.33,203.70,683.33,-68.26,-134.01,M1->M2 x M3,216.67,420.38,410.4,119.2,288.2,1103.7,272.9
900,0.65,3.0,-46.45,-106.41,48.58,-133.96,203.70,683.33,203.70,683.33,-68.12,-133.96,M1->M2 x M3,216.67,420.38,410.4,119.2,288.2,1103.7,303.0
900,0.65,4.0,-6.44,-64.36,97.78,-133.91,203.70,683.33,203.70,683.33,-68.20,-133.91,M1->M2 x M3,216.67,420.38,410.4,119.2,288.2,1103.7,333.1
900,0.65,5.0,33.54,-22.20,146.94,-134.05,203.70,683.33,203.70,683.33,-68.37,-134.05,M1->M2 x M3,216.67,420.38,410.4,119.2,288.2,1103.7,363.3
900,0.65,6.0,73.50,19.97,196.07,-133.29,203.70,683.33,203.70,683.33,-68.49,-133.29,M1->M2 x M3,216.67,420.38,410.4,119.2,288.2,1103.7,393.6
900,0.65,7.0,113.44,62.06,245.13,-121.51,203.70,683.33,203.70,683.33,-68.29,-121.51,M1->M2 x M3,216.67,420.38,410.4,119.2,288.2,1103.7,423.9
900,0.65,8.0,153.35,104.13,294.12,-109.68,203.70,683.49,203.70,683.49,-68.07,-109.68,M1->M2 x M3,216.67,420.38,410.4,119.2,288.2,1103.7,454.5
900,0.65,9.0,193.20,146.17,343.02,-97.79,203.70,684.83,203.70,684.83,-68.18,-97.79,M1->M2 x M3,216.67,420.38,410.4,119.2,288.2,1103.7,485.1
900,0.65,10.0,233.00,188.16,391.81,-85.84,203.70,687.55,203.70,687.55,-67.53,-85.84,M1->M2 x M3,216.67,420.38,410.4,119.2,288.2,1103.7,516.0
900,0.65,11.0,272.73,230.10,440.49,-73.81,203.74,691.67,203.74,691.67,-61.55,-73.81,M1->M2 x M3,216.67,420.38,410.4,119.2,288.2,1103.7,547.0
900,0.65,12.0,312.37,271.97,489.03,-61.71,203.93,697.18,203.93,697.18,-55.52,-61.71,M1->M2 x M3,216.67,420.38,410.4,119.2,288.2,1103.7,578.3
900,0.65,13.0,351.92,313.75,537.42,-49.52,204.31,704.08,204.31,704.08,-49.46,-49.52,M1->M2 x M3,216.67,420.38,410.4,119.2,288.2,1103.7,609.8
900,0.65,14.0,391.36,355.44,585.65,-37.22,204.86,712.38,204.86,712.38,-43.34,-43.34,M3->FP x M2,216.67,420.38,410.4,119.2,288.2,1103.7,641.6
900,0.65,15.0,430.69,397.02,633.70,-24.83,205.61,722.06,205.61,722.06,-37.18,-37.18,M3->FP x M2,216.67,420.38,410.4,119.2,288.2,1103.7,673.6
900,0.65,16.0,469.88,438.48,681.56,-12.31,206.54,733.12,206.54,733.12,-30.95,-30.95,M3->FP x M2,216.67,420.38,410.4,119.2,288.2,1103.7,705.9
900,0.65,17.0,508.92,479.80,729.21,0.30,207.66,745.53,207.66,745.53,-24.67,-24.67,M3->FP x M2,216.67,420.38,410.4,119.2,288.2,1103.7,738.6
900,0.65,18.0,547.82,520.98,776.63,11.90,208.99,759.29,208.99,759.29,-18.31,-18.31,M3->FP x M2,216.67,420.38,410.4,119.2,288.2,1103.7,771.6
900,0.65,19.0,586.54,562.00,823.83,23.36,210.51,774.38,210.51,774.38,-11.89,-11.89,M3->FP x M2,216.67,420.38,410.4,119.2,288.2,1103.7,805.0
900,0.65,20.0,625.09,602.85,870.77,34.68,212.23,790.79,212.23,790.79,-5.39,-5.39,M3->FP x M2,216.67,420.38,410.4,119.2,288.2,1103.7,838.8
900,0.70,2.0,-73.35,-145.03,1.35,-145.44,222.04,666.46,222.04,666.46,-73.67,-145.44,M1->M2 x M3,233.54,455.58,394.2,128.3,307.8,1122.0,279.0
900,0.70,3.0,-56.65,-123.40,44.57,-145.34,222.04,666.46,222.04,666.46,-73.55,-145.34,M1->M2 x M3,233.54,455.58,394.2,128.3,307.8,1122.0,307.3
900,0.70,4.0,-18.37,-83.37,92.37,-145.22,222.04,666.46,222.04,666.46,-73.19,-145.22,M1->M2 x M3,233.54,455.58,394.2,128.3,307.8,1122.0,335.7
900,0.70,5.0,19.93,-43.25,140.13,-145.11,222.04,666.46,222.04,666.46,-73.40,-145.11,M1->M2 x M3,233.54,455.58,394.2,128.3,307.8,1122.0,364.2
900,0.70,6.0,58.18,-3.00,187.86,-145.24,222.04,666.46,222.04,666.46,-73.72,-145.24,M1->M2 x M3,233.54,455.58,394.2,128.3,307.8,1122.0,392.7
900,0.70,7.0,96.41,37.12,235.52,-136.68,222.04,666.46,222.04,666.46,-73.55,-136.68,M1->M2 x M3,233.54,455.58,394.2,128.3,307.8,1122.0,421.4
900,0.70,8.0,134.62,77.22,283.12,-124.84,222.04,666.46,222.04,666.46,-73.42,-124.84,M1->M2 x M3,233.54,455.58,394.2,128.3,307.8,1122.0,450.1
900,0.70,9.0,172.78,117.29,330.62,-112.94,222.04,666.77,222.04,666.77,-73.67,-112.94,M1->M2 x M3,233.54,455.58,394.2,128.3,307.8,1122.0,479.0
900,0.70,10.0,210.89,157.33,378.03,-100.98,222.04,668.28,222.04,668.28,-73.70,-100.98,M1->M2 x M3,233.54,455.58,394.2,128.3,307.8,1122.0,508.1
900,0.70,11.0,248.93,197.32,425.32,-88.95,222.04,671.06,222.04,671.06,-71.88,-88.95,M1->M2 x M3,233.54,455.58,394.2,128.3,307.8,1122.0,537.4
900,0.70,12.0,286.90,237.25,472.49,-76.83,222.10,675.13,222.10,675.13,-65.86,-76.83,M1->M2 x M3,233.54,455.58,394.2,128.3,307.8,1122.0,566.9
900,0.70,13.0,324.79,277.10,519.50,-64.63,222.32,680.49,222.32,680.49,-59.79,-64.63,M1->M2 x M3,233.54,455.58,394.2,128.3,307.8,1122.0,596.5
900,0.70,14.0,362.57,316.87,566.37,-52.33,222.71,687.14,222.71,687.14,-53.67,-53.67,M3->FP x M2,233.54,455.58,394.2,128.3,307.8,1122.0,626.5
900,0.70,15.0,400.24,356.55,613.05,-39.92,223.27,695.08,223.27,695.08,-47.50,-47.50,M3->FP x M2,233.54,455.58,394.2,128.3,307.8,1122.0,656.7
900,0.70,16.0,437.79,396.12,659.55,-27.39,224.00,704.32,224.00,704.32,-41.28,-41.28,M3->FP x M2,233.54,455.58,394.2,128.3,307.8,1122.0,687.1
900,0.70,17.0,475.21,435.56,705.85,-14.75,224.91,714.83,224.91,714.83,-34.99,-34.99,M3->FP x M2,233.54,455.58,394.2,128.3,307.8,1122.0,717.9
900,0.70,18.0,512.48,474.88,751.94,-1.96,226.00,726.63,226.00,726.63,-28.63,-28.63,M3->FP x M2,233.54,455.58,394.2,128.3,307.8,1122.0,749.1
900,0.70,19.0,549.60,514.05,797.80,9.97,227.28,739.69,227.28,739.69,-22.21,-22.21,M3->FP x M2,233.54,455.58,394.2,128.3,307.8,1122.0,780.5
900,0.70,20.0,586.55,553.06,843.41,21.63,228.75,754.00,228.75,754.00,-15.70,-15.70,M3->FP x M2,233.54,455.58,394.2,128.3,307.8,1122.0,812.4
900,0.75,2.0,-79.06,-156.24,0.03,-156.67,240.31,649.57,240.31,649.57,-78.35,-156.67,M1->M2 x M3,250.43,490.74,380.1,137.5,327.4,1140.3,285.6
900,0.75,3.0,-66.18,-139.73,41.22,-156.45,240.31,649.57,240.31,649.57,-78.90,-156.45,M1->M2 x M3,250.43,490.74,380.1,137.5,327.4,1140.3,312.4
900,0.75,4.0,-29.41,-101.49,87.84,-156.63,240.31,649.57,240.31,649.57,-78.91,-156.63,M1->M2 x M3,250.43,490.74,380.1,137.5,327.4,1140.3,339.3
900,0.75,5.0,7.43,-63.16,134.43,-156.68,240.31,649.57,240.31,649.57,-78.94,-156.68,M1->M2 x M3,250.43,490.74,380.1,137.5,327.4,1140.3,366.2
900,0.75,6.0,44.20,-24.72,180.98,-156.47,240.31,649.57,240.31,649.57,-78.43,-156.47,M1->M2 x M3,250.43,490.74,380.1,137.5,327.4,1140.3,393.3
900,0.75,7.0,80.96,13.77,227.48,-151.67,240.31,649.57,240.31,649.57,-78.88,-151.67,M1->M2 x M3,250.43,490.74,380.1,137.5,327.4,1140.3,420.4
900,0.75,8.0,117.69,52.12,273.90,-139.82,240.31,649.57,240.31,649.57,-78.98,-139.82,M1->M2 x M3,250.43,490.74,380.1,137.5,327.4,1140.3,447.7
900,0.75,9.0,154.38,90.45,320.25,-127.91,240.31,649.57,240.31,649.57,-79.00,-127.91,M1->M2 x M3,250.43,490.74,380.1,137.5,327.4,1140.3,475.0
900,0.75,10.0,191.03,128.76,366.49,-115.94,240.31,650.04,240.31,650.04,-78.41,-115.94,M1->M2 x M3,250.43,490.74,380.1,137.5,327.4,1140.3,502.6
900,0.75,11.0,227.62,167.03,412.63,-103.90,240.31,651.67,240.31,651.67,-78.86,-103.90,M1->M2 x M3,250.43,490.74,380.1,137.5,327.4,1140.3,530.3
900,0.75,12.0,264.14,205.24,458.64,-91.77,240.31,654.50,240.31,654.50,-76.17,-91.77,M1->M2 x M3,250.43,490.74,380.1,137.5,327.4,1140.3,558.2
900,0.75,13.0,300.59,243.40,504.50,-79.56,240.40,658.52,240.40,658.52,-70.10,-79.56,M1->M2 x M3,250.43,490.74,380.1,137.5,327.4,1140.3,586.3
900,0.75,14.0,336.93,281.48,550.22,-67.24,240.64,663.75,240.64,663.75,-63.98,-67.24,M1->M2 x M3,250.43,490.74,380.1,137.5,327.4,1140.3,614.7
900,0.75,15.0,373.18,319.47,595.77,-54.83,241.04,670.20,241.04,670.20,-57.81,-57.81,M3->FP x M2,250.43,490.74,380.1,137.5,327.4,1140.3,643.3
900,0.75,16.0,409.31,357.37,641.13,-42.29,241.60,677.86,241.60,677.86,-51.58,-51.58,M3->FP x M2,250.43,490.74,380.1,137.5,327.4,1140.3,672.2
900,0.75,17.0,445.32,395.15,686.30,-29.63,242.33,686.73,242.33,686.73,-45.29,-45.29,M3->FP x M2,250.43,490.74,380.1,137.5,327.4,1140.3,701.3
900,0.75,18.0,481.19,432.82,731.27,-16.84,243.22,696.82,243.22,696.82,-38.93,-38.93,M3->FP x M2,250.43,490.74,380.1,137.5,327.4,1140.3,730.8
900,0.75,19.0,516.92,470.36,776.00,-3.90,244.29,708.12,244.29,708.12,-32.50,-32.50,M3->FP x M2,250.43,490.74,380.1,137.5,327.4,1140.3,760.6
900,0.75,20.0,552.49,507.75,820.51,8.36,245.54,720.63,245.54,720.63,-25.99,-25.99,M3->FP x M2,250.43,490.74,380.1,137.5,327.4,1140.3,790.8
900,0.80,2.0,-83.09,-167.69,0.40,-167.66,258.41,632.66,258.41,632.66,-84.29,-167.69,in->M1 x M3,267.34,525.76,367.8,146.7,346.9,1158.4,293.8
900,0.80,3.0,-75.19,-155.48,38.39,-167.53,258.41,632.66,258.41,632.66,-84.00,-167.53,M1->M2 x M3,267.34,525.76,367.8,146.7,346.9,1158.4,318.0
900,0.80,4.0,-39.72,-118.84,84.02,-167.60,258.41,632.66,258.41,632.66,-83.52,-167.60,M1->M2 x M3,267.34,525.76,367.8,146.7,346.9,1158.4,343.6
900,0.80,5.0,-4.18,-82.12,129.62,-167.68,258.41,632.66,258.41,632.66,-84.00,-167.68,M1->M2 x M3,267.34,525.76,367.8,146.7,346.9,1158.4,369.2
900,0.80,6.0,31.31,-45.29,175.18,-167.72,258.42,632.66,258.42,632.66,-84.22,-167.72,M1->M2 x M3,267.34,525.76,367.8,146.7,346.9,1158.4,394.9
900,0.80,7.0,66.78,-8.33,220.69,-166.44,258.41,632.66,258.41,632.66,-83.92,-166.44,M1->M2 x M3,267.34,525.76,367.8,146.7,346.9,1158.4,420.8
900,0.80,8.0,102.22,28.52,266.13,-154.58,258.41,632.66,258.41,632.66,-84.32,-154.58,M1->M2 x M3,267.34,525.76,367.8,146.7,346.9,1158.4,446.7
900,0.80,9.0,137.64,65.30,311.49,-142.66,258.41,632.66,258.41,632.66,-83.98,-142.66,M1->M2 x M3,267.34,525.76,367.8,146.7,346.9,1158.4,472.7
900,0.80,10.0,173.01,102.06,356.76,-130.68,258.41,632.66,258.41,632.66,-84.10,-130.68,M1->M2 x M3,267.34,525.76,367.8,146.7,346.9,1158.4,498.9
900,0.80,11.0,208.33,138.79,401.92,-118.63,258.42,633.29,258.42,633.29,-84.27,-118.63,M1->M2 x M3,267.34,525.76,367.8,146.7,346.9,1158.4,525.3
900,0.80,12.0,243.58,175.47,446.95,-106.49,258.41,635.02,258.41,635.02,-84.04,-106.49,M1->M2 x M3,267.34,525.76,367.8,146.7,346.9,1158.4,551.9
900,0.80,13.0,278.77,212.11,491.85,-94.27,258.42,637.87,258.42,637.87,-80.37,-94.27,M1->M2 x M3,267.34,525.76,367.8,146.7,346.9,1158.4,578.6
900,0.80,14.0,313.86,248.68,536.60,-81.95,258.54,641.86,258.54,641.86,-74.25,-81.95,M1->M2 x M3,267.34,525.76,367.8,146.7,346.9,1158.4,605.6
900,0.80,15.0,348.86,285.17,581.19,-69.52,258.80,646.99,258.80,646.99,-68.07,-69.52,M1->M2 x M3,267.34,525.76,367.8,146.7,346.9,1158.4,632.8
900,0.80,16.0,383.76,321.58,625.59,-56.97,259.21,653.27,259.21,653.27,-61.84,-61.84,M3->FP x M2,267.34,525.76,367.8,146.7,346.9,1158.4,660.3
900,0.80,17.0,418.54,357.88,669.81,-44.30,259.78,660.71,259.78,660.71,-55.55,-55.55,M3->FP x M2,267.34,525.76,367.8,146.7,346.9,1158.4,688.0
900,0.80,18.0,453.19,394.08,713.83,-31.50,260.50,669.30,260.50,669.30,-49.18,-49.18,M3->FP x M2,267.34,525.76,367.8,146.7,346.9,1158.4,716.1
900,0.80,19.0,487.70,430.16,757.62,-18.55,261.39,679.06,261.39,679.06,-42.75,-42.75,M3->FP x M2,267.34,525.76,367.8,146.7,346.9,1158.4,744.4
900,0.80,20.0,522.06,466.11,801.19,-5.45,262.44,689.97,262.44,689.97,-36.24,-36.24,M3->FP x M2,267.34,525.76,367.8,146.7,346.9,1158.4,773.1
900,0.85,2.0,-89.40,-178.73,0.35,-178.63,276.26,615.71,276.26,615.71,-89.51,-178.73,in->M1 x M3,284.29,560.55,357.0,155.8,366.3,1176.3,313.2
900,0.85,3.0,-83.75,-170.72,35.99,-178.86,276.26,615.71,276.26,615.71,-88.70,-178.86,M1->M2 x M3,284.29,560.55,357.0,155.8,366.3,1176.3,324.1
900,0.85,4.0,-49.45,-135.53,80.77,-178.84,276.26,615.71,276.26,615.71,-89.40,-178.84,M1->M2 x M3,284.29,560.55,357.0,155.8,366.3,1176.3,348.5
900,0.85,5.0,-15.06,-100.27,125.53,-179.01,276.26,615.71,276.26,615.71,-88.85,-179.01,M1->M2 x M3,284.29,560.55,357.0,155.8,366.3,1176.3,372.9
900,0.85,6.0,19.33,-64.89,170.26,-178.68,276.26,615.71,276.26,615.71,-89.22,-178.68,M1->M2 x M3,284.29,560.55,357.0,155.8,366.3,1176.3,397.5
900,0.85,7.0,53.65,-29.40,214.93,-178.94,276.26,615.71,276.26,615.71,-89.07,-178.94,M1->M2 x M3,284.29,560.55,357.0,155.8,366.3,1176.3,422.2
900,0.85,8.0,87.96,6.19,259.53,-169.10,276.26,615.71,276.26,615.71,-89.36,-169.10,M1->M2 x M3,284.29,560.55,357.0,155.8,366.3,1176.3,446.9
900,0.85,9.0,122.25,41.57,304.06,-157.17,276.26,615.71,276.26,615.71,-89.39,-157.17,M1->M2 x M3,284.29,560.55,357.0,155.8,366.3,1176.3,471.8
900,0.85,10.0,156.50,76.94,348.49,-145.18,276.26,615.71,276.26,615.71,-89.48,-145.18,M1->M2 x M3,284.29,560.55,357.0,155.8,366.3,1176.3,496.8
900,0.85,11.0,190.70,112.28,392.82,-133.12,276.26,615.74,276.26,615.74,-89.36,-133.12,M1->M2 x M3,284.29,560.55,357.0,155.8,366.3,1176.3,522.0
900,0.85,12.0,224.84,147.59,437.03,-120.97,276.26,616.50,276.26,616.50,-88.97,-120.97,M1->M2 x M3,284.29,560.55,357.0,155.8,366.3,1176.3,547.3
900,0.85,13.0,258.91,182.85,481.10,-108.74,276.26,618.32,276.26,618.32,-89.56,-108.74,M1->M2 x M3,284.29,560.55,357.0,155.8,366.3,1176.3,572.9
900,0.85,14.0,292.90,218.05,525.03,-96.40,276.28,621.20,276.28,621.20,-84.44,-96.40,M1->M2 x M3,284.29,560.55,357.0,155.8,366.3,1176.3,598.6
900,0.85,15.0,326.81,253.19,568.80,-83.97,276.43,625.16,276.43,625.16,-78.26,-83.97,M1->M2 x M3,284.29,560.55,357.0,155.8,366.3,1176.3,624.6
900,0.85,16.0,360.61,288.26,612.39,-71.41,276.71,630.22,276.71,630.22,-72.03,-72.03,M3->FP x M2,284.29,560.55,357.0,155.8,366.3,1176.3,650.8
900,0.85,17.0,394.31,323.23,655.80,-58.73,277.14,636.38,277.14,636.38,-65.73,-65.73,M3->FP x M2,284.29,560.55,357.0,155.8,366.3,1176.3,677.3
900,0.85,18.0,427.89,358.11,699.01,-45.92,277.71,643.64,277.71,643.64,-59.37,-59.37,M3->FP x M2,284.29,560.55,357.0,155.8,366.3,1176.3,704.1
900,0.85,19.0,461.33,392.88,742.01,-32.96,278.44,652.02,278.44,652.02,-52.93,-52.93,M3->FP x M2,284.29,560.55,357.0,155.8,366.3,1176.3,731.2
900,0.85,20.0,494.64,427.53,784.78,-19.84,279.32,661.51,279.32,661.51,-46.42,-46.42,M3->FP x M2,284.29,560.55,357.0,155.8,366.3,1176.3,758.6
900,0.90,2.0,-93.09,-190.04,0.12,-189.84,293.76,598.74,293.76,598.74,-94.64,-190.04,in->M1 x M3,301.26,595.02,347.3,165.0,385.5,1193.8,332.3
900,0.90,3.0,-91.95,-185.49,33.93,-190.05,293.76,598.74,293.76,598.74,-94.65,-190.05,M1->M2 x M3,301.26,595.02,347.3,165.0,385.5,1193.8,332.3
900,0.90,4.0,-58.68,-151.63,78.00,-189.83,293.76,598.74,293.76,598.74,-94.51,-189.83,M1->M2 x M3,301.26,595.02,347.3,165.0,385.5,1193.8,353.8
900,0.90,5.0,-25.32,-117.69,122.04,-189.64,293.76,598.74,293.76,598.74,-94.51,-189.64,M1->M2 x M3,301.26,595.02,347.3,165.0,385.5,1193.8,377.2
900,0.90,6.0,8.09,-83.64,166.04,-189.94,293.76,598.74,293.76,598.74,-93.96,-189.94,M1->M2 x M3,301.26,595.02,347.3,165.0,385.5,1193.8,400.8
900,0.90,7.0,41.40,-49.48,210.00,-190.06,293.76,598.74,293.76,598.74,-94.87,-190.06,M1->M2 x M3,301.26,595.02,347.3,165.0,385.5,1193.8,424.4
900,0.90,8.0,74.71,-15.17,253.89,-183.34,293.76,598.74,293.76,598.74,-93.94,-183.34,M1->M2 x M3,301.26,595.02,347.3,165.0,385.5,1193.8,448.1
900,0.90,9.0,107.99,19.07,297.70,-171.41,293.76,598.74,293.76,598.74,-94.47,-171.41,M1->M2 x M3,301.26,595.02,347.3,165.0,385.5,1193.8,471.9
900,0.90,10.0,141.24,53.17,341.42,-159.41,293.76,598.74,293.76,598.74,-94.29,-159.41,M1->M2 x M3,301.26,595.02,347.3,165.0,385.5,1193.8,495.9
900,0.90,11.0,174.45,87.25,385.04,-147.33,293.76,598.74,293.76,598.74,-94.65,-147.33,M1->M2 x M3,301.26,595.02,347.3,165.0,385.5,1193.8,520.0
900,0.90,12.0,207.60,121.30,428.54,-135.18,293.76,598.82,293.76,598.82,-94.50,-135.18,M1->M2 x M3,301.26,595.02,347.3,165.0,385.5,1193.8,544.3
900,0.90,13.0,240.69,155.32,471.91,-122.93,293.76,599.69,293.76,599.69,-94.75,-122.93,M1->M2 x M3,301.26,595.02,347.3,165.0,385.5,1193.8,568.8
900,0.90,14.0,273.71,189.29,515.14,-110.59,293.76,601.58,293.76,601.58,-94.54,-110.59,M1->M2 x M3,301.26,595.02,347.3,165.0,385.5,1193.8,593.4
900,0.90,15.0,306.64,223.20,558.21,-98.14,293.81,604.50,293.81,604.50,-88.36,-98.14,M1->M2 x M3,301.26,595.02,347.3,165.0,385.5,1193.8,618.3
900,0.90,16.0,339.48,257.04,601.11,-85.57,293.98,608.45,293.98,608.45,-82.12,-85.57,M1->M2 x M3,301.26,595.02,347.3,165.0,385.5,1193.8,643.5
900,0.90,17.0,372.21,290.80,643.82,-72.88,294.28,613.46,294.28,613.46,-75.82,-75.82,M3->FP x M2,301.26,595.02,347.3,165.0,385.5,1193.8,668.8
900,0.90,18.0,404.84,324.48,686.35,-60.06,294.72,619.53,294.72,619.53,-69.45,-69.45,M3->FP x M2,301.26,595.02,347.3,165.0,385.5,1193.8,694.5
900,0.90,19.0,437.34,358.06,728.66,-47.09,295.31,626.67,295.31,626.67,-63.02,-63.02,M3->FP x M2,301.26,595.02,347.3,165.0,385.5,1193.8,720.4
900,0.90,20.0,469.70,391.53,770.75,-33.96,296.04,634.88,296.04,634.88,-56.50,-56.50,M3->FP x M2,301.26,595.02,347.3,165.0,385.5,1193.8,746.7
950,0.30,2.0,9.67,-9.12,54.58,-57.88,81.88,850.57,81.88,850.57,-31.53,-57.88,M1->M2 x M3,99.43,181.31,702.7,55.0,155.1,1031.9,273.4
950,0.30,3.0,81.55,66.82,133.61,-57.57,81.88,850.77,81.88,850.77,-31.62,-57.57,M1->M2 x M3,99.43,181.31,702.7,55.0,155.1,1031.9,334.5
950,0.30,4.0,153.40,142.74,212.61,-47.53,81.88,854.29,81.88,854.29,-31.25,-47.53,M1->M2 x M3,99.43,181.31,702.7,55.0,155.1,1031.9,395.8
950,0.30,5.0,225.20,218.62,291.54,-35.89,81.88,862.18,81.88,862.18,-26.31,-35.89,M1->M2 x M3,99.43,181.31,702.7,55.0,155.1,1031.9,457.3
950,0.30,6.0,296.94,294.43,370.38,-24.22,82.12,874.37,82.12,874.37,-20.49,-24.22,M1->M2 x M3,99.43,181.31,702.7,55.0,155.1,1031.9,519.0
950,0.30,7.0,368.59,370.15,449.11,-12.50,82.77,890.73,82.77,890.73,-14.65,-14.65,M3->FP x M2,99.43,181.31,702.7,55.0,155.1,1031.9,580.8
950,0.30,8.0,440.12,445.76,527.70,-0.74,83.83,911.08,83.83,911.08,-8.78,-8.78,M3->FP x M2,99.43,181.31,702.7,55.0,155.1,1031.9,643.0
950,0.30,9.0,511.52,521.23,606.13,10.10,85.29,935.25,85.29,935.25,-2.89,-2.89,M3->FP x M2,99.43,181.31,702.7,55.0,155.1,1031.9,705.5
950,0.30,10.0,582.76,596.54,684.38,20.44,87.13,963.02,87.13,963.02,2.93,2.93,M3->FP x M2,99.43,181.31,702.7,55.0,155.1,1031.9,768.3
950,0.30,11.0,653.83,671.68,762.42,30.32,89.34,994.16,89.34,994.16,8.68,8.68,M3->FP x M2,99.43,181.31,702.7,55.0,155.1,1031.9,831.5
950,0.30,12.0,724.69,746.60,840.22,39.69,91.91,1028.48,91.91,1028.48,14.47,14.47,M3->FP x M2,99.43,181.31,702.7,55.0,155.1,1031.9,895.2
950,0.30,13.0,795.34,821.30,917.77,48.56,94.80,1065.77,94.80,1065.77,20.30,20.30,M3->FP x M2,99.43,181.31,702.7,55.0,155.1,1031.9,959.3
950,0.30,14.0,865.74,895.75,995.05,56.92,98.01,1105.83,98.01,1105.83,26.18,26.18,M3->FP x M2,99.43,181.31,702.7,55.0,155.1,1031.9,1023.9
950,0.30,15.0,935.88,969.93,1072.01,64.78,101.51,1148.49,101.51,1148.49,32.10,32.10,M3->FP x M2,99.43,181.31,702.7,55.0,155.1,1031.9,1089.2
950,0.30,16.0,1005.74,1043.81,1148.65,72.16,105.29,1193.60,105.29,1193.60,38.09,38.09,M3->FP x M2,99.43,181.31,702.7,55.0,155.1,1031.9,1155.0
950,0.30,17.0,1075.29,1117.37,1224.95,79.07,109.33,1241.02,109.18,1241.02,44.13,44.13,M3->FP x M2,99.43,181.31,702.7,55.0,155.1,1031.9,1221.5
950,0.30,18.0,1144.51,1190.60,1300.86,85.54,113.62,1290.63,112.82,1290.63,50.24,50.24,M3->FP x M2,99.43,181.31,702.7,55.0,155.1,1031.9,1288.8
950,0.30,19.0,1213.38,1263.46,1376.39,91.59,118.14,1340.61,116.22,1342.35,56.42,56.42,M3->FP x M2,99.43,181.31,702.7,55.0,155.1,1031.9,1356.8
950,0.30,20.0,1281.88,1335.93,1451.49,97.25,122.89,1386.78,119.40,1396.09,62.67,62.67,M3->FP x M2,99.43,181.31,702.7,55.0,155.1,1031.9,1425.6
950,0.35,2.0,-10.21,-34.80,40.50,-68.23,98.19,833.90,98.19,833.90,-36.75,-68.23,M1->M2 x M3,116.10,214.28,628.5,64.2,173.4,1048.2,265.5
950,0.35,3.0,53.79,32.99,111.93,-68.24,98.19,833.90,98.19,833.90,-36.79,-68.24,M1->M2 x M3,116.10,214.28,628.5,64.2,173.4,1048.2,318.8
950,0.35,4.0,117.76,100.76,183.33,-63.17,98.19,834.86,98.19,834.86,-36.84,-63.17,M1->M2 x M3,116.10,214.28,628.5,64.2,173.4,1048.2,372.2
950,0.35,5.0,181.70,168.49,254.67,-51.53,98.19,839.13,98.19,839.13,-36.10,-51.53,M1->M2 x M3,116.10,214.28,628.5,64.2,173.4,1048.2,425.7
950,0.35,6.0,245.59,236.17,325.93,-39.84,98.20,846.79,98.20,846.79,-30.28,-39.84,M1->M2 x M3,116.10,214.28,628.5,64.2,173.4,1048.2,479.4
950,0.35,7.0,309.40,303.78,397.10,-28.12,98.48,857.78,98.48,857.78,-24.43,-28.12,M1->M2 x M3,116.10,214.28,628.5,64.2,173.4,1048.2,533.3
950,0.35,8.0,373.11,371.30,468.14,-16.35,99.10,872.03,99.10,872.03,-18.56,-18.56,M3->FP x M2,116.10,214.28,628.5,64.2,173.4,1048.2,587.4
950,0.35,9.0,436.71,438.70,539.04,-4.52,100.07,889.43,100.07,889.43,-12.67,-12.67,M3->FP x M2,116.10,214.28,628.5,64.2,173.4,1048.2,641.8
950,0.35,10.0,500.18,505.97,609.78,6.76,101.37,909.86,101.37,909.86,-6.74,-6.74,M3->FP x M2,116.10,214.28,628.5,64.2,173.4,1048.2,696.5
950,0.35,11.0,563.50,573.09,680.33,17.40,103.01,933.19,103.01,933.19,-0.77,-0.77,M3->FP x M2,116.10,214.28,628.5,64.2,173.4,1048.2,751.5
950,0.35,12.0,626.64,640.03,750.68,27.65,104.98,959.29,104.98,959.29,5.05,5.05,M3->FP x M2,116.10,214.28,628.5,64.2,173.4,1048.2,807.0
950,0.35,13.0,689.59,706.78,820.79,37.49,107.27,988.02,107.27,988.02,10.88,10.88,M3->FP x M2,116.10,214.28,628.5,64.2,173.4,1048.2,862.8
950,0.35,14.0,752.34,773.31,890.66,46.92,109.86,1019.24,109.86,1019.24,16.76,16.76,M3->FP x M2,116.10,214.28,628.5,64.2,173.4,1048.2,919.1
950,0.35,15.0,814.85,839.61,960.25,55.91,112.74,1052.83,112.74,1052.83,22.69,22.69,M3->FP x M2,116.10,214.28,628.5,64.2,173.4,1048.2,975.9
950,0.35,16.0,877.11,905.65,1029.55,64.48,115.91,1088.67,115.91,1088.67,28.67,28.67,M3->FP x M2,116.10,214.28,628.5,64.2,173.4,1048.2,1033.2
950,0.35,17.0,939.11,971.41,1098.54,72.61,119.36,1126.66,119.36,1126.66,34.72,34.72,M3->FP x M2,116.10,214.28,628.5,64.2,173.4,1048.2,1091.2
950,0.35,18.0,1000.83,1036.88,1167.20,80.34,123.06,1166.69,123.06,1166.69,40.83,40.83,M3->FP x M2,116.10,214.28,628.5,64.2,173.4,1048.2,1149.7
950,0.35,19.0,1062.23,1102.03,1235.49,87.65,127.02,1208.70,127.02,1208.70,47.01,47.01,M3->FP x M2,116.10,214.28,628.5,64.2,173.4,1048.2,1208.9
950,0.35,20.0,1123.32,1166.85,1303.41,94.58,131.22,1252.61,130.95,1252.61,53.27,53.27,M3->FP x M2,116.10,214.28,628.5,64.2,173.4,1048.2,1268.9
950,0.40,2.0,-26.44,-57.00,30.09,-79.02,115.03,817.21,115.03,817.21,-41.81,-79.02,M1->M2 x M3,132.79,247.81,572.8,73.3,192.1,1065.0,262.1
950,0.40,3.0,31.66,4.61,95.90,-78.98,115.03,817.21,115.03,817.21,-41.94,-78.98,M1->M2 x M3,132.79,247.81,572.8,73.3,192.1,1065.0,309.5
950,0.40,4.0,89.72,66.19,161.68,-78.84,115.03,817.25,115.03,817.25,-42.12,-78.84,M1->M2 x M3,132.79,247.81,572.8,73.3,192.1,1065.0,356.9
950,0.40,5.0,147.77,127.74,227.41,-67.18,115.03,819.09,115.03,819.09,-41.97,-67.18,M1->M2 x M3,132.79,247.81,572.8,73.3,192.1,1065.0,404.5
950,0.40,6.0,205.76,189.26,293.07,-55.49,115.03,823.69,115.03,823.69,-40.21,-55.49,M1->M2 x M3,132.79,247.81,572.8,73.3,192.1,1065.0,452.2
950,0.40,7.0,263.70,250.72,358.64,-43.76,115.06,831.03,115.06,831.03,-34.37,-43.76,M1->M2 x M3,132.79,247.81,572.8,73.3,192.1,1065.0,500.1
950,0.40,8.0,321.55,312.10,424.10,-31.98,115.36,841.08,115.36,841.08,-28.49,-31.98,M1->M2 x M3,132.79,247.81,572.8,73.3,192.1,1065.0,548.2
950,0.40,9.0,379.31,373.39,489.44,-20.14,115.96,853.79,115.96,853.79,-22.59,-22.59,M3->FP x M2,132.79,247.81,572.8,73.3,192.1,1065.0,596.5
950,0.40,10.0,436.95,434.57,554.62,-8.24,116.86,869.08,116.86,869.08,-16.66,-16.66,M3->FP x M2,132.79,247.81,572.8,73.3,192.1,1065.0,645.1
950,0.40,11.0,494.45,495.61,619.64,3.44,118.06,886.89,118.06,886.89,-10.69,-10.69,M3->FP x M2,132.79,247.81,572.8,73.3,192.1,1065.0,694.0
950,0.40,12.0,551.81,556.50,684.46,14.31,119.55,907.11,119.55,907.11,-4.69,-4.69,M3->FP x M2,132.79,247.81,572.8,73.3,192.1,1065.0,743.3
950,0.40,13.0,609.00,617.22,749.08,24.86,121.33,929.68,121.33,929.68,1.32,1.32,M3->FP x M2,132.79,247.81,572.8,73.3,192.1,1065.0,792.9
950,0.40,14.0,666.00,677.76,813.47,35.08,123.40,954.48,123.40,954.48,7.20,7.20,M3->FP x M2,132.79,247.81,572.8,73.3,192.1,1065.0,843.0
950,0.40,15.0,722.80,738.09,877.61,44.94,125.76,981.43,125.76,981.43,13.13,13.13,M3->FP x M2,132.79,247.81,572.8,73.3,192.1,1065.0,893.4
950,0.40,16.0,779.38,798.19,941.49,54.44,128.39,1010.46,128.39,1010.46,19.12,19.12,M3->FP x M2,132.79,247.81,572.8,73.3,192.1,1065.0,944.4
950,0.40,17.0,835.72,858.05,1005.08,63.57,131.28,1041.46,131.28,1041.46,25.17,25.17,M3->FP x M2,132.79,247.81,572.8,73.3,192.1,1065.0,995.9
950,0.40,18.0,891.81,917.65,1068.36,72.33,134.45,1074.38,134.45,1074.38,31.28,31.28,M3->FP x M2,132.79,247.81,572.8,73.3,192.1,1065.0,1047.9
950,0.40,19.0,947.62,976.97,1131.31,80.72,137.86,1109.14,137.86,1109.14,37.46,37.46,M3->FP x M2,132.79,247.81,572.8,73.3,192.1,1065.0,1100.5
950,0.40,20.0,1003.15,1035.99,1193.93,88.75,141.53,1145.70,141.53,1145.70,43.72,43.72,M3->FP x M2,132.79,247.81,572.8,73.3,192.1,1065.0,1153.8
950,0.45,2.0,-40.23,-76.92,22.13,-89.83,132.31,800.49,132.31,800.49,-47.10,-89.83,M1->M2 x M3,149.51,281.82,529.6,82.5,211.1,1082.3,261.7
950,0.45,3.0,13.27,-20.20,83.64,-89.71,132.31,800.49,132.31,800.49,-47.38,-89.71,M1->M2 x M3,149.51,281.82,529.6,82.5,211.1,1082.3,304.4
950,0.45,4.0,66.75,36.52,145.12,-89.77,132.31,800.49,132.31,800.49,-47.31,-89.77,M1->M2 x M3,149.51,281.82,529.6,82.5,211.1,1082.3,347.2
950,0.45,5.0,120.20,93.22,206.56,-82.83,132.31,800.84,132.31,800.84,-47.00,-82.83,M1->M2 x M3,149.51,281.82,529.6,82.5,211.1,1082.3,390.2
950,0.45,6.0,173.62,149.88,267.93,-71.13,132.31,803.26,132.31,803.26,-47.32,-71.13,M1->M2 x M3,149.51,281.82,529.6,82.5,211.1,1082.3,433.2
950,0.45,7.0,226.99,206.50,329.23,-59.39,132.31,807.99,132.31,807.99,-44.42,-59.39,M1->M2 x M3,149.51,281.82,529.6,82.5,211.1,1082.3,476.5
950,0.45,8.0,280.29,263.05,390.42,-47.60,132.38,815.01,132.38,815.01,-38.55,-47.60,M1->M2 x M3,149.51,281.82,529.6,82.5,211.1,1082.3,519.9
950,0.45,9.0,333.50,319.53,451.50,-35.75,132.70,824.31,132.70,824.31,-32.65,-35.75,M1->M2 x M3,149.51,281.82,529.6,82.5,211.1,1082.3,563.5
950,0.45,10.0,386.61,375.91,512.43,-23.84,133.28,835.85,133.28,835.85,-26.71,-26.71,M3->FP x M2,149.51,281.82,529.6,82.5,211.1,1082.3,607.4
950,0.45,11.0,439.60,432.17,573.22,-11.85,134.13,849.58,134.13,849.58,-20.74,-20.74,M3->FP x M2,149.51,281.82,529.6,82.5,211.1,1082.3,651.5
950,0.45,12.0,492.46,488.30,633.82,0.20,135.24,865.45,135.24,865.45,-14.73,-14.73,M3->FP x M2,149.51,281.82,529.6,82.5,211.1,1082.3,696.0
950,0.45,13.0,545.17,544.29,694.24,11.26,136.62,883.41,136.62,883.41,-8.67,-8.67,M3->FP x M2,149.51,281.82,529.6,82.5,211.1,1082.3,740.8
950,0.45,14.0,597.71,600.10,754.44,22.06,138.26,903.38,138.26,903.38,-2.57,-2.57,M3->FP x M2,149.51,281.82,529.6,82.5,211.1,1082.3,785.9
950,0.45,15.0,650.07,655.74,814.41,32.59,140.16,925.32,140.16,925.32,3.46,3.46,M3->FP x M2,149.51,281.82,529.6,82.5,211.1,1082.3,831.5
950,0.45,16.0,702.23,711.17,874.14,42.81,142.33,949.15,142.33,949.15,9.45,9.45,M3->FP x M2,149.51,281.82,529.6,82.5,211.1,1082.3,877.5
950,0.45,17.0,754.18,766.39,933.59,52.73,144.75,974.82,144.75,974.82,15.50,15.50,M3->FP x M2,149.51,281.82,529.6,82.5,211.1,1082.3,924.0
950,0.45,18.0,805.90,821.38,992.77,62.33,147.43,1002.27,147.43,1002.27,21.61,21.61,M3->FP x M2,149.51,281.82,529.6,82.5,211.1,1082.3,970.9
950,0.45,19.0,857.38,876.11,1051.64,71.61,150.35,1031.45,150.35,1031.45,27.80,27.80,M3->FP x M2,149.51,281.82,529.6,82.5,211.1,1082.3,1018.4
950,0.45,20.0,908.59,930.58,1110.19,80.57,153.53,1062.31,153.53,1062.31,34.06,34.06,M3->FP x M2,149.51,281.82,529.6,82.5,211.1,1082.3,1066.5
950,0.50,2.0,-52.32,-95.26,15.88,-100.95,149.96,783.74,149.96,783.74,-52.65,-100.95,M1->M2 x M3,166.26,316.22,494.9,91.7,230.2,1100.0,263.3
950,0.50,3.0,-2.49,-42.52,74.02,-100.86,149.96,783.74,149.96,783.74,-52.53,-100.86,M1->M2 x M3,166.26,316.22,494.9,91.7,230.2,1100.0,302.4
950,0.50,4.0,47.31,10.28,132.13,-100.87,149.96,783.74,149.96,783.74,-52.46,-100.87,M1->M2 x M3,166.26,316.22,494.9,91.7,230.2,1100.0,341.5
950,0.50,5.0,97.10,63.03,190.20,-98.44,149.96,783.74,149.96,783.74,-52.52,-98.44,M1->M2 x M3,166.26,316.22,494.9,91.7,230.2,1100.0,380.7
950,0.50,6.0,146.86,115.75,248.22,-86.73,149.96,784.55,149.96,784.55,-52.43,-86.73,M1->M2 x M3,166.26,316.22,494.9,91.7,230.2,1100.0,420.1
950,0.50,7.0,196.58,168.45,306.15,-74.98,149.96,787.32,149.96,787.32,-52.60,-74.98,M1->M2 x M3,166.26,316.22,494.9,91.7,230.2,1100.0,459.6
950,0.50,8.0,246.23,221.09,364.00,-63.18,149.96,792.07,149.96,792.07,-48.70,-63.18,M1->M2 x M3,166.26,316.22,494.9,91.7,230.2,1100.0,499.2
950,0.50,9.0,295.81,273.66,421.73,-51.32,150.06,798.80,150.06,798.80,-42.80,-51.32,M1->M2 x M3,166.26,316.22,494.9,91.7,230.2,1100.0,539.1
950,0.50,10.0,345.30,326.15,479.34,-39.40,150.40,807.49,150.40,807.49,-36.86,-39.40,M1->M2 x M3,166.26,316.22,494.9,91.7,230.2,1100.0,579.2
950,0.50,11.0,394.69,378.54,536.80,-27.41,150.97,818.11,150.97,818.11,-30.89,-30.89,M3->FP x M2,166.26,316.22,494.9,91.7,230.2,1100.0,619.5
950,0.50,12.0,443.95,430.81,594.09,-15.33,151.78,830.65,151.78,830.65,-24.87,-24.87,M3->FP x M2,166.26,316.22,494.9,91.7,230.2,1100.0,660.2
950,0.50,13.0,493.08,482.96,651.21,-3.17,152.82,845.05,152.82,845.05,-18.82,-18.82,M3->FP x M2,166.26,316.22,494.9,91.7,230.2,1100.0,701.1
950,0.50,14.0,542.06,534.96,708.13,8.31,154.11,861.29,154.11,861.29,-12.71,-12.71,M3->FP x M2,166.26,316.22,494.9,91.7,230.2,1100.0,742.3
950,0.50,15.0,590.87,586.79,764.83,19.33,155.64,879.32,155.64,879.32,-6.55,-6.55,M3->FP x M2,166.26,316.22,494.9,91.7,230.2,1100.0,784.0
950,0.50,16.0,639.51,638.44,821.30,30.12,157.41,899.09,157.41,899.09,-0.33,-0.33,M3->FP x M2,166.26,316.22,494.9,91.7,230.2,1100.0,826.0
950,0.50,17.0,687.94,689.91,877.51,40.66,159.43,920.57,159.43,920.57,5.73,5.73,M3->FP x M2,166.26,316.22,494.9,91.7,230.2,1100.0,868.4
950,0.50,18.0,736.17,741.16,933.47,50.93,161.68,943.71,161.68,943.71,11.85,11.85,M3->FP x M2,166.26,316.22,494.9,91.7,230.2,1100.0,911.4
950,0.50,19.0,784.18,792.18,989.13,60.94,164.18,968.47,164.18,968.47,18.04,18.04,M3->FP x M2,166.26,316.22,494.9,91.7,230.2,1100.0,954.8
950,0.50,20.0,831.95,842.96,1044.50,70.67,166.92,994.81,166.92,994.81,24.30,24.30,M3->FP x M2,166.26,316.22,494.9,91.7,230.2,1100.0,998.7
950,0.55,2.0,-57.37,-111.74,10.88,-112.00,167.88,766.97,167.88,766.97,-57.89,-112.00,M1->M2 x M3,183.03,350.92,466.6,100.8,249.5,1117.9,266.5
950,0.55,3.0,-16.36,-63.03,66.32,-111.96,167.88,766.97,167.88,766.97,-57.81,-111.96,M1->M2 x M3,183.03,350.92,466.6,100.8,249.5,1117.9,302.5
950,0.55,4.0,30.46,-13.52,121.73,-111.95,167.88,766.97,167.88,766.97,-57.83,-111.95,M1->M2 x M3,183.03,350.92,466.6,100.8,249.5,1117.9,338.6
950,0.55,5.0,77.25,35.98,177.11,-111.97,167.88,766.97,167.88,766.97,-57.85,-111.97,M1->M2 x M3,183.03,350.92,466.6,100.8,249.5,1117.9,374.8
950,0.55,6.0,124.01,85.44,232.44,-102.27,167.88,767.01,167.88,767.01,-57.83,-102.27,M1->M2 x M3,183.03,350.92,466.6,100.8,249.5,1117.9,411.1
950,0.55,7.0,170.74,134.87,287.69,-90.51,167.88,768.26,167.88,768.26,-57.82,-90.51,M1->M2 x M3,183.03,350.92,466.6,100.8,249.5,1117.9,447.6
950,0.55,8.0,217.42,184.26,342.86,-78.70,167.88,771.24,167.88,771.24,-57.91,-78.70,M1->M2 x M3,183.03,350.92,466.6,100.8,249.5,1117.9,484.2
950,0.55,9.0,264.03,233.59,397.92,-66.83,167.89,775.97,167.89,775.97,-53.02,-66.83,M1->M2 x M3,183.03,350.92,466.6,100.8,249.5,1117.9,521.0
950,0.55,10.0,310.56,282.86,452.86,-54.90,168.03,782.43,168.03,782.43,-47.08,-54.90,M1->M2 x M3,183.03,350.92,466.6,100.8,249.5,1117.9,558.0
950,0.55,11.0,357.00,332.03,507.66,-42.90,168.37,790.62,168.37,790.62,-41.11,-42.90,M1->M2 x M3,183.03,350.92,466.6,100.8,249.5,1117.9,595.2
950,0.55,12.0,403.32,381.11,562.31,-30.81,168.94,800.52,168.94,800.52,-35.09,-35.09,M3->FP x M2,183.03,350.92,466.6,100.8,249.5,1117.9,632.7
950,0.55,13.0,449.53,430.07,616.78,-18.64,169.71,812.12,169.71,812.12,-29.03,-29.03,M3->FP x M2,183.03,350.92,466.6,100.8,249.5,1117.9,670.4
950,0.55,14.0,495.59,478.90,671.07,-6.37,170.71,825.39,170.71,825.39,-22.92,-22.92,M3->FP x M2,183.03,350.92,466.6,100.8,249.5,1117.9,708.5
950,0.55,15.0,541.51,527.58,725.15,5.51,171.93,840.30,171.93,840.30,-16.76,-16.76,M3->FP x M2,183.03,350.92,466.6,100.8,249.5,1117.9,746.9
950,0.55,16.0,587.26,576.10,779.02,16.73,173.37,856.83,173.37,856.83,-10.54,-10.54,M3->FP x M2,183.03,350.92,466.6,100.8,249.5,1117.9,785.7
950,0.55,17.0,632.83,624.45,832.64,27.75,175.04,874.93,175.04,874.93,-4.26,-4.26,M3->FP x M2,183.03,350.92,466.6,100.8,249.5,1117.9,824.9
950,0.55,18.0,678.21,672.60,886.01,38.57,176.93,894.59,176.93,894.59,2.01,2.01,M3->FP x M2,183.03,350.92,466.6,100.8,249.5,1117.9,864.5
950,0.55,19.0,723.38,720.55,939.12,49.16,179.05,915.78,179.05,915.78,8.20,8.20,M3->FP x M2,183.03,350.92,466.6,100.8,249.5,1117.9,904.5
950,0.55,20.0,768.34,768.28,991.93,59.52,181.40,938.46,181.40,938.46,14.46,14.46,M3->FP x M2,183.03,350.92,466.6,100.8,249.5,1117.9,945.1
950,0.60,2.0,-62.58,-123.17,6.82,-123.18,186.00,750.16,186.00,750.16,-62.88,-123.18,M1->M2 x M3,199.84,385.84,443.0,110.0,269.0,1136.0,270.8
950,0.60,3.0,-28.80,-82.17,60.06,-122.84,186.00,750.16,186.00,750.16,-63.09,-122.84,M1->M2 x M3,199.84,385.84,443.0,110.0,269.0,1136.0,304.3
950,0.60,4.0,15.53,-35.47,113.29,-122.83,186.00,750.16,186.00,750.16,-63.18,-122.83,M1->M2 x M3,199.84,385.84,443.0,110.0,269.0,1136.0,337.9
950,0.60,5.0,59.82,11.30,166.47,-123.17,186.00,750.16,186.00,750.16,-62.96,-123.17,M1->M2 x M3,199.84,385.84,443.0,110.0,269.0,1136.0,371.6
950,0.60,6.0,104.10,57.99,219.61,-117.72,186.00,750.16,186.00,750.16,-62.87,-117.72,M1->M2 x M3,199.84,385.84,443.0,110.0,269.0,1136.0,405.3
950,0.60,7.0,148.34,104.66,272.68,-105.95,186.00,750.37,186.00,750.37,-63.00,-105.95,M1->M2 x M3,199.84,385.84,443.0,110.0,269.0,1136.0,439.2
950,0.60,8.0,192.54,151.29,325.67,-94.13,186.00,751.93,186.00,751.93,-63.16,-94.13,M1->M2 x M3,199.84,385.84,443.0,110.0,269.0,1136.0,473.3
950,0.60,9.0,236.68,197.88,378.56,-82.25,186.00,755.05,186.00,755.05,-63.20,-82.25,M1->M2 x M3,199.84,385.84,443.0,110.0,269.0,1136.0,507.5
950,0.60,10.0,280.74,244.41,431.33,-70.31,186.01,759.72,186.01,759.72,-57.36,-70.31,M1->M2 x M3,199.84,385.84,443.0,110.0,269.0,1136.0,541.9
950,0.60,11.0,324.72,290.87,483.97,-58.29,186.18,765.95,186.18,765.95,-51.38,-58.29,M1->M2 x M3,199.84,385.84,443.0,110.0,269.0,1136.0,576.6
950,0.60,12.0,368.61,337.24,536.47,-46.20,186.54,773.73,186.54,773.73,-45.36,-46.20,M1->M2 x M3,199.84,385.84,443.0,110.0,269.0,1136.0,611.4
950,0.60,13.0,412.37,383.50,588.80,-34.01,187.10,783.05,187.10,783.05,-39.30,-39.30,M3->FP x M2,199.84,385.84,443.0,110.0,269.0,1136.0,646.6
950,0.60,14.0,456.02,429.65,640.95,-21.73,187.86,793.90,187.86,793.90,-33.19,-33.19,M3->FP x M2,199.84,385.84,443.0,110.0,269.0,1136.0,682.0
950,0.60,15.0,499.52,475.67,692.91,-9.34,188.81,806.27,188.81,806.27,-27.03,-27.03,M3->FP x M2,199.84,385.84,443.0,110.0,269.0,1136.0,717.7
950,0.60,16.0,542.88,521.54,744.65,2.90,189.98,820.14,189.98,820.14,-20.80,-20.80,M3->FP x M2,199.84,385.84,443.0,110.0,269.0,1136.0,753.8
950,0.60,17.0,586.06,567.25,796.17,14.31,191.35,835.49,191.35,835.49,-14.52,-14.52,M3->FP x M2,199.84,385.84,443.0,110.0,269.0,1136.0,790.2
950,0.60,18.0,629.07,612.80,847.45,25.55,192.93,852.29,192.93,852.29,-8.17,-8.17,M3->FP x M2,199.84,385.84,443.0,110.0,269.0,1136.0,827.1
950,0.60,19.0,671.89,658.15,898.46,36.62,194.73,870.52,194.73,870.52,-1.75,-1.75,M3->FP x M2,199.84,385.84,443.0,110.0,269.0,1136.0,864.3
950,0.60,20.0,714.50,703.30,949.21,47.50,196.74,890.18,196.74,890.18,4.58,4.58,M3->FP x M2,199.84,385.84,443.0,110.0,269.0,1136.0,902.0
950,0.65,2.0,-68.50,-134.42,3.48,-134.32,204.21,733.33,204.21,733.33,-68.29,-134.42,in->M1 x M3,216.67,420.89,423.0,119.2,288.5,1154.2,276.0
950,0.65,3.0,-40.13,-100.26,54.91,-134.35,204.21,733.33,204.21,733.33,-68.16,-134.35,M1->M2 x M3,216.67,420.89,423.0,119.2,288.5,1154.2,307.4
950,0.65,4.0,2.10,-55.98,106.33,-134.24,204.21,733.33,204.21,733.33,-68.15,-134.24,M1->M2 x M3,216.67,420.89,423.0,119.2,288.5,1154.2,338.8
950,0.65,5.0,44.28,-11.60,157.72,-134.33,204.21,733.33,204.21,733.33,-68.30,-134.33,M1->M2 x M3,216.67,420.89,423.0,119.2,288.5,1154.2,370.3
950,0.65,6.0,86.44,32.75,209.05,-133.04,204.21,733.33,204.21,733.33,-68.46,-133.04,M1->M2 x M3,216.67,420.89,423.0,119.2,288.5,1154.2,402.0
950,0.65,7.0,128.58,77.04,260.33,-121.26,204.21,733.33,204.21,733.33,-68.39,-121.26,M1->M2 x M3,216.67,420.89,423.0,119.2,288.5,1154.2,433.7
950,0.65,8.0,170.68,121.30,311.52,-109.43,204.21,733.76,204.21,733.76,-68.18,-109.43,M1->M2 x M3,216.67,420.89,423.0,119.2,288.5,1154.2,465.6
950,0.65,9.0,212.73,165.54,362.62,-97.55,204.21,735.55,204.21,735.55,-68.05,-97.55,M1->M2 x M3,216.67,420.89,423.0,119.2,288.5,1154.2,497.7
950,0.65,10.0,254.71,209.72,413.61,-85.59,204.21,738.74,204.21,738.74,-67.67,-85.59,M1->M2 x M3,216.67,420.89,423.0,119.2,288.5,1154.2,529.9
950,0.65,11.0,296.62,253.83,464.48,-73.57,204.25,743.35,204.25,743.35,-61.69,-73.57,M1->M2 x M3,216.67,420.89,423.0,119.2,288.5,1154.2,562.3
950,0.65,12.0,338.44,297.87,515.20,-61.46,204.44,749.38,204.44,749.38,-55.66,-61.46,M1->M2 x M3,216.67,420.89,423.0,119.2,288.5,1154.2,595.0
950,0.65,13.0,380.15,341.82,565.76,-49.27,204.82,756.82,204.82,756.82,-49.60,-49.60,M3->FP x M2,216.67,420.89,423.0,119.2,288.5,1154.2,627.9
950,0.65,14.0,421.75,385.66,616.16,-36.98,205.37,765.67,205.37,765.67,-43.49,-43.49,M3->FP x M2,216.67,420.89,423.0,119.2,288.5,1154.2,661.1
950,0.65,15.0,463.21,429.39,666.36,-24.58,206.11,775.93,206.11,775.93,-37.32,-37.32,M3->FP x M2,216.67,420.89,423.0,119.2,288.5,1154.2,694.6
950,0.65,16.0,504.54,472.98,716.36,-12.07,207.04,787.58,207.04,787.58,-31.09,-31.09,M3->FP x M2,216.67,420.89,423.0,119.2,288.5,1154.2,728.3
950,0.65,17.0,545.72,516.44,766.15,0.52,208.16,800.62,208.16,800.62,-24.81,-24.81,M3->FP x M2,216.67,420.89,423.0,119.2,288.5,1154.2,762.5
950,0.65,18.0,586.72,559.73,815.70,12.11,209.48,815.03,209.48,815.03,-18.45,-18.45,M3->FP x M2,216.67,420.89,423.0,119.2,288.5,1154.2,797.0
950,0.65,19.0,627.55,602.85,865.00,23.57,211.00,830.79,211.00,830.79,-12.03,-12.03,M3->FP x M2,216.67,420.89,423.0,119.2,288.5,1154.2,831.9
950,0.65,20.0,668.19,645.79,914.04,34.87,212.72,847.90,212.72,847.90,-5.53,-5.53,M3->FP x M2,216.67,420.89,423.0,119.2,288.5,1154.2,867.2
950,0.70,2.0,-73.32,-145.50,0.70,-145.44,222.45,716.46,222.45,716.46,-73.69,-145.50,in->M1 x M3,233.54,455.98,405.9,128.3,308.0,1172.4,281.8
950,0.70,3.0,-50.60,-117.49,50.63,-145.28,222.45,716.46,222.45,716.46,-73.51,-145.28,M1->M2 x M3,233.54,455.98,405.9,128.3,308.0,1172.4,311.4
950,0.70,4.0,-10.20,-75.33,100.55,-145.34,222.45,716.46,222.45,716.46,-73.15,-145.34,M1->M2 x M3,233.54,455.98,405.9,128.3,308.0,1172.4,341.0
950,0.70,5.0,30.20,-33.07,150.43,-145.54,222.45,716.46,222.45,716.46,-73.45,-145.54,M1->M2 x M3,233.54,455.98,405.9,128.3,308.0,1172.4,370.7
950,0.70,6.0,70.56,9.26,200.27,-145.57,222.45,716.46,222.45,716.46,-73.78,-145.57,M1->M2 x M3,233.54,455.98,405.9,128.3,308.0,1172.4,400.5
950,0.70,7.0,110.90,51.48,250.05,-136.43,222.45,716.46,222.45,716.46,-73.48,-136.43,M1->M2 x M3,233.54,455.98,405.9,128.3,308.0,1172.4,430.4
950,0.70,8.0,151.20,93.68,299.76,-124.59,222.45,716.46,222.45,716.46,-73.51,-124.59,M1->M2 x M3,233.54,455.98,405.9,128.3,308.0,1172.4,460.5
950,0.70,9.0,191.46,135.85,349.37,-112.70,222.45,717.14,222.45,717.14,-73.77,-112.70,M1->M2 x M3,233.54,455.98,405.9,128.3,308.0,1172.4,490.7
950,0.70,10.0,231.66,177.97,398.87,-100.73,222.45,719.10,222.45,719.10,-73.59,-100.73,M1->M2 x M3,233.54,455.98,405.9,128.3,308.0,1172.4,521.0
950,0.70,11.0,271.79,220.05,448.26,-88.70,222.45,722.34,222.45,722.34,-71.99,-88.70,M1->M2 x M3,233.54,455.98,405.9,128.3,308.0,1172.4,551.6
950,0.70,12.0,311.84,262.05,497.50,-76.59,222.50,726.89,222.50,726.89,-65.97,-76.59,M1->M2 x M3,233.54,455.98,405.9,128.3,308.0,1172.4,582.3
950,0.70,13.0,351.79,303.98,546.60,-64.38,222.72,732.74,222.72,732.74,-59.90,-64.38,M1->M2 x M3,233.54,455.98,405.9,128.3,308.0,1172.4,613.3
950,0.70,14.0,391.64,345.82,595.53,-52.08,223.11,739.91,223.11,739.91,-53.79,-53.79,M3->FP x M2,233.54,455.98,405.9,128.3,308.0,1172.4,644.6
950,0.70,15.0,431.36,387.55,644.28,-39.67,223.67,748.38,223.67,748.38,-47.62,-47.62,M3->FP x M2,233.54,455.98,405.9,128.3,308.0,1172.4,676.1
950,0.70,16.0,470.96,429.16,692.83,-27.15,224.40,758.16,224.40,758.16,-41.39,-41.39,M3->FP x M2,233.54,455.98,405.9,128.3,308.0,1172.4,707.9
950,0.70,17.0,510.41,470.64,741.17,-14.50,225.31,769.23,225.31,769.23,-35.10,-35.10,M3->FP x M2,233.54,455.98,405.9,128.3,308.0,1172.4,740.1
950,0.70,18.0,549.71,511.97,789.28,-1.72,226.40,781.61,226.40,781.61,-28.74,-28.74,M3->FP x M2,233.54,455.98,405.9,128.3,308.0,1172.4,772.6
950,0.70,19.0,588.83,553.16,837.16,10.19,227.67,795.27,227.67,795.27,-22.32,-22.32,M3->FP x M2,233.54,455.98,405.9,128.3,308.0,1172.4,805.5
950,0.70,20.0,627.78,594.17,884.78,21.84,229.14,810.20,229.14,810.20,-15.81,-15.81,M3->FP x M2,233.54,455.98,405.9,128.3,308.0,1172.4,838.7
950,0.75,2.0,-78.55,-156.13,0.09,-156.85,240.61,699.57,240.61,699.57,-78.37,-156.85,M1->M2 x M3,250.43,491.04,391.1,137.5,327.6,1190.6,288.2
950,0.75,3.0,-60.38,-134.02,47.03,-156.45,240.61,699.57,240.61,699.57,-78.88,-156.45,M1->M2 x M3,250.43,491.04,391.1,137.5,327.6,1190.6,316.2
950,0.75,4.0,-21.56,-93.73,95.69,-156.79,240.61,699.57,240.61,699.57,-78.88,-156.79,M1->M2 x M3,250.43,491.04,391.1,137.5,327.6,1190.6,344.2
950,0.75,5.0,17.30,-53.36,144.32,-156.50,240.61,699.57,240.61,699.57,-78.90,-156.50,M1->M2 x M3,250.43,491.04,391.1,137.5,327.6,1190.6,372.3
950,0.75,6.0,56.09,-12.86,192.90,-156.84,240.61,699.57,240.61,699.57,-78.47,-156.84,M1->M2 x M3,250.43,491.04,391.1,137.5,327.6,1190.6,400.5
950,0.75,7.0,94.87,27.59,241.43,-151.43,240.61,699.57,240.61,699.57,-78.83,-151.43,M1->M2 x M3,250.43,491.04,391.1,137.5,327.6,1190.6,428.8
950,0.75,8.0,133.62,67.96,289.88,-139.58,240.61,699.57,240.61,699.57,-78.92,-139.58,M1->M2 x M3,250.43,491.04,391.1,137.5,327.6,1190.6,457.3
950,0.75,9.0,172.33,108.31,338.24,-127.67,240.61,699.61,240.61,699.61,-79.05,-127.67,M1->M2 x M3,250.43,491.04,391.1,137.5,327.6,1190.6,485.9
950,0.75,10.0,210.99,148.62,386.50,-115.70,240.61,700.50,240.61,700.50,-78.33,-115.70,M1->M2 x M3,250.43,491.04,391.1,137.5,327.6,1190.6,514.6
950,0.75,11.0,249.58,188.89,434.64,-103.66,240.61,702.58,240.61,702.58,-78.94,-103.66,M1->M2 x M3,250.43,491.04,391.1,137.5,327.6,1190.6,543.5
950,0.75,12.0,288.10,229.10,482.65,-91.53,240.61,705.86,240.61,705.86,-76.26,-91.53,M1->M2 x M3,250.43,491.04,391.1,137.5,327.6,1190.6,572.7
950,0.75,13.0,326.53,269.25,530.52,-79.32,240.70,710.35,240.70,710.35,-70.19,-79.32,M1->M2 x M3,250.43,491.04,391.1,137.5,327.6,1190.6,602.0
950,0.75,14.0,364.86,309.31,578.22,-67.00,240.94,716.07,240.94,716.07,-64.07,-67.00,M1->M2 x M3,250.43,491.04,391.1,137.5,327.6,1190.6,631.6
950,0.75,15.0,403.08,349.28,625.74,-54.58,241.34,723.00,241.34,723.00,-57.89,-57.89,M3->FP x M2,250.43,491.04,391.1,137.5,327.6,1190.6,661.4
950,0.75,16.0,441.18,389.14,673.08,-42.05,241.90,731.17,241.90,731.17,-51.66,-51.66,M3->FP x M2,250.43,491.04,391.1,137.5,327.6,1190.6,691.6
950,0.75,17.0,479.14,428.88,720.21,-29.39,242.63,740.56,242.63,740.56,-45.37,-45.37,M3->FP x M2,250.43,491.04,391.1,137.5,327.6,1190.6,722.0
950,0.75,18.0,516.96,468.49,767.12,-16.60,243.52,751.18,243.52,751.18,-39.01,-39.01,M3->FP x M2,250.43,491.04,391.1,137.5,327.6,1190.6,752.8
950,0.75,19.0,554.61,507.96,813.80,-3.66,244.59,763.02,244.59,763.02,-32.58,-32.58,M3->FP x M2,250.43,491.04,391.1,137.5,327.6,1190.6,783.9
950,0.75,20.0,592.10,547.27,860.22,8.58,245.83,776.08,245.83,776.08,-26.08,-26.08,M3->FP x M2,250.43,491.04,391.1,137.5,327.6,1190.6,815.4
950,0.80,2.0,-84.04,-167.95,0.97,-167.81,258.62,682.66,258.62,682.66,-84.28,-167.95,in->M1 x M3,267.34,525.96,378.1,146.7,347.0,1208.6,294.9
950,0.80,3.0,-69.59,-149.94,43.99,-167.72,258.62,682.66,258.62,682.66,-84.02,-167.72,M1->M2 x M3,267.34,525.96,378.1,146.7,347.0,1208.6,321.5
950,0.80,4.0,-32.15,-111.34,91.58,-167.66,258.62,682.66,258.62,682.66,-83.54,-167.66,M1->M2 x M3,267.34,525.96,378.1,146.7,347.0,1208.6,348.2
950,0.80,5.0,5.35,-72.64,139.15,-167.62,258.62,682.66,258.62,682.66,-84.02,-167.62,M1->M2 x M3,267.34,525.96,378.1,146.7,347.0,1208.6,374.9
950,0.80,6.0,42.78,-33.83,186.67,-167.62,258.62,682.66,258.62,682.66,-84.19,-167.62,M1->M2 x M3,267.34,525.96,378.1,146.7,347.0,1208.6,401.7
950,0.80,7.0,80.20,5.08,234.13,-166.22,258.62,682.66,258.62,682.66,-83.96,-166.22,M1->M2 x M3,267.34,525.96,378.1,146.7,347.0,1208.6,428.7
950,0.80,8.0,117.59,43.82,281.53,-154.36,258.62,682.66,258.62,682.66,-84.31,-154.36,M1->M2 x M3,267.34,525.96,378.1,146.7,347.0,1208.6,455.7
950,0.80,9.0,154.95,82.54,328.83,-142.44,258.62,682.66,258.62,682.66,-83.94,-142.44,M1->M2 x M3,267.34,525.96,378.1,146.7,347.0,1208.6,482.9
950,0.80,10.0,192.26,121.24,376.04,-130.46,258.62,682.77,258.62,682.77,-84.15,-130.46,M1->M2 x M3,267.34,525.96,378.1,146.7,347.0,1208.6,510.2
950,0.80,11.0,229.51,159.90,423.13,-118.41,258.62,683.83,258.62,683.83,-84.22,-118.41,M1->M2 x M3,267.34,525.96,378.1,146.7,347.0,1208.6,537.7
950,0.80,12.0,266.69,198.51,470.10,-106.27,258.62,686.01,258.62,686.01,-83.98,-106.27,M1->M2 x M3,267.34,525.96,378.1,146.7,347.0,1208.6,565.4
950,0.80,13.0,303.79,237.06,516.92,-94.05,258.63,689.32,258.63,689.32,-80.43,-94.05,M1->M2 x M3,267.34,525.96,378.1,146.7,347.0,1208.6,593.3
950,0.80,14.0,340.79,275.54,563.58,-81.72,258.74,693.76,258.74,693.76,-74.30,-81.72,M1->M2 x M3,267.34,525.96,378.1,146.7,347.0,1208.6,621.4
950,0.80,15.0,377.70,313.94,610.07,-69.30,259.01,699.36,259.01,699.36,-68.13,-69.30,M1->M2 x M3,267.34,525.96,378.1,146.7,347.0,1208.6,649.8
950,0.80,16.0,414.49,352.24,656.38,-56.75,259.42,706.12,259.42,706.12,-61.90,-61.90,M3->FP x M2,267.34,525.96,378.1,146.7,347.0,1208.6,678.4
950,0.80,17.0,451.15,390.43,702.48,-44.08,259.99,714.04,259.99,714.04,-55.60,-55.60,M3->FP x M2,267.34,525.96,378.1,146.7,347.0,1208.6,707.4
950,0.80,18.0,487.67,428.50,748.37,-31.28,260.71,723.12,260.71,723.12,-49.24,-49.24,M3->FP x M2,267.34,525.96,378.1,146.7,347.0,1208.6,736.6
950,0.80,19.0,524.05,466.45,794.04,-18.33,261.59,733.37,261.59,733.37,-42.81,-42.81,M3->FP x M2,267.34,525.96,378.1,146.7,347.0,1208.6,766.2
950,0.80,20.0,560.26,504.25,839.46,-5.22,262.64,744.79,262.64,744.79,-36.30,-36.30,M3->FP x M2,267.34,525.96,378.1,146.7,347.0,1208.6,796.1
950,0.85,2.0,-89.31,-178.94,0.15,-178.73,276.38,665.71,276.38,665.71,-89.52,-178.94,in->M1 x M3,284.29,560.67,366.6,155.8,366.3,1226.4,313.2
950,0.85,3.0,-78.34,-165.34,41.40,-179.00,276.39,665.71,276.39,665.71,-88.69,-179.00,M1->M2 x M3,284.29,560.67,366.6,155.8,366.3,1226.4,327.3
950,0.85,4.0,-42.13,-128.25,88.09,-179.00,276.39,665.71,276.39,665.71,-89.41,-179.00,M1->M2 x M3,284.29,560.67,366.6,155.8,366.3,1226.4,352.8
950,0.85,5.0,-5.83,-91.07,134.74,-178.89,276.39,665.71,276.39,665.71,-88.83,-178.89,M1->M2 x M3,284.29,560.67,366.6,155.8,366.3,1226.4,378.3
950,0.85,6.0,30.42,-53.78,181.36,-178.80,276.39,665.71,276.39,665.71,-89.24,-178.80,M1->M2 x M3,284.29,560.67,366.6,155.8,366.3,1226.4,403.9
950,0.85,7.0,66.63,-16.36,227.92,-179.00,276.39,665.71,276.39,665.71,-89.05,-179.00,M1->M2 x M3,284.29,560.67,366.6,155.8,366.3,1226.4,429.6
950,0.85,8.0,102.83,21.02,274.41,-168.91,276.39,665.71,276.39,665.71,-89.34,-168.91,M1->M2 x M3,284.29,560.67,366.6,155.8,366.3,1226.4,455.4
950,0.85,9.0,138.99,58.28,320.82,-156.98,276.39,665.71,276.39,665.71,-89.37,-156.98,M1->M2 x M3,284.29,560.67,366.6,155.8,366.3,1226.4,481.3
950,0.85,10.0,175.11,95.51,367.13,-144.99,276.39,665.71,276.39,665.71,-89.51,-144.99,M1->M2 x M3,284.29,560.67,366.6,155.8,366.3,1226.4,507.4
950,0.85,11.0,211.18,132.72,413.33,-132.93,276.39,665.93,276.39,665.93,-89.39,-132.93,M1->M2 x M3,284.29,560.67,366.6,155.8,366.3,1226.4,533.6
950,0.85,12.0,247.18,169.89,459.40,-120.78,276.38,667.13,276.38,667.13,-89.00,-120.78,M1->M2 x M3,284.29,560.67,366.6,155.8,366.3,1226.4,560.0
950,0.85,13.0,283.11,207.01,505.33,-108.55,276.39,669.39,276.39,669.39,-89.52,-108.55,M1->M2 x M3,284.29,560.67,366.6,155.8,366.3,1226.4,586.7
950,0.85,14.0,318.95,244.07,551.11,-96.22,276.41,672.72,276.41,672.72,-84.47,-96.22,M1->M2 x M3,284.29,560.67,366.6,155.8,366.3,1226.4,613.5
950,0.85,15.0,354.70,281.05,596.72,-83.78,276.55,677.14,276.55,677.14,-78.30,-83.78,M1->M2 x M3,284.29,560.67,366.6,155.8,366.3,1226.4,640.6
950,0.85,16.0,390.34,317.94,642.15,-71.22,276.83,682.65,276.83,682.65,-72.06,-72.06,M3->FP x M2,284.29,560.67,366.6,155.8,366.3,1226.4,667.9
950,0.85,17.0,425.85,354.74,687.38,-58.54,277.26,689.26,277.26,689.26,-65.77,-65.77,M3->FP x M2,284.29,560.67,366.6,155.8,366.3,1226.4,695.5
950,0.85,18.0,461.24,391.43,732.41,-45.73,277.84,696.99,277.84,696.99,-59.40,-59.40,M3->FP x M2,284.29,560.67,366.6,155.8,366.3,1226.4,723.4
950,0.85,19.0,496.49,428.00,777.21,-32.77,278.56,705.84,278.56,705.84,-52.97,-52.97,M3->FP x M2,284.29,560.67,366.6,155.8,366.3,1226.4,751.7
950,0.85,20.0,531.59,464.44,821.77,-19.65,279.44,715.80,279.44,715.80,-46.45,-46.45,M3->FP x M2,284.29,560.67,366.6,155.8,366.3,1226.4,780.2
950,0.90,2.0,-94.26,-188.96,0.15,-189.82,293.82,648.74,293.82,648.74,-94.64,-189.82,M1->M2 x M3,301.26,595.08,356.4,165.0,385.5,1243.8,332.4
950,0.90,3.0,-86.70,-180.25,39.18,-190.05,293.82,648.74,293.82,648.74,-94.65,-190.05,M1->M2 x M3,301.26,595.08,356.4,165.0,385.5,1243.8,333.5
950,0.90,4.0,-51.57,-144.54,85.09,-189.93,293.82,648.74,293.82,648.74,-94.50,-189.93,M1->M2 x M3,301.26,595.08,356.4,165.0,385.5,1243.8,357.8
950,0.90,5.0,-16.37,-108.75,130.97,-189.76,293.82,648.74,293.82,648.74,-94.51,-189.76,M1->M2 x M3,301.26,595.08,356.4,165.0,385.5,1243.8,382.3
950,0.90,6.0,18.84,-72.85,176.81,-189.83,293.82,648.74,293.82,648.74,-93.96,-189.83,M1->M2 x M3,301.26,595.08,356.4,165.0,385.5,1243.8,406.8
950,0.90,7.0,53.99,-36.82,222.59,-189.92,293.82,648.74,293.82,648.74,-94.87,-189.92,M1->M2 x M3,301.26,595.08,356.4,165.0,385.5,1243.8,431.4
950,0.90,8.0,89.13,-0.64,268.31,-183.20,293.82,648.74,293.82,648.74,-93.94,-183.20,M1->M2 x M3,301.26,595.08,356.4,165.0,385.5,1243.8,456.1
950,0.90,9.0,124.23,35.29,313.95,-171.27,293.82,648.74,293.82,648.74,-94.46,-171.27,M1->M2 x M3,301.26,595.08,356.4,165.0,385.5,1243.8,480.9
950,0.90,10.0,159.30,71.21,359.49,-159.26,293.82,648.74,293.82,648.74,-94.30,-159.26,M1->M2 x M3,301.26,595.08,356.4,165.0,385.5,1243.8,505.9
950,0.90,11.0,194.32,107.10,404.92,-147.19,293.82,648.74,293.82,648.74,-94.67,-147.19,M1->M2 x M3,301.26,595.08,356.4,165.0,385.5,1243.8,531.0
950,0.90,12.0,229.28,142.96,450.23,-135.03,293.82,649.08,293.82,649.08,-94.52,-135.03,M1->M2 x M3,301.26,595.08,356.4,165.0,385.5,1243.8,556.3
950,0.90,13.0,264.16,178.77,495.40,-122.79,293.82,650.40,293.82,650.40,-94.77,-122.79,M1->M2 x M3,301.26,595.08,356.4,165.0,385.5,1243.8,581.8
950,0.90,14.0,298.97,214.54,540.42,-110.45,293.82,652.73,293.82,652.73,-94.55,-110.45,M1->M2 x M3,301.26,595.08,356.4,165.0,385.5,1243.8,607.5
950,0.90,15.0,333.69,250.23,585.28,-98.00,293.86,656.09,293.86,656.09,-88.37,-98.00,M1->M2 x M3,301.26,595.08,356.4,165.0,385.5,1243.8,633.4
950,0.90,16.0,368.31,285.85,629.95,-85.43,294.03,660.49,294.03,660.49,-82.14,-85.43,M1->M2 x M3,301.26,595.08,356.4,165.0,385.5,1243.8,659.6
950,0.90,17.0,402.81,321.38,674.44,-72.74,294.34,665.94,294.34,665.94,-75.84,-75.84,M3->FP x M2,301.26,595.08,356.4,165.0,385.5,1243.8,686.0
950,0.90,18.0,437.19,356.82,718.72,-59.92,294.78,672.45,294.78,672.45,-69.47,-69.47,M3->FP x M2,301.26,595.08,356.4,165.0,385.5,1243.8,712.7
950,0.90,19.0,471.44,392.14,762.78,-46.95,295.37,680.04,295.37,680.04,-63.03,-63.03,M3->FP x M2,301.26,595.08,356.4,165.0,385.5,1243.8,739.8
950,0.90,20.0,505.55,427.35,806.61,-33.82,296.10,688.71,296.10,688.71,-56.52,-56.52,M3->FP x M2,301.26,595.08,356.4,165.0,385.5,1243.8,767.1
1000,0.30,2.0,16.67,-2.40,61.60,-57.93,82.72,900.57,82.72,900.57,-31.57,-57.93,M1->M2 x M3,99.43,182.16,730.0,55.0,155.6,1082.7,279.8
1000,0.30,3.0,92.32,77.32,144.43,-58.18,82.72,900.95,82.72,900.95,-31.53,-58.18,M1->M2 x M3,99.43,182.16,730.0,55.0,155.6,1082.7,344.0
1000,0.30,4.0,167.95,157.02,227.21,-47.46,82.72,905.11,82.72,905.11,-31.48,-47.46,M1->M2 x M3,99.43,182.16,730.0,55.0,155.6,1082.7,408.2
1000,0.30,5.0,243.52,236.67,309.93,-35.82,82.72,913.80,82.72,913.80,-26.55,-35.82,M1->M2 x M3,99.43,182.16,730.0,55.0,155.6,1082.7,472.6
1000,0.30,6.0,319.02,316.25,392.55,-24.15,82.96,926.92,82.96,926.92,-20.73,-24.15,M1->M2 x M3,99.43,182.16,730.0,55.0,155.6,1082.7,537.2
1000,0.30,7.0,394.43,395.72,475.05,-12.44,83.61,944.35,83.61,944.35,-14.88,-14.88,M3->FP x M2,99.43,182.16,730.0,55.0,155.6,1082.7,602.0
1000,0.30,8.0,469.71,475.08,557.41,-0.67,84.66,965.92,84.66,965.92,-9.02,-9.02,M3->FP x M2,99.43,182.16,730.0,55.0,155.6,1082.7,667.1
1000,0.30,9.0,544.85,554.30,639.60,10.14,86.10,991.42,86.10,991.42,-3.12,-3.12,M3->FP x M2,99.43,182.16,730.0,55.0,155.6,1082.7,732.5
1000,0.30,10.0,619.83,633.34,721.59,20.48,87.93,1020.64,87.93,1020.64,2.71,2.71,M3->FP x M2,99.43,182.16,730.0,55.0,155.6,1082.7,798.4
1000,0.30,11.0,694.61,712.20,803.36,30.33,90.12,1053.36,90.12,1053.36,8.46,8.46,M3->FP x M2,99.43,182.16,730.0,55.0,155.6,1082.7,864.6
1000,0.30,12.0,769.19,790.83,884.89,39.69,92.66,1089.36,92.66,1089.36,14.24,14.24,M3->FP x M2,99.43,182.16,730.0,55.0,155.6,1082.7,931.3
1000,0.30,13.0,843.53,869.23,966.15,48.54,95.53,1128.44,95.53,1128.44,20.07,20.07,M3->FP x M2,99.43,182.16,730.0,55.0,155.6,1082.7,998.5
1000,0.30,14.0,917.61,947.36,1047.11,56.88,98.71,1170.39,98.71,1170.39,25.95,25.95,M3->FP x M2,99.43,182.16,730.0,55.0,155.6,1082.7,1066.2
1000,0.30,15.0,991.41,1025.20,1127.76,64.73,102.19,1215.05,102.19,1215.05,31.88,31.88,M3->FP x M2,99.43,182.16,730.0,55.0,155.6,1082.7,1134.5
1000,0.30,16.0,1064.92,1102.73,1208.06,72.09,105.95,1262.26,105.95,1262.26,37.86,37.86,M3->FP x M2,99.43,182.16,730.0,55.0,155.6,1082.7,1203.5
1000,0.30,17.0,1138.09,1179.92,1287.99,78.99,109.96,1311.87,109.83,1311.87,43.91,43.91,M3->FP x M2,99.43,182.16,730.0,55.0,155.6,1082.7,1273.2
1000,0.30,18.0,1210.92,1256.76,1367.54,85.45,114.23,1363.78,113.48,1363.78,50.02,50.02,M3->FP x M2,99.43,182.16,730.0,55.0,155.6,1082.7,1343.6
1000,0.30,19.0,1283.38,1333.21,1446.66,91.49,118.73,1416.26,116.89,1417.87,56.20,56.20,M3->FP x M2,99.43,182.16,730.0,55.0,155.6,1082.7,1414.9
1000,0.30,20.0,1355.46,1409.25,1525.35,97.14,123.45,1464.87,120.07,1474.08,62.45,62.45,M3->FP x M2,99.43,182.16,730.0,55.0,155.6,1082.7,1487.0
1000,0.35,2.0,-3.98,-28.84,46.75,-68.70,99.04,883.90,99.04,883.90,-36.86,-68.70,M1->M2 x M3,116.10,215.13,651.9,64.2,173.9,1099.0,271.1
1000,0.35,3.0,63.38,42.31,121.56,-68.60,99.04,883.90,99.04,883.90,-36.86,-68.60,M1->M2 x M3,116.10,215.13,651.9,64.2,173.9,1099.0,326.9
1000,0.35,4.0,130.71,113.44,196.33,-63.08,99.04,885.28,99.04,885.28,-36.64,-63.08,M1->M2 x M3,116.10,215.13,651.9,64.2,173.9,1099.0,382.8
1000,0.35,5.0,198.01,184.53,271.05,-51.43,99.04,890.16,99.04,890.16,-36.34,-51.43,M1->M2 x M3,116.10,215.13,651.9,64.2,173.9,1099.0,438.8
1000,0.35,6.0,265.24,255.56,345.68,-39.75,99.05,898.54,99.05,898.54,-30.51,-39.75,M1->M2 x M3,116.10,215.13,651.9,64.2,173.9,1099.0,495.0
1000,0.35,7.0,332.40,326.51,420.20,-28.03,99.32,910.36,99.32,910.36,-24.67,-28.03,M1->M2 x M3,116.10,215.13,651.9,64.2,173.9,1099.0,551.4
1000,0.35,8.0,399.45,397.37,494.60,-16.26,99.94,925.54,99.94,925.54,-18.80,-18.80,M3->FP x M2,116.10,215.13,651.9,64.2,173.9,1099.0,608.1
1000,0.35,9.0,466.38,468.11,568.85,-4.43,100.90,943.96,100.90,943.96,-12.90,-12.90,M3->FP x M2,116.10,215.13,651.9,64.2,173.9,1099.0,665.1
1000,0.35,10.0,533.17,538.70,642.92,6.84,102.20,965.51,102.20,965.51,-6.97,-6.97,M3->FP x M2,116.10,215.13,651.9,64.2,173.9,1099.0,722.3
1000,0.35,11.0,599.80,609.13,716.80,17.46,103.82,990.06,103.82,990.06,-1.01,-1.01,M3->FP x M2,116.10,215.13,651.9,64.2,173.9,1099.0,779.9
1000,0.35,12.0,666.24,679.37,790.45,27.70,105.78,1017.45,105.78,1017.45,4.82,4.82,M3->FP x M2,116.10,215.13,651.9,64.2,173.9,1099.0,838.0
1000,0.35,13.0,732.48,749.40,863.87,37.52,108.05,1047.57,108.05,1047.57,10.65,10.65,M3->FP x M2,116.10,215.13,651.9,64.2,173.9,1099.0,896.4
1000,0.35,14.0,798.50,819.21,937.03,46.93,110.62,1080.26,110.62,1080.26,16.53,16.53,M3->FP x M2,116.10,215.13,651.9,64.2,173.9,1099.0,955.4
1000,0.35,15.0,864.28,888.77,1009.90,55.91,113.49,1115.41,113.49,1115.41,22.46,22.46,M3->FP x M2,116.10,215.13,651.9,64.2,173.9,1099.0,1014.8
1000,0.35,16.0,929.79,958.06,1082.46,64.45,116.63,1152.89,116.63,1152.89,28.45,28.45,M3->FP x M2,116.10,215.13,651.9,64.2,173.9,1099.0,1074.9
1000,0.35,17.0,995.02,1027.05,1154.69,72.58,120.06,1192.60,120.06,1192.60,34.50,34.50,M3->FP x M2,116.10,215.13,651.9,64.2,173.9,1099.0,1135.5
1000,0.35,18.0,1059.94,1095.74,1226.57,80.28,123.74,1234.44,123.74,1234.44,40.61,40.61,M3->FP x M2,116.10,215.13,651.9,64.2,173.9,1099.0,1196.8
1000,0.35,19.0,1124.54,1164.09,1298.08,87.59,127.68,1278.34,127.68,1278.34,46.79,46.79,M3->FP x M2,116.10,215.13,651.9,64.2,173.9,1099.0,1258.8
1000,0.35,20.0,1188.80,1232.08,1369.19,94.50,131.85,1324.21,131.61,1324.21,53.04,53.04,M3->FP x M2,116.10,215.13,651.9,64.2,173.9,1099.0,1321.5
1000,0.40,2.0,-20.78,-51.61,35.77,-79.30,115.85,867.21,115.85,867.21,-41.87,-79.30,M1->M2 x M3,132.79,248.64,593.3,73.3,192.6,1115.9,267.1
1000,0.40,3.0,40.36,13.05,104.64,-79.35,115.85,867.21,115.85,867.21,-41.81,-79.35,M1->M2 x M3,132.79,248.64,593.3,73.3,192.6,1115.9,316.6
1000,0.40,4.0,101.47,77.67,173.48,-78.72,115.85,867.36,115.85,867.36,-42.04,-78.72,M1->M2 x M3,132.79,248.64,593.3,73.3,192.6,1115.9,366.2
1000,0.40,5.0,162.56,142.27,242.27,-67.06,115.85,869.70,115.85,869.70,-42.16,-67.06,M1->M2 x M3,132.79,248.64,593.3,73.3,192.6,1115.9,416.0
1000,0.40,6.0,223.60,206.83,310.99,-55.37,115.85,874.89,115.85,874.89,-40.44,-55.37,M1->M2 x M3,132.79,248.64,593.3,73.3,192.6,1115.9,465.9
1000,0.40,7.0,284.57,271.33,379.61,-43.64,115.89,882.90,115.89,882.90,-34.60,-43.64,M1->M2 x M3,132.79,248.64,593.3,73.3,192.6,1115.9,516.0
1000,0.40,8.0,345.45,335.74,448.12,-31.86,116.19,893.70,116.19,893.70,-28.72,-31.86,M1->M2 x M3,132.79,248.64,593.3,73.3,192.6,1115.9,566.3
1000,0.40,9.0,406.23,400.06,516.49,-20.02,116.78,907.22,116.78,907.22,-22.82,-22.82,M3->FP x M2,132.79,248.64,593.3,73.3,192.6,1115.9,616.9
1000,0.40,10.0,466.88,464.24,584.70,-8.12,117.68,923.41,117.68,923.41,-16.89,-16.89,M3->FP x M2,132.79,248.64,593.3,73.3,192.6,1115.9,667.7
1000,0.40,11.0,527.39,528.29,652.73,3.55,118.86,942.18,118.86,942.18,-10.92,-10.92,M3->FP x M2,132.79,248.64,593.3,73.3,192.6,1115.9,718.9
1000,0.40,12.0,587.74,592.18,720.57,14.40,120.35,963.44,120.35,963.44,-4.91,-4.91,M3->FP x M2,132.79,248.64,593.3,73.3,192.6,1115.9,770.4
1000,0.40,13.0,647.92,655.89,788.18,24.94,122.12,987.11,122.12,987.11,1.10,1.10,M3->FP x M2,132.79,248.64,593.3,73.3,192.6,1115.9,822.4
1000,0.40,14.0,707.89,719.39,855.56,35.14,124.18,1013.09,124.18,1013.09,6.98,6.98,M3->FP x M2,132.79,248.64,593.3,73.3,192.6,1115.9,874.7
1000,0.40,15.0,767.65,782.68,922.68,44.99,126.51,1041.29,126.51,1041.29,12.91,12.91,M3->FP x M2,132.79,248.64,593.3,73.3,192.6,1115.9,927.5
1000,0.40,16.0,827.17,845.73,989.51,54.47,129.13,1071.63,129.13,1071.63,18.90,18.90,M3->FP x M2,132.79,248.64,593.3,73.3,192.6,1115.9,980.8
1000,0.40,17.0,886.45,908.52,1056.04,63.58,132.01,1104.02,132.01,1104.02,24.95,24.95,M3->FP x M2,132.79,248.64,593.3,73.3,192.6,1115.9,1034.7
1000,0.40,18.0,945.45,971.04,1122.25,72.33,135.15,1138.40,135.15,1138.40,31.06,31.06,M3->FP x M2,132.79,248.64,593.3,73.3,192.6,1115.9,1089.1
1000,0.40,19.0,1004.17,1033.26,1188.12,80.70,138.55,1174.68,138.55,1174.68,37.25,37.25,M3->FP x M2,132.79,248.64,593.3,73.3,192.6,1115.9,1144.2
1000,0.40,20.0,1062.57,1095.16,1253.63,88.72,142.21,1212.83,142.21,1212.83,43.50,43.50,M3->FP x M2,132.79,248.64,593.3,73.3,192.6,1115.9,1199.9
1000,0.45,2.0,-35.03,-71.96,27.35,-89.96,133.10,850.49,133.10,850.49,-47.04,-89.96,M1->M2 x M3,149.51,282.61,547.8,82.5,211.5,1133.1,266.1
1000,0.45,3.0,21.28,-12.43,91.69,-90.26,133.10,850.49,133.10,850.49,-47.28,-90.26,M1->M2 x M3,149.51,282.61,547.8,82.5,211.5,1133.1,310.7
1000,0.45,4.0,77.56,47.09,155.99,-90.16,133.10,850.49,133.10,850.49,-47.43,-90.16,M1->M2 x M3,149.51,282.61,547.8,82.5,211.5,1133.1,355.5
1000,0.45,5.0,133.82,106.59,220.25,-82.68,133.10,851.12,133.10,851.12,-47.18,-82.68,M1->M2 x M3,149.51,282.61,547.8,82.5,211.5,1133.1,400.4
1000,0.45,6.0,190.04,166.05,284.43,-70.98,133.10,854.04,133.10,854.04,-47.11,-70.98,M1->M2 x M3,149.51,282.61,547.8,82.5,211.5,1133.1,445.4
1000,0.45,7.0,246.20,225.47,348.54,-59.24,133.10,859.33,133.10,859.33,-44.64,-59.24,M1->M2 x M3,149.51,282.61,547.8,82.5,211.5,1133.1,490.6
1000,0.45,8.0,302.29,284.81,412.53,-47.45,133.16,866.98,133.16,866.98,-38.76,-47.45,M1->M2 x M3,149.51,282.61,547.8,82.5,211.5,1133.1,536.0
1000,0.45,9.0,358.28,344.07,476.40,-35.60,133.48,876.95,133.48,876.95,-32.86,-35.60,M1->M2 x M3,149.51,282.61,547.8,82.5,211.5,1133.1,581.6
1000,0.45,10.0,414.17,403.22,540.13,-23.69,134.06,889.23,134.06,889.23,-26.93,-26.93,M3->FP x M2,149.51,282.61,547.8,82.5,211.5,1133.1,627.5
1000,0.45,11.0,469.93,462.25,603.69,-11.70,134.90,903.76,134.90,903.76,-20.96,-20.96,M3->FP x M2,149.51,282.61,547.8,82.5,211.5,1133.1,673.7
1000,0.45,12.0,525.54,521.14,667.07,0.33,136.01,920.48,136.01,920.48,-14.95,-14.95,M3->FP x M2,149.51,282.61,547.8,82.5,211.5,1133.1,720.1
1000,0.45,13.0,581.00,579.87,730.24,11.38,137.38,939.34,137.38,939.34,-8.89,-8.89,M3->FP x M2,149.51,282.61,547.8,82.5,211.5,1133.1,767.0
1000,0.45,14.0,636.28,638.43,793.19,22.17,139.01,960.28,139.01,960.28,-2.79,-2.79,M3->FP x M2,149.51,282.61,547.8,82.5,211.5,1133.1,814.2
1000,0.45,15.0,691.36,696.79,855.90,32.68,140.90,983.24,140.90,983.24,3.25,3.25,M3->FP x M2,149.51,282.61,547.8,82.5,211.5,1133.1,861.8
1000,0.45,16.0,746.24,754.94,918.35,42.89,143.05,1008.15,143.05,1008.15,9.24,9.24,M3->FP x M2,149.51,282.61,547.8,82.5,211.5,1133.1,909.9
1000,0.45,17.0,800.88,812.85,980.52,52.79,145.46,1034.96,145.46,1034.96,15.29,15.29,M3->FP x M2,149.51,282.61,547.8,82.5,211.5,1133.1,958.5
1000,0.45,18.0,855.29,870.52,1042.39,62.38,148.13,1063.61,148.13,1063.61,21.41,21.41,M3->FP x M2,149.51,282.61,547.8,82.5,211.5,1133.1,1007.6
1000,0.45,19.0,909.43,927.93,1103.95,71.65,151.04,1094.04,151.04,1094.04,27.59,27.59,M3->FP x M2,149.51,282.61,547.8,82.5,211.5,1133.1,1057.2
1000,0.45,20.0,963.29,985.05,1165.16,80.59,154.21,1126.22,154.21,1126.22,33.85,33.85,M3->FP x M2,149.51,282.61,547.8,82.5,211.5,1133.1,1107.5
1000,0.50,2.0,-47.48,-90.64,20.75,-101.20,150.68,833.74,150.68,833.74,-52.59,-101.20,M1->M2 x M3,166.26,316.94,511.3,91.7,230.6,1150.7,267.3
1000,0.50,3.0,4.97,-35.29,81.51,-101.14,150.68,833.74,150.68,833.74,-52.45,-101.14,M1->M2 x M3,166.26,316.94,511.3,91.7,230.6,1150.7,308.1
1000,0.50,4.0,57.38,20.12,142.25,-101.10,150.68,833.74,150.68,833.74,-52.57,-101.10,M1->M2 x M3,166.26,316.94,511.3,91.7,230.6,1150.7,348.9
1000,0.50,5.0,109.78,75.48,202.94,-98.27,150.68,833.75,150.68,833.75,-52.39,-98.27,M1->M2 x M3,166.26,316.94,511.3,91.7,230.6,1150.7,389.9
1000,0.50,6.0,162.15,130.81,263.58,-86.56,150.68,834.98,150.68,834.98,-52.60,-86.56,M1->M2 x M3,166.26,316.94,511.3,91.7,230.6,1150.7,431.0
1000,0.50,7.0,214.47,186.11,324.13,-74.81,150.68,838.24,150.68,838.24,-52.68,-74.81,M1->M2 x M3,166.26,316.94,511.3,91.7,230.6,1150.7,472.3
1000,0.50,8.0,266.72,241.34,384.58,-63.01,150.68,843.53,150.68,843.53,-48.90,-63.01,M1->M2 x M3,166.26,316.94,511.3,91.7,230.6,1150.7,513.7
1000,0.50,9.0,318.89,296.51,444.92,-51.15,150.78,850.84,150.78,850.84,-43.00,-51.15,M1->M2 x M3,166.26,316.94,511.3,91.7,230.6,1150.7,555.4
1000,0.50,10.0,370.96,351.58,505.12,-39.23,151.12,860.16,151.12,860.16,-37.06,-39.23,M1->M2 x M3,166.26,316.94,511.3,91.7,230.6,1150.7,597.3
1000,0.50,11.0,422.92,406.55,565.17,-27.23,151.68,871.46,151.68,871.46,-31.08,-31.08,M3->FP x M2,166.26,316.94,511.3,91.7,230.6,1150.7,639.4
1000,0.50,12.0,474.75,461.39,625.05,-15.16,152.49,884.71,152.49,884.71,-25.07,-25.07,M3->FP x M2,166.26,316.94,511.3,91.7,230.6,1150.7,681.9
1000,0.50,13.0,526.44,516.09,684.73,-2.99,153.53,899.88,153.53,899.88,-19.01,-19.01,M3->FP x M2,166.26,316.94,511.3,91.7,230.6,1150.7,724.6
1000,0.50,14.0,577.97,570.64,744.21,8.46,154.81,916.93,154.81,916.93,-12.91,-12.91,M3->FP x M2,166.26,316.94,511.3,91.7,230.6,1150.7,767.8
1000,0.50,15.0,629.32,625.01,803.46,19.47,156.33,935.81,156.33,935.81,-6.75,-6.75,M3->FP x M2,166.26,316.94,511.3,91.7,230.6,1150.7,811.3
1000,0.50,16.0,680.47,679.19,862.46,30.24,158.10,956.49,158.10,956.49,-0.53,-0.53,M3->FP x M2,166.26,316.94,511.3,91.7,230.6,1150.7,855.2
1000,0.50,17.0,731.42,733.17,921.20,40.77,160.10,978.92,160.10,978.92,5.54,5.54,M3->FP x M2,166.26,316.94,511.3,91.7,230.6,1150.7,899.5
1000,0.50,18.0,782.15,786.92,979.67,51.03,162.35,1003.06,162.35,1003.06,11.66,11.66,M3->FP x M2,166.26,316.94,511.3,91.7,230.6,1150.7,944.3
1000,0.50,19.0,832.64,840.43,1037.83,61.02,164.83,1028.87,164.83,1028.87,17.84,17.84,M3->FP x M2,166.26,316.94,511.3,91.7,230.6,1150.7,989.7
1000,0.50,20.0,882.88,893.68,1095.68,70.73,167.56,1056.32,167.56,1056.32,24.11,24.11,M3->FP x M2,166.26,316.94,511.3,91.7,230.6,1150.7,1035.6
1000,0.55,2.0,-57.34,-108.11,15.45,-112.25,168.53,816.96,168.53,816.96,-57.85,-112.25,M1->M2 x M3,183.04,351.56,481.5,100.8,249.9,1168.5,270.1
1000,0.55,3.0,-9.35,-56.22,73.36,-112.20,168.53,816.96,168.53,816.96,-57.87,-112.20,M1->M2 x M3,183.04,351.56,481.5,100.8,249.9,1168.5,307.7
1000,0.55,4.0,39.92,-4.24,131.24,-112.14,168.53,816.96,168.53,816.96,-57.74,-112.14,M1->M2 x M3,183.04,351.56,481.5,100.8,249.9,1168.5,345.4
1000,0.55,5.0,89.16,47.69,189.08,-112.04,168.53,816.96,168.53,816.96,-57.95,-112.04,M1->M2 x M3,183.04,351.56,481.5,100.8,249.9,1168.5,383.2
1000,0.55,6.0,138.38,99.60,246.86,-102.08,168.53,817.15,168.53,817.15,-57.69,-102.08,M1->M2 x M3,183.04,351.56,481.5,100.8,249.9,1168.5,421.1
1000,0.55,7.0,187.55,151.47,304.57,-90.32,168.53,818.83,168.53,818.83,-57.97,-90.32,M1->M2 x M3,183.04,351.56,481.5,100.8,249.9,1168.5,459.1
1000,0.55,8.0,236.66,203.30,362.19,-78.51,168.53,822.29,168.53,822.29,-57.73,-78.51,M1->M2 x M3,183.04,351.56,481.5,100.8,249.9,1168.5,497.4
1000,0.55,9.0,285.71,255.07,419.69,-66.64,168.53,827.53,168.53,827.53,-53.20,-66.64,M1->M2 x M3,183.04,351.56,481.5,100.8,249.9,1168.5,535.8
1000,0.55,10.0,334.66,306.76,477.07,-54.71,168.67,834.54,168.67,834.54,-47.26,-54.71,M1->M2 x M3,183.04,351.56,481.5,100.8,249.9,1168.5,574.4
1000,0.55,11.0,383.52,358.36,534.30,-42.70,169.01,843.32,169.01,843.32,-41.29,-42.70,M1->M2 x M3,183.04,351.56,481.5,100.8,249.9,1168.5,613.3
1000,0.55,12.0,432.26,409.84,591.37,-30.62,169.57,853.85,169.57,853.85,-35.27,-35.27,M3->FP x M2,183.04,351.56,481.5,100.8,249.9,1168.5,652.4
1000,0.55,13.0,480.86,461.21,648.26,-18.44,170.35,866.10,170.35,866.10,-29.21,-29.21,M3->FP x M2,183.04,351.56,481.5,100.8,249.9,1168.5,691.8
1000,0.55,14.0,529.32,512.43,704.95,-6.17,171.34,880.07,171.34,880.07,-23.10,-23.10,M3->FP x M2,183.04,351.56,481.5,100.8,249.9,1168.5,731.6
1000,0.55,15.0,577.62,563.49,761.43,5.68,172.56,895.71,172.56,895.71,-16.94,-16.94,M3->FP x M2,183.04,351.56,481.5,100.8,249.9,1168.5,771.7
1000,0.55,16.0,625.75,614.39,817.68,16.89,173.99,913.01,173.99,913.01,-10.72,-10.72,M3->FP x M2,183.04,351.56,481.5,100.8,249.9,1168.5,812.2
1000,0.55,17.0,673.68,665.09,873.67,27.90,175.65,931.93,175.65,931.93,-4.44,-4.44,M3->FP x M2,183.04,351.56,481.5,100.8,249.9,1168.5,853.1
1000,0.55,18.0,721.40,715.60,929.40,38.71,177.54,952.44,177.54,952.44,1.84,1.84,M3->FP x M2,183.04,351.56,481.5,100.8,249.9,1168.5,894.4
1000,0.55,19.0,768.91,765.88,984.85,49.28,179.65,974.52,179.65,974.52,8.03,8.03,M3->FP x M2,183.04,351.56,481.5,100.8,249.9,1168.5,936.3
1000,0.55,20.0,816.18,815.94,1040.00,59.63,182.00,998.13,182.00,998.13,14.29,14.29,M3->FP x M2,183.04,351.56,481.5,100.8,249.9,1168.5,978.6
1000,0.60,2.0,-62.30,-123.07,11.14,-123.35,186.55,800.16,186.55,800.16,-62.91,-123.35,M1->M2 x M3,199.84,386.39,456.7,110.0,269.3,1186.5,274.1
1000,0.60,3.0,-22.16,-75.71,66.72,-123.19,186.55,800.16,186.55,800.16,-63.14,-123.19,M1->M2 x M3,199.84,386.39,456.7,110.0,269.3,1186.5,309.1
1000,0.60,4.0,24.49,-26.67,122.28,-123.27,186.55,800.16,186.55,800.16,-63.11,-123.27,M1->M2 x M3,199.84,386.39,456.7,110.0,269.3,1186.5,344.1
1000,0.60,5.0,71.10,22.40,177.79,-123.38,186.55,800.16,186.55,800.16,-62.88,-123.38,M1->M2 x M3,199.84,386.39,456.7,110.0,269.3,1186.5,379.2
1000,0.60,6.0,117.69,71.40,233.26,-117.51,186.55,800.16,186.55,800.16,-62.97,-117.51,M1->M2 x M3,199.84,386.39,456.7,110.0,269.3,1186.5,414.5
1000,0.60,7.0,164.24,120.38,288.65,-105.74,186.55,800.63,186.55,800.63,-63.12,-105.74,M1->M2 x M3,199.84,386.39,456.7,110.0,269.3,1186.5,449.9
1000,0.60,8.0,210.75,169.33,343.96,-93.92,186.55,802.63,186.55,802.63,-63.20,-93.92,M1->M2 x M3,199.84,386.39,456.7,110.0,269.3,1186.5,485.4
1000,0.60,9.0,257.19,218.22,399.16,-82.04,186.55,806.21,186.55,806.21,-63.04,-82.04,M1->M2 x M3,199.84,386.39,456.7,110.0,269.3,1186.5,521.1
1000,0.60,10.0,303.55,267.05,454.24,-70.10,186.56,811.38,186.56,811.38,-57.51,-70.10,M1->M2 x M3,199.84,386.39,456.7,110.0,269.3,1186.5,557.0
1000,0.60,11.0,349.82,315.80,509.18,-58.08,186.73,818.13,186.73,818.13,-51.54,-58.08,M1->M2 x M3,199.84,386.39,456.7,110.0,269.3,1186.5,593.1
1000,0.60,12.0,395.99,364.45,563.96,-45.99,187.09,826.46,187.09,826.46,-45.52,-45.99,M1->M2 x M3,199.84,386.39,456.7,110.0,269.3,1186.5,629.5
1000,0.60,13.0,442.03,412.98,618.57,-33.80,187.65,836.36,187.65,836.36,-39.45,-39.45,M3->FP x M2,199.84,386.39,456.7,110.0,269.3,1186.5,666.2
1000,0.60,14.0,487.94,461.40,673.00,-21.52,188.40,847.83,188.40,847.83,-33.34,-33.34,M3->FP x M2,199.84,386.39,456.7,110.0,269.3,1186.5,703.2
1000,0.60,15.0,533.70,509.67,727.22,-9.13,189.36,860.84,189.36,860.84,-27.18,-27.18,M3->FP x M2,199.84,386.39,456.7,110.0,269.3,1186.5,740.4
1000,0.60,16.0,579.29,557.79,781.22,3.09,190.52,875.37,190.52,875.37,-20.96,-20.96,M3->FP x M2,199.84,386.39,456.7,110.0,269.3,1186.5,778.1
1000,0.60,17.0,624.71,605.73,834.98,14.49,191.89,891.42,191.89,891.42,-14.67,-14.67,M3->FP x M2,199.84,386.39,456.7,110.0,269.3,1186.5,816.1
1000,0.60,18.0,669.94,653.50,888.48,25.72,193.47,908.96,193.47,908.96,-8.32,-8.32,M3->FP x M2,199.84,386.39,456.7,110.0,269.3,1186.5,854.5
1000,0.60,19.0,714.97,701.06,941.72,36.78,195.26,927.97,195.26,927.97,-1.90,-1.90,M3->FP x M2,199.84,386.39,456.7,110.0,269.3,1186.5,893.4
1000,0.60,20.0,759.78,748.41,994.67,47.65,197.27,948.42,197.27,948.42,4.43,4.43,M3->FP x M2,199.84,386.39,456.7,110.0,269.3,1186.5,932.8
1000,0.65,2.0,-68.01,-134.42,7.59,-134.59,204.67,783.32,204.67,783.32,-68.31,-134.59,M1->M2 x M3,216.68,421.35,435.6,119.2,288.8,1204.7,279.0
1000,0.65,3.0,-33.82,-94.08,61.25,-134.52,204.67,783.32,204.67,783.32,-68.20,-134.52,M1->M2 x M3,216.68,421.35,435.6,119.2,288.8,1204.7,311.7
1000,0.65,4.0,10.62,-47.58,114.88,-134.55,204.67,783.32,204.67,783.32,-68.10,-134.55,M1->M2 x M3,216.68,421.35,435.6,119.2,288.8,1204.7,344.5
1000,0.65,5.0,55.01,-0.97,168.49,-134.58,204.67,783.32,204.67,783.32,-68.23,-134.58,M1->M2 x M3,216.68,421.35,435.6,119.2,288.8,1204.7,377.4
1000,0.65,6.0,99.38,45.54,222.04,-132.82,204.67,783.32,204.67,783.32,-68.39,-132.82,M1->M2 x M3,216.68,421.35,435.6,119.2,288.8,1204.7,410.4
1000,0.65,7.0,143.72,92.03,275.52,-121.04,204.67,783.33,204.67,783.33,-68.48,-121.04,M1->M2 x M3,216.68,421.35,435.6,119.2,288.8,1204.7,443.5
1000,0.65,8.0,188.02,138.49,328.92,-109.21,204.67,784.13,204.67,784.13,-68.28,-109.21,M1->M2 x M3,216.68,421.35,435.6,119.2,288.8,1204.7,476.8
1000,0.65,9.0,232.26,184.92,382.22,-97.33,204.67,786.35,204.67,786.35,-68.05,-97.33,M1->M2 x M3,216.68,421.35,435.6,119.2,288.8,1204.7,510.2
1000,0.65,10.0,276.43,231.28,435.40,-85.37,204.67,790.01,204.67,790.01,-67.79,-85.37,M1->M2 x M3,216.68,421.35,435.6,119.2,288.8,1204.7,543.8
1000,0.65,11.0,320.51,277.58,488.45,-73.35,204.70,795.09,204.70,795.09,-61.81,-73.35,M1->M2 x M3,216.68,421.35,435.6,119.2,288.8,1204.7,577.6
1000,0.65,12.0,364.50,323.79,541.36,-61.24,204.90,801.62,204.90,801.62,-55.79,-61.24,M1->M2 x M3,216.68,421.35,435.6,119.2,288.8,1204.7,611.7
1000,0.65,13.0,408.38,369.90,594.09,-49.05,205.27,809.58,205.27,809.58,-49.73,-49.73,M3->FP x M2,216.68,421.35,435.6,119.2,288.8,1204.7,646.0
1000,0.65,14.0,452.13,415.90,646.65,-36.76,205.83,818.98,205.83,818.98,-43.61,-43.61,M3->FP x M2,216.68,421.35,435.6,119.2,288.8,1204.7,680.6
1000,0.65,15.0,495.74,461.78,699.01,-24.36,206.57,829.81,206.57,829.81,-37.44,-37.44,M3->FP x M2,216.68,421.35,435.6,119.2,288.8,1204.7,715.5
1000,0.65,16.0,539.21,507.51,751.15,-11.85,207.49,842.06,207.49,842.06,-31.22,-31.22,M3->FP x M2,216.68,421.35,435.6,119.2,288.8,1204.7,750.7
1000,0.65,17.0,582.51,553.09,803.07,0.73,208.61,855.71,208.61,855.71,-24.93,-24.93,M3->FP x M2,216.68,421.35,435.6,119.2,288.8,1204.7,786.3
1000,0.65,18.0,625.63,598.50,854.74,12.31,209.93,870.77,209.93,870.77,-18.58,-18.58,M3->FP x M2,216.68,421.35,435.6,119.2,288.8,1204.7,822.3
1000,0.65,19.0,668.56,643.72,906.15,23.75,211.44,887.21,211.44,887.21,-12.16,-12.16,M3->FP x M2,216.68,421.35,435.6,119.2,288.8,1204.7,858.7
1000,0.65,20.0,711.29,688.75,957.29,35.04,213.16,905.02,213.16,905.02,-5.65,-5.65,M3->FP x M2,216.68,421.35,435.6,119.2,288.8,1204.7,895.5
1000,0.70,2.0,-73.30,-145.73,4.63,-145.43,222.81,766.46,222.81,766.46,-73.71,-145.73,in->M1 x M3,233.54,456.35,417.6,128.3,308.2,1222.8,284.6
1000,0.70,3.0,-44.56,-111.56,56.69,-145.45,222.81,766.46,222.81,766.46,-73.48,-145.45,M1->M2 x M3,233.54,456.35,417.6,128.3,308.2,1222.8,315.4
1000,0.70,4.0,-2.02,-67.27,108.72,-145.68,222.81,766.46,222.81,766.46,-73.13,-145.68,M1->M2 x M3,233.54,456.35,417.6,128.3,308.2,1222.8,346.3
1000,0.70,5.0,40.46,-22.89,160.73,-145.64,222.81,766.46,222.81,766.46,-73.49,-145.64,M1->M2 x M3,233.54,456.35,417.6,128.3,308.2,1222.8,377.3
1000,0.70,6.0,82.93,21.52,212.69,-145.35,222.81,766.46,222.81,766.46,-73.74,-145.35,M1->M2 x M3,233.54,456.35,417.6,128.3,308.2,1222.8,408.3
1000,0.70,7.0,125.38,65.84,264.58,-136.21,222.81,766.46,222.81,766.46,-73.42,-136.21,M1->M2 x M3,233.54,456.35,417.6,128.3,308.2,1222.8,439.5
1000,0.70,8.0,167.79,110.14,316.39,-124.37,222.81,766.54,222.81,766.54,-73.58,-124.37,M1->M2 x M3,233.54,456.35,417.6,128.3,308.2,1222.8,470.8
1000,0.70,9.0,210.14,154.41,368.10,-112.47,222.81,767.62,222.81,767.62,-73.73,-112.47,M1->M2 x M3,233.54,456.35,417.6,128.3,308.2,1222.8,502.3
1000,0.70,10.0,252.43,198.63,419.71,-100.51,222.81,770.00,222.81,770.00,-73.49,-100.51,M1->M2 x M3,233.54,456.35,417.6,128.3,308.2,1222.8,533.9
1000,0.70,11.0,294.65,242.79,471.18,-88.48,222.81,773.70,222.81,773.70,-72.09,-88.48,M1->M2 x M3,233.54,456.35,417.6,128.3,308.2,1222.8,565.8
1000,0.70,12.0,336.78,286.88,522.51,-76.36,222.87,778.71,222.87,778.71,-66.07,-76.36,M1->M2 x M3,233.54,456.35,417.6,128.3,308.2,1222.8,597.8
1000,0.70,13.0,378.80,330.87,573.69,-64.16,223.09,785.04,223.09,785.04,-60.00,-64.16,M1->M2 x M3,233.54,456.35,417.6,128.3,308.2,1222.8,630.1
1000,0.70,14.0,420.71,374.77,624.68,-51.86,223.47,792.71,223.47,792.71,-53.89,-53.89,M3->FP x M2,233.54,456.35,417.6,128.3,308.2,1222.8,662.7
1000,0.70,15.0,462.49,418.55,675.49,-39.45,224.03,801.69,224.03,801.69,-47.72,-47.72,M3->FP x M2,233.54,456.35,417.6,128.3,308.2,1222.8,695.6
1000,0.70,16.0,504.12,462.21,726.09,-26.92,224.76,812.01,224.76,812.01,-41.49,-41.49,M3->FP x M2,233.54,456.35,417.6,128.3,308.2,1222.8,728.7
1000,0.70,17.0,545.61,505.72,776.47,-14.28,225.66,823.64,225.66,823.64,-35.20,-35.20,M3->FP x M2,233.54,456.35,417.6,128.3,308.2,1222.8,762.2
1000,0.70,18.0,586.93,549.09,826.62,-1.49,226.75,836.59,226.75,836.59,-28.84,-28.84,M3->FP x M2,233.54,456.35,417.6,128.3,308.2,1222.8,796.1
1000,0.70,19.0,628.07,592.28,876.51,10.39,228.03,850.85,228.03,850.85,-22.42,-22.42,M3->FP x M2,233.54,456.35,417.6,128.3,308.2,1222.8,830.4
1000,0.70,20.0,669.02,635.29,926.13,22.03,229.49,866.41,229.49,866.41,-15.91,-15.91,M3->FP x M2,233.54,456.35,417.6,128.3,308.2,1222.8,865.0
1000,0.75,2.0,-78.55,-156.80,2.14,-156.85,240.88,749.57,240.88,749.57,-78.38,-156.85,M1->M2 x M3,250.43,491.31,402.0,137.5,327.7,1240.9,290.7
1000,0.75,3.0,-54.57,-128.30,52.85,-156.67,240.88,749.57,240.88,749.57,-78.86,-156.67,M1->M2 x M3,250.43,491.31,402.0,137.5,327.7,1240.9,319.9
1000,0.75,4.0,-13.70,-85.97,103.54,-156.91,240.88,749.57,240.88,749.57,-78.85,-156.91,M1->M2 x M3,250.43,491.31,402.0,137.5,327.7,1240.9,349.1
1000,0.75,5.0,27.16,-43.54,154.21,-156.66,240.88,749.57,240.88,749.57,-78.87,-156.66,M1->M2 x M3,250.43,491.31,402.0,137.5,327.7,1240.9,378.4
1000,0.75,6.0,67.98,-0.99,204.82,-156.64,240.88,749.57,240.88,749.57,-78.51,-156.64,M1->M2 x M3,250.43,491.31,402.0,137.5,327.7,1240.9,407.8
1000,0.75,7.0,108.79,41.42,255.37,-151.21,240.88,749.57,240.88,749.57,-78.79,-151.21,M1->M2 x M3,250.43,491.31,402.0,137.5,327.7,1240.9,437.3
1000,0.75,8.0,149.56,83.80,305.85,-139.36,240.88,749.57,240.88,749.57,-78.87,-139.36,M1->M2 x M3,250.43,491.31,402.0,137.5,327.7,1240.9,466.9
1000,0.75,9.0,190.28,126.17,356.23,-127.46,240.88,749.78,240.88,749.78,-78.99,-127.46,M1->M2 x M3,250.43,491.31,402.0,137.5,327.7,1240.9,496.7
1000,0.75,10.0,230.95,168.49,406.51,-115.48,240.88,751.08,240.88,751.08,-78.31,-115.48,M1->M2 x M3,250.43,491.31,402.0,137.5,327.7,1240.9,526.6
1000,0.75,11.0,271.55,210.77,456.66,-103.44,240.88,753.58,240.88,753.58,-79.01,-103.44,M1->M2 x M3,250.43,491.31,402.0,137.5,327.7,1240.9,556.8
1000,0.75,12.0,312.06,252.98,506.67,-91.31,240.88,757.30,240.88,757.30,-76.33,-91.31,M1->M2 x M3,250.43,491.31,402.0,137.5,327.7,1240.9,587.1
1000,0.75,13.0,352.48,295.11,556.52,-79.10,240.97,762.25,240.97,762.25,-70.26,-79.10,M1->M2 x M3,250.43,491.31,402.0,137.5,327.7,1240.9,617.7
1000,0.75,14.0,392.79,337.15,606.21,-66.79,241.21,768.42,241.21,768.42,-64.14,-66.79,M1->M2 x M3,250.43,491.31,402.0,137.5,327.7,1240.9,648.5
1000,0.75,15.0,432.98,379.09,655.71,-54.37,241.61,775.84,241.61,775.84,-57.97,-57.97,M3->FP x M2,250.43,491.31,402.0,137.5,327.7,1240.9,679.6
1000,0.75,16.0,473.04,420.92,705.02,-41.83,242.17,784.49,242.17,784.49,-51.74,-51.74,M3->FP x M2,250.43,491.31,402.0,137.5,327.7,1240.9,710.9
1000,0.75,17.0,512.96,462.61,754.11,-29.18,242.89,794.39,242.89,794.39,-45.45,-45.45,M3->FP x M2,250.43,491.31,402.0,137.5,327.7,1240.9,742.6
1000,0.75,18.0,552.72,504.17,802.96,-16.38,243.79,805.53,243.79,805.53,-39.09,-39.09,M3->FP x M2,250.43,491.31,402.0,137.5,327.7,1240.9,774.7
1000,0.75,19.0,592.31,545.57,851.58,-3.44,244.85,817.92,244.85,817.92,-32.66,-32.66,M3->FP x M2,250.43,491.31,402.0,137.5,327.7,1240.9,807.1
1000,0.75,20.0,631.72,586.81,899.93,8.77,246.09,831.54,246.09,831.54,-26.15,-26.15,M3->FP x M2,250.43,491.31,402.0,137.5,327.7,1240.9,839.9
1000,0.80,2.0,-83.68,-167.97,0.03,-167.95,258.80,732.65,258.80,732.65,-84.28,-167.97,in->M1 x M3,267.35,526.15,388.3,146.7,347.1,1258.8,297.3
1000,0.80,3.0,-63.99,-144.40,49.60,-167.90,258.80,732.65,258.80,732.65,-84.03,-167.90,M1->M2 x M3,267.35,526.15,388.3,146.7,347.1,1258.8,325.0
1000,0.80,4.0,-24.58,-103.83,99.15,-167.87,258.80,732.65,258.80,732.65,-83.55,-167.87,M1->M2 x M3,267.35,526.15,388.3,146.7,347.1,1258.8,352.8
1000,0.80,5.0,14.86,-63.16,148.68,-167.87,258.80,732.65,258.80,732.65,-84.04,-167.87,M1->M2 x M3,267.35,526.15,388.3,146.7,347.1,1258.8,380.6
1000,0.80,6.0,54.25,-22.36,198.15,-167.91,258.81,732.65,258.81,732.65,-84.17,-167.91,M1->M2 x M3,267.35,526.15,388.3,146.7,347.1,1258.8,408.5
1000,0.80,7.0,93.61,18.44,247.57,-166.02,258.80,732.65,258.80,732.65,-83.98,-166.02,M1->M2 x M3,267.35,526.15,388.3,146.7,347.1,1258.8,436.5
1000,0.80,8.0,132.95,59.13,296.92,-154.16,258.80,732.65,258.80,732.65,-84.27,-154.16,M1->M2 x M3,267.35,526.15,388.3,146.7,347.1,1258.8,464.7
1000,0.80,9.0,172.25,99.79,346.17,-142.24,258.80,732.65,258.80,732.65,-83.90,-142.24,M1->M2 x M3,267.35,526.15,388.3,146.7,347.1,1258.8,493.0
1000,0.80,10.0,211.50,140.43,395.32,-130.26,258.80,733.03,258.80,733.03,-84.19,-130.26,M1->M2 x M3,267.35,526.15,388.3,146.7,347.1,1258.8,521.4
1000,0.80,11.0,250.68,181.02,444.34,-118.21,258.81,734.50,258.81,734.50,-84.18,-118.21,M1->M2 x M3,267.35,526.15,388.3,146.7,347.1,1258.8,550.1
1000,0.80,12.0,289.79,221.56,493.24,-106.07,258.80,737.10,258.80,737.10,-83.93,-106.07,M1->M2 x M3,267.35,526.15,388.3,146.7,347.1,1258.8,578.9
1000,0.80,13.0,328.81,262.03,541.98,-93.85,258.81,740.84,258.81,740.84,-80.48,-93.85,M1->M2 x M3,267.35,526.15,388.3,146.7,347.1,1258.8,607.9
1000,0.80,14.0,367.72,302.42,590.55,-81.53,258.93,745.72,258.93,745.72,-74.35,-81.53,M1->M2 x M3,267.35,526.15,388.3,146.7,347.1,1258.8,637.2
1000,0.80,15.0,406.53,342.71,638.95,-69.10,259.19,751.77,259.19,751.77,-68.18,-69.10,M1->M2 x M3,267.35,526.15,388.3,146.7,347.1,1258.8,666.7
1000,0.80,16.0,445.21,382.91,687.15,-56.55,259.60,758.99,259.60,758.99,-61.95,-61.95,M3->FP x M2,267.35,526.15,388.3,146.7,347.1,1258.8,696.6
1000,0.80,17.0,483.76,422.98,735.14,-43.88,260.17,767.38,260.17,767.38,-55.65,-55.65,M3->FP x M2,267.35,526.15,388.3,146.7,347.1,1258.8,726.7
1000,0.80,18.0,522.16,462.93,782.91,-31.08,260.89,776.95,260.89,776.95,-49.29,-49.29,M3->FP x M2,267.35,526.15,388.3,146.7,347.1,1258.8,757.1
1000,0.80,19.0,560.40,502.74,830.44,-18.13,261.78,787.69,261.78,787.69,-42.86,-42.86,M3->FP x M2,267.35,526.15,388.3,146.7,347.1,1258.8,787.9
1000,0.80,20.0,598.46,542.39,877.72,-5.03,262.83,799.62,262.83,799.62,-36.35,-36.35,M3->FP x M2,267.35,526.15,388.3,146.7,347.1,1258.8,819.1
1000,0.85,2.0,-88.81,-178.98,0.05,-178.83,276.50,715.71,276.50,715.71,-89.52,-178.98,in->M1 x M3,284.29,560.78,376.3,155.8,366.4,1276.5,313.3
1000,0.85,3.0,-72.92,-159.96,46.82,-179.13,276.50,715.71,276.50,715.71,-88.69,-179.13,M1->M2 x M3,284.29,560.78,376.3,155.8,366.4,1276.5,330.6
1000,0.85,4.0,-34.80,-120.96,95.40,-179.13,276.50,715.71,276.50,715.71,-89.42,-179.13,M1->M2 x M3,284.29,560.78,376.3,155.8,366.4,1276.5,357.1
1000,0.85,5.0,3.39,-81.87,143.95,-178.78,276.50,715.71,276.50,715.71,-88.82,-178.78,M1->M2 x M3,284.29,560.78,376.3,155.8,366.4,1276.5,383.6
1000,0.85,6.0,41.51,-42.67,192.46,-179.01,276.50,715.71,276.50,715.71,-89.25,-179.01,M1->M2 x M3,284.29,560.78,376.3,155.8,366.4,1276.5,410.2
1000,0.85,7.0,79.61,-3.32,240.91,-178.83,276.50,715.71,276.50,715.71,-89.03,-178.83,M1->M2 x M3,284.29,560.78,376.3,155.8,366.4,1276.5,437.0
1000,0.85,8.0,117.69,35.85,289.29,-168.74,276.50,715.71,276.50,715.71,-89.32,-168.74,M1->M2 x M3,284.29,560.78,376.3,155.8,366.4,1276.5,463.8
1000,0.85,9.0,155.73,74.98,337.58,-156.81,276.50,715.71,276.50,715.71,-89.35,-156.81,M1->M2 x M3,284.29,560.78,376.3,155.8,366.4,1276.5,490.8
1000,0.85,10.0,193.73,114.10,385.76,-144.82,276.50,715.71,276.50,715.71,-89.53,-144.82,M1->M2 x M3,284.29,560.78,376.3,155.8,366.4,1276.5,517.9
1000,0.85,11.0,231.67,153.17,433.83,-132.76,276.50,716.27,276.50,716.27,-89.41,-132.76,M1->M2 x M3,284.29,560.78,376.3,155.8,366.4,1276.5,545.2
1000,0.85,12.0,269.53,192.21,481.77,-120.61,276.50,717.89,276.50,717.89,-89.03,-120.61,M1->M2 x M3,284.29,560.78,376.3,155.8,366.4,1276.5,572.7
1000,0.85,13.0,307.31,231.18,529.56,-108.38,276.50,720.56,276.50,720.56,-89.49,-108.38,M1->M2 x M3,284.29,560.78,376.3,155.8,366.4,1276.5,600.4
1000,0.85,14.0,345.00,270.08,577.19,-96.04,276.52,724.32,276.52,724.32,-84.51,-96.04,M1->M2 x M3,284.29,560.78,376.3,155.8,366.4,1276.5,628.4
1000,0.85,15.0,382.59,308.90,624.64,-83.61,276.66,729.16,276.66,729.16,-78.33,-83.61,M1->M2 x M3,284.29,560.78,376.3,155.8,366.4,1276.5,656.5
1000,0.85,16.0,420.06,347.63,671.90,-71.05,276.94,735.11,276.94,735.11,-72.09,-72.09,M3->FP x M2,284.29,560.78,376.3,155.8,366.4,1276.5,685.0
1000,0.85,17.0,457.40,386.25,718.96,-58.37,277.37,742.18,277.37,742.18,-65.80,-65.80,M3->FP x M2,284.29,560.78,376.3,155.8,366.4,1276.5,713.7
1000,0.85,18.0,494.60,424.75,765.80,-45.56,277.95,750.36,277.95,750.36,-59.43,-59.43,M3->FP x M2,284.29,560.78,376.3,155.8,366.4,1276.5,742.7
1000,0.85,19.0,531.65,463.13,812.40,-32.60,278.67,759.66,278.67,759.66,-53.00,-53.00,M3->FP x M2,284.29,560.78,376.3,155.8,366.4,1276.5,772.1
1000,0.85,20.0,568.54,501.36,858.76,-19.48,279.55,770.10,279.55,770.10,-46.48,-46.48,M3->FP x M2,284.29,560.78,376.3,155.8,366.4,1276.5,801.9
1000,0.90,2.0,-94.49,-189.59,1.26,-189.80,293.87,698.74,293.87,698.74,-94.64,-189.80,M1->M2 x M3,301.26,595.13,365.6,165.0,385.5,1293.9,332.4
1000,0.90,3.0,-81.44,-175.01,44.43,-190.01,293.87,698.74,293.87,698.74,-94.66,-190.01,M1->M2 x M3,301.26,595.13,365.6,165.0,385.5,1293.9,336.6
1000,0.90,4.0,-44.47,-137.45,92.18,-190.03,293.87,698.74,293.87,698.74,-94.50,-190.03,M1->M2 x M3,301.26,595.13,365.6,165.0,385.5,1293.9,361.9
1000,0.90,5.0,-7.41,-99.81,139.90,-189.88,293.87,698.74,293.87,698.74,-94.50,-189.88,M1->M2 x M3,301.26,595.13,365.6,165.0,385.5,1293.9,387.3
1000,0.90,6.0,29.60,-62.05,187.57,-189.77,293.87,698.74,293.87,698.74,-93.95,-189.77,M1->M2 x M3,301.26,595.13,365.6,165.0,385.5,1293.9,412.8
1000,0.90,7.0,66.58,-24.15,235.19,-189.80,293.87,698.74,293.87,698.74,-94.87,-189.80,M1->M2 x M3,301.26,595.13,365.6,165.0,385.5,1293.9,438.4
1000,0.90,8.0,103.54,13.77,282.74,-183.07,293.87,698.74,293.87,698.74,-93.95,-183.07,M1->M2 x M3,301.26,595.13,365.6,165.0,385.5,1293.9,464.0
1000,0.90,9.0,140.47,51.52,330.20,-171.14,293.87,698.74,293.87,698.74,-94.45,-171.14,M1->M2 x M3,301.26,595.13,365.6,165.0,385.5,1293.9,489.9
1000,0.90,10.0,177.35,89.25,377.56,-159.13,293.87,698.74,293.87,698.74,-94.31,-159.13,M1->M2 x M3,301.26,595.13,365.6,165.0,385.5,1293.9,515.8
1000,0.90,11.0,214.19,126.95,424.80,-147.06,293.87,698.77,293.87,698.77,-94.68,-147.06,M1->M2 x M3,301.26,595.13,365.6,165.0,385.5,1293.9,542.0
1000,0.90,12.0,250.95,164.62,471.92,-134.91,293.87,699.50,293.87,699.50,-94.53,-134.91,M1->M2 x M3,301.26,595.13,365.6,165.0,385.5,1293.9,568.3
1000,0.90,13.0,287.64,202.23,518.89,-122.66,293.87,701.24,293.87,701.24,-94.78,-122.66,M1->M2 x M3,301.26,595.13,365.6,165.0,385.5,1293.9,594.8
1000,0.90,14.0,324.24,239.79,565.70,-110.32,293.87,703.98,293.87,703.98,-94.57,-110.32,M1->M2 x M3,301.26,595.13,365.6,165.0,385.5,1293.9,621.5
1000,0.90,15.0,360.74,277.27,612.34,-97.87,293.92,707.76,293.92,707.76,-88.39,-97.87,M1->M2 x M3,301.26,595.13,365.6,165.0,385.5,1293.9,648.5
1000,0.90,16.0,397.14,314.66,658.80,-85.30,294.09,712.58,294.09,712.58,-82.15,-85.30,M1->M2 x M3,301.26,595.13,365.6,165.0,385.5,1293.9,675.7
1000,0.90,17.0,433.41,351.96,705.05,-72.61,294.39,718.46,294.39,718.46,-75.85,-75.85,M3->FP x M2,301.26,595.13,365.6,165.0,385.5,1293.9,703.2
1000,0.90,18.0,469.55,389.16,751.09,-59.79,294.83,725.41,294.83,725.41,-69.48,-69.48,M3->FP x M2,301.26,595.13,365.6,165.0,385.5,1293.9,731.0
1000,0.90,19.0,505.55,426.23,796.90,-46.82,295.42,733.43,295.42,733.43,-63.05,-63.05,M3->FP x M2,301.26,595.13,365.6,165.0,385.5,1293.9,759.1
1000,0.90,20.0,541.39,463.18,842.47,-33.69,296.15,742.53,296.15,742.53,-56.53,-56.53,M3->FP x M2,301.26,595.13,365.6,165.0,385.5,1293.9,787.5
1050,0.30,2.0,23.66,4.36,68.62,-58.14,83.49,950.56,83.49,950.56,-31.58,-58.14,M1->M2 x M3,99.44,182.92,757.3,55.0,156.0,1133.5,286.3
1050,0.30,3.0,103.09,87.85,155.24,-58.14,83.49,951.19,83.49,951.19,-31.56,-58.14,M1->M2 x M3,99.44,182.92,757.3,55.0,156.0,1133.5,353.3
1050,0.30,4.0,182.49,171.33,241.81,-47.40,83.49,955.98,83.49,955.98,-31.56,-47.40,M1->M2 x M3,99.44,182.92,757.3,55.0,156.0,1133.5,420.5
1050,0.30,5.0,261.84,254.74,328.31,-35.76,83.49,965.45,83.49,965.45,-26.76,-35.76,M1->M2 x M3,99.44,182.92,757.3,55.0,156.0,1133.5,487.8
1050,0.30,6.0,341.11,338.09,414.71,-24.09,83.72,979.50,83.72,979.50,-20.94,-24.09,M1->M2 x M3,99.44,182.92,757.3,55.0,156.0,1133.5,555.3
1050,0.30,7.0,420.27,421.32,500.98,-12.38,84.37,998.00,84.37,998.00,-15.09,-15.09,M3->FP x M2,99.44,182.92,757.3,55.0,156.0,1133.5,623.1
1050,0.30,8.0,499.30,504.43,587.11,-0.61,85.40,1020.77,85.40,1020.77,-9.23,-9.23,M3->FP x M2,99.44,182.92,757.3,55.0,156.0,1133.5,691.2
1050,0.30,9.0,578.19,587.39,673.05,10.19,86.84,1047.60,86.84,1047.60,-3.33,-3.33,M3->FP x M2,99.44,182.92,757.3,55.0,156.0,1133.5,759.6
1050,0.30,10.0,656.89,670.17,758.79,20.51,88.64,1078.27,88.64,1078.27,2.50,2.50,M3->FP x M2,99.44,182.92,757.3,55.0,156.0,1133.5,828.4
1050,0.30,11.0,735.40,752.74,844.29,30.35,90.82,1112.57,90.82,1112.57,8.25,8.25,M3->FP x M2,99.44,182.92,757.3,55.0,156.0,1133.5,897.7
1050,0.30,12.0,813.68,835.09,929.54,39.69,93.34,1150.25,93.34,1150.25,14.04,14.04,M3->FP x M2,99.44,182.92,757.3,55.0,156.0,1133.5,967.4
1050,0.30,13.0,891.71,917.18,1014.51,48.52,96.19,1191.12,96.19,1191.12,19.87,19.87,M3->FP x M2,99.44,182.92,757.3,55.0,156.0,1133.5,1037.6
1050,0.30,14.0,969.48,998.99,1099.16,56.85,99.35,1234.98,99.35,1234.98,25.75,25.75,M3->FP x M2,99.44,182.92,757.3,55.0,156.0,1133.5,1108.4
1050,0.30,15.0,1046.94,1080.49,1183.48,64.68,102.81,1281.64,102.81,1281.64,31.68,31.68,M3->FP x M2,99.44,182.92,757.3,55.0,156.0,1133.5,1179.9
1050,0.30,16.0,1124.09,1161.67,1267.45,72.03,106.54,1330.94,106.54,1330.94,37.66,37.66,M3->FP x M2,99.44,182.92,757.3,55.0,156.0,1133.5,1252.0
1050,0.30,17.0,1200.90,1242.49,1351.02,78.92,110.54,1382.75,110.43,1382.75,43.71,43.71,M3->FP x M2,99.44,182.92,757.3,55.0,156.0,1133.5,1324.8
1050,0.30,18.0,1277.34,1322.94,1434.18,85.36,114.78,1436.94,114.08,1436.94,49.81,49.81,M3->FP x M2,99.44,182.92,757.3,55.0,156.0,1133.5,1398.5
1050,0.30,19.0,1353.39,1402.98,1516.91,91.39,119.26,1491.92,117.49,1493.42,55.99,55.99,M3->FP x M2,99.44,182.92,757.3,55.0,156.0,1133.5,1473.0
1050,0.30,20.0,1429.03,1482.59,1599.18,97.03,123.96,1542.98,120.68,1552.09,62.25,62.25,M3->FP x M2,99.44,182.92,757.3,55.0,156.0,1133.5,1548.4
1050,0.35,2.0,2.25,-22.86,53.00,-68.93,99.80,933.90,99.80,933.90,-36.84,-68.93,M1->M2 x M3,116.10,215.90,675.3,64.2,174.3,1149.8,276.7
1050,0.35,3.0,72.97,51.65,131.19,-68.93,99.80,933.90,99.80,933.90,-36.73,-68.93,M1->M2 x M3,116.10,215.90,675.3,64.2,174.3,1149.8,335.0
1050,0.35,4.0,143.66,126.14,209.33,-62.99,99.80,935.75,99.80,935.75,-36.81,-62.99,M1->M2 x M3,116.10,215.90,675.3,64.2,174.3,1149.8,393.4
1050,0.35,5.0,214.31,200.59,287.42,-51.35,99.80,941.24,99.80,941.24,-36.55,-51.35,M1->M2 x M3,116.10,215.90,675.3,64.2,174.3,1149.8,451.9
1050,0.35,6.0,284.90,274.97,365.41,-39.67,99.82,950.33,99.82,950.33,-30.73,-39.67,M1->M2 x M3,116.10,215.90,675.3,64.2,174.3,1149.8,510.6
1050,0.35,7.0,355.40,349.27,443.30,-27.94,100.09,962.97,100.09,962.97,-24.88,-27.94,M1->M2 x M3,116.10,215.90,675.3,64.2,174.3,1149.8,569.6
1050,0.35,8.0,425.79,423.47,521.04,-16.17,100.70,979.07,100.70,979.07,-19.01,-19.01,M3->FP x M2,116.10,215.90,675.3,64.2,174.3,1149.8,628.8
1050,0.35,9.0,496.05,497.53,598.63,-4.34,101.65,998.52,101.65,998.52,-13.11,-13.11,M3->FP x M2,116.10,215.90,675.3,64.2,174.3,1149.8,688.3
1050,0.35,10.0,566.16,571.45,676.04,6.91,102.94,1021.18,102.94,1021.18,-7.18,-7.18,M3->FP x M2,116.10,215.90,675.3,64.2,174.3,1149.8,748.1
1050,0.35,11.0,636.10,645.19,753.24,17.52,104.56,1046.93,104.56,1046.93,-1.22,-1.22,M3->FP x M2,116.10,215.90,675.3,64.2,174.3,1149.8,808.3
1050,0.35,12.0,705.85,718.73,830.22,27.74,106.50,1075.63,106.50,1075.63,4.62,4.62,M3->FP x M2,116.10,215.90,675.3,64.2,174.3,1149.8,868.9
1050,0.35,13.0,775.37,792.06,906.93,37.55,108.75,1107.13,108.75,1107.13,10.45,10.45,M3->FP x M2,116.10,215.90,675.3,64.2,174.3,1149.8,930.0
1050,0.35,14.0,844.67,865.14,983.38,46.94,111.31,1141.30,111.31,1141.30,16.33,16.33,M3->FP x M2,116.10,215.90,675.3,64.2,174.3,1149.8,991.6
1050,0.35,15.0,913.70,937.96,1059.52,55.90,114.16,1178.00,114.16,1178.00,22.26,22.26,M3->FP x M2,116.10,215.90,675.3,64.2,174.3,1149.8,1053.7
1050,0.35,16.0,982.46,1010.50,1135.34,64.44,117.29,1217.13,117.29,1217.13,28.25,28.25,M3->FP x M2,116.10,215.90,675.3,64.2,174.3,1149.8,1116.4
1050,0.35,17.0,1050.92,1082.72,1210.82,72.54,120.69,1258.56,120.69,1258.56,34.29,34.29,M3->FP x M2,116.10,215.90,675.3,64.2,174.3,1149.8,1179.8
1050,0.35,18.0,1119.06,1154.62,1285.92,80.24,124.36,1302.21,124.36,1302.21,40.40,40.40,M3->FP x M2,116.10,215.90,675.3,64.2,174.3,1149.8,1243.8
1050,0.35,19.0,1186.85,1226.16,1360.64,87.53,128.27,1347.99,128.27,1347.99,46.58,46.58,M3->FP x M2,116.10,215.90,675.3,64.2,174.3,1149.8,1308.6
1050,0.35,20.0,1254.29,1297.34,1434.94,94.43,132.43,1395.83,132.22,1395.83,52.84,52.84,M3->FP x M2,116.10,215.90,675.3,64.2,174.3,1149.8,1374.2
1050,0.40,2.0,-15.13,-46.20,41.44,-79.60,116.60,917.21,116.60,917.21,-41.95,-79.60,M1->M2 x M3,132.79,249.40,613.8,73.3,193.0,1166.6,272.0
1050,0.40,3.0,49.06,21.51,113.38,-79.57,116.60,917.21,116.60,917.21,-41.89,-79.57,M1->M2 x M3,132.79,249.40,613.8,73.3,193.0,1166.6,323.7
1050,0.40,4.0,113.23,89.18,185.28,-78.61,116.60,917.53,116.60,917.53,-41.89,-78.61,M1->M2 x M3,132.79,249.40,613.8,73.3,193.0,1166.6,375.5
1050,0.40,5.0,177.36,156.83,257.13,-66.95,116.60,920.37,116.60,920.37,-41.97,-66.95,M1->M2 x M3,132.79,249.40,613.8,73.3,193.0,1166.6,427.4
1050,0.40,6.0,241.44,224.43,328.90,-55.26,116.60,926.13,116.60,926.13,-40.65,-55.26,M1->M2 x M3,132.79,249.40,613.8,73.3,193.0,1166.6,479.6
1050,0.40,7.0,305.44,291.96,400.57,-43.53,116.64,934.80,116.64,934.80,-34.80,-43.53,M1->M2 x M3,132.79,249.40,613.8,73.3,193.0,1166.6,531.9
1050,0.40,8.0,369.35,359.41,472.12,-31.75,116.94,946.34,116.94,946.34,-28.93,-31.75,M1->M2 x M3,132.79,249.40,613.8,73.3,193.0,1166.6,584.4
1050,0.40,9.0,433.15,426.74,543.53,-19.91,117.53,960.68,117.53,960.68,-23.03,-23.03,M3->FP x M2,132.79,249.40,613.8,73.3,193.0,1166.6,637.2
1050,0.40,10.0,496.82,493.95,614.76,-8.01,118.41,977.75,118.41,977.75,-17.10,-17.10,M3->FP x M2,132.79,249.40,613.8,73.3,193.0,1166.6,690.3
1050,0.40,11.0,560.34,561.00,685.82,3.65,119.59,997.49,119.59,997.49,-11.13,-11.13,M3->FP x M2,132.79,249.40,613.8,73.3,193.0,1166.6,743.8
1050,0.40,12.0,623.68,627.88,756.66,14.49,121.07,1019.78,121.07,1019.78,-5.12,-5.12,M3->FP x M2,132.79,249.40,613.8,73.3,193.0,1166.6,797.6
1050,0.40,13.0,686.84,694.57,827.27,25.01,122.83,1044.56,122.83,1044.56,0.90,0.90,M3->FP x M2,132.79,249.40,613.8,73.3,193.0,1166.6,851.8
1050,0.40,14.0,749.78,761.05,897.63,35.20,124.87,1071.71,124.87,1071.71,6.78,6.78,M3->FP x M2,132.79,249.40,613.8,73.3,193.0,1166.6,906.4
1050,0.40,15.0,812.50,827.30,967.72,45.03,127.20,1101.16,127.20,1101.16,12.71,12.71,M3->FP x M2,132.79,249.40,613.8,73.3,193.0,1166.6,961.6
1050,0.40,16.0,874.97,893.30,1037.51,54.50,129.80,1132.82,129.80,1132.82,18.70,18.70,M3->FP x M2,132.79,249.40,613.8,73.3,193.0,1166.6,1017.2
1050,0.40,17.0,937.17,959.02,1106.99,63.60,132.67,1166.60,132.67,1166.60,24.75,24.75,M3->FP x M2,132.79,249.40,613.8,73.3,193.0,1166.6,1073.5
1050,0.40,18.0,999.09,1024.45,1176.12,72.33,135.80,1202.43,135.80,1202.43,30.86,30.86,M3->FP x M2,132.79,249.40,613.8,73.3,193.0,1166.6,1130.3
1050,0.40,19.0,1060.71,1089.57,1244.90,80.69,139.18,1240.24,139.18,1240.24,37.05,37.05,M3->FP x M2,132.79,249.40,613.8,73.3,193.0,1166.6,1187.8
1050,0.40,20.0,1122.00,1154.36,1313.31,88.69,142.82,1279.99,142.82,1279.99,43.30,43.30,M3->FP x M2,132.79,249.40,613.8,73.3,193.0,1166.6,1246.0
1050,0.45,2.0,-29.82,-66.99,32.58,-90.37,133.80,900.49,133.80,900.49,-47.03,-90.37,M1->M2 x M3,149.51,283.32,566.0,82.5,211.9,1183.8,270.4
1050,0.45,3.0,29.29,-4.64,99.73,-90.45,133.80,900.49,133.80,900.49,-47.19,-90.45,M1->M2 x M3,149.51,283.32,566.0,82.5,211.9,1183.8,317.1
1050,0.45,4.0,88.38,57.68,166.85,-90.29,133.80,900.49,133.80,900.49,-47.42,-90.29,M1->M2 x M3,149.51,283.32,566.0,82.5,211.9,1183.8,363.8
1050,0.45,5.0,147.45,119.98,233.93,-82.55,133.80,901.47,133.80,901.47,-47.33,-82.55,M1->M2 x M3,149.51,283.32,566.0,82.5,211.9,1183.8,410.6
1050,0.45,6.0,206.46,182.25,300.93,-70.85,133.80,904.87,133.80,904.87,-47.07,-70.85,M1->M2 x M3,149.51,283.32,566.0,82.5,211.9,1183.8,457.6
1050,0.45,7.0,265.42,244.46,367.84,-59.11,133.80,910.71,133.80,910.71,-44.84,-59.11,M1->M2 x M3,149.51,283.32,566.0,82.5,211.9,1183.8,504.7
1050,0.45,8.0,324.30,306.59,434.63,-47.32,133.87,918.97,133.87,918.97,-38.96,-47.32,M1->M2 x M3,149.51,283.32,566.0,82.5,211.9,1183.8,552.1
1050,0.45,9.0,383.07,368.63,501.30,-35.47,134.19,929.62,134.19,929.62,-33.06,-35.47,M1->M2 x M3,149.51,283.32,566.0,82.5,211.9,1183.8,599.7
1050,0.45,10.0,441.73,430.56,567.81,-23.56,134.76,942.63,134.76,942.63,-27.12,-27.12,M3->FP x M2,149.51,283.32,566.0,82.5,211.9,1183.8,647.6
1050,0.45,11.0,500.26,492.36,634.15,-11.57,135.60,957.95,135.60,957.95,-21.15,-21.15,M3->FP x M2,149.51,283.32,566.0,82.5,211.9,1183.8,695.7
1050,0.45,12.0,558.63,554.01,700.30,0.46,136.70,975.52,136.70,975.52,-15.14,-15.14,M3->FP x M2,149.51,283.32,566.0,82.5,211.9,1183.8,744.3
1050,0.45,13.0,616.83,615.48,766.23,11.50,138.06,995.29,138.06,995.29,-9.09,-9.09,M3->FP x M2,149.51,283.32,566.0,82.5,211.9,1183.8,793.1
1050,0.45,14.0,674.85,676.78,831.93,22.27,139.69,1017.19,139.69,1017.19,-2.98,-2.98,M3->FP x M2,149.51,283.32,566.0,82.5,211.9,1183.8,842.4
1050,0.45,15.0,732.65,737.86,897.38,32.77,141.57,1041.17,141.57,1041.17,3.06,3.06,M3->FP x M2,149.51,283.32,566.0,82.5,211.9,1183.8,892.1
1050,0.45,16.0,790.24,798.72,962.55,42.96,143.71,1067.16,143.71,1067.16,9.05,9.05,M3->FP x M2,149.51,283.32,566.0,82.5,211.9,1183.8,942.3
1050,0.45,17.0,847.59,859.34,1027.43,52.85,146.11,1095.11,146.11,1095.11,15.10,15.10,M3->FP x M2,149.51,283.32,566.0,82.5,211.9,1183.8,993.0
1050,0.45,18.0,904.67,919.69,1091.99,62.42,148.76,1124.96,148.76,1124.96,21.22,21.22,M3->FP x M2,149.51,283.32,566.0,82.5,211.9,1183.8,1044.2
1050,0.45,19.0,961.48,979.77,1156.23,71.67,151.67,1156.65,151.67,1156.65,27.40,27.40,M3->FP x M2,149.51,283.32,566.0,82.5,211.9,1183.8,1096.0
1050,0.45,20.0,1018.00,1039.54,1220.11,80.60,154.82,1190.14,154.82,1190.14,33.66,33.66,M3->FP x M2,149.51,283.32,566.0,82.5,211.9,1183.8,1148.5
1050,0.50,2.0,-42.63,-86.01,25.61,-101.25,151.33,883.74,151.33,883.74,-52.53,-101.25,M1->M2 x M3,166.26,317.59,527.7,91.7,231.0,1201.3,271.2
1050,0.50,3.0,12.43,-28.03,89.00,-101.11,151.33,883.74,151.33,883.74,-52.38,-101.11,M1->M2 x M3,166.26,317.59,527.7,91.7,231.0,1201.3,313.8
1050,0.50,4.0,67.46,29.99,152.36,-101.08,151.33,883.74,151.33,883.74,-52.67,-101.08,M1->M2 x M3,166.26,317.59,527.7,91.7,231.0,1201.3,356.4
1050,0.50,5.0,122.47,87.95,215.68,-98.11,151.33,883.83,151.33,883.83,-52.28,-98.11,M1->M2 x M3,166.26,317.59,527.7,91.7,231.0,1201.3,399.1
1050,0.50,6.0,177.44,145.89,278.93,-86.40,151.33,885.48,151.33,885.48,-52.67,-86.40,M1->M2 x M3,166.26,317.59,527.7,91.7,231.0,1201.3,442.0
1050,0.50,7.0,232.36,203.79,342.10,-74.65,151.33,889.22,151.33,889.22,-52.56,-74.65,M1->M2 x M3,166.26,317.59,527.7,91.7,231.0,1201.3,485.0
1050,0.50,8.0,287.21,261.63,405.16,-62.85,151.33,895.03,151.33,895.03,-49.08,-62.85,M1->M2 x M3,166.26,317.59,527.7,91.7,231.0,1201.3,528.3
1050,0.50,9.0,341.97,319.38,468.10,-50.99,151.43,902.92,151.43,902.92,-43.18,-50.99,M1->M2 x M3,166.26,317.59,527.7,91.7,231.0,1201.3,571.7
1050,0.50,10.0,396.62,377.04,530.89,-39.07,151.76,912.86,151.76,912.86,-37.24,-39.07,M1->M2 x M3,166.26,317.59,527.7,91.7,231.0,1201.3,615.4
1050,0.50,11.0,451.16,434.58,593.53,-27.08,152.33,924.82,152.33,924.82,-31.26,-31.26,M3->FP x M2,166.26,317.59,527.7,91.7,231.0,1201.3,659.3
1050,0.50,12.0,505.55,491.99,655.98,-15.00,153.13,938.79,153.13,938.79,-25.25,-25.25,M3->FP x M2,166.26,317.59,527.7,91.7,231.0,1201.3,703.6
1050,0.50,13.0,559.80,549.25,718.23,-2.84,154.17,954.72,154.17,954.72,-19.19,-19.19,M3->FP x M2,166.26,317.59,527.7,91.7,231.0,1201.3,748.2
1050,0.50,14.0,613.87,606.34,780.27,8.60,155.44,972.58,155.44,972.58,-13.09,-13.09,M3->FP x M2,166.26,317.59,527.7,91.7,231.0,1201.3,793.2
1050,0.50,15.0,667.76,663.25,842.07,19.59,156.96,992.32,156.96,992.32,-6.93,-6.93,M3->FP x M2,166.26,317.59,527.7,91.7,231.0,1201.3,838.5
1050,0.50,16.0,721.44,719.96,903.61,30.36,158.72,1013.90,158.72,1013.90,-0.71,-0.71,M3->FP x M2,166.26,317.59,527.7,91.7,231.0,1201.3,884.3
1050,0.50,17.0,774.90,776.45,964.87,40.87,160.71,1037.28,160.71,1037.28,5.37,5.37,M3->FP x M2,166.26,317.59,527.7,91.7,231.0,1201.3,930.6
1050,0.50,18.0,828.13,832.70,1025.84,51.11,162.95,1062.42,162.95,1062.42,11.49,11.49,M3->FP x M2,166.26,317.59,527.7,91.7,231.0,1201.3,977.3
1050,0.50,19.0,881.11,888.69,1086.50,61.09,165.43,1089.29,165.43,1089.29,17.67,17.67,M3->FP x M2,166.26,317.59,527.7,91.7,231.0,1201.3,1024.6
1050,0.50,20.0,933.81,944.42,1146.83,70.79,168.15,1117.84,168.15,1117.84,23.93,23.93,M3->FP x M2,166.26,317.59,527.7,91.7,231.0,1201.3,1072.5
1050,0.55,2.0,-54.07,-103.74,20.02,-112.29,169.10,866.96,169.10,866.96,-57.81,-112.29,M1->M2 x M3,183.04,352.14,496.4,100.8,250.2,1219.1,273.7
1050,0.55,3.0,-2.33,-49.39,80.39,-112.17,169.11,866.96,169.11,866.96,-57.92,-112.17,M1->M2 x M3,183.04,352.14,496.4,100.8,250.2,1219.1,312.9
1050,0.55,4.0,49.38,5.05,140.74,-112.07,169.11,866.96,169.11,866.96,-57.66,-112.07,M1->M2 x M3,183.04,352.14,496.4,100.8,250.2,1219.1,352.2
1050,0.55,5.0,101.07,59.42,201.04,-112.24,169.10,866.96,169.10,866.96,-57.91,-112.24,M1->M2 x M3,183.04,352.14,496.4,100.8,250.2,1219.1,391.5
1050,0.55,6.0,152.74,113.77,261.29,-101.90,169.10,867.36,169.10,867.36,-57.57,-101.90,M1->M2 x M3,183.04,352.14,496.4,100.8,250.2,1219.1,431.1
1050,0.55,7.0,204.35,168.09,321.45,-90.14,169.10,869.47,169.10,869.47,-57.86,-90.14,M1->M2 x M3,183.04,352.14,496.4,100.8,250.2,1219.1,470.7
1050,0.55,8.0,255.91,222.36,381.51,-78.33,169.10,873.40,169.10,873.40,-57.57,-78.33,M1->M2 x M3,183.04,352.14,496.4,100.8,250.2,1219.1,510.5
1050,0.55,9.0,307.39,276.56,441.46,-66.46,169.11,879.14,169.11,879.14,-53.36,-66.46,M1->M2 x M3,183.04,352.14,496.4,100.8,250.2,1219.1,550.6
1050,0.55,10.0,358.77,330.68,501.28,-54.53,169.24,886.69,169.24,886.69,-47.42,-54.53,M1->M2 x M3,183.04,352.14,496.4,100.8,250.2,1219.1,590.8
1050,0.55,11.0,410.04,384.70,560.94,-42.53,169.59,896.05,169.59,896.05,-41.45,-42.53,M1->M2 x M3,183.04,352.14,496.4,100.8,250.2,1219.1,631.4
1050,0.55,12.0,461.19,438.60,620.43,-30.44,170.15,907.19,170.15,907.19,-35.43,-35.43,M3->FP x M2,183.04,352.14,496.4,100.8,250.2,1219.1,672.2
1050,0.55,13.0,512.20,492.36,679.73,-18.27,170.92,920.10,170.92,920.10,-29.37,-29.37,M3->FP x M2,183.04,352.14,496.4,100.8,250.2,1219.1,713.3
1050,0.55,14.0,563.05,545.98,738.82,-6.00,171.91,934.76,171.91,934.76,-23.26,-23.26,M3->FP x M2,183.04,352.14,496.4,100.8,250.2,1219.1,754.7
1050,0.55,15.0,613.74,599.43,797.69,5.84,173.12,951.13,173.12,951.13,-17.10,-17.10,M3->FP x M2,183.04,352.14,496.4,100.8,250.2,1219.1,796.5
1050,0.55,16.0,664.23,652.69,856.32,17.04,174.55,969.20,174.55,969.20,-10.88,-10.88,M3->FP x M2,183.04,352.14,496.4,100.8,250.2,1219.1,838.7
1050,0.55,17.0,714.52,705.76,914.69,28.04,176.21,988.93,176.21,988.93,-4.60,-4.60,M3->FP x M2,183.04,352.14,496.4,100.8,250.2,1219.1,881.3
1050,0.55,18.0,764.60,758.61,972.77,38.83,178.09,1010.29,178.09,1010.29,1.69,1.69,M3->FP x M2,183.04,352.14,496.4,100.8,250.2,1219.1,924.4
1050,0.55,19.0,814.44,811.24,1030.56,49.40,180.20,1033.26,180.20,1033.26,7.88,7.88,M3->FP x M2,183.04,352.14,496.4,100.8,250.2,1219.1,968.0
1050,0.55,20.0,864.03,863.61,1088.04,59.73,182.53,1057.82,182.53,1057.82,14.14,14.14,M3->FP x M2,183.04,352.14,496.4,100.8,250.2,1219.1,1012.1
1050,0.60,2.0,-62.02,-120.52,15.47,-123.42,187.05,850.15,187.05,850.15,-62.93,-123.42,M1->M2 x M3,199.85,386.90,470.3,110.0,269.6,1237.0,277.3
1050,0.60,3.0,-15.52,-69.23,73.37,-123.54,187.05,850.15,187.05,850.15,-63.19,-123.54,M1->M2 x M3,199.85,386.90,470.3,110.0,269.6,1237.0,313.8
1050,0.60,4.0,33.44,-17.86,131.26,-123.49,187.05,850.15,187.05,850.15,-63.05,-123.49,M1->M2 x M3,199.85,386.90,470.3,110.0,269.6,1237.0,350.3
1050,0.60,5.0,82.37,33.51,189.11,-123.31,187.05,850.15,187.05,850.15,-62.83,-123.31,M1->M2 x M3,199.85,386.90,470.3,110.0,269.6,1237.0,386.9
1050,0.60,6.0,131.28,84.83,246.90,-117.32,187.05,850.15,187.05,850.15,-63.06,-117.32,M1->M2 x M3,199.85,386.90,470.3,110.0,269.6,1237.0,423.6
1050,0.60,7.0,180.15,136.13,304.61,-105.55,187.05,850.97,187.05,850.97,-63.23,-105.55,M1->M2 x M3,199.85,386.90,470.3,110.0,269.6,1237.0,460.4
1050,0.60,8.0,228.96,187.38,362.24,-93.73,187.05,853.40,187.05,853.40,-63.08,-93.73,M1->M2 x M3,199.85,386.90,470.3,110.0,269.6,1237.0,497.5
1050,0.60,9.0,277.70,238.58,419.75,-81.85,187.05,857.43,187.05,857.43,-62.90,-81.85,M1->M2 x M3,199.85,386.90,470.3,110.0,269.6,1237.0,534.7
1050,0.60,10.0,326.36,289.70,477.13,-69.91,187.06,863.08,187.06,863.08,-57.65,-69.91,M1->M2 x M3,199.85,386.90,470.3,110.0,269.6,1237.0,572.1
1050,0.60,11.0,374.92,340.74,534.37,-57.89,187.23,870.34,187.23,870.34,-51.67,-57.89,M1->M2 x M3,199.85,386.90,470.3,110.0,269.6,1237.0,609.7
1050,0.60,12.0,423.37,391.67,591.44,-45.80,187.59,879.22,187.59,879.22,-45.66,-45.80,M1->M2 x M3,199.85,386.90,470.3,110.0,269.6,1237.0,647.6
1050,0.60,13.0,471.68,442.48,648.34,-33.61,188.15,889.70,188.15,889.70,-39.59,-39.59,M3->FP x M2,199.85,386.90,470.3,110.0,269.6,1237.0,685.8
1050,0.60,14.0,519.85,493.16,705.04,-21.33,188.90,901.76,188.90,901.76,-33.48,-33.48,M3->FP x M2,199.85,386.90,470.3,110.0,269.6,1237.0,724.3
1050,0.60,15.0,567.87,543.69,761.52,-8.94,189.85,915.41,189.85,915.41,-27.32,-27.32,M3->FP x M2,199.85,386.90,470.3,110.0,269.6,1237.0,763.1
1050,0.60,16.0,615.71,594.05,817.77,3.26,191.01,930.62,191.01,930.62,-21.09,-21.09,M3->FP x M2,199.85,386.90,470.3,110.0,269.6,1237.0,802.4
1050,0.60,17.0,663.36,644.23,873.77,14.65,192.37,947.36,192.37,947.36,-14.81,-14.81,M3->FP x M2,199.85,386.90,470.3,110.0,269.6,1237.0,842.0
1050,0.60,18.0,710.81,694.22,929.51,25.87,193.95,965.64,193.95,965.64,-8.46,-8.46,M3->FP x M2,199.85,386.90,470.3,110.0,269.6,1237.0,882.0
1050,0.60,19.0,758.05,743.99,984.96,36.92,195.74,985.42,195.74,985.42,-2.04,-2.04,M3->FP x M2,199.85,386.90,470.3,110.0,269.6,1237.0,922.5
1050,0.60,20.0,805.05,793.54,1040.11,47.78,197.74,1006.68,197.74,1006.68,4.30,4.30,M3->FP x M2,199.85,386.90,470.3,110.0,269.6,1237.0,963.5
1050,0.65,2.0,-67.53,-134.67,11.70,-134.62,205.09,833.32,205.09,833.32,-68.33,-134.67,in->M1 x M3,216.68,421.77,448.3,119.2,289.0,1255.1,282.0
1050,0.65,3.0,-27.50,-87.90,67.58,-134.64,205.09,833.32,205.09,833.32,-68.23,-134.64,M1->M2 x M3,216.68,421.77,448.3,119.2,289.0,1255.1,316.1
1050,0.65,4.0,19.14,-39.17,123.43,-134.45,205.09,833.32,205.09,833.32,-68.12,-134.45,M1->M2 x M3,216.68,421.77,448.3,119.2,289.0,1255.1,350.2
1050,0.65,5.0,65.74,9.63,179.25,-134.43,205.09,833.32,205.09,833.32,-68.18,-134.43,M1->M2 x M3,216.68,421.77,448.3,119.2,289.0,1255.1,384.5
1050,0.65,6.0,112.31,58.34,235.02,-132.63,205.09,833.32,205.09,833.32,-68.32,-132.63,M1->M2 x M3,216.68,421.77,448.3,119.2,289.0,1255.1,418.8
1050,0.65,7.0,158.86,107.04,290.71,-120.84,205.09,833.40,205.09,833.40,-68.48,-120.84,M1->M2 x M3,216.68,421.77,448.3,119.2,289.0,1255.1,453.3
1050,0.65,8.0,205.35,155.70,346.31,-109.01,205.09,834.59,205.09,834.59,-68.37,-109.01,M1->M2 x M3,216.68,421.77,448.3,119.2,289.0,1255.1,487.9
1050,0.65,9.0,251.78,204.31,401.81,-97.13,205.09,837.23,205.09,837.23,-68.16,-97.13,M1->M2 x M3,216.68,421.77,448.3,119.2,289.0,1255.1,522.7
1050,0.65,10.0,298.14,252.86,457.19,-85.18,205.09,841.33,205.09,841.33,-67.91,-85.18,M1->M2 x M3,216.68,421.77,448.3,119.2,289.0,1255.1,557.7
1050,0.65,11.0,344.40,301.34,512.42,-73.15,205.12,846.88,205.12,846.88,-61.93,-73.15,M1->M2 x M3,216.68,421.77,448.3,119.2,289.0,1255.1,592.9
1050,0.65,12.0,390.56,349.72,567.50,-61.05,205.31,853.89,205.31,853.89,-55.91,-61.05,M1->M2 x M3,216.68,421.77,448.3,119.2,289.0,1255.1,628.4
1050,0.65,13.0,436.60,398.00,622.41,-48.85,205.69,862.37,205.69,862.37,-49.84,-49.84,M3->FP x M2,216.68,421.77,448.3,119.2,289.0,1255.1,664.1
1050,0.65,14.0,482.51,446.16,677.13,-36.56,206.24,872.31,206.24,872.31,-43.73,-43.73,M3->FP x M2,216.68,421.77,448.3,119.2,289.0,1255.1,700.1
1050,0.65,15.0,528.27,494.18,731.64,-24.16,206.98,883.70,206.98,883.70,-37.56,-37.56,M3->FP x M2,216.68,421.77,448.3,119.2,289.0,1255.1,736.5
1050,0.65,16.0,573.87,542.05,785.93,-11.65,207.90,896.54,207.90,896.54,-31.33,-31.33,M3->FP x M2,216.68,421.77,448.3,119.2,289.0,1255.1,773.1
1050,0.65,17.0,619.30,589.75,839.98,0.91,209.02,910.81,209.02,910.81,-25.05,-25.05,M3->FP x M2,216.68,421.77,448.3,119.2,289.0,1255.1,810.2
1050,0.65,18.0,664.53,637.27,893.77,12.48,210.33,926.51,210.33,926.51,-18.70,-18.70,M3->FP x M2,216.68,421.77,448.3,119.2,289.0,1255.1,847.7
1050,0.65,19.0,709.57,684.60,947.30,23.91,211.84,943.63,211.84,943.63,-12.27,-12.27,M3->FP x M2,216.68,421.77,448.3,119.2,289.0,1255.1,885.5
1050,0.65,20.0,754.39,731.73,1000.53,35.20,213.56,962.15,213.56,962.15,-5.77,-5.77,M3->FP x M2,216.68,421.77,448.3,119.2,289.0,1255.1,923.9
1050,0.70,2.0,-73.66,-145.88,8.56,-145.46,223.14,816.46,223.14,816.46,-73.73,-145.88,in->M1 x M3,233.54,456.68,429.3,128.3,308.4,1273.1,287.4
1050,0.70,3.0,-38.51,-105.62,62.74,-145.71,223.14,816.46,223.14,816.46,-73.46,-145.71,M1->M2 x M3,233.54,456.68,429.3,128.3,308.4,1273.1,319.4
1050,0.70,4.0,6.13,-59.21,116.90,-145.79,223.14,816.46,223.14,816.46,-73.16,-145.79,M1->M2 x M3,233.54,456.68,429.3,128.3,308.4,1273.1,351.6
1050,0.70,5.0,50.73,-12.69,171.02,-145.49,223.14,816.46,223.14,816.46,-73.53,-145.49,M1->M2 x M3,233.54,456.68,429.3,128.3,308.4,1273.1,383.8
1050,0.70,6.0,95.31,33.80,225.10,-145.73,223.14,816.46,223.14,816.46,-73.69,-145.73,M1->M2 x M3,233.54,456.68,429.3,128.3,308.4,1273.1,416.1
1050,0.70,7.0,139.86,80.22,279.10,-136.01,223.14,816.46,223.14,816.46,-73.36,-136.01,M1->M2 x M3,233.54,456.68,429.3,128.3,308.4,1273.1,448.5
1050,0.70,8.0,184.37,126.63,333.02,-124.17,223.14,816.72,223.14,816.72,-73.65,-124.17,M1->M2 x M3,233.54,456.68,429.3,128.3,308.4,1273.1,481.1
1050,0.70,9.0,228.82,172.99,386.84,-112.27,223.14,818.19,223.14,818.19,-73.65,-112.27,M1->M2 x M3,233.54,456.68,429.3,128.3,308.4,1273.1,513.9
1050,0.70,10.0,273.21,219.30,440.54,-100.31,223.14,820.99,223.14,820.99,-73.41,-100.31,M1->M2 x M3,233.54,456.68,429.3,128.3,308.4,1273.1,546.8
1050,0.70,11.0,317.51,265.54,494.10,-88.28,223.14,825.11,223.14,825.11,-72.19,-88.28,M1->M2 x M3,233.54,456.68,429.3,128.3,308.4,1273.1,579.9
1050,0.70,12.0,361.71,311.71,547.52,-76.16,223.20,830.57,223.20,830.57,-66.16,-76.16,M1->M2 x M3,233.54,456.68,429.3,128.3,308.4,1273.1,613.3
1050,0.70,13.0,405.80,357.78,600.77,-63.96,223.41,837.38,223.41,837.38,-60.09,-63.96,M1->M2 x M3,233.54,456.68,429.3,128.3,308.4,1273.1,646.9
1050,0.70,14.0,449.77,403.74,653.83,-51.65,223.80,845.53,223.80,845.53,-53.98,-53.98,M3->FP x M2,233.54,456.68,429.3,128.3,308.4,1273.1,680.8
1050,0.70,15.0,493.61,449.57,706.70,-39.25,224.35,855.03,224.35,855.03,-47.81,-47.81,M3->FP x M2,233.54,456.68,429.3,128.3,308.4,1273.1,715.0
1050,0.70,16.0,537.29,495.27,759.35,-26.72,225.08,865.87,225.08,865.87,-41.58,-41.58,M3->FP x M2,233.54,456.68,429.3,128.3,308.4,1273.1,749.5
1050,0.70,17.0,580.81,540.82,811.77,-14.07,225.99,878.06,225.99,878.06,-35.29,-35.29,M3->FP x M2,233.54,456.68,429.3,128.3,308.4,1273.1,784.4
1050,0.70,18.0,624.15,586.21,863.94,-1.29,227.08,891.58,227.08,891.58,-28.93,-28.93,M3->FP x M2,233.54,456.68,429.3,128.3,308.4,1273.1,819.6
1050,0.70,19.0,667.30,631.41,915.85,10.57,228.35,906.44,228.35,906.44,-22.51,-22.51,M3->FP x M2,233.54,456.68,429.3,128.3,308.4,1273.1,855.3
1050,0.70,20.0,710.25,676.42,967.48,22.20,229.81,922.62,229.81,922.62,-16.00,-16.00,M3->FP x M2,233.54,456.68,429.3,128.3,308.4,1273.1,891.4
1050,0.75,2.0,-78.75,-156.82,5.91,-156.84,241.13,799.57,241.13,799.57,-78.39,-156.84,M1->M2 x M3,250.43,491.56,412.9,137.5,327.8,1291.1,293.3
1050,0.75,3.0,-48.76,-122.57,58.66,-156.87,241.13,799.57,241.13,799.57,-78.84,-156.87,M1->M2 x M3,250.43,491.56,412.9,137.5,327.8,1291.1,323.6
1050,0.75,4.0,-5.85,-78.20,111.39,-156.81,241.13,799.57,241.13,799.57,-78.83,-156.81,M1->M2 x M3,250.43,491.56,412.9,137.5,327.8,1291.1,354.0
1050,0.75,5.0,37.02,-33.72,164.09,-156.96,241.13,799.57,241.13,799.57,-78.84,-156.96,M1->M2 x M3,250.43,491.56,412.9,137.5,327.8,1291.1,384.5
1050,0.75,6.0,79.87,10.83,216.74,-156.71,241.13,799.57,241.13,799.57,-78.54,-156.71,M1->M2 x M3,250.43,491.56,412.9,137.5,327.8,1291.1,415.0
1050,0.75,7.0,122.70,55.25,269.32,-151.02,241.13,799.57,241.13,799.57,-78.75,-151.02,M1->M2 x M3,250.43,491.56,412.9,137.5,327.8,1291.1,445.7
1050,0.75,8.0,165.49,99.66,321.82,-139.17,241.13,799.57,241.13,799.57,-78.82,-139.17,M1->M2 x M3,250.43,491.56,412.9,137.5,327.8,1291.1,476.5
1050,0.75,9.0,208.23,144.04,374.22,-127.26,241.13,800.06,241.13,800.06,-78.94,-127.26,M1->M2 x M3,250.43,491.56,412.9,137.5,327.8,1291.1,507.5
1050,0.75,10.0,250.91,188.37,426.51,-115.29,241.13,801.75,241.13,801.75,-78.36,-115.29,M1->M2 x M3,250.43,491.56,412.9,137.5,327.8,1291.1,538.6
1050,0.75,11.0,293.51,232.65,478.66,-103.24,241.13,804.66,241.13,804.66,-79.05,-103.24,M1->M2 x M3,250.43,491.56,412.9,137.5,327.8,1291.1,570.0
1050,0.75,12.0,336.02,276.86,530.68,-91.12,241.13,808.80,241.13,808.80,-76.40,-91.12,M1->M2 x M3,250.43,491.56,412.9,137.5,327.8,1291.1,601.5
1050,0.75,13.0,378.43,320.98,582.53,-78.90,241.21,814.18,241.21,814.18,-70.33,-78.90,M1->M2 x M3,250.43,491.56,412.9,137.5,327.8,1291.1,633.3
1050,0.75,14.0,420.72,365.00,634.20,-66.59,241.46,820.81,241.46,820.81,-64.21,-66.59,M1->M2 x M3,250.43,491.56,412.9,137.5,327.8,1291.1,665.3
1050,0.75,15.0,462.88,408.92,685.68,-54.17,241.85,828.70,241.85,828.70,-58.04,-58.04,M3->FP x M2,250.43,491.56,412.9,137.5,327.8,1291.1,697.7
1050,0.75,16.0,504.91,452.71,736.95,-41.64,242.41,837.84,242.41,837.84,-51.81,-51.81,M3->FP x M2,250.43,491.56,412.9,137.5,327.8,1291.1,730.3
1050,0.75,17.0,546.78,496.36,787.99,-28.98,243.14,848.24,243.14,848.24,-45.51,-45.51,M3->FP x M2,250.43,491.56,412.9,137.5,327.8,1291.1,763.3
1050,0.75,18.0,588.48,539.86,838.80,-16.19,244.03,859.90,244.03,859.90,-39.16,-39.16,M3->FP x M2,250.43,491.56,412.9,137.5,327.8,1291.1,796.6
1050,0.75,19.0,630.00,583.19,889.35,-3.25,245.09,872.82,245.09,872.82,-32.72,-32.72,M3->FP x M2,250.43,491.56,412.9,137.5,327.8,1291.1,830.3
1050,0.75,20.0,671.33,626.35,939.63,8.95,246.33,887.00,246.33,887.00,-26.22,-26.22,M3->FP x M2,250.43,491.56,412.9,137.5,327.8,1291.1,864.4
1050,0.80,2.0,-84.33,-167.67,3.66,-168.07,258.97,782.65,258.97,782.65,-84.27,-168.07,M1->M2 x M3,267.35,526.32,398.6,146.7,347.2,1309.0,299.7
1050,0.80,3.0,-58.39,-138.86,55.20,-168.06,258.97,782.65,258.97,782.65,-84.04,-168.06,M1->M2 x M3,267.35,526.32,398.6,146.7,347.2,1309.0,328.5
1050,0.80,4.0,-17.01,-96.31,106.72,-168.07,258.97,782.65,258.97,782.65,-83.57,-168.07,M1->M2 x M3,267.35,526.32,398.6,146.7,347.2,1309.0,357.3
1050,0.80,5.0,24.37,-53.66,158.20,-168.10,258.97,782.65,258.97,782.65,-84.06,-168.10,M1->M2 x M3,267.35,526.32,398.6,146.7,347.2,1309.0,386.3
1050,0.80,6.0,65.71,-10.89,209.64,-168.08,258.97,782.65,258.97,782.65,-84.15,-168.08,M1->M2 x M3,267.35,526.32,398.6,146.7,347.2,1309.0,415.3
1050,0.80,7.0,107.03,31.81,261.01,-165.84,258.97,782.65,258.97,782.65,-84.01,-165.84,M1->M2 x M3,267.35,526.32,398.6,146.7,347.2,1309.0,444.4
1050,0.80,8.0,148.32,74.44,312.30,-153.98,258.97,782.65,258.97,782.65,-84.24,-153.98,M1->M2 x M3,267.35,526.32,398.6,146.7,347.2,1309.0,473.7
1050,0.80,9.0,189.56,117.05,363.50,-142.06,258.97,782.67,258.97,782.67,-83.87,-142.06,M1->M2 x M3,267.35,526.32,398.6,146.7,347.2,1309.0,503.1
1050,0.80,10.0,230.75,159.62,414.59,-130.08,258.97,783.40,258.97,783.40,-84.23,-130.08,M1->M2 x M3,267.35,526.32,398.6,146.7,347.2,1309.0,532.7
1050,0.80,11.0,271.86,202.14,465.55,-118.03,258.97,785.26,258.97,785.26,-84.14,-118.03,M1->M2 x M3,267.35,526.32,398.6,146.7,347.2,1309.0,562.4
1050,0.80,12.0,312.89,244.61,516.37,-105.89,258.97,788.26,258.97,788.26,-83.89,-105.89,M1->M2 x M3,267.35,526.32,398.6,146.7,347.2,1309.0,592.4
1050,0.80,13.0,353.83,286.99,567.03,-93.67,258.98,792.42,258.98,792.42,-80.52,-93.67,M1->M2 x M3,267.35,526.32,398.6,146.7,347.2,1309.0,622.6
1050,0.80,14.0,394.65,329.29,617.52,-81.35,259.10,797.73,259.10,797.73,-74.40,-81.35,M1->M2 x M3,267.35,526.32,398.6,146.7,347.2,1309.0,653.0
1050,0.80,15.0,435.36,371.49,667.83,-68.92,259.36,804.22,259.36,804.22,-68.23,-68.92,M1->M2 x M3,267.35,526.32,398.6,146.7,347.2,1309.0,683.7
1050,0.80,16.0,475.94,413.58,717.92,-56.37,259.77,811.89,259.77,811.89,-61.99,-61.99,M3->FP x M2,267.35,526.32,398.6,146.7,347.2,1309.0,714.7
1050,0.80,17.0,516.37,455.54,767.80,-43.70,260.33,820.74,260.33,820.74,-55.70,-55.70,M3->FP x M2,267.35,526.32,398.6,146.7,347.2,1309.0,746.0
1050,0.80,18.0,556.64,497.37,817.45,-30.90,261.06,830.78,261.06,830.78,-49.34,-49.34,M3->FP x M2,267.35,526.32,398.6,146.7,347.2,1309.0,777.7
1050,0.80,19.0,596.74,539.04,866.85,-17.95,261.94,842.02,261.94,842.02,-42.90,-42.90,M3->FP x M2,267.35,526.32,398.6,146.7,347.2,1309.0,809.7
1050,0.80,20.0,636.66,580.54,915.98,-4.84,262.99,854.45,262.99,854.45,-36.39,-36.39,M3->FP x M2,267.35,526.32,398.6,146.7,347.2,1309.0,842.1
1050,0.85,2.0,-89.12,-179.10,1.74,-178.92,276.60,765.71,276.60,765.71,-89.53,-179.10,in->M1 x M3,284.29,560.89,385.9,155.8,366.5,1326.6,313.4
1050,0.85,3.0,-67.50,-154.57,52.24,-179.10,276.60,765.71,276.60,765.71,-88.68,-179.10,M1->M2 x M3,284.29,560.89,385.9,155.8,366.5,1326.6,333.9
1050,0.85,4.0,-27.48,-113.67,102.72,-179.06,276.60,765.71,276.60,765.71,-89.42,-179.06,M1->M2 x M3,284.29,560.89,385.9,155.8,366.5,1326.6,361.4
1050,0.85,5.0,12.59,-72.67,153.16,-178.78,276.60,765.71,276.60,765.71,-88.81,-178.78,M1->M2 x M3,284.29,560.89,385.9,155.8,366.5,1326.6,388.9
1050,0.85,6.0,52.60,-31.55,203.56,-179.14,276.60,765.71,276.60,765.71,-89.26,-179.14,M1->M2 x M3,284.29,560.89,385.9,155.8,366.5,1326.6,416.6
1050,0.85,7.0,92.59,9.65,253.90,-178.78,276.60,765.71,276.60,765.71,-89.02,-178.78,M1->M2 x M3,284.29,560.89,385.9,155.8,366.5,1326.6,444.4
1050,0.85,8.0,132.55,50.68,304.17,-168.59,276.60,765.71,276.60,765.71,-89.31,-168.59,M1->M2 x M3,284.29,560.89,385.9,155.8,366.5,1326.6,472.3
1050,0.85,9.0,172.48,91.69,354.34,-156.66,276.60,765.71,276.60,765.71,-89.33,-156.66,M1->M2 x M3,284.29,560.89,385.9,155.8,366.5,1326.6,500.3
1050,0.85,10.0,212.35,132.68,404.40,-144.67,276.60,765.79,276.60,765.79,-89.55,-144.67,M1->M2 x M3,284.29,560.89,385.9,155.8,366.5,1326.6,528.5
1050,0.85,11.0,252.15,173.63,454.34,-132.60,276.60,766.74,276.60,766.74,-89.44,-132.60,M1->M2 x M3,284.29,560.89,385.9,155.8,366.5,1326.6,556.9
1050,0.85,12.0,291.88,214.52,504.14,-120.46,276.60,768.74,276.60,768.74,-89.05,-120.46,M1->M2 x M3,284.29,560.89,385.9,155.8,366.5,1326.6,585.4
1050,0.85,13.0,331.52,255.35,553.78,-108.22,276.60,771.81,276.60,771.81,-89.47,-108.22,M1->M2 x M3,284.29,560.89,385.9,155.8,366.5,1326.6,614.2
1050,0.85,14.0,371.06,296.10,603.26,-95.89,276.62,775.98,276.62,775.98,-84.53,-95.89,M1->M2 x M3,284.29,560.89,385.9,155.8,366.5,1326.6,643.2
1050,0.85,15.0,410.48,336.76,652.56,-83.45,276.76,781.24,276.76,781.24,-78.36,-83.45,M1->M2 x M3,284.29,560.89,385.9,155.8,366.5,1326.6,672.5
1050,0.85,16.0,449.78,377.32,701.65,-70.90,277.04,787.61,277.04,787.61,-72.12,-72.12,M3->FP x M2,284.29,560.89,385.9,155.8,366.5,1326.6,702.0
1050,0.85,17.0,488.94,417.76,750.53,-58.22,277.47,795.11,277.47,795.11,-65.82,-65.82,M3->FP x M2,284.29,560.89,385.9,155.8,366.5,1326.6,731.9
1050,0.85,18.0,527.96,458.08,799.19,-45.40,278.04,803.73,278.04,803.73,-59.46,-59.46,M3->FP x M2,284.29,560.89,385.9,155.8,366.5,1326.6,762.1
1050,0.85,19.0,566.81,498.26,847.59,-32.44,278.77,813.49,278.77,813.49,-53.02,-53.02,M3->FP x M2,284.29,560.89,385.9,155.8,366.5,1326.6,792.6
1050,0.85,20.0,605.49,538.28,895.75,-19.33,279.65,824.40,279.65,824.40,-46.51,-46.51,M3->FP x M2,284.29,560.89,385.9,155.8,366.5,1326.6,823.5
1050,0.90,2.0,-94.37,-189.91,0.08,-189.79,293.92,748.74,293.92,748.74,-94.65,-189.91,in->M1 x M3,301.26,595.18,374.7,165.0,385.6,1343.9,332.4
1050,0.90,3.0,-76.19,-169.77,49.68,-189.97,293.92,748.74,293.92,748.74,-94.66,-189.97,M1->M2 x M3,301.26,595.18,374.7,165.0,385.6,1343.9,339.6
1050,0.90,4.0,-37.37,-130.37,99.27,-190.12,293.92,748.74,293.92,748.74,-94.50,-190.12,M1->M2 x M3,301.26,595.18,374.7,165.0,385.6,1343.9,365.9
1050,0.90,5.0,1.54,-90.87,148.83,-189.99,293.92,748.74,293.92,748.74,-94.50,-189.99,M1->M2 x M3,301.26,595.18,374.7,165.0,385.6,1343.9,392.3
1050,0.90,6.0,40.36,-51.25,198.34,-189.90,293.92,748.74,293.92,748.74,-93.94,-189.90,M1->M2 x M3,301.26,595.18,374.7,165.0,385.6,1343.9,418.8
1050,0.90,7.0,79.17,-11.49,247.79,-189.69,293.92,748.74,293.92,748.74,-94.86,-189.69,M1->M2 x M3,301.26,595.18,374.7,165.0,385.6,1343.9,445.3
1050,0.90,8.0,117.96,28.17,297.16,-182.96,293.92,748.74,293.92,748.74,-93.96,-182.96,M1->M2 x M3,301.26,595.18,374.7,165.0,385.6,1343.9,472.0
1050,0.90,9.0,156.71,67.74,346.44,-171.02,293.92,748.74,293.92,748.74,-94.44,-171.02,M1->M2 x M3,301.26,595.18,374.7,165.0,385.6,1343.9,498.8
1050,0.90,10.0,195.41,107.29,395.62,-159.02,293.92,748.74,293.92,748.74,-94.32,-159.02,M1->M2 x M3,301.26,595.18,374.7,165.0,385.6,1343.9,525.8
1050,0.90,11.0,234.05,146.81,444.68,-146.94,293.92,748.94,293.92,748.94,-94.69,-146.94,M1->M2 x M3,301.26,595.18,374.7,165.0,385.6,1343.9,552.9
1050,0.90,12.0,272.63,186.28,493.60,-134.79,293.92,750.05,293.92,750.05,-94.54,-134.79,M1->M2 x M3,301.26,595.18,374.7,165.0,385.6,1343.9,580.2
1050,0.90,13.0,311.12,225.69,542.37,-122.54,293.92,752.17,293.92,752.17,-94.79,-122.54,M1->M2 x M3,301.26,595.18,374.7,165.0,385.6,1343.9,607.8
1050,0.90,14.0,349.51,265.04,590.98,-110.20,293.92,755.31,293.92,755.31,-94.58,-110.20,M1->M2 x M3,301.26,595.18,374.7,165.0,385.6,1343.9,635.5
1050,0.90,15.0,387.80,304.31,639.41,-97.75,293.96,759.49,293.96,759.49,-88.40,-97.75,M1->M2 x M3,301.26,595.18,374.7,165.0,385.6,1343.9,663.5
1050,0.90,16.0,425.97,343.48,687.64,-85.19,294.13,764.72,294.13,764.72,-82.16,-85.19,M1->M2 x M3,301.26,595.18,374.7,165.0,385.6,1343.9,691.8
1050,0.90,17.0,464.01,382.55,735.66,-72.50,294.44,771.02,294.44,771.02,-75.86,-75.86,M3->FP x M2,301.26,595.18,374.7,165.0,385.6,1343.9,720.3
1050,0.90,18.0,501.90,421.50,783.46,-59.67,294.88,778.38,294.88,778.38,-69.50,-69.50,M3->FP x M2,301.26,595.18,374.7,165.0,385.6,1343.9,749.2
1050,0.90,19.0,539.65,460.32,831.02,-46.70,295.46,786.83,295.46,786.83,-63.06,-63.06,M3->FP x M2,301.26,595.18,374.7,165.0,385.6,1343.9,778.4
1050,0.90,20.0,577.23,499.00,878.33,-33.57,296.19,796.37,296.19,796.37,-56.54,-56.54,M3->FP x M2,301.26,595.18,374.7,165.0,385.6,1343.9,807.9
1100,0.30,2.0,30.65,11.13,75.63,-58.57,84.18,1000.56,84.18,1000.56,-31.48,-58.57,M1->M2 x M3,99.44,183.62,784.7,55.0,156.4,1184.2,292.8
1100,0.30,3.0,113.87,98.40,166.05,-58.36,84.18,1001.47,84.18,1001.47,-31.53,-58.36,M1->M2 x M3,99.44,183.62,784.7,55.0,156.4,1184.2,362.7
1100,0.30,4.0,197.04,185.65,256.41,-47.34,84.18,1006.88,84.18,1006.88,-31.59,-47.34,M1->M2 x M3,99.44,183.62,784.7,55.0,156.4,1184.2,432.8
1100,0.30,5.0,280.16,272.84,346.69,-35.71,84.18,1017.13,84.18,1017.13,-26.95,-35.71,M1->M2 x M3,99.44,183.62,784.7,55.0,156.4,1184.2,503.0
1100,0.30,6.0,363.19,359.95,436.87,-24.04,84.42,1032.11,84.42,1032.11,-21.13,-24.04,M1->M2 x M3,99.44,183.62,784.7,55.0,156.4,1184.2,573.5
1100,0.30,7.0,446.11,446.95,526.91,-12.32,85.05,1051.67,85.05,1051.67,-15.29,-15.29,M3->FP x M2,99.44,183.62,784.7,55.0,156.4,1184.2,644.2
1100,0.30,8.0,528.90,533.81,616.79,-0.56,86.08,1075.64,86.08,1075.64,-9.42,-9.42,M3->FP x M2,99.44,183.62,784.7,55.0,156.4,1184.2,715.2
1100,0.30,9.0,611.52,620.51,706.49,10.23,87.50,1103.80,87.50,1103.80,-3.52,-3.52,M3->FP x M2,99.44,183.62,784.7,55.0,156.4,1184.2,786.6
1100,0.30,10.0,693.96,707.02,795.97,20.53,89.30,1135.92,89.30,1135.92,2.32,2.32,M3->FP x M2,99.44,183.62,784.7,55.0,156.4,1184.2,858.4
1100,0.30,11.0,776.18,793.31,885.21,30.36,91.46,1171.78,91.46,1171.78,8.07,8.07,M3->FP x M2,99.44,183.62,784.7,55.0,156.4,1184.2,930.7
1100,0.30,12.0,858.17,879.36,974.17,39.68,93.96,1211.15,93.96,1211.15,13.85,13.85,M3->FP x M2,99.44,183.62,784.7,55.0,156.4,1184.2,1003.4
1100,0.30,13.0,939.90,965.15,1062.85,48.50,96.79,1253.82,96.79,1253.82,19.69,19.69,M3->FP x M2,99.44,183.62,784.7,55.0,156.4,1184.2,1076.7
1100,0.30,14.0,1021.34,1050.64,1151.19,56.82,99.94,1299.57,99.94,1299.57,25.56,25.56,M3->FP x M2,99.44,183.62,784.7,55.0,156.4,1184.2,1150.6
1100,0.30,15.0,1102.47,1135.81,1239.19,64.64,103.37,1348.23,103.37,1348.23,31.49,31.49,M3->FP x M2,99.44,183.62,784.7,55.0,156.4,1184.2,1225.2
1100,0.30,16.0,1183.27,1220.63,1326.81,71.97,107.09,1399.64,107.09,1399.64,37.48,37.48,M3->FP x M2,99.44,183.62,784.7,55.0,156.4,1184.2,1300.5
1100,0.30,17.0,1263.70,1305.09,1414.03,78.85,111.06,1453.64,110.97,1453.64,43.52,43.52,M3->FP x M2,99.44,183.62,784.7,55.0,156.4,1184.2,1376.5
1100,0.30,18.0,1343.75,1389.14,1500.81,85.28,115.29,1510.13,114.63,1510.13,49.63,49.63,M3->FP x M2,99.44,183.62,784.7,55.0,156.4,1184.2,1453.3
1100,0.30,19.0,1423.39,1472.77,1587.14,91.30,119.75,1567.59,118.04,1568.98,55.81,55.81,M3->FP x M2,99.44,183.62,784.7,55.0,156.4,1184.2,1531.1
1100,0.30,20.0,1502.60,1555.96,1672.98,96.93,124.43,1621.10,121.24,1630.13,62.06,62.06,M3->FP x M2,99.44,183.62,784.7,55.0,156.4,1184.2,1609.7
1100,0.35,2.0,8.48,-16.85,59.25,-69.16,100.50,983.90,100.50,983.90,-36.75,-69.16,M1->M2 x M3,116.10,216.61,698.8,64.2,174.7,1200.5,282.3
1100,0.35,3.0,82.56,61.02,140.81,-69.14,100.50,983.93,100.50,983.93,-36.84,-69.14,M1->M2 x M3,116.10,216.61,698.8,64.2,174.7,1200.5,343.1
1100,0.35,4.0,156.61,138.87,222.33,-62.92,100.50,986.26,100.50,986.26,-36.82,-62.92,M1->M2 x M3,116.10,216.61,698.8,64.2,174.7,1200.5,403.9
1100,0.35,5.0,230.62,216.67,303.78,-51.27,100.50,992.35,100.50,992.35,-36.74,-51.27,M1->M2 x M3,116.10,216.61,698.8,64.2,174.7,1200.5,465.0
1100,0.35,6.0,304.56,294.41,385.14,-39.59,100.52,1002.15,100.52,1002.15,-30.92,-39.59,M1->M2 x M3,116.10,216.61,698.8,64.2,174.7,1200.5,526.2
1100,0.35,7.0,378.40,372.05,466.38,-27.87,100.79,1015.61,100.79,1015.61,-25.08,-27.87,M1->M2 x M3,116.10,216.61,698.8,64.2,174.7,1200.5,587.7
1100,0.35,8.0,452.13,449.59,547.48,-16.10,101.39,1032.62,101.39,1032.62,-19.21,-19.21,M3->FP x M2,116.10,216.61,698.8,64.2,174.7,1200.5,649.4
1100,0.35,9.0,525.72,526.98,628.41,-4.27,102.34,1053.09,102.34,1053.09,-13.31,-13.31,M3->FP x M2,116.10,216.61,698.8,64.2,174.7,1200.5,711.5
1100,0.35,10.0,599.16,604.22,709.15,6.98,103.62,1076.86,103.62,1076.86,-7.38,-7.38,M3->FP x M2,116.10,216.61,698.8,64.2,174.7,1200.5,773.9
1100,0.35,11.0,672.40,681.27,789.68,17.57,105.22,1103.82,105.22,1103.82,-1.41,-1.41,M3->FP x M2,116.10,216.61,698.8,64.2,174.7,1200.5,836.7
1100,0.35,12.0,745.45,758.12,869.96,27.78,107.15,1133.82,107.15,1133.82,4.43,4.43,M3->FP x M2,116.10,216.61,698.8,64.2,174.7,1200.5,899.9
1100,0.35,13.0,818.27,834.73,949.98,37.58,109.39,1166.70,109.39,1166.70,10.26,10.26,M3->FP x M2,116.10,216.61,698.8,64.2,174.7,1200.5,963.6
1100,0.35,14.0,890.83,911.09,1029.71,46.95,111.93,1202.34,111.93,1202.34,16.14,16.14,M3->FP x M2,116.10,216.61,698.8,64.2,174.7,1200.5,1027.8
1100,0.35,15.0,963.13,987.17,1109.13,55.90,114.77,1240.61,114.77,1240.61,22.07,22.07,M3->FP x M2,116.10,216.61,698.8,64.2,174.7,1200.5,1092.6
1100,0.35,16.0,1035.13,1062.95,1188.21,64.42,117.88,1281.38,117.88,1281.38,28.06,28.06,M3->FP x M2,116.10,216.61,698.8,64.2,174.7,1200.5,1158.0
1100,0.35,17.0,1106.82,1138.41,1266.92,72.51,121.27,1324.54,121.27,1324.54,34.11,34.11,M3->FP x M2,116.10,216.61,698.8,64.2,174.7,1200.5,1224.1
1100,0.35,18.0,1178.17,1213.52,1345.25,80.19,124.92,1369.99,124.92,1369.99,40.22,40.22,M3->FP x M2,116.10,216.61,698.8,64.2,174.7,1200.5,1290.9
1100,0.35,19.0,1249.16,1288.26,1423.17,87.47,128.82,1417.66,128.82,1417.66,46.40,46.40,M3->FP x M2,116.10,216.61,698.8,64.2,174.7,1200.5,1358.4
1100,0.35,20.0,1319.78,1362.61,1500.66,94.36,132.96,1467.47,132.76,1467.47,52.65,52.65,M3->FP x M2,116.10,216.61,698.8,64.2,174.7,1200.5,1426.8
1100,0.40,2.0,-9.48,-40.76,47.11,-79.68,117.28,967.20,117.28,967.20,-42.01,-79.68,M1->M2 x M3,132.80,250.08,634.3,73.3,193.4,1217.3,276.8
1100,0.40,3.0,57.76,29.99,122.11,-79.73,117.28,967.20,117.28,967.20,-41.98,-79.73,M1->M2 x M3,132.80,250.08,634.3,73.3,193.4,1217.3,330.7
1100,0.40,4.0,124.98,100.72,197.08,-78.51,117.28,967.75,117.28,967.75,-41.83,-78.51,M1->M2 x M3,132.80,250.08,634.3,73.3,193.4,1217.3,384.8
1100,0.40,5.0,192.15,171.41,271.99,-66.85,117.28,971.08,117.28,971.08,-41.80,-66.85,M1->M2 x M3,132.80,250.08,634.3,73.3,193.4,1217.3,438.9
1100,0.40,6.0,259.27,242.05,346.81,-55.16,117.28,977.41,117.28,977.41,-40.84,-55.16,M1->M2 x M3,132.80,250.08,634.3,73.3,193.4,1217.3,493.2
1100,0.40,7.0,326.31,312.62,421.53,-43.43,117.32,986.74,117.32,986.74,-34.99,-43.43,M1->M2 x M3,132.80,250.08,634.3,73.3,193.4,1217.3,547.7
1100,0.40,8.0,393.25,383.09,496.12,-31.65,117.61,999.00,117.61,999.00,-29.12,-31.65,M1->M2 x M3,132.80,250.08,634.3,73.3,193.4,1217.3,602.5
1100,0.40,9.0,460.08,453.45,570.55,-19.81,118.20,1014.15,118.20,1014.15,-23.22,-23.22,M3->FP x M2,132.80,250.08,634.3,73.3,193.4,1217.3,657.5
1100,0.40,10.0,526.76,523.67,644.82,-7.91,119.08,1032.11,119.08,1032.11,-17.29,-17.29,M3->FP x M2,132.80,250.08,634.3,73.3,193.4,1217.3,712.9
1100,0.40,11.0,593.28,593.73,718.89,3.74,120.26,1052.80,120.26,1052.80,-11.32,-11.32,M3->FP x M2,132.80,250.08,634.3,73.3,193.4,1217.3,768.6
1100,0.40,12.0,659.62,663.61,792.73,14.57,121.72,1076.14,121.72,1076.14,-5.31,-5.31,M3->FP x M2,132.80,250.08,634.3,73.3,193.4,1217.3,824.7
1100,0.40,13.0,725.76,733.28,866.34,25.08,123.47,1102.01,123.47,1102.01,0.72,0.72,M3->FP x M2,132.80,250.08,634.3,73.3,193.4,1217.3,881.2
1100,0.40,14.0,791.67,802.73,939.69,35.25,125.51,1130.35,125.51,1130.35,6.60,6.60,M3->FP x M2,132.80,250.08,634.3,73.3,193.4,1217.3,938.1
1100,0.40,15.0,857.35,871.94,1012.74,45.07,127.82,1161.04,127.82,1161.04,12.53,12.53,M3->FP x M2,132.80,250.08,634.3,73.3,193.4,1217.3,995.6
1100,0.40,16.0,922.77,940.88,1085.49,54.52,130.41,1194.02,130.41,1194.02,18.52,18.52,M3->FP x M2,132.80,250.08,634.3,73.3,193.4,1217.3,1053.6
1100,0.40,17.0,987.90,1009.54,1157.91,63.61,133.27,1229.19,133.27,1229.19,24.57,24.57,M3->FP x M2,132.80,250.08,634.3,73.3,193.4,1217.3,1112.2
1100,0.40,18.0,1052.73,1077.89,1229.98,72.32,136.38,1266.48,136.38,1266.48,30.68,30.68,M3->FP x M2,132.80,250.08,634.3,73.3,193.4,1217.3,1171.5
1100,0.40,19.0,1117.25,1145.91,1301.67,80.67,139.75,1305.82,139.75,1305.82,36.87,36.87,M3->FP x M2,132.80,250.08,634.3,73.3,193.4,1217.3,1231.4
1100,0.40,20.0,1181.42,1213.58,1372.96,88.66,143.37,1347.16,143.37,1347.16,43.12,43.12,M3->FP x M2,132.80,250.08,634.3,73.3,193.4,1217.3,1292.0
1100,0.45,2.0,-24.62,-61.99,37.80,-90.69,134.45,950.48,134.45,950.48,-47.08,-90.69,M1->M2 x M3,149.52,283.96,584.2,82.5,212.2,1234.4,274.8
1100,0.45,3.0,37.30,3.17,107.77,-90.43,134.45,950.48,134.45,950.48,-47.11,-90.43,M1->M2 x M3,149.52,283.96,584.2,82.5,212.2,1234.4,323.4
1100,0.45,4.0,99.20,68.30,177.72,-90.61,134.45,950.49,134.45,950.49,-47.31,-90.61,M1->M2 x M3,149.52,283.96,584.2,82.5,212.2,1234.4,372.0
1100,0.45,5.0,161.07,133.40,247.60,-82.43,134.45,951.87,134.45,951.87,-47.40,-82.43,M1->M2 x M3,149.52,283.96,584.2,82.5,212.2,1234.4,420.8
1100,0.45,6.0,222.89,198.46,317.41,-70.73,134.45,955.75,134.45,955.75,-47.24,-70.73,M1->M2 x M3,149.52,283.96,584.2,82.5,212.2,1234.4,469.7
1100,0.45,7.0,284.64,263.47,387.13,-58.99,134.45,962.13,134.45,962.13,-45.01,-58.99,M1->M2 x M3,149.52,283.96,584.2,82.5,212.2,1234.4,518.9
1100,0.45,8.0,346.30,328.39,456.73,-47.20,134.51,971.00,134.51,971.00,-39.14,-47.20,M1->M2 x M3,149.52,283.96,584.2,82.5,212.2,1234.4,568.2
1100,0.45,9.0,407.86,393.22,526.19,-35.35,134.83,982.32,134.83,982.32,-33.24,-35.35,M1->M2 x M3,149.52,283.96,584.2,82.5,212.2,1234.4,617.8
1100,0.45,10.0,469.29,457.92,595.48,-23.43,135.40,996.05,135.40,996.05,-27.30,-27.30,M3->FP x M2,149.52,283.96,584.2,82.5,212.2,1234.4,667.7
1100,0.45,11.0,530.58,522.48,664.60,-11.45,136.23,1012.15,136.23,1012.15,-21.33,-21.33,M3->FP x M2,149.52,283.96,584.2,82.5,212.2,1234.4,717.8
1100,0.45,12.0,591.71,586.89,733.51,0.57,137.33,1030.57,137.33,1030.57,-15.32,-15.32,M3->FP x M2,149.52,283.96,584.2,82.5,212.2,1234.4,768.4
1100,0.45,13.0,652.66,651.11,802.20,11.60,138.69,1051.24,138.69,1051.24,-9.26,-9.26,M3->FP x M2,149.52,283.96,584.2,82.5,212.2,1234.4,819.3
1100,0.45,14.0,713.41,715.14,870.65,22.36,140.30,1074.11,140.30,1074.11,-3.16,-3.16,M3->FP x M2,149.52,283.96,584.2,82.5,212.2,1234.4,870.6
1100,0.45,15.0,773.95,778.95,938.83,32.84,142.18,1099.11,142.18,1099.11,2.89,2.89,M3->FP x M2,149.52,283.96,584.2,82.5,212.2,1234.4,922.4
1100,0.45,16.0,834.24,842.53,1006.73,43.03,144.31,1126.19,144.31,1126.19,8.88,8.88,M3->FP x M2,149.52,283.96,584.2,82.5,212.2,1234.4,974.6
1100,0.45,17.0,894.29,905.84,1074.31,52.90,146.70,1155.27,146.70,1155.27,14.93,14.93,M3->FP x M2,149.52,283.96,584.2,82.5,212.2,1234.4,1027.4
1100,0.45,18.0,954.06,968.88,1141.58,62.46,149.34,1186.32,149.34,1186.32,21.05,21.05,M3->FP x M2,149.52,283.96,584.2,82.5,212.2,1234.4,1080.8
1100,0.45,19.0,1013.54,1031.63,1208.49,71.70,152.24,1219.27,152.24,1219.27,27.23,27.23,M3->FP x M2,149.52,283.96,584.2,82.5,212.2,1234.4,1134.8
1100,0.45,20.0,1072.71,1094.06,1275.03,80.62,155.38,1254.09,155.38,1254.09,33.49,33.49,M3->FP x M2,149.52,283.96,584.2,82.5,212.2,1234.4,1189.4
1100,0.50,2.0,-37.79,-81.35,30.47,-101.29,151.92,933.74,151.92,933.74,-52.56,-101.29,M1->M2 x M3,166.26,318.19,544.1,91.7,231.3,1251.9,275.1
1100,0.50,3.0,19.88,-20.75,96.49,-101.33,151.92,933.74,151.92,933.74,-52.32,-101.33,M1->M2 x M3,166.26,318.19,544.1,91.7,231.3,1251.9,319.4
1100,0.50,4.0,77.53,39.87,162.48,-101.55,151.92,933.74,151.92,933.74,-52.66,-101.55,M1->M2 x M3,166.26,318.19,544.1,91.7,231.3,1251.9,363.8
1100,0.50,5.0,135.15,100.45,228.41,-97.97,151.92,933.97,151.92,933.97,-52.40,-97.97,M1->M2 x M3,166.26,318.19,544.1,91.7,231.3,1251.9,408.3
1100,0.50,6.0,192.73,160.99,294.28,-86.26,151.92,936.04,151.92,936.04,-52.53,-86.26,M1->M2 x M3,166.26,318.19,544.1,91.7,231.3,1251.9,452.9
1100,0.50,7.0,250.25,221.49,360.06,-74.51,151.92,940.24,151.92,940.24,-52.41,-74.51,M1->M2 x M3,166.26,318.19,544.1,91.7,231.3,1251.9,497.7
1100,0.50,8.0,307.69,281.92,425.73,-62.71,151.92,946.57,151.92,946.57,-49.24,-62.71,M1->M2 x M3,166.26,318.19,544.1,91.7,231.3,1251.9,542.7
1100,0.50,9.0,365.04,342.27,491.27,-50.85,152.02,955.02,152.02,955.02,-43.34,-50.85,M1->M2 x M3,166.26,318.19,544.1,91.7,231.3,1251.9,588.0
1100,0.50,10.0,422.28,402.51,556.66,-38.93,152.35,965.58,152.35,965.58,-37.40,-38.93,M1->M2 x M3,166.26,318.19,544.1,91.7,231.3,1251.9,633.4
1100,0.50,11.0,479.39,462.63,621.88,-26.94,152.92,978.21,152.92,978.21,-31.43,-31.43,M3->FP x M2,166.26,318.19,544.1,91.7,231.3,1251.9,679.2
1100,0.50,12.0,536.36,522.61,686.91,-14.86,153.71,992.89,153.71,992.89,-25.41,-25.41,M3->FP x M2,166.26,318.19,544.1,91.7,231.3,1251.9,725.3
1100,0.50,13.0,593.16,582.43,751.73,-2.70,154.75,1009.57,154.75,1009.57,-19.36,-19.36,M3->FP x M2,166.26,318.19,544.1,91.7,231.3,1251.9,771.7
1100,0.50,14.0,649.78,642.07,816.32,8.72,156.02,1028.24,156.02,1028.24,-13.25,-13.25,M3->FP x M2,166.26,318.19,544.1,91.7,231.3,1251.9,818.5
1100,0.50,15.0,706.20,701.51,880.66,19.71,157.53,1048.83,157.53,1048.83,-7.09,-7.09,M3->FP x M2,166.26,318.19,544.1,91.7,231.3,1251.9,865.8
1100,0.50,16.0,762.41,760.75,944.74,30.46,159.28,1071.32,159.28,1071.32,-0.87,-0.87,M3->FP x M2,166.26,318.19,544.1,91.7,231.3,1251.9,913.4
1100,0.50,17.0,818.38,819.75,1008.52,40.96,161.27,1095.65,161.27,1095.65,5.21,5.21,M3->FP x M2,166.26,318.19,544.1,91.7,231.3,1251.9,961.6
1100,0.50,18.0,874.11,878.50,1072.00,51.19,163.50,1121.80,163.50,1121.80,11.33,11.33,M3->FP x M2,166.26,318.19,544.1,91.7,231.3,1251.9,1010.3
1100,0.50,19.0,929.57,936.98,1135.16,61.16,165.97,1149.72,165.97,1149.72,17.52,17.52,M3->FP x M2,166.26,318.19,544.1,91.7,231.3,1251.9,1059.5
1100,0.50,20.0,984.75,995.18,1197.96,70.85,168.68,1179.38,168.68,1179.38,23.78,23.78,M3->FP x M2,166.26,318.19,544.1,91.7,231.3,1251.9,1109.3
1100,0.55,2.0,-49.52,-99.36,24.59,-112.33,169.63,916.96,169.63,916.96,-57.77,-112.33,M1->M2 x M3,183.04,352.67,511.3,100.8,250.5,1269.6,277.2
1100,0.55,3.0,4.68,-42.54,87.43,-112.30,169.63,916.96,169.63,916.96,-57.98,-112.30,M1->M2 x M3,183.04,352.67,511.3,100.8,250.5,1269.6,318.0
1100,0.55,4.0,58.84,14.34,150.24,-112.50,169.63,916.96,169.63,916.96,-57.59,-112.50,M1->M2 x M3,183.04,352.67,511.3,100.8,250.5,1269.6,358.9
1100,0.55,5.0,112.99,71.16,213.00,-112.59,169.63,916.96,169.63,916.96,-57.82,-112.59,M1->M2 x M3,183.04,352.67,511.3,100.8,250.5,1269.6,399.9
1100,0.55,6.0,167.10,127.97,275.70,-101.74,169.63,917.65,169.63,917.65,-57.62,-101.74,M1->M2 x M3,183.04,352.67,511.3,100.8,250.5,1269.6,441.0
1100,0.55,7.0,221.16,184.73,338.32,-89.98,169.63,920.17,169.63,920.17,-57.73,-89.98,M1->M2 x M3,183.04,352.67,511.3,100.8,250.5,1269.6,482.3
1100,0.55,8.0,275.15,241.44,400.83,-78.17,169.63,924.55,169.63,924.55,-57.65,-78.17,M1->M2 x M3,183.04,352.67,511.3,100.8,250.5,1269.6,523.7
1100,0.55,9.0,329.07,298.08,463.22,-66.30,169.63,930.79,169.63,930.79,-53.51,-66.30,M1->M2 x M3,183.04,352.67,511.3,100.8,250.5,1269.6,565.4
1100,0.55,10.0,382.88,354.62,525.47,-54.37,169.77,938.87,169.77,938.87,-47.57,-54.37,M1->M2 x M3,183.04,352.67,511.3,100.8,250.5,1269.6,607.3
1100,0.55,11.0,436.57,411.06,587.56,-42.37,170.12,948.80,170.12,948.80,-41.59,-42.37,M1->M2 x M3,183.04,352.67,511.3,100.8,250.5,1269.6,649.4
1100,0.55,12.0,490.13,467.37,649.47,-30.28,170.67,960.55,170.67,960.55,-35.57,-35.57,M3->FP x M2,183.04,352.67,511.3,100.8,250.5,1269.6,691.9
1100,0.55,13.0,543.54,523.54,711.18,-18.11,171.44,974.11,171.44,974.11,-29.51,-29.51,M3->FP x M2,183.04,352.67,511.3,100.8,250.5,1269.6,734.6
1100,0.55,14.0,596.79,579.54,772.68,-5.84,172.43,989.46,172.43,989.46,-23.41,-23.41,M3->FP x M2,183.04,352.67,511.3,100.8,250.5,1269.6,777.8
1100,0.55,15.0,649.85,635.38,833.94,5.98,173.64,1006.56,173.64,1006.56,-17.24,-17.24,M3->FP x M2,183.04,352.67,511.3,100.8,250.5,1269.6,821.3
1100,0.55,16.0,702.72,691.02,894.95,17.17,175.06,1025.39,175.06,1025.39,-11.02,-11.02,M3->FP x M2,183.04,352.67,511.3,100.8,250.5,1269.6,865.2
1100,0.55,17.0,755.37,746.45,955.68,28.16,176.72,1045.93,176.72,1045.93,-4.74,-4.74,M3->FP x M2,183.04,352.67,511.3,100.8,250.5,1269.6,909.5
1100,0.55,18.0,807.79,801.65,1016.13,38.94,178.59,1068.15,178.59,1068.15,1.55,1.55,M3->FP x M2,183.04,352.67,511.3,100.8,250.5,1269.6,954.4
1100,0.55,19.0,859.96,856.60,1076.26,49.50,180.69,1092.02,180.69,1092.02,7.74,7.74,M3->FP x M2,183.04,352.67,511.3,100.8,250.5,1269.6,999.7
1100,0.55,20.0,911.88,911.30,1136.07,59.82,183.02,1117.52,183.02,1117.52,14.00,14.00,M3->FP x M2,183.04,352.67,511.3,100.8,250.5,1269.6,1045.6
1100,0.60,2.0,-60.17,-116.35,19.78,-123.67,187.50,900.15,187.50,900.15,-62.96,-123.67,M1->M2 x M3,199.85,387.35,484.0,110.0,269.8,1287.5,280.6
1100,0.60,3.0,-8.89,-62.74,80.03,-123.61,187.50,900.15,187.50,900.15,-63.24,-123.61,M1->M2 x M3,199.85,387.35,484.0,110.0,269.8,1287.5,318.5
1100,0.60,4.0,42.39,-9.03,140.25,-123.40,187.50,900.15,187.50,900.15,-62.99,-123.40,M1->M2 x M3,199.85,387.35,484.0,110.0,269.8,1287.5,356.5
1100,0.60,5.0,93.64,44.64,200.42,-123.44,187.50,900.15,187.50,900.15,-62.89,-123.44,M1->M2 x M3,199.85,387.35,484.0,110.0,269.8,1287.5,394.5
1100,0.60,6.0,144.87,98.28,260.54,-117.15,187.50,900.20,187.50,900.20,-63.14,-117.15,M1->M2 x M3,199.85,387.35,484.0,110.0,269.8,1287.5,432.7
1100,0.60,7.0,196.05,151.88,320.57,-105.37,187.50,901.39,187.50,901.39,-63.17,-105.37,M1->M2 x M3,199.85,387.35,484.0,110.0,269.8,1287.5,471.0
1100,0.60,8.0,247.17,205.45,380.51,-93.55,187.50,904.22,187.50,904.22,-62.96,-93.55,M1->M2 x M3,199.85,387.35,484.0,110.0,269.8,1287.5,509.5
1100,0.60,9.0,298.22,258.95,440.33,-81.68,187.50,908.69,187.50,908.69,-62.83,-81.68,M1->M2 x M3,199.85,387.35,484.0,110.0,269.8,1287.5,548.2
1100,0.60,10.0,349.17,312.37,500.02,-69.73,187.52,914.82,187.52,914.82,-57.78,-69.73,M1->M2 x M3,199.85,387.35,484.0,110.0,269.8,1287.5,587.1
1100,0.60,11.0,400.02,365.69,559.55,-57.72,187.69,922.59,187.69,922.59,-51.80,-57.72,M1->M2 x M3,199.85,387.35,484.0,110.0,269.8,1287.5,626.3
1100,0.60,12.0,450.75,418.91,618.92,-45.62,188.04,932.00,188.04,932.00,-45.78,-45.78,M3->FP x M2,199.85,387.35,484.0,110.0,269.8,1287.5,665.7
1100,0.60,13.0,501.33,471.99,678.09,-33.44,188.60,943.04,188.60,943.04,-39.72,-39.72,M3->FP x M2,199.85,387.35,484.0,110.0,269.8,1287.5,705.4
1100,0.60,14.0,551.77,524.94,737.06,-21.16,189.35,955.71,189.35,955.71,-33.61,-33.61,M3->FP x M2,199.85,387.35,484.0,110.0,269.8,1287.5,745.4
1100,0.60,15.0,602.04,577.72,795.81,-8.77,190.30,969.99,190.30,969.99,-27.44,-27.44,M3->FP x M2,199.85,387.35,484.0,110.0,269.8,1287.5,785.8
1100,0.60,16.0,652.12,630.33,854.31,3.42,191.45,985.86,191.45,985.86,-21.22,-21.22,M3->FP x M2,199.85,387.35,484.0,110.0,269.8,1287.5,826.6
1100,0.60,17.0,702.01,682.74,912.55,14.80,192.82,1003.31,192.82,1003.31,-14.94,-14.94,M3->FP x M2,199.85,387.35,484.0,110.0,269.8,1287.5,867.8
1100,0.60,18.0,751.68,734.95,970.52,26.01,194.39,1022.32,194.39,1022.32,-8.59,-8.59,M3->FP x M2,199.85,387.35,484.0,110.0,269.8,1287.5,909.5
1100,0.60,19.0,801.13,786.93,1028.19,37.05,196.17,1042.87,196.17,1042.87,-2.16,-2.16,M3->FP x M2,199.85,387.35,484.0,110.0,269.8,1287.5,951.6
1100,0.60,20.0,850.33,838.67,1085.54,47.89,198.17,1064.95,198.17,1064.95,4.18,4.18,M3->FP x M2,199.85,387.35,484.0,110.0,269.8,1287.5,994.2
1100,0.65,2.0,-67.05,-132.56,15.81,-134.64,205.46,883.32,205.46,883.32,-68.35,-134.64,M1->M2 x M3,216.68,422.15,460.9,119.2,289.2,1305.5,285.0
1100,0.65,3.0,-21.18,-81.70,73.91,-134.61,205.46,883.32,205.46,883.32,-68.26,-134.61,M1->M2 x M3,216.68,422.15,460.9,119.2,289.2,1305.5,320.4
1100,0.65,4.0,27.66,-30.75,131.98,-134.46,205.46,883.32,205.46,883.32,-68.16,-134.46,M1->M2 x M3,216.68,422.15,460.9,119.2,289.2,1305.5,355.9
1100,0.65,5.0,76.47,20.24,190.02,-134.75,205.46,883.32,205.46,883.32,-68.12,-134.75,M1->M2 x M3,216.68,422.15,460.9,119.2,289.2,1305.5,391.5
1100,0.65,6.0,125.25,71.16,247.99,-132.45,205.46,883.32,205.46,883.32,-68.26,-132.45,M1->M2 x M3,216.68,422.15,460.9,119.2,289.2,1305.5,427.2
1100,0.65,7.0,174.00,122.05,305.89,-120.66,205.46,883.56,205.46,883.56,-68.41,-120.66,M1->M2 x M3,216.68,422.15,460.9,119.2,289.2,1305.5,463.0
1100,0.65,8.0,222.69,172.91,363.70,-108.83,205.46,885.13,205.46,885.13,-68.46,-108.83,M1->M2 x M3,216.68,422.15,460.9,119.2,289.2,1305.5,499.0
1100,0.65,9.0,271.31,223.72,421.40,-96.95,205.46,888.17,205.46,888.17,-68.25,-96.95,M1->M2 x M3,216.68,422.15,460.9,119.2,289.2,1305.5,535.2
1100,0.65,10.0,319.85,274.46,478.96,-84.99,205.46,892.69,205.46,892.69,-68.01,-84.99,M1->M2 x M3,216.68,422.15,460.9,119.2,289.2,1305.5,571.6
1100,0.65,11.0,368.30,325.11,536.39,-72.97,205.50,898.70,205.50,898.70,-62.03,-72.97,M1->M2 x M3,216.68,422.15,460.9,119.2,289.2,1305.5,608.2
1100,0.65,12.0,416.63,375.67,593.65,-60.86,205.69,906.20,205.69,906.20,-56.01,-60.86,M1->M2 x M3,216.68,422.15,460.9,119.2,289.2,1305.5,645.0
1100,0.65,13.0,464.83,426.11,650.72,-48.67,206.06,915.19,206.06,915.19,-49.94,-49.94,M3->FP x M2,216.68,422.15,460.9,119.2,289.2,1305.5,682.2
1100,0.65,14.0,512.89,476.42,707.60,-36.38,206.61,925.66,206.61,925.66,-43.83,-43.83,M3->FP x M2,216.68,422.15,460.9,119.2,289.2,1305.5,719.6
1100,0.65,15.0,560.80,526.59,764.27,-23.98,207.35,937.61,207.35,937.61,-37.66,-37.66,M3->FP x M2,216.68,422.15,460.9,119.2,289.2,1305.5,757.4
1100,0.65,16.0,608.54,576.59,820.70,-11.47,208.28,951.03,208.28,951.03,-31.44,-31.44,M3->FP x M2,216.68,422.15,460.9,119.2,289.2,1305.5,795.5
1100,0.65,17.0,656.09,626.42,876.88,1.07,209.39,965.92,209.39,965.92,-25.15,-25.15,M3->FP x M2,216.68,422.15,460.9,119.2,289.2,1305.5,834.0
1100,0.65,18.0,703.44,676.06,932.79,12.64,210.70,982.26,210.70,982.26,-18.80,-18.80,M3->FP x M2,216.68,422.15,460.9,119.2,289.2,1305.5,873.0
1100,0.65,19.0,750.58,725.50,988.42,24.06,212.21,1000.05,212.21,1000.05,-12.37,-12.37,M3->FP x M2,216.68,422.15,460.9,119.2,289.2,1305.5,912.4
1100,0.65,20.0,797.48,774.71,1043.75,35.34,213.92,1019.28,213.92,1019.28,-5.87,-5.87,M3->FP x M2,216.68,422.15,460.9,119.2,289.2,1305.5,952.2
1100,0.70,2.0,-72.99,-145.58,12.49,-145.65,223.44,866.46,223.44,866.46,-73.75,-145.65,M1->M2 x M3,233.54,456.98,441.1,128.3,308.6,1323.4,290.1
1100,0.70,3.0,-32.47,-99.67,68.79,-145.95,223.44,866.46,223.44,866.46,-73.43,-145.95,M1->M2 x M3,233.54,456.98,441.1,128.3,308.6,1323.4,323.4
1100,0.70,4.0,14.29,-51.13,125.07,-145.70,223.44,866.46,223.44,866.46,-73.19,-145.70,M1->M2 x M3,233.54,456.98,441.1,128.3,308.6,1323.4,356.8
1100,0.70,5.0,61.00,-2.48,181.32,-145.73,223.44,866.46,223.44,866.46,-73.57,-145.73,M1->M2 x M3,233.54,456.98,441.1,128.3,308.6,1323.4,390.3
1100,0.70,6.0,107.69,46.08,237.50,-145.85,223.44,866.46,223.44,866.46,-73.65,-145.85,M1->M2 x M3,233.54,456.98,441.1,128.3,308.6,1323.4,423.9
1100,0.70,7.0,154.35,94.61,293.62,-135.83,223.44,866.46,223.44,866.46,-73.40,-135.83,M1->M2 x M3,233.54,456.98,441.1,128.3,308.6,1323.4,457.6
1100,0.70,8.0,200.96,143.11,349.64,-123.99,223.44,866.99,223.44,866.99,-73.71,-123.99,M1->M2 x M3,233.54,456.98,441.1,128.3,308.6,1323.4,491.4
1100,0.70,9.0,247.51,191.58,405.56,-112.09,223.44,868.84,223.44,868.84,-73.58,-112.09,M1->M2 x M3,233.54,456.98,441.1,128.3,308.6,1323.4,525.5
1100,0.70,10.0,293.98,239.98,461.36,-100.13,223.44,872.03,223.44,872.03,-73.36,-100.13,M1->M2 x M3,233.54,456.98,441.1,128.3,308.6,1323.4,559.7
1100,0.70,11.0,340.37,288.31,517.02,-88.09,223.44,876.57,223.44,876.57,-72.27,-88.09,M1->M2 x M3,233.54,456.98,441.1,128.3,308.6,1323.4,594.1
1100,0.70,12.0,386.65,336.55,572.51,-75.98,223.49,882.47,223.49,882.47,-66.24,-75.98,M1->M2 x M3,233.54,456.98,441.1,128.3,308.6,1323.4,628.8
1100,0.70,13.0,432.81,384.69,627.84,-63.77,223.71,889.74,223.71,889.74,-60.18,-63.77,M1->M2 x M3,233.54,456.98,441.1,128.3,308.6,1323.4,663.7
1100,0.70,14.0,478.84,432.71,682.97,-51.47,224.10,898.37,224.10,898.37,-54.06,-54.06,M3->FP x M2,233.54,456.98,441.1,128.3,308.6,1323.4,698.9
1100,0.70,15.0,524.73,480.60,737.89,-39.06,224.65,908.38,224.65,908.38,-47.89,-47.89,M3->FP x M2,233.54,456.98,441.1,128.3,308.6,1323.4,734.4
1100,0.70,16.0,570.45,528.35,792.59,-26.54,225.38,919.75,225.38,919.75,-41.66,-41.66,M3->FP x M2,233.54,456.98,441.1,128.3,308.6,1323.4,770.3
1100,0.70,17.0,616.00,575.93,847.05,-13.89,226.28,932.48,226.28,932.48,-35.37,-35.37,M3->FP x M2,233.54,456.98,441.1,128.3,308.6,1323.4,806.5
1100,0.70,18.0,661.37,623.34,901.25,-1.11,227.37,946.58,227.37,946.58,-29.02,-29.02,M3->FP x M2,233.54,456.98,441.1,128.3,308.6,1323.4,843.1
1100,0.70,19.0,706.53,670.55,955.18,10.73,228.64,962.03,228.64,962.03,-22.59,-22.59,M3->FP x M2,233.54,456.98,441.1,128.3,308.6,1323.4,880.2
1100,0.70,20.0,751.48,717.57,1008.81,22.36,230.10,978.84,230.10,978.84,-16.08,-16.08,M3->FP x M2,233.54,456.98,441.1,128.3,308.6,1323.4,917.6
1100,0.75,2.0,-78.66,-157.09,9.69,-156.84,241.35,849.57,241.35,849.57,-78.40,-157.09,in->M1 x M3,250.43,491.78,423.9,137.5,328.0,1341.3,295.9
1100,0.75,3.0,-42.95,-116.83,64.47,-157.06,241.35,849.57,241.35,849.57,-78.83,-157.06,M1->M2 x M3,250.43,491.78,423.9,137.5,328.0,1341.3,327.4
1100,0.75,4.0,1.99,-70.42,119.24,-156.72,241.35,849.57,241.35,849.57,-78.81,-156.72,M1->M2 x M3,250.43,491.78,423.9,137.5,328.0,1341.3,358.9
1100,0.75,5.0,46.89,-23.90,173.97,-156.96,241.35,849.57,241.35,849.57,-78.81,-156.96,M1->M2 x M3,250.43,491.78,423.9,137.5,328.0,1341.3,390.6
1100,0.75,6.0,91.77,22.65,228.65,-157.02,241.35,849.57,241.35,849.57,-78.58,-157.02,M1->M2 x M3,250.43,491.78,423.9,137.5,328.0,1341.3,422.3
1100,0.75,7.0,136.62,69.10,283.26,-150.84,241.35,849.57,241.35,849.57,-78.71,-150.84,M1->M2 x M3,250.43,491.78,423.9,137.5,328.0,1341.3,454.1
1100,0.75,8.0,181.43,115.53,337.78,-138.99,241.35,849.59,241.35,849.59,-78.78,-138.99,M1->M2 x M3,250.43,491.78,423.9,137.5,328.0,1341.3,486.1
1100,0.75,9.0,226.18,161.92,392.20,-127.08,241.35,850.43,241.35,850.43,-78.89,-127.08,M1->M2 x M3,250.43,491.78,423.9,137.5,328.0,1341.3,518.3
1100,0.75,10.0,270.87,208.26,446.50,-115.11,241.35,852.50,241.35,852.50,-78.42,-115.11,M1->M2 x M3,250.43,491.78,423.9,137.5,328.0,1341.3,550.6
1100,0.75,11.0,315.47,254.54,500.67,-103.07,241.35,855.80,241.35,855.80,-78.99,-103.07,M1->M2 x M3,250.43,491.78,423.9,137.5,328.0,1341.3,583.2
1100,0.75,12.0,359.97,300.75,554.68,-90.94,241.35,860.35,241.35,860.35,-76.46,-90.94,M1->M2 x M3,250.43,491.78,423.9,137.5,328.0,1341.3,615.9
1100,0.75,13.0,404.37,346.86,608.52,-78.73,241.44,866.16,241.44,866.16,-70.39,-78.73,M1->M2 x M3,250.43,491.78,423.9,137.5,328.0,1341.3,648.9
1100,0.75,14.0,448.65,392.86,662.18,-66.41,241.68,873.23,241.68,873.23,-64.27,-66.41,M1->M2 x M3,250.43,491.78,423.9,137.5,328.0,1341.3,682.2
1100,0.75,15.0,492.78,438.75,715.63,-53.99,242.08,881.58,242.08,881.58,-58.10,-58.10,M3->FP x M2,250.43,491.78,423.9,137.5,328.0,1341.3,715.8
1100,0.75,16.0,536.77,484.50,768.87,-41.46,242.63,891.19,242.63,891.19,-51.87,-51.87,M3->FP x M2,250.43,491.78,423.9,137.5,328.0,1341.3,749.7
1100,0.75,17.0,580.59,530.11,821.88,-28.80,243.36,902.09,243.36,902.09,-45.58,-45.58,M3->FP x M2,250.43,491.78,423.9,137.5,328.0,1341.3,783.9
1100,0.75,18.0,624.24,575.55,874.63,-16.01,244.25,914.27,244.25,914.27,-39.22,-39.22,M3->FP x M2,250.43,491.78,423.9,137.5,328.0,1341.3,818.5
1100,0.75,19.0,667.70,620.82,927.12,-3.07,245.31,927.72,245.31,927.72,-32.79,-32.79,M3->FP x M2,250.43,491.78,423.9,137.5,328.0,1341.3,853.5
1100,0.75,20.0,710.95,665.90,979.32,9.11,246.55,942.46,246.55,942.46,-26.28,-26.28,M3->FP x M2,250.43,491.78,423.9,137.5,328.0,1341.3,889.0
1100,0.80,2.0,-83.68,-167.78,7.30,-168.17,259.12,832.65,259.12,832.65,-84.26,-168.17,M1->M2 x M3,267.35,526.47,408.8,146.7,347.3,1359.1,302.1
1100,0.80,3.0,-52.79,-133.30,60.80,-168.16,259.12,832.65,259.12,832.65,-84.05,-168.16,M1->M2 x M3,267.35,526.47,408.8,146.7,347.3,1359.1,332.0
1100,0.80,4.0,-9.44,-88.79,114.28,-168.11,259.12,832.65,259.12,832.65,-83.58,-168.11,M1->M2 x M3,267.35,526.47,408.8,146.7,347.3,1359.1,361.9
1100,0.80,5.0,33.89,-44.17,167.73,-168.05,259.12,832.65,259.12,832.65,-84.07,-168.05,M1->M2 x M3,267.35,526.47,408.8,146.7,347.3,1359.1,392.0
1100,0.80,6.0,77.18,0.58,221.12,-167.94,259.12,832.65,259.12,832.65,-84.12,-167.94,M1->M2 x M3,267.35,526.47,408.8,146.7,347.3,1359.1,422.1
1100,0.80,7.0,120.45,45.18,274.45,-165.68,259.12,832.65,259.12,832.65,-84.03,-165.68,M1->M2 x M3,267.35,526.47,408.8,146.7,347.3,1359.1,452.3
1100,0.80,8.0,163.69,89.75,327.69,-153.82,259.12,832.65,259.12,832.65,-84.22,-153.82,M1->M2 x M3,267.35,526.47,408.8,146.7,347.3,1359.1,482.7
1100,0.80,9.0,206.87,134.31,380.83,-141.90,259.12,832.78,259.12,832.78,-83.83,-141.90,M1->M2 x M3,267.35,526.47,408.8,146.7,347.3,1359.1,513.2
1100,0.80,10.0,249.99,178.82,433.86,-129.92,259.12,833.87,259.12,833.87,-84.26,-129.92,M1->M2 x M3,267.35,526.47,408.8,146.7,347.3,1359.1,543.9
1100,0.80,11.0,293.04,223.27,486.76,-117.86,259.12,836.11,259.12,836.11,-84.10,-117.86,M1->M2 x M3,267.35,526.47,408.8,146.7,347.3,1359.1,574.8
1100,0.80,12.0,335.99,267.66,539.51,-105.73,259.12,839.49,259.12,839.49,-83.85,-105.73,M1->M2 x M3,267.35,526.47,408.8,146.7,347.3,1359.1,605.9
1100,0.80,13.0,378.85,311.97,592.09,-93.50,259.13,844.05,259.13,844.05,-80.56,-93.50,M1->M2 x M3,267.35,526.47,408.8,146.7,347.3,1359.1,637.2
1100,0.80,14.0,421.58,356.18,644.49,-81.18,259.25,849.78,259.25,849.78,-74.44,-81.18,M1->M2 x M3,267.35,526.47,408.8,146.7,347.3,1359.1,668.8
1100,0.80,15.0,464.19,400.28,696.70,-68.75,259.51,856.69,259.51,856.69,-68.27,-68.75,M1->M2 x M3,267.35,526.47,408.8,146.7,347.3,1359.1,700.7
1100,0.80,16.0,506.66,444.26,748.69,-56.21,259.92,864.80,259.92,864.80,-62.04,-62.04,M3->FP x M2,267.35,526.47,408.8,146.7,347.3,1359.1,732.9
1100,0.80,17.0,548.98,488.11,800.46,-43.54,260.49,874.11,260.49,874.11,-55.74,-55.74,M3->FP x M2,267.35,526.47,408.8,146.7,347.3,1359.1,765.4
1100,0.80,18.0,591.12,531.80,851.98,-30.73,261.21,884.62,261.21,884.62,-49.38,-49.38,M3->FP x M2,267.35,526.47,408.8,146.7,347.3,1359.1,798.2
1100,0.80,19.0,633.09,575.34,903.24,-17.78,262.09,896.35,262.09,896.35,-42.95,-42.95,M3->FP x M2,267.35,526.47,408.8,146.7,347.3,1359.1,831.4
1100,0.80,20.0,674.87,618.70,954.23,-4.68,263.14,909.29,263.14,909.29,-36.44,-36.44,M3->FP x M2,267.35,526.47,408.8,146.7,347.3,1359.1,865.1
1100,0.85,2.0,-89.02,-179.10,5.26,-179.00,276.69,815.71,276.69,815.71,-89.53,-179.10,in->M1 x M3,284.29,560.98,395.6,155.8,366.5,1376.7,313.4
1100,0.85,3.0,-62.08,-149.18,57.65,-179.05,276.69,815.71,276.69,815.71,-88.67,-179.05,M1->M2 x M3,284.29,560.98,395.6,155.8,366.5,1376.7,337.1
1100,0.85,4.0,-20.16,-106.38,110.03,-178.99,276.69,815.71,276.69,815.71,-89.43,-178.99,M1->M2 x M3,284.29,560.98,395.6,155.8,366.5,1376.7,365.7
1100,0.85,5.0,21.79,-63.47,162.37,-178.93,276.69,815.71,276.69,815.71,-88.80,-178.93,M1->M2 x M3,284.29,560.98,395.6,155.8,366.5,1376.7,394.3
1100,0.85,6.0,63.69,-20.43,214.67,-179.03,276.69,815.71,276.69,815.71,-89.27,-179.03,M1->M2 x M3,284.29,560.98,395.6,155.8,366.5,1376.7,423.0
1100,0.85,7.0,105.57,22.60,266.89,-178.97,276.69,815.71,276.69,815.71,-89.00,-178.97,M1->M2 x M3,284.29,560.98,395.6,155.8,366.5,1376.7,451.8
1100,0.85,8.0,147.42,65.51,319.04,-168.45,276.69,815.71,276.69,815.71,-89.29,-168.45,M1->M2 x M3,284.29,560.98,395.6,155.8,366.5,1376.7,480.7
1100,0.85,9.0,189.22,108.41,371.09,-156.52,276.69,815.71,276.69,815.71,-89.31,-156.52,M1->M2 x M3,284.29,560.98,395.6,155.8,366.5,1376.7,509.8
1100,0.85,10.0,230.96,151.27,423.03,-144.53,276.69,815.99,276.69,815.99,-89.57,-144.53,M1->M2 x M3,284.29,560.98,395.6,155.8,366.5,1376.7,539.1
1100,0.85,11.0,272.63,194.08,474.84,-132.46,276.69,817.30,276.69,817.30,-89.46,-132.46,M1->M2 x M3,284.29,560.98,395.6,155.8,366.5,1376.7,568.5
1100,0.85,12.0,314.22,236.84,526.50,-120.32,276.69,819.67,276.69,819.67,-89.07,-120.32,M1->M2 x M3,284.29,560.98,395.6,155.8,366.5,1376.7,598.1
1100,0.85,13.0,355.72,279.52,578.01,-108.08,276.69,823.13,276.69,823.13,-89.44,-108.08,M1->M2 x M3,284.29,560.98,395.6,155.8,366.5,1376.7,628.0
1100,0.85,14.0,397.11,322.12,629.33,-95.75,276.71,827.68,276.71,827.68,-84.56,-95.75,M1->M2 x M3,284.29,560.98,395.6,155.8,366.5,1376.7,658.1
1100,0.85,15.0,438.37,364.62,680.47,-83.31,276.85,833.35,276.85,833.35,-78.38,-83.31,M1->M2 x M3,284.29,560.98,395.6,155.8,366.5,1376.7,688.4
1100,0.85,16.0,479.50,407.01,731.40,-70.76,277.14,840.14,277.14,840.14,-72.15,-72.15,M3->FP x M2,284.29,560.98,395.6,155.8,366.5,1376.7,719.1
1100,0.85,17.0,520.49,449.28,782.10,-58.08,277.56,848.06,277.56,848.06,-65.85,-65.85,M3->FP x M2,284.29,560.98,395.6,155.8,366.5,1376.7,750.1
1100,0.85,18.0,561.31,491.41,832.57,-45.26,278.13,857.12,278.13,857.12,-59.48,-59.48,M3->FP x M2,284.29,560.98,395.6,155.8,366.5,1376.7,781.4
1100,0.85,19.0,601.97,533.39,882.78,-32.30,278.86,867.33,278.86,867.33,-53.05,-53.05,M3->FP x M2,284.29,560.98,395.6,155.8,366.5,1376.7,813.0
1100,0.85,20.0,642.44,575.21,932.73,-19.19,279.74,878.70,279.74,878.70,-46.53,-46.53,M3->FP x M2,284.29,560.98,395.6,155.8,366.5,1376.7,845.1
1100,0.90,2.0,-94.78,-190.07,3.49,-189.77,293.96,798.74,293.96,798.74,-94.65,-190.07,in->M1 x M3,301.26,595.22,383.8,165.0,385.6,1394.0,332.4
1100,0.90,3.0,-70.93,-164.53,54.94,-189.94,293.96,798.74,293.96,798.74,-94.66,-189.94,M1->M2 x M3,301.26,595.22,383.8,165.0,385.6,1394.0,342.7
1100,0.90,4.0,-30.26,-123.28,106.36,-190.08,293.96,798.74,293.96,798.74,-94.49,-190.08,M1->M2 x M3,301.26,595.22,383.8,165.0,385.6,1394.0,370.0
1100,0.90,5.0,10.46,-81.92,157.75,-190.09,293.96,798.74,293.96,798.74,-94.49,-190.09,M1->M2 x M3,301.26,595.22,383.8,165.0,385.6,1394.0,397.3
1100,0.90,6.0,51.12,-40.45,209.10,-190.02,293.96,798.74,293.96,798.74,-93.94,-190.02,M1->M2 x M3,301.26,595.22,383.8,165.0,385.6,1394.0,424.8
1100,0.90,7.0,91.76,1.17,260.38,-189.80,293.96,798.74,293.96,798.74,-94.85,-189.80,M1->M2 x M3,301.26,595.22,383.8,165.0,385.6,1394.0,452.3
1100,0.90,8.0,132.38,42.58,311.58,-182.85,293.96,798.74,293.96,798.74,-93.97,-182.85,M1->M2 x M3,301.26,595.22,383.8,165.0,385.6,1394.0,480.0
1100,0.90,9.0,172.95,83.97,362.69,-170.91,293.96,798.74,293.96,798.74,-94.44,-170.91,M1->M2 x M3,301.26,595.22,383.8,165.0,385.6,1394.0,507.8
1100,0.90,10.0,213.47,125.33,413.69,-158.91,293.96,798.74,293.96,798.74,-94.33,-158.91,M1->M2 x M3,301.26,595.22,383.8,165.0,385.6,1394.0,535.7
1100,0.90,11.0,253.92,166.66,464.56,-146.84,293.96,799.22,293.96,799.22,-94.70,-146.84,M1->M2 x M3,301.26,595.22,383.8,165.0,385.6,1394.0,563.9
1100,0.90,12.0,294.30,207.94,515.29,-134.68,293.96,800.70,293.96,800.70,-94.55,-134.68,M1->M2 x M3,301.26,595.22,383.8,165.0,385.6,1394.0,592.2
1100,0.90,13.0,334.59,249.16,565.86,-122.44,293.96,803.19,293.96,803.19,-94.81,-122.44,M1->M2 x M3,301.26,595.22,383.8,165.0,385.6,1394.0,620.8
1100,0.90,14.0,374.78,290.29,616.26,-110.09,293.96,806.71,293.96,806.71,-94.59,-110.09,M1->M2 x M3,301.26,595.22,383.8,165.0,385.6,1394.0,649.5
1100,0.90,15.0,414.85,331.35,666.47,-97.65,294.01,811.28,294.01,811.28,-88.41,-97.65,M1->M2 x M3,301.26,595.22,383.8,165.0,385.6,1394.0,678.6
1100,0.90,16.0,454.80,372.29,716.48,-85.08,294.18,816.90,294.18,816.90,-82.18,-85.08,M1->M2 x M3,301.26,595.22,383.8,165.0,385.6,1394.0,707.9
1100,0.90,17.0,494.60,413.13,766.27,-72.39,294.48,823.59,294.48,823.59,-75.88,-75.88,M3->FP x M2,301.26,595.22,383.8,165.0,385.6,1394.0,737.5
1100,0.90,18.0,534.26,453.84,815.83,-59.56,294.92,831.37,294.92,831.37,-69.51,-69.51,M3->FP x M2,301.26,595.22,383.8,165.0,385.6,1394.0,767.4
1100,0.90,19.0,573.75,494.41,865.14,-46.59,295.51,840.24,295.51,840.24,-63.07,-63.07,M3->FP x M2,301.26,595.22,383.8,165.0,385.6,1394.0,797.7
1100,0.90,20.0,613.07,534.83,914.18,-33.47,296.24,850.21,296.24,850.21,-56.55,-56.55,M3->FP x M2,301.26,595.22,383.8,165.0,385.6,1394.0,828.3
1150,0.30,2.0,37.65,17.92,82.65,-58.84,84.81,1050.56,84.81,1050.56,-31.55,-58.84,M1->M2 x M3,99.44,184.25,812.0,55.0,156.7,1234.8,299.2
1150,0.30,3.0,124.64,108.98,176.85,-58.81,84.81,1051.79,84.81,1051.79,-31.60,-58.81,M1->M2 x M3,99.44,184.25,812.0,55.0,156.7,1234.8,372.1
1150,0.30,4.0,211.59,200.00,271.00,-47.29,84.81,1057.82,84.81,1057.82,-31.50,-47.29,M1->M2 x M3,99.44,184.25,812.0,55.0,156.7,1234.8,445.0
1150,0.30,5.0,298.48,290.96,365.06,-35.66,84.82,1068.83,84.82,1068.83,-27.13,-35.66,M1->M2 x M3,99.44,184.25,812.0,55.0,156.7,1234.8,518.2
1150,0.30,6.0,385.27,381.83,459.01,-23.98,85.05,1084.73,85.05,1084.73,-21.30,-23.98,M1->M2 x M3,99.44,184.25,812.0,55.0,156.7,1234.8,591.6
1150,0.30,7.0,471.95,472.59,552.83,-12.27,85.68,1105.36,85.68,1105.36,-15.46,-15.46,M3->FP x M2,99.44,184.25,812.0,55.0,156.7,1234.8,665.3
1150,0.30,8.0,558.49,563.20,646.47,-0.51,86.70,1130.52,86.70,1130.52,-9.59,-9.59,M3->FP x M2,99.44,184.25,812.0,55.0,156.7,1234.8,739.3
1150,0.30,9.0,644.85,653.64,739.92,10.26,88.11,1160.01,88.11,1160.01,-3.70,-3.70,M3->FP x M2,99.44,184.25,812.0,55.0,156.7,1234.8,813.7
1150,0.30,10.0,731.02,743.88,833.14,20.56,89.90,1193.58,89.90,1193.58,2.15,2.15,M3->FP x M2,99.44,184.25,812.0,55.0,156.7,1234.8,888.5
1150,0.30,11.0,816.97,833.90,926.11,30.37,92.04,1231.01,92.04,1231.01,7.90,7.90,M3->FP x M2,99.44,184.25,812.0,55.0,156.7,1234.8,963.7
1150,0.30,12.0,902.66,923.66,1018.80,39.68,94.53,1272.07,94.53,1272.07,13.69,13.69,M3->FP x M2,99.44,184.25,812.0,55.0,156.7,1234.8,1039.5
1150,0.30,13.0,988.09,1013.14,1111.17,48.49,97.35,1316.52,97.35,1316.52,19.52,19.52,M3->FP x M2,99.44,184.25,812.0,55.0,156.7,1234.8,1115.9
1150,0.30,14.0,1073.21,1102.31,1203.21,56.79,100.47,1364.18,100.47,1364.18,25.39,25.39,M3->FP x M2,99.44,184.25,812.0,55.0,156.7,1234.8,1192.8
1150,0.30,15.0,1158.00,1191.14,1294.88,64.60,103.89,1414.84,103.89,1414.84,31.32,31.32,M3->FP x M2,99.44,184.25,812.0,55.0,156.7,1234.8,1270.5
1150,0.30,16.0,1242.44,1279.62,1386.16,71.92,107.59,1468.35,107.59,1468.35,37.31,37.31,M3->FP x M2,99.44,184.25,812.0,55.0,156.7,1234.8,1348.9
1150,0.30,17.0,1326.51,1367.70,1477.01,78.79,111.54,1524.55,111.46,1524.55,43.35,43.35,M3->FP x M2,99.44,184.25,812.0,55.0,156.7,1234.8,1428.1
1150,0.30,18.0,1410.16,1455.36,1567.42,85.21,115.75,1583.32,115.12,1583.32,49.46,49.46,M3->FP x M2,99.44,184.25,812.0,55.0,156.7,1234.8,1508.1
1150,0.30,19.0,1493.39,1542.59,1657.35,91.22,120.19,1643.26,118.55,1644.56,55.64,55.64,M3->FP x M2,99.44,184.25,812.0,55.0,156.7,1234.8,1589.1
1150,0.30,20.0,1576.17,1629.34,1746.77,96.85,124.86,1699.23,121.74,1708.18,61.90,61.90,M3->FP x M2,99.44,184.25,812.0,55.0,156.7,1234.8,1671.1
1150,0.35,2.0,14.70,-10.83,65.50,-69.25,101.14,1033.90,101.14,1033.90,-36.67,-69.25,M1->M2 x M3,116.10,217.24,722.2,64.2,175.1,1251.1,287.8
1150,0.35,3.0,92.15,70.41,150.43,-69.08,101.14,1033.99,101.14,1033.99,-36.84,-69.08,M1->M2 x M3,116.10,217.24,722.2,64.2,175.1,1251.1,351.1
1150,0.35,4.0,169.56,151.61,235.32,-62.85,101.14,1036.81,101.14,1036.81,-36.77,-62.85,M1->M2 x M3,116.10,217.24,722.2,64.2,175.1,1251.1,414.5
1150,0.35,5.0,246.93,232.77,320.14,-51.20,101.14,1043.49,101.14,1043.49,-36.87,-51.20,M1->M2 x M3,116.10,217.24,722.2,64.2,175.1,1251.1,478.0
1150,0.35,6.0,324.21,313.86,404.86,-39.52,101.16,1054.00,101.16,1054.00,-31.10,-39.52,M1->M2 x M3,116.10,217.24,722.2,64.2,175.1,1251.1,541.8
1150,0.35,7.0,401.40,394.85,489.46,-27.80,101.42,1068.26,101.42,1068.26,-25.25,-27.80,M1->M2 x M3,116.10,217.24,722.2,64.2,175.1,1251.1,605.8
1150,0.35,8.0,478.47,475.73,573.91,-16.02,102.03,1086.19,102.03,1086.19,-19.38,-19.38,M3->FP x M2,116.10,217.24,722.2,64.2,175.1,1251.1,670.1
1150,0.35,9.0,555.39,556.45,658.18,-4.20,102.97,1107.67,102.97,1107.67,-13.48,-13.48,M3->FP x M2,116.10,217.24,722.2,64.2,175.1,1251.1,734.7
1150,0.35,10.0,632.15,637.01,742.25,7.04,104.24,1132.56,104.24,1132.56,-7.55,-7.55,M3->FP x M2,116.10,217.24,722.2,64.2,175.1,1251.1,799.6
1150,0.35,11.0,708.71,717.38,826.10,17.62,105.83,1160.72,105.83,1160.72,-1.59,-1.59,M3->FP x M2,116.10,217.24,722.2,64.2,175.1,1251.1,865.0
1150,0.35,12.0,785.05,797.52,909.70,27.81,107.75,1192.01,107.75,1192.01,4.26,4.26,M3->FP x M2,116.10,217.24,722.2,64.2,175.1,1251.1,930.8
1150,0.35,13.0,861.16,877.42,993.01,37.60,109.98,1226.29,109.98,1226.29,10.09,10.09,M3->FP x M2,116.10,217.24,722.2,64.2,175.1,1251.1,997.1
1150,0.35,14.0,937.00,957.06,1076.03,46.96,112.51,1263.40,112.51,1263.40,15.97,15.97,M3->FP x M2,116.10,217.24,722.2,64.2,175.1,1251.1,1064.0
1150,0.35,15.0,1012.56,1036.40,1158.72,55.90,115.33,1303.23,115.33,1303.23,21.90,21.90,M3->FP x M2,116.10,217.24,722.2,64.2,175.1,1251.1,1131.5
1150,0.35,16.0,1087.81,1115.43,1241.05,64.40,118.43,1345.64,118.43,1345.64,27.89,27.89,M3->FP x M2,116.10,217.24,722.2,64.2,175.1,1251.1,1199.6
1150,0.35,17.0,1162.72,1194.12,1323.01,72.49,121.80,1390.53,121.80,1390.53,33.94,33.94,M3->FP x M2,116.10,217.24,722.2,64.2,175.1,1251.1,1268.3
1150,0.35,18.0,1237.29,1272.44,1404.56,80.16,125.43,1437.79,125.43,1437.79,40.05,40.05,M3->FP x M2,116.10,217.24,722.2,64.2,175.1,1251.1,1337.9
1150,0.35,19.0,1311.47,1350.38,1485.69,87.42,129.32,1487.35,129.32,1487.35,46.23,46.23,M3->FP x M2,116.10,217.24,722.2,64.2,175.1,1251.1,1408.2
1150,0.35,20.0,1385.26,1427.91,1566.36,94.30,133.44,1539.13,133.26,1539.13,52.49,52.49,M3->FP x M2,116.10,217.24,722.2,64.2,175.1,1251.1,1479.4
1150,0.40,2.0,-3.83,-35.31,52.78,-80.02,117.90,1017.20,117.90,1017.20,-42.07,-80.02,M1->M2 x M3,132.80,250.70,654.8,73.3,193.7,1267.9,281.7
1150,0.40,3.0,66.46,38.49,130.85,-80.06,117.90,1017.20,117.90,1017.20,-42.07,-80.06,M1->M2 x M3,132.80,250.70,654.8,73.3,193.7,1267.9,337.8
1150,0.40,4.0,136.73,112.27,208.87,-78.42,117.90,1018.02,117.90,1018.02,-41.95,-78.42,M1->M2 x M3,132.80,250.70,654.8,73.3,193.7,1267.9,394.0
1150,0.40,5.0,206.95,186.01,286.83,-66.76,117.90,1021.82,117.90,1021.82,-41.92,-66.76,M1->M2 x M3,132.80,250.70,654.8,73.3,193.7,1267.9,450.3
1150,0.40,6.0,277.11,259.69,364.71,-55.07,117.90,1028.72,117.90,1028.72,-41.01,-55.07,M1->M2 x M3,132.80,250.70,654.8,73.3,193.7,1267.9,506.9
1150,0.40,7.0,347.19,333.30,442.47,-43.34,117.94,1038.69,117.94,1038.69,-35.16,-43.34,M1->M2 x M3,132.80,250.70,654.8,73.3,193.7,1267.9,563.6
1150,0.40,8.0,417.16,406.80,520.10,-31.56,118.23,1051.69,118.23,1051.69,-29.29,-31.56,M1->M2 x M3,132.80,250.70,654.8,73.3,193.7,1267.9,620.6
1150,0.40,9.0,487.00,480.18,597.57,-19.72,118.82,1067.64,118.82,1067.64,-23.39,-23.39,M3->FP x M2,132.80,250.70,654.8,73.3,193.7,1267.9,677.9
1150,0.40,10.0,556.69,553.41,674.86,-7.82,119.70,1086.49,119.70,1086.49,-17.46,-17.46,M3->FP x M2,132.80,250.70,654.8,73.3,193.7,1267.9,735.4
1150,0.40,11.0,626.22,626.47,751.94,3.82,120.86,1108.13,120.86,1108.13,-11.49,-11.49,M3->FP x M2,132.80,250.70,654.8,73.3,193.7,1267.9,793.4
1150,0.40,12.0,695.55,699.35,828.80,14.64,122.32,1132.50,122.32,1132.50,-5.48,-5.48,M3->FP x M2,132.80,250.70,654.8,73.3,193.7,1267.9,851.8
1150,0.40,13.0,764.68,772.01,905.40,25.14,124.06,1159.48,124.06,1159.48,0.55,0.55,M3->FP x M2,132.80,250.70,654.8,73.3,193.7,1267.9,910.5
1150,0.40,14.0,833.57,844.43,981.73,35.30,126.09,1188.99,126.09,1188.99,6.43,6.43,M3->FP x M2,132.80,250.70,654.8,73.3,193.7,1267.9,969.8
1150,0.40,15.0,902.20,916.60,1057.75,45.10,128.39,1220.93,128.39,1220.93,12.37,12.37,M3->FP x M2,132.80,250.70,654.8,73.3,193.7,1267.9,1029.6
1150,0.40,16.0,970.56,988.49,1133.46,54.54,130.97,1255.23,130.97,1255.23,18.36,18.36,M3->FP x M2,132.80,250.70,654.8,73.3,193.7,1267.9,1090.0
1150,0.40,17.0,1038.63,1060.08,1208.82,63.62,133.81,1291.79,133.81,1291.79,24.40,24.40,M3->FP x M2,132.80,250.70,654.8,73.3,193.7,1267.9,1151.0
1150,0.40,18.0,1106.38,1131.34,1283.81,72.32,136.92,1330.54,136.92,1330.54,30.52,30.52,M3->FP x M2,132.80,250.70,654.8,73.3,193.7,1267.9,1212.6
1150,0.40,19.0,1173.79,1202.26,1358.41,80.66,140.27,1371.41,140.27,1371.41,36.70,36.70,M3->FP x M2,132.80,250.70,654.8,73.3,193.7,1267.9,1275.0
1150,0.40,20.0,1240.84,1272.82,1432.59,88.64,143.88,1414.35,143.88,1414.35,42.96,42.96,M3->FP x M2,132.80,250.70,654.8,73.3,193.7,1267.9,1338.1
1150,0.45,2.0,-19.42,-56.97,43.02,-90.85,135.03,1000.48,135.03,1000.48,-47.13,-90.85,M1->M2 x M3,149.52,284.55,602.5,82.5,212.6,1285.0,279.1
1150,0.45,3.0,45.31,10.99,115.81,-90.74,135.03,1000.48,135.03,1000.48,-47.04,-90.74,M1->M2 x M3,149.52,284.55,602.5,82.5,212.6,1285.0,329.6
1150,0.45,4.0,110.02,78.93,188.57,-90.72,135.04,1000.53,135.04,1000.53,-47.21,-90.72,M1->M2 x M3,149.52,284.55,602.5,82.5,212.6,1285.0,380.2
1150,0.45,5.0,174.69,146.83,261.27,-82.32,135.03,1002.31,135.03,1002.31,-47.40,-82.32,M1->M2 x M3,149.52,284.55,602.5,82.5,212.6,1285.0,431.0
1150,0.45,6.0,239.31,214.70,333.90,-70.62,135.04,1006.67,135.04,1006.67,-47.40,-70.62,M1->M2 x M3,149.52,284.55,602.5,82.5,212.6,1285.0,481.9
1150,0.45,7.0,303.85,282.50,406.42,-58.88,135.03,1013.58,135.03,1013.58,-45.18,-58.88,M1->M2 x M3,149.52,284.55,602.5,82.5,212.6,1285.0,533.0
1150,0.45,8.0,368.30,350.21,478.81,-47.08,135.10,1023.05,135.10,1023.05,-39.30,-47.08,M1->M2 x M3,149.52,284.55,602.5,82.5,212.6,1285.0,584.3
1150,0.45,9.0,432.64,417.82,551.06,-35.24,135.41,1035.03,135.41,1035.03,-33.40,-35.24,M1->M2 x M3,149.52,284.55,602.5,82.5,212.6,1285.0,635.8
1150,0.45,10.0,496.85,485.29,623.14,-23.32,135.98,1049.49,135.98,1049.49,-27.46,-27.46,M3->FP x M2,149.52,284.55,602.5,82.5,212.6,1285.0,687.7
1150,0.45,11.0,560.91,552.63,695.04,-11.34,136.81,1066.37,136.81,1066.37,-21.49,-21.49,M3->FP x M2,149.52,284.55,602.5,82.5,212.6,1285.0,739.9
1150,0.45,12.0,624.80,619.79,766.72,0.67,137.91,1085.63,137.91,1085.63,-15.48,-15.48,M3->FP x M2,149.52,284.55,602.5,82.5,212.6,1285.0,792.4
1150,0.45,13.0,688.49,686.76,838.17,11.69,139.26,1107.21,139.26,1107.21,-9.43,-9.43,M3->FP x M2,149.52,284.55,602.5,82.5,212.6,1285.0,845.4
1150,0.45,14.0,751.98,753.53,909.36,22.44,140.87,1131.04,140.87,1131.04,-3.32,-3.32,M3->FP x M2,149.52,284.55,602.5,82.5,212.6,1285.0,898.8
1150,0.45,15.0,815.24,820.06,980.27,32.91,142.73,1157.06,142.73,1157.06,2.73,2.73,M3->FP x M2,149.52,284.55,602.5,82.5,212.6,1285.0,952.6
1150,0.45,16.0,878.25,886.35,1050.89,43.09,144.86,1185.22,144.86,1185.22,8.72,8.72,M3->FP x M2,149.52,284.55,602.5,82.5,212.6,1285.0,1007.0
1150,0.45,17.0,940.99,952.36,1121.19,52.95,147.24,1215.44,147.24,1215.44,14.78,14.78,M3->FP x M2,149.52,284.55,602.5,82.5,212.6,1285.0,1061.9
1150,0.45,18.0,1003.44,1018.09,1191.14,62.50,149.87,1247.69,149.87,1247.69,20.89,20.89,M3->FP x M2,149.52,284.55,602.5,82.5,212.6,1285.0,1117.4
1150,0.45,19.0,1065.59,1083.50,1260.73,71.73,152.75,1281.91,152.75,1281.91,27.08,27.08,M3->FP x M2,149.52,284.55,602.5,82.5,212.6,1285.0,1173.5
1150,0.45,20.0,1127.41,1148.59,1329.94,80.63,155.88,1318.05,155.88,1318.05,33.34,33.34,M3->FP x M2,149.52,284.55,602.5,82.5,212.6,1285.0,1230.4
1150,0.50,2.0,-32.94,-76.68,35.33,-101.43,152.46,983.73,152.46,983.73,-52.60,-101.43,M1->M2 x M3,166.27,318.73,560.5,91.7,231.6,1302.5,279.0
1150,0.50,3.0,27.34,-13.45,103.97,-101.70,152.46,983.73,152.46,983.73,-52.29,-101.70,M1->M2 x M3,166.27,318.73,560.5,91.7,231.6,1302.5,325.1
1150,0.50,4.0,87.60,49.77,172.58,-101.65,152.46,983.73,152.46,983.73,-52.58,-101.65,M1->M2 x M3,166.27,318.73,560.5,91.7,231.6,1302.5,371.2
1150,0.50,5.0,147.83,112.96,241.14,-97.84,152.46,984.17,152.46,984.17,-52.50,-97.84,M1->M2 x M3,166.27,318.73,560.5,91.7,231.6,1302.5,417.5
1150,0.50,6.0,208.02,176.11,309.62,-86.13,152.46,986.65,152.46,986.65,-52.65,-86.13,M1->M2 x M3,166.27,318.73,560.5,91.7,231.6,1302.5,463.9
1150,0.50,7.0,268.14,239.21,378.01,-74.38,152.46,991.30,152.46,991.30,-52.27,-74.38,M1->M2 x M3,166.27,318.73,560.5,91.7,231.6,1302.5,510.4
1150,0.50,8.0,328.18,302.24,446.29,-62.58,152.46,998.14,152.46,998.14,-49.39,-62.58,M1->M2 x M3,166.27,318.73,560.5,91.7,231.6,1302.5,557.2
1150,0.50,9.0,388.12,365.18,514.43,-50.72,152.56,1007.15,152.56,1007.15,-43.49,-50.72,M1->M2 x M3,166.27,318.73,560.5,91.7,231.6,1302.5,604.2
1150,0.50,10.0,447.94,428.00,582.41,-38.80,152.89,1018.32,152.89,1018.32,-37.55,-38.80,M1->M2 x M3,166.27,318.73,560.5,91.7,231.6,1302.5,651.5
1150,0.50,11.0,507.63,490.70,650.21,-26.81,153.45,1031.61,153.45,1031.61,-31.58,-31.58,M3->FP x M2,166.27,318.73,560.5,91.7,231.6,1302.5,699.1
1150,0.50,12.0,567.16,553.24,717.82,-14.73,154.25,1046.99,154.25,1046.99,-25.56,-25.56,M3->FP x M2,166.27,318.73,560.5,91.7,231.6,1302.5,747.0
1150,0.50,13.0,626.52,615.62,785.21,-2.57,155.28,1064.44,155.28,1064.44,-19.51,-19.51,M3->FP x M2,166.27,318.73,560.5,91.7,231.6,1302.5,795.2
1150,0.50,14.0,685.69,677.81,852.35,8.83,156.55,1083.90,156.55,1083.90,-13.40,-13.40,M3->FP x M2,166.27,318.73,560.5,91.7,231.6,1302.5,843.9
1150,0.50,15.0,744.65,739.79,919.24,19.81,158.05,1105.35,158.05,1105.35,-7.24,-7.24,M3->FP x M2,166.27,318.73,560.5,91.7,231.6,1302.5,893.0
1150,0.50,16.0,803.38,801.55,985.85,30.55,159.80,1128.74,159.80,1128.74,-1.02,-1.02,M3->FP x M2,166.27,318.73,560.5,91.7,231.6,1302.5,942.5
1150,0.50,17.0,861.86,863.06,1052.16,41.04,161.78,1154.03,161.78,1154.03,5.07,5.07,M3->FP x M2,166.27,318.73,560.5,91.7,231.6,1302.5,992.6
1150,0.50,18.0,920.09,924.31,1118.15,51.26,164.00,1181.18,164.00,1181.18,11.18,11.18,M3->FP x M2,166.27,318.73,560.5,91.7,231.6,1302.5,1043.2
1150,0.50,19.0,978.03,985.28,1183.80,61.22,166.46,1210.15,166.46,1210.15,17.37,17.37,M3->FP x M2,166.27,318.73,560.5,91.7,231.6,1302.5,1094.4
1150,0.50,20.0,1035.68,1045.95,1249.08,70.89,169.17,1240.92,169.17,1240.92,23.63,23.63,M3->FP x M2,166.27,318.73,560.5,91.7,231.6,1302.5,1146.2
1150,0.55,2.0,-44.97,-94.96,29.15,-112.39,170.11,966.96,170.11,966.96,-57.74,-112.39,M1->M2 x M3,183.04,353.16,526.2,100.8,250.8,1320.1,280.8
1150,0.55,3.0,11.68,-35.68,94.46,-112.63,170.11,966.96,170.11,966.96,-57.94,-112.63,M1->M2 x M3,183.04,353.16,526.2,100.8,250.8,1320.1,323.2
1150,0.55,4.0,68.30,23.65,159.73,-112.73,170.11,966.96,170.11,966.96,-57.56,-112.73,M1->M2 x M3,183.04,353.16,526.2,100.8,250.8,1320.1,365.6
1150,0.55,5.0,124.90,82.92,224.96,-112.44,170.11,966.96,170.11,966.96,-57.74,-112.44,M1->M2 x M3,183.04,353.16,526.2,100.8,250.8,1320.1,408.2
1150,0.55,6.0,181.46,142.18,290.11,-101.60,170.11,967.99,170.11,967.99,-57.72,-101.60,M1->M2 x M3,183.04,353.16,526.2,100.8,250.8,1320.1,450.9
1150,0.55,7.0,237.97,201.39,355.18,-89.84,170.11,970.92,170.11,970.92,-57.62,-89.84,M1->M2 x M3,183.04,353.16,526.2,100.8,250.8,1320.1,493.8
1150,0.55,8.0,294.40,260.53,420.14,-78.03,170.11,975.74,170.11,975.74,-57.78,-78.03,M1->M2 x M3,183.04,353.16,526.2,100.8,250.8,1320.1,536.9
1150,0.55,9.0,350.74,319.60,484.97,-66.16,170.12,982.46,170.12,982.46,-53.64,-66.16,M1->M2 x M3,183.04,353.16,526.2,100.8,250.8,1320.1,580.2
1150,0.55,10.0,406.98,378.57,549.66,-54.23,170.25,991.07,170.25,991.07,-47.70,-54.23,M1->M2 x M3,183.04,353.16,526.2,100.8,250.8,1320.1,623.7
1150,0.55,11.0,463.09,437.43,614.18,-42.22,170.60,1001.57,170.60,1001.57,-41.72,-42.22,M1->M2 x M3,183.04,353.16,526.2,100.8,250.8,1320.1,667.5
1150,0.55,12.0,519.06,496.15,678.51,-30.14,171.15,1013.93,171.15,1013.93,-35.71,-35.71,M3->FP x M2,183.04,353.16,526.2,100.8,250.8,1320.1,711.6
1150,0.55,13.0,574.88,554.72,742.63,-17.96,171.92,1028.13,171.92,1028.13,-29.65,-29.65,M3->FP x M2,183.04,353.16,526.2,100.8,250.8,1320.1,756.0
1150,0.55,14.0,630.52,613.13,806.53,-5.69,172.90,1044.16,172.90,1044.16,-23.54,-23.54,M3->FP x M2,183.04,353.16,526.2,100.8,250.8,1320.1,800.8
1150,0.55,15.0,685.96,671.34,870.18,6.11,174.11,1061.99,174.11,1061.99,-17.38,-17.38,M3->FP x M2,183.04,353.16,526.2,100.8,250.8,1320.1,846.0
1150,0.55,16.0,741.20,729.35,933.57,17.29,175.53,1081.60,175.53,1081.60,-11.16,-11.16,M3->FP x M2,183.04,353.16,526.2,100.8,250.8,1320.1,891.6
1150,0.55,17.0,796.21,787.14,996.67,28.27,177.18,1102.95,177.18,1102.95,-4.88,-4.88,M3->FP x M2,183.04,353.16,526.2,100.8,250.8,1320.1,937.7
1150,0.55,18.0,850.98,844.69,1059.47,39.04,179.05,1126.02,179.05,1126.02,1.42,1.42,M3->FP x M2,183.04,353.16,526.2,100.8,250.8,1320.1,984.3
1150,0.55,19.0,905.49,901.98,1121.94,49.59,181.14,1150.79,181.14,1150.79,7.61,7.61,M3->FP x M2,183.04,353.16,526.2,100.8,250.8,1320.1,1031.4
1150,0.55,20.0,959.72,959.00,1184.08,59.90,183.47,1177.23,183.47,1177.23,13.87,13.87,M3->FP x M2,183.04,353.16,526.2,100.8,250.8,1320.1,1079.1
1150,0.60,2.0,-55.86,-112.18,24.10,-123.83,187.92,950.15,187.92,950.15,-62.98,-123.83,M1->M2 x M3,199.85,387.77,497.7,110.0,270.1,1337.9,283.8
1150,0.60,3.0,-2.25,-56.24,86.68,-123.71,187.92,950.15,187.92,950.15,-63.22,-123.71,M1->M2 x M3,199.85,387.77,497.7,110.0,270.1,1337.9,323.2
1150,0.60,4.0,51.34,-0.20,149.23,-123.55,187.92,950.15,187.92,950.15,-62.94,-123.55,M1->M2 x M3,199.85,387.77,497.7,110.0,270.1,1337.9,362.6
1150,0.60,5.0,104.92,55.78,211.73,-123.85,187.92,950.15,187.92,950.15,-62.96,-123.85,M1->M2 x M3,199.85,387.77,497.7,110.0,270.1,1337.9,402.1
1150,0.60,6.0,158.46,111.73,274.17,-116.99,187.92,950.31,187.92,950.31,-63.22,-116.99,M1->M2 x M3,199.85,387.77,497.7,110.0,270.1,1337.9,441.8
1150,0.60,7.0,211.95,167.65,336.52,-105.22,187.92,951.87,187.92,951.87,-63.07,-105.22,M1->M2 x M3,199.85,387.77,497.7,110.0,270.1,1337.9,481.6
1150,0.60,8.0,265.38,223.53,398.78,-93.40,187.92,955.09,187.92,955.09,-62.86,-93.40,M1->M2 x M3,199.85,387.77,497.7,110.0,270.1,1337.9,521.6
1150,0.60,9.0,318.73,279.33,460.91,-81.52,187.92,960.00,187.92,960.00,-62.95,-81.52,M1->M2 x M3,199.85,387.77,497.7,110.0,270.1,1337.9,561.7
1150,0.60,10.0,371.98,335.04,522.90,-69.58,187.93,966.59,187.93,966.59,-57.89,-69.58,M1->M2 x M3,199.85,387.77,497.7,110.0,270.1,1337.9,602.1
1150,0.60,11.0,425.12,390.66,584.73,-57.56,188.10,974.85,188.10,974.85,-51.91,-57.56,M1->M2 x M3,199.85,387.77,497.7,110.0,270.1,1337.9,642.8
1150,0.60,12.0,478.13,446.16,646.38,-45.47,188.46,984.80,188.46,984.80,-45.90,-45.90,M3->FP x M2,199.85,387.77,497.7,110.0,270.1,1337.9,683.7
1150,0.60,13.0,530.99,501.52,707.84,-33.28,189.01,996.41,189.01,996.41,-39.83,-39.83,M3->FP x M2,199.85,387.77,497.7,110.0,270.1,1337.9,725.0
1150,0.60,14.0,583.69,556.72,769.08,-21.00,189.76,1009.67,189.76,1009.67,-33.72,-33.72,M3->FP x M2,199.85,387.77,497.7,110.0,270.1,1337.9,766.6
1150,0.60,15.0,636.21,611.76,830.09,-8.61,190.71,1024.58,190.71,1024.58,-27.56,-27.56,M3->FP x M2,199.85,387.77,497.7,110.0,270.1,1337.9,808.5
1150,0.60,16.0,688.54,666.61,890.84,3.56,191.86,1041.12,191.86,1041.12,-21.33,-21.33,M3->FP x M2,199.85,387.77,497.7,110.0,270.1,1337.9,850.9
1150,0.60,17.0,740.66,721.26,951.32,14.93,193.22,1059.27,193.22,1059.27,-15.05,-15.05,M3->FP x M2,199.85,387.77,497.7,110.0,270.1,1337.9,893.6
1150,0.60,18.0,792.55,775.69,1011.51,26.14,194.79,1079.01,194.79,1079.01,-8.70,-8.70,M3->FP x M2,199.85,387.77,497.7,110.0,270.1,1337.9,936.9
1150,0.60,19.0,844.21,829.88,1071.40,37.17,196.57,1100.34,196.57,1100.34,-2.28,-2.28,M3->FP x M2,199.85,387.77,497.7,110.0,270.1,1337.9,980.6
1150,0.60,20.0,895.60,883.82,1130.96,48.00,198.56,1123.23,198.56,1123.23,4.07,4.07,M3->FP x M2,199.85,387.77,497.7,110.0,270.1,1337.9,1024.9
1150,0.65,2.0,-65.90,-128.57,19.92,-134.65,205.81,933.32,205.81,933.32,-68.37,-134.65,M1->M2 x M3,216.68,422.49,473.5,119.2,289.4,1355.8,288.0
1150,0.65,3.0,-14.86,-75.49,80.24,-134.68,205.81,933.32,205.81,933.32,-68.29,-134.68,M1->M2 x M3,216.68,422.49,473.5,119.2,289.4,1355.8,324.7
1150,0.65,4.0,36.18,-22.32,140.53,-134.77,205.81,933.32,205.81,933.32,-68.20,-134.77,M1->M2 x M3,216.68,422.49,473.5,119.2,289.4,1355.8,361.6
1150,0.65,5.0,87.20,30.86,200.78,-134.82,205.81,933.32,205.81,933.32,-68.09,-134.82,M1->M2 x M3,216.68,422.49,473.5,119.2,289.4,1355.8,398.5
1150,0.65,6.0,138.19,83.98,260.96,-132.28,205.81,933.32,205.81,933.32,-68.20,-132.28,M1->M2 x M3,216.68,422.49,473.5,119.2,289.4,1355.8,435.6
1150,0.65,7.0,189.13,137.08,321.07,-120.50,205.81,933.79,205.81,933.79,-68.34,-120.50,M1->M2 x M3,216.68,422.49,473.5,119.2,289.4,1355.8,472.8
1150,0.65,8.0,240.02,190.14,381.08,-108.67,205.81,935.73,205.81,935.73,-68.51,-108.67,M1->M2 x M3,216.68,422.49,473.5,119.2,289.4,1355.8,510.1
1150,0.65,9.0,290.84,243.14,440.98,-96.78,205.81,939.16,205.81,939.16,-68.34,-96.78,M1->M2 x M3,216.68,422.49,473.5,119.2,289.4,1355.8,547.7
1150,0.65,10.0,341.56,296.06,500.74,-84.83,205.81,944.10,205.81,944.10,-68.11,-84.83,M1->M2 x M3,216.68,422.49,473.5,119.2,289.4,1355.8,585.4
1150,0.65,11.0,392.19,348.90,560.34,-72.80,205.84,950.56,205.84,950.56,-62.13,-72.80,M1->M2 x M3,216.68,422.49,473.5,119.2,289.4,1355.8,623.4
1150,0.65,12.0,442.69,401.62,619.78,-60.70,206.03,958.53,206.03,958.53,-56.11,-60.70,M1->M2 x M3,216.68,422.49,473.5,119.2,289.4,1355.8,661.7
1150,0.65,13.0,493.06,454.23,679.03,-48.50,206.41,968.01,206.41,968.01,-50.04,-50.04,M3->FP x M2,216.68,422.49,473.5,119.2,289.4,1355.8,700.2
1150,0.65,14.0,543.28,506.70,738.07,-36.21,206.96,979.01,206.96,979.01,-43.93,-43.93,M3->FP x M2,216.68,422.49,473.5,119.2,289.4,1355.8,739.1
1150,0.65,15.0,593.33,559.01,796.88,-23.81,207.69,991.52,207.69,991.52,-37.76,-37.76,M3->FP x M2,216.68,422.49,473.5,119.2,289.4,1355.8,778.3
1150,0.65,16.0,643.20,611.15,855.46,-11.30,208.62,1005.53,208.62,1005.53,-31.53,-31.53,M3->FP x M2,216.68,422.49,473.5,119.2,289.4,1355.8,817.9
1150,0.65,17.0,692.88,663.11,913.77,1.23,209.73,1021.03,209.73,1021.03,-25.25,-25.25,M3->FP x M2,216.68,422.49,473.5,119.2,289.4,1355.8,857.9
1150,0.65,18.0,742.34,714.86,971.81,12.78,211.04,1038.02,211.04,1038.02,-18.89,-18.89,M3->FP x M2,216.68,422.49,473.5,119.2,289.4,1355.8,898.3
1150,0.65,19.0,791.58,766.40,1029.54,24.20,212.54,1056.48,212.54,1056.48,-12.47,-12.47,M3->FP x M2,216.68,422.49,473.5,119.2,289.4,1355.8,939.2
1150,0.65,20.0,840.58,817.70,1086.97,35.47,214.25,1076.42,214.25,1076.42,-5.97,-5.97,M3->FP x M2,216.68,422.49,473.5,119.2,289.4,1355.8,980.5
1150,0.70,2.0,-72.33,-144.29,16.42,-145.83,223.71,916.46,223.71,916.46,-73.76,-145.83,M1->M2 x M3,233.54,457.25,452.8,128.3,308.7,1373.7,292.9
1150,0.70,3.0,-26.42,-93.71,74.84,-145.97,223.71,916.46,223.71,916.46,-73.41,-145.97,M1->M2 x M3,233.54,457.25,452.8,128.3,308.7,1373.7,327.5
1150,0.70,4.0,22.44,-43.05,133.24,-145.66,223.71,916.46,223.71,916.46,-73.21,-145.66,M1->M2 x M3,233.54,457.25,452.8,128.3,308.7,1373.7,362.1
1150,0.70,5.0,71.26,7.71,191.61,-146.04,223.71,916.46,223.71,916.46,-73.60,-146.04,M1->M2 x M3,233.54,457.25,452.8,128.3,308.7,1373.7,396.8
1150,0.70,6.0,120.06,58.37,249.91,-145.69,223.71,916.46,223.71,916.46,-73.61,-145.69,M1->M2 x M3,233.54,457.25,452.8,128.3,308.7,1373.7,431.7
1150,0.70,7.0,168.83,109.01,308.13,-135.66,223.71,916.47,223.71,916.47,-73.45,-135.66,M1->M2 x M3,233.54,457.25,452.8,128.3,308.7,1373.7,466.6
1150,0.70,8.0,217.54,159.61,366.27,-123.82,223.71,917.33,223.71,917.33,-73.77,-123.82,M1->M2 x M3,233.54,457.25,452.8,128.3,308.7,1373.7,501.7
1150,0.70,9.0,266.19,210.17,424.29,-111.92,223.71,919.54,223.71,919.54,-73.52,-111.92,M1->M2 x M3,233.54,457.25,452.8,128.3,308.7,1373.7,537.0
1150,0.70,10.0,314.75,260.67,482.18,-99.96,223.71,923.12,223.71,923.12,-73.43,-99.96,M1->M2 x M3,233.54,457.25,452.8,128.3,308.7,1373.7,572.5
1150,0.70,11.0,363.22,311.08,539.92,-87.93,223.71,928.07,223.71,928.07,-72.34,-87.93,M1->M2 x M3,233.54,457.25,452.8,128.3,308.7,1373.7,608.2
1150,0.70,12.0,411.58,361.40,597.50,-75.81,223.77,934.41,223.77,934.41,-66.32,-75.81,M1->M2 x M3,233.54,457.25,452.8,128.3,308.7,1373.7,644.2
1150,0.70,13.0,459.82,411.61,654.90,-63.61,223.99,942.13,223.99,942.13,-60.25,-63.61,M1->M2 x M3,233.54,457.25,452.8,128.3,308.7,1373.7,680.4
1150,0.70,14.0,507.91,461.69,712.10,-51.30,224.37,951.24,224.37,951.24,-54.13,-54.13,M3->FP x M2,233.54,457.25,452.8,128.3,308.7,1373.7,717.0
1150,0.70,15.0,555.85,511.64,769.08,-38.90,224.92,961.74,224.92,961.74,-47.96,-47.96,M3->FP x M2,233.54,457.25,452.8,128.3,308.7,1373.7,753.8
1150,0.70,16.0,603.62,561.43,825.83,-26.37,225.65,973.63,225.65,973.63,-41.74,-41.74,M3->FP x M2,233.54,457.25,452.8,128.3,308.7,1373.7,791.0
1150,0.70,17.0,651.20,611.04,882.33,-13.72,226.55,986.91,226.55,986.91,-35.45,-35.45,M3->FP x M2,233.54,457.25,452.8,128.3,308.7,1373.7,828.6
1150,0.70,18.0,698.59,660.47,938.56,-0.94,227.64,1001.57,227.64,1001.57,-29.09,-29.09,M3->FP x M2,233.54,457.25,452.8,128.3,308.7,1373.7,866.6
1150,0.70,19.0,745.76,709.70,994.50,10.88,228.91,1017.63,228.91,1017.63,-22.66,-22.66,M3->FP x M2,233.54,457.25,452.8,128.3,308.7,1373.7,905.0
1150,0.70,20.0,792.71,758.72,1050.14,22.50,230.36,1035.06,230.36,1035.06,-16.16,-16.16,M3->FP x M2,233.54,457.25,452.8,128.3,308.7,1373.7,943.9
1150,0.75,2.0,-78.65,-156.61,13.46,-156.84,241.55,899.57,241.55,899.57,-78.41,-156.84,M1->M2 x M3,250.43,491.98,434.8,137.5,328.1,1391.6,298.4
1150,0.75,3.0,-37.14,-111.09,70.28,-157.10,241.55,899.57,241.55,899.57,-78.81,-157.10,M1->M2 x M3,250.43,491.98,434.8,137.5,328.1,1391.6,331.1
1150,0.75,4.0,9.83,-62.63,127.09,-156.81,241.55,899.57,241.55,899.57,-78.79,-156.81,M1->M2 x M3,250.43,491.98,434.8,137.5,328.1,1391.6,363.8
1150,0.75,5.0,56.75,-14.06,183.85,-156.85,241.55,899.57,241.55,899.57,-78.78,-156.85,M1->M2 x M3,250.43,491.98,434.8,137.5,328.1,1391.6,396.6
1150,0.75,6.0,103.66,34.47,240.56,-157.02,241.55,899.57,241.55,899.57,-78.60,-157.02,M1->M2 x M3,250.43,491.98,434.8,137.5,328.1,1391.6,429.5
1150,0.75,7.0,150.53,82.95,297.20,-150.68,241.55,899.57,241.55,899.57,-78.68,-150.68,M1->M2 x M3,250.43,491.98,434.8,137.5,328.1,1391.6,462.6
1150,0.75,8.0,197.36,131.39,353.74,-138.83,241.55,899.70,241.55,899.70,-78.74,-138.83,M1->M2 x M3,250.43,491.98,434.8,137.5,328.1,1391.6,495.7
1150,0.75,9.0,244.13,179.80,410.18,-126.92,241.55,900.88,241.55,900.88,-78.85,-126.92,M1->M2 x M3,250.43,491.98,434.8,137.5,328.1,1391.6,529.1
1150,0.75,10.0,290.82,228.16,466.50,-114.95,241.55,903.31,241.55,903.31,-78.46,-114.95,M1->M2 x M3,250.43,491.98,434.8,137.5,328.1,1391.6,562.6
1150,0.75,11.0,337.43,276.44,522.67,-102.90,241.55,906.99,241.55,906.99,-78.94,-102.90,M1->M2 x M3,250.43,491.98,434.8,137.5,328.1,1391.6,596.4
1150,0.75,12.0,383.93,324.64,578.68,-90.78,241.55,911.94,241.55,911.94,-76.52,-90.78,M1->M2 x M3,250.43,491.98,434.8,137.5,328.1,1391.6,630.3
1150,0.75,13.0,430.32,372.74,634.51,-78.56,241.64,918.16,241.64,918.16,-70.44,-78.56,M1->M2 x M3,250.43,491.98,434.8,137.5,328.1,1391.6,664.6
1150,0.75,14.0,476.57,420.73,690.16,-66.25,241.88,925.67,241.88,925.67,-64.33,-66.25,M1->M2 x M3,250.43,491.98,434.8,137.5,328.1,1391.6,699.1
1150,0.75,15.0,522.68,468.59,745.59,-53.83,242.28,934.47,242.28,934.47,-58.15,-58.15,M3->FP x M2,250.43,491.98,434.8,137.5,328.1,1391.6,733.9
1150,0.75,16.0,568.63,516.30,800.79,-41.30,242.84,944.56,242.84,944.56,-51.92,-51.92,M3->FP x M2,250.43,491.98,434.8,137.5,328.1,1391.6,769.0
1150,0.75,17.0,614.41,563.86,855.75,-28.64,243.56,955.95,243.56,955.95,-45.63,-45.63,M3->FP x M2,250.43,491.98,434.8,137.5,328.1,1391.6,804.6
1150,0.75,18.0,660.00,611.25,910.45,-15.84,244.45,968.64,244.45,968.64,-39.27,-39.27,M3->FP x M2,250.43,491.98,434.8,137.5,328.1,1391.6,840.4
1150,0.75,19.0,705.39,658.45,964.88,-2.91,245.51,982.63,245.51,982.63,-32.84,-32.84,M3->FP x M2,250.43,491.98,434.8,137.5,328.1,1391.6,876.7
1150,0.75,20.0,750.56,705.45,1019.00,9.25,246.75,997.93,246.75,997.93,-26.33,-26.33,M3->FP x M2,250.43,491.98,434.8,137.5,328.1,1391.6,913.5
1150,0.80,2.0,-83.26,-168.07,10.94,-168.16,259.26,882.65,259.26,882.65,-84.26,-168.16,M1->M2 x M3,267.35,526.61,419.1,146.7,347.4,1409.3,304.5
1150,0.80,3.0,-47.19,-127.75,66.40,-168.11,259.26,882.65,259.26,882.65,-84.06,-168.11,M1->M2 x M3,267.35,526.61,419.1,146.7,347.4,1409.3,335.4
1150,0.80,4.0,-1.87,-81.26,121.84,-168.04,259.26,882.65,259.26,882.65,-83.59,-168.04,M1->M2 x M3,267.35,526.61,419.1,146.7,347.4,1409.3,366.5
1150,0.80,5.0,43.40,-34.67,177.25,-167.94,259.26,882.65,259.26,882.65,-84.09,-167.94,M1->M2 x M3,267.35,526.61,419.1,146.7,347.4,1409.3,397.6
1150,0.80,6.0,88.65,12.01,232.60,-167.81,259.26,882.65,259.26,882.65,-84.11,-167.81,M1->M2 x M3,267.35,526.61,419.1,146.7,347.4,1409.3,428.8
1150,0.80,7.0,133.87,58.55,287.88,-165.53,259.26,882.65,259.26,882.65,-84.05,-165.53,M1->M2 x M3,267.35,526.61,419.1,146.7,347.4,1409.3,460.2
1150,0.80,8.0,179.05,105.08,343.07,-153.67,259.26,882.65,259.26,882.65,-84.19,-153.67,M1->M2 x M3,267.35,526.61,419.1,146.7,347.4,1409.3,491.7
1150,0.80,9.0,224.18,151.57,398.16,-141.75,259.26,882.98,259.26,882.98,-83.81,-141.75,M1->M2 x M3,267.35,526.61,419.1,146.7,347.4,1409.3,523.3
1150,0.80,10.0,269.24,198.02,453.13,-129.77,259.26,884.42,259.26,884.42,-84.29,-129.77,M1->M2 x M3,267.35,526.61,419.1,146.7,347.4,1409.3,555.1
1150,0.80,11.0,314.21,244.40,507.96,-117.71,259.26,887.01,259.26,887.01,-84.06,-117.71,M1->M2 x M3,267.35,526.61,419.1,146.7,347.4,1409.3,587.1
1150,0.80,12.0,359.09,290.72,562.64,-105.58,259.26,890.78,259.26,890.78,-83.81,-105.58,M1->M2 x M3,267.35,526.61,419.1,146.7,347.4,1409.3,619.4
1150,0.80,13.0,403.87,336.94,617.14,-93.35,259.27,895.72,259.27,895.72,-80.60,-93.35,M1->M2 x M3,267.35,526.61,419.1,146.7,347.4,1409.3,651.9
1150,0.80,14.0,448.51,383.06,671.45,-81.03,259.39,901.85,259.39,901.85,-74.48,-81.03,M1->M2 x M3,267.35,526.61,419.1,146.7,347.4,1409.3,684.6
1150,0.80,15.0,493.03,429.07,725.57,-68.60,259.65,909.19,259.65,909.19,-68.31,-68.60,M1->M2 x M3,267.35,526.61,419.1,146.7,347.4,1409.3,717.6
1150,0.80,16.0,537.39,474.94,779.46,-56.06,260.06,917.73,260.06,917.73,-62.07,-62.07,M3->FP x M2,267.35,526.61,419.1,146.7,347.4,1409.3,751.0
1150,0.80,17.0,581.59,520.67,833.11,-43.39,260.62,927.49,260.62,927.49,-55.78,-55.78,M3->FP x M2,267.35,526.61,419.1,146.7,347.4,1409.3,784.7
1150,0.80,18.0,625.61,566.24,886.51,-30.58,261.34,938.47,261.34,938.47,-49.42,-49.42,M3->FP x M2,267.35,526.61,419.1,146.7,347.4,1409.3,818.7
1150,0.80,19.0,669.44,611.64,939.63,-17.63,262.23,950.68,262.23,950.68,-42.98,-42.98,M3->FP x M2,267.35,526.61,419.1,146.7,347.4,1409.3,853.2
1150,0.80,20.0,713.07,656.86,992.48,-4.53,263.28,964.12,263.28,964.12,-36.47,-36.47,M3->FP x M2,267.35,526.61,419.1,146.7,347.4,1409.3,888.0
1150,0.85,2.0,-89.28,-179.19,8.77,-179.07,276.77,865.71,276.77,865.71,-89.54,-179.19,in->M1 x M3,284.29,561.06,405.2,155.8,366.6,1426.8,313.5
1150,0.85,3.0,-56.67,-143.79,63.07,-179.01,276.77,865.71,276.77,865.71,-88.67,-179.01,M1->M2 x M3,284.29,561.06,405.2,155.8,366.6,1426.8,340.4
1150,0.85,4.0,-12.83,-99.08,117.34,-178.97,276.77,865.71,276.77,865.71,-89.44,-178.97,M1->M2 x M3,284.29,561.06,405.2,155.8,366.6,1426.8,370.0
1150,0.85,5.0,31.00,-54.26,171.58,-179.07,276.77,865.71,276.77,865.71,-88.79,-179.07,M1->M2 x M3,284.29,561.06,405.2,155.8,366.6,1426.8,399.6
1150,0.85,6.0,74.78,-9.31,225.77,-178.92,276.77,865.71,276.77,865.71,-89.28,-178.92,M1->M2 x M3,284.29,561.06,405.2,155.8,366.6,1426.8,429.3
1150,0.85,7.0,118.55,35.55,279.88,-179.16,276.77,865.71,276.77,865.71,-88.99,-179.16,M1->M2 x M3,284.29,561.06,405.2,155.8,366.6,1426.8,459.2
1150,0.85,8.0,162.28,80.35,333.92,-168.32,276.77,865.71,276.77,865.71,-89.28,-168.32,M1->M2 x M3,284.29,561.06,405.2,155.8,366.6,1426.8,489.2
1150,0.85,9.0,205.96,125.12,387.85,-156.39,276.77,865.71,276.77,865.71,-89.30,-156.39,M1->M2 x M3,284.29,561.06,405.2,155.8,366.6,1426.8,519.3
1150,0.85,10.0,249.58,169.86,441.66,-144.40,276.77,866.29,276.77,866.29,-89.58,-144.40,M1->M2 x M3,284.29,561.06,405.2,155.8,366.6,1426.8,549.6
1150,0.85,11.0,293.12,214.54,495.34,-132.33,276.77,867.94,276.77,867.94,-89.48,-132.33,M1->M2 x M3,284.29,561.06,405.2,155.8,366.6,1426.8,580.1
1150,0.85,12.0,336.57,259.16,548.87,-120.19,276.77,870.67,276.77,870.67,-89.09,-120.19,M1->M2 x M3,284.29,561.06,405.2,155.8,366.6,1426.8,610.8
1150,0.85,13.0,379.92,303.70,602.23,-107.95,276.77,874.49,276.77,874.49,-89.42,-107.95,M1->M2 x M3,284.29,561.06,405.2,155.8,366.6,1426.8,641.7
1150,0.85,14.0,423.16,348.15,655.40,-95.62,276.79,879.43,276.79,879.43,-84.58,-95.62,M1->M2 x M3,284.29,561.06,405.2,155.8,366.6,1426.8,672.9
1150,0.85,15.0,466.26,392.49,708.38,-83.18,276.93,885.49,276.93,885.49,-78.40,-83.18,M1->M2 x M3,284.29,561.06,405.2,155.8,366.6,1426.8,704.4
1150,0.85,16.0,509.22,436.71,761.14,-70.63,277.22,892.69,277.22,892.69,-72.17,-72.17,M3->FP x M2,284.29,561.06,405.2,155.8,366.6,1426.8,736.2
1150,0.85,17.0,552.03,480.80,813.67,-57.95,277.64,901.03,277.64,901.03,-65.87,-65.87,M3->FP x M2,284.29,561.06,405.2,155.8,366.6,1426.8,768.2
1150,0.85,18.0,594.67,524.74,865.95,-45.13,278.22,910.52,278.22,910.52,-59.51,-59.51,M3->FP x M2,284.29,561.06,405.2,155.8,366.6,1426.8,800.7
1150,0.85,19.0,637.13,568.52,917.97,-32.17,278.94,921.17,278.94,921.17,-53.07,-53.07,M3->FP x M2,284.29,561.06,405.2,155.8,366.6,1426.8,833.5
1150,0.85,20.0,679.40,612.13,969.71,-19.06,279.82,933.00,279.82,933.00,-46.56,-46.56,M3->FP x M2,284.29,561.06,405.2,155.8,366.6,1426.8,866.7
1150,0.90,2.0,-94.37,-190.01,6.90,-189.82,294.00,848.74,294.00,848.74,-94.65,-190.01,in->M1 x M3,301.26,595.26,392.9,165.0,385.6,1444.0,332.5
1150,0.90,3.0,-65.68,-159.29,60.19,-189.91,294.00,848.74,294.00,848.74,-94.66,-189.91,M1->M2 x M3,301.26,595.26,392.9,165.0,385.6,1444.0,345.8
1150,0.90,4.0,-23.16,-116.19,113.45,-190.03,294.00,848.74,294.00,848.74,-94.49,-190.03,M1->M2 x M3,301.26,595.26,392.9,165.0,385.6,1444.0,374.0
1150,0.90,5.0,19.39,-72.98,166.68,-190.13,294.00,848.74,294.00,848.74,-94.49,-190.13,M1->M2 x M3,301.26,595.26,392.9,165.0,385.6,1444.0,402.3
1150,0.90,6.0,61.88,-29.64,219.86,-190.12,294.00,848.74,294.00,848.74,-93.93,-190.12,M1->M2 x M3,301.26,595.26,392.9,165.0,385.6,1444.0,430.8
1150,0.90,7.0,104.35,13.75,272.97,-189.92,294.00,848.74,294.00,848.74,-94.85,-189.92,M1->M2 x M3,301.26,595.26,392.9,165.0,385.6,1444.0,459.3
1150,0.90,8.0,146.79,56.98,326.00,-182.75,294.00,848.74,294.00,848.74,-93.97,-182.75,M1->M2 x M3,301.26,595.26,392.9,165.0,385.6,1444.0,487.9
1150,0.90,9.0,189.19,100.19,378.94,-170.82,294.00,848.74,294.00,848.74,-94.43,-170.82,M1->M2 x M3,301.26,595.26,392.9,165.0,385.6,1444.0,516.7
1150,0.90,10.0,231.53,143.38,431.75,-158.82,294.00,848.79,294.00,848.79,-94.34,-158.82,M1->M2 x M3,301.26,595.26,392.9,165.0,385.6,1444.0,545.7
1150,0.90,11.0,273.79,186.52,484.43,-146.74,294.00,849.60,294.00,849.60,-94.71,-146.74,M1->M2 x M3,301.26,595.26,392.9,165.0,385.6,1444.0,574.8
1150,0.90,12.0,315.98,229.61,536.97,-134.59,294.00,851.43,294.00,851.43,-94.56,-134.59,M1->M2 x M3,301.26,595.26,392.9,165.0,385.6,1444.0,604.2
1150,0.90,13.0,358.07,272.62,589.34,-122.34,294.00,854.27,294.00,854.27,-94.82,-122.34,M1->M2 x M3,301.26,595.26,392.9,165.0,385.6,1444.0,633.7
1150,0.90,14.0,400.05,315.55,641.54,-110.00,294.00,858.16,294.00,858.16,-94.60,-110.00,M1->M2 x M3,301.26,595.26,392.9,165.0,385.6,1444.0,663.5
1150,0.90,15.0,441.90,358.39,693.53,-97.55,294.04,863.10,294.04,863.10,-88.42,-97.55,M1->M2 x M3,301.26,595.26,392.9,165.0,385.6,1444.0,693.6
1150,0.90,16.0,483.62,401.11,745.32,-84.98,294.21,869.11,294.21,869.11,-82.19,-84.98,M1->M2 x M3,301.26,595.26,392.9,165.0,385.6,1444.0,724.0
1150,0.90,17.0,525.20,443.72,796.88,-72.29,294.52,876.20,294.52,876.20,-75.89,-75.89,M3->FP x M2,301.26,595.26,392.9,165.0,385.6,1444.0,754.6
1150,0.90,18.0,566.62,486.18,848.20,-59.47,294.96,884.37,294.96,884.37,-69.52,-69.52,M3->FP x M2,301.26,595.26,392.9,165.0,385.6,1444.0,785.6
1150,0.90,19.0,607.86,528.51,899.25,-46.50,295.54,893.66,295.54,893.66,-63.08,-63.08,M3->FP x M2,301.26,595.26,392.9,165.0,385.6,1444.0,817.0
1150,0.90,20.0,648.92,570.66,950.04,-33.37,296.28,904.05,296.28,904.05,-56.57,-56.57,M3->FP x M2,301.26,595.26,392.9,165.0,385.6,1444.0,848.7
1200,0.30,2.0,44.64,24.73,89.66,-58.96,85.40,1100.56,85.40,1100.56,-31.62,-58.96,M1->M2 x M3,99.44,184.84,839.3,55.0,157.0,1285.4,305.6
1200,0.30,3.0,135.41,119.56,187.65,-58.86,85.40,1102.13,85.40,1102.13,-31.48,-58.86,M1->M2 x M3,99.44,184.84,839.3,55.0,157.0,1285.4,381.4
1200,0.30,4.0,226.14,214.36,285.58,-47.25,85.40,1108.78,85.40,1108.78,-31.35,-47.25,M1->M2 x M3,99.44,184.84,839.3,55.0,157.0,1285.4,457.3
1200,0.30,5.0,316.80,309.09,383.43,-35.61,85.40,1120.56,85.40,1120.56,-27.29,-35.61,M1->M2 x M3,99.44,184.84,839.3,55.0,157.0,1285.4,533.4
1200,0.30,6.0,407.36,403.73,481.16,-23.94,85.63,1137.37,85.63,1137.37,-21.47,-23.94,M1->M2 x M3,99.44,184.84,839.3,55.0,157.0,1285.4,609.7
1200,0.30,7.0,497.79,498.24,578.74,-12.22,86.25,1159.06,86.25,1159.06,-15.62,-15.62,M3->FP x M2,99.44,184.84,839.3,55.0,157.0,1285.4,686.4
1200,0.30,8.0,588.08,592.61,676.14,-0.46,87.27,1185.41,87.27,1185.41,-9.75,-9.75,M3->FP x M2,99.44,184.84,839.3,55.0,157.0,1285.4,763.3
1200,0.30,9.0,678.19,686.79,773.34,10.30,88.67,1216.22,88.67,1216.22,-3.86,-3.86,M3->FP x M2,99.44,184.84,839.3,55.0,157.0,1285.4,840.7
1200,0.30,10.0,768.09,780.76,870.31,20.58,90.45,1251.25,90.45,1251.25,1.99,1.99,M3->FP x M2,99.44,184.84,839.3,55.0,157.0,1285.4,918.5
1200,0.30,11.0,857.75,874.50,967.01,30.38,92.58,1290.25,92.58,1290.25,7.74,7.74,M3->FP x M2,99.44,184.84,839.3,55.0,157.0,1285.4,996.7
1200,0.30,12.0,947.16,967.97,1063.41,39.68,95.05,1332.99,95.05,1332.99,13.53,13.53,M3->FP x M2,99.44,184.84,839.3,55.0,157.0,1285.4,1075.6
1200,0.30,13.0,1036.27,1061.14,1159.49,48.47,97.85,1379.24,97.85,1379.24,19.36,19.36,M3->FP x M2,99.44,184.84,839.3,55.0,157.0,1285.4,1155.0
1200,0.30,14.0,1125.07,1153.99,1255.22,56.76,100.96,1428.79,100.96,1428.79,25.24,25.24,M3->FP x M2,99.44,184.84,839.3,55.0,157.0,1285.4,1235.0
1200,0.30,15.0,1213.53,1246.49,1350.56,64.56,104.37,1481.46,104.37,1481.46,31.17,31.17,M3->FP x M2,99.44,184.84,839.3,55.0,157.0,1285.4,1315.8
1200,0.30,16.0,1301.62,1338.61,1445.49,71.87,108.05,1537.07,108.05,1537.07,37.15,37.15,M3->FP x M2,99.44,184.84,839.3,55.0,157.0,1285.4,1397.3
1200,0.30,17.0,1389.31,1430.33,1539.99,78.73,111.99,1595.47,111.91,1595.47,43.20,43.20,M3->FP x M2,99.44,184.84,839.3,55.0,157.0,1285.4,1479.7
1200,0.30,18.0,1476.58,1521.60,1634.01,85.15,116.18,1656.53,115.58,1656.53,49.31,49.31,M3->FP x M2,99.44,184.84,839.3,55.0,157.0,1285.4,1562.9
1200,0.30,19.0,1563.40,1612.41,1727.54,91.15,120.60,1718.94,119.01,1720.16,55.49,55.49,M3->FP x M2,99.44,184.84,839.3,55.0,157.0,1285.4,1647.2
1200,0.30,20.0,1649.74,1702.74,1820.54,96.77,125.26,1777.36,122.21,1786.25,61.74,61.74,M3->FP x M2,99.44,184.84,839.3,55.0,157.0,1285.4,1732.4
1200,0.35,2.0,20.93,-4.78,71.74,-69.28,101.73,1083.89,101.73,1083.89,-36.65,-69.28,M1->M2 x M3,116.11,217.83,745.6,64.2,175.4,1301.7,293.3
1200,0.35,3.0,101.74,79.81,160.05,-69.42,101.73,1084.10,101.73,1084.10,-36.73,-69.42,M1->M2 x M3,116.11,217.83,745.6,64.2,175.4,1301.7,359.1
1200,0.35,4.0,182.51,164.37,248.31,-62.78,101.73,1087.39,101.73,1087.39,-36.88,-62.78,M1->M2 x M3,116.11,217.83,745.6,64.2,175.4,1301.7,425.0
1200,0.35,5.0,263.23,248.89,336.50,-51.14,101.73,1094.66,101.73,1094.66,-36.71,-51.14,M1->M2 x M3,116.11,217.83,745.6,64.2,175.4,1301.7,491.1
1200,0.35,6.0,343.87,333.33,424.58,-39.46,101.74,1105.87,101.74,1105.87,-31.26,-39.46,M1->M2 x M3,116.11,217.83,745.6,64.2,175.4,1301.7,557.4
1200,0.35,7.0,424.41,417.67,512.53,-27.73,102.01,1120.94,102.01,1120.94,-25.41,-27.73,M1->M2 x M3,116.11,217.83,745.6,64.2,175.4,1301.7,623.9
1200,0.35,8.0,504.81,501.88,600.33,-15.96,102.61,1139.78,102.61,1139.78,-19.54,-19.54,M3->FP x M2,116.11,217.83,745.6,64.2,175.4,1301.7,690.7
1200,0.35,9.0,585.07,585.94,687.94,-4.13,103.54,1162.26,103.54,1162.26,-13.65,-13.65,M3->FP x M2,116.11,217.83,745.6,64.2,175.4,1301.7,757.8
1200,0.35,10.0,665.14,669.82,775.35,7.09,104.80,1188.26,104.80,1188.26,-7.71,-7.71,M3->FP x M2,116.11,217.83,745.6,64.2,175.4,1301.7,825.4
1200,0.35,11.0,745.01,753.50,862.51,17.66,106.39,1217.63,106.39,1217.63,-1.75,-1.75,M3->FP x M2,116.11,217.83,745.6,64.2,175.4,1301.7,893.3
1200,0.35,12.0,824.66,836.94,949.42,27.84,108.30,1250.22,108.30,1250.22,4.10,4.10,M3->FP x M2,116.11,217.83,745.6,64.2,175.4,1301.7,961.7
1200,0.35,13.0,904.05,920.13,1036.04,37.62,110.52,1285.88,110.52,1285.88,9.94,9.94,M3->FP x M2,116.11,217.83,745.6,64.2,175.4,1301.7,1030.7
1200,0.35,14.0,983.17,1003.04,1122.34,46.97,113.03,1324.47,113.03,1324.47,15.82,15.82,M3->FP x M2,116.11,217.83,745.6,64.2,175.4,1301.7,1100.2
1200,0.35,15.0,1061.99,1085.65,1208.30,55.89,115.84,1365.85,115.84,1365.85,21.75,21.75,M3->FP x M2,116.11,217.83,745.6,64.2,175.4,1301.7,1170.3
1200,0.35,16.0,1140.48,1167.93,1293.89,64.39,118.93,1409.91,118.93,1409.91,27.74,27.74,M3->FP x M2,116.11,217.83,745.6,64.2,175.4,1301.7,1241.1
1200,0.35,17.0,1218.63,1249.84,1379.08,72.46,122.28,1456.53,122.28,1456.53,33.78,33.78,M3->FP x M2,116.11,217.83,745.6,64.2,175.4,1301.7,1312.6
1200,0.35,18.0,1296.40,1331.38,1463.86,80.12,125.90,1505.60,125.90,1505.60,39.89,39.89,M3->FP x M2,116.11,217.83,745.6,64.2,175.4,1301.7,1384.9
1200,0.35,19.0,1373.79,1412.52,1548.19,87.38,129.77,1557.05,129.77,1557.05,46.07,46.07,M3->FP x M2,116.11,217.83,745.6,64.2,175.4,1301.7,1458.0
1200,0.35,20.0,1450.75,1493.22,1632.05,94.25,133.89,1610.80,133.72,1610.80,52.33,52.33,M3->FP x M2,116.11,217.83,745.6,64.2,175.4,1301.7,1532.0
1200,0.40,2.0,1.82,-29.84,58.45,-80.20,118.47,1067.20,118.47,1067.20,-42.13,-80.20,M1->M2 x M3,132.80,251.27,675.3,73.3,194.0,1318.5,286.6
1200,0.40,3.0,75.16,47.01,139.58,-80.07,118.47,1067.20,118.47,1067.20,-42.15,-80.07,M1->M2 x M3,132.80,251.27,675.3,73.3,194.0,1318.5,344.8
1200,0.40,4.0,148.48,123.84,220.66,-78.34,118.47,1068.33,118.47,1068.33,-42.06,-78.34,M1->M2 x M3,132.80,251.27,675.3,73.3,194.0,1318.5,403.2
1200,0.40,5.0,221.75,200.62,301.68,-66.68,118.47,1072.60,118.47,1072.60,-42.06,-66.68,M1->M2 x M3,132.80,251.27,675.3,73.3,194.0,1318.5,461.8
1200,0.40,6.0,294.95,277.35,382.60,-54.99,118.47,1080.06,118.47,1080.06,-41.17,-54.99,M1->M2 x M3,132.80,251.27,675.3,73.3,194.0,1318.5,520.5
1200,0.40,7.0,368.06,353.99,463.41,-43.26,118.51,1090.67,118.51,1090.67,-35.32,-43.26,M1->M2 x M3,132.80,251.27,675.3,73.3,194.0,1318.5,579.4
1200,0.40,8.0,441.06,430.52,544.08,-31.47,118.80,1104.39,118.80,1104.39,-29.45,-31.47,M1->M2 x M3,132.80,251.27,675.3,73.3,194.0,1318.5,638.6
1200,0.40,9.0,513.92,506.92,624.58,-19.64,119.38,1121.15,119.38,1121.15,-23.55,-23.55,M3->FP x M2,132.80,251.27,675.3,73.3,194.0,1318.5,698.1
1200,0.40,10.0,586.63,583.17,704.90,-7.73,120.26,1140.87,120.26,1140.87,-17.61,-17.61,M3->FP x M2,132.80,251.27,675.3,73.3,194.0,1318.5,758.0
1200,0.40,11.0,659.16,659.24,784.99,3.89,121.42,1163.47,121.42,1163.47,-11.65,-11.65,M3->FP x M2,132.80,251.27,675.3,73.3,194.0,1318.5,818.2
1200,0.40,12.0,731.49,735.11,864.85,14.70,122.87,1188.87,122.87,1188.87,-5.64,-5.64,M3->FP x M2,132.80,251.27,675.3,73.3,194.0,1318.5,878.8
1200,0.40,13.0,803.60,810.75,944.45,25.19,124.61,1216.95,124.61,1216.95,0.40,0.40,M3->FP x M2,132.80,251.27,675.3,73.3,194.0,1318.5,939.9
1200,0.40,14.0,875.46,886.15,1023.75,35.34,126.62,1247.64,126.62,1247.64,6.28,6.28,M3->FP x M2,132.80,251.27,675.3,73.3,194.0,1318.5,1001.5
1200,0.40,15.0,947.05,961.28,1102.75,45.13,128.92,1280.83,128.92,1280.83,12.22,12.22,M3->FP x M2,132.80,251.27,675.3,73.3,194.0,1318.5,1063.6
1200,0.40,16.0,1018.36,1036.11,1181.41,54.56,131.48,1316.45,131.48,1316.45,18.20,18.20,M3->FP x M2,132.80,251.27,675.3,73.3,194.0,1318.5,1126.3
1200,0.40,17.0,1089.35,1110.63,1259.71,63.63,134.31,1354.40,134.31,1354.40,24.25,24.25,M3->FP x M2,132.80,251.27,675.3,73.3,194.0,1318.5,1189.7
1200,0.40,18.0,1160.02,1184.81,1337.62,72.32,137.41,1394.61,137.41,1394.61,30.37,30.37,M3->FP x M2,132.80,251.27,675.3,73.3,194.0,1318.5,1253.7
1200,0.40,19.0,1230.33,1258.63,1415.13,80.65,140.75,1437.01,140.75,1437.01,36.55,36.55,M3->FP x M2,132.80,251.27,675.3,73.3,194.0,1318.5,1318.5
1200,0.40,20.0,1300.27,1332.07,1492.21,88.62,144.35,1481.56,144.35,1481.56,42.81,42.81,M3->FP x M2,132.80,251.27,675.3,73.3,194.0,1318.5,1384.1
1200,0.45,2.0,-14.21,-51.94,48.24,-91.00,135.57,1050.48,135.57,1050.48,-47.17,-91.00,M1->M2 x M3,149.52,285.09,620.7,82.5,212.9,1335.6,283.4
1200,0.45,3.0,53.32,18.83,123.85,-91.02,135.57,1050.48,135.57,1050.48,-47.03,-91.02,M1->M2 x M3,149.52,285.09,620.7,82.5,212.9,1335.6,335.9
1200,0.45,4.0,120.84,89.57,199.43,-90.88,135.57,1050.62,135.57,1050.62,-47.12,-90.88,M1->M2 x M3,149.52,285.09,620.7,82.5,212.9,1335.6,388.5
1200,0.45,5.0,188.31,160.28,274.94,-82.22,135.57,1052.80,135.57,1052.80,-47.29,-82.22,M1->M2 x M3,149.52,285.09,620.7,82.5,212.9,1335.6,441.1
1200,0.45,6.0,255.73,230.95,350.37,-70.52,135.57,1057.62,135.57,1057.62,-47.41,-70.52,M1->M2 x M3,149.52,285.09,620.7,82.5,212.9,1335.6,494.0
1200,0.45,7.0,323.07,301.54,425.70,-58.77,135.57,1065.06,135.57,1065.06,-45.33,-58.77,M1->M2 x M3,149.52,285.09,620.7,82.5,212.9,1335.6,547.1
1200,0.45,8.0,390.31,372.04,500.89,-46.98,135.64,1075.12,135.64,1075.12,-39.45,-46.98,M1->M2 x M3,149.52,285.09,620.7,82.5,212.9,1335.6,600.3
1200,0.45,9.0,457.43,442.43,575.93,-35.13,135.95,1087.76,135.95,1087.76,-33.55,-35.13,M1->M2 x M3,149.52,285.09,620.7,82.5,212.9,1335.6,653.9
1200,0.45,10.0,524.41,512.69,650.80,-23.22,136.52,1102.94,136.52,1102.94,-27.61,-27.61,M3->FP x M2,149.52,285.09,620.7,82.5,212.9,1335.6,707.8
1200,0.45,11.0,591.24,582.78,725.47,-11.24,137.35,1120.60,137.35,1120.60,-21.64,-21.64,M3->FP x M2,149.52,285.09,620.7,82.5,212.9,1335.6,761.9
1200,0.45,12.0,657.88,652.70,799.91,0.76,138.43,1140.70,138.43,1140.70,-15.63,-15.63,M3->FP x M2,149.52,285.09,620.7,82.5,212.9,1335.6,816.5
1200,0.45,13.0,724.32,722.43,874.12,11.77,139.78,1163.18,139.78,1163.18,-9.57,-9.57,M3->FP x M2,149.52,285.09,620.7,82.5,212.9,1335.6,871.5
1200,0.45,14.0,790.55,791.93,948.05,22.52,141.38,1187.97,141.38,1187.97,-3.47,-3.47,M3->FP x M2,149.52,285.09,620.7,82.5,212.9,1335.6,926.9
1200,0.45,15.0,856.53,861.19,1021.70,32.98,143.24,1215.02,143.24,1215.02,2.59,2.59,M3->FP x M2,149.52,285.09,620.7,82.5,212.9,1335.6,982.8
1200,0.45,16.0,922.25,930.18,1095.04,43.14,145.36,1244.26,145.36,1244.26,8.58,8.58,M3->FP x M2,149.52,285.09,620.7,82.5,212.9,1335.6,1039.3
1200,0.45,17.0,987.69,998.90,1168.04,52.99,147.73,1275.62,147.73,1275.62,14.63,14.63,M3->FP x M2,149.52,285.09,620.7,82.5,212.9,1335.6,1096.3
1200,0.45,18.0,1052.83,1067.31,1240.69,62.53,150.36,1309.07,150.36,1309.07,20.75,20.75,M3->FP x M2,149.52,285.09,620.7,82.5,212.9,1335.6,1154.0
1200,0.45,19.0,1117.64,1135.39,1312.96,71.75,153.23,1344.55,153.23,1344.55,26.93,26.93,M3->FP x M2,149.52,285.09,620.7,82.5,212.9,1335.6,1212.3
1200,0.45,20.0,1182.12,1203.13,1384.83,80.64,156.35,1382.02,156.35,1382.02,33.19,33.19,M3->FP x M2,149.52,285.09,620.7,82.5,212.9,1335.6,1271.3
1200,0.50,2.0,-28.10,-71.99,40.19,-101.72,152.96,1033.73,152.96,1033.73,-52.63,-101.72,M1->M2 x M3,166.27,319.22,576.9,91.7,231.9,1353.0,282.9
1200,0.50,3.0,34.80,-6.15,111.46,-101.91,152.96,1033.73,152.96,1033.73,-52.35,-101.91,M1->M2 x M3,166.27,319.22,576.9,91.7,231.9,1353.0,330.7
1200,0.50,4.0,97.67,59.68,182.69,-101.57,152.96,1033.73,152.96,1033.73,-52.50,-101.57,M1->M2 x M3,166.27,319.22,576.9,91.7,231.9,1353.0,378.6
1200,0.50,5.0,160.51,125.48,253.86,-97.73,152.96,1034.42,152.96,1034.42,-52.60,-97.73,M1->M2 x M3,166.27,319.22,576.9,91.7,231.9,1353.0,426.6
1200,0.50,6.0,223.30,191.24,324.96,-86.02,152.96,1037.29,152.96,1037.29,-52.65,-86.02,M1->M2 x M3,166.27,319.22,576.9,91.7,231.9,1353.0,474.8
1200,0.50,7.0,286.03,256.95,395.96,-74.26,152.96,1042.40,152.96,1042.40,-52.40,-74.26,M1->M2 x M3,166.27,319.22,576.9,91.7,231.9,1353.0,523.1
1200,0.50,8.0,348.67,322.57,466.84,-62.46,152.96,1049.74,152.96,1049.74,-49.53,-62.46,M1->M2 x M3,166.27,319.22,576.9,91.7,231.9,1353.0,571.7
1200,0.50,9.0,411.20,388.10,537.58,-50.61,153.06,1059.31,153.06,1059.31,-43.63,-50.61,M1->M2 x M3,166.27,319.22,576.9,91.7,231.9,1353.0,620.5
1200,0.50,10.0,473.60,453.51,608.15,-38.68,153.39,1071.07,153.39,1071.07,-37.69,-38.68,M1->M2 x M3,166.27,319.22,576.9,91.7,231.9,1353.0,669.5
1200,0.50,11.0,535.86,518.78,678.54,-26.69,153.94,1085.02,153.94,1085.02,-31.71,-31.71,M3->FP x M2,166.27,319.22,576.9,91.7,231.9,1353.0,718.9
1200,0.50,12.0,597.96,583.89,748.72,-14.61,154.74,1101.11,154.74,1101.11,-25.70,-25.70,M3->FP x M2,166.27,319.22,576.9,91.7,231.9,1353.0,768.6
1200,0.50,13.0,659.88,648.82,818.68,-2.45,155.76,1119.30,155.76,1119.30,-19.64,-19.64,M3->FP x M2,166.27,319.22,576.9,91.7,231.9,1353.0,818.7
1200,0.50,14.0,721.59,713.56,888.38,8.93,157.03,1139.57,157.03,1139.57,-13.54,-13.54,M3->FP x M2,166.27,319.22,576.9,91.7,231.9,1353.0,869.2
1200,0.50,15.0,783.09,778.08,957.81,19.90,158.53,1161.88,158.53,1161.88,-7.38,-7.38,M3->FP x M2,166.27,319.22,576.9,91.7,231.9,1353.0,920.2
1200,0.50,16.0,844.35,842.36,1026.95,30.63,160.27,1186.17,160.27,1186.17,-1.16,-1.16,M3->FP x M2,166.27,319.22,576.9,91.7,231.9,1353.0,971.6
1200,0.50,17.0,905.35,906.39,1095.78,41.11,162.25,1212.41,162.25,1212.41,4.94,4.94,M3->FP x M2,166.27,319.22,576.9,91.7,231.9,1353.0,1023.6
1200,0.50,18.0,966.07,970.14,1164.28,51.33,164.46,1240.57,164.46,1240.57,11.05,11.05,M3->FP x M2,166.27,319.22,576.9,91.7,231.9,1353.0,1076.1
1200,0.50,19.0,1026.50,1033.59,1232.42,61.27,166.92,1270.60,166.92,1270.60,17.24,17.24,M3->FP x M2,166.27,319.22,576.9,91.7,231.9,1353.0,1129.2
1200,0.50,20.0,1086.61,1096.73,1300.18,70.94,169.61,1302.48,169.61,1302.48,23.50,23.50,M3->FP x M2,166.27,319.22,576.9,91.7,231.9,1353.0,1183.0
1200,0.55,2.0,-40.41,-90.55,33.72,-112.64,170.55,1016.95,170.55,1016.95,-57.71,-112.64,M1->M2 x M3,183.05,353.60,541.2,100.8,251.0,1370.6,284.3
1200,0.55,3.0,18.69,-28.81,101.48,-112.94,170.55,1016.95,170.55,1016.95,-57.89,-112.94,M1->M2 x M3,183.05,353.60,541.2,100.8,251.0,1370.6,328.3
1200,0.55,4.0,77.76,32.97,169.22,-112.86,170.55,1016.95,170.55,1016.95,-57.62,-112.86,M1->M2 x M3,183.05,353.60,541.2,100.8,251.0,1370.6,372.3
1200,0.55,5.0,136.81,94.70,236.91,-112.73,170.55,1017.00,170.55,1017.00,-57.67,-112.73,M1->M2 x M3,183.05,353.60,541.2,100.8,251.0,1370.6,416.5
1200,0.55,6.0,195.82,156.40,304.52,-101.47,170.55,1018.39,170.55,1018.39,-57.81,-101.47,M1->M2 x M3,183.05,353.60,541.2,100.8,251.0,1370.6,460.8
1200,0.55,7.0,254.77,218.05,372.04,-89.70,170.55,1021.71,170.55,1021.71,-57.56,-89.70,M1->M2 x M3,183.05,353.60,541.2,100.8,251.0,1370.6,505.3
1200,0.55,8.0,313.65,279.64,439.45,-77.89,170.55,1026.97,170.55,1026.97,-57.90,-77.89,M1->M2 x M3,183.05,353.60,541.2,100.8,251.0,1370.6,550.0
1200,0.55,9.0,372.42,341.14,506.72,-66.03,170.56,1034.17,170.56,1034.17,-53.76,-66.03,M1->M2 x M3,183.05,353.60,541.2,100.8,251.0,1370.6,594.9
1200,0.55,10.0,431.09,402.54,573.84,-54.09,170.69,1043.30,170.69,1043.30,-47.82,-54.09,M1->M2 x M3,183.05,353.60,541.2,100.8,251.0,1370.6,640.1
1200,0.55,11.0,489.62,463.82,640.78,-42.09,171.04,1054.35,171.04,1054.35,-41.85,-42.09,M1->M2 x M3,183.05,353.60,541.2,100.8,251.0,1370.6,685.5
1200,0.55,12.0,548.00,524.95,707.53,-30.00,171.59,1067.32,171.59,1067.32,-35.83,-35.83,M3->FP x M2,183.05,353.60,541.2,100.8,251.0,1370.6,731.3
1200,0.55,13.0,606.22,585.92,774.07,-17.83,172.36,1082.16,172.36,1082.16,-29.77,-29.77,M3->FP x M2,183.05,353.60,541.2,100.8,251.0,1370.6,777.4
1200,0.55,14.0,664.25,646.72,840.36,-5.56,173.34,1098.88,173.34,1098.88,-23.66,-23.66,M3->FP x M2,183.05,353.60,541.2,100.8,251.0,1370.6,823.9
1200,0.55,15.0,722.08,707.32,906.41,6.23,174.54,1117.43,174.54,1117.43,-17.50,-17.50,M3->FP x M2,183.05,353.60,541.2,100.8,251.0,1370.6,870.7
1200,0.55,16.0,779.69,767.70,972.17,17.40,175.96,1137.81,175.96,1137.81,-11.28,-11.28,M3->FP x M2,183.05,353.60,541.2,100.8,251.0,1370.6,918.1
1200,0.55,17.0,837.06,827.85,1037.64,28.37,177.60,1159.97,177.60,1159.97,-5.00,-5.00,M3->FP x M2,183.05,353.60,541.2,100.8,251.0,1370.6,965.9
1200,0.55,18.0,894.17,887.75,1102.79,39.13,179.47,1183.89,179.47,1183.89,1.30,1.30,M3->FP x M2,183.05,353.60,541.2,100.8,251.0,1370.6,1014.2
1200,0.55,19.0,951.02,947.38,1167.61,49.67,181.56,1209.56,181.56,1209.56,7.49,7.49,M3->FP x M2,183.05,353.60,541.2,100.8,251.0,1370.6,1063.1
1200,0.55,20.0,1007.57,1006.72,1232.07,59.98,183.88,1236.95,183.88,1236.95,13.76,13.76,M3->FP x M2,183.05,353.60,541.2,100.8,251.0,1370.6,1112.6
1200,0.60,2.0,-51.56,-108.00,28.42,-123.86,188.30,1000.15,188.30,1000.15,-63.00,-123.86,M1->M2 x M3,199.85,388.15,511.3,110.0,270.3,1388.3,287.1
1200,0.60,3.0,4.38,-49.72,93.33,-123.99,188.30,1000.15,188.30,1000.15,-63.19,-123.99,M1->M2 x M3,199.85,388.15,511.3,110.0,270.3,1388.3,327.9
1200,0.60,4.0,60.30,8.64,158.20,-123.87,188.30,1000.15,188.30,1000.15,-62.89,-123.87,M1->M2 x M3,199.85,388.15,511.3,110.0,270.3,1388.3,368.8
1200,0.60,5.0,116.19,66.93,223.03,-123.76,188.30,1000.15,188.30,1000.15,-63.02,-123.76,M1->M2 x M3,199.85,388.15,511.3,110.0,270.3,1388.3,409.8
1200,0.60,6.0,172.05,125.20,287.80,-116.84,188.30,1000.48,188.30,1000.48,-63.22,-116.84,M1->M2 x M3,199.85,388.15,511.3,110.0,270.3,1388.3,450.9
1200,0.60,7.0,227.85,183.44,352.47,-105.07,188.30,1002.39,188.30,1002.39,-62.99,-105.07,M1->M2 x M3,199.85,388.15,511.3,110.0,270.3,1388.3,492.2
1200,0.60,8.0,283.59,241.62,417.04,-93.25,188.30,1006.01,188.30,1006.01,-62.85,-93.25,M1->M2 x M3,199.85,388.15,511.3,110.0,270.3,1388.3,533.6
1200,0.60,9.0,339.24,299.72,481.48,-81.38,188.30,1011.34,188.30,1011.34,-63.05,-81.38,M1->M2 x M3,199.85,388.15,511.3,110.0,270.3,1388.3,575.3
1200,0.60,10.0,394.79,357.73,545.77,-69.43,188.31,1018.38,188.31,1018.38,-58.00,-69.43,M1->M2 x M3,199.85,388.15,511.3,110.0,270.3,1388.3,617.2
1200,0.60,11.0,450.22,415.64,609.90,-57.42,188.48,1027.14,188.48,1027.14,-52.02,-57.42,M1->M2 x M3,199.85,388.15,511.3,110.0,270.3,1388.3,659.3
1200,0.60,12.0,505.51,473.42,673.84,-45.32,188.84,1037.61,188.84,1037.61,-46.00,-46.00,M3->FP x M2,199.85,388.15,511.3,110.0,270.3,1388.3,701.8
1200,0.60,13.0,560.64,531.05,737.58,-33.14,189.39,1049.78,189.39,1049.78,-39.94,-39.94,M3->FP x M2,199.85,388.15,511.3,110.0,270.3,1388.3,744.6
1200,0.60,14.0,615.61,588.52,801.09,-20.86,190.14,1063.64,190.14,1063.64,-33.83,-33.83,M3->FP x M2,199.85,388.15,511.3,110.0,270.3,1388.3,787.7
1200,0.60,15.0,670.38,645.82,864.36,-8.47,191.08,1079.18,191.08,1079.18,-27.66,-27.66,M3->FP x M2,199.85,388.15,511.3,110.0,270.3,1388.3,831.2
1200,0.60,16.0,724.96,702.91,927.36,3.69,192.23,1096.38,192.23,1096.38,-21.44,-21.44,M3->FP x M2,199.85,388.15,511.3,110.0,270.3,1388.3,875.1
1200,0.60,17.0,779.31,759.79,990.08,15.06,193.59,1115.23,193.59,1115.23,-15.15,-15.15,M3->FP x M2,199.85,388.15,511.3,110.0,270.3,1388.3,919.5
1200,0.60,18.0,833.42,816.45,1052.50,26.25,195.15,1135.71,195.15,1135.71,-8.80,-8.80,M3->FP x M2,199.85,388.15,511.3,110.0,270.3,1388.3,964.3
1200,0.60,19.0,887.29,872.85,1114.60,37.27,196.93,1157.81,196.93,1157.81,-2.38,-2.38,M3->FP x M2,199.85,388.15,511.3,110.0,270.3,1388.3,1009.7
1200,0.60,20.0,940.88,928.98,1176.36,48.10,198.92,1181.51,198.92,1181.51,3.97,3.97,M3->FP x M2,199.85,388.15,511.3,110.0,270.3,1388.3,1055.6
1200,0.65,2.0,-61.80,-124.57,24.03,-134.66,206.12,983.32,206.12,983.32,-68.39,-134.66,M1->M2 x M3,216.68,422.81,486.1,119.2,289.6,1406.1,290.9
1200,0.65,3.0,-8.54,-69.28,86.56,-134.92,206.12,983.32,206.12,983.32,-68.32,-134.92,M1->M2 x M3,216.68,422.81,486.1,119.2,289.6,1406.1,329.1
1200,0.65,4.0,44.71,-13.88,149.07,-135.05,206.12,983.32,206.12,983.32,-68.23,-135.05,M1->M2 x M3,216.68,422.81,486.1,119.2,289.6,1406.1,367.3
1200,0.65,5.0,97.93,41.49,211.53,-134.69,206.12,983.32,206.12,983.32,-68.13,-134.69,M1->M2 x M3,216.68,422.81,486.1,119.2,289.6,1406.1,405.5
1200,0.65,6.0,151.12,96.82,273.93,-132.13,206.12,983.32,206.12,983.32,-68.15,-132.13,M1->M2 x M3,216.68,422.81,486.1,119.2,289.6,1406.1,444.0
1200,0.65,7.0,204.27,152.12,336.25,-120.35,206.12,984.09,206.12,984.09,-68.28,-120.35,M1->M2 x M3,216.68,422.81,486.1,119.2,289.6,1406.1,482.5
1200,0.65,8.0,257.36,207.37,398.46,-108.52,206.12,986.37,206.12,986.37,-68.44,-108.52,M1->M2 x M3,216.68,422.81,486.1,119.2,289.6,1406.1,521.2
1200,0.65,9.0,310.36,262.56,460.55,-96.63,206.12,990.19,206.12,990.19,-68.42,-96.63,M1->M2 x M3,216.68,422.81,486.1,119.2,289.6,1406.1,560.2
1200,0.65,10.0,363.28,317.68,522.50,-84.68,206.12,995.54,206.12,995.54,-68.20,-84.68,M1->M2 x M3,216.68,422.81,486.1,119.2,289.6,1406.1,599.3
1200,0.65,11.0,416.08,372.69,584.29,-72.65,206.16,1002.44,206.16,1002.44,-62.21,-72.65,M1->M2 x M3,216.68,422.81,486.1,119.2,289.6,1406.1,638.7
1200,0.65,12.0,468.75,427.59,645.91,-60.55,206.35,1010.88,206.35,1010.88,-56.19,-60.55,M1->M2 x M3,216.68,422.81,486.1,119.2,289.6,1406.1,678.4
1200,0.65,13.0,521.29,482.36,707.33,-48.35,206.72,1020.86,206.72,1020.86,-50.13,-50.13,M3->FP x M2,216.68,422.81,486.1,119.2,289.6,1406.1,718.3
1200,0.65,14.0,573.66,536.98,768.53,-36.06,207.27,1032.38,207.27,1032.38,-44.01,-44.01,M3->FP x M2,216.68,422.81,486.1,119.2,289.6,1406.1,758.6
1200,0.65,15.0,625.86,591.44,829.49,-23.66,208.01,1045.44,208.01,1045.44,-37.85,-37.85,M3->FP x M2,216.68,422.81,486.1,119.2,289.6,1406.1,799.2
1200,0.65,16.0,677.87,645.72,890.21,-11.15,208.93,1060.03,208.93,1060.03,-31.62,-31.62,M3->FP x M2,216.68,422.81,486.1,119.2,289.6,1406.1,840.3
1200,0.65,17.0,729.67,699.80,950.65,1.36,210.04,1076.15,210.04,1076.15,-25.33,-25.33,M3->FP x M2,216.68,422.81,486.1,119.2,289.6,1406.1,881.7
1200,0.65,18.0,781.25,753.67,1010.81,12.91,211.34,1093.78,211.34,1093.78,-18.98,-18.98,M3->FP x M2,216.68,422.81,486.1,119.2,289.6,1406.1,923.6
1200,0.65,19.0,832.59,807.31,1070.65,24.32,212.85,1112.92,212.85,1112.92,-12.56,-12.56,M3->FP x M2,216.68,422.81,486.1,119.2,289.6,1406.1,966.0
1200,0.65,20.0,883.68,860.71,1130.17,35.58,214.55,1133.56,214.55,1133.56,-6.05,-6.05,M3->FP x M2,216.68,422.81,486.1,119.2,289.6,1406.1,1008.9
1200,0.70,2.0,-71.33,-140.45,20.35,-145.99,223.96,966.45,223.96,966.45,-73.78,-145.99,M1->M2 x M3,233.55,457.51,464.5,128.3,308.9,1424.0,295.6
1200,0.70,3.0,-20.38,-87.75,80.89,-145.94,223.96,966.45,223.96,966.45,-73.39,-145.94,M1->M2 x M3,233.55,457.51,464.5,128.3,308.9,1424.0,331.5
1200,0.70,4.0,30.59,-34.96,141.41,-145.90,223.96,966.45,223.96,966.45,-73.24,-145.90,M1->M2 x M3,233.55,457.51,464.5,128.3,308.9,1424.0,367.3
1200,0.70,5.0,81.53,17.90,201.89,-145.98,223.96,966.45,223.96,966.45,-73.63,-145.98,M1->M2 x M3,233.55,457.51,464.5,128.3,308.9,1424.0,403.3
1200,0.70,6.0,132.44,70.66,262.31,-145.88,223.96,966.45,223.96,966.45,-73.57,-145.88,M1->M2 x M3,233.55,457.51,464.5,128.3,308.9,1424.0,439.4
1200,0.70,7.0,183.31,123.41,322.65,-135.51,223.96,966.55,223.96,966.55,-73.49,-135.51,M1->M2 x M3,233.55,457.51,464.5,128.3,308.9,1424.0,475.6
1200,0.70,8.0,234.13,176.12,382.89,-123.67,223.96,967.74,223.96,967.74,-73.76,-123.67,M1->M2 x M3,233.55,457.51,464.5,128.3,308.9,1424.0,512.0
1200,0.70,9.0,284.87,228.77,443.01,-111.77,223.96,970.31,223.96,970.31,-73.46,-111.77,M1->M2 x M3,233.55,457.51,464.5,128.3,308.9,1424.0,548.6
1200,0.70,10.0,335.53,281.36,503.00,-99.81,223.96,974.26,223.96,974.26,-73.49,-99.81,M1->M2 x M3,233.55,457.51,464.5,128.3,308.9,1424.0,585.4
1200,0.70,11.0,386.08,333.86,562.83,-87.77,223.96,979.61,223.96,979.61,-72.41,-87.77,M1->M2 x M3,233.55,457.51,464.5,128.3,308.9,1424.0,622.4
1200,0.70,12.0,436.52,386.26,622.49,-75.66,224.02,986.37,224.02,986.37,-66.39,-75.66,M1->M2 x M3,233.55,457.51,464.5,128.3,308.9,1424.0,659.7
1200,0.70,13.0,486.82,438.54,681.96,-63.45,224.23,994.53,224.23,994.53,-60.32,-63.45,M1->M2 x M3,233.55,457.51,464.5,128.3,308.9,1424.0,697.2
1200,0.70,14.0,536.98,490.68,741.23,-51.15,224.62,1004.11,224.62,1004.11,-54.20,-54.20,M3->FP x M2,233.55,457.51,464.5,128.3,308.9,1424.0,735.1
1200,0.70,15.0,586.97,542.68,800.27,-38.74,225.17,1015.11,225.17,1015.11,-48.03,-48.03,M3->FP x M2,233.55,457.51,464.5,128.3,308.9,1424.0,773.2
1200,0.70,16.0,636.78,594.51,859.07,-26.22,225.90,1027.52,225.90,1027.52,-41.81,-41.81,M3->FP x M2,233.55,457.51,464.5,128.3,308.9,1424.0,811.8
1200,0.70,17.0,686.40,646.16,917.60,-13.57,226.80,1041.34,226.80,1041.34,-35.52,-35.52,M3->FP x M2,233.55,457.51,464.5,128.3,308.9,1424.0,850.7
1200,0.70,18.0,735.81,697.62,975.85,-0.79,227.88,1056.58,227.88,1056.58,-29.16,-29.16,M3->FP x M2,233.55,457.51,464.5,128.3,308.9,1424.0,890.1
1200,0.70,19.0,785.00,748.86,1033.81,11.01,229.15,1073.22,229.15,1073.22,-22.73,-22.73,M3->FP x M2,233.55,457.51,464.5,128.3,308.9,1424.0,929.9
1200,0.70,20.0,833.94,799.87,1091.45,22.63,230.61,1091.28,230.61,1091.28,-16.23,-16.23,M3->FP x M2,233.55,457.51,464.5,128.3,308.9,1424.0,970.2
1200,0.75,2.0,-77.84,-155.75,17.23,-156.84,241.74,949.57,241.74,949.57,-78.41,-156.84,M1->M2 x M3,250.43,492.17,445.7,137.5,328.2,1441.7,301.0
1200,0.75,3.0,-31.34,-105.34,76.09,-157.21,241.74,949.57,241.74,949.57,-78.80,-157.21,M1->M2 x M3,250.43,492.17,445.7,137.5,328.2,1441.7,334.8
1200,0.75,4.0,17.66,-54.84,134.93,-157.00,241.74,949.57,241.74,949.57,-78.77,-157.00,M1->M2 x M3,250.43,492.17,445.7,137.5,328.2,1441.7,368.7
1200,0.75,5.0,66.61,-4.22,193.73,-156.82,241.74,949.57,241.74,949.57,-78.76,-156.82,M1->M2 x M3,250.43,492.17,445.7,137.5,328.2,1441.7,402.7
1200,0.75,6.0,115.55,46.31,252.47,-156.89,241.74,949.57,241.74,949.57,-78.63,-156.89,M1->M2 x M3,250.43,492.17,445.7,137.5,328.2,1441.7,436.8
1200,0.75,7.0,164.45,96.80,311.14,-150.53,241.74,949.57,241.74,949.57,-78.65,-150.53,M1->M2 x M3,250.43,492.17,445.7,137.5,328.2,1441.7,471.0
1200,0.75,8.0,213.30,147.27,369.70,-138.68,241.74,949.88,241.74,949.88,-78.71,-138.68,M1->M2 x M3,250.43,492.17,445.7,137.5,328.2,1441.7,505.3
1200,0.75,9.0,262.08,197.69,428.16,-126.77,241.74,951.40,241.74,951.40,-78.81,-126.77,M1->M2 x M3,250.43,492.17,445.7,137.5,328.2,1441.7,539.9
1200,0.75,10.0,310.78,248.06,486.49,-114.80,241.74,954.17,241.74,954.17,-78.51,-114.80,M1->M2 x M3,250.43,492.17,445.7,137.5,328.2,1441.7,574.6
1200,0.75,11.0,359.39,298.34,544.66,-102.76,241.74,958.23,241.74,958.23,-78.89,-102.76,M1->M2 x M3,250.43,492.17,445.7,137.5,328.2,1441.7,609.6
1200,0.75,12.0,407.89,348.54,602.67,-90.63,241.74,963.56,241.74,963.56,-76.57,-90.63,M1->M2 x M3,250.43,492.17,445.7,137.5,328.2,1441.7,644.7
1200,0.75,13.0,456.26,398.63,660.50,-78.41,241.83,970.20,241.83,970.20,-70.50,-78.41,M1->M2 x M3,250.43,492.17,445.7,137.5,328.2,1441.7,680.2
1200,0.75,14.0,504.50,448.60,718.13,-66.10,242.07,978.13,242.07,978.13,-64.38,-66.10,M1->M2 x M3,250.43,492.17,445.7,137.5,328.2,1441.7,715.9
1200,0.75,15.0,552.58,498.43,775.54,-53.68,242.46,987.38,242.46,987.38,-58.20,-58.20,M3->FP x M2,250.43,492.17,445.7,137.5,328.2,1441.7,752.0
1200,0.75,16.0,600.50,548.11,832.71,-41.15,243.02,997.94,243.02,997.94,-51.97,-51.97,M3->FP x M2,250.43,492.17,445.7,137.5,328.2,1441.7,788.4
1200,0.75,17.0,648.23,597.62,889.62,-28.49,243.74,1009.82,243.74,1009.82,-45.68,-45.68,M3->FP x M2,250.43,492.17,445.7,137.5,328.2,1441.7,825.2
1200,0.75,18.0,695.76,646.95,946.27,-15.70,244.63,1023.02,244.63,1023.02,-39.32,-39.32,M3->FP x M2,250.43,492.17,445.7,137.5,328.2,1441.7,862.3
1200,0.75,19.0,743.08,696.09,1002.63,-2.76,245.69,1037.54,245.69,1037.54,-32.89,-32.89,M3->FP x M2,250.43,492.17,445.7,137.5,328.2,1441.7,899.9
1200,0.75,20.0,790.18,745.01,1058.68,9.38,246.93,1053.39,246.93,1053.39,-26.39,-26.39,M3->FP x M2,250.43,492.17,445.7,137.5,328.2,1441.7,938.0
1200,0.80,2.0,-84.21,-167.72,14.57,-168.15,259.39,932.65,259.39,932.65,-84.25,-168.15,M1->M2 x M3,267.35,526.74,429.3,146.7,347.4,1459.4,306.8
1200,0.80,3.0,-41.59,-122.19,72.00,-168.07,259.39,932.65,259.39,932.65,-84.07,-168.07,M1->M2 x M3,267.35,526.74,429.3,146.7,347.4,1459.4,338.9
1200,0.80,4.0,5.69,-73.73,129.40,-167.98,259.39,932.65,259.39,932.65,-83.60,-167.98,M1->M2 x M3,267.35,526.74,429.3,146.7,347.4,1459.4,371.1
1200,0.80,5.0,52.91,-25.16,186.77,-167.85,259.39,932.65,259.39,932.65,-84.10,-167.85,M1->M2 x M3,267.35,526.74,429.3,146.7,347.4,1459.4,403.3
1200,0.80,6.0,100.11,23.43,244.08,-167.95,259.39,932.65,259.39,932.65,-84.09,-167.95,M1->M2 x M3,267.35,526.74,429.3,146.7,347.4,1459.4,435.6
1200,0.80,7.0,147.29,71.93,301.31,-165.39,259.39,932.65,259.39,932.65,-84.07,-165.39,M1->M2 x M3,267.35,526.74,429.3,146.7,347.4,1459.4,468.1
1200,0.80,8.0,194.42,120.40,358.46,-153.53,259.39,932.65,259.39,932.65,-84.17,-153.53,M1->M2 x M3,267.35,526.74,429.3,146.7,347.4,1459.4,500.7
1200,0.80,9.0,241.49,168.84,415.49,-141.61,259.39,933.26,259.39,933.26,-83.78,-141.61,M1->M2 x M3,267.35,526.74,429.3,146.7,347.4,1459.4,533.4
1200,0.80,10.0,288.48,217.22,472.40,-129.63,259.39,935.03,259.39,935.03,-84.32,-129.63,M1->M2 x M3,267.35,526.74,429.3,146.7,347.4,1459.4,566.4
1200,0.80,11.0,335.39,265.54,529.16,-117.58,259.39,937.98,259.39,937.98,-84.03,-117.58,M1->M2 x M3,267.35,526.74,429.3,146.7,347.4,1459.4,599.5
1200,0.80,12.0,382.20,313.78,585.76,-105.44,259.39,942.10,259.39,942.10,-83.77,-105.44,M1->M2 x M3,267.35,526.74,429.3,146.7,347.4,1459.4,632.9
1200,0.80,13.0,428.89,361.92,642.19,-93.22,259.40,947.43,259.40,947.43,-80.64,-93.22,M1->M2 x M3,267.35,526.74,429.3,146.7,347.4,1459.4,666.5
1200,0.80,14.0,475.45,409.95,698.41,-80.89,259.51,953.96,259.51,953.96,-74.52,-80.89,M1->M2 x M3,267.35,526.74,429.3,146.7,347.4,1459.4,700.4
1200,0.80,15.0,521.86,457.86,754.43,-68.47,259.77,961.70,259.77,961.70,-68.34,-68.47,M1->M2 x M3,267.35,526.74,429.3,146.7,347.4,1459.4,734.6
1200,0.80,16.0,568.12,505.63,810.22,-55.92,260.19,970.67,260.19,970.67,-62.11,-62.11,M3->FP x M2,267.35,526.74,429.3,146.7,347.4,1459.4,769.1
1200,0.80,17.0,614.20,553.24,865.75,-43.25,260.75,980.88,260.75,980.88,-55.81,-55.81,M3->FP x M2,267.35,526.74,429.3,146.7,347.4,1459.4,804.0
1200,0.80,18.0,660.09,600.69,921.03,-30.45,261.47,992.32,261.47,992.32,-49.45,-49.45,M3->FP x M2,267.35,526.74,429.3,146.7,347.4,1459.4,839.3
1200,0.80,19.0,705.79,647.95,976.02,-17.50,262.35,1005.02,262.35,1005.02,-43.02,-43.02,M3->FP x M2,267.35,526.74,429.3,146.7,347.4,1459.4,874.9
1200,0.80,20.0,751.27,695.02,1030.72,-4.39,263.40,1018.96,263.40,1018.96,-36.51,-36.51,M3->FP x M2,267.35,526.74,429.3,146.7,347.4,1459.4,911.0
1200,0.85,2.0,-89.14,-179.03,12.29,-179.14,276.84,915.71,276.84,915.71,-89.54,-179.14,M1->M2 x M3,284.29,561.14,414.9,155.8,366.6,1476.8,313.5
1200,0.85,3.0,-51.25,-138.40,68.48,-178.97,276.85,915.71,276.85,915.71,-88.66,-178.97,M1->M2 x M3,284.29,561.14,414.9,155.8,366.6,1476.8,343.6
1200,0.85,4.0,-5.51,-91.78,124.65,-179.08,276.84,915.71,276.84,915.71,-89.44,-179.08,M1->M2 x M3,284.29,561.14,414.9,155.8,366.6,1476.8,374.2
1200,0.85,5.0,40.20,-45.05,180.79,-179.19,276.85,915.71,276.85,915.71,-88.78,-179.19,M1->M2 x M3,284.29,561.14,414.9,155.8,366.6,1476.8,404.9
1200,0.85,6.0,85.88,1.81,236.87,-178.83,276.84,915.71,276.84,915.71,-89.29,-178.83,M1->M2 x M3,284.29,561.14,414.9,155.8,366.6,1476.8,435.7
1200,0.85,7.0,131.53,48.51,292.87,-179.18,276.85,915.71,276.85,915.71,-88.98,-179.18,M1->M2 x M3,284.29,561.14,414.9,155.8,366.6,1476.8,466.6
1200,0.85,8.0,177.14,95.19,348.79,-168.20,276.84,915.71,276.84,915.71,-89.26,-168.20,M1->M2 x M3,284.29,561.14,414.9,155.8,366.6,1476.8,497.6
1200,0.85,9.0,222.70,141.84,404.60,-156.27,276.85,915.77,276.85,915.77,-89.28,-156.27,M1->M2 x M3,284.29,561.14,414.9,155.8,366.6,1476.8,528.8
1200,0.85,10.0,268.19,188.45,460.29,-144.28,276.84,916.67,276.84,916.67,-89.60,-144.28,M1->M2 x M3,284.29,561.14,414.9,155.8,366.6,1476.8,560.2
1200,0.85,11.0,313.60,235.00,515.84,-132.22,276.85,918.65,276.85,918.65,-89.49,-132.22,M1->M2 x M3,284.29,561.14,414.9,155.8,366.6,1476.8,591.7
1200,0.85,12.0,358.92,281.48,571.23,-120.07,276.84,921.72,276.84,921.72,-89.11,-120.07,M1->M2 x M3,284.29,561.14,414.9,155.8,366.6,1476.8,623.5
1200,0.85,13.0,404.12,327.88,626.45,-107.84,276.85,925.91,276.85,925.91,-89.40,-107.84,M1->M2 x M3,284.29,561.14,414.9,155.8,366.6,1476.8,655.5
1200,0.85,14.0,449.21,374.17,681.47,-95.50,276.87,931.22,276.87,931.22,-84.60,-95.50,M1->M2 x M3,284.29,561.14,414.9,155.8,366.6,1476.8,687.8
1200,0.85,15.0,494.15,420.36,736.29,-83.06,277.01,937.66,277.01,937.66,-78.42,-83.06,M1->M2 x M3,284.29,561.14,414.9,155.8,366.6,1476.8,720.3
1200,0.85,16.0,538.95,466.41,790.88,-70.51,277.29,945.26,277.29,945.26,-72.19,-72.19,M3->FP x M2,284.29,561.14,414.9,155.8,366.6,1476.8,753.2
1200,0.85,17.0,583.58,512.32,845.24,-57.83,277.72,954.01,277.72,954.01,-65.89,-65.89,M3->FP x M2,284.29,561.14,414.9,155.8,366.6,1476.8,786.4
1200,0.85,18.0,628.03,558.07,899.33,-45.01,278.29,963.92,278.29,963.92,-59.53,-59.53,M3->FP x M2,284.29,561.14,414.9,155.8,366.6,1476.8,820.0
1200,0.85,19.0,672.29,603.66,953.16,-32.06,279.02,975.02,279.02,975.02,-53.09,-53.09,M3->FP x M2,284.29,561.14,414.9,155.8,366.6,1476.8,853.9
1200,0.85,20.0,716.35,649.06,1006.69,-18.94,279.90,987.30,279.90,987.30,-46.58,-46.58,M3->FP x M2,284.29,561.14,414.9,155.8,366.6,1476.8,888.3
1200,0.90,2.0,-94.20,-189.76,10.31,-189.86,294.04,898.74,294.04,898.74,-94.65,-189.86,M1->M2 x M3,301.26,595.30,402.0,165.0,385.6,1494.0,332.5
1200,0.90,3.0,-60.42,-154.05,65.44,-189.88,294.04,898.74,294.04,898.74,-94.67,-189.88,M1->M2 x M3,301.26,595.30,402.0,165.0,385.6,1494.0,348.8
1200,0.90,4.0,-16.06,-109.09,120.54,-189.99,294.04,898.74,294.04,898.74,-94.49,-189.99,M1->M2 x M3,301.26,595.30,402.0,165.0,385.6,1494.0,378.1
1200,0.90,5.0,28.31,-64.03,175.61,-190.07,294.04,898.74,294.04,898.74,-94.49,-190.07,M1->M2 x M3,301.26,595.30,402.0,165.0,385.6,1494.0,407.4
1200,0.90,6.0,72.64,-18.84,230.62,-190.11,294.04,898.74,294.04,898.74,-93.93,-190.11,M1->M2 x M3,301.26,595.30,402.0,165.0,385.6,1494.0,436.8
1200,0.90,7.0,116.94,26.33,285.57,-190.02,294.04,898.74,294.04,898.74,-94.84,-190.02,M1->M2 x M3,301.26,595.30,402.0,165.0,385.6,1494.0,466.3
1200,0.90,8.0,161.21,71.38,340.43,-182.66,294.04,898.74,294.04,898.74,-93.98,-182.66,M1->M2 x M3,301.26,595.30,402.0,165.0,385.6,1494.0,495.9
1200,0.90,9.0,205.43,116.42,395.18,-170.73,294.04,898.74,294.04,898.74,-94.44,-170.73,M1->M2 x M3,301.26,595.30,402.0,165.0,385.6,1494.0,525.7
1200,0.90,10.0,249.58,161.43,449.81,-158.73,294.04,898.94,294.04,898.94,-94.35,-158.73,M1->M2 x M3,301.26,595.30,402.0,165.0,385.6,1494.0,555.7
1200,0.90,11.0,293.66,206.38,504.31,-146.65,294.04,900.07,294.04,900.07,-94.71,-146.65,M1->M2 x M3,301.26,595.30,402.0,165.0,385.6,1494.0,585.8
1200,0.90,12.0,337.65,251.27,558.65,-134.50,294.04,902.23,294.04,902.23,-94.57,-134.50,M1->M2 x M3,301.26,595.30,402.0,165.0,385.6,1494.0,616.2
1200,0.90,13.0,381.54,296.08,612.83,-122.25,294.04,905.41,294.04,905.41,-94.83,-122.25,M1->M2 x M3,301.26,595.30,402.0,165.0,385.6,1494.0,646.7
1200,0.90,14.0,425.31,340.81,666.81,-109.91,294.04,909.65,294.04,909.65,-94.61,-109.91,M1->M2 x M3,301.26,595.30,402.0,165.0,385.6,1494.0,677.6
1200,0.90,15.0,468.96,385.43,720.60,-97.46,294.08,914.96,294.08,914.96,-88.43,-97.46,M1->M2 x M3,301.26,595.30,402.0,165.0,385.6,1494.0,708.7
1200,0.90,16.0,512.45,429.93,774.16,-84.89,294.25,921.34,294.25,921.34,-82.20,-84.89,M1->M2 x M3,301.26,595.30,402.0,165.0,385.6,1494.0,740.1
1200,0.90,17.0,555.80,474.30,827.49,-72.20,294.55,928.81,294.55,928.81,-75.90,-75.90,M3->FP x M2,301.26,595.30,402.0,165.0,385.6,1494.0,771.8
1200,0.90,18.0,598.97,518.53,880.56,-59.38,295.00,937.39,295.00,937.39,-69.53,-69.53,M3->FP x M2,301.26,595.30,402.0,165.0,385.6,1494.0,803.8
1200,0.90,19.0,641.96,562.60,933.37,-46.41,295.58,947.08,295.58,947.08,-63.09,-63.09,M3->FP x M2,301.26,595.30,402.0,165.0,385.6,1494.0,836.3
1200,0.90,20.0,684.76,606.50,985.89,-33.28,296.31,957.90,296.31,957.90,-56.58,-56.58,M3->FP x M2,301.26,595.30,402.0,165.0,385.6,1494.0,869.1
