t1_mm,y2,off_deg,in_M1_x_M2,in_M1_x_M3,in_M1_x_FP,M1_M2_x_M3,M1_M2_x_FP,M2_M3_x_M1,M2_M3_x_FP,M3_FP_x_M1,M3_FP_x_M2,floor_mm,worst,t2_mm,bfd_mm,D1_mm,D2_mm,D3_mm,len_mm,hgt_mm
140,0.30,8.0,36.22,41.62,68.27,-1.11,22.12,105.12,22.12,105.12,-0.52,-1.11,M1->M2 x M3,37.93,58.96,273.1,21.0,87.8,161.0,136.3
140,0.30,10.0,57.40,65.88,94.45,7.36,23.91,112.10,23.91,112.10,3.85,3.85,M3->FP x M2,37.93,58.96,273.1,21.0,87.8,161.0,157.6
140,0.30,12.0,78.51,90.07,120.52,15.13,26.38,122.55,26.38,122.55,8.25,8.25,M3->FP x M2,37.93,58.96,273.1,21.0,87.8,161.0,179.1
140,0.30,14.0,99.52,114.14,146.44,22.15,29.41,135.82,29.41,135.82,12.71,12.71,M3->FP x M2,37.93,58.96,273.1,21.0,87.8,161.0,200.9
140,0.30,16.0,120.41,138.08,172.18,28.37,32.87,151.36,32.51,151.36,17.26,17.26,M3->FP x M2,37.93,58.96,273.1,21.0,87.8,161.0,223.1
140,0.30,18.0,141.15,161.85,197.71,33.82,36.70,168.01,35.21,168.74,21.90,21.90,M3->FP x M2,37.93,58.96,273.1,21.0,87.8,161.0,245.8
140,0.30,20.0,161.72,185.42,223.00,38.57,40.82,182.56,37.56,187.67,26.64,26.64,M3->FP x M2,37.93,58.96,273.1,21.0,87.8,161.0,269.0
140,0.30,22.0,182.09,208.76,248.02,42.69,45.21,195.44,39.62,207.97,31.50,31.50,M3->FP x M2,37.93,58.96,273.1,21.0,87.8,161.0,292.8
140,0.30,24.0,202.25,231.85,272.74,46.26,49.85,209.28,41.41,229.53,36.51,36.51,M3->FP x M2,37.93,58.96,273.1,21.0,87.8,161.0,317.3
140,0.30,26.0,222.15,254.86,297.12,49.58,54.74,224.38,42.99,252.30,41.67,41.67,M3->FP x M2,37.93,58.96,273.1,21.0,87.8,161.0,342.6
140,0.30,28.0,241.79,278.89,321.15,53.32,59.88,240.72,44.39,276.29,47.01,44.39,M2->M3 x FP,37.93,58.96,273.1,21.0,87.8,161.0,368.7
140,0.30,30.0,261.13,304.17,344.99,57.51,65.28,258.29,45.63,301.54,52.55,45.63,M2->M3 x FP,37.93,58.96,273.1,21.0,87.8,161.0,395.9
140,0.40,8.0,16.30,15.88,54.09,-13.69,34.05,89.37,34.05,89.37,-8.11,-13.69,M1->M2 x M3,50.65,84.54,222.3,28.0,102.1,173.9,126.7
140,0.40,10.0,33.48,35.73,76.69,-4.63,34.79,91.35,34.79,91.35,-3.59,-4.63,M1->M2 x M3,50.65,84.54,222.3,28.0,102.1,173.9,143.8
140,0.40,12.0,50.61,55.54,99.20,4.25,36.10,96.43,36.10,96.43,0.94,0.94,M3->FP x M2,50.65,84.54,222.3,28.0,102.1,173.9,161.1
140,0.40,14.0,67.68,75.28,121.59,12.54,37.94,104.28,37.94,104.28,5.41,5.41,M3->FP x M2,50.65,84.54,222.3,28.0,102.1,173.9,178.6
140,0.40,16.0,84.67,94.93,143.83,20.33,40.28,114.49,40.28,114.49,9.96,9.96,M3->FP x M2,50.65,84.54,222.3,28.0,102.1,173.9,196.5
140,0.40,18.0,101.56,114.47,165.89,27.57,43.06,126.65,43.06,126.65,14.60,14.60,M3->FP x M2,50.65,84.54,222.3,28.0,102.1,173.9,214.7
140,0.40,20.0,118.32,133.86,187.75,34.22,46.26,140.43,46.25,140.43,19.35,19.35,M3->FP x M2,50.65,84.54,222.3,28.0,102.1,173.9,233.4
140,0.40,22.0,134.94,153.09,209.39,40.30,49.82,155.19,49.40,155.60,24.22,24.22,M3->FP x M2,50.65,84.54,222.3,28.0,102.1,173.9,252.5
140,0.40,24.0,151.39,172.14,230.77,45.82,53.74,168.70,52.25,172.01,29.22,29.22,M3->FP x M2,50.65,84.54,222.3,28.0,102.1,173.9,272.2
140,0.40,26.0,167.66,190.98,251.86,50.82,57.98,180.74,54.83,189.57,34.39,34.39,M3->FP x M2,50.65,84.54,222.3,28.0,102.1,173.9,292.5
140,0.40,28.0,183.73,209.80,272.65,55.34,62.55,191.51,57.17,208.24,39.73,39.73,M3->FP x M2,50.65,84.54,222.3,28.0,102.1,173.9,313.5
140,0.40,30.0,199.57,229.61,293.11,59.42,67.44,202.71,59.29,228.02,45.28,45.28,M3->FP x M2,50.65,84.54,222.3,28.0,102.1,173.9,335.3
140,0.50,8.0,2.76,-4.12,46.53,-26.22,48.55,76.58,48.55,76.58,-16.19,-26.22,M1->M2 x M3,63.42,111.97,191.9,35.0,117.4,188.5,124.4
140,0.50,10.0,17.54,12.97,67.22,-17.15,48.74,76.58,48.74,76.58,-11.67,-17.15,M1->M2 x M3,63.42,111.97,191.9,35.0,117.4,188.5,138.9
140,0.50,12.0,32.30,30.01,87.84,-7.97,49.36,77.85,49.36,77.85,-7.10,-7.97,M1->M2 x M3,63.42,111.97,191.9,35.0,117.4,188.5,153.7
140,0.50,14.0,47.02,47.01,108.34,1.27,50.41,81.87,50.41,81.87,-2.46,-2.46,M3->FP x M2,63.42,111.97,191.9,35.0,117.4,188.5,168.7
140,0.50,16.0,61.68,63.95,128.71,9.90,51.87,88.40,51.87,88.40,2.18,2.18,M3->FP x M2,63.42,111.97,191.9,35.0,117.4,188.5,183.9
140,0.50,18.0,76.27,80.82,148.93,18.19,53.75,97.08,53.75,97.08,6.83,6.83,M3->FP x M2,63.42,111.97,191.9,35.0,117.4,188.5,199.5
140,0.50,20.0,90.76,97.59,168.96,26.09,56.04,107.55,56.04,107.55,11.58,11.58,M3->FP x M2,63.42,111.97,191.9,35.0,117.4,188.5,215.4
140,0.50,22.0,105.15,114.23,188.79,33.56,58.71,119.54,58.71,119.54,16.45,16.45,M3->FP x M2,63.42,111.97,191.9,35.0,117.4,188.5,231.7
140,0.50,24.0,119.41,130.74,208.39,40.58,61.78,132.81,61.78,132.81,21.46,21.46,M3->FP x M2,63.42,111.97,191.9,35.0,117.4,188.5,248.5
140,0.50,26.0,133.52,147.09,227.73,47.16,65.22,146.51,65.18,147.24,26.63,26.63,M3->FP x M2,63.42,111.97,191.9,35.0,117.4,188.5,265.8
140,0.50,28.0,147.47,163.26,246.80,53.29,69.03,159.17,68.45,162.75,31.98,31.98,M3->FP x M2,63.42,111.97,191.9,35.0,117.4,188.5,283.8
140,0.50,30.0,161.24,179.82,265.57,58.99,73.22,170.77,71.49,179.30,37.53,37.53,M3->FP x M2,63.42,111.97,191.9,35.0,117.4,188.5,302.4
140,0.60,8.0,-7.68,-21.42,42.31,-38.49,64.33,63.77,64.33,63.77,-24.06,-38.49,M1->M2 x M3,76.23,140.56,171.6,42.0,133.4,204.3,125.7
140,0.60,10.0,5.59,-6.26,61.94,-29.41,64.34,63.77,64.34,63.77,-20.06,-29.41,M1->M2 x M3,76.23,140.56,171.6,42.0,133.4,204.3,138.6
140,0.60,12.0,18.77,8.90,81.49,-20.21,64.56,63.77,64.56,63.77,-15.48,-20.21,M1->M2 x M3,76.23,140.56,171.6,42.0,133.4,204.3,151.6
140,0.60,14.0,31.94,23.96,100.95,-10.88,65.11,64.48,65.11,64.48,-10.84,-10.88,M1->M2 x M3,76.23,140.56,171.6,42.0,133.4,204.3,164.9
140,0.60,16.0,45.06,38.98,120.28,-1.38,66.01,67.80,66.01,67.80,-6.11,-6.11,M3->FP x M2,76.23,140.56,171.6,42.0,133.4,204.3,178.4
140,0.60,18.0,58.13,53.96,139.46,7.61,67.24,73.61,67.24,73.61,-1.29,-1.29,M3->FP x M2,76.23,140.56,171.6,42.0,133.4,204.3,192.2
140,0.60,20.0,71.13,68.87,158.48,16.28,68.83,81.53,68.83,81.53,3.51,3.51,M3->FP x M2,76.23,140.56,171.6,42.0,133.4,204.3,206.3
140,0.60,22.0,84.05,83.70,177.30,24.66,70.78,91.21,70.78,91.21,8.39,8.39,M3->FP x M2,76.23,140.56,171.6,42.0,133.4,204.3,220.7
140,0.60,24.0,96.86,98.43,195.90,32.74,73.09,102.33,73.09,102.33,13.40,13.40,M3->FP x M2,76.23,140.56,171.6,42.0,133.4,204.3,235.6
140,0.60,26.0,109.55,113.03,214.27,40.48,75.78,114.68,75.78,114.68,18.57,18.57,M3->FP x M2,76.23,140.56,171.6,42.0,133.4,204.3,251.0
140,0.60,28.0,122.11,127.50,232.37,47.87,78.84,127.95,78.84,128.11,23.93,23.93,M3->FP x M2,76.23,140.56,171.6,42.0,133.4,204.3,266.9
140,0.60,30.0,134.52,142.03,250.20,54.91,82.29,140.75,82.29,142.57,29.48,29.48,M3->FP x M2,76.23,140.56,171.6,42.0,133.4,204.3,283.4
140,0.70,8.0,-16.30,-37.05,39.98,-50.28,80.56,50.91,80.56,50.91,-28.07,-50.28,M1->M2 x M3,89.09,169.65,157.1,49.0,149.6,220.6,129.0
140,0.70,10.0,-4.14,-23.53,59.02,-41.18,80.56,50.91,80.56,50.91,-28.12,-41.18,M1->M2 x M3,89.09,169.65,157.1,49.0,149.6,220.6,140.7
140,0.70,12.0,7.99,-9.84,77.98,-31.97,80.58,50.91,80.58,50.91,-23.99,-31.97,M1->M2 x M3,89.09,169.65,157.1,49.0,149.6,220.6,152.6
140,0.70,14.0,20.05,3.93,96.85,-22.62,80.82,50.91,80.82,50.91,-19.34,-22.62,M1->M2 x M3,89.09,169.65,157.1,49.0,149.6,220.6,164.6
140,0.70,16.0,32.09,17.49,115.61,-13.11,81.34,51.21,81.34,51.21,-14.61,-14.61,M3->FP x M2,89.09,169.65,157.1,49.0,149.6,220.6,176.9
140,0.70,18.0,44.08,31.02,134.22,-3.41,82.15,54.01,82.15,54.01,-9.78,-9.78,M3->FP x M2,89.09,169.65,157.1,49.0,149.6,220.6,189.4
140,0.70,20.0,56.03,44.52,152.67,5.96,83.25,59.49,83.25,59.49,-4.85,-4.85,M3->FP x M2,89.09,169.65,157.1,49.0,149.6,220.6,202.2
140,0.70,22.0,67.90,57.97,170.93,14.94,84.66,67.20,84.66,67.20,0.21,0.21,M3->FP x M2,89.09,169.65,157.1,49.0,149.6,220.6,215.3
140,0.70,24.0,79.70,71.34,188.99,23.73,86.39,76.66,86.39,76.66,5.23,5.23,M3->FP x M2,89.09,169.65,157.1,49.0,149.6,220.6,228.9
140,0.70,26.0,91.39,84.63,206.81,32.29,88.46,87.52,88.46,87.52,10.40,10.40,M3->FP x M2,89.09,169.65,157.1,49.0,149.6,220.6,242.8
140,0.70,28.0,102.98,97.81,224.38,40.62,90.88,99.55,90.88,99.55,15.76,15.76,M3->FP x M2,89.09,169.65,157.1,49.0,149.6,220.6,257.2
140,0.70,30.0,114.43,110.98,241.68,48.68,93.67,112.48,93.67,112.60,21.32,21.32,M3->FP x M2,89.09,169.65,157.1,49.0,149.6,220.6,272.2
140,0.80,8.0,-23.77,-51.47,38.75,-61.37,96.54,38.01,96.54,38.01,-32.16,-61.37,M1->M2 x M3,101.99,198.53,146.2,56.0,165.8,236.5,133.5
140,0.80,10.0,-12.51,-39.30,57.47,-52.25,96.54,38.01,96.54,38.01,-32.09,-52.25,M1->M2 x M3,101.99,198.53,146.2,56.0,165.8,236.5,144.3
140,0.80,12.0,-1.11,-26.98,76.13,-43.02,96.54,38.01,96.54,38.01,-32.08,-43.02,M1->M2 x M3,101.99,198.53,146.2,56.0,165.8,236.5,155.3
140,0.80,14.0,10.16,-14.47,94.70,-33.66,96.59,38.01,96.59,38.01,-27.77,-33.66,M1->M2 x M3,101.99,198.53,146.2,56.0,165.8,236.5,166.4
140,0.80,16.0,21.39,-1.75,113.14,-24.13,96.86,38.01,96.86,38.01,-23.04,-24.13,M1->M2 x M3,101.99,198.53,146.2,56.0,165.8,236.5,177.7
140,0.80,18.0,32.59,10.69,131.46,-14.41,97.36,38.06,97.36,38.06,-18.21,-18.21,M3->FP x M2,101.99,198.53,146.2,56.0,165.8,236.5,189.3
140,0.80,20.0,43.75,23.05,149.61,-4.47,98.11,40.44,98.11,40.44,-13.27,-13.27,M3->FP x M2,101.99,198.53,146.2,56.0,165.8,236.5,201.1
140,0.80,22.0,54.86,35.38,167.58,5.21,99.14,45.99,99.14,45.99,-8.20,-8.20,M3->FP x M2,101.99,198.53,146.2,56.0,165.8,236.5,213.3
140,0.80,24.0,65.91,47.66,185.34,14.48,100.44,53.98,100.44,53.98,-2.99,-2.99,M3->FP x M2,101.99,198.53,146.2,56.0,165.8,236.5,225.8
140,0.80,26.0,76.87,59.89,202.88,23.61,102.04,63.73,102.04,63.73,2.29,2.29,M3->FP x M2,101.99,198.53,146.2,56.0,165.8,236.5,238.7
140,0.80,28.0,87.74,72.05,220.17,32.60,103.96,74.80,103.96,74.80,7.66,7.66,M3->FP x M2,101.99,198.53,146.2,56.0,165.8,236.5,252.0
140,0.80,30.0,98.50,84.23,237.20,41.42,106.22,86.94,106.22,86.94,13.22,13.22,M3->FP x M2,101.99,198.53,146.2,56.0,165.8,236.5,265.8
140,0.90,8.0,-30.48,-64.85,38.15,-71.53,111.60,25.07,111.60,25.07,-35.79,-71.53,M1->M2 x M3,114.93,226.53,137.7,63.0,181.4,251.6,138.5
140,0.90,10.0,-19.91,-53.83,56.72,-62.39,111.60,25.07,111.60,25.07,-35.90,-62.39,M1->M2 x M3,114.93,226.53,137.7,63.0,181.4,251.6,148.6
140,0.90,12.0,-9.21,-42.67,75.23,-53.15,111.60,25.07,111.60,25.07,-35.96,-53.15,M1->M2 x M3,114.93,226.53,137.7,63.0,181.4,251.6,158.9
140,0.90,14.0,1.60,-31.35,93.65,-43.77,111.60,25.07,111.60,25.07,-35.96,-43.77,M1->M2 x M3,114.93,226.53,137.7,63.0,181.4,251.6,169.3
140,0.90,16.0,12.21,-19.83,111.95,-34.23,111.69,25.07,111.69,25.07,-31.22,-34.23,M1->M2 x M3,114.93,226.53,137.7,63.0,181.4,251.6,179.9
140,0.90,18.0,22.80,-8.07,130.11,-24.49,111.97,25.07,111.97,25.07,-26.38,-26.38,M3->FP x M2,114.93,226.53,137.7,63.0,181.4,251.6,190.8
140,0.90,20.0,33.37,3.71,148.12,-14.54,112.48,25.07,112.48,25.07,-21.44,-21.44,M3->FP x M2,114.93,226.53,137.7,63.0,181.4,251.6,201.9
140,0.90,22.0,43.89,15.10,165.94,-4.33,113.21,27.15,113.21,27.15,-16.37,-16.37,M3->FP x M2,114.93,226.53,137.7,63.0,181.4,251.6,213.2
140,0.90,24.0,54.36,26.47,183.57,5.59,114.20,33.39,114.20,33.39,-11.15,-11.15,M3->FP x M2,114.93,226.53,137.7,63.0,181.4,251.6,224.9
140,0.90,26.0,64.77,37.81,200.97,15.12,115.45,42.29,115.45,42.29,-5.78,-5.78,M3->FP x M2,114.93,226.53,137.7,63.0,181.4,251.6,237.0
140,0.90,28.0,75.10,49.11,218.12,24.58,116.99,52.81,116.99,52.81,-0.21,-0.21,M3->FP x M2,114.93,226.53,137.7,63.0,181.4,251.6,249.5
140,0.90,30.0,85.33,60.61,235.01,33.96,118.83,64.45,118.83,64.45,5.36,5.36,M3->FP x M2,114.93,226.53,137.7,63.0,181.4,251.6,262.4
200,0.30,8.0,71.74,75.55,104.46,-0.71,26.92,169.99,26.92,169.99,-1.91,-1.91,M3->FP x M2,37.94,63.97,360.2,21.0,90.6,226.0,166.4
200,0.30,10.0,101.88,108.79,139.78,7.58,28.41,180.59,28.41,180.59,2.51,2.51,M3->FP x M2,37.94,63.97,360.2,21.0,90.6,226.0,194.8
200,0.30,12.0,131.90,141.90,174.94,15.15,30.52,194.97,30.52,194.97,6.91,6.91,M3->FP x M2,37.94,63.97,360.2,21.0,90.6,226.0,223.5
200,0.30,14.0,161.76,174.83,209.87,21.95,33.17,212.55,33.17,212.55,11.38,11.38,M3->FP x M2,37.94,63.97,360.2,21.0,90.6,226.0,252.7
200,0.30,16.0,191.42,207.56,244.56,27.97,36.28,232.82,36.22,232.82,15.93,15.93,M3->FP x M2,37.94,63.97,360.2,21.0,90.6,226.0,282.4
200,0.30,18.0,220.85,240.03,278.94,33.24,39.77,255.24,39.01,255.40,20.57,20.57,M3->FP x M2,37.94,63.97,360.2,21.0,90.6,226.0,312.8
200,0.30,20.0,250.01,272.21,312.99,37.85,43.61,275.75,41.45,279.98,25.31,25.31,M3->FP x M2,37.94,63.97,360.2,21.0,90.6,226.0,343.8
200,0.30,22.0,278.86,304.05,346.65,41.86,47.74,294.79,43.58,306.39,30.18,30.18,M3->FP x M2,37.94,63.97,360.2,21.0,90.6,226.0,375.6
200,0.30,24.0,307.38,335.53,379.89,45.36,52.16,315.48,45.45,334.50,35.18,35.18,M3->FP x M2,37.94,63.97,360.2,21.0,90.6,226.0,408.4
200,0.30,26.0,335.52,366.60,412.67,48.58,56.85,337.81,47.09,364.29,40.35,40.35,M3->FP x M2,37.94,63.97,360.2,21.0,90.6,226.0,442.2
200,0.30,28.0,363.25,398.10,444.95,52.23,61.82,361.79,48.55,395.75,45.69,45.69,M3->FP x M2,37.94,63.97,360.2,21.0,90.6,226.0,477.2
200,0.30,30.0,390.54,431.32,476.86,56.34,67.06,387.44,49.85,428.93,51.23,49.85,M2->M3 x FP,37.94,63.97,360.2,21.0,90.6,226.0,513.5
200,0.40,8.0,44.98,43.00,83.44,-12.97,38.94,150.84,38.94,150.84,-9.46,-12.97,M1->M2 x M3,50.67,89.46,287.6,28.0,104.8,238.8,149.6
200,0.40,10.0,69.40,70.11,113.46,-3.91,39.58,155.60,39.58,155.60,-4.95,-4.95,M3->FP x M2,50.67,89.46,287.6,28.0,104.8,238.8,172.0
200,0.40,12.0,93.73,97.13,143.33,4.85,40.74,163.42,40.74,163.42,-0.38,-0.38,M3->FP x M2,50.67,89.46,287.6,28.0,104.8,238.8,194.8
200,0.40,14.0,117.95,124.03,173.03,12.97,42.38,174.05,42.38,174.05,4.11,4.11,M3->FP x M2,50.67,89.46,287.6,28.0,104.8,238.8,217.8
200,0.40,16.0,142.03,150.78,202.52,20.56,44.48,187.16,44.48,187.16,8.66,8.66,M3->FP x M2,50.67,89.46,287.6,28.0,104.8,238.8,241.3
200,0.40,18.0,165.93,177.35,231.77,27.59,47.02,202.46,47.02,202.46,13.30,13.30,M3->FP x M2,50.67,89.46,287.6,28.0,104.8,238.8,265.3
200,0.40,20.0,189.63,203.70,260.73,34.06,49.96,219.69,49.96,219.69,18.05,18.05,M3->FP x M2,50.67,89.46,287.6,28.0,104.8,238.8,289.8
200,0.40,22.0,213.10,229.80,289.37,39.96,53.28,238.67,53.14,238.67,22.92,22.92,M3->FP x M2,50.67,89.46,287.6,28.0,104.8,238.8,315.0
200,0.40,24.0,236.30,255.62,317.66,45.32,56.96,257.59,56.05,259.27,27.92,27.92,M3->FP x M2,50.67,89.46,287.6,28.0,104.8,238.8,340.8
200,0.40,26.0,259.22,281.13,345.57,50.19,60.98,274.34,58.69,281.41,33.09,33.09,M3->FP x M2,50.67,89.46,287.6,28.0,104.8,238.8,367.5
200,0.40,28.0,281.83,306.30,373.05,54.60,65.34,289.95,61.09,305.06,38.44,38.44,M3->FP x M2,50.67,89.46,287.6,28.0,104.8,238.8,395.2
200,0.40,30.0,304.09,331.58,400.08,58.59,70.03,306.82,63.27,330.22,43.98,43.98,M3->FP x M2,50.67,89.46,287.6,28.0,104.8,238.8,423.8
200,0.50,8.0,27.34,19.15,71.70,-25.20,52.81,136.57,52.81,136.57,-17.37,-25.20,M1->M2 x M3,63.43,116.24,244.1,35.0,119.8,252.8,142.7
200,0.50,10.0,48.33,42.42,98.75,-16.13,52.99,137.87,52.99,137.87,-12.85,-16.13,M1->M2 x M3,63.43,116.24,244.1,35.0,119.8,252.8,161.6
200,0.50,12.0,69.26,65.64,125.67,-6.94,53.56,141.76,53.56,141.76,-8.27,-8.27,M3->FP x M2,63.43,116.24,244.1,35.0,119.8,252.8,180.7
200,0.50,14.0,90.11,88.78,152.45,2.20,54.52,148.12,54.52,148.12,-3.63,-3.63,M3->FP x M2,63.43,116.24,244.1,35.0,119.8,252.8,200.1
200,0.50,16.0,110.84,111.81,179.04,10.69,55.88,156.80,55.88,156.80,1.05,1.05,M3->FP x M2,63.43,116.24,244.1,35.0,119.8,252.8,219.9
200,0.50,18.0,131.44,134.70,205.41,18.81,57.63,167.58,57.63,167.58,5.70,5.70,M3->FP x M2,63.43,116.24,244.1,35.0,119.8,252.8,240.0
200,0.50,20.0,151.89,157.43,231.53,26.53,59.77,180.26,59.77,180.26,10.45,10.45,M3->FP x M2,63.43,116.24,244.1,35.0,119.8,252.8,260.6
200,0.50,22.0,172.14,179.96,257.37,33.82,62.29,194.67,62.29,194.67,15.32,15.32,M3->FP x M2,63.43,116.24,244.1,35.0,119.8,252.8,281.8
200,0.50,24.0,192.19,202.28,282.90,40.67,65.18,210.65,65.18,210.65,20.33,20.33,M3->FP x M2,63.43,116.24,244.1,35.0,119.8,252.8,303.5
200,0.50,26.0,212.00,224.35,308.08,47.07,68.45,228.12,68.45,228.12,25.50,25.50,M3->FP x M2,63.43,116.24,244.1,35.0,119.8,252.8,326.0
200,0.50,28.0,231.55,246.15,332.88,53.05,72.09,245.70,71.77,247.02,30.85,30.85,M3->FP x M2,63.43,116.24,244.1,35.0,119.8,252.8,349.2
200,0.50,30.0,250.83,267.65,357.28,58.62,76.11,261.75,74.85,267.33,36.40,36.40,M3->FP x M2,63.43,116.24,244.1,35.0,119.8,252.8,373.3
200,0.60,8.0,14.25,-0.41,64.61,-37.25,67.61,123.75,67.61,123.75,-24.09,-37.25,M1->M2 x M3,76.25,143.85,215.1,42.0,135.2,267.6,140.9
200,0.60,10.0,32.96,20.17,89.87,-28.16,67.61,123.75,67.61,123.75,-20.96,-28.16,M1->M2 x M3,76.25,143.85,215.1,42.0,135.2,267.6,157.4
200,0.60,12.0,51.63,40.73,115.02,-18.96,67.83,124.84,67.83,124.84,-16.39,-18.96,M1->M2 x M3,76.25,143.85,215.1,42.0,135.2,267.6,174.1
200,0.60,14.0,70.24,61.24,140.03,-9.63,68.35,128.16,68.35,128.16,-11.74,-11.74,M3->FP x M2,76.25,143.85,215.1,42.0,135.2,267.6,191.0
200,0.60,16.0,88.76,81.67,164.87,-0.13,69.20,133.66,69.20,133.66,-7.01,-7.01,M3->FP x M2,76.25,143.85,215.1,42.0,135.2,267.6,208.3
200,0.60,18.0,107.18,102.01,189.51,8.66,70.38,141.23,70.38,141.23,-2.19,-2.19,M3->FP x M2,76.25,143.85,215.1,42.0,135.2,267.6,225.9
200,0.60,20.0,125.46,122.21,213.92,17.18,71.91,150.70,71.91,150.70,2.64,2.64,M3->FP x M2,76.25,143.85,215.1,42.0,135.2,267.6,243.9
200,0.60,22.0,143.59,142.28,238.07,25.42,73.77,161.91,73.77,161.91,7.52,7.52,M3->FP x M2,76.25,143.85,215.1,42.0,135.2,267.6,262.4
200,0.60,24.0,161.55,162.16,261.92,33.34,75.99,174.72,75.99,174.72,12.53,12.53,M3->FP x M2,76.25,143.85,215.1,42.0,135.2,267.6,281.4
200,0.60,26.0,179.31,181.85,285.46,40.92,78.58,189.01,78.58,189.01,17.71,17.71,M3->FP x M2,76.25,143.85,215.1,42.0,135.2,267.6,301.0
200,0.60,28.0,196.85,201.32,308.65,48.16,81.53,204.70,81.53,204.70,23.06,23.06,M3->FP x M2,76.25,143.85,215.1,42.0,135.2,267.6,321.3
200,0.60,30.0,214.15,220.54,331.46,55.05,84.87,221.69,84.87,221.75,28.62,28.62,M3->FP x M2,76.25,143.85,215.1,42.0,135.2,267.6,342.4
200,0.70,8.0,3.76,-17.65,60.17,-48.96,82.71,110.90,82.71,110.90,-27.95,-48.96,M1->M2 x M3,89.10,171.81,194.4,49.0,150.9,282.7,141.9
200,0.70,10.0,20.85,1.06,84.31,-39.86,82.71,110.90,82.71,110.90,-28.02,-39.86,M1->M2 x M3,89.10,171.81,194.4,49.0,150.9,282.7,156.7
200,0.70,12.0,37.91,19.61,108.35,-30.65,82.73,110.90,82.73,110.90,-24.58,-30.65,M1->M2 x M3,89.10,171.81,194.4,49.0,150.9,282.7,171.6
200,0.70,14.0,54.93,38.14,132.25,-21.30,82.97,111.76,82.97,111.76,-19.93,-21.30,M1->M2 x M3,89.10,171.81,194.4,49.0,150.9,282.7,186.8
200,0.70,16.0,71.89,56.62,155.99,-11.79,83.47,114.70,83.47,114.70,-15.20,-15.20,M3->FP x M2,89.10,171.81,194.4,49.0,150.9,282.7,202.3
200,0.70,18.0,88.75,75.03,179.54,-2.08,84.26,119.69,84.26,119.69,-10.38,-10.38,M3->FP x M2,89.10,171.81,194.4,49.0,150.9,282.7,218.1
200,0.70,20.0,105.51,93.35,202.88,7.11,85.33,126.63,85.33,126.63,-5.44,-5.44,M3->FP x M2,89.10,171.81,194.4,49.0,150.9,282.7,234.3
200,0.70,22.0,122.14,111.56,225.96,15.98,86.71,135.37,86.71,135.37,-0.38,-0.38,M3->FP x M2,89.10,171.81,194.4,49.0,150.9,282.7,250.8
200,0.70,24.0,138.62,129.63,248.77,24.65,88.40,145.77,88.40,145.77,4.66,4.66,M3->FP x M2,89.10,171.81,194.4,49.0,150.9,282.7,267.9
200,0.70,26.0,154.93,147.54,271.28,33.09,90.42,157.70,90.42,157.70,9.83,9.83,M3->FP x M2,89.10,171.81,194.4,49.0,150.9,282.7,285.5
200,0.70,28.0,171.05,165.27,293.46,41.28,92.80,171.06,92.80,171.06,15.19,15.19,M3->FP x M2,89.10,171.81,194.4,49.0,150.9,282.7,303.7
200,0.70,30.0,186.96,182.80,315.28,49.21,95.53,185.77,95.53,185.77,20.75,20.75,M3->FP x M2,89.10,171.81,194.4,49.0,150.9,282.7,322.6
200,0.80,8.0,-5.16,-33.21,57.33,-60.19,97.64,98.01,97.64,98.01,-32.04,-60.19,M1->M2 x M3,101.99,199.63,178.8,56.0,166.4,297.6,144.5
200,0.80,10.0,10.77,-16.21,80.75,-51.07,97.64,98.01,97.64,98.01,-31.89,-51.07,M1->M2 x M3,101.99,199.63,178.8,56.0,166.4,297.6,158.0
200,0.80,12.0,26.64,0.98,104.08,-41.84,97.64,98.01,97.64,98.01,-32.04,-41.84,M1->M2 x M3,101.99,199.63,178.8,56.0,166.4,297.6,171.7
200,0.80,14.0,42.48,17.93,127.27,-32.47,97.69,98.01,97.69,98.01,-28.08,-32.47,M1->M2 x M3,101.99,199.63,178.8,56.0,166.4,297.6,185.6
200,0.80,16.0,58.26,34.85,150.31,-22.95,97.95,98.67,97.95,98.67,-23.34,-23.34,M3->FP x M2,101.99,199.63,178.8,56.0,166.4,297.6,199.8
200,0.80,18.0,73.97,51.74,173.17,-13.23,98.44,101.36,98.44,101.36,-18.51,-18.51,M3->FP x M2,101.99,199.63,178.8,56.0,166.4,297.6,214.2
200,0.80,20.0,89.59,68.56,195.82,-3.29,99.19,106.07,99.19,106.07,-13.57,-13.57,M3->FP x M2,101.99,199.63,178.8,56.0,166.4,297.6,229.0
200,0.80,22.0,105.11,85.29,218.23,6.26,100.20,112.71,100.20,112.71,-8.50,-8.50,M3->FP x M2,101.99,199.63,178.8,56.0,166.4,297.6,244.1
200,0.80,24.0,120.49,101.93,240.37,15.44,101.49,121.13,101.49,121.13,-3.29,-3.29,M3->FP x M2,101.99,199.63,178.8,56.0,166.4,297.6,259.7
200,0.80,26.0,135.73,118.44,262.22,24.49,103.08,131.18,103.08,131.18,2.00,2.00,M3->FP x M2,101.99,199.63,178.8,56.0,166.4,297.6,275.8
200,0.80,28.0,150.80,134.80,283.75,33.39,104.98,142.72,104.98,142.72,7.37,7.37,M3->FP x M2,101.99,199.63,178.8,56.0,166.4,297.6,292.4
200,0.80,30.0,165.69,151.00,304.93,42.12,107.22,155.65,107.22,155.65,12.93,12.93,M3->FP x M2,101.99,199.63,178.8,56.0,166.4,297.6,309.7
200,0.90,8.0,-13.01,-47.49,55.49,-70.76,111.91,85.07,111.91,85.07,-35.84,-70.76,M1->M2 x M3,114.93,226.84,166.7,63.0,181.6,311.9,148.1
200,0.90,10.0,2.05,-31.94,78.44,-61.63,111.91,85.07,111.91,85.07,-35.96,-61.63,M1->M2 x M3,114.93,226.84,166.7,63.0,181.6,311.9,160.7
200,0.90,12.0,17.00,-16.19,101.30,-52.39,111.91,85.07,111.91,85.07,-36.04,-52.39,M1->M2 x M3,114.93,226.84,166.7,63.0,181.6,311.9,173.3
200,0.90,14.0,31.92,-0.22,124.04,-43.01,111.91,85.07,111.91,85.07,-36.04,-43.01,M1->M2 x M3,114.93,226.84,166.7,63.0,181.6,311.9,186.2
200,0.90,16.0,46.80,15.43,146.63,-33.46,111.99,85.07,111.99,85.07,-31.30,-33.46,M1->M2 x M3,114.93,226.84,166.7,63.0,181.6,311.9,199.3
200,0.90,18.0,61.63,31.05,169.03,-23.73,112.28,85.59,112.28,85.59,-26.47,-26.47,M3->FP x M2,114.93,226.84,166.7,63.0,181.6,311.9,212.7
200,0.90,20.0,76.38,46.63,191.23,-13.77,112.78,88.14,112.78,88.14,-21.52,-21.52,M3->FP x M2,114.93,226.84,166.7,63.0,181.6,311.9,226.4
200,0.90,22.0,91.03,62.15,213.20,-3.56,113.52,92.79,113.52,92.79,-16.45,-16.45,M3->FP x M2,114.93,226.84,166.7,63.0,181.6,311.9,240.5
200,0.90,24.0,105.58,77.60,234.91,6.27,114.50,99.41,114.50,99.41,-11.24,-11.24,M3->FP x M2,114.93,226.84,166.7,63.0,181.6,311.9,254.9
200,0.90,26.0,120.00,92.95,256.33,15.75,115.75,107.84,115.75,107.84,-5.86,-5.86,M3->FP x M2,114.93,226.84,166.7,63.0,181.6,311.9,269.8
200,0.90,28.0,134.27,108.19,277.44,25.17,117.28,117.90,117.28,117.90,-0.30,-0.30,M3->FP x M2,114.93,226.84,166.7,63.0,181.6,311.9,285.2
200,0.90,30.0,148.38,123.30,298.21,34.49,119.12,129.43,119.12,129.43,5.28,5.28,M3->FP x M2,114.93,226.84,166.7,63.0,181.6,311.9,301.3
250,0.30,8.0,101.33,104.40,134.37,-0.52,29.18,224.48,29.18,224.48,-2.55,-2.55,M3->FP x M2,37.95,66.31,432.7,21.0,91.9,278.4,190.9
250,0.30,10.0,138.94,145.12,177.25,7.68,30.56,237.96,30.56,237.96,1.89,1.89,M3->FP x M2,37.95,66.31,432.7,21.0,91.9,278.4,225.3
250,0.30,12.0,176.39,185.66,219.91,15.15,32.54,255.61,32.54,255.61,6.29,6.29,M3->FP x M2,37.95,66.31,432.7,21.0,91.9,278.4,260.1
250,0.30,14.0,213.62,225.98,262.30,21.85,35.04,276.84,35.04,276.84,10.76,10.76,M3->FP x M2,37.95,66.31,432.7,21.0,91.9,278.4,295.4
250,0.30,16.0,250.59,266.02,304.37,27.78,37.99,301.15,37.98,301.15,15.31,15.31,M3->FP x M2,37.95,66.31,432.7,21.0,91.9,278.4,331.4
250,0.30,18.0,287.26,305.73,346.07,32.98,41.34,328.12,40.82,328.14,19.95,19.95,M3->FP x M2,37.95,66.31,432.7,21.0,91.9,278.4,368.1
250,0.30,20.0,323.58,345.08,387.35,37.52,45.04,353.62,43.29,357.51,24.69,24.69,M3->FP x M2,37.95,66.31,432.7,21.0,91.9,278.4,405.6
250,0.30,22.0,359.50,384.00,428.16,41.49,49.06,377.91,45.45,389.07,29.56,29.56,M3->FP x M2,37.95,66.31,432.7,21.0,91.9,278.4,444.1
250,0.30,24.0,394.98,422.46,468.44,44.95,53.37,404.24,47.35,422.70,34.57,34.57,M3->FP x M2,37.95,66.31,432.7,21.0,91.9,278.4,483.8
250,0.30,26.0,429.99,460.40,508.16,48.13,57.96,432.56,49.02,458.36,39.73,39.73,M3->FP x M2,37.95,66.31,432.7,21.0,91.9,278.4,524.7
250,0.30,28.0,464.47,498.32,547.25,51.73,62.84,462.87,50.50,496.07,45.07,45.07,M3->FP x M2,37.95,66.31,432.7,21.0,91.9,278.4,567.0
250,0.30,30.0,498.38,538.17,585.88,55.80,68.00,495.21,51.82,535.88,50.62,50.62,M3->FP x M2,37.95,66.31,432.7,21.0,91.9,278.4,610.9
250,0.40,8.0,68.89,66.18,107.66,-12.63,41.22,202.90,41.22,202.90,-10.10,-12.63,M1->M2 x M3,50.67,91.76,342.0,28.0,106.1,291.1,168.1
250,0.40,10.0,99.34,99.33,143.78,-3.57,41.83,209.59,41.83,209.59,-5.58,-5.58,M3->FP x M2,50.67,91.76,342.0,28.0,106.1,291.1,195.1
250,0.40,12.0,129.67,132.35,179.74,5.12,42.92,219.53,42.92,219.53,-1.01,-1.01,M3->FP x M2,50.67,91.76,342.0,28.0,106.1,291.1,222.3
250,0.40,14.0,159.84,165.21,215.47,13.15,44.49,232.45,44.49,232.45,3.50,3.50,M3->FP x M2,50.67,91.76,342.0,28.0,106.1,291.1,250.0
250,0.40,16.0,189.82,197.87,250.94,20.66,46.50,248.07,46.50,248.07,8.05,8.05,M3->FP x M2,50.67,91.76,342.0,28.0,106.1,291.1,278.2
250,0.40,18.0,219.57,230.29,286.11,27.60,48.93,266.12,48.93,266.12,12.69,12.69,M3->FP x M2,50.67,91.76,342.0,28.0,106.1,291.1,306.9
250,0.40,20.0,249.05,262.43,320.93,33.97,51.76,286.38,51.76,286.38,17.44,17.44,M3->FP x M2,50.67,91.76,342.0,28.0,106.1,291.1,336.3
250,0.40,22.0,278.23,294.25,355.35,39.79,54.97,308.66,54.90,308.66,22.31,22.31,M3->FP x M2,50.67,91.76,342.0,28.0,106.1,291.1,366.5
250,0.40,24.0,307.06,325.72,389.35,45.09,58.54,331.83,57.84,332.86,27.32,27.32,M3->FP x M2,50.67,91.76,342.0,28.0,106.1,291.1,397.5
250,0.40,26.0,335.53,356.78,422.87,49.90,62.46,352.52,60.51,358.89,32.49,32.49,M3->FP x M2,50.67,91.76,342.0,28.0,106.1,291.1,429.5
250,0.40,28.0,363.58,387.41,455.87,54.26,66.72,372.37,62.93,386.74,37.83,37.83,M3->FP x M2,50.67,91.76,342.0,28.0,106.1,291.1,462.7
250,0.40,30.0,391.19,417.68,488.32,58.22,71.33,393.91,65.13,416.43,43.38,43.38,M3->FP x M2,50.67,91.76,342.0,28.0,106.1,291.1,497.1
250,0.50,8.0,47.83,39.01,92.46,-24.72,54.80,187.03,54.80,187.03,-17.92,-24.72,M1->M2 x M3,63.44,118.24,287.6,35.0,120.9,304.8,157.6
250,0.50,10.0,73.99,67.46,124.75,-15.65,54.97,189.95,54.97,189.95,-13.40,-15.65,M1->M2 x M3,63.44,118.24,287.6,35.0,120.9,304.8,180.1
250,0.50,12.0,100.06,95.82,156.89,-6.47,55.52,195.50,55.52,195.50,-8.82,-8.82,M3->FP x M2,63.44,118.24,287.6,35.0,120.9,304.8,202.8
250,0.50,14.0,126.01,124.07,188.83,2.63,56.45,203.57,56.45,203.57,-4.18,-4.18,M3->FP x M2,63.44,118.24,287.6,35.0,120.9,304.8,225.9
250,0.50,16.0,151.81,152.16,220.55,11.04,57.77,214.02,57.77,214.02,0.52,0.52,M3->FP x M2,63.44,118.24,287.6,35.0,120.9,304.8,249.4
250,0.50,18.0,177.42,180.07,252.00,19.09,59.46,226.69,59.46,226.69,5.17,5.17,M3->FP x M2,63.44,118.24,287.6,35.0,120.9,304.8,273.3
250,0.50,20.0,202.82,207.76,283.14,26.72,61.53,241.41,61.53,241.41,9.92,9.92,M3->FP x M2,63.44,118.24,287.6,35.0,120.9,304.8,297.9
250,0.50,22.0,227.97,235.20,313.94,33.93,63.98,258.04,63.98,258.04,14.79,14.79,M3->FP x M2,63.44,118.24,287.6,35.0,120.9,304.8,323.0
250,0.50,24.0,252.84,262.35,344.35,40.69,66.80,276.48,66.80,276.48,19.81,19.81,M3->FP x M2,63.44,118.24,287.6,35.0,120.9,304.8,348.9
250,0.50,26.0,277.40,289.18,374.35,47.03,69.99,296.64,69.99,296.64,24.98,24.98,M3->FP x M2,63.44,118.24,287.6,35.0,120.9,304.8,375.6
250,0.50,28.0,301.63,315.66,403.88,52.94,73.56,317.95,73.33,318.48,30.33,30.33,M3->FP x M2,63.44,118.24,287.6,35.0,120.9,304.8,403.3
250,0.50,30.0,325.49,341.76,432.93,58.44,77.50,337.69,76.43,342.01,35.88,35.88,M3->FP x M2,63.44,118.24,287.6,35.0,120.9,304.8,432.0
250,0.60,8.0,32.46,17.32,83.03,-36.67,69.14,173.75,69.14,173.75,-24.02,-36.67,M1->M2 x M3,76.25,145.39,251.4,42.0,136.1,319.1,153.3
250,0.60,10.0,55.77,42.50,112.94,-27.58,69.14,174.29,69.14,174.29,-21.39,-27.58,M1->M2 x M3,76.25,145.39,251.4,42.0,136.1,319.1,172.7
250,0.60,12.0,79.01,67.63,142.72,-18.38,69.35,176.94,69.35,176.94,-16.81,-18.38,M1->M2 x M3,76.25,145.39,251.4,42.0,136.1,319.1,192.5
250,0.60,14.0,102.16,92.68,172.32,-9.05,69.87,181.78,69.87,181.78,-12.16,-12.16,M3->FP x M2,76.25,145.39,251.4,42.0,136.1,319.1,212.5
250,0.60,16.0,125.18,117.62,201.71,0.42,70.70,188.75,70.70,188.75,-7.43,-7.43,M3->FP x M2,76.25,145.39,251.4,42.0,136.1,319.1,232.8
250,0.60,18.0,148.05,142.41,230.85,9.14,71.86,197.77,71.86,197.77,-2.61,-2.61,M3->FP x M2,76.25,145.39,251.4,42.0,136.1,319.1,253.6
250,0.60,20.0,170.74,167.03,259.71,17.60,73.35,208.73,73.35,208.73,2.24,2.24,M3->FP x M2,76.25,145.39,251.4,42.0,136.1,319.1,274.9
250,0.60,22.0,193.22,191.45,288.26,25.76,75.18,221.51,75.18,221.51,7.11,7.11,M3->FP x M2,76.25,145.39,251.4,42.0,136.1,319.1,296.7
250,0.60,24.0,215.46,215.63,316.45,33.61,77.36,236.03,77.36,236.03,12.13,12.13,M3->FP x M2,76.25,145.39,251.4,42.0,136.1,319.1,319.2
250,0.60,26.0,237.45,239.55,344.26,41.12,79.90,252.21,79.90,252.21,17.30,17.30,M3->FP x M2,76.25,145.39,251.4,42.0,136.1,319.1,342.4
250,0.60,28.0,259.14,263.18,371.65,48.28,82.81,269.99,82.81,269.99,22.66,22.66,M3->FP x M2,76.25,145.39,251.4,42.0,136.1,319.1,366.3
250,0.60,30.0,280.52,286.48,398.59,55.10,86.10,289.37,86.10,289.37,28.21,28.21,M3->FP x M2,76.25,145.39,251.4,42.0,136.1,319.1,391.2
250,0.70,8.0,20.34,-1.23,76.89,-48.35,83.72,160.89,83.72,160.89,-28.16,-48.35,M1->M2 x M3,89.11,172.82,225.4,49.0,151.4,333.7,152.4
250,0.70,10.0,41.62,21.52,105.26,-39.25,83.72,160.89,83.72,160.89,-28.07,-39.25,M1->M2 x M3,89.11,172.82,225.4,49.0,151.4,333.7,169.7
250,0.70,12.0,62.85,44.23,133.49,-30.03,83.74,161.45,83.74,161.45,-24.86,-30.03,M1->M2 x M3,89.11,172.82,225.4,49.0,151.4,333.7,187.3
250,0.70,14.0,84.00,66.90,161.56,-20.68,83.97,163.89,83.97,163.89,-20.21,-20.68,M1->M2 x M3,89.11,172.82,225.4,49.0,151.4,333.7,205.1
250,0.70,16.0,105.05,89.48,189.43,-11.17,84.47,168.27,84.47,168.27,-15.48,-15.48,M3->FP x M2,89.11,172.82,225.4,49.0,151.4,333.7,223.3
250,0.70,18.0,125.97,111.95,217.07,-1.47,85.24,174.58,85.24,174.58,-10.65,-10.65,M3->FP x M2,89.11,172.82,225.4,49.0,151.4,333.7,241.8
250,0.70,20.0,146.74,134.28,244.45,7.64,86.31,182.73,86.31,182.73,-5.72,-5.72,M3->FP x M2,89.11,172.82,225.4,49.0,151.4,333.7,260.8
250,0.70,22.0,167.33,156.45,271.53,16.46,87.67,192.67,87.67,192.67,-0.65,-0.65,M3->FP x M2,89.11,172.82,225.4,49.0,151.4,333.7,280.2
250,0.70,24.0,187.71,178.43,298.28,25.07,89.34,204.31,89.34,204.31,4.39,4.39,M3->FP x M2,89.11,172.82,225.4,49.0,151.4,333.7,300.2
250,0.70,26.0,207.87,200.19,324.67,33.45,91.34,217.57,91.34,217.57,9.57,9.57,M3->FP x M2,89.11,172.82,225.4,49.0,151.4,333.7,320.9
250,0.70,28.0,227.77,221.71,350.66,41.58,93.69,232.40,93.69,232.40,14.93,14.93,M3->FP x M2,89.11,172.82,225.4,49.0,151.4,333.7,342.2
250,0.70,30.0,247.40,242.96,376.22,49.45,96.40,248.78,96.40,248.78,20.49,20.49,M3->FP x M2,89.11,172.82,225.4,49.0,151.4,333.7,364.4
250,0.80,8.0,10.26,-17.87,72.77,-59.64,98.15,148.00,98.15,148.00,-32.11,-59.64,M1->M2 x M3,102.00,200.15,206.0,56.0,166.7,348.1,153.6
250,0.80,10.0,30.02,3.11,100.09,-50.52,98.15,148.00,98.15,148.00,-32.01,-50.52,M1->M2 x M3,102.00,200.15,206.0,56.0,166.7,348.1,169.4
250,0.80,12.0,49.74,23.92,127.28,-41.29,98.15,148.00,98.15,148.00,-32.18,-41.29,M1->M2 x M3,102.00,200.15,206.0,56.0,166.7,348.1,185.3
250,0.80,14.0,69.41,44.70,154.33,-31.92,98.20,148.54,98.20,148.54,-28.22,-31.92,M1->M2 x M3,102.00,200.15,206.0,56.0,166.7,348.1,201.5
250,0.80,16.0,88.98,65.42,181.18,-22.40,98.46,150.83,98.46,150.83,-23.48,-23.48,M3->FP x M2,102.00,200.15,206.0,56.0,166.7,348.1,218.0
250,0.80,18.0,108.46,86.06,207.81,-12.68,98.95,154.94,98.95,154.94,-18.65,-18.65,M3->FP x M2,102.00,200.15,206.0,56.0,166.7,348.1,234.8
250,0.80,20.0,127.79,106.60,234.19,-2.74,99.69,160.85,99.69,160.85,-13.71,-13.71,M3->FP x M2,102.00,200.15,206.0,56.0,166.7,348.1,252.0
250,0.80,22.0,146.98,127.01,260.29,6.74,100.70,168.52,100.70,168.52,-8.65,-8.65,M3->FP x M2,102.00,200.15,206.0,56.0,166.7,348.1,269.7
250,0.80,24.0,165.98,147.27,286.07,15.89,101.98,177.88,101.98,177.88,-3.43,-3.43,M3->FP x M2,102.00,200.15,206.0,56.0,166.7,348.1,287.9
250,0.80,26.0,184.78,167.34,311.49,24.90,103.56,188.87,103.56,188.87,1.87,1.87,M3->FP x M2,102.00,200.15,206.0,56.0,166.7,348.1,306.6
250,0.80,28.0,203.36,187.21,336.54,33.75,105.46,201.43,105.46,201.43,7.23,7.23,M3->FP x M2,102.00,200.15,206.0,56.0,166.7,348.1,326.0
250,0.80,30.0,221.69,206.86,361.18,42.44,107.69,215.51,107.69,215.51,12.79,12.79,M3->FP x M2,102.00,200.15,206.0,56.0,166.7,348.1,346.2
250,0.90,8.0,1.53,-32.98,69.93,-70.41,112.06,135.07,112.06,135.07,-35.86,-70.41,M1->M2 x M3,114.93,226.98,190.9,63.0,181.7,362.1,156.1
250,0.90,10.0,20.11,-13.65,96.53,-61.27,112.06,135.07,112.06,135.07,-35.99,-61.27,M1->M2 x M3,114.93,226.98,190.9,63.0,181.7,362.1,170.6
250,0.90,12.0,38.67,5.78,123.01,-52.03,112.06,135.07,112.06,135.07,-36.07,-52.03,M1->M2 x M3,114.93,226.98,190.9,63.0,181.7,362.1,185.3
250,0.90,14.0,57.19,25.01,149.34,-42.65,112.06,135.07,112.06,135.07,-36.08,-42.65,M1->M2 x M3,114.93,226.98,190.9,63.0,181.7,362.1,200.3
250,0.90,16.0,75.63,44.21,175.50,-33.11,112.14,135.59,112.14,135.59,-31.34,-33.11,M1->M2 x M3,114.93,226.98,190.9,63.0,181.7,362.1,215.5
250,0.90,18.0,93.98,63.36,201.43,-23.37,112.42,137.80,112.42,137.80,-26.51,-26.51,M3->FP x M2,114.93,226.98,190.9,63.0,181.7,362.1,231.0
250,0.90,20.0,112.22,82.43,227.13,-13.42,112.93,141.77,112.93,141.77,-21.56,-21.56,M3->FP x M2,114.93,226.98,190.9,63.0,181.7,362.1,246.8
250,0.90,22.0,130.32,101.39,252.54,-3.21,113.66,147.51,113.66,147.51,-16.49,-16.49,M3->FP x M2,114.93,226.98,190.9,63.0,181.7,362.1,263.1
250,0.90,24.0,148.26,120.24,277.65,6.58,114.64,154.96,114.64,154.96,-11.28,-11.28,M3->FP x M2,114.93,226.98,190.9,63.0,181.7,362.1,279.9
250,0.90,26.0,166.02,138.94,302.42,16.05,115.89,164.08,115.89,164.08,-5.90,-5.90,M3->FP x M2,114.93,226.98,190.9,63.0,181.7,362.1,297.1
250,0.90,28.0,183.58,157.46,326.82,25.44,117.42,174.79,117.42,174.79,-0.34,-0.34,M3->FP x M2,114.93,226.98,190.9,63.0,181.7,362.1,315.0
250,0.90,30.0,200.92,175.80,350.82,34.74,119.25,187.04,119.25,187.04,5.24,5.24,M3->FP x M2,114.93,226.98,190.9,63.0,181.7,362.1,333.6
300,0.30,8.0,130.92,133.50,164.18,-0.40,30.70,279.15,30.70,279.15,-2.98,-2.98,M3->FP x M2,37.95,67.87,505.3,21.0,92.8,329.9,215.2
300,0.30,10.0,176.01,181.69,214.58,7.75,32.01,295.46,32.01,295.46,1.47,1.47,M3->FP x M2,37.95,67.87,505.3,21.0,92.8,329.9,255.5
300,0.30,12.0,220.88,229.67,264.72,15.15,33.90,316.37,33.90,316.37,5.88,5.88,M3->FP x M2,37.95,67.87,505.3,21.0,92.8,329.9,296.4
300,0.30,14.0,265.49,277.36,314.54,21.78,36.31,341.28,36.31,341.28,10.35,10.35,M3->FP x M2,37.95,67.87,505.3,21.0,92.8,329.9,337.9
300,0.30,16.0,309.77,324.72,363.97,27.65,39.17,369.66,39.17,369.66,14.89,14.89,M3->FP x M2,37.95,67.87,505.3,21.0,92.8,329.9,380.1
300,0.30,18.0,353.67,371.67,412.96,32.80,42.42,401.10,42.03,401.10,19.53,19.53,M3->FP x M2,37.95,67.87,505.3,21.0,92.8,329.9,423.1
300,0.30,20.0,397.15,418.18,461.45,37.30,46.04,431.58,44.52,435.29,24.28,24.28,M3->FP x M2,37.95,67.87,505.3,21.0,92.8,329.9,467.2
300,0.30,22.0,440.14,464.18,509.38,41.24,49.97,461.15,46.70,472.03,29.15,29.15,M3->FP x M2,37.95,67.87,505.3,21.0,92.8,329.9,512.4
300,0.30,24.0,482.59,509.61,556.68,44.68,54.21,493.10,48.62,511.19,34.15,34.15,M3->FP x M2,37.95,67.87,505.3,21.0,92.8,329.9,558.9
300,0.30,26.0,524.46,554.42,603.31,47.83,58.74,527.39,50.31,552.75,39.32,39.32,M3->FP x M2,37.95,67.87,505.3,21.0,92.8,329.9,606.9
300,0.30,28.0,565.68,598.89,649.20,51.40,63.56,564.01,51.81,596.71,44.66,44.66,M3->FP x M2,37.95,67.87,505.3,21.0,92.8,329.9,656.6
300,0.30,30.0,606.22,645.38,694.54,55.44,68.67,603.03,53.15,643.16,50.21,50.21,M3->FP x M2,37.95,67.87,505.3,21.0,92.8,329.9,708.2
300,0.40,8.0,92.79,89.60,131.77,-12.41,42.74,255.25,42.74,255.25,-10.52,-12.41,M1->M2 x M3,50.68,93.29,396.4,28.0,107.0,342.6,186.5
300,0.40,10.0,129.28,128.78,173.98,-3.35,43.33,263.75,43.33,263.75,-6.00,-6.00,M3->FP x M2,50.68,93.29,396.4,28.0,107.0,342.6,217.9
300,0.40,12.0,165.61,167.81,215.99,5.30,44.39,275.74,44.39,275.74,-1.43,-1.43,M3->FP x M2,50.68,93.29,396.4,28.0,107.0,342.6,249.7
300,0.40,14.0,201.74,206.63,257.73,13.27,45.90,290.96,45.90,290.96,3.09,3.09,M3->FP x M2,50.68,93.29,396.4,28.0,107.0,342.6,281.9
300,0.40,16.0,237.62,245.20,299.16,20.72,47.85,309.12,47.85,309.12,7.64,7.64,M3->FP x M2,50.68,93.29,396.4,28.0,107.0,342.6,314.8
300,0.40,18.0,273.21,283.47,340.22,27.60,50.22,329.98,50.22,329.98,12.29,12.29,M3->FP x M2,50.68,93.29,396.4,28.0,107.0,342.6,348.3
300,0.40,20.0,308.47,321.40,380.87,33.92,52.98,353.31,52.98,353.31,17.03,17.03,M3->FP x M2,50.68,93.29,396.4,28.0,107.0,342.6,382.6
300,0.40,22.0,343.36,358.93,421.05,39.68,56.12,378.95,56.09,378.95,21.90,21.90,M3->FP x M2,50.68,93.29,396.4,28.0,107.0,342.6,417.8
300,0.40,24.0,377.82,396.03,460.73,44.94,59.62,406.14,59.04,406.78,26.91,26.91,M3->FP x M2,50.68,93.29,396.4,28.0,107.0,342.6,454.0
300,0.40,26.0,411.83,432.65,499.84,49.71,63.47,430.76,61.73,436.75,32.08,32.08,M3->FP x M2,50.68,93.29,396.4,28.0,107.0,342.6,491.4
300,0.40,28.0,445.34,468.73,538.34,54.03,67.67,454.95,64.16,468.83,37.43,37.43,M3->FP x M2,50.68,93.29,396.4,28.0,107.0,342.6,530.0
300,0.40,30.0,478.30,504.25,576.18,57.96,72.22,481.13,66.38,503.07,42.98,42.98,M3->FP x M2,50.68,93.29,396.4,28.0,107.0,342.6,570.1
300,0.50,8.0,68.31,59.08,113.12,-24.41,56.13,238.06,56.13,238.06,-18.29,-24.41,M1->M2 x M3,63.45,119.57,331.2,35.0,121.7,356.1,172.3
300,0.50,10.0,99.65,92.70,150.63,-15.33,56.30,242.36,56.30,242.36,-13.77,-15.33,M1->M2 x M3,63.45,119.57,331.2,35.0,121.7,356.1,198.3
300,0.50,12.0,130.86,126.21,187.96,-6.15,56.83,249.41,56.83,249.41,-9.19,-9.19,M3->FP x M2,63.45,119.57,331.2,35.0,121.7,356.1,224.7
300,0.50,14.0,161.92,159.56,225.06,2.91,57.74,259.11,57.74,259.11,-4.55,-4.55,M3->FP x M2,63.45,119.57,331.2,35.0,121.7,356.1,251.5
300,0.50,16.0,192.78,192.72,261.88,11.28,59.03,271.33,59.03,271.33,0.17,0.17,M3->FP x M2,63.45,119.57,331.2,35.0,121.7,356.1,278.7
300,0.50,18.0,223.40,225.65,298.38,19.27,60.68,285.93,60.68,285.93,4.82,4.82,M3->FP x M2,63.45,119.57,331.2,35.0,121.7,356.1,306.5
300,0.50,20.0,253.75,258.30,334.53,26.85,62.72,302.75,62.72,302.75,9.57,9.57,M3->FP x M2,63.45,119.57,331.2,35.0,121.7,356.1,334.9
300,0.50,22.0,283.80,290.64,370.26,34.00,65.12,321.69,65.12,321.69,14.44,14.44,M3->FP x M2,63.45,119.57,331.2,35.0,121.7,356.1,364.1
300,0.50,24.0,313.49,322.62,405.54,40.71,67.89,342.65,67.89,342.65,19.45,19.45,M3->FP x M2,63.45,119.57,331.2,35.0,121.7,356.1,394.1
300,0.50,26.0,342.81,354.21,440.33,47.00,71.04,365.57,71.04,365.57,24.63,24.63,M3->FP x M2,63.45,119.57,331.2,35.0,121.7,356.1,425.1
300,0.50,28.0,371.70,385.36,474.58,52.86,74.55,390.25,74.38,390.42,29.98,29.98,M3->FP x M2,63.45,119.57,331.2,35.0,121.7,356.1,457.2
300,0.50,30.0,400.15,416.05,508.25,58.32,78.45,413.70,77.49,417.22,35.53,35.53,M3->FP x M2,63.45,119.57,331.2,35.0,121.7,356.1,490.4
300,0.60,8.0,50.67,35.20,101.38,-36.28,70.16,223.81,70.16,223.81,-24.05,-36.28,M1->M2 x M3,76.26,146.41,287.6,42.0,136.7,370.2,165.5
300,0.60,10.0,78.58,64.99,135.93,-27.20,70.16,225.48,70.16,225.48,-21.67,-27.20,M1->M2 x M3,76.26,146.41,287.6,42.0,136.7,370.2,187.9
300,0.60,12.0,106.39,94.69,170.31,-18.00,70.37,229.41,70.37,229.41,-17.09,-18.00,M1->M2 x M3,76.26,146.41,287.6,42.0,136.7,370.2,210.7
300,0.60,14.0,134.07,124.28,204.48,-8.66,70.88,235.56,70.88,235.56,-12.44,-12.44,M3->FP x M2,76.26,146.41,287.6,42.0,136.7,370.2,233.8
300,0.60,16.0,161.59,153.72,238.40,0.77,71.70,243.91,71.70,243.91,-7.72,-7.72,M3->FP x M2,76.26,146.41,287.6,42.0,136.7,370.2,257.3
300,0.60,18.0,188.92,182.97,272.03,9.45,72.84,254.38,72.84,254.38,-2.89,-2.89,M3->FP x M2,76.26,146.41,287.6,42.0,136.7,370.2,281.2
300,0.60,20.0,216.01,212.00,305.33,17.87,74.31,266.87,74.31,266.87,1.97,1.97,M3->FP x M2,76.26,146.41,287.6,42.0,136.7,370.2,305.8
300,0.60,22.0,242.84,240.77,338.26,25.98,76.12,281.32,76.12,281.32,6.84,6.84,M3->FP x M2,76.26,146.41,287.6,42.0,136.7,370.2,330.9
300,0.60,24.0,269.38,269.24,370.78,33.78,78.27,297.66,78.27,297.66,11.86,11.86,M3->FP x M2,76.26,146.41,287.6,42.0,136.7,370.2,356.8
300,0.60,26.0,295.58,297.39,402.84,41.24,80.78,315.83,80.78,315.83,17.03,17.03,M3->FP x M2,76.26,146.41,287.6,42.0,136.7,370.2,383.6
300,0.60,28.0,321.43,325.18,434.42,48.36,83.66,335.81,83.66,335.81,22.39,22.39,M3->FP x M2,76.26,146.41,287.6,42.0,136.7,370.2,411.2
300,0.60,30.0,346.88,352.57,465.46,55.14,86.92,357.59,86.92,357.59,27.94,27.94,M3->FP x M2,76.26,146.41,287.6,42.0,136.7,370.2,439.9
300,0.70,8.0,36.93,15.15,93.57,-47.94,84.39,210.89,84.39,210.89,-28.05,-47.94,M1->M2 x M3,89.11,173.49,256.5,49.0,151.8,384.4,162.8
300,0.70,10.0,62.39,42.08,126.14,-38.84,84.39,211.05,84.39,211.05,-28.11,-38.84,M1->M2 x M3,89.11,173.49,256.5,49.0,151.8,384.4,182.7
300,0.70,12.0,87.78,68.96,158.56,-29.62,84.41,212.77,84.41,212.77,-25.05,-29.62,M1->M2 x M3,89.11,173.49,256.5,49.0,151.8,384.4,202.9
300,0.70,14.0,113.07,95.76,190.79,-20.27,84.64,216.42,84.64,216.42,-20.39,-20.39,M3->FP x M2,89.11,173.49,256.5,49.0,151.8,384.4,223.3
300,0.70,16.0,138.21,122.43,222.78,-10.76,85.13,222.01,85.13,222.01,-15.66,-15.66,M3->FP x M2,89.11,173.49,256.5,49.0,151.8,384.4,244.2
300,0.70,18.0,163.19,148.96,254.50,-1.05,85.90,229.51,85.90,229.51,-10.84,-10.84,M3->FP x M2,89.11,173.49,256.5,49.0,151.8,384.4,265.4
300,0.70,20.0,187.97,175.31,285.91,8.00,86.96,238.90,86.96,238.90,-5.90,-5.90,M3->FP x M2,89.11,173.49,256.5,49.0,151.8,384.4,287.2
300,0.70,22.0,212.52,201.45,316.97,16.78,88.31,250.11,88.31,250.11,-0.84,-0.84,M3->FP x M2,89.11,173.49,256.5,49.0,151.8,384.4,309.5
300,0.70,24.0,236.81,227.33,347.65,25.35,89.97,263.10,89.97,263.10,4.21,4.21,M3->FP x M2,89.11,173.49,256.5,49.0,151.8,384.4,332.4
300,0.70,26.0,260.82,252.95,377.90,33.69,91.96,277.83,91.96,277.83,9.39,9.39,M3->FP x M2,89.11,173.49,256.5,49.0,151.8,384.4,356.1
300,0.70,28.0,284.50,278.25,407.70,41.78,94.29,294.29,94.29,294.29,14.75,14.75,M3->FP x M2,89.11,173.49,256.5,49.0,151.8,384.4,380.6
300,0.70,30.0,307.84,303.22,436.99,49.61,96.99,312.46,96.99,312.46,20.31,20.31,M3->FP x M2,89.11,173.49,256.5,49.0,151.8,384.4,406.1
300,0.80,8.0,25.62,-2.47,88.18,-59.27,98.49,198.00,98.49,198.00,-32.17,-59.27,M1->M2 x M3,102.00,200.49,233.2,56.0,166.9,398.5,162.7
300,0.80,10.0,49.26,22.25,119.39,-50.15,98.49,198.00,98.49,198.00,-32.08,-50.15,M1->M2 x M3,102.00,200.49,233.2,56.0,166.9,398.5,180.7
300,0.80,12.0,72.84,46.91,150.46,-40.92,98.49,198.23,98.49,198.23,-32.13,-40.92,M1->M2 x M3,102.00,200.49,233.2,56.0,166.9,398.5,198.9
300,0.80,14.0,96.34,71.52,181.34,-31.56,98.54,199.96,98.54,199.96,-28.31,-31.56,M1->M2 x M3,102.00,200.49,233.2,56.0,166.9,398.5,217.4
300,0.80,16.0,119.71,96.04,212.00,-22.03,98.80,203.44,98.80,203.44,-23.58,-23.58,M3->FP x M2,102.00,200.49,233.2,56.0,166.9,398.5,236.2
300,0.80,18.0,142.94,120.44,242.40,-12.31,99.29,208.67,99.29,208.67,-18.75,-18.75,M3->FP x M2,102.00,200.49,233.2,56.0,166.9,398.5,255.4
300,0.80,20.0,165.99,144.70,272.51,-2.37,100.03,215.66,100.03,215.66,-13.81,-13.81,M3->FP x M2,102.00,200.49,233.2,56.0,166.9,398.5,275.1
300,0.80,22.0,188.85,168.78,302.28,7.06,101.03,224.38,101.03,224.38,-8.74,-8.74,M3->FP x M2,102.00,200.49,233.2,56.0,166.9,398.5,295.2
300,0.80,24.0,211.47,192.66,331.69,16.18,102.31,234.80,102.31,234.80,-3.53,-3.53,M3->FP x M2,102.00,200.49,233.2,56.0,166.9,398.5,316.0
300,0.80,26.0,233.84,216.29,360.69,25.17,103.89,246.91,103.89,246.91,1.78,1.78,M3->FP x M2,102.00,200.49,233.2,56.0,166.9,398.5,337.4
300,0.80,28.0,255.92,239.67,389.26,33.99,105.77,260.68,105.77,260.68,7.14,7.14,M3->FP x M2,102.00,200.49,233.2,56.0,166.9,398.5,359.6
300,0.80,30.0,277.68,262.76,417.35,42.65,108.00,276.10,108.00,276.10,12.71,12.71,M3->FP x M2,102.00,200.49,233.2,56.0,166.9,398.5,382.6
300,0.90,8.0,15.94,-18.46,84.36,-70.17,112.15,185.07,112.15,185.07,-35.87,-70.17,M1->M2 x M3,114.93,227.08,215.1,63.0,181.7,412.2,164.1
300,0.90,10.0,38.17,4.57,114.60,-61.04,112.15,185.07,112.15,185.07,-36.01,-61.04,M1->M2 x M3,114.93,227.08,215.1,63.0,181.7,412.2,180.6
300,0.90,12.0,60.35,27.43,144.71,-51.79,112.15,185.07,112.15,185.07,-36.09,-51.79,M1->M2 x M3,114.93,227.08,215.1,63.0,181.7,412.2,197.3
300,0.90,14.0,82.45,50.25,174.63,-42.41,112.15,185.36,112.15,185.36,-36.11,-42.41,M1->M2 x M3,114.93,227.08,215.1,63.0,181.7,412.2,214.3
300,0.90,16.0,104.46,73.01,204.35,-32.87,112.23,187.11,112.23,187.11,-31.37,-32.87,M1->M2 x M3,114.93,227.08,215.1,63.0,181.7,412.2,231.6
300,0.90,18.0,126.34,95.68,233.82,-23.14,112.52,190.50,112.52,190.50,-26.53,-26.53,M3->FP x M2,114.93,227.08,215.1,63.0,181.7,412.2,249.2
300,0.90,20.0,148.06,118.24,263.00,-13.18,113.02,195.53,113.02,195.53,-21.59,-21.59,M3->FP x M2,114.93,227.08,215.1,63.0,181.7,412.2,267.2
300,0.90,22.0,169.60,140.65,291.86,-2.97,113.75,202.24,113.75,202.24,-16.52,-16.52,M3->FP x M2,114.93,227.08,215.1,63.0,181.7,412.2,285.8
300,0.90,24.0,190.94,162.89,320.37,6.79,114.73,210.59,114.73,210.59,-11.30,-11.30,M3->FP x M2,114.93,227.08,215.1,63.0,181.7,412.2,304.8
300,0.90,26.0,212.05,184.93,348.48,16.24,115.98,220.59,115.98,220.59,-5.93,-5.93,M3->FP x M2,114.93,227.08,215.1,63.0,181.7,412.2,324.4
300,0.90,28.0,232.89,206.75,376.18,25.62,117.51,232.22,117.51,232.22,-0.36,-0.36,M3->FP x M2,114.93,227.08,215.1,63.0,181.7,412.2,344.8
300,0.90,30.0,253.45,228.31,403.41,34.91,119.35,245.46,119.35,245.46,5.22,5.22,M3->FP x M2,114.93,227.08,215.1,63.0,181.7,412.2,365.9
350,0.30,8.0,160.51,162.74,193.92,-0.31,31.79,333.92,31.79,333.92,-3.29,-3.29,M3->FP x M2,37.95,68.99,577.8,21.0,93.4,381.0,239.4
350,0.30,10.0,213.07,218.41,251.83,7.79,33.05,353.04,33.05,353.04,1.18,1.18,M3->FP x M2,37.95,68.99,577.8,21.0,93.4,381.0,285.7
350,0.30,12.0,265.38,273.81,309.44,15.15,34.89,377.21,34.89,377.21,5.58,5.58,M3->FP x M2,37.95,68.99,577.8,21.0,93.4,381.0,332.6
350,0.30,14.0,317.35,328.88,366.67,21.73,37.23,405.80,37.23,405.80,10.05,10.05,M3->FP x M2,37.95,68.99,577.8,21.0,93.4,381.0,380.2
350,0.30,16.0,368.95,383.55,423.45,27.56,40.02,438.26,40.02,438.26,14.60,14.60,M3->FP x M2,37.95,68.99,577.8,21.0,93.4,381.0,428.6
350,0.30,18.0,420.09,437.75,479.72,32.67,43.22,474.17,42.90,474.17,19.24,19.24,M3->FP x M2,37.95,68.99,577.8,21.0,93.4,381.0,478.1
350,0.30,20.0,470.72,491.42,535.40,37.15,46.77,509.62,45.41,513.20,23.98,23.98,M3->FP x M2,37.95,68.99,577.8,21.0,93.4,381.0,528.7
350,0.30,22.0,520.78,544.49,590.43,41.06,50.65,544.47,47.60,555.13,28.85,28.85,M3->FP x M2,37.95,68.99,577.8,21.0,93.4,381.0,580.6
350,0.30,24.0,570.20,596.90,644.74,44.49,54.83,582.02,49.53,599.85,33.86,33.86,M3->FP x M2,37.95,68.99,577.8,21.0,93.4,381.0,634.0
350,0.30,26.0,618.93,648.58,698.26,47.62,59.31,622.26,51.24,647.31,39.02,39.02,M3->FP x M2,37.95,68.99,577.8,21.0,93.4,381.0,689.1
350,0.30,28.0,666.90,699.66,750.94,51.16,64.09,665.19,52.75,697.54,44.37,44.37,M3->FP x M2,37.95,68.99,577.8,21.0,93.4,381.0,746.1
350,0.30,30.0,714.09,752.79,802.98,55.19,69.16,710.89,54.10,750.63,49.91,49.91,M3->FP x M2,37.95,68.99,577.8,21.0,93.4,381.0,805.3
350,0.40,8.0,116.69,113.15,155.82,-12.25,43.83,307.77,43.83,307.77,-10.82,-12.25,M1->M2 x M3,50.68,94.38,450.8,28.0,107.6,393.7,204.7
350,0.40,10.0,159.21,158.38,204.11,-3.19,44.40,318.02,44.40,318.02,-6.30,-6.30,M3->FP x M2,50.68,94.38,450.8,28.0,107.6,393.7,240.6
350,0.40,12.0,201.54,203.40,252.15,5.42,45.44,332.03,45.44,332.03,-1.73,-1.73,M3->FP x M2,50.68,94.38,450.8,28.0,107.6,393.7,276.9
350,0.40,14.0,243.63,248.18,299.88,13.36,46.91,349.53,46.91,349.53,2.80,2.80,M3->FP x M2,50.68,94.38,450.8,28.0,107.6,393.7,313.8
350,0.40,16.0,285.41,292.66,347.25,20.76,48.82,370.25,48.82,370.25,7.35,7.35,M3->FP x M2,50.68,94.38,450.8,28.0,107.6,393.7,351.3
350,0.40,18.0,326.85,336.78,394.20,27.60,51.15,393.93,51.15,393.93,12.00,12.00,M3->FP x M2,50.68,94.38,450.8,28.0,107.6,393.7,389.6
350,0.40,20.0,367.90,380.50,440.66,33.87,53.86,420.37,53.86,420.37,16.74,16.74,M3->FP x M2,50.68,94.38,450.8,28.0,107.6,393.7,428.8
350,0.40,22.0,408.49,423.74,486.59,39.61,56.95,449.39,56.94,449.39,21.62,21.62,M3->FP x M2,50.68,94.38,450.8,28.0,107.6,393.7,469.0
350,0.40,24.0,448.58,466.47,531.93,44.82,60.41,480.49,59.91,480.89,26.63,26.63,M3->FP x M2,50.68,94.38,450.8,28.0,107.6,393.7,510.4
350,0.40,26.0,488.13,508.64,576.61,49.57,64.21,509.08,62.60,514.81,31.79,31.79,M3->FP x M2,50.68,94.38,450.8,28.0,107.6,393.7,553.0
350,0.40,28.0,527.09,550.18,620.60,53.88,68.36,537.60,65.05,551.15,37.14,37.14,M3->FP x M2,50.68,94.38,450.8,28.0,107.6,393.7,597.2
350,0.40,30.0,565.40,591.05,663.83,57.79,72.87,568.42,67.28,589.95,42.69,42.69,M3->FP x M2,50.68,94.38,450.8,28.0,107.6,393.7,643.1
350,0.50,8.0,88.80,79.26,133.74,-24.18,57.07,289.37,57.07,289.37,-18.55,-24.18,M1->M2 x M3,63.45,120.53,374.7,35.0,122.2,407.1,186.9
350,0.50,10.0,125.31,118.06,176.46,-15.11,57.24,294.94,57.24,294.94,-14.03,-15.11,M1->M2 x M3,63.45,120.53,374.7,35.0,122.2,407.1,216.5
350,0.50,12.0,161.67,156.71,218.96,-5.92,57.77,303.42,57.77,303.42,-9.45,-9.45,M3->FP x M2,63.45,120.53,374.7,35.0,122.2,407.1,246.5
350,0.50,14.0,197.83,195.17,261.19,3.11,58.66,314.72,58.66,314.72,-4.81,-4.81,M3->FP x M2,63.45,120.53,374.7,35.0,122.2,407.1,276.9
350,0.50,16.0,233.75,233.40,303.11,11.44,59.93,328.70,59.93,328.70,-0.08,-0.08,M3->FP x M2,63.45,120.53,374.7,35.0,122.2,407.1,307.9
350,0.50,18.0,269.38,271.34,344.65,19.39,61.56,345.24,61.56,345.24,4.56,4.56,M3->FP x M2,63.45,120.53,374.7,35.0,122.2,407.1,339.6
350,0.50,20.0,304.69,308.95,385.78,26.93,63.57,364.20,63.57,364.20,9.32,9.32,M3->FP x M2,63.45,120.53,374.7,35.0,122.2,407.1,371.9
350,0.50,22.0,339.62,346.18,426.44,34.05,65.94,385.48,65.94,385.48,14.19,14.19,M3->FP x M2,63.45,120.53,374.7,35.0,122.2,407.1,405.1
350,0.50,24.0,374.14,382.99,466.57,40.72,68.68,409.00,68.68,409.00,19.20,19.20,M3->FP x M2,63.45,120.53,374.7,35.0,122.2,407.1,439.2
350,0.50,26.0,408.21,419.34,506.14,46.97,71.79,434.71,71.79,434.71,24.38,24.38,M3->FP x M2,63.45,120.53,374.7,35.0,122.2,407.1,474.5
350,0.50,28.0,441.78,455.17,545.09,52.80,75.27,462.58,75.12,462.60,29.73,29.73,M3->FP x M2,63.45,120.53,374.7,35.0,122.2,407.1,510.9
350,0.50,30.0,474.81,490.45,583.38,58.24,79.13,489.73,78.25,492.70,35.28,35.28,M3->FP x M2,63.45,120.53,374.7,35.0,122.2,407.1,548.8
350,0.60,8.0,68.88,53.18,119.69,-36.01,70.89,274.26,70.89,274.26,-24.09,-36.01,M1->M2 x M3,76.26,147.15,323.9,42.0,137.1,420.9,177.6
350,0.60,10.0,101.39,87.57,158.86,-26.92,70.89,276.98,70.89,276.98,-21.87,-26.92,M1->M2 x M3,76.26,147.15,323.9,42.0,137.1,420.9,203.1
350,0.60,12.0,133.77,121.84,197.84,-17.72,71.09,282.04,71.09,282.04,-17.29,-17.72,M1->M2 x M3,76.26,147.15,323.9,42.0,137.1,420.9,228.8
350,0.60,14.0,165.99,155.97,236.57,-8.38,71.60,289.44,71.60,289.44,-12.64,-12.64,M3->FP x M2,76.26,147.15,323.9,42.0,137.1,420.9,255.0
350,0.60,16.0,198.01,189.91,275.02,1.02,72.41,299.12,72.41,299.12,-7.92,-7.92,M3->FP x M2,76.26,147.15,323.9,42.0,137.1,420.9,281.6
350,0.60,18.0,229.79,223.62,313.13,9.68,73.54,311.02,73.54,311.02,-3.09,-3.09,M3->FP x M2,76.26,147.15,323.9,42.0,137.1,420.9,308.8
350,0.60,20.0,261.29,257.05,350.86,18.06,75.00,325.09,75.00,325.09,1.77,1.77,M3->FP x M2,76.26,147.15,323.9,42.0,137.1,420.9,336.6
350,0.60,22.0,292.47,290.17,388.16,26.14,76.79,341.24,76.79,341.24,6.65,6.65,M3->FP x M2,76.26,147.15,323.9,42.0,137.1,420.9,365.1
350,0.60,24.0,323.29,322.94,424.99,33.91,78.93,359.45,78.93,359.45,11.67,11.67,M3->FP x M2,76.26,147.15,323.9,42.0,137.1,420.9,394.4
350,0.60,26.0,353.72,355.32,461.30,41.33,81.42,379.66,81.42,379.66,16.84,16.84,M3->FP x M2,76.26,147.15,323.9,42.0,137.1,420.9,424.7
350,0.60,28.0,383.72,387.26,497.05,48.42,84.27,401.88,84.27,401.88,22.20,22.20,M3->FP x M2,76.26,147.15,323.9,42.0,137.1,420.9,456.0
350,0.60,30.0,413.25,418.73,532.19,55.16,87.51,426.12,87.51,426.12,27.75,27.75,M3->FP x M2,76.26,147.15,323.9,42.0,137.1,420.9,488.5
350,0.70,8.0,53.51,31.58,110.22,-47.65,84.86,260.89,84.86,260.89,-28.06,-47.65,M1->M2 x M3,89.11,173.97,287.6,49.0,152.1,434.9,173.2
350,0.70,10.0,83.17,62.70,147.00,-38.54,84.86,261.68,84.86,261.68,-28.11,-38.54,M1->M2 x M3,89.11,173.97,287.6,49.0,152.1,434.9,195.6
350,0.70,12.0,112.72,93.75,183.59,-29.33,84.89,264.42,84.89,264.42,-25.18,-29.33,M1->M2 x M3,89.11,173.97,287.6,49.0,152.1,434.9,218.4
350,0.70,14.0,142.14,124.67,219.97,-19.98,85.12,269.13,85.12,269.13,-20.53,-20.53,M3->FP x M2,89.11,173.97,287.6,49.0,152.1,434.9,241.5
350,0.70,16.0,171.38,155.45,256.07,-10.46,85.61,275.82,85.61,275.82,-15.79,-15.79,M3->FP x M2,89.11,173.97,287.6,49.0,152.1,434.9,265.0
350,0.70,18.0,200.41,186.04,291.87,-0.76,86.37,284.48,86.37,284.48,-10.97,-10.97,M3->FP x M2,89.11,173.97,287.6,49.0,152.1,434.9,289.0
350,0.70,20.0,229.20,216.40,327.31,8.24,87.42,295.09,87.42,295.09,-6.03,-6.03,M3->FP x M2,89.11,173.97,287.6,49.0,152.1,434.9,313.5
350,0.70,22.0,257.71,246.50,362.34,17.00,88.76,307.60,88.76,307.60,-0.97,-0.97,M3->FP x M2,89.11,173.97,287.6,49.0,152.1,434.9,338.7
350,0.70,24.0,285.91,276.29,396.94,25.54,90.42,322.01,90.42,322.01,4.09,4.09,M3->FP x M2,89.11,173.97,287.6,49.0,152.1,434.9,364.6
350,0.70,26.0,313.76,305.75,431.06,33.86,92.40,338.29,92.40,338.29,9.26,9.26,M3->FP x M2,89.11,173.97,287.6,49.0,152.1,434.9,391.3
350,0.70,28.0,341.23,334.84,464.65,41.92,94.72,356.43,94.72,356.43,14.62,14.62,M3->FP x M2,89.11,173.97,287.6,49.0,152.1,434.9,419.0
350,0.70,30.0,368.28,363.52,497.67,49.72,97.40,376.47,97.40,376.47,20.18,20.18,M3->FP x M2,89.11,173.97,287.6,49.0,152.1,434.9,447.7
350,0.80,8.0,40.99,12.85,103.58,-59.01,98.73,248.00,98.73,248.00,-32.19,-59.01,M1->M2 x M3,102.00,200.73,260.4,56.0,167.0,448.7,171.7
350,0.80,10.0,68.51,41.42,138.68,-49.89,98.73,248.01,98.73,248.01,-32.14,-49.89,M1->M2 x M3,102.00,200.73,260.4,56.0,167.0,448.7,191.9
350,0.80,12.0,95.95,69.94,173.61,-40.66,98.73,249.02,98.73,249.02,-32.06,-40.66,M1->M2 x M3,102.00,200.73,260.4,56.0,167.0,448.7,212.4
350,0.80,14.0,123.27,98.38,208.33,-31.29,98.78,251.75,98.78,251.75,-28.38,-31.29,M1->M2 x M3,102.00,200.73,260.4,56.0,167.0,448.7,233.2
350,0.80,16.0,150.44,126.69,242.79,-21.76,99.04,256.22,99.04,256.22,-23.64,-23.64,M3->FP x M2,102.00,200.73,260.4,56.0,167.0,448.7,254.4
350,0.80,18.0,177.42,154.85,276.96,-12.05,99.53,262.47,99.53,262.47,-18.81,-18.81,M3->FP x M2,102.00,200.73,260.4,56.0,167.0,448.7,276.0
350,0.80,20.0,204.20,182.83,310.79,-2.11,100.27,270.48,100.27,270.48,-13.87,-13.87,M3->FP x M2,102.00,200.73,260.4,56.0,167.0,448.7,298.1
350,0.80,22.0,230.72,210.58,344.25,7.29,101.27,280.26,101.27,280.26,-8.81,-8.81,M3->FP x M2,102.00,200.73,260.4,56.0,167.0,448.7,320.8
350,0.80,24.0,256.96,238.07,377.28,16.39,102.55,291.80,102.55,291.80,-3.60,-3.60,M3->FP x M2,102.00,200.73,260.4,56.0,167.0,448.7,344.1
350,0.80,26.0,282.89,265.28,409.85,25.36,104.12,305.11,104.12,305.11,1.72,1.72,M3->FP x M2,102.00,200.73,260.4,56.0,167.0,448.7,368.2
350,0.80,28.0,308.47,292.16,441.93,34.16,106.00,320.18,106.00,320.18,7.08,7.08,M3->FP x M2,102.00,200.73,260.4,56.0,167.0,448.7,393.1
350,0.80,30.0,333.68,318.68,473.46,42.80,108.22,337.03,108.22,337.03,12.64,12.64,M3->FP x M2,102.00,200.73,260.4,56.0,167.0,448.7,418.9
350,0.90,8.0,30.36,-3.93,98.78,-70.00,112.22,235.07,112.22,235.07,-35.88,-70.00,M1->M2 x M3,114.93,227.15,239.3,63.0,181.8,462.2,172.1
350,0.90,10.0,56.23,22.61,132.67,-60.87,112.22,235.07,112.22,235.07,-36.02,-60.87,M1->M2 x M3,114.93,227.15,239.3,63.0,181.8,462.2,190.6
350,0.90,12.0,82.02,49.08,166.40,-51.62,112.22,235.12,112.22,235.12,-36.11,-51.62,M1->M2 x M3,114.93,227.15,239.3,63.0,181.8,462.2,209.3
350,0.90,14.0,107.72,75.50,199.92,-42.24,112.22,236.29,112.22,236.29,-36.13,-42.24,M1->M2 x M3,114.93,227.15,239.3,63.0,181.8,462.2,228.3
350,0.90,16.0,133.29,101.82,233.20,-32.70,112.30,239.03,112.30,239.03,-31.39,-32.70,M1->M2 x M3,114.93,227.15,239.3,63.0,181.8,462.2,247.7
350,0.90,18.0,158.69,128.02,266.19,-22.97,112.59,243.37,112.59,243.37,-26.55,-26.55,M3->FP x M2,114.93,227.15,239.3,63.0,181.8,462.2,267.4
350,0.90,20.0,183.90,154.06,298.87,-13.01,113.09,249.34,113.09,249.34,-21.61,-21.61,M3->FP x M2,114.93,227.15,239.3,63.0,181.8,462.2,287.7
350,0.90,22.0,208.89,179.92,331.17,-2.80,113.82,256.97,113.82,256.97,-16.54,-16.54,M3->FP x M2,114.93,227.15,239.3,63.0,181.8,462.2,308.4
350,0.90,24.0,233.62,205.55,363.08,6.94,114.80,266.25,114.80,266.25,-11.32,-11.32,M3->FP x M2,114.93,227.15,239.3,63.0,181.8,462.2,329.7
350,0.90,26.0,258.07,230.94,394.54,16.38,116.04,277.22,116.04,277.22,-5.94,-5.94,M3->FP x M2,114.93,227.15,239.3,63.0,181.8,462.2,351.7
350,0.90,28.0,282.20,256.04,425.52,25.75,117.57,289.86,117.57,289.86,-0.38,-0.38,M3->FP x M2,114.93,227.15,239.3,63.0,181.8,462.2,374.5
350,0.90,30.0,305.99,280.83,455.98,35.03,119.41,304.22,119.41,304.22,5.20,5.20,M3->FP x M2,114.93,227.15,239.3,63.0,181.8,462.2,398.2
400,0.30,8.0,190.10,192.07,223.63,-0.24,32.60,388.76,32.60,388.76,-3.52,-3.52,M3->FP x M2,37.96,69.83,650.3,21.0,93.9,431.9,263.5
400,0.30,10.0,250.14,255.21,289.04,7.82,33.84,410.66,33.84,410.66,0.96,0.96,M3->FP x M2,37.96,69.83,650.3,21.0,93.9,431.9,315.8
400,0.30,12.0,309.87,318.04,354.10,15.14,35.63,438.08,35.63,438.08,5.36,5.36,M3->FP x M2,37.96,69.83,650.3,21.0,93.9,431.9,368.7
400,0.30,14.0,369.22,380.49,418.74,21.70,37.93,470.37,37.93,470.37,9.83,9.83,M3->FP x M2,37.96,69.83,650.3,21.0,93.9,431.9,422.4
400,0.30,16.0,428.12,442.47,482.86,27.49,40.67,506.93,40.67,506.93,14.38,14.38,M3->FP x M2,37.96,69.83,650.3,21.0,93.9,431.9,477.1
400,0.30,18.0,486.50,503.91,546.39,32.58,43.82,547.32,43.55,547.32,19.02,19.02,M3->FP x M2,37.96,69.83,650.3,21.0,93.9,431.9,533.0
400,0.30,20.0,544.29,564.74,609.25,37.04,47.33,587.72,46.07,591.20,23.76,23.76,M3->FP x M2,37.96,69.83,650.3,21.0,93.9,431.9,590.1
400,0.30,22.0,601.42,624.88,671.38,40.93,51.16,627.82,48.28,638.33,28.63,28.63,M3->FP x M2,37.96,69.83,650.3,21.0,93.9,431.9,648.7
400,0.30,24.0,657.81,684.26,732.68,44.34,55.31,670.98,50.22,688.61,33.64,33.64,M3->FP x M2,37.96,69.83,650.3,21.0,93.9,431.9,709.0
400,0.30,26.0,713.40,742.81,793.10,47.46,59.75,717.16,51.93,741.97,38.80,38.80,M3->FP x M2,37.96,69.83,650.3,21.0,93.9,431.9,771.2
400,0.30,28.0,768.12,800.56,852.55,50.99,64.50,766.39,53.45,798.47,44.15,44.15,M3->FP x M2,37.96,69.83,650.3,21.0,93.9,431.9,835.5
400,0.30,30.0,821.97,860.34,911.29,55.00,69.54,818.76,54.81,858.22,49.69,49.69,M3->FP x M2,37.96,69.83,650.3,21.0,93.9,431.9,902.3
400,0.40,8.0,140.59,136.80,179.83,-12.13,44.65,360.39,44.65,360.39,-11.05,-12.13,M1->M2 x M3,50.68,95.20,505.3,28.0,108.0,444.5,222.8
400,0.40,10.0,189.15,188.06,234.18,-3.07,45.21,372.35,45.21,372.35,-6.53,-6.53,M3->FP x M2,50.68,95.20,505.3,28.0,108.0,444.5,263.2
400,0.40,12.0,237.48,239.08,288.25,5.52,46.22,388.36,46.22,388.36,-1.96,-1.96,M3->FP x M2,50.68,95.20,505.3,28.0,108.0,444.5,304.0
400,0.40,14.0,285.52,289.82,341.97,13.42,47.68,408.14,47.68,408.14,2.58,2.58,M3->FP x M2,50.68,95.20,505.3,28.0,108.0,444.5,345.5
400,0.40,16.0,333.21,340.21,395.27,20.79,49.56,431.43,49.56,431.43,7.14,7.14,M3->FP x M2,50.68,95.20,505.3,28.0,108.0,444.5,387.7
400,0.40,18.0,380.50,390.18,448.09,27.60,51.85,457.95,51.85,457.95,11.78,11.78,M3->FP x M2,50.68,95.20,505.3,28.0,108.0,444.5,430.8
400,0.40,20.0,427.32,439.67,500.36,33.84,54.53,487.50,54.53,487.50,16.53,16.53,M3->FP x M2,50.68,95.20,505.3,28.0,108.0,444.5,474.9
400,0.40,22.0,473.62,488.63,552.03,39.55,57.58,519.92,57.57,519.92,21.40,21.40,M3->FP x M2,50.68,95.20,505.3,28.0,108.0,444.5,520.1
400,0.40,24.0,519.34,537.00,603.02,44.74,61.00,554.87,60.55,555.11,26.41,26.41,M3->FP x M2,50.68,95.20,505.3,28.0,108.0,444.5,566.6
400,0.40,26.0,564.44,584.71,653.27,49.46,64.77,587.46,63.26,593.00,31.58,31.58,M3->FP x M2,50.68,95.20,505.3,28.0,108.0,444.5,614.6
400,0.40,28.0,608.84,631.70,702.73,53.76,68.89,620.30,65.71,633.60,36.92,36.92,M3->FP x M2,50.68,95.20,505.3,28.0,108.0,444.5,664.3
400,0.40,30.0,652.50,677.93,751.34,57.66,73.36,655.74,67.95,676.97,42.47,42.47,M3->FP x M2,50.68,95.20,505.3,28.0,108.0,444.5,715.9
400,0.50,8.0,109.29,99.52,154.33,-24.01,57.79,340.83,57.79,340.83,-18.74,-24.01,M1->M2 x M3,63.45,121.24,418.2,35.0,122.6,457.8,201.4
400,0.50,10.0,150.97,143.50,202.24,-14.94,57.95,347.61,57.95,347.61,-14.22,-14.94,M1->M2 x M3,63.45,121.24,418.2,35.0,122.6,457.8,234.6
400,0.50,12.0,192.47,187.29,249.91,-5.75,58.47,357.49,58.47,357.49,-9.65,-9.65,M3->FP x M2,63.45,121.24,418.2,35.0,122.6,457.8,268.2
400,0.50,14.0,233.73,230.86,297.27,3.26,59.36,370.36,59.36,370.36,-5.00,-5.00,M3->FP x M2,63.45,121.24,418.2,35.0,122.6,457.8,302.4
400,0.50,16.0,274.71,274.15,344.27,11.56,60.61,386.10,60.61,386.10,-0.28,-0.28,M3->FP x M2,63.45,121.24,418.2,35.0,122.6,457.8,337.1
400,0.50,18.0,315.36,317.10,390.85,19.49,62.22,404.59,62.22,404.59,4.38,4.38,M3->FP x M2,63.45,121.24,418.2,35.0,122.6,457.8,372.5
400,0.50,20.0,355.62,359.67,436.96,27.00,64.21,425.70,64.21,425.70,9.13,9.13,M3->FP x M2,63.45,121.24,418.2,35.0,122.6,457.8,408.8
400,0.50,22.0,395.45,401.80,482.53,34.08,66.56,449.35,66.56,449.35,14.00,14.00,M3->FP x M2,63.45,121.24,418.2,35.0,122.6,457.8,446.0
400,0.50,24.0,434.79,443.44,527.51,40.73,69.27,475.46,69.27,475.46,19.02,19.02,M3->FP x M2,63.45,121.24,418.2,35.0,122.6,457.8,484.3
400,0.50,26.0,473.61,484.54,571.86,46.95,72.36,503.99,72.36,503.99,24.19,24.19,M3->FP x M2,63.45,121.24,418.2,35.0,122.6,457.8,523.8
400,0.50,28.0,511.85,525.04,615.50,52.76,75.81,534.94,75.69,534.94,29.54,29.54,M3->FP x M2,63.45,121.24,418.2,35.0,122.6,457.8,564.6
400,0.50,30.0,549.47,564.91,658.40,58.17,79.64,565.78,78.81,568.35,35.09,35.09,M3->FP x M2,63.45,121.24,418.2,35.0,122.6,457.8,607.1
400,0.60,8.0,87.09,71.22,137.98,-35.80,71.43,324.96,71.43,324.96,-24.08,-35.80,M1->M2 x M3,76.26,147.70,360.2,42.0,137.4,471.4,189.7
400,0.60,10.0,124.20,110.20,181.76,-26.71,71.44,328.64,71.44,328.64,-22.02,-26.71,M1->M2 x M3,76.26,147.70,360.2,42.0,137.4,471.4,218.1
400,0.60,12.0,161.15,149.05,225.33,-17.51,71.64,334.78,71.64,334.78,-17.44,-17.51,M1->M2 x M3,76.26,147.70,360.2,42.0,137.4,471.4,246.9
400,0.60,14.0,197.91,187.72,268.62,-8.17,72.14,343.36,72.14,343.36,-12.80,-12.80,M3->FP x M2,76.26,147.70,360.2,42.0,137.4,471.4,276.1
400,0.60,16.0,234.43,226.16,311.58,1.21,72.94,354.35,72.94,354.35,-8.07,-8.07,M3->FP x M2,76.26,147.70,360.2,42.0,137.4,471.4,305.9
400,0.60,18.0,270.66,264.32,354.16,9.84,74.07,367.70,74.07,367.70,-3.24,-3.24,M3->FP x M2,76.26,147.70,360.2,42.0,137.4,471.4,336.2
400,0.60,20.0,306.56,302.16,396.32,18.20,75.51,383.34,75.51,383.34,1.63,1.63,M3->FP x M2,76.26,147.70,360.2,42.0,137.4,471.4,367.3
400,0.60,22.0,342.09,339.64,437.98,26.26,77.29,401.22,77.29,401.22,6.50,6.50,M3->FP x M2,76.26,147.70,360.2,42.0,137.4,471.4,399.2
400,0.60,24.0,377.20,376.69,479.12,34.00,79.42,421.32,79.42,421.32,11.52,11.52,M3->FP x M2,76.26,147.70,360.2,42.0,137.4,471.4,431.9
400,0.60,26.0,411.85,413.29,519.67,41.40,81.89,443.62,81.89,443.62,16.70,16.70,M3->FP x M2,76.26,147.70,360.2,42.0,137.4,471.4,465.8
400,0.60,28.0,446.00,449.39,559.59,48.46,84.73,468.11,84.73,468.11,22.05,22.05,M3->FP x M2,76.26,147.70,360.2,42.0,137.4,471.4,500.8
400,0.60,30.0,479.61,484.94,598.82,55.18,87.95,494.84,87.95,494.84,27.61,27.61,M3->FP x M2,76.26,147.70,360.2,42.0,137.4,471.4,537.1
400,0.70,8.0,70.09,48.05,126.85,-47.43,85.22,310.98,85.22,310.98,-28.13,-47.43,M1->M2 x M3,89.11,174.34,318.7,49.0,152.3,485.2,183.5
400,0.70,10.0,103.94,83.36,167.83,-38.32,85.22,312.60,85.22,312.60,-28.02,-38.32,M1->M2 x M3,89.11,174.34,318.7,49.0,152.3,485.2,208.5
400,0.70,12.0,137.65,118.57,208.60,-29.11,85.24,316.24,85.24,316.24,-25.28,-29.11,M1->M2 x M3,89.11,174.34,318.7,49.0,152.3,485.2,233.9
400,0.70,14.0,171.20,153.63,249.12,-19.76,85.48,321.93,85.48,321.93,-20.63,-20.63,M3->FP x M2,89.11,174.34,318.7,49.0,152.3,485.2,259.6
400,0.70,16.0,204.54,188.50,289.34,-10.24,85.96,329.67,85.96,329.67,-15.89,-15.89,M3->FP x M2,89.11,174.34,318.7,49.0,152.3,485.2,285.8
400,0.70,18.0,237.63,223.15,329.20,-0.54,86.73,339.47,86.73,339.47,-11.07,-11.07,M3->FP x M2,89.11,174.34,318.7,49.0,152.3,485.2,312.5
400,0.70,20.0,270.44,257.52,368.66,8.43,87.77,351.29,87.77,351.29,-6.13,-6.13,M3->FP x M2,89.11,174.34,318.7,49.0,152.3,485.2,339.8
400,0.70,22.0,302.91,291.58,407.67,17.17,89.11,365.14,89.11,365.14,-1.07,-1.07,M3->FP x M2,89.11,174.34,318.7,49.0,152.3,485.2,367.9
400,0.70,24.0,335.01,325.29,446.19,25.69,90.76,380.99,90.76,380.99,3.99,3.99,M3->FP x M2,89.11,174.34,318.7,49.0,152.3,485.2,396.7
400,0.70,26.0,366.71,358.60,484.16,33.98,92.73,398.85,92.73,398.85,9.17,9.17,M3->FP x M2,89.11,174.34,318.7,49.0,152.3,485.2,426.5
400,0.70,28.0,397.95,391.47,521.54,42.02,95.04,418.73,95.04,418.73,14.53,14.53,M3->FP x M2,89.11,174.34,318.7,49.0,152.3,485.2,457.3
400,0.70,30.0,428.72,423.86,558.29,49.80,97.72,440.66,97.72,440.66,20.09,20.09,M3->FP x M2,89.11,174.34,318.7,49.0,152.3,485.2,489.3
400,0.80,8.0,56.35,28.15,118.97,-58.81,98.92,298.00,98.92,298.00,-32.15,-58.81,M1->M2 x M3,102.00,200.92,287.6,56.0,167.1,498.9,180.7
400,0.80,10.0,87.75,60.60,157.95,-49.69,98.92,298.28,98.92,298.28,-32.18,-49.69,M1->M2 x M3,102.00,200.92,287.6,56.0,167.1,498.9,203.2
400,0.80,12.0,119.05,92.98,196.75,-40.46,98.92,300.12,98.92,300.12,-32.01,-40.46,M1->M2 x M3,102.00,200.92,287.6,56.0,167.1,498.9,225.9
400,0.80,14.0,150.20,125.25,235.30,-31.10,98.96,303.71,98.96,303.71,-28.43,-31.10,M1->M2 x M3,102.00,200.92,287.6,56.0,167.1,498.9,249.0
400,0.80,16.0,181.16,157.36,273.57,-21.57,99.22,309.10,99.22,309.10,-23.69,-23.69,M3->FP x M2,102.00,200.92,287.6,56.0,167.1,498.9,272.5
400,0.80,18.0,211.91,189.28,311.50,-11.85,99.71,316.29,99.71,316.29,-18.86,-18.86,M3->FP x M2,102.00,200.92,287.6,56.0,167.1,498.9,296.5
400,0.80,20.0,242.40,220.97,349.05,-1.91,100.45,325.31,100.45,325.31,-13.92,-13.92,M3->FP x M2,102.00,200.92,287.6,56.0,167.1,498.9,321.1
400,0.80,22.0,272.59,252.39,386.18,7.46,101.45,336.16,101.45,336.16,-8.86,-8.86,M3->FP x M2,102.00,200.92,287.6,56.0,167.1,498.9,346.3
400,0.80,24.0,302.45,283.51,422.84,16.55,102.72,348.84,102.72,348.84,-3.65,-3.65,M3->FP x M2,102.00,200.92,287.6,56.0,167.1,498.9,372.2
400,0.80,26.0,331.94,314.28,458.98,25.50,104.29,363.39,104.29,363.39,1.67,1.67,M3->FP x M2,102.00,200.92,287.6,56.0,167.1,498.9,398.9
400,0.80,28.0,361.03,344.66,494.57,34.29,106.17,379.81,106.17,379.81,7.03,7.03,M3->FP x M2,102.00,200.92,287.6,56.0,167.1,498.9,426.6
400,0.80,30.0,389.67,374.63,529.55,42.91,108.39,398.15,108.39,398.15,12.59,12.59,M3->FP x M2,102.00,200.92,287.6,56.0,167.1,498.9,455.3
400,0.90,8.0,44.78,10.51,113.21,-69.87,112.27,285.07,112.27,285.07,-35.89,-69.87,M1->M2 x M3,114.93,227.20,263.4,63.0,181.8,512.3,180.0
400,0.90,10.0,74.28,40.65,150.74,-60.74,112.27,285.07,112.27,285.07,-36.03,-60.74,M1->M2 x M3,114.93,227.20,263.4,63.0,181.8,512.3,200.5
400,0.90,12.0,103.70,70.74,188.08,-51.50,112.27,285.56,112.27,285.56,-36.12,-51.50,M1->M2 x M3,114.93,227.20,263.4,63.0,181.8,512.3,221.3
400,0.90,14.0,132.99,100.75,225.20,-42.12,112.27,287.55,112.27,287.55,-36.14,-42.12,M1->M2 x M3,114.93,227.20,263.4,63.0,181.8,512.3,242.4
400,0.90,16.0,162.12,130.63,262.04,-32.57,112.35,291.13,112.35,291.13,-31.40,-32.57,M1->M2 x M3,114.93,227.20,263.4,63.0,181.8,512.3,263.8
400,0.90,18.0,191.05,160.36,298.57,-22.84,112.64,296.32,112.64,296.32,-26.57,-26.57,M3->FP x M2,114.93,227.20,263.4,63.0,181.8,512.3,285.7
400,0.90,20.0,219.75,189.89,334.73,-12.88,113.14,303.17,113.14,303.17,-21.62,-21.62,M3->FP x M2,114.93,227.20,263.4,63.0,181.8,512.3,308.1
400,0.90,22.0,248.18,219.19,370.48,-2.67,113.87,311.70,113.87,311.70,-16.55,-16.55,M3->FP x M2,114.93,227.20,263.4,63.0,181.8,512.3,331.0
400,0.90,24.0,276.30,248.22,405.78,7.05,114.85,321.93,114.85,321.93,-11.34,-11.34,M3->FP x M2,114.93,227.20,263.4,63.0,181.8,512.3,354.6
400,0.90,26.0,304.09,276.95,440.58,16.49,116.09,333.89,116.09,333.89,-5.96,-5.96,M3->FP x M2,114.93,227.20,263.4,63.0,181.8,512.3,379.0
400,0.90,28.0,331.51,305.34,474.85,25.85,117.62,347.62,117.62,347.62,-0.39,-0.39,M3->FP x M2,114.93,227.20,263.4,63.0,181.8,512.3,404.3
400,0.90,30.0,358.53,333.36,508.54,35.11,119.46,363.15,119.46,363.15,5.19,5.19,M3->FP x M2,114.93,227.20,263.4,63.0,181.8,512.3,430.4
450,0.30,8.0,219.70,221.45,253.31,-0.19,33.24,443.64,33.24,443.64,-3.70,-3.70,M3->FP x M2,37.96,70.48,722.9,21.0,94.2,482.5,287.5
450,0.30,10.0,287.20,292.07,326.22,7.84,34.45,468.32,34.45,468.32,0.78,0.78,M3->FP x M2,37.96,70.48,722.9,21.0,94.2,482.5,345.8
450,0.30,12.0,354.36,362.33,398.73,15.14,36.21,498.99,36.21,498.99,5.19,5.19,M3->FP x M2,37.96,70.48,722.9,21.0,94.2,482.5,404.8
450,0.30,14.0,421.09,432.15,470.76,21.67,38.48,534.97,38.48,534.97,9.66,9.66,M3->FP x M2,37.96,70.48,722.9,21.0,94.2,482.5,464.6
450,0.30,16.0,487.30,501.45,542.21,27.44,41.19,575.64,41.19,575.64,14.20,14.20,M3->FP x M2,37.96,70.48,722.9,21.0,94.2,482.5,525.6
450,0.30,18.0,552.92,570.13,613.00,32.51,44.29,620.51,44.06,620.51,18.84,18.84,M3->FP x M2,37.96,70.48,722.9,21.0,94.2,482.5,587.8
450,0.30,20.0,617.86,638.12,683.05,36.95,47.77,665.84,46.59,669.25,23.59,23.59,M3->FP x M2,37.96,70.48,722.9,21.0,94.2,482.5,651.4
450,0.30,22.0,682.05,705.33,752.26,40.83,51.57,711.20,48.81,721.59,28.46,28.46,M3->FP x M2,37.96,70.48,722.9,21.0,94.2,482.5,716.7
450,0.30,24.0,745.41,771.68,820.55,44.23,55.69,759.95,50.75,777.43,33.47,33.47,M3->FP x M2,37.96,70.48,722.9,21.0,94.2,482.5,783.9
450,0.30,26.0,807.87,837.09,887.85,47.34,60.10,812.08,52.47,836.71,38.63,38.63,M3->FP x M2,37.96,70.48,722.9,21.0,94.2,482.5,853.2
450,0.30,28.0,869.34,901.54,954.07,50.85,64.82,867.61,54.00,899.48,43.97,43.97,M3->FP x M2,37.96,70.48,722.9,21.0,94.2,482.5,924.9
450,0.30,30.0,929.86,967.97,1019.52,54.85,69.84,926.65,55.36,965.88,49.52,49.52,M3->FP x M2,37.96,70.48,722.9,21.0,94.2,482.5,999.3
450,0.40,8.0,164.49,160.50,203.82,-12.04,45.28,413.07,45.28,413.07,-11.22,-12.04,M1->M2 x M3,50.69,95.84,559.7,28.0,108.4,495.2,240.9
450,0.40,10.0,219.09,217.79,264.23,-2.98,45.84,426.72,45.84,426.72,-6.71,-6.71,M3->FP x M2,50.69,95.84,559.7,28.0,108.4,495.2,285.7
450,0.40,12.0,273.42,274.82,324.32,5.59,46.84,444.72,46.84,444.72,-2.13,-2.13,M3->FP x M2,50.69,95.84,559.7,28.0,108.4,495.2,331.1
450,0.40,14.0,327.41,331.52,384.01,13.47,48.27,466.78,48.27,466.78,2.42,2.42,M3->FP x M2,50.69,95.84,559.7,28.0,108.4,495.2,377.2
450,0.40,16.0,381.01,387.81,443.24,20.81,50.13,492.63,50.13,492.63,6.97,6.97,M3->FP x M2,50.69,95.84,559.7,28.0,108.4,495.2,424.1
450,0.40,18.0,434.14,443.63,501.93,27.59,52.39,522.01,52.39,522.01,11.61,11.61,M3->FP x M2,50.69,95.84,559.7,28.0,108.4,495.2,472.0
450,0.40,20.0,486.74,498.90,560.00,33.82,55.05,554.69,55.05,554.69,16.36,16.36,M3->FP x M2,50.69,95.84,559.7,28.0,108.4,495.2,520.9
450,0.40,22.0,538.75,553.57,617.39,39.50,58.08,590.52,58.07,590.52,21.23,21.23,M3->FP x M2,50.69,95.84,559.7,28.0,108.4,495.2,571.2
450,0.40,24.0,590.10,607.57,674.04,44.68,61.47,629.26,61.06,629.40,26.24,26.24,M3->FP x M2,50.69,95.84,559.7,28.0,108.4,495.2,622.9
450,0.40,26.0,640.74,660.83,729.85,49.39,65.21,665.88,63.77,671.27,31.41,31.41,M3->FP x M2,50.69,95.84,559.7,28.0,108.4,495.2,676.2
450,0.40,28.0,690.59,713.28,784.78,53.66,69.30,703.04,66.23,716.14,36.76,36.76,M3->FP x M2,50.69,95.84,559.7,28.0,108.4,495.2,731.4
450,0.40,30.0,739.61,764.86,838.76,57.55,73.75,743.10,68.48,764.09,42.30,42.30,M3->FP x M2,50.69,95.84,559.7,28.0,108.4,495.2,788.7
450,0.50,8.0,129.77,119.84,174.89,-23.88,58.34,392.39,58.34,392.39,-18.90,-23.88,M1->M2 x M3,63.46,121.79,461.7,35.0,122.9,508.3,215.9
450,0.50,10.0,176.63,168.98,227.99,-14.80,58.50,400.35,58.50,400.35,-14.38,-14.80,M1->M2 x M3,63.46,121.79,461.7,35.0,122.9,508.3,252.7
450,0.50,12.0,223.27,217.92,280.82,-5.62,59.02,411.59,59.02,411.59,-9.80,-9.80,M3->FP x M2,63.46,121.79,461.7,35.0,122.9,508.3,289.9
450,0.50,14.0,269.64,266.60,333.31,3.37,59.89,426.02,59.89,426.02,-5.16,-5.16,M3->FP x M2,63.46,121.79,461.7,35.0,122.9,508.3,327.7
450,0.50,16.0,315.68,314.95,385.39,11.66,61.13,443.52,61.13,443.52,-0.43,-0.43,M3->FP x M2,63.46,121.79,461.7,35.0,122.9,508.3,366.2
450,0.50,18.0,361.34,362.91,437.00,19.56,62.74,463.97,62.74,463.97,4.23,4.23,M3->FP x M2,63.46,121.79,461.7,35.0,122.9,508.3,405.5
450,0.50,20.0,406.55,410.44,488.08,27.05,64.70,487.25,64.70,487.25,8.98,8.98,M3->FP x M2,63.46,121.79,461.7,35.0,122.9,508.3,445.6
450,0.50,22.0,451.28,457.46,538.56,34.11,67.04,513.28,67.04,513.28,13.86,13.86,M3->FP x M2,63.46,121.79,461.7,35.0,122.9,508.3,486.9
450,0.50,24.0,495.45,503.93,588.39,40.74,69.73,541.99,69.73,541.99,18.87,18.87,M3->FP x M2,63.46,121.79,461.7,35.0,122.9,508.3,529.3
450,0.50,26.0,539.01,549.78,637.50,46.94,72.80,573.35,72.80,573.35,24.04,24.04,M3->FP x M2,63.46,121.79,461.7,35.0,122.9,508.3,573.0
450,0.50,28.0,581.92,594.96,685.83,52.73,76.23,607.37,76.12,607.37,29.39,29.39,M3->FP x M2,63.46,121.79,461.7,35.0,122.9,508.3,618.3
450,0.50,30.0,624.13,639.42,733.33,58.12,80.04,641.85,79.26,644.11,34.94,34.94,M3->FP x M2,63.46,121.79,461.7,35.0,122.9,508.3,665.3
450,0.60,8.0,105.30,89.29,156.25,-35.64,71.86,375.82,71.86,375.82,-23.99,-35.64,M1->M2 x M3,76.26,148.12,396.4,42.0,137.6,521.9,201.8
450,0.60,10.0,147.01,132.88,204.65,-26.55,71.86,380.40,71.86,380.40,-22.14,-26.55,M1->M2 x M3,76.26,148.12,396.4,42.0,137.6,521.9,233.2
450,0.60,12.0,188.53,176.30,252.80,-17.35,72.06,387.57,72.06,387.57,-17.56,-17.56,M3->FP x M2,76.26,148.12,396.4,42.0,137.6,521.9,265.0
450,0.60,14.0,229.83,219.50,300.64,-8.01,72.56,397.32,72.56,397.32,-12.91,-12.91,M3->FP x M2,76.26,148.12,396.4,42.0,137.6,521.9,297.3
450,0.60,16.0,270.84,262.44,348.11,1.36,73.36,409.61,73.36,409.61,-8.18,-8.18,M3->FP x M2,76.26,148.12,396.4,42.0,137.6,521.9,330.1
450,0.60,18.0,311.53,305.06,395.16,9.97,74.48,424.38,74.48,424.38,-3.36,-3.36,M3->FP x M2,76.26,148.12,396.4,42.0,137.6,521.9,363.7
450,0.60,20.0,351.84,347.31,441.73,18.31,75.92,441.61,75.92,441.61,1.51,1.51,M3->FP x M2,76.26,148.12,396.4,42.0,137.6,521.9,398.0
450,0.60,22.0,391.71,389.13,487.77,26.35,77.69,461.24,77.69,461.24,6.39,6.39,M3->FP x M2,76.26,148.12,396.4,42.0,137.6,521.9,433.2
450,0.60,24.0,431.11,430.48,533.20,34.07,79.80,483.26,79.80,483.26,11.41,11.41,M3->FP x M2,76.26,148.12,396.4,42.0,137.6,521.9,469.4
450,0.60,26.0,469.99,471.31,577.99,41.45,82.26,507.65,82.26,507.65,16.58,16.58,M3->FP x M2,76.26,148.12,396.4,42.0,137.6,521.9,506.8
450,0.60,28.0,508.29,511.56,622.07,48.49,85.09,534.44,85.09,534.44,21.94,21.94,M3->FP x M2,76.26,148.12,396.4,42.0,137.6,521.9,545.5
450,0.60,30.0,545.97,551.19,665.40,55.19,88.29,563.66,88.29,563.66,27.50,27.50,M3->FP x M2,76.26,148.12,396.4,42.0,137.6,521.9,585.6
450,0.70,8.0,86.68,64.55,143.48,-47.26,85.50,361.31,85.50,361.31,-28.16,-47.26,M1->M2 x M3,89.11,174.62,349.8,49.0,152.4,535.5,193.8
450,0.70,10.0,124.71,104.05,188.65,-38.15,85.50,363.68,85.50,363.68,-28.07,-38.15,M1->M2 x M3,89.11,174.62,349.8,49.0,152.4,535.5,221.4
450,0.70,12.0,162.59,143.42,233.60,-28.94,85.52,368.16,85.52,368.16,-25.35,-28.94,M1->M2 x M3,89.11,174.62,349.8,49.0,152.4,535.5,249.3
450,0.70,14.0,200.27,182.61,278.26,-19.58,85.75,374.79,85.75,374.79,-20.70,-20.70,M3->FP x M2,89.11,174.62,349.8,49.0,152.4,535.5,277.7
450,0.70,16.0,237.71,221.58,322.58,-10.07,86.24,383.55,86.24,383.55,-15.97,-15.97,M3->FP x M2,89.11,174.62,349.8,49.0,152.4,535.5,306.5
450,0.70,18.0,274.86,260.29,366.50,-0.37,87.00,394.46,87.00,394.46,-11.14,-11.14,M3->FP x M2,89.11,174.62,349.8,49.0,152.4,535.5,336.0
450,0.70,20.0,311.67,298.67,409.99,8.57,88.04,407.51,88.04,407.51,-6.21,-6.21,M3->FP x M2,89.11,174.62,349.8,49.0,152.4,535.5,366.1
450,0.70,22.0,348.10,336.69,452.97,17.30,89.37,422.69,89.37,422.69,-1.14,-1.14,M3->FP x M2,89.11,174.62,349.8,49.0,152.4,535.5,397.0
450,0.70,24.0,384.11,374.30,495.40,25.81,91.02,440.01,91.02,440.01,3.92,3.92,M3->FP x M2,89.11,174.62,349.8,49.0,152.4,535.5,428.8
450,0.70,26.0,419.65,411.46,537.22,34.08,92.98,459.47,92.98,459.47,9.10,9.10,M3->FP x M2,89.11,174.62,349.8,49.0,152.4,535.5,461.6
450,0.70,28.0,454.68,448.11,578.40,42.11,95.29,481.11,95.29,481.11,14.45,14.45,M3->FP x M2,89.11,174.62,349.8,49.0,152.4,535.5,495.6
450,0.70,30.0,489.16,484.22,618.86,49.87,97.96,504.97,97.96,504.97,20.01,20.01,M3->FP x M2,89.11,174.62,349.8,49.0,152.4,535.5,530.9
450,0.80,8.0,71.72,43.47,134.35,-58.66,99.06,348.00,99.06,348.00,-32.13,-58.66,M1->M2 x M3,102.00,201.06,314.8,56.0,167.2,549.1,189.7
450,0.80,10.0,107.00,79.81,177.22,-49.54,99.06,348.80,99.06,348.80,-32.19,-49.54,M1->M2 x M3,102.00,201.06,314.8,56.0,167.2,549.1,214.4
450,0.80,12.0,142.15,116.04,219.88,-40.31,99.06,351.38,99.06,351.38,-31.97,-40.31,M1->M2 x M3,102.00,201.06,314.8,56.0,167.2,549.1,239.4
450,0.80,14.0,177.13,152.13,262.27,-30.94,99.10,355.78,99.10,355.78,-28.47,-30.94,M1->M2 x M3,102.00,201.06,314.8,56.0,167.2,549.1,264.8
450,0.80,16.0,211.89,188.04,304.33,-21.41,99.36,362.02,99.36,362.02,-23.73,-23.73,M3->FP x M2,102.00,201.06,314.8,56.0,167.2,549.1,290.7
450,0.80,18.0,246.39,223.72,346.03,-11.69,99.85,370.14,99.85,370.14,-18.90,-18.90,M3->FP x M2,102.00,201.06,314.8,56.0,167.2,549.1,317.0
450,0.80,20.0,280.60,259.13,387.30,-1.75,100.59,380.14,100.59,380.14,-13.96,-13.96,M3->FP x M2,102.00,201.06,314.8,56.0,167.2,549.1,344.0
450,0.80,22.0,314.46,294.22,428.11,7.59,101.59,392.06,101.59,392.06,-8.89,-8.89,M3->FP x M2,102.00,201.06,314.8,56.0,167.2,549.1,371.7
450,0.80,24.0,347.94,328.95,468.39,16.67,102.86,405.91,102.86,405.91,-3.68,-3.68,M3->FP x M2,102.00,201.06,314.8,56.0,167.2,549.1,400.2
450,0.80,26.0,380.99,363.29,508.10,25.61,104.42,421.71,104.42,421.71,1.63,1.63,M3->FP x M2,102.00,201.06,314.8,56.0,167.2,549.1,429.6
450,0.80,28.0,413.58,397.18,547.19,34.39,106.30,439.52,106.30,439.52,6.99,6.99,M3->FP x M2,102.00,201.06,314.8,56.0,167.2,549.1,460.1
450,0.80,30.0,445.67,430.58,585.61,43.00,108.51,459.37,108.51,459.37,12.56,12.56,M3->FP x M2,102.00,201.06,314.8,56.0,167.2,549.1,491.6
450,0.90,8.0,59.19,24.91,127.63,-69.77,112.31,335.07,112.31,335.07,-35.90,-69.77,M1->M2 x M3,114.93,227.24,287.6,63.0,181.8,562.3,188.0
450,0.90,10.0,92.34,58.70,168.80,-60.64,112.31,335.12,112.31,335.12,-36.04,-60.64,M1->M2 x M3,114.93,227.24,287.6,63.0,181.8,562.3,210.5
450,0.90,12.0,125.38,92.41,209.77,-51.40,112.31,336.27,112.31,336.27,-36.13,-51.40,M1->M2 x M3,114.93,227.24,287.6,63.0,181.8,562.3,233.3
450,0.90,14.0,158.26,126.01,250.48,-42.02,112.31,338.99,112.31,338.99,-36.15,-42.02,M1->M2 x M3,114.93,227.24,287.6,63.0,181.8,562.3,256.4
450,0.90,16.0,190.95,159.45,290.88,-32.47,112.39,343.33,112.39,343.33,-31.41,-32.47,M1->M2 x M3,114.93,227.24,287.6,63.0,181.8,562.3,279.9
450,0.90,18.0,223.40,192.70,330.93,-22.74,112.68,349.32,112.68,349.32,-26.58,-26.58,M3->FP x M2,114.93,227.24,287.6,63.0,181.8,562.3,303.9
450,0.90,20.0,255.59,225.72,370.58,-12.78,113.18,357.01,113.18,357.01,-21.63,-21.63,M3->FP x M2,114.93,227.24,287.6,63.0,181.8,562.3,328.4
450,0.90,22.0,287.46,258.46,409.78,-2.57,113.91,366.43,113.91,366.43,-16.56,-16.56,M3->FP x M2,114.93,227.24,287.6,63.0,181.8,562.3,353.6
450,0.90,24.0,318.98,290.89,448.47,7.14,114.89,377.62,114.89,377.62,-11.35,-11.35,M3->FP x M2,114.93,227.24,287.6,63.0,181.8,562.3,379.6
450,0.90,26.0,350.12,322.96,486.63,16.57,116.13,390.60,116.13,390.60,-5.97,-5.97,M3->FP x M2,114.93,227.24,287.6,63.0,181.8,562.3,406.3
450,0.90,28.0,380.83,354.64,524.18,25.92,117.66,405.44,117.66,405.44,-0.41,-0.41,M3->FP x M2,114.93,227.24,287.6,63.0,181.8,562.3,434.0
450,0.90,30.0,411.07,385.88,561.10,35.18,119.50,422.18,119.50,422.18,5.18,5.18,M3->FP x M2,114.93,227.24,287.6,63.0,181.8,562.3,462.7
500,0.30,8.0,249.29,250.88,282.97,-0.15,33.75,498.55,33.75,498.55,-3.85,-3.85,M3->FP x M2,37.96,71.00,795.4,21.0,94.5,533.0,311.5
500,0.30,10.0,324.27,328.97,363.37,7.86,34.94,526.00,34.94,526.00,0.64,0.64,M3->FP x M2,37.96,71.00,795.4,21.0,94.5,533.0,375.8
500,0.30,12.0,398.85,406.66,443.33,15.14,36.68,559.92,36.68,559.92,5.05,5.05,M3->FP x M2,37.96,71.00,795.4,21.0,94.5,533.0,440.8
500,0.30,14.0,472.95,483.86,522.75,21.64,38.92,599.59,38.92,599.59,9.52,9.52,M3->FP x M2,37.96,71.00,795.4,21.0,94.5,533.0,506.8
500,0.30,16.0,546.47,560.46,601.53,27.39,41.60,644.37,41.60,644.37,14.07,14.07,M3->FP x M2,37.96,71.00,795.4,21.0,94.5,533.0,574.0
500,0.30,18.0,619.33,636.39,679.57,32.45,44.68,693.74,44.47,693.74,18.71,18.71,M3->FP x M2,37.96,71.00,795.4,21.0,94.5,533.0,642.6
500,0.30,20.0,691.43,711.53,756.79,36.87,48.12,743.99,47.01,747.33,23.45,23.45,M3->FP x M2,37.96,71.00,795.4,21.0,94.5,533.0,712.7
500,0.30,22.0,762.69,785.81,833.09,40.75,51.90,794.59,49.23,804.90,28.32,28.32,M3->FP x M2,37.96,71.00,795.4,21.0,94.5,533.0,784.7
500,0.30,24.0,833.02,859.14,908.37,44.14,55.99,848.94,51.18,866.29,33.33,33.33,M3->FP x M2,37.96,71.00,795.4,21.0,94.5,533.0,858.7
500,0.30,26.0,902.34,931.41,982.55,47.24,60.39,907.01,52.91,931.49,38.49,38.49,M3->FP x M2,37.96,71.00,795.4,21.0,94.5,533.0,935.1
500,0.30,28.0,970.55,1002.58,1055.53,50.74,65.08,968.83,54.44,1000.55,43.84,43.84,M3->FP x M2,37.96,71.00,795.4,21.0,94.5,533.0,1014.2
500,0.30,30.0,1037.76,1075.66,1127.68,54.73,70.08,1034.54,55.81,1073.59,49.38,49.38,M3->FP x M2,37.96,71.00,795.4,21.0,94.5,533.0,1096.3
500,0.40,8.0,188.39,184.24,227.79,-11.97,45.79,465.79,45.79,465.79,-11.37,-11.97,M1->M2 x M3,50.69,96.35,614.1,28.0,108.7,545.7,258.9
500,0.40,10.0,249.02,247.57,294.25,-2.90,46.34,481.12,46.34,481.12,-6.85,-6.85,M3->FP x M2,50.69,96.35,614.1,28.0,108.7,545.7,308.2
500,0.40,12.0,309.35,310.60,360.36,5.65,47.33,501.10,47.33,501.10,-2.28,-2.28,M3->FP x M2,50.69,96.35,614.1,28.0,108.7,545.7,358.2
500,0.40,14.0,369.30,373.25,426.03,13.51,48.75,525.44,48.75,525.44,2.28,2.28,M3->FP x M2,50.69,96.35,614.1,28.0,108.7,545.7,408.9
500,0.40,16.0,428.80,435.45,491.18,20.83,50.59,553.86,50.59,553.86,6.83,6.83,M3->FP x M2,50.69,96.35,614.1,28.0,108.7,545.7,460.4
500,0.40,18.0,487.78,497.11,555.72,27.59,52.83,586.09,52.83,586.09,11.47,11.47,M3->FP x M2,50.69,96.35,614.1,28.0,108.7,545.7,513.1
500,0.40,20.0,546.16,558.17,619.60,33.80,55.47,621.91,55.47,621.91,16.22,16.22,M3->FP x M2,50.69,96.35,614.1,28.0,108.7,545.7,566.9
500,0.40,22.0,603.88,618.56,682.72,39.46,58.47,661.16,58.47,661.16,21.09,21.09,M3->FP x M2,50.69,96.35,614.1,28.0,108.7,545.7,622.2
500,0.40,24.0,660.86,678.18,745.00,44.63,61.84,703.67,61.46,703.73,26.11,26.11,M3->FP x M2,50.69,96.35,614.1,28.0,108.7,545.7,679.0
500,0.40,26.0,717.04,736.98,806.38,49.32,65.56,744.32,64.18,749.59,31.27,31.27,M3->FP x M2,50.69,96.35,614.1,28.0,108.7,545.7,737.7
500,0.40,28.0,772.35,794.89,866.78,53.59,69.64,785.79,66.65,798.74,36.62,36.62,M3->FP x M2,50.69,96.35,614.1,28.0,108.7,545.7,798.4
500,0.40,30.0,826.71,851.82,926.12,57.47,74.06,830.47,68.89,851.27,42.17,42.17,M3->FP x M2,50.69,96.35,614.1,28.0,108.7,545.7,861.4
500,0.50,8.0,150.26,140.18,195.44,-23.77,58.78,444.02,58.78,444.02,-19.02,-23.77,M1->M2 x M3,63.46,122.24,505.3,35.0,123.2,558.8,230.3
500,0.50,10.0,202.29,194.50,253.73,-14.70,58.94,453.12,58.94,453.12,-14.50,-14.70,M1->M2 x M3,63.46,122.24,505.3,35.0,123.2,558.8,270.7
500,0.50,12.0,254.08,248.59,311.72,-5.51,59.46,465.72,59.46,465.72,-9.92,-9.92,M3->FP x M2,63.46,122.24,505.3,35.0,123.2,558.8,311.6
500,0.50,14.0,305.55,302.37,369.32,3.47,60.33,481.70,60.33,481.70,-5.28,-5.28,M3->FP x M2,63.46,122.24,505.3,35.0,123.2,558.8,353.1
500,0.50,16.0,356.65,355.78,426.48,11.73,61.56,500.96,61.56,500.96,-0.55,-0.55,M3->FP x M2,63.46,122.24,505.3,35.0,123.2,558.8,395.3
500,0.50,18.0,407.32,408.76,483.11,19.62,63.15,523.37,63.15,523.37,4.11,4.11,M3->FP x M2,63.46,122.24,505.3,35.0,123.2,558.8,438.4
500,0.50,20.0,457.49,461.24,539.16,27.09,65.10,548.82,65.10,548.82,8.86,8.86,M3->FP x M2,63.46,122.24,505.3,35.0,123.2,558.8,482.5
500,0.50,22.0,507.10,513.16,594.55,34.13,67.42,577.24,67.42,577.24,13.74,13.74,M3->FP x M2,63.46,122.24,505.3,35.0,123.2,558.8,527.7
500,0.50,24.0,556.10,564.45,649.22,40.74,70.10,608.56,70.10,608.56,18.75,18.75,M3->FP x M2,63.46,122.24,505.3,35.0,123.2,558.8,574.2
500,0.50,26.0,604.42,615.05,703.09,46.93,73.15,642.76,73.15,642.76,23.92,23.92,M3->FP x M2,63.46,122.24,505.3,35.0,123.2,558.8,622.2
500,0.50,28.0,652.00,664.91,756.11,52.70,76.57,679.87,76.47,679.87,29.27,29.27,M3->FP x M2,63.46,122.24,505.3,35.0,123.2,558.8,671.9
500,0.50,30.0,698.78,713.96,808.21,58.08,80.37,717.92,79.61,719.94,34.83,34.83,M3->FP x M2,63.46,122.24,505.3,35.0,123.2,558.8,723.5
500,0.60,8.0,123.51,107.40,174.50,-35.51,72.20,426.78,72.20,426.78,-24.08,-35.51,M1->M2 x M3,76.27,148.46,432.7,42.0,137.8,572.2,213.8
500,0.60,10.0,169.81,155.58,227.51,-26.42,72.20,432.23,72.20,432.23,-22.23,-26.42,M1->M2 x M3,76.27,148.46,432.7,42.0,137.8,572.2,248.2
500,0.60,12.0,215.91,203.57,280.25,-17.22,72.40,440.41,72.40,440.41,-17.65,-17.65,M3->FP x M2,76.27,148.46,432.7,42.0,137.8,572.2,283.0
500,0.60,14.0,261.74,251.32,332.64,-7.88,72.90,451.30,72.90,451.30,-13.01,-13.01,M3->FP x M2,76.27,148.46,432.7,42.0,137.8,572.2,318.4
500,0.60,16.0,307.26,298.75,384.62,1.48,73.69,464.87,73.69,464.87,-8.28,-8.28,M3->FP x M2,76.27,148.46,432.7,42.0,137.8,572.2,354.4
500,0.60,18.0,352.40,345.83,436.14,10.08,74.80,481.08,74.80,481.08,-3.46,-3.46,M3->FP x M2,76.27,148.46,432.7,42.0,137.8,572.2,391.1
500,0.60,20.0,397.11,392.48,487.12,18.40,76.24,499.90,76.24,499.90,1.42,1.42,M3->FP x M2,76.27,148.46,432.7,42.0,137.8,572.2,428.7
500,0.60,22.0,441.34,438.66,537.52,26.42,78.00,521.29,78.00,521.29,6.30,6.30,M3->FP x M2,76.27,148.46,432.7,42.0,137.8,572.2,467.2
500,0.60,24.0,485.03,484.30,587.25,34.13,80.11,545.23,80.11,545.23,11.32,11.32,M3->FP x M2,76.27,148.46,432.7,42.0,137.8,572.2,506.9
500,0.60,26.0,528.12,529.35,636.28,41.49,82.56,571.74,82.56,571.74,16.49,16.49,M3->FP x M2,76.27,148.46,432.7,42.0,137.8,572.2,547.8
500,0.60,28.0,570.58,573.75,684.52,48.52,85.38,600.83,85.38,600.83,21.85,21.85,M3->FP x M2,76.27,148.46,432.7,42.0,137.8,572.2,590.1
500,0.60,30.0,612.34,617.46,731.93,55.20,88.57,632.57,88.57,632.57,27.41,27.41,M3->FP x M2,76.27,148.46,432.7,42.0,137.8,572.2,634.1
500,0.70,8.0,103.26,81.06,160.09,-47.12,85.73,411.78,85.73,411.78,-28.11,-47.12,M1->M2 x M3,89.12,174.84,380.9,49.0,152.5,585.7,204.1
500,0.70,10.0,145.48,124.75,209.46,-38.01,85.73,414.86,85.73,414.86,-28.12,-38.01,M1->M2 x M3,89.12,174.84,380.9,49.0,152.5,585.7,234.2
500,0.70,12.0,187.53,168.28,258.58,-28.80,85.75,420.15,85.75,420.15,-25.42,-28.80,M1->M2 x M3,89.12,174.84,380.9,49.0,152.5,585.7,264.8
500,0.70,14.0,229.34,211.61,307.38,-19.45,85.98,427.68,85.98,427.68,-20.76,-20.76,M3->FP x M2,89.12,174.84,380.9,49.0,152.5,585.7,295.7
500,0.70,16.0,270.87,254.68,355.80,-9.93,86.46,437.45,86.46,437.45,-16.03,-16.03,M3->FP x M2,89.12,174.84,380.9,49.0,152.5,585.7,327.3
500,0.70,18.0,312.08,297.44,403.79,-0.23,87.22,449.47,87.22,449.47,-11.21,-11.21,M3->FP x M2,89.12,174.84,380.9,49.0,152.5,585.7,359.5
500,0.70,20.0,352.90,339.84,451.29,8.69,88.26,463.74,88.26,463.74,-6.27,-6.27,M3->FP x M2,89.12,174.84,380.9,49.0,152.5,585.7,392.4
500,0.70,22.0,393.29,381.82,498.24,17.40,89.59,480.26,89.59,480.26,-1.21,-1.21,M3->FP x M2,89.12,174.84,380.9,49.0,152.5,585.7,426.2
500,0.70,24.0,433.21,423.34,544.59,25.90,91.23,499.05,91.23,499.05,3.86,3.86,M3->FP x M2,89.12,174.84,380.9,49.0,152.5,585.7,460.9
500,0.70,26.0,472.60,464.34,590.27,34.16,93.19,520.14,93.19,520.14,9.04,9.04,M3->FP x M2,89.12,174.84,380.9,49.0,152.5,585.7,496.8
500,0.70,28.0,511.41,504.78,635.23,42.17,95.49,543.55,95.49,543.55,14.39,14.39,M3->FP x M2,89.12,174.84,380.9,49.0,152.5,585.7,533.9
500,0.70,30.0,549.59,544.60,679.41,49.92,98.15,569.36,98.15,569.36,19.95,19.95,M3->FP x M2,89.12,174.84,380.9,49.0,152.5,585.7,572.4
500,0.80,8.0,87.08,58.80,149.73,-58.53,99.17,398.07,99.17,398.07,-32.11,-58.53,M1->M2 x M3,102.00,201.18,342.0,56.0,167.3,599.2,198.6
500,0.80,10.0,126.24,99.01,196.49,-49.42,99.17,399.49,99.17,399.49,-32.17,-49.42,M1->M2 x M3,102.00,201.18,342.0,56.0,167.3,599.2,225.6
500,0.80,12.0,165.25,139.11,243.00,-40.19,99.17,402.76,99.17,402.76,-31.94,-40.19,M1->M2 x M3,102.00,201.18,342.0,56.0,167.3,599.2,252.9
500,0.80,14.0,204.06,179.03,289.22,-30.82,99.22,407.91,99.22,407.91,-28.50,-30.82,M1->M2 x M3,102.00,201.18,342.0,56.0,167.3,599.2,280.6
500,0.80,16.0,242.61,218.73,335.09,-21.29,99.48,414.98,99.48,414.98,-23.76,-23.76,M3->FP x M2,102.00,201.18,342.0,56.0,167.3,599.2,308.8
500,0.80,18.0,280.88,258.17,380.55,-11.57,99.97,424.00,99.97,424.00,-18.93,-18.93,M3->FP x M2,102.00,201.18,342.0,56.0,167.3,599.2,337.6
500,0.80,20.0,318.80,297.30,425.54,-1.63,100.70,434.98,100.70,434.98,-13.99,-13.99,M3->FP x M2,102.00,201.18,342.0,56.0,167.3,599.2,367.0
500,0.80,22.0,356.33,336.06,470.02,7.70,101.70,447.97,101.70,447.97,-8.93,-8.93,M3->FP x M2,102.00,201.18,342.0,56.0,167.3,599.2,397.2
500,0.80,24.0,393.42,374.41,513.92,16.77,102.97,462.99,102.97,462.99,-3.72,-3.72,M3->FP x M2,102.00,201.18,342.0,56.0,167.3,599.2,428.3
500,0.80,26.0,430.04,412.31,557.20,25.70,104.53,480.07,104.53,480.07,1.60,1.60,M3->FP x M2,102.00,201.18,342.0,56.0,167.3,599.2,460.3
500,0.80,28.0,466.14,449.70,599.80,34.47,106.41,499.28,106.41,499.28,6.96,6.96,M3->FP x M2,102.00,201.18,342.0,56.0,167.3,599.2,493.5
500,0.80,30.0,501.66,486.55,641.67,43.06,108.62,520.67,108.62,520.67,12.53,12.53,M3->FP x M2,102.00,201.18,342.0,56.0,167.3,599.2,528.0
500,0.90,8.0,73.61,39.32,142.05,-69.69,112.34,385.07,112.34,385.07,-35.90,-69.69,M1->M2 x M3,114.93,227.27,311.8,63.0,181.8,612.3,196.0
500,0.90,10.0,110.40,76.74,186.86,-60.56,112.34,385.37,112.34,385.37,-36.05,-60.56,M1->M2 x M3,114.93,227.27,311.8,63.0,181.8,612.3,220.5
500,0.90,12.0,147.05,114.07,231.45,-51.32,112.34,387.14,112.34,387.14,-36.14,-51.32,M1->M2 x M3,114.93,227.27,311.8,63.0,181.8,612.3,245.2
500,0.90,14.0,183.53,151.26,275.75,-41.94,112.34,390.53,112.34,390.53,-36.16,-41.94,M1->M2 x M3,114.93,227.27,311.8,63.0,181.8,612.3,270.4
500,0.90,16.0,219.78,188.27,319.72,-32.39,112.42,395.59,112.42,395.59,-31.42,-32.39,M1->M2 x M3,114.93,227.27,311.8,63.0,181.8,612.3,296.0
500,0.90,18.0,255.76,225.05,363.30,-22.66,112.71,402.35,112.71,402.35,-26.59,-26.59,M3->FP x M2,114.93,227.27,311.8,63.0,181.8,612.3,322.1
500,0.90,20.0,291.43,261.55,406.43,-12.70,113.21,410.86,113.21,410.86,-21.64,-21.64,M3->FP x M2,114.93,227.27,311.8,63.0,181.8,612.3,348.8
500,0.90,22.0,326.75,297.74,449.08,-2.49,113.94,421.17,113.94,421.17,-16.57,-16.57,M3->FP x M2,114.93,227.27,311.8,63.0,181.8,612.3,376.3
500,0.90,24.0,361.66,333.56,491.17,7.21,114.92,433.31,114.92,433.31,-11.36,-11.36,M3->FP x M2,114.93,227.27,311.8,63.0,181.8,612.3,404.5
500,0.90,26.0,396.14,368.97,532.66,16.63,116.16,447.33,116.16,447.33,-5.98,-5.98,M3->FP x M2,114.93,227.27,311.8,63.0,181.8,612.3,433.6
500,0.90,28.0,430.14,403.94,573.51,25.98,117.69,463.30,117.69,463.30,-0.41,-0.41,M3->FP x M2,114.93,227.27,311.8,63.0,181.8,612.3,463.7
500,0.90,30.0,463.61,438.41,613.66,35.24,119.53,481.28,119.53,481.28,5.17,5.17,M3->FP x M2,114.93,227.27,311.8,63.0,181.8,612.3,495.0
550,0.30,8.0,278.88,280.34,312.62,-0.12,34.16,553.48,34.16,553.48,-3.96,-3.96,M3->FP x M2,37.96,71.42,868.0,21.0,94.8,583.5,335.5
550,0.30,10.0,361.33,365.90,400.51,7.88,35.34,583.69,35.34,583.69,0.53,0.53,M3->FP x M2,37.96,71.42,868.0,21.0,94.8,583.5,405.7
550,0.30,12.0,443.35,451.02,487.91,15.14,37.06,620.87,37.06,620.87,4.93,4.93,M3->FP x M2,37.96,71.42,868.0,21.0,94.8,583.5,476.8
550,0.30,14.0,524.82,535.59,574.71,21.62,39.28,664.24,39.28,664.24,9.41,9.41,M3->FP x M2,37.96,71.42,868.0,21.0,94.8,583.5,548.9
550,0.30,16.0,605.65,619.51,660.82,27.36,41.93,713.12,41.93,713.12,13.95,13.95,M3->FP x M2,37.96,71.42,868.0,21.0,94.8,583.5,622.4
550,0.30,18.0,685.74,702.67,746.12,32.40,44.99,766.99,44.81,766.99,18.59,18.59,M3->FP x M2,37.96,71.42,868.0,21.0,94.8,583.5,697.3
550,0.30,20.0,765.00,784.98,830.51,36.82,48.41,822.16,47.35,825.45,23.34,23.34,M3->FP x M2,37.96,71.42,868.0,21.0,94.8,583.5,774.0
550,0.30,22.0,843.33,866.33,913.89,40.68,52.17,878.00,49.58,888.23,28.21,28.21,M3->FP x M2,37.96,71.42,868.0,21.0,94.8,583.5,852.7
550,0.30,24.0,920.63,946.62,996.15,44.07,56.24,937.94,51.53,955.20,33.22,33.22,M3->FP x M2,37.96,71.42,868.0,21.0,94.8,583.5,933.6
550,0.30,26.0,996.81,1025.76,1077.20,47.16,60.62,1001.95,53.26,1026.31,38.38,38.38,M3->FP x M2,37.96,71.42,868.0,21.0,94.8,583.5,1017.1
550,0.30,28.0,1071.77,1103.66,1156.94,50.65,65.30,1070.07,54.80,1101.65,43.73,43.73,M3->FP x M2,37.96,71.42,868.0,21.0,94.8,583.5,1103.5
550,0.30,30.0,1145.66,1183.40,1235.80,54.64,70.28,1142.44,56.17,1181.35,49.27,49.27,M3->FP x M2,37.96,71.42,868.0,21.0,94.8,583.5,1193.2
550,0.40,8.0,212.30,208.01,251.75,-11.90,46.20,518.54,46.20,518.54,-11.48,-11.90,M1->M2 x M3,50.69,96.77,668.5,28.0,108.9,596.1,276.9
550,0.40,10.0,278.96,277.37,324.26,-2.84,46.75,535.53,46.75,535.53,-6.96,-6.96,M3->FP x M2,50.69,96.77,668.5,28.0,108.9,596.1,330.7
550,0.40,12.0,345.29,346.40,396.38,5.69,47.73,557.49,47.73,557.49,-2.39,-2.39,M3->FP x M2,50.69,96.77,668.5,28.0,108.9,596.1,385.2
550,0.40,14.0,411.19,415.01,468.02,13.54,49.14,584.12,49.14,584.12,2.17,2.17,M3->FP x M2,50.69,96.77,668.5,28.0,108.9,596.1,440.5
550,0.40,16.0,476.60,483.12,539.09,20.84,50.97,615.11,50.97,615.11,6.72,6.72,M3->FP x M2,50.69,96.77,668.5,28.0,108.9,596.1,496.8
550,0.40,18.0,541.42,550.63,609.49,27.59,53.19,650.20,53.19,650.20,11.36,11.36,M3->FP x M2,50.69,96.77,668.5,28.0,108.9,596.1,554.2
550,0.40,20.0,605.59,617.47,679.16,33.78,55.81,689.16,55.81,689.16,16.11,16.11,M3->FP x M2,50.69,96.77,668.5,28.0,108.9,596.1,612.9
550,0.40,22.0,669.01,683.56,748.00,39.43,58.80,731.83,58.80,731.83,20.98,20.98,M3->FP x M2,50.69,96.77,668.5,28.0,108.9,596.1,673.2
550,0.40,24.0,731.62,748.82,815.93,44.58,62.15,778.08,61.80,778.11,25.99,25.99,M3->FP x M2,50.69,96.77,668.5,28.0,108.9,596.1,735.2
550,0.40,26.0,793.35,813.17,882.86,49.27,65.85,822.78,64.51,827.95,31.16,31.16,M3->FP x M2,50.69,96.77,668.5,28.0,108.9,596.1,799.2
550,0.40,28.0,854.10,876.52,948.72,53.53,69.91,868.57,66.99,881.39,36.51,36.51,M3->FP x M2,50.69,96.77,668.5,28.0,108.9,596.1,865.4
550,0.40,30.0,913.81,938.81,1013.43,57.40,74.32,917.85,69.24,938.50,42.06,42.06,M3->FP x M2,50.69,96.77,668.5,28.0,108.9,596.1,934.2
550,0.50,8.0,170.75,160.56,215.97,-23.69,59.14,495.70,59.14,495.70,-19.12,-23.69,M1->M2 x M3,63.46,122.60,548.8,35.0,123.4,609.1,244.8
550,0.50,10.0,227.95,220.05,279.45,-14.61,59.30,505.93,59.30,505.93,-14.60,-14.61,M1->M2 x M3,63.46,122.60,548.8,35.0,123.4,609.1,288.7
550,0.50,12.0,284.88,279.28,342.59,-5.42,59.81,519.86,59.81,519.86,-10.02,-10.02,M3->FP x M2,63.46,122.60,548.8,35.0,123.4,609.1,333.2
550,0.50,14.0,341.46,338.16,405.32,3.54,60.68,537.39,60.68,537.39,-5.38,-5.38,M3->FP x M2,63.46,122.60,548.8,35.0,123.4,609.1,378.4
550,0.50,16.0,397.62,396.63,467.54,11.80,61.90,558.41,61.90,558.41,-0.65,-0.65,M3->FP x M2,63.46,122.60,548.8,35.0,123.4,609.1,424.3
550,0.50,18.0,453.30,454.63,529.20,19.67,63.48,582.78,63.48,582.78,4.02,4.02,M3->FP x M2,63.46,122.60,548.8,35.0,123.4,609.1,471.3
550,0.50,20.0,508.42,512.06,590.22,27.12,65.43,610.41,65.43,610.41,8.77,8.77,M3->FP x M2,63.46,122.60,548.8,35.0,123.4,609.1,519.3
550,0.50,22.0,562.93,568.88,650.51,34.15,67.74,641.22,67.74,641.22,13.64,13.64,M3->FP x M2,63.46,122.60,548.8,35.0,123.4,609.1,568.5
550,0.50,24.0,616.75,624.99,710.02,40.74,70.41,675.17,70.41,675.17,18.66,18.66,M3->FP x M2,63.46,122.60,548.8,35.0,123.4,609.1,619.2
550,0.50,26.0,669.82,680.35,768.65,46.92,73.44,712.22,73.44,712.22,23.83,23.83,M3->FP x M2,63.46,122.60,548.8,35.0,123.4,609.1,671.4
550,0.50,28.0,722.07,734.88,826.36,52.68,76.85,752.42,76.76,752.42,29.18,29.18,M3->FP x M2,63.46,122.60,548.8,35.0,123.4,609.1,725.5
550,0.50,30.0,773.44,788.52,883.05,58.05,80.63,794.01,79.90,795.83,34.73,34.73,M3->FP x M2,63.46,122.60,548.8,35.0,123.4,609.1,781.7
550,0.60,8.0,141.72,125.52,192.75,-35.41,72.48,477.82,72.48,477.82,-24.15,-35.41,M1->M2 x M3,76.27,148.74,469.0,42.0,138.0,622.5,225.8
550,0.60,10.0,192.62,178.30,250.37,-26.32,72.48,484.10,72.48,484.10,-22.31,-26.32,M1->M2 x M3,76.27,148.74,469.0,42.0,138.0,622.5,263.2
550,0.60,12.0,243.29,230.86,307.68,-17.11,72.68,493.27,72.68,493.27,-17.73,-17.73,M3->FP x M2,76.27,148.74,469.0,42.0,138.0,622.5,301.0
550,0.60,14.0,293.66,283.15,364.62,-7.78,73.17,505.29,73.17,505.29,-13.08,-13.08,M3->FP x M2,76.27,148.74,469.0,42.0,138.0,622.5,339.5
550,0.60,16.0,343.67,335.08,421.11,1.57,73.97,520.15,73.97,520.15,-8.36,-8.36,M3->FP x M2,76.27,148.74,469.0,42.0,138.0,622.5,378.6
550,0.60,18.0,393.27,386.61,477.09,10.16,75.07,537.79,75.07,537.79,-3.53,-3.53,M3->FP x M2,76.27,148.74,469.0,42.0,138.0,622.5,418.5
550,0.60,20.0,442.38,437.67,532.49,18.47,76.50,558.20,76.50,558.20,1.35,1.35,M3->FP x M2,76.27,148.74,469.0,42.0,138.0,622.5,459.3
550,0.60,22.0,490.96,488.20,587.24,26.48,78.26,581.35,78.26,581.35,6.23,6.23,M3->FP x M2,76.27,148.74,469.0,42.0,138.0,622.5,501.2
550,0.60,24.0,538.94,538.13,641.28,34.17,80.36,607.23,80.36,607.23,11.25,11.25,M3->FP x M2,76.27,148.74,469.0,42.0,138.0,622.5,544.3
550,0.60,26.0,586.26,587.40,694.53,41.52,82.80,635.86,82.80,635.86,16.42,16.42,M3->FP x M2,76.27,148.74,469.0,42.0,138.0,622.5,588.8
550,0.60,28.0,632.87,635.96,746.94,48.54,85.61,667.27,85.61,667.27,21.78,21.78,M3->FP x M2,76.27,148.74,469.0,42.0,138.0,622.5,634.8
550,0.60,30.0,678.70,683.74,798.44,55.21,88.80,701.53,88.80,701.53,27.33,27.33,M3->FP x M2,76.27,148.74,469.0,42.0,138.0,622.5,682.6
550,0.70,8.0,119.85,97.59,176.70,-47.01,85.91,462.37,85.91,462.37,-28.08,-47.01,M1->M2 x M3,89.12,175.02,412.0,49.0,152.6,635.9,214.4
550,0.70,10.0,166.26,145.46,230.27,-37.90,85.91,466.12,85.91,466.12,-28.17,-37.90,M1->M2 x M3,89.12,175.02,412.0,49.0,152.6,635.9,247.1
550,0.70,12.0,212.46,193.16,283.55,-28.69,85.93,472.19,85.93,472.19,-25.47,-28.69,M1->M2 x M3,89.12,175.02,412.0,49.0,152.6,635.9,280.2
550,0.70,14.0,258.41,240.62,336.49,-19.34,86.16,480.60,86.16,480.60,-20.81,-20.81,M3->FP x M2,89.12,175.02,412.0,49.0,152.6,635.9,313.8
550,0.70,16.0,304.04,287.79,389.02,-9.82,86.64,491.36,86.64,491.36,-16.08,-16.08,M3->FP x M2,89.12,175.02,412.0,49.0,152.6,635.9,348.0
550,0.70,18.0,349.30,334.60,441.07,-0.12,87.40,504.48,87.40,504.48,-11.26,-11.26,M3->FP x M2,89.12,175.02,412.0,49.0,152.6,635.9,382.9
550,0.70,20.0,394.13,381.01,492.59,8.78,88.43,519.97,88.43,519.97,-6.32,-6.32,M3->FP x M2,89.12,175.02,412.0,49.0,152.6,635.9,418.6
550,0.70,22.0,438.49,426.96,543.51,17.48,89.76,537.84,89.76,537.84,-1.26,-1.26,M3->FP x M2,89.12,175.02,412.0,49.0,152.6,635.9,455.3
550,0.70,24.0,482.31,472.38,593.76,25.97,91.40,558.12,91.40,558.12,3.81,3.81,M3->FP x M2,89.12,175.02,412.0,49.0,152.6,635.9,493.0
550,0.70,26.0,525.54,517.23,643.29,34.22,93.36,580.83,93.36,580.83,8.99,8.99,M3->FP x M2,89.12,175.02,412.0,49.0,152.6,635.9,531.9
550,0.70,28.0,568.13,561.45,692.04,42.22,95.66,606.04,95.66,606.04,14.35,14.35,M3->FP x M2,89.12,175.02,412.0,49.0,152.6,635.9,572.2
550,0.70,30.0,610.03,604.99,739.94,49.96,98.31,633.81,98.31,633.81,19.91,19.91,M3->FP x M2,89.12,175.02,412.0,49.0,152.6,635.9,613.9
550,0.80,8.0,102.45,74.14,165.11,-58.43,99.26,448.29,99.26,448.29,-32.09,-58.43,M1->M2 x M3,102.00,201.27,369.2,56.0,167.3,649.3,207.6
550,0.80,10.0,145.49,118.23,215.75,-49.31,99.26,450.28,99.26,450.28,-32.15,-49.31,M1->M2 x M3,102.00,201.27,369.2,56.0,167.3,649.3,236.8
550,0.80,12.0,188.35,162.18,266.12,-40.09,99.26,454.20,99.26,454.20,-31.91,-40.09,M1->M2 x M3,102.00,201.27,369.2,56.0,167.3,649.3,266.4
550,0.80,14.0,230.99,205.93,316.18,-30.72,99.31,460.09,99.31,460.09,-28.53,-30.72,M1->M2 x M3,102.00,201.27,369.2,56.0,167.3,649.3,296.4
550,0.80,16.0,273.34,249.43,365.84,-21.19,99.57,467.96,99.57,467.96,-23.79,-23.79,M3->FP x M2,102.00,201.27,369.2,56.0,167.3,649.3,326.9
550,0.80,18.0,315.36,292.63,415.06,-11.47,100.06,477.86,100.06,477.86,-18.96,-18.96,M3->FP x M2,102.00,201.27,369.2,56.0,167.3,649.3,358.1
550,0.80,20.0,357.00,335.47,463.77,-1.53,100.79,489.83,100.79,489.83,-14.02,-14.02,M3->FP x M2,102.00,201.27,369.2,56.0,167.3,649.3,390.0
550,0.80,22.0,398.20,377.90,511.92,7.78,101.79,503.88,101.79,503.88,-8.95,-8.95,M3->FP x M2,102.00,201.27,369.2,56.0,167.3,649.3,422.7
550,0.80,24.0,438.91,419.87,559.45,16.85,103.06,520.07,103.06,520.07,-3.74,-3.74,M3->FP x M2,102.00,201.27,369.2,56.0,167.3,649.3,456.3
550,0.80,26.0,479.09,461.33,606.29,25.77,104.62,538.45,104.62,538.45,1.57,1.57,M3->FP x M2,102.00,201.27,369.2,56.0,167.3,649.3,491.1
550,0.80,28.0,518.69,502.23,652.40,34.53,106.49,559.07,106.49,559.07,6.94,6.94,M3->FP x M2,102.00,201.27,369.2,56.0,167.3,649.3,527.0
550,0.80,30.0,557.66,542.51,697.71,43.12,108.70,582.02,108.70,582.02,12.50,12.50,M3->FP x M2,102.00,201.27,369.2,56.0,167.3,649.3,564.3
550,0.90,8.0,88.03,53.73,156.47,-69.63,112.37,435.07,112.37,435.07,-35.90,-69.63,M1->M2 x M3,114.93,227.30,336.0,63.0,181.9,662.4,203.9
550,0.90,10.0,128.46,94.79,204.92,-60.50,112.37,435.78,112.37,435.78,-36.05,-60.50,M1->M2 x M3,114.93,227.30,336.0,63.0,181.9,662.4,230.4
550,0.90,12.0,168.73,135.74,253.13,-51.25,112.37,438.12,112.37,438.12,-36.14,-51.25,M1->M2 x M3,114.93,227.30,336.0,63.0,181.9,662.4,257.2
550,0.90,14.0,208.79,176.52,301.03,-41.87,112.37,442.14,112.37,442.14,-36.17,-41.87,M1->M2 x M3,114.93,227.30,336.0,63.0,181.9,662.4,284.4
550,0.90,16.0,248.61,217.09,348.56,-32.33,112.45,447.88,112.45,447.88,-31.43,-32.33,M1->M2 x M3,114.93,227.30,336.0,63.0,181.9,662.4,312.1
550,0.90,18.0,288.11,257.40,395.66,-22.59,112.74,455.39,112.74,455.39,-26.59,-26.59,M3->FP x M2,114.93,227.30,336.0,63.0,181.9,662.4,340.3
550,0.90,20.0,327.27,297.39,442.29,-12.64,113.24,464.72,113.24,464.72,-21.65,-21.65,M3->FP x M2,114.93,227.30,336.0,63.0,181.9,662.4,369.2
550,0.90,22.0,366.03,337.01,488.37,-2.43,113.97,475.90,113.97,475.90,-16.58,-16.58,M3->FP x M2,114.93,227.30,336.0,63.0,181.9,662.4,398.9
550,0.90,24.0,404.34,376.23,533.86,7.26,114.95,489.00,114.95,489.00,-11.36,-11.36,M3->FP x M2,114.93,227.30,336.0,63.0,181.9,662.4,429.4
550,0.90,26.0,442.17,414.99,578.70,16.69,116.19,504.07,116.19,504.07,-5.98,-5.98,M3->FP x M2,114.93,227.30,336.0,63.0,181.9,662.4,460.9
550,0.90,28.0,479.45,453.24,622.83,26.03,117.72,521.19,117.72,521.19,-0.42,-0.42,M3->FP x M2,114.93,227.30,336.0,63.0,181.9,662.4,493.5
550,0.90,30.0,516.15,490.94,666.21,35.28,119.55,540.43,119.55,540.43,5.16,5.16,M3->FP x M2,114.93,227.30,336.0,63.0,181.9,662.4,527.3
600,0.30,8.0,308.47,309.82,342.26,-0.09,34.51,608.42,34.51,608.42,-4.06,-4.06,M3->FP x M2,37.96,71.78,940.5,21.0,95.0,633.8,359.5
600,0.30,10.0,398.40,402.86,437.64,7.89,35.68,641.40,35.68,641.40,0.44,0.44,M3->FP x M2,37.96,71.78,940.5,21.0,95.0,633.8,435.6
600,0.30,12.0,487.84,495.40,532.47,15.13,37.38,681.83,37.38,681.83,4.84,4.84,M3->FP x M2,37.96,71.78,940.5,21.0,95.0,633.8,512.8
600,0.30,14.0,576.68,587.35,626.67,21.61,39.58,728.89,39.58,728.89,9.31,9.31,M3->FP x M2,37.96,71.78,940.5,21.0,95.0,633.8,591.1
600,0.30,16.0,664.83,678.58,720.09,27.33,42.22,781.89,42.22,781.89,13.86,13.86,M3->FP x M2,37.96,71.78,940.5,21.0,95.0,633.8,670.7
600,0.30,18.0,752.16,768.98,812.64,32.36,45.26,840.26,45.09,840.26,18.50,18.50,M3->FP x M2,37.96,71.78,940.5,21.0,95.0,633.8,752.1
600,0.30,20.0,838.58,858.44,904.20,36.77,48.66,900.33,47.63,903.58,23.25,23.25,M3->FP x M2,37.96,71.78,940.5,21.0,95.0,633.8,835.2
600,0.30,22.0,923.97,946.86,994.66,40.63,52.40,961.42,49.86,971.58,28.11,28.11,M3->FP x M2,37.96,71.78,940.5,21.0,95.0,633.8,920.6
600,0.30,24.0,1008.24,1034.13,1083.90,44.01,56.45,1026.95,51.83,1044.12,33.12,33.12,M3->FP x M2,37.96,71.78,940.5,21.0,95.0,633.8,1008.4
600,0.30,26.0,1091.28,1120.13,1171.83,47.10,60.82,1096.89,53.56,1121.16,38.29,38.29,M3->FP x M2,37.96,71.78,940.5,21.0,95.0,633.8,1099.0
600,0.30,28.0,1172.99,1204.77,1258.33,50.58,65.48,1171.31,55.10,1202.77,43.63,43.63,M3->FP x M2,37.96,71.78,940.5,21.0,95.0,633.8,1192.8
600,0.30,30.0,1253.57,1291.16,1343.89,54.56,70.45,1250.35,56.47,1289.13,49.18,49.18,M3->FP x M2,37.96,71.78,940.5,21.0,95.0,633.8,1290.1
600,0.40,8.0,236.20,231.80,275.70,-11.85,46.55,571.32,46.55,571.32,-11.58,-11.85,M1->M2 x M3,50.69,97.12,722.9,28.0,109.1,646.4,294.9
600,0.40,10.0,308.90,307.20,354.26,-2.79,47.09,589.97,47.09,589.97,-7.06,-7.06,M3->FP x M2,50.69,97.12,722.9,28.0,109.1,646.4,353.2
600,0.40,12.0,381.22,382.23,432.39,5.73,48.07,613.90,48.07,613.90,-2.49,-2.49,M3->FP x M2,50.69,97.12,722.9,28.0,109.1,646.4,412.2
600,0.40,14.0,453.09,456.80,509.99,13.56,49.46,642.80,49.46,642.80,2.08,2.08,M3->FP x M2,50.69,97.12,722.9,28.0,109.1,646.4,472.1
600,0.40,16.0,524.39,530.80,586.98,20.86,51.28,676.36,51.28,676.36,6.63,6.63,M3->FP x M2,50.69,97.12,722.9,28.0,109.1,646.4,533.0
600,0.40,18.0,595.06,604.17,663.24,27.59,53.50,714.32,53.50,714.32,11.27,11.27,M3->FP x M2,50.69,97.12,722.9,28.0,109.1,646.4,595.2
600,0.40,20.0,665.01,676.79,738.70,33.77,56.10,756.42,56.10,756.42,16.02,16.02,M3->FP x M2,50.69,97.12,722.9,28.0,109.1,646.4,658.9
600,0.40,22.0,734.14,748.59,813.26,39.41,59.07,802.52,59.07,802.52,20.89,20.89,M3->FP x M2,50.69,97.12,722.9,28.0,109.1,646.4,724.2
600,0.40,24.0,802.39,819.48,886.83,44.55,62.41,852.50,62.07,852.51,25.90,25.90,M3->FP x M2,50.69,97.12,722.9,28.0,109.1,646.4,791.4
600,0.40,26.0,869.65,889.37,959.32,49.23,66.10,901.25,64.79,906.34,31.07,31.07,M3->FP x M2,50.69,97.12,722.9,28.0,109.1,646.4,860.7
600,0.40,28.0,935.85,958.18,1030.64,53.48,70.14,951.35,67.27,964.07,36.42,36.42,M3->FP x M2,50.69,97.12,722.9,28.0,109.1,646.4,932.4
600,0.40,30.0,1000.91,1025.82,1100.70,57.35,74.53,1005.25,69.52,1025.77,41.97,41.97,M3->FP x M2,50.69,97.12,722.9,28.0,109.1,646.4,1006.9
600,0.50,8.0,191.24,180.95,236.50,-23.61,59.44,547.41,59.44,547.41,-19.20,-23.61,M1->M2 x M3,63.46,122.90,592.3,35.0,123.5,659.4,259.2
600,0.50,10.0,253.61,245.61,305.16,-14.54,59.61,558.76,59.61,558.76,-14.68,-14.68,M3->FP x M2,63.46,122.90,592.3,35.0,123.5,659.4,306.7
600,0.50,12.0,315.68,309.98,373.46,-5.35,60.11,574.02,60.11,574.02,-10.11,-10.11,M3->FP x M2,63.46,122.90,592.3,35.0,123.5,659.4,354.8
600,0.50,14.0,377.36,373.97,441.29,3.60,60.97,593.10,60.97,593.10,-5.46,-5.46,M3->FP x M2,63.46,122.90,592.3,35.0,123.5,659.4,403.7
600,0.50,16.0,438.59,437.51,508.59,11.85,62.19,615.86,62.19,615.86,-0.74,-0.74,M3->FP x M2,63.46,122.90,592.3,35.0,123.5,659.4,453.4
600,0.50,18.0,499.28,500.51,575.28,19.70,63.77,642.20,63.77,642.20,3.93,3.93,M3->FP x M2,63.46,122.90,592.3,35.0,123.5,659.4,504.1
600,0.50,20.0,559.36,562.91,641.25,27.15,65.70,672.02,65.70,672.02,8.69,8.69,M3->FP x M2,63.46,122.90,592.3,35.0,123.5,659.4,556.0
600,0.50,22.0,618.76,624.61,706.45,34.16,68.00,705.23,68.00,705.23,13.56,13.56,M3->FP x M2,63.46,122.90,592.3,35.0,123.5,659.4,609.3
600,0.50,24.0,677.40,685.56,770.79,40.75,70.66,741.80,70.66,741.80,18.58,18.58,M3->FP x M2,63.46,122.90,592.3,35.0,123.5,659.4,664.1
600,0.50,26.0,735.22,745.67,834.19,46.91,73.69,781.71,73.69,781.71,23.75,23.75,M3->FP x M2,63.46,122.90,592.3,35.0,123.5,659.4,720.6
600,0.50,28.0,792.15,804.87,896.57,52.66,77.08,825.00,77.00,825.00,29.10,29.10,M3->FP x M2,63.46,122.90,592.3,35.0,123.5,659.4,779.1
600,0.50,30.0,848.10,863.09,957.86,58.02,80.85,870.09,80.14,871.76,34.65,34.65,M3->FP x M2,63.46,122.90,592.3,35.0,123.5,659.4,839.9
600,0.60,8.0,159.93,143.66,211.00,-35.32,72.71,528.90,72.71,528.90,-24.10,-35.32,M1->M2 x M3,76.27,148.98,505.3,42.0,138.1,672.7,237.8
600,0.60,10.0,215.43,201.04,273.22,-26.23,72.71,536.01,72.71,536.01,-22.37,-26.23,M1->M2 x M3,76.27,148.98,505.3,42.0,138.1,672.7,278.2
600,0.60,12.0,270.67,258.17,335.11,-17.03,72.91,546.15,72.91,546.15,-17.79,-17.79,M3->FP x M2,76.27,148.98,505.3,42.0,138.1,672.7,319.0
600,0.60,14.0,325.58,314.99,396.59,-7.69,73.40,559.30,73.40,559.30,-13.15,-13.15,M3->FP x M2,76.27,148.98,505.3,42.0,138.1,672.7,360.5
600,0.60,16.0,380.09,371.43,457.59,1.65,74.19,575.43,74.19,575.43,-8.42,-8.42,M3->FP x M2,76.27,148.98,505.3,42.0,138.1,672.7,402.8
600,0.60,18.0,434.14,427.41,518.04,10.23,75.30,594.51,75.30,594.51,-3.60,-3.60,M3->FP x M2,76.27,148.98,505.3,42.0,138.1,672.7,445.9
600,0.60,20.0,487.66,482.88,577.85,18.53,76.72,616.52,76.72,616.52,1.29,1.29,M3->FP x M2,76.27,148.98,505.3,42.0,138.1,672.7,490.0
600,0.60,22.0,540.58,537.75,636.95,26.53,78.47,641.43,78.47,641.43,6.17,6.17,M3->FP x M2,76.27,148.98,505.3,42.0,138.1,672.7,535.2
600,0.60,24.0,592.85,591.97,695.28,34.21,80.57,669.25,80.57,669.25,11.18,11.18,M3->FP x M2,76.27,148.98,505.3,42.0,138.1,672.7,581.7
600,0.60,26.0,644.40,645.47,752.77,41.55,83.01,700.01,83.01,700.01,16.36,16.36,M3->FP x M2,76.27,148.98,505.3,42.0,138.1,672.7,629.8
600,0.60,28.0,695.15,698.18,809.34,48.55,85.81,733.74,85.81,733.74,21.71,21.71,M3->FP x M2,76.27,148.98,505.3,42.0,138.1,672.7,679.5
600,0.60,30.0,745.07,750.04,864.92,55.22,88.99,770.53,88.99,770.53,27.27,27.27,M3->FP x M2,76.27,148.98,505.3,42.0,138.1,672.7,731.1
600,0.70,8.0,136.43,114.13,193.31,-46.91,86.06,513.02,86.06,513.02,-28.04,-46.91,M1->M2 x M3,89.12,175.18,443.1,49.0,152.7,686.1,224.6
600,0.70,10.0,187.03,166.19,251.07,-37.81,86.06,517.42,86.06,517.42,-28.14,-37.81,M1->M2 x M3,89.12,175.18,443.1,49.0,152.7,686.1,259.9
600,0.70,12.0,237.40,218.05,308.52,-28.59,86.08,524.25,86.08,524.25,-25.51,-28.59,M1->M2 x M3,89.12,175.18,443.1,49.0,152.7,686.1,295.6
600,0.70,14.0,287.47,269.64,365.59,-19.24,86.31,533.53,86.31,533.53,-20.86,-20.86,M3->FP x M2,89.12,175.18,443.1,49.0,152.7,686.1,331.9
600,0.70,16.0,337.20,320.90,422.22,-9.73,86.80,545.28,86.80,545.28,-16.12,-16.12,M3->FP x M2,89.12,175.18,443.1,49.0,152.7,686.1,368.7
600,0.70,18.0,386.52,371.78,478.34,-0.02,87.55,559.50,87.55,559.50,-11.30,-11.30,M3->FP x M2,89.12,175.18,443.1,49.0,152.7,686.1,406.4
600,0.70,20.0,435.36,422.20,533.87,8.86,88.58,576.21,88.58,576.21,-6.36,-6.36,M3->FP x M2,89.12,175.18,443.1,49.0,152.7,686.1,444.9
600,0.70,22.0,483.68,472.11,588.75,17.55,89.91,595.43,89.91,595.43,-1.30,-1.30,M3->FP x M2,89.12,175.18,443.1,49.0,152.7,686.1,484.4
600,0.70,24.0,531.41,521.44,642.92,26.03,91.54,617.20,91.54,617.20,3.77,3.77,M3->FP x M2,89.12,175.18,443.1,49.0,152.7,686.1,525.1
600,0.70,26.0,578.48,570.13,696.30,34.27,93.50,641.55,93.50,641.55,8.95,8.95,M3->FP x M2,89.12,175.18,443.1,49.0,152.7,686.1,567.0
600,0.70,28.0,624.86,618.13,748.84,42.27,95.79,668.55,95.79,668.55,14.31,14.31,M3->FP x M2,89.12,175.18,443.1,49.0,152.7,686.1,610.4
600,0.70,30.0,670.47,665.38,800.46,50.00,98.45,698.29,98.45,698.29,19.87,19.87,M3->FP x M2,89.12,175.18,443.1,49.0,152.7,686.1,655.5
600,0.80,8.0,117.81,89.48,180.49,-58.35,99.34,498.61,99.34,498.61,-32.08,-58.35,M1->M2 x M3,102.01,201.35,396.4,56.0,167.4,699.3,216.6
600,0.80,10.0,164.73,137.45,235.01,-49.23,99.34,501.15,99.34,501.15,-32.13,-49.23,M1->M2 x M3,102.01,201.35,396.4,56.0,167.4,699.3,248.0
600,0.80,12.0,211.45,185.26,289.24,-40.00,99.34,505.70,99.34,505.70,-31.89,-40.00,M1->M2 x M3,102.01,201.35,396.4,56.0,167.4,699.3,279.9
600,0.80,14.0,257.92,232.84,343.12,-30.64,99.39,512.29,99.39,512.29,-28.55,-30.64,M1->M2 x M3,102.01,201.35,396.4,56.0,167.4,699.3,312.2
600,0.80,16.0,304.07,280.13,396.59,-21.11,99.64,520.96,99.64,520.96,-23.81,-23.81,M3->FP x M2,102.01,201.35,396.4,56.0,167.4,699.3,345.0
600,0.80,18.0,349.85,327.09,449.57,-11.39,100.13,531.74,100.13,531.74,-18.98,-18.98,M3->FP x M2,102.01,201.35,396.4,56.0,167.4,699.3,378.6
600,0.80,20.0,395.20,373.65,502.00,-1.45,100.87,544.67,100.87,544.67,-14.04,-14.04,M3->FP x M2,102.01,201.35,396.4,56.0,167.4,699.3,412.9
600,0.80,22.0,440.07,419.75,553.82,7.86,101.86,559.80,101.86,559.80,-8.97,-8.97,M3->FP x M2,102.01,201.35,396.4,56.0,167.4,699.3,448.1
600,0.80,24.0,484.40,465.34,604.97,16.91,103.13,577.17,103.13,577.17,-3.76,-3.76,M3->FP x M2,102.01,201.35,396.4,56.0,167.4,699.3,484.4
600,0.80,26.0,528.15,510.36,655.38,25.83,104.69,596.84,104.69,596.84,1.55,1.55,M3->FP x M2,102.01,201.35,396.4,56.0,167.4,699.3,521.8
600,0.80,28.0,571.25,554.76,704.99,34.59,106.57,618.89,106.57,618.89,6.92,6.92,M3->FP x M2,102.01,201.35,396.4,56.0,167.4,699.3,560.5
600,0.80,30.0,613.65,598.49,753.74,43.17,108.77,643.40,108.77,643.40,12.48,12.48,M3->FP x M2,102.01,201.35,396.4,56.0,167.4,699.3,600.6
600,0.90,8.0,102.44,68.14,170.89,-69.57,112.39,485.11,112.39,485.11,-35.91,-69.57,M1->M2 x M3,114.93,227.32,360.2,63.0,181.9,712.4,211.9
600,0.90,10.0,146.51,112.84,222.99,-60.44,112.39,486.30,112.39,486.30,-36.06,-60.44,M1->M2 x M3,114.93,227.32,360.2,63.0,181.9,712.4,240.4
600,0.90,12.0,190.40,157.41,274.81,-51.20,112.39,489.18,112.39,489.18,-36.15,-51.20,M1->M2 x M3,114.93,227.32,360.2,63.0,181.9,712.4,269.2
600,0.90,14.0,234.06,201.78,326.30,-41.82,112.39,493.80,112.39,493.80,-36.17,-41.82,M1->M2 x M3,114.93,227.32,360.2,63.0,181.9,712.4,298.4
600,0.90,16.0,277.43,245.91,377.39,-32.28,112.47,500.21,112.47,500.21,-31.43,-32.28,M1->M2 x M3,114.93,227.32,360.2,63.0,181.9,712.4,328.2
600,0.90,18.0,320.47,289.74,428.02,-22.54,112.76,508.45,112.76,508.45,-26.60,-26.60,M3->FP x M2,114.93,227.32,360.2,63.0,181.9,712.4,358.6
600,0.90,20.0,363.11,333.22,478.14,-12.59,113.26,518.57,113.26,518.57,-21.65,-21.65,M3->FP x M2,114.93,227.32,360.2,63.0,181.9,712.4,389.6
600,0.90,22.0,405.32,376.29,527.66,-2.38,113.99,530.64,113.99,530.64,-16.58,-16.58,M3->FP x M2,114.93,227.32,360.2,63.0,181.9,712.4,421.5
600,0.90,24.0,447.03,418.90,576.55,7.31,114.97,544.69,114.97,544.69,-11.37,-11.37,M3->FP x M2,114.93,227.32,360.2,63.0,181.9,712.4,454.3
600,0.90,26.0,488.19,461.01,624.73,16.73,116.21,560.82,116.21,560.82,-5.99,-5.99,M3->FP x M2,114.93,227.32,360.2,63.0,181.9,712.4,488.2
600,0.90,28.0,528.76,502.55,672.15,26.07,117.74,579.09,117.74,579.09,-0.43,-0.43,M3->FP x M2,114.93,227.32,360.2,63.0,181.9,712.4,523.2
600,0.90,30.0,568.68,543.48,718.76,35.32,119.57,599.60,119.57,599.60,5.16,5.16,M3->FP x M2,114.93,227.32,360.2,63.0,181.9,712.4,559.6
