dyson5 t3s -- the FIRST-ORDER clearance screen of the telecentric three-mirror family (addendum 21) (2026-10-02 15:37)
CONVENTIONS: tma_screen (design/src): OI_CLEAR's nine leg x obstacle pairs (the offset_imager gate's), evaluated
  PARAXIALLY -- chief through M2's vertex (the stop) + the axial marginal, meridional rays, the box centre and the
  two along-track extremes (+-0.15 deg) at zero cross-track angle; glass = one disk per field, footprint centre +
  1.15 x the marginal height, in the element's plane (FP normal to the axis); a leg crossing a disk is negative by
  its in-plane depth.  Layout = telescope_seed's family at f 330 mm, D 183 mm, Petzval 0, exit pupil 41.51 m behind
  the slit: knobs t1 (M1 -> stop), y2 (compression at M2; t2 = f y2 and the back focus follow), offset.  Mirror
  diameters = footprint extent incl. the cross-track +-4.69 deg (max of x, y); length = z extent of M1..FP; height =
  y extent.  PASS = all nine >= +5 mm.  First order only: sag, aberrated footprints, conics ignored.
  INSTANCE: altitude 550 km, GSD 30 m -> IFOV 54.5 urad, f 330.0 mm, D 183.3 mm at F/1.8, 3000 px x IFOV = 9.38 deg cross-track;
  pupil match to spectrometer size:F:240 (its apparent entrance pupil 41.51 m behind the slit).

VALIDATION -- screen vs the engine oi_clear on the template's seed (spheres, R2/R3 from EFL + Petzval 0, its BFD), mm:
  t1 370 mm off  0 deg: floor engine -109.2 (M1->M2 x M3)  screen -117.7 (in->M1 x M3);  max |diff| 9.2 mm; stop y 0.0 mm
  t1 370 mm off  8 deg: floor engine  -88.3 (M1->M2 x M3)  screen -100.7 (M1->M2 x M3);  max |diff| 16.4 mm; stop y 0.6 mm
  t1 800 mm off 10 deg: floor engine  -60.9 (M1->M2 x M3)  screen  -71.1 (M1->M2 x M3);  max |diff| 552.4 mm; stop y -376.2 mm

SCAN: t1 [200 250 300 350 400 450 500 550 600 650 700 750 800 850 900 950 1000 1050 1100 1150 1200] mm x y2 [0.3 0.35 0.4 0.45 0.5 0.55 0.6 0.65 0.7 0.75 0.8 0.85 0.9] x offset [2 3 4 5 6 7 8 9 10 11 12 13 14 15 16 17 18 19 20] deg -> 5187 rows (0 (t1, y2) seeds do not close)
rows passing all nine >= 5 mm: 841 of 5187; at offset <= 15 deg: 268

BEST ROW PER OFFSET (max floor over t1 x y2), mm:
    t1   y2  off | iM1xM2 iM1xM3 iM1xFP  12xM3  12xFP  23xM1  23xFP  3FxM1  3FxM2 |   floor worst pair   |    t2   BFD |    D1    D2    D3 |   len   hgt
   200  0.3    2 |  -31.2  -37.7   +0.2  -37.4  +18.7 +100.7  +18.7 +100.7  -26.2  |   -37.7 in->M1 x M3  |    99   118 |   293    55   120 |   219   187
   200  0.3    3 |  -31.2  -37.7   +0.4  -37.6  +18.7 +100.7  +18.7 +100.7  -20.4  |   -37.7 in->M1 x M3  |    99   118 |   293    55   120 |   219   187
   200  0.3    4 |  -30.6  -37.6   +0.2  -37.7  +18.7 +100.7  +18.7 +100.7  -14.6  |   -37.7 M1->M2 x M3  |    99   118 |   293    55   120 |   219   197
  1200  0.3    5 | +316.8 +309.1 +383.4  -35.6  +85.4 +1120.6  +85.4 +1120.6  -27.3  |   -35.6 M1->M2 x M3  |    99   185 |   839    55   157 |  1285   533
  1200  0.3    6 | +407.4 +403.7 +481.2  -23.9  +85.6 +1137.4  +85.6 +1137.4  -21.5  |   -23.9 M1->M2 x M3  |    99   185 |   839    55   157 |  1285   610
   700  0.3    7 | +239.4 +242.9 +319.2  -13.0  +76.8 +623.1  +76.8 +623.1  -13.0  |   -13.0 M1->M2 x M3  |    99   175 |   566    55   152 |   776   475
   400  0.3    8 | +114.6 +127.6 +199.0   -2.6  +61.4 +311.1  +61.4 +311.1   -2.4  |    -2.6 M1->M2 x M3  |    99   158 |   402    55   142 |   459   374
   250  0.3    9 |  +44.8  +69.5 +132.2   +7.1  +42.1 +155.6  +42.1 +155.6   +9.8  |    +7.1 M1->M2 x M3  |    99   134 |   320    55   129 |   285   316
   200  0.3   10 |  +26.8  +60.4 +117.6  +17.3  +35.2 +106.6  +35.2 +106.6  +19.8  |   +17.3 M1->M2 x M3  |    99   118 |   293    55   120 |   219   303
   200  0.3   11 |  +42.1  +79.7 +138.7  +28.4  +40.3 +113.8  +40.0 +113.8  +25.5  |   +25.5 M3->FP x M2  |    99   118 |   293    55   120 |   219   321
   200  0.3   12 |  +57.3  +98.9 +159.9  +39.1  +45.7 +123.3  +44.5 +123.3  +31.3  |   +31.3 M3->FP x M2  |    99   118 |   293    55   120 |   219   339
   200  0.3   13 |  +72.5 +118.2 +180.9  +49.4  +51.3 +134.7  +48.7 +134.7  +37.1  |   +37.1 M3->FP x M2  |    99   118 |   293    55   120 |   219   358
   200  0.3   14 |  +87.8 +137.3 +201.9  +59.1  +57.0 +147.5  +52.6 +147.5  +43.0  |   +43.0 M3->FP x M2  |    99   118 |   293    55   120 |   219   376
   200  0.3   15 | +102.9 +156.5 +222.9  +68.4  +62.8 +161.5  +56.3 +161.6  +48.9  |   +48.9 M3->FP x M2  |    99   118 |   293    55   120 |   219   395
   200  0.3   16 | +118.1 +175.5 +243.8  +77.0  +68.8 +175.3  +59.7 +176.6  +54.9  |   +54.9 M3->FP x M2  |    99   118 |   293    55   120 |   219   413
   200  0.3   17 | +133.2 +194.6 +264.6  +85.2  +74.8 +188.1  +62.9 +192.4  +60.9  |   +60.9 M3->FP x M2  |    99   118 |   293    55   120 |   219   432
   200  0.3   18 | +148.3 +213.5 +285.3  +92.8  +81.0 +200.1  +65.9 +208.9  +67.0  |   +65.9 M2->M3 x FP  |    99   118 |   293    55   120 |   219   451
   250  0.3   19 | +233.3 +297.6 +381.1  +97.7  +92.0 +285.3  +80.2 +296.1  +68.9  |   +68.9 M3->FP x M2  |    99   134 |   320    55   129 |   285   533
   250  0.3   20 | +251.9 +320.1 +405.5 +104.0  +98.0 +298.1  +83.0 +316.0  +75.2  |   +75.2 M3->FP x M2  |    99   134 |   320    55   129 |   285   556

BEST ROW PER t1 AT OFFSET <= 15 deg:
    t1   y2  off | iM1xM2 iM1xM3 iM1xFP  12xM3  12xFP  23xM1  23xFP  3FxM1  3FxM2 |   floor worst pair   |    t2   BFD |    D1    D2    D3 |   len   hgt
   200  0.3   15 | +102.9 +156.5 +222.9  +68.4  +62.8 +161.5  +56.3 +161.6  +48.9  |   +48.9 M3->FP x M2  |    99   118 |   293    55   120 |   219   395
   250  0.3   15 | +158.5 +207.1 +282.5  +67.6  +69.3 +224.3  +66.9 +224.3  +44.6  |   +44.6 M3->FP x M2  |    99   134 |   320    55   129 |   285   444
   300  0.3   15 | +214.0 +259.3 +340.8  +67.0  +75.2 +288.5  +74.3 +288.5  +41.8  |   +41.8 M3->FP x M2  |    99   145 |   347    55   135 |   345   492
   350  0.3   15 | +269.5 +312.5 +398.3  +66.6  +80.0 +353.6  +79.7 +353.6  +39.8  |   +39.8 M3->FP x M2  |    99   152 |   375    55   139 |   403   540
   400  0.3   15 | +325.1 +366.3 +455.2  +66.2  +83.9 +419.1  +83.8 +419.1  +38.3  |   +38.3 M3->FP x M2  |    99   158 |   402    55   142 |   459   586
   450  0.3   15 | +380.6 +420.4 +511.9  +66.0  +87.1 +484.9  +87.1 +484.9  +37.1  |   +37.1 M3->FP x M2  |    99   163 |   429    55   145 |   513   633
   500  0.3   15 | +436.1 +474.8 +568.4  +65.7  +89.7 +550.9  +89.7 +550.9  +36.1  |   +36.1 M3->FP x M2  |    99   166 |   457    55   147 |   567   679
   550  0.3   15 | +491.6 +529.5 +624.6  +65.6  +91.9 +617.1  +91.9 +617.1  +35.4  |   +35.4 M3->FP x M2  |    99   169 |   484    55   148 |   620   725
   600  0.3   15 | +547.2 +584.3 +680.8  +65.4  +93.7 +683.3  +93.7 +683.3  +34.7  |   +34.7 M3->FP x M2  |    99   171 |   511    55   150 |   672   771
   650  0.3   15 | +602.7 +639.2 +736.8  +65.3  +95.3 +749.6  +95.3 +749.6  +34.2  |   +34.2 M3->FP x M2  |    99   174 |   539    55   151 |   724   816
   700  0.3   15 | +658.2 +694.1 +792.8  +65.2  +96.7 +816.0  +96.7 +816.0  +33.7  |   +33.7 M3->FP x M2  |    99   175 |   566    55   152 |   776   862
   750  0.3   15 | +713.8 +749.2 +848.7  +65.1  +97.9 +882.4  +97.9 +882.4  +33.3  |   +33.3 M3->FP x M2  |    99   177 |   593    55   153 |   827   907
   800  0.3   15 | +769.3 +804.3 +904.6  +65.0  +99.0 +948.9  +99.0 +948.9  +32.9  |   +32.9 M3->FP x M2  |    99   178 |   621    55   153 |   879   953
   850  0.3   15 | +824.8 +859.5 +960.4  +64.9  +99.9 +1015.4  +99.9 +1015.4  +32.6  |   +32.6 M3->FP x M2  |    99   179 |   648    55   154 |   930   998
   900  0.3   15 | +880.4 +914.7 +1016.2  +64.8 +100.8 +1081.9 +100.8 +1081.9  +32.4  |   +32.4 M3->FP x M2  |    99   180 |   675    55   155 |   981  1044
   950  0.3   15 | +935.9 +969.9 +1072.0  +64.8 +101.5 +1148.5 +101.5 +1148.5  +32.1  |   +32.1 M3->FP x M2  |    99   181 |   703    55   155 |  1032  1089
  1000  0.3   15 | +991.4 +1025.2 +1127.8  +64.7 +102.2 +1215.1 +102.2 +1215.1  +31.9  |   +31.9 M3->FP x M2  |    99   182 |   730    55   156 |  1083  1135
  1050  0.3   15 | +1046.9 +1080.5 +1183.5  +64.7 +102.8 +1281.6 +102.8 +1281.6  +31.7  |   +31.7 M3->FP x M2  |    99   183 |   757    55   156 |  1133  1180
  1100  0.3   15 | +1102.5 +1135.8 +1239.2  +64.6 +103.4 +1348.2 +103.4 +1348.2  +31.5  |   +31.5 M3->FP x M2  |    99   184 |   785    55   156 |  1184  1225
  1150  0.3   15 | +1158.0 +1191.1 +1294.9  +64.6 +103.9 +1414.8 +103.9 +1414.8  +31.3  |   +31.3 M3->FP x M2  |    99   184 |   812    55   157 |  1235  1270
  1200  0.3   15 | +1213.5 +1246.5 +1350.6  +64.6 +104.4 +1481.5 +104.4 +1481.5  +31.2  |   +31.2 M3->FP x M2  |    99   185 |   839    55   157 |  1285  1316

binding (worst) pair over all rows: M1->M2 x M3 2618, M2->M3 x FP 3, M2->M3 x M1 123, M3->FP x M1 69, M3->FP x M2 2118, in->M1 x M2 3, in->M1 x M3 253

PASSING ROWS (all nine >= 5 mm):
    t1   y2  off | iM1xM2 iM1xM3 iM1xFP  12xM3  12xFP  23xM1  23xFP  3FxM1  3FxM2 |   floor worst pair   |    t2   BFD |    D1    D2    D3 |   len   hgt
   200  0.3    9 |  +11.5  +41.2  +96.4   +5.9  +30.3 +102.2  +30.3 +102.2  +14.1  |    +5.9 M1->M2 x M3  |    99   118 |   293    55   120 |   219   285
   200  0.3   10 |  +26.8  +60.4 +117.6  +17.3  +35.2 +106.6  +35.2 +106.6  +19.8  |   +17.3 M1->M2 x M3  |    99   118 |   293    55   120 |   219   303
   200  0.3   11 |  +42.1  +79.7 +138.7  +28.4  +40.3 +113.8  +40.0 +113.8  +25.5  |   +25.5 M3->FP x M2  |    99   118 |   293    55   120 |   219   321
   200  0.3   12 |  +57.3  +98.9 +159.9  +39.1  +45.7 +123.3  +44.5 +123.3  +31.3  |   +31.3 M3->FP x M2  |    99   118 |   293    55   120 |   219   339
   200  0.3   13 |  +72.5 +118.2 +180.9  +49.4  +51.3 +134.7  +48.7 +134.7  +37.1  |   +37.1 M3->FP x M2  |    99   118 |   293    55   120 |   219   358
   200  0.3   14 |  +87.8 +137.3 +201.9  +59.1  +57.0 +147.5  +52.6 +147.5  +43.0  |   +43.0 M3->FP x M2  |    99   118 |   293    55   120 |   219   376
   200  0.3   15 | +102.9 +156.5 +222.9  +68.4  +62.8 +161.5  +56.3 +161.6  +48.9  |   +48.9 M3->FP x M2  |    99   118 |   293    55   120 |   219   395
   200  0.3   16 | +118.1 +175.5 +243.8  +77.0  +68.8 +175.3  +59.7 +176.6  +54.9  |   +54.9 M3->FP x M2  |    99   118 |   293    55   120 |   219   413
   200  0.3   17 | +133.2 +194.6 +264.6  +85.2  +74.8 +188.1  +62.9 +192.4  +60.9  |   +60.9 M3->FP x M2  |    99   118 |   293    55   120 |   219   432
   200  0.3   18 | +148.3 +213.5 +285.3  +92.8  +81.0 +200.1  +65.9 +208.9  +67.0  |   +65.9 M2->M3 x FP  |    99   118 |   293    55   120 |   219   451
   200  0.3   19 | +163.3 +232.4 +305.9  +99.8  +87.2 +211.2  +68.6 +226.1  +73.2  |   +68.6 M2->M3 x FP  |    99   118 |   293    55   120 |   219   471
   200  0.3   20 | +178.3 +251.3 +326.5 +106.4  +93.5 +221.6  +71.2 +243.7  +79.4  |   +71.2 M2->M3 x FP  |    99   118 |   293    55   120 |   219   490
   200  0.3   11 |  +18.9  +48.5 +123.8  +11.9  +46.6  +87.9  +46.6  +87.9  +16.2  |   +11.9 M1->M2 x M3  |   116   151 |   277    64   138 |   235   311
   200  0.3   12 |  +32.6  +65.9 +143.6  +23.3  +50.8  +94.1  +50.8  +94.1  +22.0  |   +22.0 M3->FP x M2  |   116   151 |   277    64   138 |   235   328
   200  0.3   13 |  +46.2  +83.2 +163.3  +34.3  +55.3 +102.5  +55.3 +102.5  +27.8  |   +27.8 M3->FP x M2  |   116   151 |   277    64   138 |   235   344
   200  0.3   14 |  +59.8 +100.5 +182.9  +45.0  +60.2 +112.9  +60.1 +112.9  +33.7  |   +33.7 M3->FP x M2  |   116   151 |   277    64   138 |   235   361
   200  0.3   15 |  +73.4 +117.8 +202.5  +55.4  +65.3 +124.7  +64.6 +124.7  +39.6  |   +39.6 M3->FP x M2  |   116   151 |   277    64   138 |   235   378
   200  0.3   16 |  +87.0 +135.1 +222.1  +65.3  +70.7 +137.7  +68.8 +137.7  +45.6  |   +45.6 M3->FP x M2  |   116   151 |   277    64   138 |   235   395
   200  0.3   17 | +100.6 +152.3 +241.6  +74.7  +76.2 +151.2  +72.8 +151.6  +51.6  |   +51.6 M3->FP x M2  |   116   151 |   277    64   138 |   235   412
   200  0.3   18 | +114.1 +169.4 +261.0  +83.7  +81.9 +164.0  +76.6 +166.3  +57.7  |   +57.7 M3->FP x M2  |   116   151 |   277    64   138 |   235   429
   200  0.3   19 | +127.6 +186.5 +280.3  +92.3  +87.7 +176.1  +80.2 +181.6  +63.9  |   +63.9 M3->FP x M2  |   116   151 |   277    64   138 |   235   447
   200  0.3   20 | +141.0 +203.6 +299.5 +100.3  +93.7 +187.5  +83.6 +197.4  +70.1  |   +70.1 M3->FP x M2  |   116   151 |   277    64   138 |   235   465
   200  0.4   12 |  +12.8  +36.8 +132.7   +6.5  +62.3  +69.6  +62.3  +69.6  +12.0  |    +6.5 M1->M2 x M3  |   133   186 |   265    73   158 |   253   322
   200  0.4   13 |  +25.2  +52.7 +151.5  +18.0  +65.6  +74.9  +65.6  +74.9  +17.8  |   +17.8 M3->FP x M2  |   133   186 |   265    73   158 |   253   337
   200  0.4   14 |  +37.6  +68.6 +170.3  +29.3  +69.4  +82.8  +69.4  +82.8  +23.7  |   +23.7 M3->FP x M2  |   133   186 |   265    73   158 |   253   353
   200  0.4   15 |  +50.0  +84.4 +189.0  +40.4  +73.5  +92.6  +73.5  +92.6  +29.6  |   +29.6 M3->FP x M2  |   133   186 |   265    73   158 |   253   368
   200  0.4   16 |  +62.4 +100.3 +207.6  +51.2  +77.9 +103.9  +77.9 +103.9  +35.6  |   +35.6 M3->FP x M2  |   133   186 |   265    73   158 |   253   384
   200  0.4   17 |  +74.8 +116.1 +226.2  +61.6  +82.6 +116.4  +82.6 +116.4  +41.6  |   +41.6 M3->FP x M2  |   133   186 |   265    73   158 |   253   400
   200  0.4   18 |  +87.2 +131.8 +244.7  +71.6  +87.5 +129.4  +87.1 +129.7  +47.7  |   +47.7 M3->FP x M2  |   133   186 |   265    73   158 |   253   416
   200  0.4   19 |  +99.5 +147.5 +263.2  +81.3  +92.7 +142.1  +91.4 +143.7  +53.9  |   +53.9 M3->FP x M2  |   133   186 |   265    73   158 |   253   432
   200  0.4   20 | +111.8 +163.2 +281.5  +90.5  +98.1 +154.1  +95.5 +158.3  +60.1  |   +60.1 M3->FP x M2  |   133   186 |   265    73   158 |   253   448
   200  0.5   14 |  +19.2  +39.8 +161.9  +12.9  +83.9  +56.1  +83.9  +56.1  +13.1  |   +12.9 M1->M2 x M3  |   149   223 |   256    83   178 |   274   349
   200  0.5   15 |  +30.7  +54.5 +180.0  +24.5  +87.0  +63.6  +87.0  +63.6  +19.0  |   +19.0 M3->FP x M2  |   149   223 |   256    83   178 |   274   364
   200  0.5   16 |  +42.2  +69.1 +198.1  +35.8  +90.5  +73.4  +90.5  +73.4  +25.0  |   +25.0 M3->FP x M2  |   149   223 |   256    83   178 |   274   378
   200  0.5   17 |  +53.7  +83.8 +216.1  +46.9  +94.2  +84.6  +94.2  +84.6  +31.1  |   +31.1 M3->FP x M2  |   149   223 |   256    83   178 |   274   393
   200  0.5   18 |  +65.1  +98.4 +234.0  +57.7  +98.3  +96.9  +98.3  +96.9  +37.2  |   +37.2 M3->FP x M2  |   149   223 |   256    83   178 |   274   408
   200  0.5   19 |  +76.6 +113.0 +251.9  +68.2 +102.6 +109.7 +102.6 +110.0  +43.3  |   +43.3 M3->FP x M2  |   149   223 |   256    83   178 |   274   423
   200  0.5   20 |  +88.0 +127.6 +269.7  +78.3 +107.2 +122.1 +107.2 +123.7  +49.6  |   +49.6 M3->FP x M2  |   149   223 |   256    83   178 |   274   438
   200  0.5   15 |  +14.2  +26.8 +174.4   +8.1 +104.8  +37.5 +104.8  +37.5   +8.0  |    +8.0 M3->FP x M2  |   166   262 |   249    92   200 |   296   363
   200  0.5   16 |  +25.0  +40.5 +192.1  +19.8 +107.4  +45.1 +107.4  +45.1  +14.0  |   +14.0 M3->FP x M2  |   166   262 |   249    92   200 |   296   376
   200  0.5   17 |  +35.7  +54.2 +209.7  +31.4 +110.3  +55.2 +110.3  +55.2  +20.0  |   +20.0 M3->FP x M2  |   166   262 |   249    92   200 |   296   390
   200  0.5   18 |  +46.5  +67.8 +227.3  +42.7 +113.5  +66.8 +113.5  +66.8  +26.1  |   +26.1 M3->FP x M2  |   166   262 |   249    92   200 |   296   404
   200  0.5   19 |  +57.2  +81.5 +244.8  +53.8 +117.1  +79.3 +117.1  +79.3  +32.3  |   +32.3 M3->FP x M2  |   166   262 |   249    92   200 |   296   419
   200  0.5   20 |  +67.9  +95.1 +262.2  +64.7 +120.9  +91.7 +120.9  +92.5  +38.6  |   +38.6 M3->FP x M2  |   166   262 |   249    92   200 |   296   433
   200  0.6   17 |  +20.2  +26.5 +206.1  +15.6 +129.7  +27.4 +129.7  +27.4   +8.6  |    +8.6 M3->FP x M2  |   183   303 |   243   101   223 |   320   391
   200  0.6   18 |  +30.3  +39.3 +223.4  +27.4 +132.3  +38.7 +132.3  +38.7  +14.7  |   +14.7 M3->FP x M2  |   183   303 |   243   101   223 |   320   404
   200  0.6   19 |  +40.5  +52.2 +240.7  +38.9 +135.1  +51.0 +135.1  +51.1  +20.9  |   +20.9 M3->FP x M2  |   183   303 |   243   101   223 |   320   417
   200  0.6   20 |  +50.6  +65.2 +257.9  +50.3 +138.2  +63.2 +138.2  +64.1  +27.2  |   +27.2 M3->FP x M2  |   183   303 |   243   101   223 |   320   431
   200  0.6   19 |  +25.7  +25.8 +238.9  +23.9 +155.7  +24.9 +155.7  +26.4   +9.3  |    +9.3 M3->FP x M2  |   200   344 |   238   110   246 |   345   419
   200  0.6   20 |  +35.4  +38.8 +256.0  +35.7 +158.2  +36.8 +158.2  +39.4  +15.6  |   +15.6 M3->FP x M2  |   200   344 |   238   110   246 |   345   432
   250  0.3    9 |  +44.8  +69.5 +132.2   +7.1  +42.1 +155.6  +42.1 +155.6   +9.8  |    +7.1 M1->M2 x M3  |    99   134 |   320    55   129 |   285   316
   250  0.3   10 |  +63.9  +92.5 +157.4  +18.2  +45.7 +162.0  +45.7 +162.0  +15.5  |   +15.5 M3->FP x M2  |    99   134 |   320    55   129 |   285   337
   250  0.3   11 |  +82.8 +115.5 +182.5  +29.1  +49.8 +170.9  +49.8 +170.9  +21.2  |   +21.2 M3->FP x M2  |    99   134 |   320    55   129 |   285   358
   250  0.3   12 | +101.8 +138.4 +207.6  +39.4  +54.3 +181.8  +54.3 +181.8  +27.0  |   +27.0 M3->FP x M2  |    99   134 |   320    55   129 |   285   380
   250  0.3   13 | +120.7 +161.4 +232.7  +49.3  +59.0 +194.5  +58.8 +194.5  +32.9  |   +32.9 M3->FP x M2  |    99   134 |   320    55   129 |   285   401
   250  0.3   14 | +139.6 +184.2 +257.6  +58.7  +64.1 +208.7  +63.0 +208.7  +38.7  |   +38.7 M3->FP x M2  |    99   134 |   320    55   129 |   285   422
   250  0.3   15 | +158.5 +207.1 +282.5  +67.6  +69.3 +224.3  +66.9 +224.3  +44.6  |   +44.6 M3->FP x M2  |    99   134 |   320    55   129 |   285   444
   250  0.3   16 | +177.3 +229.8 +307.3  +75.9  +74.7 +240.8  +70.6 +240.9  +50.6  |   +50.6 M3->FP x M2  |    99   134 |   320    55   129 |   285   466
   250  0.3   17 | +196.0 +252.5 +332.0  +83.7  +80.3 +256.7  +74.0 +258.5  +56.7  |   +56.7 M3->FP x M2  |    99   134 |   320    55   129 |   285   488
   250  0.3   18 | +214.7 +275.1 +356.6  +90.9  +86.1 +271.5  +77.2 +276.9  +62.8  |   +62.8 M3->FP x M2  |    99   134 |   320    55   129 |   285   511
   250  0.3   19 | +233.3 +297.6 +381.1  +97.7  +92.0 +285.3  +80.2 +296.1  +68.9  |   +68.9 M3->FP x M2  |    99   134 |   320    55   129 |   285   533
   250  0.3   20 | +251.9 +320.1 +405.5 +104.0  +98.0 +298.1  +83.0 +316.0  +75.2  |   +75.2 M3->FP x M2  |    99   134 |   320    55   129 |   285   556
   250  0.3   11 |  +55.3  +79.7 +163.1  +13.4  +59.5 +142.6  +59.5 +142.6  +11.9  |   +11.9 M3->FP x M2  |   116   167 |   300    64   147 |   301   344
   250  0.3   12 |  +72.2 +100.4 +186.5  +24.5  +62.8 +150.2  +62.8 +150.2  +17.7  |   +17.7 M3->FP x M2  |   116   167 |   300    64   147 |   301   363
   250  0.3   13 |  +89.1 +121.1 +209.7  +35.3  +66.6 +159.7  +66.6 +159.7  +23.5  |   +23.5 M3->FP x M2  |   116   167 |   300    64   147 |   301   382
   250  0.3   14 | +106.0 +141.7 +233.0  +45.7  +70.7 +170.9  +70.7 +170.9  +29.4  |   +29.4 M3->FP x M2  |   116   167 |   300    64   147 |   301   402
   250  0.3   15 | +122.9 +162.3 +256.1  +55.7  +75.1 +183.6  +75.1 +183.6  +35.3  |   +35.3 M3->FP x M2  |   116   167 |   300    64   147 |   301   421
   250  0.3   16 | +139.7 +182.8 +279.2  +65.2  +79.8 +197.6  +79.6 +197.6  +41.3  |   +41.3 M3->FP x M2  |   116   167 |   300    64   147 |   301   441
   250  0.3   17 | +156.5 +203.3 +302.1  +74.3  +84.7 +212.6  +83.8 +212.6  +47.3  |   +47.3 M3->FP x M2  |   116   167 |   300    64   147 |   301   461
   250  0.3   18 | +173.2 +223.7 +325.0  +83.0  +89.8 +228.2  +87.8 +228.5  +53.4  |   +53.4 M3->FP x M2  |   116   167 |   300    64   147 |   301   481
   250  0.3   19 | +189.9 +244.0 +347.8  +91.2  +95.2 +243.2  +91.5 +245.2  +59.6  |   +59.6 M3->FP x M2  |   116   167 |   300    64   147 |   301   501
   250  0.3   20 | +206.5 +264.3 +370.5  +98.9 +100.7 +257.2  +95.1 +262.6  +65.9  |   +65.9 M3->FP x M2  |   116   167 |   300    64   147 |   301   522
   250  0.4   12 |  +48.7  +67.9 +171.9   +8.6  +76.1 +123.8  +76.1 +123.8   +7.8  |    +7.8 M3->FP x M2  |   133   201 |   286    73   166 |   319   354
   250  0.4   13 |  +64.1  +86.8 +193.9  +19.9  +78.8 +130.4  +78.8 +130.4  +13.6  |   +13.6 M3->FP x M2  |   133   201 |   286    73   166 |   319   371
   250  0.4   14 |  +79.5 +105.6 +215.9  +31.0  +82.0 +139.0  +82.0 +139.0  +19.5  |   +19.5 M3->FP x M2  |   133   201 |   286    73   166 |   319   389
   250  0.4   15 |  +94.9 +124.5 +237.8  +41.8  +85.5 +149.3  +85.5 +149.3  +25.4  |   +25.4 M3->FP x M2  |   133   201 |   286    73   166 |   319   407
   250  0.4   16 | +110.2 +143.3 +259.7  +52.2  +89.3 +161.0  +89.3 +161.0  +31.4  |   +31.4 M3->FP x M2  |   133   201 |   286    73   166 |   319   425
   250  0.4   17 | +125.5 +162.0 +281.5  +62.3  +93.4 +173.9  +93.4 +173.9  +37.5  |   +37.5 M3->FP x M2  |   133   201 |   286    73   166 |   319   443
   250  0.4   18 | +140.8 +180.7 +303.2  +72.0  +97.8 +187.9  +97.8 +187.9  +43.6  |   +43.6 M3->FP x M2  |   133   201 |   286    73   166 |   319   461
   250  0.4   19 | +156.0 +199.4 +324.8  +81.3 +102.5 +202.7 +102.3 +202.7  +49.7  |   +49.7 M3->FP x M2  |   133   201 |   286    73   166 |   319   480
   250  0.4   20 | +171.2 +217.9 +346.3  +90.2 +107.4 +217.5 +106.6 +218.2  +56.0  |   +56.0 M3->FP x M2  |   133   201 |   286    73   166 |   319   499
   250  0.5   14 |  +57.8  +73.7 +204.0  +15.4  +97.2 +111.2  +97.2 +111.2   +9.2  |    +9.2 M3->FP x M2  |   149   238 |   274    82   187 |   339   381
   250  0.5   15 |  +72.0  +91.2 +225.1  +26.7  +99.9 +119.2  +99.9 +119.2  +15.1  |   +15.1 M3->FP x M2  |   149   238 |   274    82   187 |   339   398
   250  0.5   16 |  +86.2 +108.6 +246.1  +37.8 +102.9 +128.9 +102.9 +128.9  +21.1  |   +21.1 M3->FP x M2  |   149   238 |   274    82   187 |   339   415
   250  0.5   17 | +100.4 +126.0 +267.1  +48.6 +106.2 +140.0 +106.2 +140.0  +27.1  |   +27.1 M3->FP x M2  |   149   238 |   274    82   187 |   339   432
   250  0.5   18 | +114.5 +143.3 +288.0  +59.1 +109.9 +152.3 +109.9 +152.3  +33.2  |   +33.2 M3->FP x M2  |   149   238 |   274    82   187 |   339   449
   250  0.5   19 | +128.6 +160.6 +308.7  +69.2 +113.8 +165.6 +113.8 +165.6  +39.4  |   +39.4 M3->FP x M2  |   149   238 |   274    82   187 |   339   466
   250  0.5   20 | +142.7 +177.8 +329.4  +79.1 +117.9 +179.7 +117.9 +179.7  +45.7  |   +45.7 M3->FP x M2  |   149   238 |   274    82   187 |   339   483
   250  0.5   16 |  +66.0  +77.3 +236.8  +22.6 +119.7  +99.9 +119.7  +99.9  +10.4  |   +10.4 M3->FP x M2  |   166   276 |   265    92   208 |   360   409
   250  0.5   17 |  +79.2  +93.5 +257.1  +33.9 +122.4 +109.3 +122.4 +109.3  +16.4  |   +16.4 M3->FP x M2  |   166   276 |   265    92   208 |   360   425
   250  0.5   18 |  +92.5 +109.7 +277.4  +45.0 +125.3 +120.1 +125.3 +120.1  +22.5  |   +22.5 M3->FP x M2  |   166   276 |   265    92   208 |   360   441
   250  0.5   19 | +105.7 +125.8 +297.6  +55.8 +128.5 +132.1 +128.5 +132.1  +28.7  |   +28.7 M3->FP x M2  |   166   276 |   265    92   208 |   360   457
   250  0.5   20 | +118.9 +142.0 +317.8  +66.4 +132.0 +145.1 +132.0 +145.1  +35.0  |   +35.0 M3->FP x M2  |   166   276 |   265    92   208 |   360   474
   250  0.6   17 |  +61.0  +63.6 +250.4  +18.9 +141.0  +81.1 +141.0  +81.1   +5.4  |    +5.4 M3->FP x M2  |   183   315 |   258   101   229 |   382   422
   250  0.6   18 |  +73.5  +78.8 +270.3  +30.4 +143.4  +90.4 +143.4  +90.4  +11.5  |   +11.5 M3->FP x M2  |   183   315 |   258   101   229 |   382   437
   250  0.6   19 |  +86.0  +94.0 +290.2  +41.7 +146.0 +101.3 +146.0 +101.3  +17.7  |   +17.7 M3->FP x M2  |   183   315 |   258   101   229 |   382   452
   250  0.6   20 |  +98.5 +109.2 +309.9  +52.8 +148.8 +113.3 +148.8 +113.3  +24.0  |   +24.0 M3->FP x M2  |   183   315 |   258   101   229 |   382   468
   250  0.6   19 |  +68.8  +64.4 +285.4  +27.3 +165.5  +72.3 +165.5  +72.3   +6.5  |    +6.5 M3->FP x M2  |   200   355 |   252   110   252 |   405   450
   250  0.6   20 |  +80.7  +78.8 +304.9  +38.9 +167.8  +83.5 +167.8  +83.5  +12.8  |   +12.8 M3->FP x M2  |   200   355 |   252   110   252 |   405   465
   300  0.3    9 |  +78.2  +99.4 +167.2   +7.8  +51.2 +209.9  +51.2 +209.9   +7.0  |    +7.0 M3->FP x M2  |    99   145 |   347    55   135 |   345   346
   300  0.3   10 | +100.9 +126.2 +196.3  +18.8  +54.3 +218.1  +54.3 +218.1  +12.7  |   +12.7 M3->FP x M2  |    99   145 |   347    55   135 |   345   370
   300  0.3   11 | +123.6 +152.9 +225.3  +29.4  +57.7 +228.6  +57.7 +228.6  +18.4  |   +18.4 M3->FP x M2  |    99   145 |   347    55   135 |   345   394
   300  0.3   12 | +146.3 +179.6 +254.3  +39.6  +61.6 +241.1  +61.6 +241.1  +24.2  |   +24.2 M3->FP x M2  |    99   145 |   347    55   135 |   345   418
   300  0.3   13 | +168.9 +206.2 +283.2  +49.2  +65.9 +255.4  +65.9 +255.4  +30.0  |   +30.0 M3->FP x M2  |    99   145 |   347    55   135 |   345   443
   300  0.3   14 | +191.5 +232.8 +312.0  +58.4  +70.4 +271.3  +70.2 +271.3  +35.9  |   +35.9 M3->FP x M2  |    99   145 |   347    55   135 |   345   467
   300  0.3   15 | +214.0 +259.3 +340.8  +67.0  +75.2 +288.5  +74.3 +288.5  +41.8  |   +41.8 M3->FP x M2  |    99   145 |   347    55   135 |   345   492
   300  0.3   16 | +236.5 +285.7 +369.4  +75.1  +80.2 +307.0  +78.1 +307.0  +47.8  |   +47.8 M3->FP x M2  |    99   145 |   347    55   135 |   345   517
   300  0.3   17 | +258.8 +312.1 +397.9  +82.7  +85.5 +325.9  +81.7 +326.5  +53.8  |   +53.8 M3->FP x M2  |    99   145 |   347    55   135 |   345   543
   300  0.3   18 | +281.1 +338.3 +426.3  +89.7  +90.9 +343.5  +85.0 +347.0  +59.9  |   +59.9 M3->FP x M2  |    99   145 |   347    55   135 |   345   568
   300  0.3   19 | +303.3 +364.4 +454.5  +96.3  +96.5 +359.9  +88.1 +368.3  +66.1  |   +66.1 M3->FP x M2  |    99   145 |   347    55   135 |   345   594
   300  0.3   20 | +325.5 +390.4 +482.7 +102.5 +102.2 +375.0  +91.0 +390.5  +72.4  |   +72.4 M3->FP x M2  |    99   145 |   347    55   135 |   345   620
   300  0.3   11 |  +91.6 +112.7 +201.5  +14.4  +68.9 +198.0  +68.9 +198.0   +9.0  |    +9.0 M3->FP x M2  |   116   177 |   324    64   153 |   361   375
   300  0.3   12 | +111.8 +136.7 +228.3  +25.3  +71.8 +206.9  +71.8 +206.9  +14.8  |   +14.8 M3->FP x M2  |   116   177 |   324    64   153 |   361   397
   300  0.3   13 | +132.0 +160.6 +255.0  +35.9  +75.1 +217.7  +75.1 +217.7  +20.7  |   +20.7 M3->FP x M2  |   116   177 |   324    64   153 |   361   419
   300  0.3   14 | +152.2 +184.5 +281.7  +46.1  +78.7 +230.2  +78.7 +230.2  +26.5  |   +26.5 M3->FP x M2  |   116   177 |   324    64   153 |   361   441
   300  0.3   15 | +172.3 +208.4 +308.3  +55.8  +82.7 +244.1  +82.7 +244.1  +32.5  |   +32.5 M3->FP x M2  |   116   177 |   324    64   153 |   361   463
   300  0.3   16 | +192.4 +232.2 +334.8  +65.1  +87.0 +259.3  +87.0 +259.3  +38.4  |   +38.4 M3->FP x M2  |   116   177 |   324    64   153 |   361   485
   300  0.3   17 | +212.4 +255.9 +361.1  +74.0  +91.5 +275.7  +91.3 +275.7  +44.5  |   +44.5 M3->FP x M2  |   116   177 |   324    64   153 |   361   508
   300  0.3   18 | +232.3 +279.5 +387.4  +82.4  +96.3 +293.0  +95.4 +293.0  +50.6  |   +50.6 M3->FP x M2  |   116   177 |   324    64   153 |   361   531
   300  0.3   19 | +252.2 +303.1 +413.6  +90.4 +101.3 +310.7  +99.3 +311.3  +56.8  |   +56.8 M3->FP x M2  |   116   177 |   324    64   153 |   361   554
   300  0.3   20 | +272.0 +326.5 +439.6  +98.0 +106.5 +327.5 +102.9 +330.4  +63.0  |   +63.0 M3->FP x M2  |   116   177 |   324    64   153 |   361   577
   300  0.4   12 |  +84.6 +100.5 +209.9  +10.0  +85.6 +178.7  +85.6 +178.7   +5.0  |    +5.0 M3->FP x M2  |   133   212 |   306    73   172 |   379   383
   300  0.4   13 | +103.0 +122.4 +235.2  +21.1  +88.1 +186.5  +88.1 +186.5  +10.8  |   +10.8 M3->FP x M2  |   133   212 |   306    73   172 |   379   403
   300  0.4   14 | +121.4 +144.3 +260.3  +32.0  +90.9 +196.2  +90.9 +196.2  +16.7  |   +16.7 M3->FP x M2  |   133   212 |   306    73   172 |   379   423
   300  0.4   15 | +139.7 +166.1 +285.4  +42.6  +94.1 +207.4  +94.1 +207.4  +22.7  |   +22.7 M3->FP x M2  |   133   212 |   306    73   172 |   379   443
   300  0.4   16 | +158.0 +187.8 +310.4  +52.8  +97.6 +220.0  +97.6 +220.0  +28.6  |   +28.6 M3->FP x M2  |   133   212 |   306    73   172 |   379   464
   300  0.4   17 | +176.3 +209.5 +335.2  +62.7 +101.4 +233.8 +101.4 +233.8  +34.7  |   +34.7 M3->FP x M2  |   133   212 |   306    73   172 |   379   484
   300  0.4   18 | +194.5 +231.2 +360.0  +72.1 +105.4 +248.7 +105.4 +248.7  +40.8  |   +40.8 M3->FP x M2  |   133   212 |   306    73   172 |   379   505
   300  0.4   19 | +212.6 +252.7 +384.7  +81.2 +109.8 +264.6 +109.8 +264.6  +47.0  |   +47.0 M3->FP x M2  |   133   212 |   306    73   172 |   379   526
   300  0.4   20 | +230.7 +274.2 +409.3  +90.0 +114.3 +281.4 +114.1 +281.4  +53.2  |   +53.2 M3->FP x M2  |   133   212 |   306    73   172 |   379   547
   300  0.5   14 |  +96.3 +109.2 +245.0  +17.0 +106.3 +166.9 +106.3 +166.9   +6.5  |    +6.5 M3->FP x M2  |   149   248 |   293    83   192 |   398   412
   300  0.5   15 | +113.3 +129.4 +268.9  +28.1 +108.8 +175.7 +108.8 +175.7  +12.5  |   +12.5 M3->FP x M2  |   149   248 |   293    83   192 |   398   431
   300  0.5   16 | +130.2 +149.5 +292.8  +39.0 +111.5 +186.1 +111.5 +186.1  +18.4  |   +18.4 M3->FP x M2  |   149   248 |   293    83   192 |   398   450
   300  0.5   17 | +147.1 +169.6 +316.7  +49.6 +114.6 +197.8 +114.6 +197.8  +24.5  |   +24.5 M3->FP x M2  |   149   248 |   293    83   192 |   398   469
   300  0.5   18 | +163.9 +189.7 +340.4  +59.9 +118.0 +210.7 +118.0 +210.7  +30.6  |   +30.6 M3->FP x M2  |   149   248 |   293    83   192 |   398   488
   300  0.5   19 | +180.7 +209.6 +364.0  +69.9 +121.6 +224.6 +121.6 +224.6  +36.8  |   +36.8 M3->FP x M2  |   149   248 |   293    83   192 |   398   507
   300  0.5   20 | +197.4 +229.6 +387.5  +79.5 +125.5 +239.5 +125.5 +239.5  +43.0  |   +43.0 M3->FP x M2  |   149   248 |   293    83   192 |   398   527
   300  0.5   16 | +106.9 +115.4 +280.2  +24.4 +128.1 +156.0 +128.1 +156.0   +7.9  |    +7.9 M3->FP x M2  |   166   285 |   282    92   213 |   419   441
   300  0.5   17 | +122.7 +134.2 +303.3  +35.5 +130.6 +165.8 +130.6 +165.8  +14.0  |   +14.0 M3->FP x M2  |   166   285 |   282    92   213 |   419   459
   300  0.5   18 | +138.4 +152.9 +326.2  +46.4 +133.3 +176.9 +133.3 +176.9  +20.1  |   +20.1 M3->FP x M2  |   166   285 |   282    92   213 |   419   476
   300  0.5   19 | +154.2 +171.6 +349.0  +57.1 +136.3 +189.2 +136.3 +189.2  +26.3  |   +26.3 M3->FP x M2  |   166   285 |   282    92   213 |   419   495
   300  0.5   20 | +169.8 +190.2 +371.8  +67.5 +139.6 +202.5 +139.6 +202.5  +32.5  |   +32.5 M3->FP x M2  |   166   285 |   282    92   213 |   419   513
   300  0.6   18 | +116.7 +119.5 +316.0  +32.3 +150.9 +146.2 +150.9 +146.2   +9.4  |    +9.4 M3->FP x M2  |   183   323 |   273   101   234 |   440   469
   300  0.6   19 | +131.5 +137.1 +338.3  +43.5 +153.3 +157.0 +153.3 +157.0  +15.6  |   +15.6 M3->FP x M2  |   183   323 |   273   101   234 |   440   486
   300  0.6   20 | +146.3 +154.6 +360.5  +54.5 +156.1 +169.0 +156.1 +169.0  +21.8  |   +21.8 M3->FP x M2  |   183   323 |   273   101   234 |   440   504
   300  0.6   20 | +125.9 +121.9 +352.5  +40.9 +174.3 +138.0 +174.3 +138.0  +10.9  |   +10.9 M3->FP x M2  |   200   362 |   265   110   256 |   462   498
   350  0.3   10 | +138.0 +160.9 +234.7  +19.2  +60.8 +274.7  +60.8 +274.7  +10.6  |   +10.6 M3->FP x M2  |    99   152 |   375    55   139 |   403   402
   350  0.3   11 | +164.4 +191.3 +267.6  +29.7  +63.9 +286.8  +63.9 +286.8  +16.4  |   +16.4 M3->FP x M2  |    99   152 |   375    55   139 |   403   429
   350  0.3   12 | +190.8 +221.7 +300.4  +39.6  +67.4 +300.9  +67.4 +300.9  +22.2  |   +22.2 M3->FP x M2  |    99   152 |   375    55   139 |   403   456
   350  0.3   13 | +217.1 +252.1 +333.1  +49.1  +71.3 +316.9  +71.3 +316.9  +28.0  |   +28.0 M3->FP x M2  |    99   152 |   375    55   139 |   403   484
   350  0.3   14 | +243.4 +282.3 +365.7  +58.1  +75.5 +334.5  +75.5 +334.5  +33.9  |   +33.9 M3->FP x M2  |    99   152 |   375    55   139 |   403   512
   350  0.3   15 | +269.5 +312.5 +398.3  +66.6  +80.0 +353.6  +79.7 +353.6  +39.8  |   +39.8 M3->FP x M2  |    99   152 |   375    55   139 |   403   540
   350  0.3   16 | +295.6 +342.6 +430.6  +74.5  +84.8 +374.0  +83.6 +374.0  +45.8  |   +45.8 M3->FP x M2  |    99   152 |   375    55   139 |   403   568
   350  0.3   17 | +321.6 +372.5 +462.9  +81.9  +89.7 +395.4  +87.3 +395.5  +51.8  |   +51.8 M3->FP x M2  |    99   152 |   375    55   139 |   403   596
   350  0.3   18 | +347.5 +402.4 +495.0  +88.8  +94.9 +415.9  +90.7 +418.1  +57.9  |   +57.9 M3->FP x M2  |    99   152 |   375    55   139 |   403   625
   350  0.3   19 | +373.3 +432.1 +527.0  +95.3 +100.3 +434.8  +93.8 +441.7  +64.1  |   +64.1 M3->FP x M2  |    99   152 |   375    55   139 |   403   654
   350  0.3   20 | +399.0 +461.7 +558.8 +101.3 +105.8 +452.3  +96.8 +466.1  +70.3  |   +70.3 M3->FP x M2  |    99   152 |   375    55   139 |   403   684
   350  0.3   11 | +127.9 +146.6 +239.2  +15.1  +75.8 +253.8  +75.8 +253.8   +7.0  |    +7.0 M3->FP x M2  |   116   185 |   347    64   157 |   419   406
   350  0.3   12 | +151.4 +173.9 +269.5  +25.9  +78.4 +264.1  +78.4 +264.1  +12.8  |   +12.8 M3->FP x M2  |   116   185 |   347    64   157 |   419   430
   350  0.3   13 | +174.9 +201.1 +299.6  +36.3  +81.5 +276.3  +81.5 +276.3  +18.6  |   +18.6 M3->FP x M2  |   116   185 |   347    64   157 |   419   454
   350  0.3   14 | +198.3 +228.3 +329.7  +46.3  +84.9 +290.1  +84.9 +290.1  +24.5  |   +24.5 M3->FP x M2  |   116   185 |   347    64   157 |   419   479
   350  0.3   15 | +221.7 +255.4 +359.7  +55.9  +88.6 +305.4  +88.6 +305.4  +30.4  |   +30.4 M3->FP x M2  |   116   185 |   347    64   157 |   419   504
   350  0.3   16 | +245.0 +282.5 +389.5  +65.0  +92.6 +322.0  +92.6 +322.0  +36.4  |   +36.4 M3->FP x M2  |   116   185 |   347    64   157 |   419   529
   350  0.3   17 | +268.3 +309.5 +419.3  +73.8  +96.8 +339.8  +96.8 +339.8  +42.4  |   +42.4 M3->FP x M2  |   116   185 |   347    64   157 |   419   554
   350  0.3   18 | +291.4 +336.3 +448.9  +82.0 +101.4 +358.7 +101.0 +358.7  +48.6  |   +48.6 M3->FP x M2  |   116   185 |   347    64   157 |   419   580
   350  0.3   19 | +314.5 +363.1 +478.4  +89.9 +106.1 +378.6 +105.0 +378.7  +54.7  |   +54.7 M3->FP x M2  |   116   185 |   347    64   157 |   419   605
   350  0.3   20 | +337.5 +389.7 +507.7  +97.3 +111.1 +398.0 +108.7 +399.5  +61.0  |   +61.0 M3->FP x M2  |   116   185 |   347    64   157 |   419   632
   350  0.4   13 | +142.0 +159.0 +275.7  +22.0  +94.9 +243.1  +94.9 +243.1   +8.9  |    +8.9 M3->FP x M2  |   133   219 |   327    73   176 |   437   435
   350  0.4   14 | +163.3 +183.8 +304.0  +32.7  +97.5 +253.8  +97.5 +253.8  +14.7  |   +14.7 M3->FP x M2  |   133   219 |   327    73   176 |   437   457
   350  0.4   15 | +184.6 +208.6 +332.1  +43.1 +100.5 +266.1 +100.5 +266.1  +20.7  |   +20.7 M3->FP x M2  |   133   219 |   327    73   176 |   437   479
   350  0.4   16 | +205.8 +233.3 +360.2  +53.2 +103.8 +279.8 +103.8 +279.8  +26.6  |   +26.6 M3->FP x M2  |   133   219 |   327    73   176 |   437   502
   350  0.4   17 | +227.0 +258.0 +388.1  +62.9 +107.3 +294.7 +107.3 +294.7  +32.7  |   +32.7 M3->FP x M2  |   133   219 |   327    73   176 |   437   525
   350  0.4   18 | +248.1 +282.5 +416.0  +72.2 +111.2 +310.8 +111.2 +310.8  +38.8  |   +38.8 M3->FP x M2  |   133   219 |   327    73   176 |   437   548
   350  0.4   19 | +269.1 +307.0 +443.7  +81.2 +115.3 +328.0 +115.3 +328.0  +45.0  |   +45.0 M3->FP x M2  |   133   219 |   327    73   176 |   437   572
   350  0.4   20 | +290.1 +331.4 +471.2  +89.7 +119.6 +346.0 +119.6 +346.0  +51.2  |   +51.2 M3->FP x M2  |   133   219 |   327    73   176 |   437   595
   350  0.5   15 | +154.6 +168.5 +312.0  +29.1 +115.2 +232.7 +115.2 +232.7  +10.6  |   +10.6 M3->FP x M2  |   149   255 |   311    83   196 |   456   463
   350  0.5   16 | +174.2 +191.4 +338.8  +39.9 +117.8 +244.0 +117.8 +244.0  +16.6  |   +16.6 M3->FP x M2  |   149   255 |   311    83   196 |   456   484
   350  0.5   17 | +193.8 +214.2 +365.4  +50.3 +120.7 +256.5 +120.7 +256.5  +22.6  |   +22.6 M3->FP x M2  |   149   255 |   311    83   196 |   456   505
   350  0.5   18 | +213.3 +236.9 +391.9  +60.5 +123.9 +270.3 +123.9 +270.3  +28.7  |   +28.7 M3->FP x M2  |   149   255 |   311    83   196 |   456   526
   350  0.5   19 | +232.7 +259.6 +418.3  +70.3 +127.4 +285.1 +127.4 +285.1  +34.9  |   +34.9 M3->FP x M2  |   149   255 |   311    82   196 |   456   548
   350  0.5   20 | +252.1 +282.1 +444.6  +79.8 +131.1 +301.0 +131.1 +301.0  +41.2  |   +41.2 M3->FP x M2  |   149   255 |   311    83   196 |   456   570
   350  0.5   16 | +147.9 +154.4 +323.0  +25.7 +134.2 +212.6 +134.2 +212.6   +6.2  |    +6.2 M3->FP x M2  |   166   291 |   298    92   216 |   475   472
   350  0.5   17 | +166.2 +175.7 +348.6  +36.7 +136.5 +223.0 +136.5 +223.0  +12.3  |   +12.3 M3->FP x M2  |   166   291 |   298    92   216 |   475   491
   350  0.5   18 | +184.4 +196.9 +374.2  +47.4 +139.1 +234.8 +139.1 +234.8  +18.4  |   +18.4 M3->FP x M2  |   166   291 |   298    92   216 |   475   511
   350  0.5   19 | +202.6 +218.1 +399.6  +58.0 +142.0 +247.7 +142.0 +247.7  +24.6  |   +24.6 M3->FP x M2  |   166   291 |   298    92   216 |   475   531
   350  0.5   20 | +220.7 +239.2 +424.9  +68.2 +145.2 +261.7 +145.2 +261.7  +30.8  |   +30.8 M3->FP x M2  |   166   291 |   298    92   216 |   475   551
   350  0.6   18 | +159.9 +161.0 +361.0  +33.7 +156.3 +203.0 +156.3 +203.0   +7.8  |    +7.8 M3->FP x M2  |   183   329 |   288   101   237 |   496   501
   350  0.6   19 | +177.1 +180.9 +385.7  +44.7 +158.6 +214.2 +158.6 +214.2  +14.0  |   +14.0 M3->FP x M2  |   183   329 |   288   101   237 |   496   520
   350  0.6   20 | +194.2 +200.7 +410.3  +55.6 +161.3 +226.6 +161.3 +226.6  +20.3  |   +20.3 M3->FP x M2  |   183   329 |   288   101   237 |   496   539
   350  0.6   20 | +171.2 +165.7 +399.5  +42.3 +178.9 +194.5 +178.9 +194.5   +9.6  |    +9.6 M3->FP x M2  |   200   367 |   279   110   258 |   517   530
   400  0.3   10 | +175.0 +196.1 +272.7  +19.5  +65.8 +331.5  +65.8 +331.5   +9.1  |    +9.1 M3->FP x M2  |    99   158 |   402    55   142 |   459   434
   400  0.3   11 | +205.2 +230.3 +309.4  +29.8  +68.7 +345.2  +68.7 +345.2  +14.9  |   +14.9 M3->FP x M2  |    99   158 |   402    55   142 |   459   464
   400  0.3   12 | +235.3 +264.4 +346.0  +39.7  +72.0 +361.0  +72.0 +361.0  +20.6  |   +20.6 M3->FP x M2  |    99   158 |   402    55   142 |   459   494
   400  0.3   13 | +265.3 +298.5 +382.6  +49.0  +75.7 +378.8  +75.7 +378.8  +26.5  |   +26.5 M3->FP x M2  |    99   158 |   402    55   142 |   459   524
   400  0.3   14 | +295.2 +332.4 +419.0  +57.9  +79.7 +398.2  +79.7 +398.2  +32.3  |   +32.3 M3->FP x M2  |    99   158 |   402    55   142 |   459   555
   400  0.3   15 | +325.1 +366.3 +455.2  +66.2  +83.9 +419.1  +83.8 +419.1  +38.3  |   +38.3 M3->FP x M2  |    99   158 |   402    55   142 |   459   586
   400  0.3   16 | +354.8 +400.0 +491.4  +74.0  +88.5 +441.5  +87.8 +441.5  +44.2  |   +44.2 M3->FP x M2  |    99   158 |   402    55   142 |   459   618
   400  0.3   17 | +384.4 +433.6 +527.4  +81.3  +93.2 +465.1  +91.5 +465.1  +50.3  |   +50.3 M3->FP x M2  |    99   158 |   402    55   142 |   459   649
   400  0.3   18 | +414.0 +467.1 +563.2  +88.2  +98.2 +488.4  +95.0 +489.8  +56.4  |   +56.4 M3->FP x M2  |    99   158 |   402    55   142 |   459   681
   400  0.3   19 | +443.3 +500.4 +598.9  +94.6 +103.4 +509.9  +98.2 +515.7  +62.6  |   +62.6 M3->FP x M2  |    99   158 |   402    55   142 |   459   714
   400  0.3   20 | +472.6 +533.6 +634.3 +100.5 +108.8 +529.8 +101.2 +542.5  +68.8  |   +68.8 M3->FP x M2  |    99   158 |   402    55   142 |   459   746
   400  0.3   11 | +164.2 +181.1 +276.6  +15.5  +81.1 +309.9  +81.1 +309.9   +5.5  |    +5.5 M3->FP x M2  |   116   191 |   371    64   160 |   475   435
   400  0.3   12 | +191.0 +211.7 +310.2  +26.2  +83.6 +321.6  +83.6 +321.6  +11.3  |   +11.3 M3->FP x M2  |   116   191 |   371    64   160 |   475   462
   400  0.3   13 | +217.8 +242.2 +343.8  +36.5  +86.4 +335.1  +86.4 +335.1  +17.1  |   +17.1 M3->FP x M2  |   116   191 |   371    64   160 |   475   489
   400  0.3   14 | +244.5 +272.7 +377.2  +46.4  +89.6 +350.3  +89.6 +350.3  +23.0  |   +23.0 M3->FP x M2  |   116   191 |   371    64   160 |   475   516
   400  0.3   15 | +271.1 +303.1 +410.6  +55.9  +93.1 +367.0  +93.1 +367.0  +28.9  |   +28.9 M3->FP x M2  |   116   191 |   371    64   160 |   475   544
   400  0.3   16 | +297.7 +333.4 +443.8  +65.0  +96.9 +385.1  +96.9 +385.1  +34.9  |   +34.9 M3->FP x M2  |   116   191 |   371    64   160 |   475   572
   400  0.3   17 | +324.2 +363.6 +476.8  +73.5 +101.0 +404.5 +101.0 +404.5  +40.9  |   +40.9 M3->FP x M2  |   116   191 |   371    64   160 |   475   600
   400  0.3   18 | +350.6 +393.7 +509.8  +81.7 +105.4 +425.1 +105.2 +425.1  +47.0  |   +47.0 M3->FP x M2  |   116   191 |   371    64   160 |   475   628
   400  0.3   19 | +376.8 +423.7 +542.5  +89.4 +110.0 +446.8 +109.2 +446.8  +53.2  |   +53.2 M3->FP x M2  |   116   191 |   371    64   160 |   475   657
   400  0.3   20 | +403.0 +453.5 +575.1  +96.7 +114.8 +468.7 +113.0 +469.4  +59.5  |   +59.5 M3->FP x M2  |   116   191 |   371    64   160 |   475   686
   400  0.4   13 | +180.9 +196.2 +315.9  +22.6 +100.0 +299.8 +100.0 +299.8   +7.4  |    +7.4 M3->FP x M2  |   133   225 |   347    73   179 |   492   465
   400  0.4   14 | +205.2 +224.0 +347.2  +33.2 +102.5 +311.7 +102.5 +311.7  +13.2  |   +13.2 M3->FP x M2  |   133   225 |   347    73   179 |   492   490
   400  0.4   15 | +229.4 +251.7 +378.4  +43.5 +105.4 +325.2 +105.4 +325.2  +19.2  |   +19.2 M3->FP x M2  |   133   225 |   347    73   179 |   492   515
   400  0.4   16 | +253.6 +279.4 +409.5  +53.5 +108.5 +340.0 +108.5 +340.0  +25.2  |   +25.2 M3->FP x M2  |   133   225 |   347    73   179 |   492   540
   400  0.4   17 | +277.7 +307.0 +440.5  +63.1 +111.9 +356.2 +111.9 +356.2  +31.2  |   +31.2 M3->FP x M2  |   133   225 |   347    73   179 |   492   565
   400  0.4   18 | +301.7 +334.5 +471.3  +72.3 +115.6 +373.5 +115.6 +373.5  +37.3  |   +37.3 M3->FP x M2  |   133   225 |   347    73   179 |   492   591
   400  0.4   19 | +325.7 +361.9 +502.0  +81.1 +119.6 +392.0 +119.6 +392.0  +43.5  |   +43.5 M3->FP x M2  |   133   225 |   347    73   179 |   492   617
   400  0.4   20 | +349.5 +389.2 +532.6  +89.6 +123.8 +411.5 +123.8 +411.5  +49.7  |   +49.7 M3->FP x M2  |   133   225 |   347    73   179 |   492   643
   400  0.5   15 | +195.9 +208.2 +354.7  +29.8 +120.1 +290.0 +120.1 +290.0   +9.2  |    +9.2 M3->FP x M2  |   149   260 |   329    83   199 |   511   495
   400  0.5   16 | +218.2 +233.8 +384.2  +40.5 +122.6 +302.2 +122.6 +302.2  +15.2  |   +15.2 M3->FP x M2  |   149   260 |   329    83   199 |   511   518
   400  0.5   17 | +240.5 +259.3 +413.7  +50.8 +125.4 +315.7 +125.4 +315.7  +21.2  |   +21.2 M3->FP x M2  |   149   260 |   329    83   199 |   511   541
   400  0.5   18 | +262.7 +284.7 +442.9  +60.9 +128.5 +330.5 +128.5 +330.5  +27.3  |   +27.3 M3->FP x M2  |   149   260 |   329    83   199 |   511   564
   400  0.5   19 | +284.8 +310.0 +472.1  +70.6 +131.8 +346.4 +131.8 +346.4  +33.5  |   +33.5 M3->FP x M2  |   149   260 |   329    83   199 |   511   588
   400  0.5   20 | +306.8 +335.3 +501.1  +80.0 +135.4 +363.3 +135.4 +363.3  +39.8  |   +39.8 M3->FP x M2  |   149   260 |   329    83   199 |   511   612
   400  0.5   17 | +209.7 +217.7 +393.5  +37.5 +141.0 +280.6 +141.0 +280.6  +11.0  |   +11.0 M3->FP x M2  |   166   296 |   315    92   219 |   530   523
   400  0.5   18 | +230.4 +241.4 +421.6  +48.2 +143.5 +293.2 +143.5 +293.2  +17.1  |   +17.1 M3->FP x M2  |   166   296 |   315    92   219 |   530   545
   400  0.5   19 | +251.1 +265.1 +449.6  +58.6 +146.4 +306.9 +146.4 +306.9  +23.3  |   +23.3 M3->FP x M2  |   166   296 |   315    92   219 |   530   567
   400  0.5   20 | +271.7 +288.6 +477.5  +68.7 +149.4 +321.8 +149.4 +321.8  +29.5  |   +29.5 M3->FP x M2  |   166   296 |   315    92   219 |   530   589
   400  0.6   18 | +203.1 +202.8 +405.5  +34.7 +160.3 +260.1 +160.3 +260.1   +6.7  |    +6.7 M3->FP x M2  |   183   333 |   303   101   240 |   550   532
   400  0.6   19 | +222.6 +225.1 +432.6  +45.6 +162.7 +272.0 +162.7 +272.0  +12.9  |   +12.9 M3->FP x M2  |   183   333 |   303   101   240 |   550   552
   400  0.6   20 | +242.0 +247.3 +459.6  +56.4 +165.2 +285.0 +165.2 +285.0  +19.1  |   +19.1 M3->FP x M2  |   183   333 |   303   101   240 |   550   573
   400  0.6   20 | +216.5 +209.9 +446.0  +43.4 +182.5 +251.7 +182.5 +251.7   +8.6  |    +8.6 M3->FP x M2  |   200   371 |   293   110   260 |   571   561
   450  0.3   10 | +212.1 +231.8 +310.5  +19.7  +69.8 +388.5  +69.8 +388.5   +7.9  |    +7.9 M3->FP x M2  |    99   163 |   429    55   145 |   513   465
   450  0.3   11 | +246.0 +269.7 +351.0  +29.9  +72.6 +403.9  +72.6 +403.9  +13.7  |   +13.7 M3->FP x M2  |    99   163 |   429    55   145 |   513   498
   450  0.3   12 | +279.8 +307.5 +391.5  +39.7  +75.7 +421.4  +75.7 +421.4  +19.5  |   +19.5 M3->FP x M2  |    99   163 |   429    55   145 |   513   531
   450  0.3   13 | +313.5 +345.3 +431.7  +49.0  +79.2 +440.8  +79.2 +440.8  +25.3  |   +25.3 M3->FP x M2  |    99   163 |   429    55   145 |   513   565
   450  0.3   14 | +347.1 +382.9 +471.9  +57.7  +83.0 +462.1  +83.0 +462.1  +31.2  |   +31.2 M3->FP x M2  |    99   163 |   429    55   145 |   513   598
   450  0.3   15 | +380.6 +420.4 +511.9  +66.0  +87.1 +484.9  +87.1 +484.9  +37.1  |   +37.1 M3->FP x M2  |    99   163 |   429    55   145 |   513   633
   450  0.3   16 | +414.0 +457.8 +551.8  +73.7  +91.5 +509.3  +91.1 +509.3  +43.1  |   +43.1 M3->FP x M2  |    99   163 |   429    55   145 |   513   667
   450  0.3   17 | +447.2 +495.0 +591.5  +80.9  +96.1 +535.0  +94.8 +535.0  +49.1  |   +49.1 M3->FP x M2  |    99   163 |   429    55   145 |   513   702
   450  0.3   18 | +480.4 +532.1 +631.0  +87.7 +100.9 +561.1  +98.3 +562.0  +55.2  |   +55.2 M3->FP x M2  |    99   163 |   429    55   145 |   513   737
   450  0.3   19 | +513.3 +569.1 +670.3  +94.0 +106.0 +585.2 +101.6 +590.1  +61.4  |   +61.4 M3->FP x M2  |    99   163 |   429    55   145 |   513   773
   450  0.3   20 | +546.2 +605.8 +709.4  +99.9 +111.3 +607.4 +104.6 +619.3  +67.6  |   +67.6 M3->FP x M2  |    99   163 |   429    55   145 |   513   809
   450  0.3   12 | +230.6 +249.9 +350.8  +26.5  +87.6 +379.2  +87.6 +379.2  +10.1  |   +10.1 M3->FP x M2  |   116   195 |   394    64   163 |   529   494
   450  0.3   13 | +260.7 +283.7 +387.7  +36.7  +90.3 +394.1  +90.3 +394.1  +15.9  |   +15.9 M3->FP x M2  |   116   195 |   394    64   163 |   529   524
   450  0.3   14 | +290.7 +317.5 +424.5  +46.6  +93.4 +410.7  +93.4 +410.7  +21.8  |   +21.8 M3->FP x M2  |   116   195 |   394    64   163 |   529   554
   450  0.3   15 | +320.6 +351.1 +461.1  +55.9  +96.8 +428.9  +96.8 +428.9  +27.7  |   +27.7 M3->FP x M2  |   116   195 |   394    64   163 |   529   584
   450  0.3   16 | +350.4 +384.7 +497.7  +64.9 +100.4 +448.6 +100.4 +448.6  +33.7  |   +33.7 M3->FP x M2  |   116   195 |   394    64   163 |   529   614
   450  0.3   17 | +380.1 +418.1 +534.0  +73.4 +104.4 +469.6 +104.4 +469.6  +39.7  |   +39.7 M3->FP x M2  |   116   195 |   394    64   163 |   529   645
   450  0.3   18 | +409.7 +451.4 +570.3  +81.4 +108.6 +491.9 +108.6 +491.9  +45.8  |   +45.8 M3->FP x M2  |   116   195 |   394    64   163 |   529   676
   450  0.3   19 | +439.1 +484.6 +606.3  +89.1 +113.1 +515.3 +112.6 +515.3  +52.0  |   +52.0 M3->FP x M2  |   116   195 |   394    64   163 |   529   708
   450  0.3   20 | +468.5 +517.6 +642.1  +96.3 +117.8 +539.6 +116.4 +539.9  +58.3  |   +58.3 M3->FP x M2  |   116   195 |   394    64   163 |   529   739
   450  0.4   13 | +219.8 +233.7 +355.8  +23.0 +104.1 +356.8 +104.1 +356.8   +6.2  |    +6.2 M3->FP x M2  |   133   229 |   368    73   182 |   547   496
   450  0.4   14 | +247.1 +264.5 +390.2  +33.6 +106.5 +369.8 +106.5 +369.8  +12.1  |   +12.1 M3->FP x M2  |   133   229 |   368    73   182 |   547   523
   450  0.4   15 | +274.3 +295.2 +424.4  +43.8 +109.2 +384.5 +109.2 +384.5  +18.0  |   +18.0 M3->FP x M2  |   133   229 |   368    73   182 |   547   550
   450  0.4   16 | +301.4 +325.9 +458.5  +53.7 +112.2 +400.5 +112.2 +400.5  +24.0  |   +24.0 M3->FP x M2  |   133   229 |   368    73   182 |   547   577
   450  0.4   17 | +328.5 +356.4 +492.5  +63.2 +115.5 +418.0 +115.5 +418.0  +30.0  |   +30.0 M3->FP x M2  |   133   229 |   368    73   182 |   547   605
   450  0.4   18 | +355.4 +386.8 +526.3  +72.3 +119.1 +436.7 +119.1 +436.7  +36.2  |   +36.2 M3->FP x M2  |   133   229 |   368    73   182 |   547   633
   450  0.4   19 | +382.2 +417.1 +560.0  +81.0 +122.9 +456.5 +122.9 +456.5  +42.3  |   +42.3 M3->FP x M2  |   133   229 |   368    73   182 |   547   661
   450  0.4   20 | +408.9 +447.3 +593.5  +89.4 +127.1 +477.5 +127.1 +477.5  +48.6  |   +48.6 M3->FP x M2  |   133   229 |   368    73   182 |   547   690
   450  0.5   15 | +237.2 +248.2 +397.0  +30.4 +123.9 +347.5 +123.9 +347.5   +8.1  |    +8.1 M3->FP x M2  |   149   264 |   347    83   201 |   565   526
   450  0.5   16 | +262.2 +276.5 +429.4  +40.9 +126.3 +360.7 +126.3 +360.7  +14.1  |   +14.1 M3->FP x M2  |   149   264 |   347    83   201 |   565   551
   450  0.5   17 | +287.2 +304.7 +461.5  +51.2 +129.1 +375.2 +129.1 +375.2  +20.1  |   +20.1 M3->FP x M2  |   149   264 |   347    83   201 |   565   576
   450  0.5   18 | +312.1 +332.8 +493.6  +61.2 +132.0 +391.0 +132.0 +391.0  +26.2  |   +26.2 M3->FP x M2  |   149   264 |   347    82   201 |   565   602
   450  0.5   19 | +336.8 +360.8 +525.5  +70.8 +135.3 +408.0 +135.3 +408.0  +32.4  |   +32.4 M3->FP x M2  |   149   264 |   347    83   201 |   565   628
   450  0.5   20 | +361.5 +388.7 +557.2  +80.1 +138.8 +426.1 +138.8 +426.1  +38.7  |   +38.7 M3->FP x M2  |   149   264 |   347    82   201 |   565   654
   450  0.5   17 | +253.1 +260.0 +438.1  +38.1 +144.5 +338.5 +144.5 +338.5  +10.0  |   +10.0 M3->FP x M2  |   166   300 |   331    92   221 |   584   555
   450  0.5   18 | +276.4 +286.2 +468.8  +48.7 +147.0 +351.9 +147.0 +351.9  +16.1  |   +16.1 M3->FP x M2  |   166   300 |   331    92   221 |   584   579
   450  0.5   19 | +299.5 +312.4 +499.3  +59.1 +149.7 +366.5 +149.7 +366.5  +22.3  |   +22.3 M3->FP x M2  |   166   300 |   331    92   221 |   584   603
   450  0.5   20 | +322.6 +338.4 +529.7  +69.1 +152.7 +382.3 +152.7 +382.3  +28.5  |   +28.5 M3->FP x M2  |   166   300 |   331    92   221 |   584   627
   450  0.6   18 | +246.3 +245.0 +449.7  +35.5 +163.5 +317.5 +163.5 +317.5   +5.8  |    +5.8 M3->FP x M2  |   183   337 |   318   101   242 |   604   562
   450  0.6   19 | +268.1 +269.6 +479.3  +46.3 +165.8 +330.1 +165.8 +330.1  +12.0  |   +12.0 M3->FP x M2  |   183   337 |   318   101   242 |   604   585
   450  0.6   20 | +289.9 +294.1 +508.6  +57.0 +168.3 +343.8 +168.3 +343.8  +18.2  |   +18.2 M3->FP x M2  |   183   337 |   318   101   242 |   604   607
   450  0.6   20 | +261.8 +254.3 +492.3  +44.2 +185.2 +309.3 +185.2 +309.3   +7.8  |    +7.8 M3->FP x M2  |   200   374 |   306   110   262 |   624   593
   500  0.3   10 | +249.2 +267.7 +348.2  +19.8  +73.0 +445.7  +73.0 +445.7   +7.0  |    +7.0 M3->FP x M2  |    99   166 |   457    55   147 |   567   495
   500  0.3   11 | +286.8 +309.4 +392.5  +30.0  +75.7 +462.6  +75.7 +462.6  +12.7  |   +12.7 M3->FP x M2  |    99   166 |   457    55   147 |   567   532
   500  0.3   12 | +324.3 +350.9 +436.7  +39.7  +78.7 +481.8  +78.7 +481.8  +18.5  |   +18.5 M3->FP x M2  |    99   166 |   457    55   147 |   567   568
   500  0.3   13 | +361.7 +392.3 +480.7  +48.9  +82.0 +503.0  +82.0 +503.0  +24.3  |   +24.3 M3->FP x M2  |    99   166 |   457    55   147 |   567   605
   500  0.3   14 | +399.0 +433.7 +524.6  +57.6  +85.7 +526.1  +85.7 +526.1  +30.2  |   +30.2 M3->FP x M2  |    99   166 |   457    55   147 |   567   642
   500  0.3   15 | +436.1 +474.8 +568.4  +65.7  +89.7 +550.9  +89.7 +550.9  +36.1  |   +36.1 M3->FP x M2  |    99   166 |   457    55   147 |   567   679
   500  0.3   16 | +473.2 +515.9 +611.9  +73.4  +94.0 +577.3  +93.8 +577.3  +42.1  |   +42.1 M3->FP x M2  |    99   166 |   457    55   147 |   567   716
   500  0.3   17 | +510.0 +556.8 +655.3  +80.6  +98.5 +605.2  +97.5 +605.2  +48.2  |   +48.2 M3->FP x M2  |    99   166 |   457    55   147 |   567   754
   500  0.3   18 | +546.8 +597.5 +698.5  +87.3 +103.2 +633.8 +101.0 +634.4  +54.3  |   +54.3 M3->FP x M2  |    99   166 |   457    55   147 |   567   793
   500  0.3   19 | +583.4 +638.0 +741.5  +93.5 +108.2 +660.6 +104.3 +664.8  +60.4  |   +60.4 M3->FP x M2  |    99   166 |   457    55   147 |   567   832
   500  0.3   20 | +619.7 +678.3 +784.2  +99.4 +113.3 +685.2 +107.4 +696.5  +66.7  |   +66.7 M3->FP x M2  |    99   166 |   457    55   147 |   567   871
   500  0.3   12 | +270.2 +288.4 +391.1  +26.8  +90.9 +437.0  +90.9 +437.0   +9.1  |    +9.1 M3->FP x M2  |   116   199 |   418    64   165 |   583   526
   500  0.3   13 | +303.6 +325.5 +431.4  +36.9  +93.5 +453.2  +93.5 +453.2  +14.9  |   +14.9 M3->FP x M2  |   116   199 |   418    64   165 |   583   558
   500  0.3   14 | +336.8 +362.5 +471.5  +46.6  +96.4 +471.3  +96.4 +471.3  +20.8  |   +20.8 M3->FP x M2  |   116   199 |   418    64   165 |   583   591
   500  0.3   15 | +370.0 +399.5 +511.5  +55.9  +99.7 +491.0  +99.7 +491.0  +26.7  |   +26.7 M3->FP x M2  |   116   199 |   418    64   165 |   583   624
   500  0.3   16 | +403.1 +436.3 +551.3  +64.8 +103.3 +512.2 +103.3 +512.2  +32.7  |   +32.7 M3->FP x M2  |   116   199 |   418    64   165 |   583   657
   500  0.3   17 | +436.0 +472.9 +591.0  +73.2 +107.1 +534.9 +107.1 +534.9  +38.8  |   +38.8 M3->FP x M2  |   116   199 |   418    64   165 |   583   690
   500  0.3   18 | +468.8 +509.5 +630.5  +81.2 +111.3 +558.9 +111.2 +558.9  +44.9  |   +44.9 M3->FP x M2  |   116   199 |   418    64   165 |   583   724
   500  0.3   19 | +501.4 +545.8 +669.8  +88.8 +115.6 +584.1 +115.3 +584.1  +51.1  |   +51.1 M3->FP x M2  |   116   199 |   418    64   165 |   583   758
   500  0.3   20 | +533.9 +582.0 +708.8  +96.0 +120.2 +610.5 +119.1 +610.6  +57.3  |   +57.3 M3->FP x M2  |   116   199 |   418    64   165 |   583   793
   500  0.4   13 | +258.7 +271.6 +395.5  +23.4 +107.3 +413.8 +107.3 +413.8   +5.3  |    +5.3 M3->FP x M2  |   133   233 |   388    73   184 |   600   526
   500  0.4   14 | +289.0 +305.3 +432.9  +33.9 +109.7 +428.1 +109.7 +428.1  +11.2  |   +11.2 M3->FP x M2  |   133   233 |   388    73   184 |   600   555
   500  0.4   15 | +319.1 +339.0 +470.1  +44.0 +112.3 +443.9 +112.3 +443.9  +17.1  |   +17.1 M3->FP x M2  |   133   233 |   388    73   184 |   600   585
   500  0.4   16 | +349.2 +372.6 +507.3  +53.8 +115.2 +461.2 +115.2 +461.2  +23.1  |   +23.1 M3->FP x M2  |   133   233 |   388    73   184 |   600   614
   500  0.4   17 | +379.2 +406.1 +544.2  +63.3 +118.5 +480.0 +118.5 +480.0  +29.1  |   +29.1 M3->FP x M2  |   133   233 |   388    73   184 |   600   645
   500  0.4   18 | +409.0 +439.4 +581.0  +72.3 +122.0 +500.0 +122.0 +500.0  +35.2  |   +35.2 M3->FP x M2  |   133   233 |   388    73   184 |   600   675
   500  0.4   19 | +438.8 +472.6 +617.6  +81.0 +125.7 +521.3 +125.7 +521.3  +41.4  |   +41.4 M3->FP x M2  |   133   233 |   388    73   184 |   600   706
   500  0.4   20 | +468.3 +505.6 +654.1  +89.3 +129.7 +543.7 +129.7 +543.7  +47.7  |   +47.7 M3->FP x M2  |   133   233 |   388    73   184 |   600   737
   500  0.5   15 | +278.5 +288.5 +439.2  +30.8 +127.0 +405.0 +127.0 +405.0   +7.2  |    +7.2 M3->FP x M2  |   149   268 |   366    82   203 |   618   557
   500  0.5   16 | +306.2 +319.5 +474.3  +41.3 +129.3 +419.3 +129.3 +419.3  +13.2  |   +13.2 M3->FP x M2  |   149   268 |   366    82   203 |   618   584
   500  0.5   17 | +333.9 +350.4 +509.2  +51.5 +132.0 +434.9 +132.0 +434.9  +19.2  |   +19.2 M3->FP x M2  |   149   268 |   366    82   203 |   618   611
   500  0.5   18 | +361.4 +381.2 +544.0  +61.4 +134.9 +451.8 +134.9 +451.8  +25.3  |   +25.3 M3->FP x M2  |   149   268 |   366    82   203 |   618   639
   500  0.5   19 | +388.9 +411.9 +578.6  +71.0 +138.1 +469.9 +138.1 +469.9  +31.5  |   +31.5 M3->FP x M2  |   149   268 |   366    82   203 |   618   667
   500  0.5   20 | +416.2 +442.4 +613.0  +80.2 +141.6 +489.2 +141.6 +489.2  +37.8  |   +37.8 M3->FP x M2  |   149   268 |   366    82   203 |   618   696
   500  0.5   17 | +296.6 +302.5 +482.4  +38.6 +147.3 +396.4 +147.3 +396.4   +9.2  |    +9.2 M3->FP x M2  |   166   303 |   347    92   223 |   637   587
   500  0.5   18 | +322.4 +331.3 +515.7  +49.2 +149.8 +410.8 +149.8 +410.8  +15.3  |   +15.3 M3->FP x M2  |   166   303 |   347    92   223 |   637   613
   500  0.5   19 | +348.0 +359.9 +548.8  +59.4 +152.5 +426.3 +152.5 +426.3  +21.5  |   +21.5 M3->FP x M2  |   166   303 |   347    92   223 |   637   639
   500  0.5   20 | +373.5 +388.4 +581.7  +69.4 +155.4 +443.1 +155.4 +443.1  +27.7  |   +27.7 M3->FP x M2  |   166   303 |   347    92   223 |   637   665
   500  0.6   18 | +289.5 +287.4 +493.7  +36.1 +166.0 +374.9 +166.0 +374.9   +5.1  |    +5.1 M3->FP x M2  |   183   339 |   332   101   243 |   656   593
   500  0.6   19 | +313.6 +314.3 +525.7  +46.9 +168.3 +388.3 +168.3 +388.3  +11.3  |   +11.3 M3->FP x M2  |   183   339 |   332   101   243 |   656   617
   500  0.6   20 | +337.7 +341.1 +557.4  +57.5 +170.8 +402.9 +170.8 +402.9  +17.5  |   +17.5 M3->FP x M2  |   183   339 |   332   101   243 |   656   642
   500  0.6   20 | +307.0 +298.8 +538.4  +44.8 +187.4 +367.1 +187.4 +367.1   +7.2  |    +7.2 M3->FP x M2  |   200   376 |   320   110   263 |   676   624
   550  0.3   10 | +286.2 +303.9 +385.8  +19.9  +75.7 +503.0  +75.7 +503.0   +6.2  |    +6.2 M3->FP x M2  |    99   169 |   484    55   148 |   620   526
   550  0.3   11 | +327.5 +349.2 +433.8  +30.1  +78.3 +521.5  +78.3 +521.5  +11.9  |   +11.9 M3->FP x M2  |    99   169 |   484    55   148 |   620   565
   550  0.3   12 | +368.8 +394.5 +481.8  +39.7  +81.2 +542.3  +81.2 +542.3  +17.7  |   +17.7 M3->FP x M2  |    99   169 |   484    55   148 |   620   605
   550  0.3   13 | +409.8 +439.6 +529.6  +48.8  +84.4 +565.3  +84.4 +565.3  +23.6  |   +23.6 M3->FP x M2  |    99   169 |   484    55   148 |   620   644
   550  0.3   14 | +450.8 +484.6 +577.2  +57.5  +88.0 +590.3  +88.0 +590.3  +29.4  |   +29.4 M3->FP x M2  |    99   169 |   484    55   148 |   620   684
   550  0.3   15 | +491.6 +529.5 +624.6  +65.6  +91.9 +617.1  +91.9 +617.1  +35.4  |   +35.4 M3->FP x M2  |    99   169 |   484    55   148 |   620   725
   550  0.3   16 | +532.3 +574.2 +671.9  +73.2  +96.1 +645.5  +95.9 +645.5  +41.3  |   +41.3 M3->FP x M2  |    99   169 |   484    55   148 |   620   765
   550  0.3   17 | +572.9 +618.7 +719.0  +80.3 +100.5 +675.5  +99.7 +675.5  +47.4  |   +47.4 M3->FP x M2  |    99   169 |   484    55   148 |   620   807
   550  0.3   18 | +613.2 +663.0 +765.8  +86.9 +105.1 +706.6 +103.3 +706.9  +53.5  |   +53.5 M3->FP x M2  |    99   169 |   484    55   148 |   620   848
   550  0.3   19 | +653.4 +707.1 +812.4  +93.2 +110.0 +736.0 +106.6 +739.7  +59.7  |   +59.7 M3->FP x M2  |    99   169 |   484    55   148 |   620   890
   550  0.3   20 | +693.3 +751.0 +858.8  +99.0 +115.1 +763.0 +109.7 +773.8  +65.9  |   +65.9 M3->FP x M2  |    99   169 |   484    55   148 |   620   933
   550  0.3   12 | +309.8 +327.1 +431.3  +26.9  +93.5 +494.8  +93.5 +494.8   +8.3  |    +8.3 M3->FP x M2  |   116   202 |   441    64   167 |   636   557
   550  0.3   13 | +346.5 +367.5 +474.9  +37.0  +96.1 +512.5  +96.1 +512.5  +14.2  |   +14.2 M3->FP x M2  |   116   202 |   441    64   167 |   636   592
   550  0.3   14 | +383.0 +407.8 +518.4  +46.7  +99.0 +532.0  +99.0 +532.0  +20.0  |   +20.0 M3->FP x M2  |   116   202 |   441    64   167 |   636   628
   550  0.3   15 | +419.4 +448.0 +561.7  +55.9 +102.2 +553.2 +102.2 +553.2  +26.0  |   +26.0 M3->FP x M2  |   116   202 |   441    64   167 |   636   663
   550  0.3   16 | +455.7 +488.0 +604.8  +64.7 +105.7 +576.0 +105.7 +576.0  +32.0  |   +32.0 M3->FP x M2  |   116   202 |   441    64   167 |   636   699
   550  0.3   17 | +491.9 +528.0 +647.7  +73.1 +109.4 +600.4 +109.4 +600.4  +38.0  |   +38.0 M3->FP x M2  |   116   202 |   441    64   167 |   636   735
   550  0.3   18 | +527.9 +567.7 +690.5  +81.1 +113.5 +626.1 +113.5 +626.1  +44.1  |   +44.1 M3->FP x M2  |   116   202 |   441    64   167 |   636   772
   550  0.3   19 | +563.7 +607.3 +733.0  +88.6 +117.7 +653.2 +117.5 +653.2  +50.3  |   +50.3 M3->FP x M2  |   116   202 |   441    64   167 |   636   809
   550  0.3   20 | +599.4 +646.7 +775.3  +95.7 +122.3 +681.5 +121.4 +681.5  +56.5  |   +56.5 M3->FP x M2  |   116   202 |   441    64   167 |   636   846
   550  0.4   14 | +330.9 +346.4 +475.5  +34.1 +112.3 +486.4 +112.3 +486.4  +10.4  |   +10.4 M3->FP x M2  |   133   236 |   409    73   185 |   653   587
   550  0.4   15 | +364.0 +383.0 +515.7  +44.2 +114.9 +503.4 +114.9 +503.4  +16.3  |   +16.3 M3->FP x M2  |   133   236 |   409    73   185 |   653   619
   550  0.4   16 | +397.0 +419.5 +555.8  +54.0 +117.7 +522.0 +117.7 +522.0  +22.3  |   +22.3 M3->FP x M2  |   133   236 |   409    73   185 |   653   651
   550  0.4   17 | +429.9 +455.9 +595.8  +63.3 +120.9 +542.1 +120.9 +542.1  +28.4  |   +28.4 M3->FP x M2  |   133   236 |   409    73   185 |   653   684
   550  0.4   18 | +462.7 +492.2 +635.5  +72.3 +124.3 +563.5 +124.3 +563.5  +34.5  |   +34.5 M3->FP x M2  |   133   236 |   409    73   185 |   653   717
   550  0.4   19 | +495.3 +528.3 +675.1  +80.9 +128.0 +586.3 +128.0 +586.3  +40.7  |   +40.7 M3->FP x M2  |   133   236 |   409    73   185 |   653   750
   550  0.4   20 | +527.8 +564.2 +714.5  +89.2 +131.9 +610.2 +131.9 +610.2  +46.9  |   +46.9 M3->FP x M2  |   133   236 |   409    73   185 |   653   783
   550  0.5   15 | +319.7 +328.9 +481.2  +31.2 +129.5 +462.7 +129.5 +462.7   +6.5  |    +6.5 M3->FP x M2  |   149   270 |   384    82   205 |   671   588
   550  0.5   16 | +350.2 +362.6 +519.0  +41.6 +131.8 +477.9 +131.8 +477.9  +12.5  |   +12.5 M3->FP x M2  |   149   270 |   384    82   205 |   671   617
   550  0.5   17 | +380.6 +396.3 +556.7  +51.8 +134.4 +494.6 +134.4 +494.6  +18.5  |   +18.5 M3->FP x M2  |   149   270 |   384    83   205 |   671   646
   550  0.5   18 | +410.8 +429.8 +594.2  +61.6 +137.3 +512.7 +137.3 +512.7  +24.6  |   +24.6 M3->FP x M2  |   149   270 |   384    83   205 |   671   676
   550  0.5   19 | +440.9 +463.1 +631.5  +71.1 +140.4 +532.0 +140.4 +532.0  +30.8  |   +30.8 M3->FP x M2  |   149   270 |   384    83   205 |   671   707
   550  0.5   20 | +470.9 +496.3 +668.7  +80.3 +143.8 +552.5 +143.8 +552.5  +37.1  |   +37.1 M3->FP x M2  |   149   270 |   384    82   205 |   671   737
   550  0.5   17 | +340.1 +345.3 +526.6  +39.0 +149.6 +454.5 +149.6 +454.5   +8.5  |    +8.5 M3->FP x M2  |   166   306 |   364    92   224 |   690   619
   550  0.5   18 | +368.3 +376.5 +562.4  +49.5 +152.0 +469.8 +152.0 +469.8  +14.6  |   +14.6 M3->FP x M2  |   166   306 |   364    92   224 |   690   646
   550  0.5   19 | +396.5 +407.6 +598.0  +59.7 +154.7 +486.3 +154.7 +486.3  +20.8  |   +20.8 M3->FP x M2  |   166   306 |   364    92   224 |   690   674
   550  0.5   20 | +424.5 +438.6 +633.5  +69.7 +157.6 +504.1 +157.6 +504.1  +27.1  |   +27.1 M3->FP x M2  |   166   306 |   364    92   224 |   690   702
   550  0.6   19 | +359.2 +359.2 +571.9  +47.3 +170.3 +446.7 +170.3 +446.7  +10.7  |   +10.7 M3->FP x M2  |   183   342 |   347   101   244 |   709   649
   550  0.6   20 | +385.6 +388.3 +606.0  +57.9 +172.8 +462.1 +172.8 +462.1  +16.9  |   +16.9 M3->FP x M2  |   183   342 |   347   101   244 |   709   676
   550  0.6   20 | +352.3 +343.5 +584.3  +45.4 +189.2 +425.0 +189.2 +425.0   +6.7  |    +6.7 M3->FP x M2  |   200   378 |   334   110   264 |   728   655
   600  0.3   10 | +323.3 +340.2 +423.2  +20.1  +78.0 +560.3  +78.0 +560.3   +5.6  |    +5.6 M3->FP x M2  |    99   171 |   511    55   150 |   672   557
   600  0.3   11 | +368.3 +389.3 +475.1  +30.1  +80.4 +580.4  +80.4 +580.4  +11.3  |   +11.3 M3->FP x M2  |    99   171 |   511    55   150 |   672   599
   600  0.3   12 | +413.2 +438.2 +526.8  +39.7  +83.3 +603.0  +83.3 +603.0  +17.1  |   +17.1 M3->FP x M2  |    99   171 |   511    55   150 |   672   641
   600  0.3   13 | +458.0 +487.1 +578.3  +48.8  +86.4 +627.7  +86.4 +627.7  +22.9  |   +22.9 M3->FP x M2  |    99   171 |   511    55   150 |   672   684
   600  0.3   14 | +502.7 +535.7 +629.6  +57.3  +89.9 +654.6  +89.9 +654.6  +28.8  |   +28.8 M3->FP x M2  |    99   171 |   511    55   150 |   672   727
   600  0.3   15 | +547.2 +584.3 +680.8  +65.4  +93.7 +683.3  +93.7 +683.3  +34.7  |   +34.7 M3->FP x M2  |    99   171 |   511    55   150 |   672   771
   600  0.3   16 | +591.5 +632.6 +731.7  +73.0  +97.8 +713.8  +97.8 +713.8  +40.7  |   +40.7 M3->FP x M2  |    99   171 |   511    55   150 |   672   814
   600  0.3   17 | +635.7 +680.7 +782.5  +80.0 +102.2 +746.0 +101.6 +746.0  +46.7  |   +46.7 M3->FP x M2  |    99   171 |   511    55   150 |   672   859
   600  0.3   18 | +679.6 +728.7 +832.9  +86.7 +106.7 +779.5 +105.2 +779.7  +52.9  |   +52.9 M3->FP x M2  |    99   171 |   511    55   150 |   672   904
   600  0.3   19 | +723.4 +776.4 +883.2  +92.8 +111.5 +811.5 +108.5 +814.8  +59.0  |   +59.0 M3->FP x M2  |    99   171 |   511    55   150 |   672   949
   600  0.3   20 | +766.9 +823.9 +933.1  +98.6 +116.6 +840.8 +111.6 +851.3  +65.3  |   +65.3 M3->FP x M2  |    99   171 |   511    55   150 |   672   995
   600  0.3   12 | +349.4 +365.9 +471.4  +27.1  +95.8 +552.7  +95.8 +552.7   +7.7  |    +7.7 M3->FP x M2  |   116   204 |   464    64   168 |   688   589
   600  0.3   13 | +389.4 +409.6 +518.4  +37.1  +98.3 +571.8  +98.3 +571.8  +13.5  |   +13.5 M3->FP x M2  |   116   204 |   464    64   168 |   688   626
   600  0.3   14 | +429.2 +453.2 +565.1  +46.7 +101.1 +592.7 +101.1 +592.7  +19.4  |   +19.4 M3->FP x M2  |   116   204 |   464    64   168 |   688   664
   600  0.3   15 | +468.9 +496.7 +611.7  +55.9 +104.2 +615.5 +104.2 +615.5  +25.3  |   +25.3 M3->FP x M2  |   116   204 |   464    64   168 |   688   702
   600  0.3   16 | +508.4 +540.0 +658.1  +64.7 +107.7 +639.9 +107.7 +639.9  +31.3  |   +31.3 M3->FP x M2  |   116   204 |   464    64   168 |   688   741
   600  0.3   17 | +547.8 +583.1 +704.4  +73.0 +111.4 +665.9 +111.4 +665.9  +37.4  |   +37.4 M3->FP x M2  |   116   204 |   464    64   168 |   688   780
   600  0.3   18 | +587.0 +626.1 +750.3  +80.9 +115.3 +693.4 +115.3 +693.4  +43.5  |   +43.5 M3->FP x M2  |   116   204 |   464    64   168 |   688   819
   600  0.3   19 | +626.1 +668.8 +796.1  +88.4 +119.5 +722.4 +119.4 +722.4  +49.6  |   +49.6 M3->FP x M2  |   116   204 |   464    64   168 |   688   859
   600  0.3   20 | +664.9 +711.4 +841.6  +95.5 +124.0 +752.6 +123.3 +752.6  +55.9  |   +55.9 M3->FP x M2  |   116   204 |   464    64   168 |   688   899
   600  0.4   14 | +372.8 +387.5 +517.9  +34.3 +114.5 +544.8 +114.5 +544.8   +9.8  |    +9.8 M3->FP x M2  |   133   238 |   429    73   187 |   705   620
   600  0.4   15 | +408.8 +427.1 +561.2  +44.4 +117.0 +563.0 +117.0 +563.0  +15.7  |   +15.7 M3->FP x M2  |   133   238 |   429    73   187 |   705   654
   600  0.4   16 | +444.8 +466.6 +604.3  +54.1 +119.8 +582.9 +119.8 +582.9  +21.7  |   +21.7 M3->FP x M2  |   133   238 |   429    73   187 |   705   688
   600  0.4   17 | +480.6 +505.9 +647.2  +63.4 +122.9 +604.3 +122.9 +604.3  +27.7  |   +27.7 M3->FP x M2  |   133   238 |   429    73   187 |   705   723
   600  0.4   18 | +516.3 +545.1 +689.9  +72.3 +126.3 +627.2 +126.3 +627.2  +33.8  |   +33.8 M3->FP x M2  |   133   238 |   429    73   187 |   705   758
   600  0.4   19 | +551.8 +584.1 +732.4  +80.9 +129.9 +651.4 +129.9 +651.4  +40.0  |   +40.0 M3->FP x M2  |   133   238 |   429    73   187 |   705   794
   600  0.4   20 | +587.2 +622.9 +774.7  +89.1 +133.8 +676.9 +133.8 +676.9  +46.3  |   +46.3 M3->FP x M2  |   133   238 |   429    73   187 |   705   830
   600  0.5   15 | +361.0 +369.5 +523.0  +31.4 +131.6 +520.4 +131.6 +520.4   +5.9  |    +5.9 M3->FP x M2  |   149   273 |   402    83   206 |   723   618
   600  0.5   16 | +394.2 +406.0 +563.6  +41.9 +133.9 +536.7 +133.9 +536.7  +11.9  |   +11.9 M3->FP x M2  |   149   273 |   402    83   206 |   723   650
   600  0.5   17 | +427.3 +442.3 +604.0  +52.0 +136.5 +554.5 +136.5 +554.5  +17.9  |   +17.9 M3->FP x M2  |   149   273 |   402    83   206 |   723   681
   600  0.5   18 | +460.2 +478.5 +644.3  +61.7 +139.3 +573.7 +139.3 +573.7  +24.0  |   +24.0 M3->FP x M2  |   149   273 |   402    83   206 |   723   713
   600  0.5   19 | +493.0 +514.5 +684.3  +71.2 +142.4 +594.2 +142.4 +594.2  +30.2  |   +30.2 M3->FP x M2  |   149   273 |   402    83   206 |   723   746
   600  0.5   20 | +525.6 +550.4 +724.1  +80.3 +145.7 +616.0 +145.7 +616.0  +36.5  |   +36.5 M3->FP x M2  |   149   273 |   402    83   206 |   723   779
   600  0.5   17 | +383.6 +388.1 +570.7  +39.3 +151.6 +512.6 +151.6 +512.6   +8.0  |    +8.0 M3->FP x M2  |   166   308 |   380    92   226 |   742   650
   600  0.5   18 | +414.3 +421.9 +609.0  +49.8 +153.9 +528.9 +153.9 +528.9  +14.1  |   +14.1 M3->FP x M2  |   166   308 |   380    92   226 |   742   680
   600  0.5   19 | +444.9 +455.5 +647.2  +60.0 +156.6 +546.4 +156.6 +546.4  +20.3  |   +20.3 M3->FP x M2  |   166   308 |   380    92   226 |   742   709
   600  0.5   20 | +475.4 +488.9 +685.1  +69.9 +159.4 +565.2 +159.4 +565.2  +26.5  |   +26.5 M3->FP x M2  |   166   308 |   380    92   226 |   742   739
   600  0.6   19 | +404.7 +404.1 +618.0  +47.7 +172.1 +505.2 +172.1 +505.2  +10.2  |   +10.2 M3->FP x M2  |   183   343 |   362   101   245 |   760   681
   600  0.6   20 | +433.4 +435.6 +654.5  +58.2 +174.5 +521.5 +174.5 +521.5  +16.4  |   +16.4 M3->FP x M2  |   183   343 |   362   101   245 |   760   709
   600  0.6   20 | +397.6 +388.3 +630.1  +45.8 +190.7 +483.0 +190.7 +483.0   +6.3  |    +6.3 M3->FP x M2  |   200   379 |   347   110   265 |   780   686
   650  0.3   10 | +360.4 +376.6 +460.7  +20.1  +79.9 +617.7  +79.9 +617.7   +5.0  |    +5.0 M3->FP x M2  |    99   174 |   539    55   151 |   724   587
   650  0.3   11 | +409.1 +429.4 +516.2  +30.2  +82.3 +639.4  +82.3 +639.4  +10.8  |   +10.8 M3->FP x M2  |    99   174 |   539    55   151 |   724   632
   650  0.3   12 | +457.7 +482.1 +571.7  +39.7  +85.0 +663.7  +85.0 +663.7  +16.5  |   +16.5 M3->FP x M2  |    99   174 |   539    55   151 |   724   678
   650  0.3   13 | +506.2 +534.6 +626.9  +48.7  +88.2 +690.2  +88.2 +690.2  +22.4  |   +22.4 M3->FP x M2  |    99   174 |   539    55   151 |   724   723
   650  0.3   14 | +554.5 +587.0 +682.0  +57.3  +91.6 +718.9  +91.6 +718.9  +28.2  |   +28.2 M3->FP x M2  |    99   174 |   539    55   151 |   724   770
   650  0.3   15 | +602.7 +639.2 +736.8  +65.3  +95.3 +749.6  +95.3 +749.6  +34.2  |   +34.2 M3->FP x M2  |    99   174 |   539    55   151 |   724   816
   650  0.3   16 | +650.7 +691.1 +791.5  +72.8  +99.4 +782.2  +99.3 +782.2  +40.2  |   +40.2 M3->FP x M2  |    99   174 |   539    55   151 |   724   863
   650  0.3   17 | +698.5 +742.9 +845.9  +79.8 +103.6 +816.5 +103.2 +816.5  +46.2  |   +46.2 M3->FP x M2  |    99   174 |   539    55   151 |   724   911
   650  0.3   18 | +746.0 +794.5 +900.0  +86.4 +108.1 +852.4 +106.7 +852.5  +52.3  |   +52.3 M3->FP x M2  |    99   174 |   539    55   151 |   724   959
   650  0.3   19 | +793.4 +845.8 +953.8  +92.6 +112.9 +887.0 +110.1 +890.0  +58.5  |   +58.5 M3->FP x M2  |    99   174 |   539    55   151 |   724  1007
   650  0.3   20 | +840.5 +896.8 +1007.4  +98.3 +117.8 +918.7 +113.2 +929.0  +64.7  |   +64.7 M3->FP x M2  |    99   174 |   539    55   151 |   724  1056
   650  0.3   12 | +389.0 +404.9 +511.4  +27.2  +97.7 +610.7  +97.7 +610.7   +7.1  |    +7.1 M3->FP x M2  |   116   206 |   488    64   169 |   740   620
   650  0.3   13 | +432.2 +451.9 +561.7  +37.2 +100.1 +631.1 +100.1 +631.1  +13.0  |   +13.0 M3->FP x M2  |   116   206 |   488    64   169 |   740   660
   650  0.3   14 | +475.3 +498.7 +611.8  +46.8 +102.9 +653.5 +102.9 +653.5  +18.8  |   +18.8 M3->FP x M2  |   116   206 |   488    64   169 |   740   701
   650  0.3   15 | +518.3 +545.5 +661.7  +55.9 +106.0 +677.8 +106.0 +677.8  +24.8  |   +24.8 M3->FP x M2  |   116   206 |   488    64   169 |   740   742
   650  0.3   16 | +561.1 +592.0 +711.4  +64.7 +109.4 +703.9 +109.4 +703.9  +30.8  |   +30.8 M3->FP x M2  |   116   206 |   488    64   169 |   740   783
   650  0.3   17 | +603.7 +638.4 +760.9  +72.9 +113.0 +731.6 +113.0 +731.6  +36.8  |   +36.8 M3->FP x M2  |   116   206 |   488    64   169 |   740   824
   650  0.3   18 | +646.1 +684.6 +810.1  +80.8 +116.9 +760.9 +116.9 +760.9  +42.9  |   +42.9 M3->FP x M2  |   116   206 |   488    64   169 |   740   867
   650  0.3   19 | +688.4 +730.5 +859.1  +88.3 +121.1 +791.7 +121.0 +791.7  +49.1  |   +49.1 M3->FP x M2  |   116   206 |   488    64   169 |   740   909
   650  0.3   20 | +730.4 +776.3 +907.8  +95.3 +125.5 +823.8 +124.9 +823.8  +55.3  |   +55.3 M3->FP x M2  |   116   206 |   488    64   169 |   740   952
   650  0.4   14 | +414.6 +428.8 +560.3  +34.5 +116.3 +603.2 +116.3 +603.2   +9.2  |    +9.2 M3->FP x M2  |   133   240 |   450    73   188 |   757   652
   650  0.4   15 | +453.7 +471.3 +606.6  +44.5 +118.8 +622.7 +118.8 +622.7  +15.2  |   +15.2 M3->FP x M2  |   133   240 |   450    73   188 |   757   688
   650  0.4   16 | +492.6 +513.8 +652.6  +54.1 +121.6 +643.9 +121.6 +643.9  +21.1  |   +21.1 M3->FP x M2  |   133   240 |   450    73   188 |   757   725
   650  0.4   17 | +531.4 +556.0 +698.5  +63.4 +124.6 +666.6 +124.6 +666.6  +27.2  |   +27.2 M3->FP x M2  |   133   240 |   450    73   188 |   757   762
   650  0.4   18 | +570.0 +598.1 +744.2  +72.3 +128.0 +690.9 +128.0 +690.9  +33.3  |   +33.3 M3->FP x M2  |   133   240 |   450    73   188 |   757   800
   650  0.4   19 | +608.4 +640.0 +789.6  +80.9 +131.6 +716.6 +131.6 +716.6  +39.5  |   +39.5 M3->FP x M2  |   133   240 |   450    73   188 |   757   838
   650  0.4   20 | +646.6 +681.7 +834.8  +89.0 +135.4 +743.7 +135.4 +743.7  +45.7  |   +45.7 M3->FP x M2  |   133   240 |   450    73   188 |   757   876
   650  0.5   15 | +402.3 +410.2 +564.8  +31.7 +133.4 +578.1 +133.4 +578.1   +5.4  |    +5.4 M3->FP x M2  |   149   275 |   420    83   207 |   775   649
   650  0.5   16 | +438.2 +449.4 +608.1  +42.1 +135.6 +595.5 +135.6 +595.5  +11.4  |   +11.4 M3->FP x M2  |   149   275 |   420    83   207 |   775   682
   650  0.5   17 | +474.0 +488.4 +651.3  +52.1 +138.2 +614.4 +138.2 +614.4  +17.4  |   +17.4 M3->FP x M2  |   149   275 |   420    83   207 |   775   716
   650  0.5   18 | +509.6 +527.3 +694.2  +61.9 +141.0 +634.8 +141.0 +634.8  +23.5  |   +23.5 M3->FP x M2  |   149   275 |   420    83   207 |   775   750
   650  0.5   19 | +545.1 +566.0 +737.0  +71.3 +144.0 +656.5 +144.0 +656.5  +29.7  |   +29.7 M3->FP x M2  |   149   275 |   420    83   207 |   775   785
   650  0.5   20 | +580.3 +604.5 +779.5  +80.4 +147.4 +679.6 +147.4 +679.6  +36.0  |   +36.0 M3->FP x M2  |   149   275 |   420    83   207 |   775   820
   650  0.5   17 | +427.1 +431.1 +614.7  +39.6 +153.2 +570.8 +153.2 +570.8   +7.5  |    +7.5 M3->FP x M2  |   166   310 |   397    92   227 |   793   681
   650  0.5   18 | +460.3 +467.3 +655.6  +50.0 +155.5 +588.0 +155.5 +588.0  +13.6  |   +13.6 M3->FP x M2  |   166   310 |   397    92   227 |   793   713
   650  0.5   19 | +493.4 +503.4 +696.2  +60.2 +158.1 +606.6 +158.1 +606.6  +19.8  |   +19.8 M3->FP x M2  |   166   310 |   397    92   227 |   793   745
   650  0.5   20 | +526.3 +539.4 +736.6  +70.0 +161.0 +626.4 +161.0 +626.4  +26.1  |   +26.1 M3->FP x M2  |   166   310 |   397    92   227 |   793   777
   650  0.6   19 | +450.2 +449.2 +664.0  +48.0 +173.5 +563.8 +173.5 +563.8   +9.8  |    +9.8 M3->FP x M2  |   183   345 |   377   101   246 |   812   713
   650  0.6   20 | +481.3 +483.0 +702.8  +58.5 +175.9 +580.9 +175.9 +580.9  +16.0  |   +16.0 M3->FP x M2  |   183   345 |   377   101   246 |   812   743
   650  0.6   20 | +442.9 +433.2 +675.8  +46.1 +191.9 +541.1 +191.9 +541.1   +5.9  |    +5.9 M3->FP x M2  |   200   381 |   361   110   266 |   831   717
   700  0.3   11 | +449.9 +469.6 +557.4  +30.2  +83.9 +698.5  +83.9 +698.5  +10.3  |   +10.3 M3->FP x M2  |    99   175 |   566    55   152 |   776   666
   700  0.3   12 | +502.2 +526.0 +616.5  +39.7  +86.6 +724.4  +86.6 +724.4  +16.1  |   +16.1 M3->FP x M2  |    99   175 |   566    55   152 |   776   714
   700  0.3   13 | +554.4 +582.2 +675.5  +48.7  +89.6 +752.7  +89.6 +752.7  +21.9  |   +21.9 M3->FP x M2  |    99   175 |   566    55   152 |   776   763
   700  0.3   14 | +606.4 +638.3 +734.3  +57.2  +93.0 +783.3  +93.0 +783.3  +27.8  |   +27.8 M3->FP x M2  |    99   175 |   566    55   152 |   776   812
   700  0.3   15 | +658.2 +694.1 +792.8  +65.2  +96.7 +816.0  +96.7 +816.0  +33.7  |   +33.7 M3->FP x M2  |    99   175 |   566    55   152 |   776   862
   700  0.3   16 | +709.9 +749.8 +851.1  +72.7 +100.7 +850.7 +100.7 +850.7  +39.7  |   +39.7 M3->FP x M2  |    99   175 |   566    55   152 |   776   912
   700  0.3   17 | +761.3 +805.2 +909.2  +79.7 +104.9 +887.2 +104.5 +887.2  +45.7  |   +45.7 M3->FP x M2  |    99   175 |   566    55   152 |   776   963
   700  0.3   18 | +812.4 +860.4 +966.9  +86.2 +109.4 +925.4 +108.1 +925.4  +51.8  |   +51.8 M3->FP x M2  |    99   175 |   566    55   152 |   776  1014
   700  0.3   19 | +863.4 +915.3 +1024.4  +92.4 +114.0 +962.5 +111.5 +965.2  +58.0  |   +58.0 M3->FP x M2  |    99   175 |   566    55   152 |   776  1066
   700  0.3   20 | +914.0 +969.9 +1081.6  +98.1 +119.0 +996.6 +114.6 +1006.7  +64.3  |   +64.3 M3->FP x M2  |    99   175 |   566    55   152 |   776  1118
   700  0.3   12 | +428.6 +443.9 +551.4  +27.3  +99.3 +668.8  +99.3 +668.8   +6.7  |    +6.7 M3->FP x M2  |   116   208 |   511    64   170 |   792   651
   700  0.3   13 | +475.1 +494.2 +605.0  +37.3 +101.7 +690.5 +101.7 +690.5  +12.5  |   +12.5 M3->FP x M2  |   116   208 |   511    64   170 |   792   694
   700  0.3   14 | +521.5 +544.4 +658.4  +46.8 +104.5 +714.4 +104.5 +714.4  +18.4  |   +18.4 M3->FP x M2  |   116   208 |   511    64   170 |   792   737
   700  0.3   15 | +567.7 +594.3 +711.6  +55.9 +107.5 +740.2 +107.5 +740.2  +24.3  |   +24.3 M3->FP x M2  |   116   208 |   511    64   170 |   792   781
   700  0.3   16 | +613.7 +644.1 +764.5  +64.6 +110.8 +767.9 +110.8 +767.9  +30.3  |   +30.3 M3->FP x M2  |   116   208 |   511    64   170 |   792   825
   700  0.3   17 | +659.6 +693.7 +817.3  +72.9 +114.4 +797.3 +114.4 +797.3  +36.3  |   +36.3 M3->FP x M2  |   116   208 |   511    64   170 |   792   869
   700  0.3   18 | +705.2 +743.1 +869.8  +80.7 +118.3 +828.4 +118.3 +828.4  +42.4  |   +42.4 M3->FP x M2  |   116   208 |   511    64   170 |   792   914
   700  0.3   19 | +750.7 +792.3 +922.0  +88.1 +122.4 +861.0 +122.3 +861.0  +48.6  |   +48.6 M3->FP x M2  |   116   208 |   511    64   170 |   792   959
   700  0.3   20 | +795.9 +841.2 +973.9  +95.1 +126.7 +895.2 +126.2 +895.2  +54.9  |   +54.9 M3->FP x M2  |   116   208 |   511    64   170 |   792  1005
   700  0.4   14 | +456.5 +470.1 +602.6  +34.6 +117.9 +661.7 +117.9 +661.7   +8.8  |    +8.8 M3->FP x M2  |   133   242 |   470    73   189 |   809   684
   700  0.4   15 | +498.5 +515.7 +651.8  +44.6 +120.4 +682.4 +120.4 +682.4  +14.7  |   +14.7 M3->FP x M2  |   133   242 |   470    73   189 |   809   723
   700  0.4   16 | +540.4 +561.0 +700.9  +54.2 +123.1 +704.9 +123.1 +704.9  +20.7  |   +20.7 M3->FP x M2  |   133   242 |   470    73   189 |   809   762
   700  0.4   17 | +582.1 +606.2 +749.7  +63.5 +126.1 +729.0 +126.1 +729.0  +26.7  |   +26.7 M3->FP x M2  |   133   242 |   470    73   189 |   809   801
   700  0.4   18 | +623.6 +651.2 +798.3  +72.3 +129.4 +754.7 +129.4 +754.7  +32.8  |   +32.8 M3->FP x M2  |   133   242 |   470    73   189 |   809   841
   700  0.4   19 | +664.9 +696.0 +846.7  +80.8 +133.0 +781.9 +133.0 +781.9  +39.0  |   +39.0 M3->FP x M2  |   133   242 |   470    73   189 |   809   882
   700  0.4   20 | +706.0 +740.6 +894.8  +89.0 +136.8 +810.5 +136.8 +810.5  +45.3  |   +45.3 M3->FP x M2  |   133   242 |   470    73   189 |   809   923
   700  0.5   16 | +482.2 +492.9 +652.6  +42.2 +137.1 +654.4 +137.1 +654.4  +10.9  |   +10.9 M3->FP x M2  |   149   276 |   438    83   208 |   827   715
   700  0.5   17 | +520.7 +534.6 +698.5  +52.3 +139.7 +674.4 +139.7 +674.4  +17.0  |   +17.0 M3->FP x M2  |   149   276 |   438    83   208 |   827   751
   700  0.5   18 | +559.0 +576.1 +744.1  +62.0 +142.4 +695.9 +142.4 +695.9  +23.1  |   +23.1 M3->FP x M2  |   149   276 |   438    82   208 |   827   787
   700  0.5   19 | +597.1 +617.5 +789.6  +71.4 +145.5 +718.9 +145.5 +718.9  +29.3  |   +29.3 M3->FP x M2  |   149   276 |   438    83   208 |   827   824
   700  0.5   20 | +635.1 +658.7 +834.8  +80.4 +148.7 +743.2 +148.7 +743.2  +35.5  |   +35.5 M3->FP x M2  |   149   276 |   438    83   208 |   827   861
   700  0.5   17 | +470.5 +474.1 +658.6  +39.9 +154.6 +629.1 +154.6 +629.1   +7.1  |    +7.1 M3->FP x M2  |   166   311 |   413    92   227 |   845   713
   700  0.5   18 | +506.3 +512.8 +702.0  +50.2 +156.9 +647.2 +156.9 +647.2  +13.2  |   +13.2 M3->FP x M2  |   166   311 |   413    92   227 |   845   746
   700  0.5   19 | +541.9 +551.4 +745.2  +60.4 +159.5 +666.8 +159.5 +666.8  +19.4  |   +19.4 M3->FP x M2  |   166   311 |   413    92   227 |   845   780
   700  0.5   20 | +577.3 +589.8 +788.1  +70.2 +162.3 +687.7 +162.3 +687.7  +25.7  |   +25.7 M3->FP x M2  |   166   311 |   413    92   227 |   845   814
   700  0.6   19 | +495.8 +494.3 +710.0  +48.3 +174.8 +622.4 +174.8 +622.4   +9.4  |    +9.4 M3->FP x M2  |   183   346 |   392   101   247 |   863   745
   700  0.6   20 | +529.1 +530.4 +751.1  +58.7 +177.2 +640.4 +177.2 +640.4  +15.7  |   +15.7 M3->FP x M2  |   183   346 |   392   101   247 |   863   777
   700  0.6   20 | +488.1 +478.1 +721.5  +46.5 +193.0 +599.2 +193.0 +599.2   +5.6  |    +5.6 M3->FP x M2  |   200   382 |   375   110   267 |   882   748
   750  0.3   11 | +490.7 +509.9 +598.4  +30.2  +85.2 +757.6  +85.2 +757.6   +9.9  |    +9.9 M3->FP x M2  |    99   177 |   593    55   153 |   827   699
   750  0.3   12 | +546.7 +570.0 +661.3  +39.7  +87.9 +785.2  +87.9 +785.2  +15.7  |   +15.7 M3->FP x M2  |    99   177 |   593    55   153 |   827   750
   750  0.3   13 | +602.6 +630.0 +724.0  +48.7  +90.9 +815.3  +90.9 +815.3  +21.5  |   +21.5 M3->FP x M2  |    99   177 |   593    55   153 |   827   802
   750  0.3   14 | +658.3 +689.7 +786.5  +57.1  +94.3 +847.8  +94.3 +847.8  +27.4  |   +27.4 M3->FP x M2  |    99   177 |   593    55   153 |   827   855
   750  0.3   15 | +713.8 +749.2 +848.7  +65.1  +97.9 +882.4  +97.9 +882.4  +33.3  |   +33.3 M3->FP x M2  |    99   177 |   593    55   153 |   827   907
   750  0.3   16 | +769.0 +808.5 +910.7  +72.5 +101.8 +919.2 +101.8 +919.2  +39.3  |   +39.3 M3->FP x M2  |    99   177 |   593    55   153 |   827   961
   750  0.3   17 | +824.1 +867.5 +972.4  +79.5 +106.0 +957.9 +105.7 +957.9  +45.3  |   +45.3 M3->FP x M2  |    99   177 |   593    55   153 |   827  1015
   750  0.3   18 | +878.9 +926.3 +1033.8  +86.1 +110.4 +998.3 +109.3 +998.3  +51.4  |   +51.4 M3->FP x M2  |    99   177 |   593    55   153 |   827  1069
   750  0.3   19 | +933.4 +984.8 +1094.9  +92.2 +115.1 +1038.1 +112.7 +1040.6  +57.6  |   +57.6 M3->FP x M2  |    99   177 |   593    55   153 |   827  1124
   750  0.3   20 | +987.6 +1043.0 +1155.7  +97.9 +119.9 +1074.6 +115.8 +1084.5  +63.9  |   +63.9 M3->FP x M2  |    99   177 |   593    55   153 |   827  1180
   750  0.3   12 | +468.2 +483.0 +591.3  +27.4 +100.8 +726.8 +100.8 +726.8   +6.3  |    +6.3 M3->FP x M2  |   116   210 |   535    64   171 |   844   683
   750  0.3   13 | +518.0 +536.6 +648.2  +37.3 +103.1 +750.0 +103.1 +750.0  +12.1  |   +12.1 M3->FP x M2  |   116   210 |   535    64   171 |   844   728
   750  0.3   14 | +567.7 +590.0 +704.9  +46.8 +105.8 +775.3 +105.8 +775.3  +18.0  |   +18.0 M3->FP x M2  |   116   210 |   535    64   171 |   844   774
   750  0.3   15 | +617.1 +643.3 +761.4  +55.9 +108.8 +802.7 +108.8 +802.7  +23.9  |   +23.9 M3->FP x M2  |   116   210 |   535    64   171 |   844   820
   750  0.3   16 | +666.4 +696.3 +817.6  +64.6 +112.1 +832.0 +112.1 +832.0  +29.9  |   +29.9 M3->FP x M2  |   116   210 |   535    64   171 |   844   867
   750  0.3   17 | +715.5 +749.2 +873.6  +72.8 +115.7 +863.1 +115.7 +863.1  +35.9  |   +35.9 M3->FP x M2  |   116   210 |   535    64   171 |   844   914
   750  0.3   18 | +764.4 +801.8 +929.3  +80.6 +119.5 +896.0 +119.5 +896.0  +42.0  |   +42.0 M3->FP x M2  |   116   210 |   535    64   171 |   844   961
   750  0.3   19 | +813.0 +854.2 +984.8  +88.0 +123.6 +930.5 +123.5 +930.5  +48.2  |   +48.2 M3->FP x M2  |   116   210 |   535    64   171 |   844  1009
   750  0.3   20 | +861.4 +906.3 +1039.9  +95.0 +127.9 +966.6 +127.4 +966.6  +54.5  |   +54.5 M3->FP x M2  |   116   210 |   535    64   171 |   844  1058
   750  0.4   14 | +498.4 +511.6 +644.8  +34.7 +119.3 +720.2 +119.3 +720.2   +8.4  |    +8.4 M3->FP x M2  |   133   243 |   491    73   190 |   861   716
   750  0.4   15 | +543.4 +560.0 +697.1  +44.7 +121.7 +742.2 +121.7 +742.2  +14.3  |   +14.3 M3->FP x M2  |   133   243 |   491    73   190 |   861   757
   750  0.4   16 | +588.2 +608.4 +749.1  +54.3 +124.4 +766.0 +124.4 +766.0  +20.3  |   +20.3 M3->FP x M2  |   133   243 |   491    73   190 |   861   798
   750  0.4   17 | +632.8 +656.5 +800.9  +63.5 +127.4 +791.4 +127.4 +791.4  +26.3  |   +26.3 M3->FP x M2  |   133   243 |   491    73   190 |   861   840
   750  0.4   18 | +677.2 +704.4 +852.4  +72.3 +130.7 +818.6 +130.7 +818.6  +32.5  |   +32.5 M3->FP x M2  |   133   243 |   491    73   190 |   861   883
   750  0.4   19 | +721.5 +752.1 +903.7  +80.8 +134.2 +847.3 +134.2 +847.3  +38.6  |   +38.6 M3->FP x M2  |   133   243 |   491    73   190 |   861   926
   750  0.4   20 | +765.5 +799.6 +954.7  +88.9 +138.0 +877.5 +138.0 +877.5  +44.9  |   +44.9 M3->FP x M2  |   133   243 |   491    73   190 |   861   969
   750  0.5   16 | +526.2 +536.4 +697.0  +42.4 +138.5 +713.3 +138.5 +713.3  +10.6  |   +10.6 M3->FP x M2  |   149   278 |   457    83   209 |   878   748
   750  0.5   17 | +567.4 +580.9 +745.6  +52.4 +140.9 +734.5 +140.9 +734.5  +16.6  |   +16.6 M3->FP x M2  |   149   278 |   457    83   209 |   878   786
   750  0.5   18 | +608.4 +625.1 +793.9  +62.1 +143.7 +757.1 +143.7 +757.1  +22.7  |   +22.7 M3->FP x M2  |   149   278 |   457    83   209 |   878   824
   750  0.5   19 | +649.2 +669.2 +842.1  +71.4 +146.7 +781.3 +146.7 +781.3  +28.9  |   +28.9 M3->FP x M2  |   149   278 |   457    82   209 |   878   863
   750  0.5   20 | +689.8 +713.0 +889.9  +80.5 +150.0 +807.0 +150.0 +807.0  +35.2  |   +35.2 M3->FP x M2  |   149   278 |   457    83   209 |   878   902
   750  0.5   17 | +514.0 +517.2 +702.5  +40.1 +155.8 +687.3 +155.8 +687.3   +6.7  |    +6.7 M3->FP x M2  |   166   312 |   429    92   228 |   896   744
   750  0.5   18 | +552.3 +558.4 +748.4  +50.4 +158.1 +706.5 +158.1 +706.5  +12.9  |   +12.9 M3->FP x M2  |   166   312 |   429    92   228 |   896   779
   750  0.5   19 | +590.3 +599.5 +794.0  +60.5 +160.7 +727.1 +160.7 +727.1  +19.1  |   +19.1 M3->FP x M2  |   166   312 |   429    92   228 |   896   815
   750  0.5   20 | +628.2 +640.4 +839.5  +70.3 +163.5 +749.0 +163.5 +749.0  +25.3  |   +25.3 M3->FP x M2  |   166   312 |   429    92   228 |   896   851
   750  0.6   19 | +541.3 +539.5 +755.9  +48.5 +175.9 +681.0 +175.9 +681.0   +9.1  |    +9.1 M3->FP x M2  |   183   347 |   407   101   248 |   914   777
   750  0.6   20 | +576.9 +577.9 +799.4  +58.9 +178.2 +700.0 +178.2 +700.0  +15.4  |   +15.4 M3->FP x M2  |   183   347 |   407   101   248 |   914   811
   750  0.6   20 | +533.4 +523.1 +767.1  +46.7 +194.0 +657.3 +194.0 +657.3   +5.4  |    +5.4 M3->FP x M2  |   200   383 |   388   110   267 |   933   779
   800  0.3   11 | +531.5 +550.3 +639.5  +30.3  +86.5 +816.7  +86.5 +816.7   +9.5  |    +9.5 M3->FP x M2  |    99   178 |   621    55   153 |   879   732
   800  0.3   12 | +591.2 +614.1 +706.1  +39.7  +89.1 +846.0  +89.1 +846.0  +15.3  |   +15.3 M3->FP x M2  |    99   178 |   621    55   153 |   879   787
   800  0.3   13 | +650.8 +677.7 +772.5  +48.6  +92.1 +877.9  +92.1 +877.9  +21.1  |   +21.1 M3->FP x M2  |    99   178 |   621    55   153 |   879   842
   800  0.3   14 | +710.1 +741.1 +838.7  +57.1  +95.4 +912.2  +95.4 +912.2  +27.0  |   +27.0 M3->FP x M2  |    99   178 |   621    55   153 |   879   897
   800  0.3   15 | +769.3 +804.3 +904.6  +65.0  +99.0 +948.9  +99.0 +948.9  +32.9  |   +32.9 M3->FP x M2  |    99   178 |   621    55   153 |   879   953
   800  0.3   16 | +828.2 +867.3 +970.3  +72.4 +102.8 +987.7 +102.8 +987.7  +38.9  |   +38.9 M3->FP x M2  |    99   178 |   621    55   153 |   879  1009
   800  0.3   17 | +886.9 +929.9 +1035.6  +79.4 +107.0 +1028.6 +106.7 +1028.6  +45.0  |   +45.0 M3->FP x M2  |    99   178 |   621    55   153 |   879  1066
   800  0.3   18 | +945.3 +992.3 +1100.7  +85.9 +111.4 +1071.4 +110.3 +1071.4  +51.1  |   +51.1 M3->FP x M2  |    99   178 |   621    55   153 |   879  1124
   800  0.3   19 | +1003.4 +1054.4 +1165.4  +92.0 +116.0 +1113.7 +113.7 +1116.0  +57.3  |   +57.3 M3->FP x M2  |    99   178 |   621    55   153 |   879  1182
   800  0.3   20 | +1061.2 +1116.2 +1229.7  +97.7 +120.8 +1152.6 +116.9 +1162.3  +63.5  |   +63.5 M3->FP x M2  |    99   178 |   621    55   153 |   879  1241
   800  0.3   12 | +507.8 +522.2 +631.2  +27.5 +102.0 +784.9 +102.0 +784.9   +5.9  |    +5.9 M3->FP x M2  |   116   211 |   558    64   172 |   895   714
   800  0.3   13 | +560.9 +579.1 +691.4  +37.4 +104.4 +809.5 +104.4 +809.5  +11.7  |   +11.7 M3->FP x M2  |   116   211 |   558    64   172 |   895   762
   800  0.3   14 | +613.8 +635.8 +751.4  +46.9 +107.0 +836.3 +107.0 +836.3  +17.6  |   +17.6 M3->FP x M2  |   116   211 |   558    64   172 |   895   810
   800  0.3   15 | +666.6 +692.3 +811.2  +55.9 +110.0 +865.2 +110.0 +865.2  +23.5  |   +23.5 M3->FP x M2  |   116   211 |   558    64   172 |   895   859
   800  0.3   16 | +719.1 +748.6 +870.7  +64.5 +113.2 +896.1 +113.2 +896.1  +29.5  |   +29.5 M3->FP x M2  |   116   211 |   558    64   172 |   895   908
   800  0.3   17 | +771.4 +804.7 +929.9  +72.7 +116.8 +929.0 +116.8 +929.0  +35.6  |   +35.6 M3->FP x M2  |   116   211 |   558    64   172 |   895   958
   800  0.3   18 | +823.5 +860.5 +988.9  +80.5 +120.5 +963.6 +120.5 +963.6  +41.7  |   +41.7 M3->FP x M2  |   116   211 |   558    64   172 |   895  1008
   800  0.3   19 | +875.3 +916.1 +1047.5  +87.9 +124.6 +1000.0 +124.6 +1000.0  +47.9  |   +47.9 M3->FP x M2  |   116   211 |   558    64   172 |   895  1059
   800  0.3   20 | +926.9 +971.3 +1105.9  +94.9 +128.9 +1038.0 +128.5 +1038.0  +54.1  |   +54.1 M3->FP x M2  |   116   211 |   558    64   172 |   895  1111
   800  0.4   14 | +540.3 +553.0 +687.1  +34.8 +120.5 +778.7 +120.5 +778.7   +8.0  |    +8.0 M3->FP x M2  |   133   245 |   511    73   190 |   912   748
   800  0.4   15 | +588.2 +604.5 +742.3  +44.8 +122.9 +802.0 +122.9 +802.0  +14.0  |   +14.0 M3->FP x M2  |   133   245 |   511    73   190 |   912   791
   800  0.4   16 | +636.0 +655.8 +797.3  +54.3 +125.6 +827.0 +125.6 +827.0  +19.9  |   +19.9 M3->FP x M2  |   133   245 |   511    73   190 |   912   835
   800  0.4   17 | +683.5 +706.8 +852.0  +63.5 +128.6 +853.9 +128.6 +853.9  +26.0  |   +26.0 M3->FP x M2  |   133   245 |   511    73   190 |   912   879
   800  0.4   18 | +730.9 +757.7 +906.5  +72.3 +131.8 +882.5 +131.8 +882.5  +32.1  |   +32.1 M3->FP x M2  |   133   245 |   511    73   190 |   912   924
   800  0.4   19 | +778.0 +808.3 +960.7  +80.8 +135.3 +912.7 +135.3 +912.7  +38.3  |   +38.3 M3->FP x M2  |   133   245 |   511    73   190 |   912   969
   800  0.4   20 | +824.9 +858.6 +1014.6  +88.9 +139.0 +944.5 +139.0 +944.5  +44.5  |   +44.5 M3->FP x M2  |   133   245 |   511    73   190 |   912  1015
   800  0.5   16 | +570.2 +580.1 +741.3  +42.5 +139.6 +772.2 +139.6 +772.2  +10.2  |   +10.2 M3->FP x M2  |   149   279 |   475    82   209 |   929   780
   800  0.5   17 | +614.1 +627.2 +792.6  +52.5 +142.1 +794.5 +142.1 +794.5  +16.3  |   +16.3 M3->FP x M2  |   149   279 |   475    83   209 |   929   820
   800  0.5   18 | +657.7 +674.1 +843.7  +62.1 +144.8 +818.4 +144.8 +818.4  +22.4  |   +22.4 M3->FP x M2  |   149   279 |   475    83   209 |   929   861
   800  0.5   19 | +701.2 +720.8 +894.5  +71.5 +147.8 +843.8 +147.8 +843.8  +28.6  |   +28.6 M3->FP x M2  |   149   279 |   475    83   209 |   929   902
   800  0.5   20 | +744.5 +767.3 +945.1  +80.5 +151.0 +870.8 +151.0 +870.8  +34.8  |   +34.8 M3->FP x M2  |   149   279 |   475    82   209 |   929   943
   800  0.5   17 | +557.5 +560.3 +746.3  +40.2 +156.9 +745.6 +156.9 +745.6   +6.4  |    +6.4 M3->FP x M2  |   166   314 |   446    92   229 |   947   775
   800  0.5   18 | +598.2 +604.0 +794.7  +50.6 +159.2 +765.8 +159.2 +765.8  +12.6  |   +12.6 M3->FP x M2  |   166   314 |   446    92   229 |   947   812
   800  0.5   19 | +638.8 +647.6 +842.9  +60.6 +161.7 +787.4 +161.7 +787.4  +18.8  |   +18.8 M3->FP x M2  |   166   314 |   446    92   229 |   947   850
   800  0.5   20 | +679.1 +691.0 +890.8  +70.4 +164.5 +810.4 +164.5 +810.4  +25.0  |   +25.0 M3->FP x M2  |   166   314 |   446    92   229 |   947   888
   800  0.6   19 | +586.8 +584.7 +801.8  +48.7 +176.8 +739.7 +176.8 +739.7   +8.8  |    +8.8 M3->FP x M2  |   183   349 |   422   101   248 |   965   809
   800  0.6   20 | +624.8 +625.5 +847.6  +59.1 +179.2 +759.6 +179.2 +759.6  +15.1  |   +15.1 M3->FP x M2  |   183   349 |   422   101   248 |   965   844
   800  0.6   20 | +578.7 +568.1 +812.7  +47.0 +194.8 +715.5 +194.8 +715.5   +5.1  |    +5.1 M3->FP x M2  |   200   384 |   402   110   268 |   984   810
   850  0.3   11 | +572.3 +590.7 +680.5  +30.3  +87.5 +875.8  +87.5 +875.8   +9.2  |    +9.2 M3->FP x M2  |    99   179 |   648    55   154 |   930   765
   850  0.3   12 | +635.7 +658.2 +750.8  +39.7  +90.1 +906.8  +90.1 +906.8  +15.0  |   +15.0 M3->FP x M2  |    99   179 |   648    55   154 |   930   823
   850  0.3   13 | +699.0 +725.5 +821.0  +48.6  +93.1 +940.5  +93.1 +940.5  +20.8  |   +20.8 M3->FP x M2  |    99   179 |   648    55   154 |   930   881
   850  0.3   14 | +762.0 +792.6 +890.8  +57.0  +96.4 +976.7  +96.4 +976.7  +26.7  |   +26.7 M3->FP x M2  |    99   179 |   648    55   154 |   930   939
   850  0.3   15 | +824.8 +859.5 +960.4  +64.9  +99.9 +1015.4  +99.9 +1015.4  +32.6  |   +32.6 M3->FP x M2  |    99   179 |   648    55   154 |   930   998
   850  0.3   16 | +887.4 +926.1 +1029.8  +72.3 +103.8 +1056.3 +103.8 +1056.3  +38.6  |   +38.6 M3->FP x M2  |    99   179 |   648    55   154 |   930  1058
   850  0.3   17 | +949.7 +992.4 +1098.8  +79.3 +107.8 +1099.4 +107.6 +1099.4  +44.7  |   +44.7 M3->FP x M2  |    99   179 |   648    55   154 |   930  1118
   850  0.3   18 | +1011.7 +1058.4 +1167.4  +85.8 +112.2 +1144.4 +111.3 +1144.4  +50.8  |   +50.8 M3->FP x M2  |    99   179 |   648    55   154 |   930  1179
   850  0.3   19 | +1073.4 +1124.0 +1235.7  +91.8 +116.8 +1189.3 +114.7 +1191.4  +56.9  |   +56.9 M3->FP x M2  |    99   179 |   648    55   154 |   930  1240
   850  0.3   20 | +1134.7 +1189.4 +1303.7  +97.5 +121.6 +1230.6 +117.8 +1240.2  +63.2  |   +63.2 M3->FP x M2  |    99   179 |   648    55   154 |   930  1303
   850  0.3   12 | +547.4 +561.4 +671.1  +27.5 +103.1 +843.0 +103.1 +843.0   +5.6  |    +5.6 M3->FP x M2  |   116   212 |   582    64   172 |   946   745
   850  0.3   13 | +603.8 +621.6 +734.6  +37.4 +105.4 +869.0 +105.4 +869.0  +11.4  |   +11.4 M3->FP x M2  |   116   212 |   582    64   172 |   946   796
   850  0.3   14 | +660.0 +681.6 +797.8  +46.9 +108.1 +897.2 +108.1 +897.2  +17.3  |   +17.3 M3->FP x M2  |   116   212 |   582    64   172 |   946   847
   850  0.3   15 | +716.0 +741.4 +860.9  +55.9 +111.0 +927.7 +111.0 +927.7  +23.2  |   +23.2 M3->FP x M2  |   116   212 |   582    64   172 |   946   898
   850  0.3   16 | +771.8 +800.9 +923.7  +64.5 +114.2 +960.3 +114.2 +960.3  +29.2  |   +29.2 M3->FP x M2  |   116   212 |   582    64   172 |   946   950
   850  0.3   17 | +827.3 +860.2 +986.2  +72.7 +117.7 +994.8 +117.7 +994.8  +35.3  |   +35.3 M3->FP x M2  |   116   212 |   582    64   172 |   946  1002
   850  0.3   18 | +882.6 +919.3 +1048.4  +80.5 +121.5 +1031.3 +121.5 +1031.3  +41.4  |   +41.4 M3->FP x M2  |   116   212 |   582    64   172 |   946  1055
   850  0.3   19 | +937.6 +978.0 +1110.2  +87.8 +125.5 +1069.5 +125.5 +1069.5  +47.5  |   +47.5 M3->FP x M2  |   116   212 |   582    64   172 |   946  1109
   850  0.3   20 | +992.3 +1036.5 +1171.8  +94.8 +129.7 +1109.5 +129.4 +1109.5  +53.8  |   +53.8 M3->FP x M2  |   116   212 |   582    64   172 |   946  1163
   850  0.4   14 | +582.2 +594.6 +729.2  +34.9 +121.6 +837.3 +121.6 +837.3   +7.7  |    +7.7 M3->FP x M2  |   133   246 |   532    73   191 |   963   779
   850  0.4   15 | +633.1 +649.0 +787.4  +44.8 +124.0 +861.8 +124.0 +861.8  +13.6  |   +13.6 M3->FP x M2  |   133   246 |   532    73   191 |   963   825
   850  0.4   16 | +683.8 +703.2 +845.4  +54.4 +126.6 +888.2 +126.6 +888.2  +19.6  |   +19.6 M3->FP x M2  |   133   246 |   532    73   191 |   963   871
   850  0.4   17 | +734.3 +757.2 +903.1  +63.5 +129.6 +916.4 +129.6 +916.4  +25.7  |   +25.7 M3->FP x M2  |   133   246 |   532    73   191 |   963   918
   850  0.4   18 | +784.5 +811.0 +960.5  +72.3 +132.8 +946.4 +132.8 +946.4  +31.8  |   +31.8 M3->FP x M2  |   133   246 |   532    73   191 |   963   965
   850  0.4   19 | +834.5 +864.5 +1017.6  +80.8 +136.2 +978.1 +136.2 +978.1  +38.0  |   +38.0 M3->FP x M2  |   133   246 |   532    73   191 |   963  1013
   850  0.4   20 | +884.3 +917.7 +1074.4  +88.8 +140.0 +1011.5 +140.0 +1011.5  +44.2  |   +44.2 M3->FP x M2  |   133   246 |   532    73   191 |   963  1062
   850  0.5   16 | +614.2 +623.7 +785.6  +42.6 +140.6 +831.2 +140.6 +831.2   +9.9  |    +9.9 M3->FP x M2  |   150   280 |   493    83   210 |   980   813
   850  0.5   17 | +660.8 +673.6 +839.7  +52.6 +143.1 +854.6 +143.1 +854.6  +16.0  |   +16.0 M3->FP x M2  |   150   280 |   493    82   210 |   980   855
   850  0.5   18 | +707.1 +723.2 +893.4  +62.2 +145.8 +879.7 +145.8 +879.7  +22.1  |   +22.1 M3->FP x M2  |   150   280 |   493    82   210 |   980   898
   850  0.5   19 | +753.3 +772.6 +946.9  +71.5 +148.7 +906.3 +148.7 +906.3  +28.3  |   +28.3 M3->FP x M2  |   150   280 |   493    82   210 |   980   941
   850  0.5   20 | +799.2 +821.7 +1000.2  +80.5 +151.9 +934.6 +151.9 +934.6  +34.5  |   +34.5 M3->FP x M2  |   150   280 |   493    83   210 |   980   984
   850  0.5   17 | +601.0 +603.5 +790.1  +40.4 +157.8 +803.9 +157.8 +803.9   +6.2  |    +6.2 M3->FP x M2  |   166   315 |   462    92   229 |   998   806
   850  0.5   18 | +644.2 +649.7 +841.0  +50.7 +160.1 +825.1 +160.1 +825.1  +12.3  |   +12.3 M3->FP x M2  |   166   315 |   462    92   229 |   998   845
   850  0.5   19 | +687.3 +695.8 +891.7  +60.7 +162.6 +847.7 +162.6 +847.7  +18.5  |   +18.5 M3->FP x M2  |   166   315 |   462    92   229 |   998   885
   850  0.5   20 | +730.1 +741.6 +942.1  +70.5 +165.4 +871.9 +165.4 +871.9  +24.7  |   +24.7 M3->FP x M2  |   166   315 |   462    92   229 |   998   925
   850  0.6   19 | +632.3 +630.0 +847.6  +48.9 +177.6 +798.3 +177.6 +798.3   +8.6  |    +8.6 M3->FP x M2  |   183   349 |   437   101   249 |  1016   841
   850  0.6   20 | +672.6 +673.0 +895.7  +59.3 +180.0 +819.2 +180.0 +819.2  +14.9  |   +14.9 M3->FP x M2  |   183   349 |   437   101   249 |  1016   878
   900  0.3   11 | +613.0 +631.2 +721.5  +30.3  +88.5 +935.0  +88.5 +935.0   +8.9  |    +8.9 M3->FP x M2  |    99   180 |   675    55   155 |   981   798
   900  0.3   12 | +680.2 +702.4 +795.5  +39.7  +91.1 +967.6  +91.1 +967.6  +14.7  |   +14.7 M3->FP x M2  |    99   180 |   675    55   155 |   981   859
   900  0.3   13 | +747.2 +773.4 +869.4  +48.6  +94.0 +1003.1  +94.0 +1003.1  +20.5  |   +20.5 M3->FP x M2  |    99   180 |   675    55   155 |   981   920
   900  0.3   14 | +813.9 +844.2 +943.0  +57.0  +97.2 +1041.3  +97.2 +1041.3  +26.4  |   +26.4 M3->FP x M2  |    99   180 |   675    55   155 |   981   982
   900  0.3   15 | +880.4 +914.7 +1016.2  +64.8 +100.8 +1081.9 +100.8 +1081.9  +32.4  |   +32.4 M3->FP x M2  |    99   180 |   675    55   155 |   981  1044
   900  0.3   16 | +946.6 +984.9 +1089.2  +72.2 +104.6 +1125.0 +104.6 +1125.0  +38.3  |   +38.3 M3->FP x M2  |    99   180 |   675    55   155 |   981  1106
   900  0.3   17 | +1012.5 +1054.9 +1161.9  +79.2 +108.6 +1170.2 +108.4 +1170.2  +44.4  |   +44.4 M3->FP x M2  |    99   180 |   675    55   155 |   981  1170
   900  0.3   18 | +1078.1 +1124.5 +1234.2  +85.6 +112.9 +1217.5 +112.1 +1217.5  +50.5  |   +50.5 M3->FP x M2  |    99   180 |   675    55   155 |   981  1234
   900  0.3   19 | +1143.4 +1193.7 +1306.1  +91.7 +117.5 +1265.0 +115.5 +1266.9  +56.7  |   +56.7 M3->FP x M2  |    99   180 |   675    55   155 |   981  1299
   900  0.3   20 | +1208.3 +1262.6 +1377.6  +97.4 +122.3 +1308.7 +118.7 +1318.1  +62.9  |   +62.9 M3->FP x M2  |    99   180 |   675    55   155 |   981  1364
   900  0.3   12 | +587.0 +600.7 +710.9  +27.6 +104.1 +901.1 +104.1 +901.1   +5.3  |    +5.3 M3->FP x M2  |   116   213 |   605    64   173 |   997   776
   900  0.3   13 | +646.7 +664.2 +777.7  +37.5 +106.4 +928.5 +106.4 +928.5  +11.1  |   +11.1 M3->FP x M2  |   116   213 |   605    64   173 |   997   829
   900  0.3   14 | +706.2 +727.4 +844.3  +46.9 +109.0 +958.2 +109.0 +958.2  +17.0  |   +17.0 M3->FP x M2  |   116   213 |   605    64   173 |   997   883
   900  0.3   15 | +765.4 +790.5 +910.6  +55.9 +111.9 +990.3 +111.9 +990.3  +22.9  |   +22.9 M3->FP x M2  |   116   213 |   605    64   173 |   997   937
   900  0.3   16 | +824.4 +853.3 +976.6  +64.5 +115.1 +1024.5 +115.1 +1024.5  +28.9  |   +28.9 M3->FP x M2  |   116   213 |   605    64   173 |   997   992
   900  0.3   17 | +883.2 +915.8 +1042.4  +72.7 +118.6 +1060.7 +118.6 +1060.7  +35.0  |   +35.0 M3->FP x M2  |   116   213 |   605    64   173 |   997  1047
   900  0.3   18 | +941.7 +978.0 +1107.8  +80.4 +122.3 +1099.0 +122.3 +1099.0  +41.1  |   +41.1 M3->FP x M2  |   116   213 |   605    64   173 |   997  1103
   900  0.3   19 | +999.9 +1040.0 +1172.9  +87.7 +126.3 +1139.1 +126.3 +1139.1  +47.3  |   +47.3 M3->FP x M2  |   116   213 |   605    64   173 |   997  1159
   900  0.3   20 | +1057.8 +1101.6 +1237.6  +94.7 +130.5 +1181.0 +130.2 +1181.0  +53.5  |   +53.5 M3->FP x M2  |   116   213 |   605    64   173 |   997  1216
   900  0.4   14 | +624.1 +636.2 +771.4  +35.0 +122.5 +895.9 +122.5 +895.9   +7.4  |    +7.4 M3->FP x M2  |   133   247 |   552    73   192 |  1014   811
   900  0.4   15 | +677.9 +693.5 +832.5  +44.9 +124.9 +921.6 +124.9 +921.6  +13.4  |   +13.4 M3->FP x M2  |   133   247 |   552    73   192 |  1014   859
   900  0.4   16 | +731.6 +750.7 +893.4  +54.4 +127.6 +949.3 +127.6 +949.3  +19.4  |   +19.4 M3->FP x M2  |   133   247 |   552    73   192 |  1014   908
   900  0.4   17 | +785.0 +807.6 +954.1  +63.6 +130.5 +978.9 +130.5 +978.9  +25.4  |   +25.4 M3->FP x M2  |   133   247 |   552    73   192 |  1014   957
   900  0.4   18 | +838.2 +864.3 +1014.4  +72.3 +133.7 +1010.4 +133.7 +1010.4  +31.5  |   +31.5 M3->FP x M2  |   133   247 |   552    73   192 |  1014  1007
   900  0.4   19 | +891.1 +920.7 +1074.5  +80.7 +137.1 +1043.6 +137.1 +1043.6  +37.7  |   +37.7 M3->FP x M2  |   133   247 |   552    73   192 |  1014  1057
   900  0.4   20 | +943.7 +976.8 +1134.2  +88.8 +140.8 +1078.6 +140.8 +1078.6  +44.0  |   +44.0 M3->FP x M2  |   133   247 |   552    73   192 |  1014  1108
   900  0.5   16 | +658.2 +667.4 +829.9  +42.7 +141.5 +890.2 +141.5 +890.2   +9.7  |    +9.7 M3->FP x M2  |   150   281 |   511    83   211 |  1031   845
   900  0.5   17 | +707.5 +720.0 +886.6  +52.7 +144.0 +914.7 +144.0 +914.7  +15.7  |   +15.7 M3->FP x M2  |   150   281 |   511    82   211 |  1031   889
   900  0.5   18 | +756.5 +772.3 +943.1  +62.3 +146.6 +941.0 +146.6 +941.0  +21.8  |   +21.8 M3->FP x M2  |   150   281 |   511    83   211 |  1031   934
   900  0.5   19 | +805.3 +824.3 +999.3  +71.6 +149.6 +968.9 +149.6 +968.9  +28.0  |   +28.0 M3->FP x M2  |   150   281 |   511    82   211 |  1031   980
   900  0.5   20 | +853.9 +876.1 +1055.2  +80.6 +152.8 +998.4 +152.8 +998.4  +34.3  |   +34.3 M3->FP x M2  |   150   281 |   511    83   211 |  1031  1025
   900  0.5   17 | +644.5 +646.7 +833.8  +40.5 +158.7 +862.2 +158.7 +862.2   +5.9  |    +5.9 M3->FP x M2  |   166   315 |   479    92   230 |  1049   837
   900  0.5   18 | +690.2 +695.4 +887.2  +50.8 +160.9 +884.4 +160.9 +884.4  +12.1  |   +12.1 M3->FP x M2  |   166   315 |   479    92   230 |  1049   878
   900  0.5   19 | +735.7 +744.0 +940.4  +60.8 +163.4 +908.1 +163.4 +908.1  +18.2  |   +18.2 M3->FP x M2  |   166   315 |   479    92   230 |  1049   920
   900  0.5   20 | +781.0 +792.3 +993.3  +70.6 +166.2 +933.3 +166.2 +933.3  +24.5  |   +24.5 M3->FP x M2  |   166   315 |   479    92   230 |  1049   962
   900  0.6   19 | +677.9 +675.2 +893.4  +49.0 +178.4 +857.1 +178.4 +857.1   +8.4  |    +8.4 M3->FP x M2  |   183   350 |   452   101   249 |  1067   873
   900  0.6   20 | +720.5 +720.7 +943.8  +59.4 +180.7 +878.8 +180.7 +878.8  +14.7  |   +14.7 M3->FP x M2  |   183   350 |   452   101   249 |  1067   912
   950  0.3   11 | +653.8 +671.7 +762.4  +30.3  +89.3 +994.2  +89.3 +994.2   +8.7  |    +8.7 M3->FP x M2  |    99   181 |   703    55   155 |  1032   832
   950  0.3   12 | +724.7 +746.6 +840.2  +39.7  +91.9 +1028.5  +91.9 +1028.5  +14.5  |   +14.5 M3->FP x M2  |    99   181 |   703    55   155 |  1032   895
   950  0.3   13 | +795.3 +821.3 +917.8  +48.6  +94.8 +1065.8  +94.8 +1065.8  +20.3  |   +20.3 M3->FP x M2  |    99   181 |   703    55   155 |  1032   959
   950  0.3   14 | +865.7 +895.8 +995.0  +56.9  +98.0 +1105.8  +98.0 +1105.8  +26.2  |   +26.2 M3->FP x M2  |    99   181 |   703    55   155 |  1032  1024
   950  0.3   15 | +935.9 +969.9 +1072.0  +64.8 +101.5 +1148.5 +101.5 +1148.5  +32.1  |   +32.1 M3->FP x M2  |    99   181 |   703    55   155 |  1032  1089
   950  0.3   16 | +1005.7 +1043.8 +1148.7  +72.2 +105.3 +1193.6 +105.3 +1193.6  +38.1  |   +38.1 M3->FP x M2  |    99   181 |   703    55   155 |  1032  1155
   950  0.3   17 | +1075.3 +1117.4 +1224.9  +79.1 +109.3 +1241.0 +109.2 +1241.0  +44.1  |   +44.1 M3->FP x M2  |    99   181 |   703    55   155 |  1032  1222
   950  0.3   18 | +1144.5 +1190.6 +1300.9  +85.5 +113.6 +1290.6 +112.8 +1290.6  +50.2  |   +50.2 M3->FP x M2  |    99   181 |   703    55   155 |  1032  1289
   950  0.3   19 | +1213.4 +1263.5 +1376.4  +91.6 +118.1 +1340.6 +116.2 +1342.4  +56.4  |   +56.4 M3->FP x M2  |    99   181 |   703    55   155 |  1032  1357
   950  0.3   20 | +1281.9 +1335.9 +1451.5  +97.3 +122.9 +1386.8 +119.4 +1396.1  +62.7  |   +62.7 M3->FP x M2  |    99   181 |   703    55   155 |  1032  1426
   950  0.3   12 | +626.6 +640.0 +750.7  +27.6 +105.0 +959.3 +105.0 +959.3   +5.0  |    +5.0 M3->FP x M2  |   116   214 |   628    64   173 |  1048   807
   950  0.3   13 | +689.6 +706.8 +820.8  +37.5 +107.3 +988.0 +107.3 +988.0  +10.9  |   +10.9 M3->FP x M2  |   116   214 |   628    64   173 |  1048   863
   950  0.3   14 | +752.3 +773.3 +890.7  +46.9 +109.9 +1019.2 +109.9 +1019.2  +16.8  |   +16.8 M3->FP x M2  |   116   214 |   628    64   173 |  1048   919
   950  0.3   15 | +814.8 +839.6 +960.3  +55.9 +112.7 +1052.8 +112.7 +1052.8  +22.7  |   +22.7 M3->FP x M2  |   116   214 |   628    64   173 |  1048   976
   950  0.3   16 | +877.1 +905.6 +1029.6  +64.5 +115.9 +1088.7 +115.9 +1088.7  +28.7  |   +28.7 M3->FP x M2  |   116   214 |   628    64   173 |  1048  1033
   950  0.3   17 | +939.1 +971.4 +1098.5  +72.6 +119.4 +1126.7 +119.4 +1126.7  +34.7  |   +34.7 M3->FP x M2  |   116   214 |   628    64   173 |  1048  1091
   950  0.3   18 | +1000.8 +1036.9 +1167.2  +80.3 +123.1 +1166.7 +123.1 +1166.7  +40.8  |   +40.8 M3->FP x M2  |   116   214 |   628    64   173 |  1048  1150
   950  0.3   19 | +1062.2 +1102.0 +1235.5  +87.7 +127.0 +1208.7 +127.0 +1208.7  +47.0  |   +47.0 M3->FP x M2  |   116   214 |   628    64   173 |  1048  1209
   950  0.3   20 | +1123.3 +1166.8 +1303.4  +94.6 +131.2 +1252.6 +130.9 +1252.6  +53.3  |   +53.3 M3->FP x M2  |   116   214 |   628    64   173 |  1048  1269
   950  0.4   14 | +666.0 +677.8 +813.5  +35.1 +123.4 +954.5 +123.4 +954.5   +7.2  |    +7.2 M3->FP x M2  |   133   248 |   573    73   192 |  1065   843
   950  0.4   15 | +722.8 +738.1 +877.6  +44.9 +125.8 +981.4 +125.8 +981.4  +13.1  |   +13.1 M3->FP x M2  |   133   248 |   573    73   192 |  1065   893
   950  0.4   16 | +779.4 +798.2 +941.5  +54.4 +128.4 +1010.5 +128.4 +1010.5  +19.1  |   +19.1 M3->FP x M2  |   133   248 |   573    73   192 |  1065   944
   950  0.4   17 | +835.7 +858.0 +1005.1  +63.6 +131.3 +1041.5 +131.3 +1041.5  +25.2  |   +25.2 M3->FP x M2  |   133   248 |   573    73   192 |  1065   996
   950  0.4   18 | +891.8 +917.6 +1068.4  +72.3 +134.4 +1074.4 +134.4 +1074.4  +31.3  |   +31.3 M3->FP x M2  |   133   248 |   573    73   192 |  1065  1048
   950  0.4   19 | +947.6 +977.0 +1131.3  +80.7 +137.9 +1109.1 +137.9 +1109.1  +37.5  |   +37.5 M3->FP x M2  |   133   248 |   573    73   192 |  1065  1101
   950  0.4   20 | +1003.2 +1036.0 +1193.9  +88.7 +141.5 +1145.7 +141.5 +1145.7  +43.7  |   +43.7 M3->FP x M2  |   133   248 |   573    73   192 |  1065  1154
   950  0.5   16 | +702.2 +711.2 +874.1  +42.8 +142.3 +949.2 +142.3 +949.2   +9.4  |    +9.4 M3->FP x M2  |   150   282 |   530    82   211 |  1082   877
   950  0.5   17 | +754.2 +766.4 +933.6  +52.7 +144.7 +974.8 +144.7 +974.8  +15.5  |   +15.5 M3->FP x M2  |   150   282 |   530    83   211 |  1082   924
   950  0.5   18 | +805.9 +821.4 +992.8  +62.3 +147.4 +1002.3 +147.4 +1002.3  +21.6  |   +21.6 M3->FP x M2  |   150   282 |   530    83   211 |  1082   971
   950  0.5   19 | +857.4 +876.1 +1051.6  +71.6 +150.4 +1031.5 +150.4 +1031.5  +27.8  |   +27.8 M3->FP x M2  |   150   282 |   530    83   211 |  1082  1018
   950  0.5   20 | +908.6 +930.6 +1110.2  +80.6 +153.5 +1062.3 +153.5 +1062.3  +34.1  |   +34.1 M3->FP x M2  |   150   282 |   530    83   211 |  1082  1067
   950  0.5   17 | +687.9 +689.9 +877.5  +40.7 +159.4 +920.6 +159.4 +920.6   +5.7  |    +5.7 M3->FP x M2  |   166   316 |   495    92   230 |  1100   868
   950  0.5   18 | +736.2 +741.2 +933.5  +50.9 +161.7 +943.7 +161.7 +943.7  +11.8  |   +11.8 M3->FP x M2  |   166   316 |   495    92   230 |  1100   911
   950  0.5   19 | +784.2 +792.2 +989.1  +60.9 +164.2 +968.5 +164.2 +968.5  +18.0  |   +18.0 M3->FP x M2  |   166   316 |   495    92   230 |  1100   955
   950  0.5   20 | +831.9 +843.0 +1044.5  +70.7 +166.9 +994.8 +166.9 +994.8  +24.3  |   +24.3 M3->FP x M2  |   166   316 |   495    92   230 |  1100   999
   950  0.6   19 | +723.4 +720.6 +939.1  +49.2 +179.1 +915.8 +179.1 +915.8   +8.2  |    +8.2 M3->FP x M2  |   183   351 |   467   101   250 |  1118   905
   950  0.6   20 | +768.3 +768.3 +991.9  +59.5 +181.4 +938.5 +181.4 +938.5  +14.5  |   +14.5 M3->FP x M2  |   183   351 |   467   101   250 |  1118   945
  1000  0.3   11 | +694.6 +712.2 +803.4  +30.3  +90.1 +1053.4  +90.1 +1053.4   +8.5  |    +8.5 M3->FP x M2  |    99   182 |   730    55   156 |  1083   865
  1000  0.3   12 | +769.2 +790.8 +884.9  +39.7  +92.7 +1089.4  +92.7 +1089.4  +14.2  |   +14.2 M3->FP x M2  |    99   182 |   730    55   156 |  1083   931
  1000  0.3   13 | +843.5 +869.2 +966.1  +48.5  +95.5 +1128.4  +95.5 +1128.4  +20.1  |   +20.1 M3->FP x M2  |    99   182 |   730    55   156 |  1083   998
  1000  0.3   14 | +917.6 +947.4 +1047.1  +56.9  +98.7 +1170.4  +98.7 +1170.4  +26.0  |   +26.0 M3->FP x M2  |    99   182 |   730    55   156 |  1083  1066
  1000  0.3   15 | +991.4 +1025.2 +1127.8  +64.7 +102.2 +1215.1 +102.2 +1215.1  +31.9  |   +31.9 M3->FP x M2  |    99   182 |   730    55   156 |  1083  1135
  1000  0.3   16 | +1064.9 +1102.7 +1208.1  +72.1 +105.9 +1262.3 +105.9 +1262.3  +37.9  |   +37.9 M3->FP x M2  |    99   182 |   730    55   156 |  1083  1204
  1000  0.3   17 | +1138.1 +1179.9 +1288.0  +79.0 +110.0 +1311.9 +109.8 +1311.9  +43.9  |   +43.9 M3->FP x M2  |    99   182 |   730    55   156 |  1083  1273
  1000  0.3   18 | +1210.9 +1256.8 +1367.5  +85.4 +114.2 +1363.8 +113.5 +1363.8  +50.0  |   +50.0 M3->FP x M2  |    99   182 |   730    55   156 |  1083  1344
  1000  0.3   19 | +1283.4 +1333.2 +1446.7  +91.5 +118.7 +1416.3 +116.9 +1417.9  +56.2  |   +56.2 M3->FP x M2  |    99   182 |   730    55   156 |  1083  1415
  1000  0.3   20 | +1355.5 +1409.3 +1525.3  +97.1 +123.4 +1464.9 +120.1 +1474.1  +62.4  |   +62.4 M3->FP x M2  |    99   182 |   730    55   156 |  1083  1487
  1000  0.3   13 | +732.5 +749.4 +863.9  +37.5 +108.0 +1047.6 +108.0 +1047.6  +10.7  |   +10.7 M3->FP x M2  |   116   215 |   652    64   174 |  1099   896
  1000  0.3   14 | +798.5 +819.2 +937.0  +46.9 +110.6 +1080.3 +110.6 +1080.3  +16.5  |   +16.5 M3->FP x M2  |   116   215 |   652    64   174 |  1099   955
  1000  0.3   15 | +864.3 +888.8 +1009.9  +55.9 +113.5 +1115.4 +113.5 +1115.4  +22.5  |   +22.5 M3->FP x M2  |   116   215 |   652    64   174 |  1099  1015
  1000  0.3   16 | +929.8 +958.1 +1082.5  +64.5 +116.6 +1152.9 +116.6 +1152.9  +28.4  |   +28.4 M3->FP x M2  |   116   215 |   652    64   174 |  1099  1075
  1000  0.3   17 | +995.0 +1027.1 +1154.7  +72.6 +120.1 +1192.6 +120.1 +1192.6  +34.5  |   +34.5 M3->FP x M2  |   116   215 |   652    64   174 |  1099  1135
  1000  0.3   18 | +1059.9 +1095.7 +1226.6  +80.3 +123.7 +1234.4 +123.7 +1234.4  +40.6  |   +40.6 M3->FP x M2  |   116   215 |   652    64   174 |  1099  1197
  1000  0.3   19 | +1124.5 +1164.1 +1298.1  +87.6 +127.7 +1278.3 +127.7 +1278.3  +46.8  |   +46.8 M3->FP x M2  |   116   215 |   652    64   174 |  1099  1259
  1000  0.3   20 | +1188.8 +1232.1 +1369.2  +94.5 +131.9 +1324.2 +131.6 +1324.2  +53.0  |   +53.0 M3->FP x M2  |   116   215 |   652    64   174 |  1099  1322
  1000  0.4   14 | +707.9 +719.4 +855.6  +35.1 +124.2 +1013.1 +124.2 +1013.1   +7.0  |    +7.0 M3->FP x M2  |   133   249 |   593    73   193 |  1116   875
  1000  0.4   15 | +767.6 +782.7 +922.7  +45.0 +126.5 +1041.3 +126.5 +1041.3  +12.9  |   +12.9 M3->FP x M2  |   133   249 |   593    73   193 |  1116   928
  1000  0.4   16 | +827.2 +845.7 +989.5  +54.5 +129.1 +1071.6 +129.1 +1071.6  +18.9  |   +18.9 M3->FP x M2  |   133   249 |   593    73   193 |  1116   981
  1000  0.4   17 | +886.4 +908.5 +1056.0  +63.6 +132.0 +1104.0 +132.0 +1104.0  +24.9  |   +24.9 M3->FP x M2  |   133   249 |   593    73   193 |  1116  1035
  1000  0.4   18 | +945.5 +971.0 +1122.3  +72.3 +135.2 +1138.4 +135.2 +1138.4  +31.1  |   +31.1 M3->FP x M2  |   133   249 |   593    73   193 |  1116  1089
  1000  0.4   19 | +1004.2 +1033.3 +1188.1  +80.7 +138.6 +1174.7 +138.6 +1174.7  +37.2  |   +37.2 M3->FP x M2  |   133   249 |   593    73   193 |  1116  1144
  1000  0.4   20 | +1062.6 +1095.2 +1253.6  +88.7 +142.2 +1212.8 +142.2 +1212.8  +43.5  |   +43.5 M3->FP x M2  |   133   249 |   593    73   193 |  1116  1200
  1000  0.5   16 | +746.2 +754.9 +918.4  +42.9 +143.1 +1008.2 +143.1 +1008.2   +9.2  |    +9.2 M3->FP x M2  |   150   283 |   548    82   211 |  1133   910
  1000  0.5   17 | +800.9 +812.9 +980.5  +52.8 +145.5 +1035.0 +145.5 +1035.0  +15.3  |   +15.3 M3->FP x M2  |   150   283 |   548    82   211 |  1133   958
  1000  0.5   18 | +855.3 +870.5 +1042.4  +62.4 +148.1 +1063.6 +148.1 +1063.6  +21.4  |   +21.4 M3->FP x M2  |   150   283 |   548    82   211 |  1133  1008
  1000  0.5   19 | +909.4 +927.9 +1103.9  +71.6 +151.0 +1094.0 +151.0 +1094.0  +27.6  |   +27.6 M3->FP x M2  |   150   283 |   548    82   211 |  1133  1057
  1000  0.5   20 | +963.3 +985.1 +1165.2  +80.6 +154.2 +1126.2 +154.2 +1126.2  +33.9  |   +33.9 M3->FP x M2  |   150   283 |   548    82   211 |  1133  1107
  1000  0.5   17 | +731.4 +733.2 +921.2  +40.8 +160.1 +978.9 +160.1 +978.9   +5.5  |    +5.5 M3->FP x M2  |   166   317 |   511    92   231 |  1151   900
  1000  0.5   18 | +782.2 +786.9 +979.7  +51.0 +162.3 +1003.1 +162.3 +1003.1  +11.7  |   +11.7 M3->FP x M2  |   166   317 |   511    92   231 |  1151   944
  1000  0.5   19 | +832.6 +840.4 +1037.8  +61.0 +164.8 +1028.9 +164.8 +1028.9  +17.8  |   +17.8 M3->FP x M2  |   166   317 |   511    92   231 |  1151   990
  1000  0.5   20 | +882.9 +893.7 +1095.7  +70.7 +167.6 +1056.3 +167.6 +1056.3  +24.1  |   +24.1 M3->FP x M2  |   166   317 |   511    92   231 |  1151  1036
  1000  0.6   19 | +768.9 +765.9 +984.9  +49.3 +179.7 +974.5 +179.7 +974.5   +8.0  |    +8.0 M3->FP x M2  |   183   352 |   482   101   250 |  1169   936
  1000  0.6   20 | +816.2 +815.9 +1040.0  +59.6 +182.0 +998.1 +182.0 +998.1  +14.3  |   +14.3 M3->FP x M2  |   183   352 |   482   101   250 |  1169   979
  1050  0.3   11 | +735.4 +752.7 +844.3  +30.3  +90.8 +1112.6  +90.8 +1112.6   +8.3  |    +8.3 M3->FP x M2  |    99   183 |   757    55   156 |  1133   898
  1050  0.3   12 | +813.7 +835.1 +929.5  +39.7  +93.3 +1150.3  +93.3 +1150.3  +14.0  |   +14.0 M3->FP x M2  |    99   183 |   757    55   156 |  1133   967
  1050  0.3   13 | +891.7 +917.2 +1014.5  +48.5  +96.2 +1191.1  +96.2 +1191.1  +19.9  |   +19.9 M3->FP x M2  |    99   183 |   757    55   156 |  1133  1038
  1050  0.3   14 | +969.5 +999.0 +1099.2  +56.8  +99.4 +1235.0  +99.4 +1235.0  +25.7  |   +25.7 M3->FP x M2  |    99   183 |   757    55   156 |  1133  1108
  1050  0.3   15 | +1046.9 +1080.5 +1183.5  +64.7 +102.8 +1281.6 +102.8 +1281.6  +31.7  |   +31.7 M3->FP x M2  |    99   183 |   757    55   156 |  1133  1180
  1050  0.3   16 | +1124.1 +1161.7 +1267.4  +72.0 +106.5 +1330.9 +106.5 +1330.9  +37.7  |   +37.7 M3->FP x M2  |    99   183 |   757    55   156 |  1133  1252
  1050  0.3   17 | +1200.9 +1242.5 +1351.0  +78.9 +110.5 +1382.8 +110.4 +1382.8  +43.7  |   +43.7 M3->FP x M2  |    99   183 |   757    55   156 |  1133  1325
  1050  0.3   18 | +1277.3 +1322.9 +1434.2  +85.4 +114.8 +1436.9 +114.1 +1436.9  +49.8  |   +49.8 M3->FP x M2  |    99   183 |   757    55   156 |  1133  1398
  1050  0.3   19 | +1353.4 +1403.0 +1516.9  +91.4 +119.3 +1491.9 +117.5 +1493.4  +56.0  |   +56.0 M3->FP x M2  |    99   183 |   757    55   156 |  1133  1473
  1050  0.3   20 | +1429.0 +1482.6 +1599.2  +97.0 +124.0 +1543.0 +120.7 +1552.1  +62.2  |   +62.2 M3->FP x M2  |    99   183 |   757    55   156 |  1133  1548
  1050  0.3   13 | +775.4 +792.1 +906.9  +37.6 +108.7 +1107.1 +108.7 +1107.1  +10.4  |   +10.4 M3->FP x M2  |   116   216 |   675    64   174 |  1150   930
  1050  0.3   14 | +844.7 +865.1 +983.4  +46.9 +111.3 +1141.3 +111.3 +1141.3  +16.3  |   +16.3 M3->FP x M2  |   116   216 |   675    64   174 |  1150   992
  1050  0.3   15 | +913.7 +938.0 +1059.5  +55.9 +114.2 +1178.0 +114.2 +1178.0  +22.3  |   +22.3 M3->FP x M2  |   116   216 |   675    64   174 |  1150  1054
  1050  0.3   16 | +982.5 +1010.5 +1135.3  +64.4 +117.3 +1217.1 +117.3 +1217.1  +28.2  |   +28.2 M3->FP x M2  |   116   216 |   675    64   174 |  1150  1116
  1050  0.3   17 | +1050.9 +1082.7 +1210.8  +72.5 +120.7 +1258.6 +120.7 +1258.6  +34.3  |   +34.3 M3->FP x M2  |   116   216 |   675    64   174 |  1150  1180
  1050  0.3   18 | +1119.1 +1154.6 +1285.9  +80.2 +124.4 +1302.2 +124.4 +1302.2  +40.4  |   +40.4 M3->FP x M2  |   116   216 |   675    64   174 |  1150  1244
  1050  0.3   19 | +1186.9 +1226.2 +1360.6  +87.5 +128.3 +1348.0 +128.3 +1348.0  +46.6  |   +46.6 M3->FP x M2  |   116   216 |   675    64   174 |  1150  1309
  1050  0.3   20 | +1254.3 +1297.3 +1434.9  +94.4 +132.4 +1395.8 +132.2 +1395.8  +52.8  |   +52.8 M3->FP x M2  |   116   216 |   675    64   174 |  1150  1374
  1050  0.4   14 | +749.8 +761.1 +897.6  +35.2 +124.9 +1071.7 +124.9 +1071.7   +6.8  |    +6.8 M3->FP x M2  |   133   249 |   614    73   193 |  1167   906
  1050  0.4   15 | +812.5 +827.3 +967.7  +45.0 +127.2 +1101.2 +127.2 +1101.2  +12.7  |   +12.7 M3->FP x M2  |   133   249 |   614    73   193 |  1167   962
  1050  0.4   16 | +875.0 +893.3 +1037.5  +54.5 +129.8 +1132.8 +129.8 +1132.8  +18.7  |   +18.7 M3->FP x M2  |   133   249 |   614    73   193 |  1167  1017
  1050  0.4   17 | +937.2 +959.0 +1107.0  +63.6 +132.7 +1166.6 +132.7 +1166.6  +24.8  |   +24.8 M3->FP x M2  |   133   249 |   614    73   193 |  1167  1073
  1050  0.4   18 | +999.1 +1024.5 +1176.1  +72.3 +135.8 +1202.4 +135.8 +1202.4  +30.9  |   +30.9 M3->FP x M2  |   133   249 |   614    73   193 |  1167  1130
  1050  0.4   19 | +1060.7 +1089.6 +1244.9  +80.7 +139.2 +1240.2 +139.2 +1240.2  +37.0  |   +37.0 M3->FP x M2  |   133   249 |   614    73   193 |  1167  1188
  1050  0.4   20 | +1122.0 +1154.4 +1313.3  +88.7 +142.8 +1280.0 +142.8 +1280.0  +43.3  |   +43.3 M3->FP x M2  |   133   249 |   614    73   193 |  1167  1246
  1050  0.5   16 | +790.2 +798.7 +962.5  +43.0 +143.7 +1067.2 +143.7 +1067.2   +9.1  |    +9.1 M3->FP x M2  |   150   283 |   566    82   212 |  1184   942
  1050  0.5   17 | +847.6 +859.3 +1027.4  +52.9 +146.1 +1095.1 +146.1 +1095.1  +15.1  |   +15.1 M3->FP x M2  |   150   283 |   566    83   212 |  1184   993
  1050  0.5   18 | +904.7 +919.7 +1092.0  +62.4 +148.8 +1125.0 +148.8 +1125.0  +21.2  |   +21.2 M3->FP x M2  |   150   283 |   566    83   212 |  1184  1044
  1050  0.5   19 | +961.5 +979.8 +1156.2  +71.7 +151.7 +1156.6 +151.7 +1156.6  +27.4  |   +27.4 M3->FP x M2  |   150   283 |   566    82   212 |  1184  1096
  1050  0.5   20 | +1018.0 +1039.5 +1220.1  +80.6 +154.8 +1190.1 +154.8 +1190.1  +33.7  |   +33.7 M3->FP x M2  |   150   283 |   566    82   212 |  1184  1148
  1050  0.5   17 | +774.9 +776.4 +964.9  +40.9 +160.7 +1037.3 +160.7 +1037.3   +5.4  |    +5.4 M3->FP x M2  |   166   318 |   528    92   231 |  1201   931
  1050  0.5   18 | +828.1 +832.7 +1025.8  +51.1 +163.0 +1062.4 +163.0 +1062.4  +11.5  |   +11.5 M3->FP x M2  |   166   318 |   528    92   231 |  1201   977
  1050  0.5   19 | +881.1 +888.7 +1086.5  +61.1 +165.4 +1089.3 +165.4 +1089.3  +17.7  |   +17.7 M3->FP x M2  |   166   318 |   528    92   231 |  1201  1025
  1050  0.5   20 | +933.8 +944.4 +1146.8  +70.8 +168.1 +1117.8 +168.1 +1117.8  +23.9  |   +23.9 M3->FP x M2  |   166   318 |   528    92   231 |  1201  1072
  1050  0.6   19 | +814.4 +811.2 +1030.6  +49.4 +180.2 +1033.3 +180.2 +1033.3   +7.9  |    +7.9 M3->FP x M2  |   183   352 |   496   101   250 |  1219   968
  1050  0.6   20 | +864.0 +863.6 +1088.0  +59.7 +182.5 +1057.8 +182.5 +1057.8  +14.1  |   +14.1 M3->FP x M2  |   183   352 |   496   101   250 |  1219  1012
  1100  0.3   11 | +776.2 +793.3 +885.2  +30.4  +91.5 +1171.8  +91.5 +1171.8   +8.1  |    +8.1 M3->FP x M2  |    99   184 |   785    55   156 |  1184   931
  1100  0.3   12 | +858.2 +879.4 +974.2  +39.7  +94.0 +1211.2  +94.0 +1211.2  +13.9  |   +13.9 M3->FP x M2  |    99   184 |   785    55   156 |  1184  1003
  1100  0.3   13 | +939.9 +965.1 +1062.8  +48.5  +96.8 +1253.8  +96.8 +1253.8  +19.7  |   +19.7 M3->FP x M2  |    99   184 |   785    55   156 |  1184  1077
  1100  0.3   14 | +1021.3 +1050.6 +1151.2  +56.8  +99.9 +1299.6  +99.9 +1299.6  +25.6  |   +25.6 M3->FP x M2  |    99   184 |   785    55   156 |  1184  1151
  1100  0.3   15 | +1102.5 +1135.8 +1239.2  +64.6 +103.4 +1348.2 +103.4 +1348.2  +31.5  |   +31.5 M3->FP x M2  |    99   184 |   785    55   156 |  1184  1225
  1100  0.3   16 | +1183.3 +1220.6 +1326.8  +72.0 +107.1 +1399.6 +107.1 +1399.6  +37.5  |   +37.5 M3->FP x M2  |    99   184 |   785    55   156 |  1184  1300
  1100  0.3   17 | +1263.7 +1305.1 +1414.0  +78.8 +111.1 +1453.6 +111.0 +1453.6  +43.5  |   +43.5 M3->FP x M2  |    99   184 |   785    55   156 |  1184  1376
  1100  0.3   18 | +1343.8 +1389.1 +1500.8  +85.3 +115.3 +1510.1 +114.6 +1510.1  +49.6  |   +49.6 M3->FP x M2  |    99   184 |   785    55   156 |  1184  1453
  1100  0.3   19 | +1423.4 +1472.8 +1587.1  +91.3 +119.7 +1567.6 +118.0 +1569.0  +55.8  |   +55.8 M3->FP x M2  |    99   184 |   785    55   156 |  1184  1531
  1100  0.3   20 | +1502.6 +1556.0 +1673.0  +96.9 +124.4 +1621.1 +121.2 +1630.1  +62.1  |   +62.1 M3->FP x M2  |    99   184 |   785    55   156 |  1184  1610
  1100  0.3   13 | +818.3 +834.7 +950.0  +37.6 +109.4 +1166.7 +109.4 +1166.7  +10.3  |   +10.3 M3->FP x M2  |   116   217 |   699    64   175 |  1201   964
  1100  0.3   14 | +890.8 +911.1 +1029.7  +47.0 +111.9 +1202.3 +111.9 +1202.3  +16.1  |   +16.1 M3->FP x M2  |   116   217 |   699    64   175 |  1201  1028
  1100  0.3   15 | +963.1 +987.2 +1109.1  +55.9 +114.8 +1240.6 +114.8 +1240.6  +22.1  |   +22.1 M3->FP x M2  |   116   217 |   699    64   175 |  1201  1093
  1100  0.3   16 | +1035.1 +1063.0 +1188.2  +64.4 +117.9 +1281.4 +117.9 +1281.4  +28.1  |   +28.1 M3->FP x M2  |   116   217 |   699    64   175 |  1201  1158
  1100  0.3   17 | +1106.8 +1138.4 +1266.9  +72.5 +121.3 +1324.5 +121.3 +1324.5  +34.1  |   +34.1 M3->FP x M2  |   116   217 |   699    64   175 |  1201  1224
  1100  0.3   18 | +1178.2 +1213.5 +1345.3  +80.2 +124.9 +1370.0 +124.9 +1370.0  +40.2  |   +40.2 M3->FP x M2  |   116   217 |   699    64   175 |  1201  1291
  1100  0.3   19 | +1249.2 +1288.3 +1423.2  +87.5 +128.8 +1417.7 +128.8 +1417.7  +46.4  |   +46.4 M3->FP x M2  |   116   217 |   699    64   175 |  1201  1358
  1100  0.3   20 | +1319.8 +1362.6 +1500.7  +94.4 +133.0 +1467.5 +132.8 +1467.5  +52.7  |   +52.7 M3->FP x M2  |   116   217 |   699    64   175 |  1201  1427
  1100  0.4   14 | +791.7 +802.7 +939.7  +35.2 +125.5 +1130.3 +125.5 +1130.3   +6.6  |    +6.6 M3->FP x M2  |   133   250 |   634    73   193 |  1217   938
  1100  0.4   15 | +857.4 +871.9 +1012.7  +45.1 +127.8 +1161.0 +127.8 +1161.0  +12.5  |   +12.5 M3->FP x M2  |   133   250 |   634    73   193 |  1217   996
  1100  0.4   16 | +922.8 +940.9 +1085.5  +54.5 +130.4 +1194.0 +130.4 +1194.0  +18.5  |   +18.5 M3->FP x M2  |   133   250 |   634    73   193 |  1217  1054
  1100  0.4   17 | +987.9 +1009.5 +1157.9  +63.6 +133.3 +1229.2 +133.3 +1229.2  +24.6  |   +24.6 M3->FP x M2  |   133   250 |   634    73   193 |  1217  1112
  1100  0.4   18 | +1052.7 +1077.9 +1230.0  +72.3 +136.4 +1266.5 +136.4 +1266.5  +30.7  |   +30.7 M3->FP x M2  |   133   250 |   634    73   193 |  1217  1171
  1100  0.4   19 | +1117.2 +1145.9 +1301.7  +80.7 +139.8 +1305.8 +139.8 +1305.8  +36.9  |   +36.9 M3->FP x M2  |   133   250 |   634    73   193 |  1217  1231
  1100  0.4   20 | +1181.4 +1213.6 +1373.0  +88.7 +143.4 +1347.2 +143.4 +1347.2  +43.1  |   +43.1 M3->FP x M2  |   133   250 |   634    73   193 |  1217  1292
  1100  0.5   16 | +834.2 +842.5 +1006.7  +43.0 +144.3 +1126.2 +144.3 +1126.2   +8.9  |    +8.9 M3->FP x M2  |   150   284 |   584    83   212 |  1234   975
  1100  0.5   17 | +894.3 +905.8 +1074.3  +52.9 +146.7 +1155.3 +146.7 +1155.3  +14.9  |   +14.9 M3->FP x M2  |   150   284 |   584    83   212 |  1234  1027
  1100  0.5   18 | +954.1 +968.9 +1141.6  +62.5 +149.3 +1186.3 +149.3 +1186.3  +21.0  |   +21.0 M3->FP x M2  |   150   284 |   584    83   212 |  1234  1081
  1100  0.5   19 | +1013.5 +1031.6 +1208.5  +71.7 +152.2 +1219.3 +152.2 +1219.3  +27.2  |   +27.2 M3->FP x M2  |   150   284 |   584    83   212 |  1234  1135
  1100  0.5   20 | +1072.7 +1094.1 +1275.0  +80.6 +155.4 +1254.1 +155.4 +1254.1  +33.5  |   +33.5 M3->FP x M2  |   150   284 |   584    83   212 |  1234  1189
  1100  0.5   17 | +818.4 +819.7 +1008.5  +41.0 +161.3 +1095.7 +161.3 +1095.7   +5.2  |    +5.2 M3->FP x M2  |   166   318 |   544    92   231 |  1252   962
  1100  0.5   18 | +874.1 +878.5 +1072.0  +51.2 +163.5 +1121.8 +163.5 +1121.8  +11.3  |   +11.3 M3->FP x M2  |   166   318 |   544    92   231 |  1252  1010
  1100  0.5   19 | +929.6 +937.0 +1135.2  +61.2 +166.0 +1149.7 +166.0 +1149.7  +17.5  |   +17.5 M3->FP x M2  |   166   318 |   544    92   231 |  1252  1059
  1100  0.5   20 | +984.7 +995.2 +1198.0  +70.8 +168.7 +1179.4 +168.7 +1179.4  +23.8  |   +23.8 M3->FP x M2  |   166   318 |   544    92   231 |  1252  1109
  1100  0.6   19 | +860.0 +856.6 +1076.3  +49.5 +180.7 +1092.0 +180.7 +1092.0   +7.7  |    +7.7 M3->FP x M2  |   183   353 |   511   101   251 |  1270  1000
  1100  0.6   20 | +911.9 +911.3 +1136.1  +59.8 +183.0 +1117.5 +183.0 +1117.5  +14.0  |   +14.0 M3->FP x M2  |   183   353 |   511   101   251 |  1270  1046
  1150  0.3   11 | +817.0 +833.9 +926.1  +30.4  +92.0 +1231.0  +92.0 +1231.0   +7.9  |    +7.9 M3->FP x M2  |    99   184 |   812    55   157 |  1235   964
  1150  0.3   12 | +902.7 +923.7 +1018.8  +39.7  +94.5 +1272.1  +94.5 +1272.1  +13.7  |   +13.7 M3->FP x M2  |    99   184 |   812    55   157 |  1235  1040
  1150  0.3   13 | +988.1 +1013.1 +1111.2  +48.5  +97.3 +1316.5  +97.3 +1316.5  +19.5  |   +19.5 M3->FP x M2  |    99   184 |   812    55   157 |  1235  1116
  1150  0.3   14 | +1073.2 +1102.3 +1203.2  +56.8 +100.5 +1364.2 +100.5 +1364.2  +25.4  |   +25.4 M3->FP x M2  |    99   184 |   812    55   157 |  1235  1193
  1150  0.3   15 | +1158.0 +1191.1 +1294.9  +64.6 +103.9 +1414.8 +103.9 +1414.8  +31.3  |   +31.3 M3->FP x M2  |    99   184 |   812    55   157 |  1235  1270
  1150  0.3   16 | +1242.4 +1279.6 +1386.2  +71.9 +107.6 +1468.3 +107.6 +1468.3  +37.3  |   +37.3 M3->FP x M2  |    99   184 |   812    55   157 |  1235  1349
  1150  0.3   17 | +1326.5 +1367.7 +1477.0  +78.8 +111.5 +1524.5 +111.5 +1524.5  +43.4  |   +43.4 M3->FP x M2  |    99   184 |   812    55   157 |  1235  1428
  1150  0.3   18 | +1410.2 +1455.4 +1567.4  +85.2 +115.8 +1583.3 +115.1 +1583.3  +49.5  |   +49.5 M3->FP x M2  |    99   184 |   812    55   157 |  1235  1508
  1150  0.3   19 | +1493.4 +1542.6 +1657.3  +91.2 +120.2 +1643.3 +118.5 +1644.6  +55.6  |   +55.6 M3->FP x M2  |    99   184 |   812    55   157 |  1235  1589
  1150  0.3   20 | +1576.2 +1629.3 +1746.8  +96.8 +124.9 +1699.2 +121.7 +1708.2  +61.9  |   +61.9 M3->FP x M2  |    99   184 |   812    55   157 |  1235  1671
  1150  0.3   13 | +861.2 +877.4 +993.0  +37.6 +110.0 +1226.3 +110.0 +1226.3  +10.1  |   +10.1 M3->FP x M2  |   116   217 |   722    64   175 |  1251   997
  1150  0.3   14 | +937.0 +957.1 +1076.0  +47.0 +112.5 +1263.4 +112.5 +1263.4  +16.0  |   +16.0 M3->FP x M2  |   116   217 |   722    64   175 |  1251  1064
  1150  0.3   15 | +1012.6 +1036.4 +1158.7  +55.9 +115.3 +1303.2 +115.3 +1303.2  +21.9  |   +21.9 M3->FP x M2  |   116   217 |   722    64   175 |  1251  1131
  1150  0.3   16 | +1087.8 +1115.4 +1241.1  +64.4 +118.4 +1345.6 +118.4 +1345.6  +27.9  |   +27.9 M3->FP x M2  |   116   217 |   722    64   175 |  1251  1200
  1150  0.3   17 | +1162.7 +1194.1 +1323.0  +72.5 +121.8 +1390.5 +121.8 +1390.5  +33.9  |   +33.9 M3->FP x M2  |   116   217 |   722    64   175 |  1251  1268
  1150  0.3   18 | +1237.3 +1272.4 +1404.6  +80.2 +125.4 +1437.8 +125.4 +1437.8  +40.0  |   +40.0 M3->FP x M2  |   116   217 |   722    64   175 |  1251  1338
  1150  0.3   19 | +1311.5 +1350.4 +1485.7  +87.4 +129.3 +1487.4 +129.3 +1487.4  +46.2  |   +46.2 M3->FP x M2  |   116   217 |   722    64   175 |  1251  1408
  1150  0.3   20 | +1385.3 +1427.9 +1566.4  +94.3 +133.4 +1539.1 +133.3 +1539.1  +52.5  |   +52.5 M3->FP x M2  |   116   217 |   722    64   175 |  1251  1479
  1150  0.4   14 | +833.6 +844.4 +981.7  +35.3 +126.1 +1189.0 +126.1 +1189.0   +6.4  |    +6.4 M3->FP x M2  |   133   251 |   655    73   194 |  1268   970
  1150  0.4   15 | +902.2 +916.6 +1057.8  +45.1 +128.4 +1220.9 +128.4 +1220.9  +12.4  |   +12.4 M3->FP x M2  |   133   251 |   655    73   194 |  1268  1030
  1150  0.4   16 | +970.6 +988.5 +1133.5  +54.5 +131.0 +1255.2 +131.0 +1255.2  +18.4  |   +18.4 M3->FP x M2  |   133   251 |   655    73   194 |  1268  1090
  1150  0.4   17 | +1038.6 +1060.1 +1208.8  +63.6 +133.8 +1291.8 +133.8 +1291.8  +24.4  |   +24.4 M3->FP x M2  |   133   251 |   655    73   194 |  1268  1151
  1150  0.4   18 | +1106.4 +1131.3 +1283.8  +72.3 +136.9 +1330.5 +136.9 +1330.5  +30.5  |   +30.5 M3->FP x M2  |   133   251 |   655    73   194 |  1268  1213
  1150  0.4   19 | +1173.8 +1202.3 +1358.4  +80.7 +140.3 +1371.4 +140.3 +1371.4  +36.7  |   +36.7 M3->FP x M2  |   133   251 |   655    73   194 |  1268  1275
  1150  0.4   20 | +1240.8 +1272.8 +1432.6  +88.6 +143.9 +1414.4 +143.9 +1414.4  +43.0  |   +43.0 M3->FP x M2  |   133   251 |   655    73   194 |  1268  1338
  1150  0.5   16 | +878.2 +886.3 +1050.9  +43.1 +144.9 +1185.2 +144.9 +1185.2   +8.7  |    +8.7 M3->FP x M2  |   150   285 |   602    83   213 |  1285  1007
  1150  0.5   17 | +941.0 +952.4 +1121.2  +53.0 +147.2 +1215.4 +147.2 +1215.4  +14.8  |   +14.8 M3->FP x M2  |   150   285 |   602    83   213 |  1285  1062
  1150  0.5   18 | +1003.4 +1018.1 +1191.1  +62.5 +149.9 +1247.7 +149.9 +1247.7  +20.9  |   +20.9 M3->FP x M2  |   150   285 |   602    82   213 |  1285  1117
  1150  0.5   19 | +1065.6 +1083.5 +1260.7  +71.7 +152.8 +1281.9 +152.8 +1281.9  +27.1  |   +27.1 M3->FP x M2  |   150   285 |   602    82   213 |  1285  1174
  1150  0.5   20 | +1127.4 +1148.6 +1329.9  +80.6 +155.9 +1318.0 +155.9 +1318.0  +33.3  |   +33.3 M3->FP x M2  |   150   285 |   602    82   213 |  1285  1230
  1150  0.5   17 | +861.9 +863.1 +1052.2  +41.0 +161.8 +1154.0 +161.8 +1154.0   +5.1  |    +5.1 M3->FP x M2  |   166   319 |   561    92   232 |  1302   993
  1150  0.5   18 | +920.1 +924.3 +1118.1  +51.3 +164.0 +1181.2 +164.0 +1181.2  +11.2  |   +11.2 M3->FP x M2  |   166   319 |   561    92   232 |  1302  1043
  1150  0.5   19 | +978.0 +985.3 +1183.8  +61.2 +166.5 +1210.2 +166.5 +1210.2  +17.4  |   +17.4 M3->FP x M2  |   166   319 |   561    92   232 |  1302  1094
  1150  0.5   20 | +1035.7 +1045.9 +1249.1  +70.9 +169.2 +1240.9 +169.2 +1240.9  +23.6  |   +23.6 M3->FP x M2  |   166   319 |   561    92   232 |  1302  1146
  1150  0.6   19 | +905.5 +902.0 +1121.9  +49.6 +181.1 +1150.8 +181.1 +1150.8   +7.6  |    +7.6 M3->FP x M2  |   183   353 |   526   101   251 |  1320  1031
  1150  0.6   20 | +959.7 +959.0 +1184.1  +59.9 +183.5 +1177.2 +183.5 +1177.2  +13.9  |   +13.9 M3->FP x M2  |   183   353 |   526   101   251 |  1320  1079
  1200  0.3   11 | +857.8 +874.5 +967.0  +30.4  +92.6 +1290.2  +92.6 +1290.2   +7.7  |    +7.7 M3->FP x M2  |    99   185 |   839    55   157 |  1285   997
  1200  0.3   12 | +947.2 +968.0 +1063.4  +39.7  +95.1 +1333.0  +95.1 +1333.0  +13.5  |   +13.5 M3->FP x M2  |    99   185 |   839    55   157 |  1285  1076
  1200  0.3   13 | +1036.3 +1061.1 +1159.5  +48.5  +97.9 +1379.2  +97.9 +1379.2  +19.4  |   +19.4 M3->FP x M2  |    99   185 |   839    55   157 |  1285  1155
  1200  0.3   14 | +1125.1 +1154.0 +1255.2  +56.8 +101.0 +1428.8 +101.0 +1428.8  +25.2  |   +25.2 M3->FP x M2  |    99   185 |   839    55   157 |  1285  1235
  1200  0.3   15 | +1213.5 +1246.5 +1350.6  +64.6 +104.4 +1481.5 +104.4 +1481.5  +31.2  |   +31.2 M3->FP x M2  |    99   185 |   839    55   157 |  1285  1316
  1200  0.3   16 | +1301.6 +1338.6 +1445.5  +71.9 +108.0 +1537.1 +108.0 +1537.1  +37.2  |   +37.2 M3->FP x M2  |    99   185 |   839    55   157 |  1285  1397
  1200  0.3   17 | +1389.3 +1430.3 +1540.0  +78.7 +112.0 +1595.5 +111.9 +1595.5  +43.2  |   +43.2 M3->FP x M2  |    99   185 |   839    55   157 |  1285  1480
  1200  0.3   18 | +1476.6 +1521.6 +1634.0  +85.1 +116.2 +1656.5 +115.6 +1656.5  +49.3  |   +49.3 M3->FP x M2  |    99   185 |   839    55   157 |  1285  1563
  1200  0.3   19 | +1563.4 +1612.4 +1727.5  +91.2 +120.6 +1718.9 +119.0 +1720.2  +55.5  |   +55.5 M3->FP x M2  |    99   185 |   839    55   157 |  1285  1647
  1200  0.3   20 | +1649.7 +1702.7 +1820.5  +96.8 +125.3 +1777.4 +122.2 +1786.3  +61.7  |   +61.7 M3->FP x M2  |    99   185 |   839    55   157 |  1285  1732
  1200  0.3   13 | +904.0 +920.1 +1036.0  +37.6 +110.5 +1285.9 +110.5 +1285.9   +9.9  |    +9.9 M3->FP x M2  |   116   218 |   746    64   175 |  1302  1031
  1200  0.3   14 | +983.2 +1003.0 +1122.3  +47.0 +113.0 +1324.5 +113.0 +1324.5  +15.8  |   +15.8 M3->FP x M2  |   116   218 |   746    64   175 |  1302  1100
  1200  0.3   15 | +1062.0 +1085.7 +1208.3  +55.9 +115.8 +1365.9 +115.8 +1365.9  +21.7  |   +21.7 M3->FP x M2  |   116   218 |   746    64   175 |  1302  1170
  1200  0.3   16 | +1140.5 +1167.9 +1293.9  +64.4 +118.9 +1409.9 +118.9 +1409.9  +27.7  |   +27.7 M3->FP x M2  |   116   218 |   746    64   175 |  1302  1241
  1200  0.3   17 | +1218.6 +1249.8 +1379.1  +72.5 +122.3 +1456.5 +122.3 +1456.5  +33.8  |   +33.8 M3->FP x M2  |   116   218 |   746    64   175 |  1302  1313
  1200  0.3   18 | +1296.4 +1331.4 +1463.9  +80.1 +125.9 +1505.6 +125.9 +1505.6  +39.9  |   +39.9 M3->FP x M2  |   116   218 |   746    64   175 |  1302  1385
  1200  0.3   19 | +1373.8 +1412.5 +1548.2  +87.4 +129.8 +1557.1 +129.8 +1557.1  +46.1  |   +46.1 M3->FP x M2  |   116   218 |   746    64   175 |  1302  1458
  1200  0.3   20 | +1450.7 +1493.2 +1632.0  +94.3 +133.9 +1610.8 +133.7 +1610.8  +52.3  |   +52.3 M3->FP x M2  |   116   218 |   746    64   175 |  1302  1532
  1200  0.4   14 | +875.5 +886.1 +1023.8  +35.3 +126.6 +1247.6 +126.6 +1247.6   +6.3  |    +6.3 M3->FP x M2  |   133   251 |   675    73   194 |  1318  1001
  1200  0.4   15 | +947.1 +961.3 +1102.7  +45.1 +128.9 +1280.8 +128.9 +1280.8  +12.2  |   +12.2 M3->FP x M2  |   133   251 |   675    73   194 |  1318  1064
  1200  0.4   16 | +1018.4 +1036.1 +1181.4  +54.6 +131.5 +1316.4 +131.5 +1316.4  +18.2  |   +18.2 M3->FP x M2  |   133   251 |   675    73   194 |  1318  1126
  1200  0.4   17 | +1089.4 +1110.6 +1259.7  +63.6 +134.3 +1354.4 +134.3 +1354.4  +24.3  |   +24.3 M3->FP x M2  |   133   251 |   675    73   194 |  1318  1190
  1200  0.4   18 | +1160.0 +1184.8 +1337.6  +72.3 +137.4 +1394.6 +137.4 +1394.6  +30.4  |   +30.4 M3->FP x M2  |   133   251 |   675    73   194 |  1318  1254
  1200  0.4   19 | +1230.3 +1258.6 +1415.1  +80.6 +140.8 +1437.0 +140.8 +1437.0  +36.6  |   +36.6 M3->FP x M2  |   133   251 |   675    73   194 |  1318  1319
  1200  0.4   20 | +1300.3 +1332.1 +1492.2  +88.6 +144.3 +1481.6 +144.3 +1481.6  +42.8  |   +42.8 M3->FP x M2  |   133   251 |   675    73   194 |  1318  1384
  1200  0.5   16 | +922.2 +930.2 +1095.0  +43.1 +145.4 +1244.3 +145.4 +1244.3   +8.6  |    +8.6 M3->FP x M2  |   150   285 |   621    83   213 |  1336  1039
  1200  0.5   17 | +987.7 +998.9 +1168.0  +53.0 +147.7 +1275.6 +147.7 +1275.6  +14.6  |   +14.6 M3->FP x M2  |   150   285 |   621    83   213 |  1336  1096
  1200  0.5   18 | +1052.8 +1067.3 +1240.7  +62.5 +150.4 +1309.1 +150.4 +1309.1  +20.7  |   +20.7 M3->FP x M2  |   150   285 |   621    83   213 |  1336  1154
  1200  0.5   19 | +1117.6 +1135.4 +1313.0  +71.7 +153.2 +1344.6 +153.2 +1344.6  +26.9  |   +26.9 M3->FP x M2  |   150   285 |   621    83   213 |  1336  1212
  1200  0.5   20 | +1182.1 +1203.1 +1384.8  +80.6 +156.4 +1382.0 +156.4 +1382.0  +33.2  |   +33.2 M3->FP x M2  |   150   285 |   621    83   213 |  1336  1271
  1200  0.5   18 | +966.1 +970.1 +1164.3  +51.3 +164.5 +1240.6 +164.5 +1240.6  +11.1  |   +11.1 M3->FP x M2  |   166   319 |   577    92   232 |  1353  1076
  1200  0.5   19 | +1026.5 +1033.6 +1232.4  +61.3 +166.9 +1270.6 +166.9 +1270.6  +17.2  |   +17.2 M3->FP x M2  |   166   319 |   577    92   232 |  1353  1129
  1200  0.5   20 | +1086.6 +1096.7 +1300.2  +70.9 +169.6 +1302.5 +169.6 +1302.5  +23.5  |   +23.5 M3->FP x M2  |   166   319 |   577    92   232 |  1353  1183
  1200  0.6   19 | +951.0 +947.4 +1167.6  +49.7 +181.6 +1209.6 +181.6 +1209.6   +7.5  |    +7.5 M3->FP x M2  |   183   354 |   541   101   251 |  1371  1063
  1200  0.6   20 | +1007.6 +1006.7 +1232.1  +60.0 +183.9 +1236.9 +183.9 +1236.9  +13.8  |   +13.8 M3->FP x M2  |   183   354 |   541   101   251 |  1371  1113
