dyson5 t3s -- the FIRST-ORDER clearance screen of the telecentric three-mirror family (addendum 21) (2026-10-02 15:37)
CONVENTIONS: tma_screen (design/src): OI_CLEAR's nine leg x obstacle pairs (the offset_imager gate's), evaluated
  PARAXIALLY -- chief through M2's vertex (the stop) + the axial marginal, meridional rays, the box centre and the
  two along-track extremes (+-0.15 deg) at zero cross-track angle; glass = one disk per field, footprint centre +
  1.15 x the marginal height, in the element's plane (FP normal to the axis); a leg crossing a disk is negative by
  its in-plane depth.  Layout = telescope_seed's family at f 330 mm, D 183 mm, Petzval 0, exit pupil 24.75 m behind
  the slit: knobs t1 (M1 -> stop), y2 (compression at M2; t2 = f y2 and the back focus follow), offset.  Mirror
  diameters = footprint extent incl. the cross-track +-2.34 deg (max of x, y); length = z extent of M1..FP; height =
  y extent.  PASS = all nine >= +5 mm.  First order only: sag, aberrated footprints, conics ignored.
  INSTANCE: altitude 550 km, GSD 30 m -> IFOV 54.5 urad, f 330.0 mm, D 183.3 mm at F/1.8, 1500 px x IFOV = 4.69 deg cross-track;
  pupil match to spectrometer size:D:130 (its apparent entrance pupil 24.75 m behind the slit).

VALIDATION -- screen vs the engine oi_clear on the template's seed (spheres, R2/R3 from EFL + Petzval 0, its BFD), mm:
  t1 370 mm off  0 deg: floor engine -109.4 (M1->M2 x M3)  screen -117.8 (in->M1 x M3);  max |diff| 9.2 mm; stop y 0.0 mm
  t1 370 mm off  8 deg: floor engine  -88.0 (M1->M2 x M3)  screen -100.4 (M1->M2 x M3);  max |diff| 16.4 mm; stop y 0.6 mm
  t1 800 mm off 10 deg: floor engine  -61.1 (M1->M2 x M3)  screen  -70.6 (M1->M2 x M3);  max |diff| 551.9 mm; stop y -376.2 mm

SCAN: t1 [200 250 300 350 400 450 500 550 600 650 700 750 800 850 900 950 1000 1050 1100 1150 1200] mm x y2 [0.3 0.35 0.4 0.45 0.5 0.55 0.6 0.65 0.7 0.75 0.8 0.85 0.9] x offset [2 3 4 5 6 7 8 9 10 11 12 13 14 15 16 17 18 19 20] deg -> 5187 rows (0 (t1, y2) seeds do not close)
rows passing all nine >= 5 mm: 849 of 5187; at offset <= 15 deg: 270

BEST ROW PER OFFSET (max floor over t1 x y2), mm:
    t1   y2  off | iM1xM2 iM1xM3 iM1xFP  12xM3  12xFP  23xM1  23xFP  3FxM1  3FxM2 |   floor worst pair   |    t2   BFD |    D1    D2    D3 |   len   hgt
   200  0.3    2 |  -31.2  -37.7   +0.2  -37.4  +18.5 +100.5  +18.5 +100.5  -26.1  |   -37.7 in->M1 x M3  |    99   118 |   238    55    93 |   219   187
   200  0.3    3 |  -31.2  -37.7   +0.4  -37.7  +18.5 +100.5  +18.5 +100.5  -20.3  |   -37.7 in->M1 x M3  |    99   118 |   238    55    93 |   219   187
   200  0.3    4 |  -30.6  -37.6   +0.1  -37.6  +18.5 +100.5  +18.5 +100.5  -14.5  |   -37.6 in->M1 x M3  |    99   118 |   238    55    93 |   219   197
  1200  0.3    5 | +316.8 +309.1 +383.4  -35.5  +85.2 +1120.3  +85.2 +1120.3  -27.2  |   -35.5 M1->M2 x M3  |   100   185 |   511    55   130 |  1285   534
  1200  0.3    6 | +407.4 +403.8 +481.1  -23.8  +85.4 +1137.1  +85.4 +1137.1  -21.4  |   -23.8 M1->M2 x M3  |   100   185 |   511    55   130 |  1285   610
   700  0.3    7 | +239.4 +242.9 +319.2  -12.8  +76.6 +622.9  +76.6 +622.9  -12.9  |   -12.9 M3->FP x M2  |   100   175 |   374    55   125 |   776   475
   400  0.3    8 | +114.6 +127.6 +199.0   -2.4  +61.2 +310.9  +61.2 +310.9   -2.3  |    -2.4 M1->M2 x M3  |   100   158 |   292    55   115 |   458   374
   250  0.3    9 |  +44.8  +69.5 +132.2   +7.2  +41.9 +155.4  +41.9 +155.4   +9.9  |    +7.2 M1->M2 x M3  |   100   134 |   252    55   102 |   284   317
   200  0.3   10 |  +26.8  +60.5 +117.6  +17.5  +35.1 +106.5  +35.1 +106.5  +19.8  |   +17.5 M1->M2 x M3  |    99   118 |   238    55    93 |   219   303
   200  0.3   11 |  +42.1  +79.8 +138.7  +28.6  +40.3 +113.7  +39.9 +113.7  +25.6  |   +25.6 M3->FP x M2  |    99   118 |   238    55    93 |   219   321
   200  0.3   12 |  +57.3  +99.0 +159.8  +39.3  +45.7 +123.2  +44.4 +123.2  +31.4  |   +31.4 M3->FP x M2  |    99   118 |   238    55    93 |   219   339
   200  0.3   13 |  +72.5 +118.3 +180.9  +49.6  +51.2 +134.6  +48.6 +134.6  +37.2  |   +37.2 M3->FP x M2  |    99   118 |   238    55    93 |   219   358
   200  0.3   14 |  +87.8 +137.4 +201.9  +59.4  +57.0 +147.5  +52.5 +147.5  +43.1  |   +43.1 M3->FP x M2  |    99   118 |   238    55    93 |   219   376
   200  0.3   15 | +102.9 +156.6 +222.8  +68.6  +62.8 +161.5  +56.2 +161.6  +49.0  |   +49.0 M3->FP x M2  |    99   118 |   238    55    93 |   219   395
   200  0.3   16 | +118.1 +175.7 +243.7  +77.3  +68.7 +175.3  +59.6 +176.6  +55.0  |   +55.0 M3->FP x M2  |    99   118 |   238    55    93 |   219   414
   200  0.3   17 | +133.2 +194.7 +264.5  +85.4  +74.8 +188.1  +62.8 +192.5  +61.0  |   +61.0 M3->FP x M2  |    99   118 |   238    55    93 |   219   432
   200  0.3   18 | +148.3 +213.7 +285.2  +93.0  +80.9 +200.1  +65.7 +209.0  +67.1  |   +65.7 M2->M3 x FP  |    99   118 |   238    55    93 |   219   452
   250  0.3   19 | +233.3 +297.8 +381.0  +98.0  +91.9 +285.3  +80.0 +296.2  +69.1  |   +69.1 M3->FP x M2  |   100   134 |   252    55   102 |   284   533
   250  0.3   20 | +251.9 +320.2 +405.4 +104.4  +97.9 +298.1  +82.8 +316.1  +75.3  |   +75.3 M3->FP x M2  |   100   134 |   252    55   102 |   284   556

BEST ROW PER t1 AT OFFSET <= 15 deg:
    t1   y2  off | iM1xM2 iM1xM3 iM1xFP  12xM3  12xFP  23xM1  23xFP  3FxM1  3FxM2 |   floor worst pair   |    t2   BFD |    D1    D2    D3 |   len   hgt
   200  0.3   15 | +102.9 +156.6 +222.8  +68.6  +62.8 +161.5  +56.2 +161.6  +49.0  |   +49.0 M3->FP x M2  |    99   118 |   238    55    93 |   219   395
   250  0.3   15 | +158.5 +207.2 +282.5  +67.8  +69.2 +224.3  +66.8 +224.3  +44.8  |   +44.8 M3->FP x M2  |   100   134 |   252    55   102 |   284   444
   300  0.3   15 | +214.0 +259.4 +340.7  +67.3  +75.1 +288.5  +74.2 +288.5  +41.9  |   +41.9 M3->FP x M2  |   100   145 |   265    55   108 |   345   492
   350  0.3   15 | +269.5 +312.6 +398.2  +66.9  +79.9 +353.6  +79.6 +353.6  +39.9  |   +39.9 M3->FP x M2  |   100   152 |   279    55   112 |   403   540
   400  0.3   15 | +325.1 +366.4 +455.2  +66.5  +83.8 +419.1  +83.7 +419.1  +38.4  |   +38.4 M3->FP x M2  |   100   158 |   292    55   115 |   458   587
   450  0.3   15 | +380.6 +420.5 +511.9  +66.3  +87.0 +484.9  +86.9 +484.9  +37.2  |   +37.2 M3->FP x M2  |   100   163 |   306    55   118 |   513   633
   500  0.3   15 | +436.1 +475.0 +568.3  +66.1  +89.6 +550.9  +89.6 +550.9  +36.3  |   +36.3 M3->FP x M2  |   100   166 |   320    55   120 |   566   679
   550  0.3   15 | +491.6 +529.6 +624.6  +65.9  +91.8 +617.0  +91.8 +617.0  +35.5  |   +35.5 M3->FP x M2  |   100   169 |   333    55   121 |   619   725
   600  0.3   15 | +547.2 +584.4 +680.7  +65.7  +93.6 +683.3  +93.6 +683.3  +34.9  |   +34.9 M3->FP x M2  |   100   172 |   347    55   122 |   672   771
   650  0.3   15 | +602.7 +639.3 +736.8  +65.6  +95.2 +749.6  +95.2 +749.6  +34.3  |   +34.3 M3->FP x M2  |   100   174 |   361    55   124 |   724   817
   700  0.3   15 | +658.2 +694.3 +792.8  +65.5  +96.6 +816.0  +96.6 +816.0  +33.9  |   +33.9 M3->FP x M2  |   100   175 |   374    55   125 |   776   862
   750  0.3   15 | +713.8 +749.3 +848.7  +65.4  +97.8 +882.4  +97.8 +882.4  +33.5  |   +33.5 M3->FP x M2  |   100   177 |   388    55   125 |   827   908
   800  0.3   15 | +769.3 +804.5 +904.6  +65.3  +98.8 +948.9  +98.8 +948.9  +33.1  |   +33.1 M3->FP x M2  |   100   178 |   402    55   126 |   879   953
   850  0.3   15 | +824.8 +859.6 +960.4  +65.3  +99.8 +1015.4  +99.8 +1015.4  +32.8  |   +32.8 M3->FP x M2  |   100   179 |   415    55   127 |   930   999
   900  0.3   15 | +880.4 +914.8 +1016.2  +65.2 +100.6 +1081.9 +100.6 +1081.9  +32.5  |   +32.5 M3->FP x M2  |   100   180 |   429    55   127 |   981  1044
   950  0.3   15 | +935.9 +970.1 +1072.0  +65.1 +101.4 +1148.4 +101.4 +1148.4  +32.3  |   +32.3 M3->FP x M2  |   100   181 |   443    55   128 |  1032  1089
  1000  0.3   15 | +991.4 +1025.3 +1127.7  +65.1 +102.0 +1215.0 +102.0 +1215.0  +32.1  |   +32.1 M3->FP x M2  |   100   182 |   456    55   128 |  1083  1135
  1050  0.3   15 | +1046.9 +1080.6 +1183.4  +65.0 +102.7 +1281.6 +102.7 +1281.6  +31.9  |   +31.9 M3->FP x M2  |   100   183 |   470    55   129 |  1133  1180
  1100  0.3   15 | +1102.5 +1136.0 +1239.1  +65.0 +103.2 +1348.2 +103.2 +1348.2  +31.7  |   +31.7 M3->FP x M2  |   100   184 |   484    55   129 |  1184  1225
  1150  0.3   15 | +1158.0 +1191.3 +1294.8  +65.0 +103.7 +1414.8 +103.7 +1414.8  +31.5  |   +31.5 M3->FP x M2  |   100   184 |   497    55   130 |  1235  1271
  1200  0.3   15 | +1213.5 +1246.6 +1350.5  +64.9 +104.2 +1481.4 +104.2 +1481.4  +31.3  |   +31.3 M3->FP x M2  |   100   185 |   511    55   130 |  1285  1316

binding (worst) pair over all rows: M1->M2 x M3 2601, M2->M3 x FP 3, M2->M3 x M1 145, M3->FP x M1 63, M3->FP x M2 2131, in->M1 x M2 3, in->M1 x M3 241

PASSING ROWS (all nine >= 5 mm):
    t1   y2  off | iM1xM2 iM1xM3 iM1xFP  12xM3  12xFP  23xM1  23xFP  3FxM1  3FxM2 |   floor worst pair   |    t2   BFD |    D1    D2    D3 |   len   hgt
   200  0.3    9 |  +11.5  +41.2  +96.4   +6.0  +30.2 +102.0  +30.2 +102.0  +14.1  |    +6.0 M1->M2 x M3  |    99   118 |   238    55    93 |   219   285
   200  0.3   10 |  +26.8  +60.5 +117.6  +17.5  +35.1 +106.5  +35.1 +106.5  +19.8  |   +17.5 M1->M2 x M3  |    99   118 |   238    55    93 |   219   303
   200  0.3   11 |  +42.1  +79.8 +138.7  +28.6  +40.3 +113.7  +39.9 +113.7  +25.6  |   +25.6 M3->FP x M2  |    99   118 |   238    55    93 |   219   321
   200  0.3   12 |  +57.3  +99.0 +159.8  +39.3  +45.7 +123.2  +44.4 +123.2  +31.4  |   +31.4 M3->FP x M2  |    99   118 |   238    55    93 |   219   339
   200  0.3   13 |  +72.5 +118.3 +180.9  +49.6  +51.2 +134.6  +48.6 +134.6  +37.2  |   +37.2 M3->FP x M2  |    99   118 |   238    55    93 |   219   358
   200  0.3   14 |  +87.8 +137.4 +201.9  +59.4  +57.0 +147.5  +52.5 +147.5  +43.1  |   +43.1 M3->FP x M2  |    99   118 |   238    55    93 |   219   376
   200  0.3   15 | +102.9 +156.6 +222.8  +68.6  +62.8 +161.5  +56.2 +161.6  +49.0  |   +49.0 M3->FP x M2  |    99   118 |   238    55    93 |   219   395
   200  0.3   16 | +118.1 +175.7 +243.7  +77.3  +68.7 +175.3  +59.6 +176.6  +55.0  |   +55.0 M3->FP x M2  |    99   118 |   238    55    93 |   219   414
   200  0.3   17 | +133.2 +194.7 +264.5  +85.4  +74.8 +188.1  +62.8 +192.5  +61.0  |   +61.0 M3->FP x M2  |    99   118 |   238    55    93 |   219   432
   200  0.3   18 | +148.3 +213.7 +285.2  +93.0  +80.9 +200.1  +65.7 +209.0  +67.1  |   +65.7 M2->M3 x FP  |    99   118 |   238    55    93 |   219   452
   200  0.3   19 | +163.3 +232.6 +305.9 +100.1  +87.1 +211.2  +68.5 +226.2  +73.3  |   +68.5 M2->M3 x FP  |    99   118 |   238    55    93 |   219   471
   200  0.3   20 | +178.3 +251.4 +326.4 +106.7  +93.5 +221.6  +71.1 +243.9  +79.5  |   +71.1 M2->M3 x FP  |    99   118 |   238    55    93 |   219   491
   200  0.3   11 |  +18.9  +48.6 +123.8  +12.1  +46.4  +87.7  +46.4  +87.7  +16.3  |   +12.1 M1->M2 x M3  |   116   151 |   230    64   111 |   234   312
   200  0.3   12 |  +32.6  +66.0 +143.5  +23.5  +50.6  +93.9  +50.6  +93.9  +22.1  |   +22.1 M3->FP x M2  |   116   151 |   230    64   111 |   234   328
   200  0.3   13 |  +46.2  +83.3 +163.2  +34.6  +55.2 +102.4  +55.2 +102.4  +27.9  |   +27.9 M3->FP x M2  |   116   151 |   230    64   111 |   234   345
   200  0.3   14 |  +59.8 +100.6 +182.9  +45.3  +60.1 +112.8  +59.9 +112.8  +33.8  |   +33.8 M3->FP x M2  |   116   151 |   230    64   111 |   234   361
   200  0.3   15 |  +73.4 +117.9 +202.5  +55.7  +65.2 +124.7  +64.4 +124.7  +39.7  |   +39.7 M3->FP x M2  |   116   151 |   230    64   111 |   234   378
   200  0.3   16 |  +87.0 +135.2 +222.0  +65.6  +70.5 +137.7  +68.7 +137.7  +45.7  |   +45.7 M3->FP x M2  |   116   151 |   230    64   111 |   234   395
   200  0.3   17 | +100.6 +152.4 +241.5  +75.1  +76.1 +151.2  +72.7 +151.6  +51.8  |   +51.8 M3->FP x M2  |   116   151 |   230    64   111 |   234   412
   200  0.3   18 | +114.1 +169.6 +260.9  +84.1  +81.7 +164.0  +76.4 +166.3  +57.9  |   +57.9 M3->FP x M2  |   116   151 |   230    64   111 |   234   430
   200  0.3   19 | +127.6 +186.7 +280.2  +92.6  +87.6 +176.1  +80.0 +181.7  +64.0  |   +64.0 M3->FP x M2  |   116   151 |   230    64   111 |   234   447
   200  0.3   20 | +141.0 +203.8 +299.4 +100.7  +93.6 +187.5  +83.4 +197.6  +70.3  |   +70.3 M3->FP x M2  |   116   151 |   230    64   111 |   234   465
   200  0.4   12 |  +12.8  +36.9 +132.6   +6.8  +62.0  +69.3  +62.0  +69.3  +12.1  |    +6.8 M1->M2 x M3  |   133   186 |   224    73   130 |   253   322
   200  0.4   13 |  +25.2  +52.8 +151.4  +18.3  +65.3  +74.6  +65.3  +74.6  +18.0  |   +18.0 M3->FP x M2  |   133   186 |   224    73   130 |   253   338
   200  0.4   14 |  +37.6  +68.7 +170.2  +29.7  +69.1  +82.6  +69.1  +82.6  +23.8  |   +23.8 M3->FP x M2  |   133   186 |   224    73   130 |   253   353
   200  0.4   15 |  +50.0  +84.6 +188.9  +40.8  +73.2  +92.5  +73.2  +92.5  +29.8  |   +29.8 M3->FP x M2  |   133   186 |   224    73   130 |   253   369
   200  0.4   16 |  +62.4 +100.4 +207.5  +51.6  +77.7 +103.9  +77.7 +103.9  +35.8  |   +35.8 M3->FP x M2  |   133   186 |   224    73   130 |   253   384
   200  0.4   17 |  +74.8 +116.2 +226.1  +62.0  +82.4 +116.4  +82.3 +116.4  +41.8  |   +41.8 M3->FP x M2  |   133   186 |   224    73   130 |   253   400
   200  0.4   18 |  +87.2 +132.0 +244.6  +72.1  +87.3 +129.5  +86.9 +129.7  +47.9  |   +47.9 M3->FP x M2  |   133   186 |   224    73   130 |   253   416
   200  0.4   19 |  +99.5 +147.7 +263.1  +81.8  +92.5 +142.1  +91.2 +143.8  +54.1  |   +54.1 M3->FP x M2  |   133   186 |   224    73   130 |   253   432
   200  0.4   20 | +111.8 +163.4 +281.4  +91.0  +97.9 +154.2  +95.3 +158.4  +60.4  |   +60.4 M3->FP x M2  |   133   186 |   224    73   130 |   253   449
   200  0.5   14 |  +19.2  +39.9 +161.8  +13.3  +83.5  +55.7  +83.5  +55.7  +13.3  |   +13.3 M3->FP x M2  |   150   223 |   220    83   151 |   273   350
   200  0.5   15 |  +30.7  +54.6 +179.9  +24.9  +86.6  +63.4  +86.6  +63.4  +19.3  |   +19.3 M3->FP x M2  |   150   223 |   220    83   151 |   273   364
   200  0.5   16 |  +42.2  +69.3 +198.0  +36.3  +90.1  +73.2  +90.1  +73.2  +25.2  |   +25.2 M3->FP x M2  |   150   223 |   220    83   151 |   273   379
   200  0.5   17 |  +53.7  +83.9 +216.0  +47.4  +93.9  +84.6  +93.9  +84.6  +31.3  |   +31.3 M3->FP x M2  |   150   223 |   220    83   151 |   273   394
   200  0.5   18 |  +65.1  +98.6 +233.9  +58.2  +98.0  +96.9  +98.0  +96.9  +37.4  |   +37.4 M3->FP x M2  |   150   223 |   220    83   151 |   273   408
   200  0.5   19 |  +76.6 +113.2 +251.8  +68.7 +102.3 +109.7 +102.3 +110.1  +43.6  |   +43.6 M3->FP x M2  |   150   223 |   220    83   151 |   273   424
   200  0.5   20 |  +88.0 +127.8 +269.5  +79.0 +106.9 +122.1 +106.9 +123.9  +49.9  |   +49.9 M3->FP x M2  |   150   223 |   220    83   151 |   273   439
   200  0.5   15 |  +14.2  +26.9 +174.2   +8.6 +104.3  +37.0 +104.3  +37.0   +8.3  |    +8.3 M3->FP x M2  |   167   262 |   216    92   173 |   296   363
   200  0.5   16 |  +25.0  +40.6 +191.9  +20.4 +106.9  +44.8 +106.9  +44.8  +14.3  |   +14.3 M3->FP x M2  |   167   262 |   216    92   173 |   296   377
   200  0.5   17 |  +35.7  +54.3 +209.5  +32.0 +109.8  +55.0 +109.8  +55.0  +20.3  |   +20.3 M3->FP x M2  |   167   262 |   216    92   173 |   296   391
   200  0.5   18 |  +46.5  +68.0 +227.1  +43.4 +113.1  +66.8 +113.1  +66.8  +26.5  |   +26.5 M3->FP x M2  |   167   262 |   216    92   173 |   296   405
   200  0.5   19 |  +57.2  +81.7 +244.6  +54.5 +116.6  +79.3 +116.6  +79.4  +32.6  |   +32.6 M3->FP x M2  |   167   262 |   216    92   173 |   296   419
   200  0.5   20 |  +67.9  +95.3 +262.0  +65.4 +120.4  +91.7 +120.4  +92.7  +38.9  |   +38.9 M3->FP x M2  |   167   262 |   216    92   173 |   296   434
   200  0.6   17 |  +20.2  +26.6 +205.9  +16.3 +129.1  +27.2 +129.1  +27.2   +9.0  |    +9.0 M3->FP x M2  |   184   303 |   213   101   196 |   319   391
   200  0.6   18 |  +30.3  +39.5 +223.2  +28.1 +131.7  +38.7 +131.7  +38.7  +15.1  |   +15.1 M3->FP x M2  |   184   303 |   213   101   196 |   319   405
   200  0.6   19 |  +40.5  +52.3 +240.5  +39.7 +134.5  +51.1 +134.5  +51.3  +21.3  |   +21.3 M3->FP x M2  |   184   303 |   213   101   196 |   319   418
   200  0.6   20 |  +50.6  +65.5 +257.7  +51.2 +137.6  +63.3 +137.6  +64.4  +27.6  |   +27.6 M3->FP x M2  |   184   303 |   213   101   196 |   319   432
   200  0.6   19 |  +25.7  +26.3 +238.7  +24.8 +155.0  +25.0 +155.0  +26.9   +9.8  |    +9.8 M3->FP x M2  |   201   345 |   211   110   219 |   345   419
   200  0.6   20 |  +35.4  +39.4 +255.8  +36.6 +157.5  +36.9 +157.5  +40.0  +16.0  |   +16.0 M3->FP x M2  |   201   345 |   211   110   219 |   345   432
   250  0.3    9 |  +44.8  +69.5 +132.2   +7.2  +41.9 +155.4  +41.9 +155.4   +9.9  |    +7.2 M1->M2 x M3  |   100   134 |   252    55   102 |   284   317
   250  0.3   10 |  +63.9  +92.6 +157.4  +18.4  +45.6 +161.9  +45.6 +161.9  +15.6  |   +15.6 M3->FP x M2  |   100   134 |   252    55   102 |   284   337
   250  0.3   11 |  +82.8 +115.6 +182.5  +29.3  +49.7 +170.7  +49.7 +170.7  +21.3  |   +21.3 M3->FP x M2  |   100   134 |   252    55   102 |   284   359
   250  0.3   12 | +101.8 +138.5 +207.6  +39.7  +54.1 +181.7  +54.1 +181.7  +27.1  |   +27.1 M3->FP x M2  |   100   134 |   252    55   102 |   284   380
   250  0.3   13 | +120.7 +161.5 +232.6  +49.6  +58.9 +194.4  +58.7 +194.4  +33.0  |   +33.0 M3->FP x M2  |   100   134 |   252    55   102 |   284   401
   250  0.3   14 | +139.6 +184.4 +257.6  +59.0  +64.0 +208.7  +62.9 +208.7  +38.8  |   +38.8 M3->FP x M2  |   100   134 |   252    55   102 |   284   423
   250  0.3   15 | +158.5 +207.2 +282.5  +67.8  +69.2 +224.3  +66.8 +224.3  +44.8  |   +44.8 M3->FP x M2  |   100   134 |   252    55   102 |   284   444
   250  0.3   16 | +177.3 +229.9 +307.2  +76.2  +74.6 +240.8  +70.5 +240.9  +50.7  |   +50.7 M3->FP x M2  |   100   134 |   252    55   102 |   284   466
   250  0.3   17 | +196.0 +252.6 +331.9  +84.0  +80.2 +256.7  +73.9 +258.5  +56.8  |   +56.8 M3->FP x M2  |   100   134 |   252    55   102 |   284   488
   250  0.3   18 | +214.7 +275.3 +356.5  +91.3  +86.0 +271.5  +77.1 +277.0  +62.9  |   +62.9 M3->FP x M2  |   100   134 |   252    55   102 |   284   511
   250  0.3   19 | +233.3 +297.8 +381.0  +98.0  +91.9 +285.3  +80.0 +296.2  +69.1  |   +69.1 M3->FP x M2  |   100   134 |   252    55   102 |   284   533
   250  0.3   20 | +251.9 +320.2 +405.4 +104.4  +97.9 +298.1  +82.8 +316.1  +75.3  |   +75.3 M3->FP x M2  |   100   134 |   252    55   102 |   284   556
   250  0.3   11 |  +55.3  +79.8 +163.1  +13.7  +59.3 +142.4  +59.3 +142.4  +12.0  |   +12.0 M3->FP x M2  |   116   167 |   242    64   120 |   300   344
   250  0.3   12 |  +72.2 +100.5 +186.4  +24.8  +62.6 +150.0  +62.6 +150.0  +17.8  |   +17.8 M3->FP x M2  |   116   167 |   242    64   120 |   300   363
   250  0.3   13 |  +89.1 +121.2 +209.7  +35.6  +66.4 +159.5  +66.4 +159.5  +23.7  |   +23.7 M3->FP x M2  |   116   167 |   242    64   120 |   300   382
   250  0.3   14 | +106.0 +141.8 +232.9  +46.0  +70.5 +170.8  +70.5 +170.8  +29.5  |   +29.5 M3->FP x M2  |   116   167 |   242    64   120 |   300   402
   250  0.3   15 | +122.9 +162.4 +256.0  +56.0  +74.9 +183.6  +74.9 +183.6  +35.5  |   +35.5 M3->FP x M2  |   116   167 |   242    64   120 |   300   421
   250  0.3   16 | +139.7 +182.9 +279.1  +65.6  +79.6 +197.5  +79.4 +197.5  +41.5  |   +41.5 M3->FP x M2  |   116   167 |   242    64   120 |   300   441
   250  0.3   17 | +156.5 +203.4 +302.1  +74.7  +84.5 +212.6  +83.6 +212.6  +47.5  |   +47.5 M3->FP x M2  |   116   167 |   242    64   120 |   300   461
   250  0.3   18 | +173.2 +223.8 +324.9  +83.4  +89.7 +228.2  +87.6 +228.5  +53.6  |   +53.6 M3->FP x M2  |   116   167 |   242    64   120 |   300   481
   250  0.3   19 | +189.9 +244.2 +347.7  +91.6  +95.0 +243.2  +91.3 +245.2  +59.8  |   +59.8 M3->FP x M2  |   116   167 |   242    64   120 |   300   501
   250  0.3   20 | +206.5 +264.5 +370.4  +99.4 +100.6 +257.2  +94.9 +262.7  +66.1  |   +66.1 M3->FP x M2  |   116   167 |   242    64   120 |   300   522
   250  0.4   12 |  +48.7  +68.0 +171.8   +8.9  +75.8 +123.4  +75.8 +123.4   +8.0  |    +8.0 M3->FP x M2  |   133   201 |   234    73   139 |   318   354
   250  0.4   13 |  +64.1  +86.9 +193.8  +20.3  +78.5 +130.1  +78.5 +130.1  +13.8  |   +13.8 M3->FP x M2  |   133   201 |   234    73   139 |   318   371
   250  0.4   14 |  +79.5 +105.8 +215.8  +31.4  +81.7 +138.8  +81.7 +138.8  +19.7  |   +19.7 M3->FP x M2  |   133   201 |   234    73   139 |   318   389
   250  0.4   15 |  +94.9 +124.6 +237.8  +42.2  +85.2 +149.1  +85.2 +149.1  +25.6  |   +25.6 M3->FP x M2  |   133   201 |   234    73   139 |   318   407
   250  0.4   16 | +110.2 +143.4 +259.6  +52.6  +89.0 +160.9  +89.0 +160.9  +31.6  |   +31.6 M3->FP x M2  |   133   201 |   234    73   139 |   318   425
   250  0.4   17 | +125.5 +162.2 +281.4  +62.7  +93.2 +173.9  +93.2 +173.9  +37.7  |   +37.7 M3->FP x M2  |   133   201 |   234    73   139 |   318   443
   250  0.4   18 | +140.8 +180.9 +303.1  +72.5  +97.6 +187.8  +97.6 +187.8  +43.8  |   +43.8 M3->FP x M2  |   133   201 |   234    73   139 |   318   462
   250  0.4   19 | +156.0 +199.5 +324.7  +81.8 +102.2 +202.7 +102.1 +202.7  +50.0  |   +50.0 M3->FP x M2  |   133   201 |   234    73   139 |   318   480
   250  0.4   20 | +171.2 +218.1 +346.2  +90.8 +107.1 +217.6 +106.3 +218.3  +56.2  |   +56.2 M3->FP x M2  |   133   201 |   234    73   139 |   318   499
   250  0.5   14 |  +57.8  +73.9 +203.9  +15.8  +96.8 +110.8  +96.8 +110.8   +9.4  |    +9.4 M3->FP x M2  |   150   238 |   229    82   160 |   338   382
   250  0.5   15 |  +72.0  +91.3 +225.0  +27.2  +99.5 +118.8  +99.5 +118.8  +15.3  |   +15.3 M3->FP x M2  |   150   238 |   229    82   160 |   338   398
   250  0.5   16 |  +86.2 +108.7 +246.0  +38.3 +102.5 +128.6 +102.5 +128.6  +21.3  |   +21.3 M3->FP x M2  |   150   238 |   229    82   160 |   338   415
   250  0.5   17 | +100.4 +126.1 +267.0  +49.1 +105.9 +139.8 +105.9 +139.8  +27.4  |   +27.4 M3->FP x M2  |   150   238 |   229    82   160 |   338   432
   250  0.5   18 | +114.5 +143.5 +287.8  +59.6 +109.5 +152.2 +109.5 +152.2  +33.5  |   +33.5 M3->FP x M2  |   150   238 |   229    82   160 |   338   449
   250  0.5   19 | +128.6 +160.8 +308.6  +69.9 +113.4 +165.5 +113.4 +165.5  +39.7  |   +39.7 M3->FP x M2  |   150   238 |   229    82   160 |   338   466
   250  0.5   20 | +142.7 +178.0 +329.3  +79.8 +117.6 +179.7 +117.6 +179.7  +46.0  |   +46.0 M3->FP x M2  |   150   238 |   229    82   160 |   338   484
   250  0.5   16 |  +66.0  +77.4 +236.6  +23.2 +119.2  +99.5 +119.2  +99.5  +10.7  |   +10.7 M3->FP x M2  |   167   276 |   224    92   181 |   359   410
   250  0.5   17 |  +79.2  +93.6 +257.0  +34.6 +121.9 +109.0 +121.9 +109.0  +16.7  |   +16.7 M3->FP x M2  |   167   276 |   224    92   181 |   359   426
   250  0.5   18 |  +92.5 +109.8 +277.3  +45.7 +124.8 +119.9 +124.8 +119.9  +22.9  |   +22.9 M3->FP x M2  |   167   276 |   224    92   181 |   359   442
   250  0.5   19 | +105.7 +126.0 +297.5  +56.6 +128.0 +132.0 +128.0 +132.0  +29.1  |   +29.1 M3->FP x M2  |   167   276 |   224    92   181 |   359   458
   250  0.5   20 | +118.9 +142.2 +317.6  +67.2 +131.5 +145.1 +131.5 +145.1  +35.3  |   +35.3 M3->FP x M2  |   167   276 |   224    92   181 |   359   474
   250  0.6   17 |  +61.0  +63.7 +250.2  +19.6 +140.4  +80.6 +140.4  +80.6   +5.8  |    +5.8 M3->FP x M2  |   184   315 |   221   101   202 |   381   423
   250  0.6   18 |  +73.5  +79.0 +270.1  +31.2 +142.8  +90.0 +142.8  +90.0  +11.9  |   +11.9 M3->FP x M2  |   184   315 |   221   101   202 |   381   438
   250  0.6   19 |  +86.0  +94.2 +290.0  +42.6 +145.4 +101.0 +145.4 +101.0  +18.1  |   +18.1 M3->FP x M2  |   184   315 |   221   101   202 |   381   453
   250  0.6   20 |  +98.5 +109.4 +309.7  +53.7 +148.3 +113.2 +148.3 +113.2  +24.4  |   +24.4 M3->FP x M2  |   184   315 |   221   101   202 |   381   469
   250  0.6   19 |  +68.8  +64.5 +285.1  +28.2 +164.7  +71.9 +164.7  +71.9   +7.0  |    +7.0 M3->FP x M2  |   201   355 |   217   110   225 |   404   451
   250  0.6   20 |  +80.7  +78.9 +304.6  +39.8 +167.1  +83.3 +167.1  +83.3  +13.3  |   +13.3 M3->FP x M2  |   201   355 |   217   110   225 |   404   466
   300  0.3    9 |  +78.2  +99.5 +167.1   +8.0  +51.1 +209.7  +51.1 +209.7   +7.0  |    +7.0 M3->FP x M2  |   100   145 |   265    55   108 |   345   346
   300  0.3   10 | +100.9 +126.3 +196.3  +19.0  +54.1 +218.0  +54.1 +218.0  +12.8  |   +12.8 M3->FP x M2  |   100   145 |   265    55   108 |   345   370
   300  0.3   11 | +123.6 +153.0 +225.3  +29.6  +57.6 +228.5  +57.6 +228.5  +18.5  |   +18.5 M3->FP x M2  |   100   145 |   265    55   108 |   345   394
   300  0.3   12 | +146.3 +179.7 +254.3  +39.8  +61.5 +241.0  +61.5 +241.0  +24.3  |   +24.3 M3->FP x M2  |   100   145 |   265    55   108 |   345   419
   300  0.3   13 | +168.9 +206.3 +283.2  +49.5  +65.7 +255.3  +65.7 +255.3  +30.1  |   +30.1 M3->FP x M2  |   100   145 |   265    55   108 |   345   443
   300  0.3   14 | +191.5 +232.9 +312.0  +58.7  +70.3 +271.2  +70.1 +271.2  +36.0  |   +36.0 M3->FP x M2  |   100   145 |   265    55   108 |   345   468
   300  0.3   15 | +214.0 +259.4 +340.7  +67.3  +75.1 +288.5  +74.2 +288.5  +41.9  |   +41.9 M3->FP x M2  |   100   145 |   265    55   108 |   345   492
   300  0.3   16 | +236.5 +285.9 +369.3  +75.4  +80.1 +307.0  +78.0 +307.0  +47.9  |   +47.9 M3->FP x M2  |   100   145 |   265    55   108 |   345   518
   300  0.3   17 | +258.8 +312.2 +397.8  +83.0  +85.4 +325.9  +81.5 +326.5  +54.0  |   +54.0 M3->FP x M2  |   100   145 |   265    55   108 |   345   543
   300  0.3   18 | +281.1 +338.4 +426.2  +90.1  +90.8 +343.5  +84.8 +347.0  +60.1  |   +60.1 M3->FP x M2  |   100   145 |   265    55   108 |   345   568
   300  0.3   19 | +303.3 +364.6 +454.5  +96.7  +96.4 +359.9  +87.9 +368.4  +66.3  |   +66.3 M3->FP x M2  |   100   145 |   265    55   108 |   345   594
   300  0.3   20 | +325.5 +390.6 +482.6 +102.8 +102.1 +375.0  +90.8 +390.6  +72.5  |   +72.5 M3->FP x M2  |   100   145 |   265    55   108 |   345   621
   300  0.3   11 |  +91.6 +112.8 +201.4  +14.7  +68.6 +197.7  +68.6 +197.7   +9.2  |    +9.2 M3->FP x M2  |   116   177 |   254    64   126 |   361   375
   300  0.3   12 | +111.8 +136.8 +228.2  +25.6  +71.6 +206.7  +71.6 +206.7  +15.0  |   +15.0 M3->FP x M2  |   116   177 |   254    64   126 |   361   397
   300  0.3   13 | +132.0 +160.8 +255.0  +36.2  +74.9 +217.6  +74.9 +217.6  +20.8  |   +20.8 M3->FP x M2  |   116   177 |   254    64   126 |   361   419
   300  0.3   14 | +152.2 +184.7 +281.6  +46.4  +78.5 +230.1  +78.5 +230.1  +26.7  |   +26.7 M3->FP x M2  |   116   177 |   254    64   126 |   361   441
   300  0.3   15 | +172.3 +208.5 +308.2  +56.2  +82.5 +244.0  +82.5 +244.0  +32.6  |   +32.6 M3->FP x M2  |   116   177 |   254    64   126 |   361   463
   300  0.3   16 | +192.4 +232.3 +334.7  +65.5  +86.8 +259.3  +86.8 +259.3  +38.6  |   +38.6 M3->FP x M2  |   116   177 |   254    64   126 |   361   485
   300  0.3   17 | +212.4 +256.0 +361.1  +74.4  +91.3 +275.7  +91.1 +275.7  +44.7  |   +44.7 M3->FP x M2  |   116   177 |   254    64   126 |   361   508
   300  0.3   18 | +232.3 +279.7 +387.3  +82.9  +96.1 +293.0  +95.2 +293.0  +50.8  |   +50.8 M3->FP x M2  |   116   177 |   254    64   126 |   361   531
   300  0.3   19 | +252.2 +303.3 +413.5  +90.9 +101.2 +310.8  +99.1 +311.3  +57.0  |   +57.0 M3->FP x M2  |   116   177 |   254    64   126 |   361   554
   300  0.3   20 | +272.0 +326.7 +439.5  +98.4 +106.4 +327.5 +102.7 +330.5  +63.2  |   +63.2 M3->FP x M2  |   116   177 |   254    64   126 |   361   577
   300  0.4   12 |  +84.6 +100.6 +209.9  +10.3  +85.3 +178.3  +85.3 +178.3   +5.2  |    +5.2 M3->FP x M2  |   133   212 |   245    73   145 |   379   384
   300  0.4   13 | +103.0 +122.5 +235.1  +21.5  +87.8 +186.2  +87.8 +186.2  +11.0  |   +11.0 M3->FP x M2  |   133   212 |   245    73   145 |   379   404
   300  0.4   14 | +121.4 +144.4 +260.2  +32.4  +90.6 +195.9  +90.6 +195.9  +16.9  |   +16.9 M3->FP x M2  |   133   212 |   245    73   145 |   379   424
   300  0.4   15 | +139.7 +166.2 +285.3  +43.0  +93.8 +207.2  +93.8 +207.2  +22.9  |   +22.9 M3->FP x M2  |   133   212 |   245    73   145 |   379   444
   300  0.4   16 | +158.0 +188.0 +310.3  +53.3  +97.3 +219.8  +97.3 +219.8  +28.9  |   +28.9 M3->FP x M2  |   133   212 |   245    73   145 |   379   464
   300  0.4   17 | +176.3 +209.7 +335.1  +63.2 +101.1 +233.7 +101.1 +233.7  +34.9  |   +34.9 M3->FP x M2  |   133   212 |   245    73   145 |   379   485
   300  0.4   18 | +194.5 +231.4 +359.9  +72.7 +105.2 +248.7 +105.2 +248.7  +41.0  |   +41.0 M3->FP x M2  |   133   212 |   245    73   145 |   379   506
   300  0.4   19 | +212.6 +252.9 +384.6  +81.8 +109.5 +264.6 +109.5 +264.6  +47.2  |   +47.2 M3->FP x M2  |   133   212 |   245    73   145 |   379   527
   300  0.4   20 | +230.7 +274.4 +409.1  +90.5 +114.1 +281.4 +113.9 +281.4  +53.5  |   +53.5 M3->FP x M2  |   133   212 |   245    73   145 |   379   548
   300  0.5   14 |  +96.3 +109.4 +244.9  +17.5 +105.9 +166.5 +105.9 +166.5   +6.8  |    +6.8 M3->FP x M2  |   150   248 |   238    83   165 |   398   413
   300  0.5   15 | +113.3 +129.6 +268.8  +28.6 +108.4 +175.4 +108.4 +175.4  +12.7  |   +12.7 M3->FP x M2  |   150   248 |   238    83   165 |   398   431
   300  0.5   16 | +130.2 +149.7 +292.7  +39.6 +111.1 +185.8 +111.1 +185.8  +18.7  |   +18.7 M3->FP x M2  |   150   248 |   238    83   165 |   398   450
   300  0.5   17 | +147.1 +169.8 +316.5  +50.2 +114.2 +197.6 +114.2 +197.6  +24.8  |   +24.8 M3->FP x M2  |   150   248 |   238    83   165 |   398   469
   300  0.5   18 | +163.9 +189.8 +340.2  +60.5 +117.6 +210.5 +117.6 +210.5  +30.9  |   +30.9 M3->FP x M2  |   150   248 |   238    83   165 |   398   488
   300  0.5   19 | +180.7 +209.8 +363.9  +70.5 +121.3 +224.6 +121.3 +224.6  +37.1  |   +37.1 M3->FP x M2  |   150   248 |   238    83   165 |   398   508
   300  0.5   20 | +197.4 +229.8 +387.3  +80.2 +125.2 +239.5 +125.2 +239.5  +43.4  |   +43.4 M3->FP x M2  |   150   248 |   238    83   165 |   398   527
   300  0.5   16 | +106.9 +115.6 +280.1  +25.0 +127.6 +155.5 +127.6 +155.5   +8.3  |    +8.3 M3->FP x M2  |   167   285 |   232    92   186 |   418   441
   300  0.5   17 | +122.7 +134.3 +303.1  +36.2 +130.1 +165.4 +130.1 +165.4  +14.3  |   +14.3 M3->FP x M2  |   167   285 |   232    92   186 |   418   459
   300  0.5   18 | +138.4 +153.1 +326.0  +47.2 +132.8 +176.6 +132.8 +176.6  +20.5  |   +20.5 M3->FP x M2  |   167   285 |   232    92   186 |   418   477
   300  0.5   19 | +154.2 +171.7 +348.9  +57.9 +135.9 +189.0 +135.9 +189.0  +26.7  |   +26.7 M3->FP x M2  |   167   285 |   232    92   186 |   418   495
   300  0.5   20 | +169.8 +190.4 +371.6  +68.3 +139.2 +202.4 +139.2 +202.4  +32.9  |   +32.9 M3->FP x M2  |   167   285 |   232    92   186 |   418   514
   300  0.6   18 | +116.7 +119.7 +315.8  +33.1 +150.3 +145.7 +150.3 +145.7   +9.8  |    +9.8 M3->FP x M2  |   184   323 |   228   101   207 |   440   470
   300  0.6   19 | +131.5 +137.3 +338.1  +44.4 +152.8 +156.6 +152.8 +156.6  +16.0  |   +16.0 M3->FP x M2  |   184   323 |   228   101   207 |   440   487
   300  0.6   20 | +146.3 +154.8 +360.3  +55.4 +155.5 +168.7 +155.5 +168.7  +22.3  |   +22.3 M3->FP x M2  |   184   323 |   228   101   207 |   440   504
   300  0.6   19 | +111.9 +105.5 +330.5  +30.5 +171.3 +126.7 +171.3 +126.7   +5.1  |    +5.1 M3->FP x M2  |   201   362 |   224   110   229 |   461   482
   300  0.6   20 | +125.9 +122.1 +352.3  +41.9 +173.6 +137.5 +173.6 +137.5  +11.4  |   +11.4 M3->FP x M2  |   201   362 |   224   110   229 |   461   499
   350  0.3    9 | +111.5 +130.4 +201.6   +8.5  +57.9 +264.6  +57.9 +264.6   +5.0  |    +5.0 M3->FP x M2  |   100   152 |   279    55   112 |   403   375
   350  0.3   10 | +138.0 +160.9 +234.6  +19.4  +60.6 +274.5  +60.6 +274.5  +10.7  |   +10.7 M3->FP x M2  |   100   152 |   279    55   112 |   403   402
   350  0.3   11 | +164.4 +191.4 +267.5  +29.9  +63.7 +286.6  +63.7 +286.6  +16.5  |   +16.5 M3->FP x M2  |   100   152 |   279    55   112 |   403   429
   350  0.3   12 | +190.8 +221.8 +300.3  +39.9  +67.3 +300.8  +67.3 +300.8  +22.3  |   +22.3 M3->FP x M2  |   100   152 |   279    55   112 |   403   457
   350  0.3   13 | +217.1 +252.2 +333.1  +49.4  +71.2 +316.8  +71.2 +316.8  +28.1  |   +28.1 M3->FP x M2  |   100   152 |   279    55   112 |   403   484
   350  0.3   14 | +243.4 +282.4 +365.7  +58.4  +75.4 +334.5  +75.4 +334.5  +34.0  |   +34.0 M3->FP x M2  |   100   152 |   279    55   112 |   403   512
   350  0.3   15 | +269.5 +312.6 +398.2  +66.9  +79.9 +353.6  +79.6 +353.6  +39.9  |   +39.9 M3->FP x M2  |   100   152 |   279    55   112 |   403   540
   350  0.3   16 | +295.6 +342.7 +430.6  +74.8  +84.7 +374.0  +83.5 +374.0  +45.9  |   +45.9 M3->FP x M2  |   100   152 |   279    55   112 |   403   568
   350  0.3   17 | +321.6 +372.7 +462.9  +82.2  +89.6 +395.4  +87.1 +395.5  +52.0  |   +52.0 M3->FP x M2  |   100   152 |   279    55   112 |   403   596
   350  0.3   18 | +347.5 +402.6 +495.0  +89.2  +94.8 +415.9  +90.5 +418.1  +58.1  |   +58.1 M3->FP x M2  |   100   152 |   279    55   112 |   403   625
   350  0.3   19 | +373.3 +432.3 +526.9  +95.7 +100.2 +434.8  +93.7 +441.7  +64.3  |   +64.3 M3->FP x M2  |   100   152 |   279    55   112 |   403   654
   350  0.3   20 | +399.0 +461.9 +558.7 +101.7 +105.7 +452.3  +96.6 +466.2  +70.5  |   +70.5 M3->FP x M2  |   100   152 |   279    55   112 |   403   684
   350  0.3   11 | +127.9 +146.7 +239.2  +15.3  +75.5 +253.6  +75.5 +253.6   +7.1  |    +7.1 M3->FP x M2  |   116   185 |   265    64   130 |   419   406
   350  0.3   12 | +151.4 +174.0 +269.4  +26.2  +78.2 +263.9  +78.2 +263.9  +12.9  |   +12.9 M3->FP x M2  |   116   185 |   265    64   130 |   419   430
   350  0.3   13 | +174.9 +201.3 +299.6  +36.6  +81.3 +276.1  +81.3 +276.1  +18.8  |   +18.8 M3->FP x M2  |   116   185 |   265    64   130 |   419   454
   350  0.3   14 | +198.3 +228.5 +329.6  +46.7  +84.6 +289.9  +84.6 +289.9  +24.7  |   +24.7 M3->FP x M2  |   116   185 |   265    64   130 |   419   479
   350  0.3   15 | +221.7 +255.6 +359.6  +56.3  +88.4 +305.2  +88.4 +305.2  +30.6  |   +30.6 M3->FP x M2  |   116   185 |   265    64   130 |   419   504
   350  0.3   16 | +245.0 +282.6 +389.5  +65.4  +92.4 +321.9  +92.4 +321.9  +36.6  |   +36.6 M3->FP x M2  |   116   185 |   265    64   130 |   419   529
   350  0.3   17 | +268.3 +309.6 +419.2  +74.2  +96.7 +339.8  +96.6 +339.8  +42.6  |   +42.6 M3->FP x M2  |   116   185 |   265    64   130 |   419   554
   350  0.3   18 | +291.4 +336.5 +448.8  +82.5 +101.2 +358.7 +100.8 +358.7  +48.8  |   +48.8 M3->FP x M2  |   116   185 |   265    64   130 |   419   580
   350  0.3   19 | +314.5 +363.3 +478.3  +90.3 +106.0 +378.7 +104.7 +378.7  +54.9  |   +54.9 M3->FP x M2  |   116   185 |   265    64   130 |   419   606
   350  0.3   20 | +337.5 +389.9 +507.6  +97.7 +111.0 +398.0 +108.5 +399.6  +61.2  |   +61.2 M3->FP x M2  |   116   185 |   265    64   130 |   419   632
   350  0.4   13 | +142.0 +159.1 +275.7  +22.3  +94.6 +242.8  +94.6 +242.8   +9.1  |    +9.1 M3->FP x M2  |   133   220 |   255    73   149 |   436   435
   350  0.4   14 | +163.3 +184.0 +303.9  +33.1  +97.2 +253.5  +97.2 +253.5  +14.9  |   +14.9 M3->FP x M2  |   133   220 |   255    73   149 |   436   457
   350  0.4   15 | +184.6 +208.8 +332.1  +43.6 +100.2 +265.9 +100.2 +265.9  +20.9  |   +20.9 M3->FP x M2  |   133   220 |   255    73   149 |   436   480
   350  0.4   16 | +205.8 +233.5 +360.1  +53.7 +103.5 +279.6 +103.5 +279.6  +26.9  |   +26.9 M3->FP x M2  |   133   220 |   255    73   149 |   436   502
   350  0.4   17 | +227.0 +258.2 +388.0  +63.4 +107.0 +294.6 +107.0 +294.6  +32.9  |   +32.9 M3->FP x M2  |   133   220 |   255    73   149 |   436   525
   350  0.4   18 | +248.1 +282.7 +415.9  +72.8 +110.9 +310.7 +110.9 +310.7  +39.1  |   +39.1 M3->FP x M2  |   133   220 |   255    73   149 |   436   549
   350  0.4   19 | +269.1 +307.2 +443.6  +81.7 +115.0 +327.9 +115.0 +327.9  +45.2  |   +45.2 M3->FP x M2  |   133   220 |   255    73   149 |   436   572
   350  0.4   20 | +290.1 +331.6 +471.1  +90.3 +119.4 +346.0 +119.4 +346.0  +51.5  |   +51.5 M3->FP x M2  |   133   220 |   255    73   149 |   436   596
   350  0.5   15 | +154.6 +168.7 +311.9  +29.6 +114.8 +232.4 +114.8 +232.4  +10.8  |   +10.8 M3->FP x M2  |   150   255 |   247    83   169 |   455   463
   350  0.5   16 | +174.2 +191.5 +338.7  +40.4 +117.4 +243.6 +117.4 +243.6  +16.8  |   +16.8 M3->FP x M2  |   150   255 |   247    83   169 |   455   484
   350  0.5   17 | +193.8 +214.3 +365.3  +50.9 +120.4 +256.3 +120.4 +256.3  +22.9  |   +22.9 M3->FP x M2  |   150   255 |   247    83   169 |   455   505
   350  0.5   18 | +213.3 +237.1 +391.8  +61.1 +123.6 +270.1 +123.6 +270.1  +29.0  |   +29.0 M3->FP x M2  |   150   255 |   247    83   169 |   455   527
   350  0.5   19 | +232.7 +259.8 +418.2  +71.0 +127.0 +285.0 +127.0 +285.0  +35.2  |   +35.2 M3->FP x M2  |   150   255 |   247    82   169 |   455   548
   350  0.5   20 | +252.1 +282.3 +444.5  +80.5 +130.8 +300.9 +130.8 +300.9  +41.5  |   +41.5 M3->FP x M2  |   150   255 |   247    83   169 |   455   570
   350  0.5   16 | +147.9 +154.5 +322.8  +26.3 +133.7 +212.1 +133.7 +212.1   +6.5  |    +6.5 M3->FP x M2  |   167   292 |   241    92   189 |   475   472
   350  0.5   17 | +166.2 +175.8 +348.5  +37.4 +136.0 +222.6 +136.0 +222.6  +12.6  |   +12.6 M3->FP x M2  |   167   292 |   241    92   189 |   475   492
   350  0.5   18 | +184.4 +197.1 +374.0  +48.2 +138.7 +234.4 +138.7 +234.4  +18.7  |   +18.7 M3->FP x M2  |   167   292 |   241    92   189 |   475   512
   350  0.5   19 | +202.6 +218.2 +399.4  +58.7 +141.6 +247.5 +141.6 +247.5  +24.9  |   +24.9 M3->FP x M2  |   167   292 |   241    92   189 |   475   532
   350  0.5   20 | +220.7 +239.3 +424.7  +69.0 +144.7 +261.5 +144.7 +261.5  +31.2  |   +31.2 M3->FP x M2  |   167   292 |   241    92   189 |   475   552
   350  0.6   18 | +159.9 +161.1 +360.8  +34.5 +155.7 +202.4 +155.7 +202.4   +8.2  |    +8.2 M3->FP x M2  |   184   329 |   235   101   210 |   495   501
   350  0.6   19 | +177.1 +181.0 +385.5  +45.6 +158.1 +213.7 +158.1 +213.7  +14.5  |   +14.5 M3->FP x M2  |   184   329 |   235   101   210 |   495   520
   350  0.6   20 | +194.2 +200.9 +410.1  +56.5 +160.7 +226.2 +160.7 +226.2  +20.7  |   +20.7 M3->FP x M2  |   184   329 |   235   101   210 |   495   539
   350  0.6   20 | +171.2 +165.8 +399.2  +43.4 +178.3 +193.9 +178.3 +193.9  +10.1  |   +10.1 M3->FP x M2  |   201   367 |   231   110   231 |   516   531
   400  0.3   10 | +175.0 +196.2 +272.7  +19.7  +65.6 +331.3  +65.6 +331.3   +9.2  |    +9.2 M3->FP x M2  |   100   158 |   292    55   115 |   458   434
   400  0.3   11 | +205.2 +230.4 +309.4  +30.1  +68.5 +345.1  +68.5 +345.1  +15.0  |   +15.0 M3->FP x M2  |   100   158 |   292    55   115 |   458   464
   400  0.3   12 | +235.3 +264.5 +346.0  +39.9  +71.9 +360.9  +71.9 +360.9  +20.8  |   +20.8 M3->FP x M2  |   100   158 |   292    55   115 |   458   494
   400  0.3   13 | +265.3 +298.6 +382.5  +49.3  +75.5 +378.7  +75.5 +378.7  +26.6  |   +26.6 M3->FP x M2  |   100   158 |   292    55   115 |   458   525
   400  0.3   14 | +295.2 +332.5 +418.9  +58.2  +79.5 +398.1  +79.5 +398.1  +32.5  |   +32.5 M3->FP x M2  |   100   158 |   292    55   115 |   458   555
   400  0.3   15 | +325.1 +366.4 +455.2  +66.5  +83.8 +419.1  +83.7 +419.1  +38.4  |   +38.4 M3->FP x M2  |   100   158 |   292    55   115 |   458   587
   400  0.3   16 | +354.8 +400.1 +491.3  +74.4  +88.3 +441.4  +87.7 +441.4  +44.4  |   +44.4 M3->FP x M2  |   100   158 |   292    55   115 |   458   618
   400  0.3   17 | +384.4 +433.8 +527.3  +81.7  +93.1 +465.1  +91.4 +465.1  +50.5  |   +50.5 M3->FP x M2  |   100   158 |   292    55   115 |   458   650
   400  0.3   18 | +414.0 +467.2 +563.1  +88.5  +98.1 +488.4  +94.8 +489.9  +56.6  |   +56.6 M3->FP x M2  |   100   158 |   292    55   115 |   458   682
   400  0.3   19 | +443.3 +500.6 +598.8  +94.9 +103.3 +509.9  +98.0 +515.7  +62.8  |   +62.8 M3->FP x M2  |   100   158 |   292    55   115 |   458   714
   400  0.3   20 | +472.6 +533.8 +634.3 +100.9 +108.7 +529.8 +101.0 +542.6  +69.0  |   +69.0 M3->FP x M2  |   100   158 |   292    55   115 |   458   747
   400  0.3   11 | +164.2 +181.2 +276.6  +15.8  +80.8 +309.7  +80.8 +309.7   +5.6  |    +5.6 M3->FP x M2  |   116   191 |   277    64   133 |   475   436
   400  0.3   12 | +191.0 +211.8 +310.2  +26.6  +83.3 +321.4  +83.3 +321.4  +11.4  |   +11.4 M3->FP x M2  |   116   191 |   277    64   133 |   475   462
   400  0.3   13 | +217.8 +242.4 +343.7  +36.9  +86.2 +334.9  +86.2 +334.9  +17.3  |   +17.3 M3->FP x M2  |   116   191 |   277    64   133 |   475   489
   400  0.3   14 | +244.5 +272.8 +377.2  +46.8  +89.4 +350.1  +89.4 +350.1  +23.1  |   +23.1 M3->FP x M2  |   116   191 |   277    64   133 |   475   517
   400  0.3   15 | +271.1 +303.2 +410.5  +56.3  +92.9 +366.9  +92.9 +366.9  +29.1  |   +29.1 M3->FP x M2  |   116   191 |   277    64   133 |   475   544
   400  0.3   16 | +297.7 +333.6 +443.7  +65.4  +96.7 +385.0  +96.7 +385.0  +35.1  |   +35.1 M3->FP x M2  |   116   191 |   277    64   133 |   475   572
   400  0.3   17 | +324.2 +363.8 +476.8  +74.0 +100.8 +404.5 +100.8 +404.5  +41.1  |   +41.1 M3->FP x M2  |   116   191 |   277    64   133 |   475   600
   400  0.3   18 | +350.6 +393.9 +509.7  +82.2 +105.2 +425.1 +105.0 +425.1  +47.2  |   +47.2 M3->FP x M2  |   116   191 |   277    64   133 |   475   628
   400  0.3   19 | +376.8 +423.8 +542.4  +89.9 +109.8 +446.8 +109.0 +446.8  +53.4  |   +53.4 M3->FP x M2  |   116   191 |   277    64   133 |   475   657
   400  0.3   20 | +403.0 +453.7 +575.0  +97.2 +114.6 +468.8 +112.8 +469.5  +59.7  |   +59.7 M3->FP x M2  |   116   191 |   277    64   133 |   475   686
   400  0.4   13 | +180.9 +196.3 +315.8  +23.0  +99.7 +299.5  +99.7 +299.5   +7.6  |    +7.6 M3->FP x M2  |   133   225 |   265    73   152 |   492   466
   400  0.4   14 | +205.2 +224.1 +347.1  +33.6 +102.2 +311.5 +102.2 +311.5  +13.5  |   +13.5 M3->FP x M2  |   133   225 |   265    73   152 |   492   490
   400  0.4   15 | +229.4 +251.9 +378.3  +44.0 +105.1 +324.9 +105.1 +324.9  +19.4  |   +19.4 M3->FP x M2  |   133   225 |   265    73   152 |   492   515
   400  0.4   16 | +253.6 +279.6 +409.4  +54.0 +108.2 +339.8 +108.2 +339.8  +25.4  |   +25.4 M3->FP x M2  |   133   225 |   265    73   152 |   492   540
   400  0.4   17 | +277.7 +307.2 +440.4  +63.6 +111.6 +356.0 +111.6 +356.0  +31.5  |   +31.5 M3->FP x M2  |   133   225 |   265    73   152 |   492   566
   400  0.4   18 | +301.7 +334.7 +471.2  +72.8 +115.3 +373.4 +115.3 +373.4  +37.6  |   +37.6 M3->FP x M2  |   133   225 |   265    73   152 |   492   591
   400  0.4   19 | +325.7 +362.1 +501.9  +81.7 +119.3 +392.0 +119.3 +392.0  +43.8  |   +43.8 M3->FP x M2  |   133   225 |   265    73   152 |   492   617
   400  0.4   20 | +349.5 +389.4 +532.4  +90.2 +123.5 +411.5 +123.5 +411.5  +50.0  |   +50.0 M3->FP x M2  |   133   225 |   265    73   152 |   492   643
   400  0.5   15 | +195.9 +208.3 +354.6  +30.4 +119.7 +289.6 +119.7 +289.6   +9.4  |    +9.4 M3->FP x M2  |   150   260 |   256    83   172 |   510   495
   400  0.5   16 | +218.2 +233.9 +384.1  +41.1 +122.2 +301.9 +122.2 +301.9  +15.4  |   +15.4 M3->FP x M2  |   150   260 |   256    83   172 |   510   518
   400  0.5   17 | +240.5 +259.4 +413.5  +51.4 +125.0 +315.4 +125.0 +315.4  +21.5  |   +21.5 M3->FP x M2  |   150   260 |   256    83   172 |   510   541
   400  0.5   18 | +262.7 +284.9 +442.8  +61.5 +128.1 +330.3 +128.1 +330.3  +27.6  |   +27.6 M3->FP x M2  |   150   260 |   256    83   172 |   510   565
   400  0.5   19 | +284.8 +310.2 +472.0  +71.3 +131.5 +346.2 +131.5 +346.2  +33.8  |   +33.8 M3->FP x M2  |   150   260 |   256    83   172 |   510   588
   400  0.5   20 | +306.8 +335.5 +501.0  +80.7 +135.1 +363.2 +135.1 +363.2  +40.1  |   +40.1 M3->FP x M2  |   150   260 |   256    83   172 |   510   613
   400  0.5   16 | +188.9 +194.0 +365.1  +27.2 +138.2 +268.9 +138.2 +268.9   +5.3  |    +5.3 M3->FP x M2  |   167   297 |   249    92   192 |   530   502
   400  0.5   17 | +209.7 +217.8 +393.4  +38.2 +140.5 +280.2 +140.5 +280.2  +11.3  |   +11.3 M3->FP x M2  |   167   297 |   249    92   192 |   530   524
   400  0.5   18 | +230.4 +241.6 +421.5  +48.9 +143.1 +292.8 +143.1 +292.8  +17.5  |   +17.5 M3->FP x M2  |   167   297 |   249    92   192 |   530   546
   400  0.5   19 | +251.1 +265.2 +449.5  +59.4 +145.9 +306.6 +145.9 +306.6  +23.7  |   +23.7 M3->FP x M2  |   167   297 |   249    92   192 |   530   568
   400  0.5   20 | +271.7 +288.8 +477.3  +69.6 +149.0 +321.5 +149.0 +321.5  +29.9  |   +29.9 M3->FP x M2  |   167   297 |   249    92   192 |   530   590
   400  0.6   18 | +203.1 +203.0 +405.3  +35.5 +159.7 +259.5 +159.7 +259.5   +7.1  |    +7.1 M3->FP x M2  |   184   334 |   243   101   213 |   550   532
   400  0.6   19 | +222.6 +225.2 +432.4  +46.5 +162.1 +271.5 +162.1 +271.5  +13.3  |   +13.3 M3->FP x M2  |   184   334 |   243   101   213 |   550   553
   400  0.6   20 | +242.0 +247.4 +459.4  +57.3 +164.7 +284.6 +164.7 +284.6  +19.6  |   +19.6 M3->FP x M2  |   184   334 |   243   101   213 |   550   574
   400  0.6   20 | +216.5 +210.0 +445.8  +44.4 +181.8 +251.1 +181.8 +251.1   +9.1  |    +9.1 M3->FP x M2  |   201   371 |   238   110   234 |   570   562
   450  0.3   10 | +212.1 +231.9 +310.5  +19.9  +69.6 +388.3  +69.6 +388.3   +8.0  |    +8.0 M3->FP x M2  |   100   163 |   306    55   118 |   513   465
   450  0.3   11 | +246.0 +269.8 +351.0  +30.2  +72.4 +403.7  +72.4 +403.7  +13.8  |   +13.8 M3->FP x M2  |   100   163 |   306    55   118 |   513   498
   450  0.3   12 | +279.8 +307.6 +391.4  +40.0  +75.5 +421.2  +75.5 +421.2  +19.6  |   +19.6 M3->FP x M2  |   100   163 |   306    55   118 |   513   531
   450  0.3   13 | +313.5 +345.4 +431.7  +49.3  +79.0 +440.7  +79.0 +440.7  +25.4  |   +25.4 M3->FP x M2  |   100   163 |   306    55   118 |   513   565
   450  0.3   14 | +347.1 +383.0 +471.9  +58.0  +82.8 +462.0  +82.8 +462.0  +31.3  |   +31.3 M3->FP x M2  |   100   163 |   306    55   118 |   513   599
   450  0.3   15 | +380.6 +420.5 +511.9  +66.3  +87.0 +484.9  +86.9 +484.9  +37.2  |   +37.2 M3->FP x M2  |   100   163 |   306    55   118 |   513   633
   450  0.3   16 | +414.0 +457.9 +551.7  +74.0  +91.3 +509.3  +91.0 +509.3  +43.2  |   +43.2 M3->FP x M2  |   100   163 |   306    55   118 |   513   667
   450  0.3   17 | +447.2 +495.2 +591.4  +81.3  +96.0 +535.0  +94.7 +535.0  +49.3  |   +49.3 M3->FP x M2  |   100   163 |   306    55   118 |   513   702
   450  0.3   18 | +480.4 +532.3 +630.9  +88.0 +100.8 +561.1  +98.2 +562.0  +55.4  |   +55.4 M3->FP x M2  |   100   163 |   306    55   118 |   513   737
   450  0.3   19 | +513.3 +569.3 +670.2  +94.4 +105.9 +585.2 +101.4 +590.2  +61.6  |   +61.6 M3->FP x M2  |   100   163 |   306    55   118 |   513   773
   450  0.3   20 | +546.2 +606.0 +709.3 +100.3 +111.2 +607.4 +104.5 +619.4  +67.8  |   +67.8 M3->FP x M2  |   100   163 |   306    55   118 |   513   809
   450  0.3   12 | +230.6 +250.0 +350.7  +26.9  +87.4 +379.0  +87.4 +379.0  +10.2  |   +10.2 M3->FP x M2  |   116   195 |   289    64   136 |   529   494
   450  0.3   13 | +260.7 +283.9 +387.6  +37.1  +90.1 +393.9  +90.1 +393.9  +16.1  |   +16.1 M3->FP x M2  |   116   195 |   289    64   136 |   529   524
   450  0.3   14 | +290.7 +317.6 +424.4  +46.9  +93.2 +410.5  +93.2 +410.5  +22.0  |   +22.0 M3->FP x M2  |   116   195 |   289    64   136 |   529   554
   450  0.3   15 | +320.6 +351.3 +461.1  +56.3  +96.5 +428.8  +96.5 +428.8  +27.9  |   +27.9 M3->FP x M2  |   116   195 |   289    64   136 |   529   584
   450  0.3   16 | +350.4 +384.9 +497.6  +65.3 +100.2 +448.5 +100.2 +448.5  +33.9  |   +33.9 M3->FP x M2  |   116   195 |   289    64   136 |   529   615
   450  0.3   17 | +380.1 +418.3 +534.0  +73.8 +104.2 +469.5 +104.2 +469.5  +39.9  |   +39.9 M3->FP x M2  |   116   195 |   289    64   136 |   529   645
   450  0.3   18 | +409.7 +451.6 +570.2  +81.9 +108.4 +491.8 +108.4 +491.8  +46.1  |   +46.1 M3->FP x M2  |   116   195 |   289    64   136 |   529   676
   450  0.3   19 | +439.1 +484.8 +606.2  +89.6 +112.9 +515.3 +112.4 +515.3  +52.3  |   +52.3 M3->FP x M2  |   116   195 |   289    64   136 |   529   708
   450  0.3   20 | +468.5 +517.8 +642.1  +96.8 +117.6 +539.6 +116.2 +539.9  +58.5  |   +58.5 M3->FP x M2  |   116   195 |   289    64   136 |   529   740
   450  0.4   13 | +219.8 +233.9 +355.7  +23.4 +103.8 +356.4 +103.8 +356.4   +6.4  |    +6.4 M3->FP x M2  |   133   230 |   275    73   155 |   546   496
   450  0.4   14 | +247.1 +264.7 +390.1  +34.0 +106.2 +369.5 +106.2 +369.5  +12.3  |   +12.3 M3->FP x M2  |   133   230 |   275    73   155 |   546   523
   450  0.4   15 | +274.3 +295.4 +424.3  +44.3 +108.9 +384.2 +108.9 +384.2  +18.2  |   +18.2 M3->FP x M2  |   133   230 |   275    73   155 |   546   550
   450  0.4   16 | +301.4 +326.0 +458.4  +54.2 +111.9 +400.3 +111.9 +400.3  +24.2  |   +24.2 M3->FP x M2  |   133   230 |   275    73   155 |   546   578
   450  0.4   17 | +328.5 +356.6 +492.4  +63.7 +115.2 +417.8 +115.2 +417.8  +30.3  |   +30.3 M3->FP x M2  |   133   230 |   275    73   155 |   546   605
   450  0.4   18 | +355.4 +387.0 +526.2  +72.9 +118.8 +436.5 +118.8 +436.5  +36.4  |   +36.4 M3->FP x M2  |   133   230 |   275    73   155 |   546   633
   450  0.4   19 | +382.2 +417.3 +559.9  +81.6 +122.7 +456.4 +122.7 +456.4  +42.6  |   +42.6 M3->FP x M2  |   133   230 |   275    73   155 |   546   662
   450  0.4   20 | +408.9 +447.5 +593.3  +90.0 +126.8 +477.4 +126.8 +477.4  +48.9  |   +48.9 M3->FP x M2  |   133   230 |   275    73   155 |   546   690
   450  0.5   15 | +237.2 +248.3 +396.9  +30.9 +123.5 +347.1 +123.5 +347.1   +8.3  |    +8.3 M3->FP x M2  |   150   265 |   265    83   174 |   565   526
   450  0.5   16 | +262.2 +276.6 +429.2  +41.5 +125.9 +360.3 +125.9 +360.3  +14.4  |   +14.4 M3->FP x M2  |   150   265 |   265    83   174 |   565   551
   450  0.5   17 | +287.2 +304.9 +461.4  +51.8 +128.7 +374.9 +128.7 +374.9  +20.4  |   +20.4 M3->FP x M2  |   150   265 |   265    83   174 |   565   577
   450  0.5   18 | +312.1 +333.0 +493.5  +61.8 +131.7 +390.8 +131.7 +390.8  +26.5  |   +26.5 M3->FP x M2  |   150   265 |   265    82   174 |   565   602
   450  0.5   19 | +336.8 +361.0 +525.3  +71.5 +135.0 +407.8 +135.0 +407.8  +32.7  |   +32.7 M3->FP x M2  |   150   265 |   265    83   174 |   565   628
   450  0.5   20 | +361.5 +388.9 +557.1  +80.8 +138.5 +426.0 +138.5 +426.0  +39.0  |   +39.0 M3->FP x M2  |   150   265 |   265    82   174 |   565   654
   450  0.5   17 | +253.1 +260.1 +437.9  +38.8 +144.0 +338.0 +144.0 +338.0  +10.3  |   +10.3 M3->FP x M2  |   167   300 |   257    92   194 |   583   556
   450  0.5   18 | +276.4 +286.4 +468.6  +49.5 +146.5 +351.5 +146.5 +351.5  +16.5  |   +16.5 M3->FP x M2  |   167   300 |   257    92   194 |   583   580
   450  0.5   19 | +299.5 +312.5 +499.2  +59.9 +149.3 +366.2 +149.3 +366.2  +22.7  |   +22.7 M3->FP x M2  |   167   300 |   257    92   194 |   583   604
   450  0.5   20 | +322.6 +338.6 +529.6  +70.0 +152.3 +382.0 +152.3 +382.0  +28.9  |   +28.9 M3->FP x M2  |   167   300 |   257    92   194 |   583   628
   450  0.6   18 | +246.3 +245.1 +449.5  +36.3 +162.9 +316.9 +162.9 +316.9   +6.2  |    +6.2 M3->FP x M2  |   184   337 |   250   101   215 |   603   563
   450  0.6   19 | +268.1 +269.7 +479.1  +47.3 +165.2 +329.5 +165.2 +329.5  +12.4  |   +12.4 M3->FP x M2  |   184   337 |   250   101   215 |   603   586
   450  0.6   20 | +289.9 +294.3 +508.4  +58.0 +167.8 +343.4 +167.8 +343.4  +18.7  |   +18.7 M3->FP x M2  |   184   337 |   250   101   215 |   603   608
   450  0.6   20 | +261.8 +254.4 +492.1  +45.3 +184.5 +308.7 +184.5 +308.7   +8.4  |    +8.4 M3->FP x M2  |   201   374 |   245   110   235 |   623   594
   500  0.3   10 | +249.2 +267.8 +348.2  +20.1  +72.9 +445.5  +72.9 +445.5   +7.1  |    +7.1 M3->FP x M2  |   100   166 |   320    55   120 |   566   496
   500  0.3   11 | +286.8 +309.5 +392.5  +30.3  +75.5 +462.5  +75.5 +462.5  +12.8  |   +12.8 M3->FP x M2  |   100   166 |   320    55   120 |   566   532
   500  0.3   12 | +324.3 +351.0 +436.6  +40.0  +78.5 +481.7  +78.5 +481.7  +18.6  |   +18.6 M3->FP x M2  |   100   166 |   320    55   120 |   566   568
   500  0.3   13 | +361.7 +392.5 +480.7  +49.2  +81.9 +502.9  +81.9 +502.9  +24.5  |   +24.5 M3->FP x M2  |   100   166 |   320    55   120 |   566   605
   500  0.3   14 | +399.0 +433.8 +524.6  +57.9  +85.6 +526.0  +85.6 +526.0  +30.4  |   +30.4 M3->FP x M2  |   100   166 |   320    55   120 |   566   642
   500  0.3   15 | +436.1 +475.0 +568.3  +66.1  +89.6 +550.9  +89.6 +550.9  +36.3  |   +36.3 M3->FP x M2  |   100   166 |   320    55   120 |   566   679
   500  0.3   16 | +473.2 +516.0 +611.9  +73.7  +93.8 +577.3  +93.6 +577.3  +42.3  |   +42.3 M3->FP x M2  |   100   166 |   320    55   120 |   566   717
   500  0.3   17 | +510.0 +556.9 +655.2  +80.9  +98.3 +605.2  +97.4 +605.2  +48.3  |   +48.3 M3->FP x M2  |   100   166 |   320    55   120 |   566   755
   500  0.3   18 | +546.8 +597.6 +698.4  +87.6 +103.1 +633.8 +100.9 +634.4  +54.5  |   +54.5 M3->FP x M2  |   100   166 |   320    55   120 |   566   793
   500  0.3   19 | +583.4 +638.2 +741.4  +93.9 +108.1 +660.6 +104.2 +664.9  +60.6  |   +60.6 M3->FP x M2  |   100   166 |   320    55   120 |   566   832
   500  0.3   20 | +619.7 +678.5 +784.1  +99.8 +113.2 +685.2 +107.2 +696.6  +66.9  |   +66.9 M3->FP x M2  |   100   166 |   320    55   120 |   566   871
   500  0.3   12 | +270.2 +288.5 +391.1  +27.1  +90.6 +436.7  +90.6 +436.7   +9.3  |    +9.3 M3->FP x M2  |   116   199 |   300    64   138 |   583   526
   500  0.3   13 | +303.6 +325.6 +431.3  +37.3  +93.3 +453.0  +93.3 +453.0  +15.1  |   +15.1 M3->FP x M2  |   116   199 |   300    64   138 |   583   558
   500  0.3   14 | +336.8 +362.7 +471.4  +47.0  +96.2 +471.1  +96.2 +471.1  +21.0  |   +21.0 M3->FP x M2  |   116   199 |   300    64   138 |   583   591
   500  0.3   15 | +370.0 +399.6 +511.4  +56.3  +99.5 +490.8  +99.5 +490.8  +26.9  |   +26.9 M3->FP x M2  |   116   199 |   300    64   138 |   583   624
   500  0.3   16 | +403.1 +436.4 +551.3  +65.2 +103.1 +512.1 +103.1 +512.1  +32.9  |   +32.9 M3->FP x M2  |   116   199 |   300    64   138 |   583   657
   500  0.3   17 | +436.0 +473.1 +590.9  +73.7 +106.9 +534.8 +106.9 +534.8  +39.0  |   +39.0 M3->FP x M2  |   116   199 |   300    64   138 |   583   690
   500  0.3   18 | +468.8 +509.7 +630.4  +81.7 +111.1 +558.9 +111.1 +558.9  +45.1  |   +45.1 M3->FP x M2  |   116   199 |   300    64   138 |   583   724
   500  0.3   19 | +501.4 +546.0 +669.7  +89.3 +115.4 +584.1 +115.1 +584.1  +51.3  |   +51.3 M3->FP x M2  |   116   199 |   300    64   138 |   583   759
   500  0.3   20 | +533.9 +582.3 +708.8  +96.5 +120.0 +610.5 +118.9 +610.6  +57.6  |   +57.6 M3->FP x M2  |   116   199 |   300    64   138 |   583   793
   500  0.4   13 | +258.7 +271.7 +395.4  +23.8 +107.0 +413.5 +107.0 +413.5   +5.5  |    +5.5 M3->FP x M2  |   133   233 |   286    73   157 |   600   526
   500  0.4   14 | +289.0 +305.5 +432.8  +34.3 +109.4 +427.8 +109.4 +427.8  +11.4  |   +11.4 M3->FP x M2  |   133   233 |   286    73   157 |   600   556
   500  0.4   15 | +319.1 +339.2 +470.1  +44.5 +112.0 +443.6 +112.0 +443.6  +17.3  |   +17.3 M3->FP x M2  |   133   233 |   286    73   157 |   600   585
   500  0.4   16 | +349.2 +372.8 +507.2  +54.4 +114.9 +461.0 +114.9 +461.0  +23.3  |   +23.3 M3->FP x M2  |   133   233 |   286    73   157 |   600   615
   500  0.4   17 | +379.2 +406.2 +544.1  +63.8 +118.2 +479.8 +118.2 +479.8  +29.4  |   +29.4 M3->FP x M2  |   133   233 |   286    73   157 |   600   645
   500  0.4   18 | +409.0 +439.6 +580.9  +72.9 +121.7 +499.9 +121.7 +499.9  +35.5  |   +35.5 M3->FP x M2  |   133   233 |   286    73   157 |   600   675
   500  0.4   19 | +438.8 +472.8 +617.5  +81.6 +125.4 +521.2 +125.4 +521.2  +41.7  |   +41.7 M3->FP x M2  |   133   233 |   286    73   157 |   600   706
   500  0.4   20 | +468.3 +505.9 +654.0  +89.9 +129.5 +543.7 +129.5 +543.7  +48.0  |   +48.0 M3->FP x M2  |   133   233 |   286    73   157 |   600   737
   500  0.5   15 | +278.5 +288.6 +439.1  +31.4 +126.6 +404.6 +126.6 +404.6   +7.5  |    +7.5 M3->FP x M2  |   150   268 |   274    82   176 |   618   557
   500  0.5   16 | +306.2 +319.6 +474.2  +41.9 +129.0 +418.9 +129.0 +418.9  +13.5  |   +13.5 M3->FP x M2  |   150   268 |   274    82   176 |   618   584
   500  0.5   17 | +333.9 +350.5 +509.1  +52.2 +131.6 +434.6 +131.6 +434.6  +19.5  |   +19.5 M3->FP x M2  |   150   268 |   274    82   176 |   618   612
   500  0.5   18 | +361.4 +381.4 +543.9  +62.1 +134.6 +451.5 +134.6 +451.5  +25.7  |   +25.7 M3->FP x M2  |   150   268 |   274    82   176 |   618   640
   500  0.5   19 | +388.9 +412.1 +578.5  +71.7 +137.8 +469.7 +137.8 +469.7  +31.9  |   +31.9 M3->FP x M2  |   150   268 |   274    82   176 |   618   668
   500  0.5   20 | +416.2 +442.6 +612.9  +80.9 +141.2 +489.1 +141.2 +489.1  +38.1  |   +38.1 M3->FP x M2  |   150   268 |   274    82   176 |   618   696
   500  0.5   17 | +296.6 +302.7 +482.3  +39.3 +146.9 +396.0 +146.9 +396.0   +9.5  |    +9.5 M3->FP x M2  |   167   304 |   265    92   196 |   637   588
   500  0.5   18 | +322.4 +331.4 +515.5  +49.9 +149.3 +410.4 +149.3 +410.4  +15.7  |   +15.7 M3->FP x M2  |   167   304 |   265    92   196 |   637   613
   500  0.5   19 | +348.0 +360.1 +548.6  +60.2 +152.0 +426.0 +152.0 +426.0  +21.9  |   +21.9 M3->FP x M2  |   167   304 |   265    92   196 |   637   639
   500  0.5   20 | +373.5 +388.6 +581.5  +70.3 +155.0 +442.8 +155.0 +442.8  +28.1  |   +28.1 M3->FP x M2  |   167   304 |   265    92   196 |   637   665
   500  0.6   18 | +289.5 +287.5 +493.6  +36.9 +165.5 +374.4 +165.5 +374.4   +5.5  |    +5.5 M3->FP x M2  |   184   340 |   258   101   216 |   656   594
   500  0.6   19 | +313.6 +314.4 +525.5  +47.8 +167.7 +387.8 +167.7 +387.8  +11.7  |   +11.7 M3->FP x M2  |   184   340 |   258   101   216 |   656   618
   500  0.6   20 | +337.7 +341.3 +557.2  +58.5 +170.2 +402.4 +170.2 +402.4  +18.0  |   +18.0 M3->FP x M2  |   184   340 |   258   101   216 |   656   642
   500  0.6   20 | +307.0 +298.9 +538.1  +45.9 +186.7 +366.4 +186.7 +366.4   +7.7  |    +7.7 M3->FP x M2  |   201   376 |   252   110   237 |   675   625
   550  0.3   10 | +286.2 +304.0 +385.7  +20.2  +75.5 +502.8  +75.5 +502.8   +6.3  |    +6.3 M3->FP x M2  |   100   169 |   333    55   121 |   619   526
   550  0.3   11 | +327.5 +349.3 +433.8  +30.3  +78.1 +521.3  +78.1 +521.3  +12.1  |   +12.1 M3->FP x M2  |   100   169 |   333    55   121 |   619   565
   550  0.3   12 | +368.8 +394.6 +481.7  +40.0  +81.0 +542.2  +81.0 +542.2  +17.9  |   +17.9 M3->FP x M2  |   100   169 |   333    55   121 |   619   605
   550  0.3   13 | +409.8 +439.7 +529.5  +49.1  +84.3 +565.2  +84.3 +565.2  +23.7  |   +23.7 M3->FP x M2  |   100   169 |   333    55   121 |   619   645
   550  0.3   14 | +450.8 +484.8 +577.1  +57.8  +87.9 +590.2  +87.9 +590.2  +29.6  |   +29.6 M3->FP x M2  |   100   169 |   333    55   121 |   619   685
   550  0.3   15 | +491.6 +529.6 +624.6  +65.9  +91.8 +617.0  +91.8 +617.0  +35.5  |   +35.5 M3->FP x M2  |   100   169 |   333    55   121 |   619   725
   550  0.3   16 | +532.3 +574.3 +671.8  +73.5  +95.9 +645.5  +95.8 +645.5  +41.5  |   +41.5 M3->FP x M2  |   100   169 |   333    55   121 |   619   766
   550  0.3   17 | +572.9 +618.8 +718.9  +80.6 +100.3 +675.5  +99.6 +675.5  +47.6  |   +47.6 M3->FP x M2  |   100   169 |   333    55   121 |   619   807
   550  0.3   18 | +613.2 +663.2 +765.7  +87.3 +105.0 +706.7 +103.1 +707.0  +53.7  |   +53.7 M3->FP x M2  |   100   169 |   333    55   121 |   619   849
   550  0.3   19 | +653.4 +707.3 +812.3  +93.6 +109.9 +736.0 +106.4 +739.8  +59.9  |   +59.9 M3->FP x M2  |   100   169 |   333    55   121 |   619   891
   550  0.3   20 | +693.3 +751.2 +858.7  +99.4 +115.0 +763.0 +109.5 +773.9  +66.1  |   +66.1 M3->FP x M2  |   100   169 |   333    55   121 |   619   933
   550  0.3   12 | +309.8 +327.2 +431.3  +27.3  +93.3 +494.6  +93.3 +494.6   +8.5  |    +8.5 M3->FP x M2  |   116   202 |   312    64   139 |   636   558
   550  0.3   13 | +346.5 +367.6 +474.9  +37.4  +95.9 +512.3  +95.9 +512.3  +14.3  |   +14.3 M3->FP x M2  |   116   202 |   312    64   139 |   636   593
   550  0.3   14 | +383.0 +407.9 +518.3  +47.1  +98.8 +531.8  +98.8 +531.8  +20.2  |   +20.2 M3->FP x M2  |   116   202 |   312    64   139 |   636   628
   550  0.3   15 | +419.4 +448.1 +561.6  +56.4 +102.0 +553.0 +102.0 +553.0  +26.2  |   +26.2 M3->FP x M2  |   116   202 |   312    64   139 |   636   663
   550  0.3   16 | +455.7 +488.2 +604.7  +65.2 +105.4 +575.9 +105.4 +575.9  +32.2  |   +32.2 M3->FP x M2  |   116   202 |   312    64   139 |   636   699
   550  0.3   17 | +491.9 +528.1 +647.7  +73.6 +109.2 +600.3 +109.2 +600.3  +38.2  |   +38.2 M3->FP x M2  |   116   202 |   312    64   139 |   636   735
   550  0.3   18 | +527.9 +567.9 +690.4  +81.6 +113.3 +626.1 +113.3 +626.1  +44.3  |   +44.3 M3->FP x M2  |   116   202 |   312    64   139 |   636   772
   550  0.3   19 | +563.7 +607.5 +732.9  +89.1 +117.5 +653.2 +117.3 +653.2  +50.5  |   +50.5 M3->FP x M2  |   116   202 |   312    64   139 |   636   809
   550  0.3   20 | +599.4 +646.9 +775.2  +96.2 +122.1 +681.6 +121.2 +681.6  +56.8  |   +56.8 M3->FP x M2  |   116   202 |   312    64   139 |   636   846
   550  0.4   14 | +330.9 +346.5 +475.4  +34.6 +112.0 +486.1 +112.0 +486.1  +10.6  |   +10.6 M3->FP x M2  |   133   236 |   296    73   158 |   653   588
   550  0.4   15 | +364.0 +383.1 +515.6  +44.7 +114.6 +503.2 +114.6 +503.2  +16.6  |   +16.6 M3->FP x M2  |   133   236 |   296    73   158 |   653   620
   550  0.4   16 | +397.0 +419.7 +555.7  +54.5 +117.4 +521.8 +117.4 +521.8  +22.6  |   +22.6 M3->FP x M2  |   133   236 |   296    73   158 |   653   652
   550  0.4   17 | +429.9 +456.1 +595.7  +63.9 +120.6 +541.9 +120.6 +541.9  +28.6  |   +28.6 M3->FP x M2  |   133   236 |   296    73   158 |   653   684
   550  0.4   18 | +462.7 +492.3 +635.4  +72.9 +124.0 +563.4 +124.0 +563.4  +34.8  |   +34.8 M3->FP x M2  |   133   236 |   296    73   158 |   653   717
   550  0.4   19 | +495.3 +528.5 +675.0  +81.6 +127.7 +586.2 +127.7 +586.2  +40.9  |   +40.9 M3->FP x M2  |   133   236 |   296    73   158 |   653   750
   550  0.4   20 | +527.8 +564.4 +714.3  +89.8 +131.7 +610.2 +131.7 +610.2  +47.2  |   +47.2 M3->FP x M2  |   133   236 |   296    73   158 |   653   784
   550  0.5   15 | +319.7 +329.1 +481.1  +31.7 +129.1 +462.3 +129.1 +462.3   +6.8  |    +6.8 M3->FP x M2  |   150   271 |   283    83   178 |   671   588
   550  0.5   16 | +350.2 +362.8 +518.9  +42.2 +131.4 +477.6 +131.4 +477.6  +12.8  |   +12.8 M3->FP x M2  |   150   271 |   283    83   178 |   671   617
   550  0.5   17 | +380.6 +396.4 +556.6  +52.4 +134.1 +494.3 +134.1 +494.3  +18.8  |   +18.8 M3->FP x M2  |   150   271 |   283    83   178 |   671   647
   550  0.5   18 | +410.8 +429.9 +594.1  +62.3 +136.9 +512.4 +136.9 +512.4  +25.0  |   +25.0 M3->FP x M2  |   150   271 |   283    83   178 |   671   677
   550  0.5   19 | +440.9 +463.3 +631.4  +71.8 +140.1 +531.8 +140.1 +531.8  +31.2  |   +31.2 M3->FP x M2  |   150   271 |   283    83   178 |   671   707
   550  0.5   20 | +470.9 +496.5 +668.5  +81.0 +143.5 +552.4 +143.5 +552.4  +37.4  |   +37.4 M3->FP x M2  |   150   271 |   283    83   178 |   671   738
   550  0.5   17 | +340.1 +345.4 +526.5  +39.8 +149.2 +454.0 +149.2 +454.0   +8.9  |    +8.9 M3->FP x M2  |   167   306 |   273    92   197 |   689   619
   550  0.5   18 | +368.3 +376.7 +562.3  +50.3 +151.6 +469.4 +151.6 +469.4  +15.0  |   +15.0 M3->FP x M2  |   167   306 |   273    92   197 |   689   647
   550  0.5   19 | +396.5 +407.8 +597.9  +60.5 +154.2 +486.0 +154.2 +486.0  +21.2  |   +21.2 M3->FP x M2  |   167   306 |   273    92   197 |   689   675
   550  0.5   20 | +424.5 +438.8 +633.3  +70.5 +157.1 +503.8 +157.1 +503.8  +27.5  |   +27.5 M3->FP x M2  |   167   306 |   273    92   197 |   689   703
   550  0.6   19 | +359.2 +359.3 +571.7  +48.3 +169.8 +446.2 +169.8 +446.2  +11.1  |   +11.1 M3->FP x M2  |   184   342 |   265   101   217 |   708   650
   550  0.6   20 | +385.6 +388.5 +605.8  +58.9 +172.3 +461.7 +172.3 +461.7  +17.4  |   +17.4 M3->FP x M2  |   184   342 |   265   101   217 |   708   676
   550  0.6   20 | +352.3 +343.6 +584.0  +46.4 +188.5 +424.3 +188.5 +424.3   +7.2  |    +7.2 M3->FP x M2  |   201   378 |   258   110   238 |   727   656
   600  0.3   10 | +323.3 +340.3 +423.2  +20.3  +77.8 +560.1  +77.8 +560.1   +5.7  |    +5.7 M3->FP x M2  |   100   172 |   347    55   122 |   672   557
   600  0.3   11 | +368.3 +389.4 +475.0  +30.4  +80.2 +580.3  +80.2 +580.3  +11.4  |   +11.4 M3->FP x M2  |   100   172 |   347    55   122 |   672   599
   600  0.3   12 | +413.2 +438.3 +526.7  +40.0  +83.1 +602.8  +83.1 +602.8  +17.2  |   +17.2 M3->FP x M2  |   100   172 |   347    55   122 |   672   641
   600  0.3   13 | +458.0 +487.2 +578.2  +49.1  +86.3 +627.6  +86.3 +627.6  +23.1  |   +23.1 M3->FP x M2  |   100   172 |   347    55   122 |   672   684
   600  0.3   14 | +502.7 +535.9 +629.6  +57.7  +89.8 +654.5  +89.8 +654.5  +28.9  |   +28.9 M3->FP x M2  |   100   172 |   347    55   122 |   672   727
   600  0.3   15 | +547.2 +584.4 +680.7  +65.7  +93.6 +683.3  +93.6 +683.3  +34.9  |   +34.9 M3->FP x M2  |   100   172 |   347    55   122 |   672   771
   600  0.3   16 | +591.5 +632.7 +731.7  +73.3  +97.7 +713.8  +97.6 +713.8  +40.9  |   +40.9 M3->FP x M2  |   100   172 |   347    55   122 |   672   815
   600  0.3   17 | +635.7 +680.9 +782.4  +80.4 +102.0 +746.0 +101.4 +746.0  +46.9  |   +46.9 M3->FP x M2  |   100   172 |   347    55   122 |   672   859
   600  0.3   18 | +679.6 +728.9 +832.9  +87.0 +106.6 +779.5 +105.0 +779.7  +53.0  |   +53.0 M3->FP x M2  |   100   172 |   347    55   122 |   672   904
   600  0.3   19 | +723.4 +776.6 +883.1  +93.2 +111.4 +811.5 +108.3 +814.9  +59.2  |   +59.2 M3->FP x M2  |   100   172 |   347    55   122 |   672   949
   600  0.3   20 | +766.9 +824.1 +933.1  +99.0 +116.4 +840.8 +111.4 +851.4  +65.5  |   +65.5 M3->FP x M2  |   100   172 |   347    55   122 |   672   995
   600  0.3   12 | +349.4 +366.0 +471.4  +27.4  +95.5 +552.5  +95.5 +552.5   +7.8  |    +7.8 M3->FP x M2  |   116   204 |   324    64   141 |   688   589
   600  0.3   13 | +389.4 +409.7 +518.3  +37.5  +98.1 +571.6  +98.1 +571.6  +13.7  |   +13.7 M3->FP x M2  |   116   204 |   324    64   141 |   688   627
   600  0.3   14 | +429.2 +453.3 +565.1  +47.1 +100.9 +592.5 +100.9 +592.5  +19.6  |   +19.6 M3->FP x M2  |   116   204 |   324    64   141 |   688   665
   600  0.3   15 | +468.9 +496.8 +611.7  +56.4 +104.0 +615.3 +104.0 +615.3  +25.5  |   +25.5 M3->FP x M2  |   116   204 |   324    64   141 |   688   703
   600  0.3   16 | +508.4 +540.1 +658.1  +65.1 +107.4 +639.8 +107.4 +639.8  +31.5  |   +31.5 M3->FP x M2  |   116   204 |   324    64   141 |   688   741
   600  0.3   17 | +547.8 +583.3 +704.3  +73.5 +111.1 +665.9 +111.1 +665.9  +37.6  |   +37.6 M3->FP x M2  |   116   204 |   324    64   141 |   688   780
   600  0.3   18 | +587.0 +626.3 +750.3  +81.4 +115.1 +693.4 +115.1 +693.4  +43.7  |   +43.7 M3->FP x M2  |   116   204 |   324    64   141 |   688   820
   600  0.3   19 | +626.1 +669.0 +796.0  +88.9 +119.3 +722.4 +119.2 +722.4  +49.9  |   +49.9 M3->FP x M2  |   116   204 |   324    64   141 |   688   859
   600  0.3   20 | +664.9 +711.6 +841.6  +96.0 +123.8 +752.7 +123.1 +752.7  +56.2  |   +56.2 M3->FP x M2  |   116   204 |   324    64   141 |   688   900
   600  0.4   14 | +372.8 +387.6 +517.8  +34.8 +114.2 +544.5 +114.2 +544.5  +10.0  |   +10.0 M3->FP x M2  |   133   238 |   306    73   160 |   705   620
   600  0.4   15 | +408.8 +427.3 +561.1  +44.9 +116.7 +562.8 +116.7 +562.8  +15.9  |   +15.9 M3->FP x M2  |   133   238 |   306    73   160 |   705   654
   600  0.4   16 | +444.8 +466.7 +604.2  +54.6 +119.5 +582.7 +119.5 +582.7  +21.9  |   +21.9 M3->FP x M2  |   133   238 |   306    73   160 |   705   689
   600  0.4   17 | +480.6 +506.1 +647.1  +63.9 +122.6 +604.1 +122.6 +604.1  +28.0  |   +28.0 M3->FP x M2  |   133   238 |   306    73   160 |   705   724
   600  0.4   18 | +516.3 +545.3 +689.8  +72.9 +126.0 +627.0 +126.0 +627.0  +34.1  |   +34.1 M3->FP x M2  |   133   238 |   306    73   160 |   705   759
   600  0.4   19 | +551.8 +584.3 +732.3  +81.5 +129.7 +651.3 +129.7 +651.3  +40.3  |   +40.3 M3->FP x M2  |   133   238 |   306    73   160 |   705   794
   600  0.4   20 | +587.2 +623.1 +774.6  +89.8 +133.5 +676.8 +133.5 +676.8  +46.6  |   +46.6 M3->FP x M2  |   133   238 |   306    73   160 |   705   831
   600  0.5   15 | +361.0 +369.6 +522.9  +32.0 +131.2 +520.0 +131.2 +520.0   +6.2  |    +6.2 M3->FP x M2  |   150   273 |   292    83   179 |   723   619
   600  0.5   16 | +394.2 +406.1 +563.5  +42.5 +133.5 +536.3 +133.5 +536.3  +12.2  |   +12.2 M3->FP x M2  |   150   273 |   292    83   179 |   723   650
   600  0.5   17 | +427.3 +442.4 +603.9  +52.6 +136.1 +554.2 +136.1 +554.2  +18.2  |   +18.2 M3->FP x M2  |   150   273 |   292    83   179 |   723   682
   600  0.5   18 | +460.2 +478.6 +644.2  +62.4 +138.9 +573.4 +138.9 +573.4  +24.4  |   +24.4 M3->FP x M2  |   150   273 |   292    83   179 |   723   714
   600  0.5   19 | +493.0 +514.7 +684.2  +71.9 +142.0 +594.0 +142.0 +594.0  +30.6  |   +30.6 M3->FP x M2  |   150   273 |   292    83   179 |   723   746
   600  0.5   20 | +525.6 +550.6 +724.0  +81.1 +145.4 +615.8 +145.4 +615.8  +36.8  |   +36.8 M3->FP x M2  |   150   273 |   292    83   179 |   723   779
   600  0.5   17 | +383.6 +388.2 +570.6  +40.1 +151.1 +512.2 +151.1 +512.2   +8.3  |    +8.3 M3->FP x M2  |   167   308 |   282    92   199 |   741   651
   600  0.5   18 | +414.3 +422.0 +608.9  +50.6 +153.5 +528.5 +153.5 +528.5  +14.4  |   +14.4 M3->FP x M2  |   167   308 |   282    92   199 |   741   680
   600  0.5   19 | +444.9 +455.6 +647.0  +60.8 +156.1 +546.0 +156.1 +546.0  +20.7  |   +20.7 M3->FP x M2  |   167   308 |   282    92   199 |   741   710
   600  0.5   20 | +475.4 +489.1 +684.9  +70.7 +159.0 +564.9 +159.0 +564.9  +26.9  |   +26.9 M3->FP x M2  |   167   308 |   282    92   199 |   741   740
   600  0.6   19 | +404.7 +404.3 +617.8  +48.6 +171.5 +504.7 +171.5 +504.7  +10.6  |   +10.6 M3->FP x M2  |   184   344 |   273   101   218 |   760   682
   600  0.6   20 | +433.4 +435.8 +654.3  +59.2 +174.0 +521.0 +174.0 +521.0  +16.9  |   +16.9 M3->FP x M2  |   184   344 |   273   101   218 |   760   710
   600  0.6   20 | +397.6 +388.4 +629.9  +46.9 +190.0 +482.3 +190.0 +482.3   +6.8  |    +6.8 M3->FP x M2  |   201   380 |   265   110   238 |   779   687
   650  0.3   10 | +360.4 +376.7 +460.6  +20.4  +79.7 +617.6  +79.7 +617.6   +5.1  |    +5.1 M3->FP x M2  |   100   174 |   361    55   124 |   724   587
   650  0.3   11 | +409.1 +429.5 +516.2  +30.4  +82.1 +639.3  +82.1 +639.3  +10.9  |   +10.9 M3->FP x M2  |   100   174 |   361    55   124 |   724   632
   650  0.3   12 | +457.7 +482.2 +571.6  +40.0  +84.9 +663.5  +84.9 +663.5  +16.7  |   +16.7 M3->FP x M2  |   100   174 |   361    55   124 |   724   678
   650  0.3   13 | +506.2 +534.7 +626.9  +49.0  +88.0 +690.1  +88.0 +690.1  +22.5  |   +22.5 M3->FP x M2  |   100   174 |   361    55   124 |   724   724
   650  0.3   14 | +554.5 +587.1 +681.9  +57.6  +91.4 +718.8  +91.4 +718.8  +28.4  |   +28.4 M3->FP x M2  |   100   174 |   361    55   124 |   724   770
   650  0.3   15 | +602.7 +639.3 +736.8  +65.6  +95.2 +749.6  +95.2 +749.6  +34.3  |   +34.3 M3->FP x M2  |   100   174 |   361    55   124 |   724   817
   650  0.3   16 | +650.7 +691.3 +791.4  +73.2  +99.2 +782.2  +99.2 +782.2  +40.3  |   +40.3 M3->FP x M2  |   100   174 |   361    55   124 |   724   864
   650  0.3   17 | +698.5 +743.1 +845.8  +80.2 +103.5 +816.5 +103.0 +816.5  +46.4  |   +46.4 M3->FP x M2  |   100   174 |   361    55   124 |   724   911
   650  0.3   18 | +746.0 +794.6 +899.9  +86.8 +108.0 +852.5 +106.6 +852.5  +52.5  |   +52.5 M3->FP x M2  |   100   174 |   361    55   124 |   724   959
   650  0.3   19 | +793.4 +846.0 +953.8  +93.0 +112.8 +887.0 +109.9 +890.0  +58.7  |   +58.7 M3->FP x M2  |   100   174 |   361    55   124 |   724  1008
   650  0.3   20 | +840.5 +897.0 +1007.4  +98.7 +117.7 +918.7 +113.1 +929.0  +65.0  |   +65.0 M3->FP x M2  |   100   174 |   361    55   124 |   724  1057
   650  0.3   12 | +389.0 +405.0 +511.4  +27.5  +97.5 +610.5  +97.5 +610.5   +7.3  |    +7.3 M3->FP x M2  |   116   207 |   335    64   142 |   740   621
   650  0.3   13 | +432.2 +452.0 +561.6  +37.6  +99.9 +630.9  +99.9 +630.9  +13.1  |   +13.1 M3->FP x M2  |   116   207 |   335    64   142 |   740   661
   650  0.3   14 | +475.3 +498.9 +611.7  +47.2 +102.7 +653.4 +102.7 +653.4  +19.0  |   +19.0 M3->FP x M2  |   116   207 |   335    64   142 |   740   701
   650  0.3   15 | +518.3 +545.6 +661.6  +56.4 +105.8 +677.7 +105.8 +677.7  +25.0  |   +25.0 M3->FP x M2  |   116   207 |   335    64   142 |   740   742
   650  0.3   16 | +561.1 +592.2 +711.3  +65.1 +109.1 +703.8 +109.1 +703.8  +31.0  |   +31.0 M3->FP x M2  |   116   207 |   335    64   142 |   740   783
   650  0.3   17 | +603.7 +638.6 +760.8  +73.4 +112.8 +731.5 +112.8 +731.5  +37.0  |   +37.0 M3->FP x M2  |   116   207 |   335    64   142 |   740   825
   650  0.3   18 | +646.1 +684.7 +810.0  +81.3 +116.7 +760.8 +116.7 +760.8  +43.1  |   +43.1 M3->FP x M2  |   116   207 |   335    64   142 |   740   867
   650  0.3   19 | +688.4 +730.7 +859.0  +88.8 +120.9 +791.6 +120.8 +791.6  +49.3  |   +49.3 M3->FP x M2  |   116   207 |   335    64   142 |   740   910
   650  0.3   20 | +730.4 +776.5 +907.7  +95.8 +125.3 +823.9 +124.7 +823.9  +55.6  |   +55.6 M3->FP x M2  |   116   207 |   335    64   142 |   740   953
   650  0.4   14 | +414.6 +428.9 +560.2  +34.9 +116.0 +602.9 +116.0 +602.9   +9.5  |    +9.5 M3->FP x M2  |   133   240 |   316    73   161 |   757   652
   650  0.4   15 | +453.7 +471.5 +606.5  +45.0 +118.5 +622.4 +118.5 +622.4  +15.4  |   +15.4 M3->FP x M2  |   133   240 |   316    73   161 |   757   689
   650  0.4   16 | +492.6 +513.9 +652.5  +54.7 +121.3 +643.7 +121.3 +643.7  +21.4  |   +21.4 M3->FP x M2  |   133   240 |   316    73   161 |   757   725
   650  0.4   17 | +531.4 +556.2 +698.4  +64.0 +124.4 +666.5 +124.4 +666.5  +27.5  |   +27.5 M3->FP x M2  |   133   240 |   316    73   161 |   757   763
   650  0.4   18 | +570.0 +598.3 +744.1  +72.9 +127.7 +690.8 +127.7 +690.8  +33.6  |   +33.6 M3->FP x M2  |   133   240 |   316    73   161 |   757   800
   650  0.4   19 | +608.4 +640.2 +789.5  +81.5 +131.3 +716.5 +131.3 +716.5  +39.8  |   +39.8 M3->FP x M2  |   133   240 |   316    73   161 |   757   838
   650  0.4   20 | +646.6 +681.9 +834.7  +89.7 +135.1 +743.6 +135.1 +743.6  +46.1  |   +46.1 M3->FP x M2  |   133   240 |   316    73   161 |   757   877
   650  0.5   15 | +402.3 +410.4 +564.7  +32.3 +133.0 +577.7 +133.0 +577.7   +5.7  |    +5.7 M3->FP x M2  |   150   275 |   302    83   180 |   775   649
   650  0.5   16 | +438.2 +449.5 +608.0  +42.7 +135.3 +595.2 +135.3 +595.2  +11.7  |   +11.7 M3->FP x M2  |   150   275 |   302    83   180 |   775   683
   650  0.5   17 | +474.0 +488.6 +651.2  +52.8 +137.8 +614.1 +137.8 +614.1  +17.7  |   +17.7 M3->FP x M2  |   150   275 |   302    83   180 |   775   717
   650  0.5   18 | +509.6 +527.4 +694.1  +62.6 +140.6 +634.5 +140.6 +634.5  +23.9  |   +23.9 M3->FP x M2  |   150   275 |   302    83   180 |   775   751
   650  0.5   19 | +545.1 +566.2 +736.9  +72.0 +143.7 +656.3 +143.7 +656.3  +30.1  |   +30.1 M3->FP x M2  |   150   275 |   302    83   180 |   775   785
   650  0.5   20 | +580.3 +604.7 +779.4  +81.2 +147.0 +679.4 +147.0 +679.4  +36.3  |   +36.3 M3->FP x M2  |   150   275 |   302    83   180 |   775   820
   650  0.5   17 | +427.1 +431.2 +614.6  +40.4 +152.7 +570.3 +152.7 +570.3   +7.9  |    +7.9 M3->FP x M2  |   167   310 |   290    92   200 |   793   682
   650  0.5   18 | +460.3 +467.5 +655.4  +50.8 +155.1 +587.6 +155.1 +587.6  +14.0  |   +14.0 M3->FP x M2  |   167   310 |   290    92   200 |   793   713
   650  0.5   19 | +493.4 +503.6 +696.0  +61.0 +157.7 +606.2 +157.7 +606.2  +20.2  |   +20.2 M3->FP x M2  |   167   310 |   290    92   200 |   793   745
   650  0.5   20 | +526.3 +539.5 +736.5  +70.9 +160.5 +626.1 +160.5 +626.1  +26.5  |   +26.5 M3->FP x M2  |   167   310 |   290    92   200 |   793   777
   650  0.6   19 | +450.2 +449.3 +663.9  +48.9 +173.0 +563.2 +173.0 +563.2  +10.2  |   +10.2 M3->FP x M2  |   184   345 |   280   101   219 |   811   714
   650  0.6   20 | +481.3 +483.1 +702.6  +59.5 +175.4 +580.4 +175.4 +580.4  +16.5  |   +16.5 M3->FP x M2  |   184   345 |   280   101   219 |   811   744
   650  0.6   20 | +442.9 +433.3 +675.6  +47.2 +191.3 +540.4 +191.3 +540.4   +6.5  |    +6.5 M3->FP x M2  |   201   381 |   272   110   239 |   830   718
   700  0.3   11 | +449.9 +469.7 +557.3  +30.5  +83.7 +698.3  +83.7 +698.3  +10.4  |   +10.4 M3->FP x M2  |   100   175 |   374    55   125 |   776   666
   700  0.3   12 | +502.2 +526.1 +616.5  +40.0  +86.4 +724.2  +86.4 +724.2  +16.2  |   +16.2 M3->FP x M2  |   100   175 |   374    55   125 |   776   714
   700  0.3   13 | +554.4 +582.4 +675.5  +49.0  +89.5 +752.6  +89.5 +752.6  +22.0  |   +22.0 M3->FP x M2  |   100   175 |   374    55   125 |   776   763
   700  0.3   14 | +606.4 +638.4 +734.2  +57.5  +92.9 +783.2  +92.9 +783.2  +27.9  |   +27.9 M3->FP x M2  |   100   175 |   374    55   125 |   776   812
   700  0.3   15 | +658.2 +694.3 +792.8  +65.5  +96.6 +816.0  +96.6 +816.0  +33.9  |   +33.9 M3->FP x M2  |   100   175 |   374    55   125 |   776   862
   700  0.3   16 | +709.9 +749.9 +851.1  +73.0 +100.5 +850.6 +100.5 +850.6  +39.9  |   +39.9 M3->FP x M2  |   100   175 |   374    55   125 |   776   912
   700  0.3   17 | +761.3 +805.4 +909.1  +80.0 +104.8 +887.2 +104.4 +887.2  +45.9  |   +45.9 M3->FP x M2  |   100   175 |   374    55   125 |   776   963
   700  0.3   18 | +812.4 +860.5 +966.9  +86.6 +109.2 +925.4 +108.0 +925.4  +52.0  |   +52.0 M3->FP x M2  |   100   175 |   374    55   125 |   776  1014
   700  0.3   19 | +863.4 +915.4 +1024.4  +92.8 +113.9 +962.6 +111.3 +965.3  +58.2  |   +58.2 M3->FP x M2  |   100   175 |   374    55   125 |   776  1066
   700  0.3   20 | +914.0 +970.1 +1081.5  +98.5 +118.8 +996.6 +114.5 +1006.8  +64.5  |   +64.5 M3->FP x M2  |   100   175 |   374    55   125 |   776  1119
   700  0.3   12 | +428.6 +444.0 +551.4  +27.7  +99.1 +668.5  +99.1 +668.5   +6.8  |    +6.8 M3->FP x M2  |   116   208 |   347    64   143 |   792   652
   700  0.3   13 | +475.1 +494.3 +604.9  +37.6 +101.5 +690.3 +101.5 +690.3  +12.7  |   +12.7 M3->FP x M2  |   116   208 |   347    64   143 |   792   695
   700  0.3   14 | +521.5 +544.5 +658.3  +47.2 +104.2 +714.2 +104.2 +714.2  +18.6  |   +18.6 M3->FP x M2  |   116   208 |   347    64   143 |   792   738
   700  0.3   15 | +567.7 +594.5 +711.5  +56.4 +107.3 +740.1 +107.3 +740.1  +24.5  |   +24.5 M3->FP x M2  |   116   208 |   347    64   143 |   792   781
   700  0.3   16 | +613.7 +644.3 +764.5  +65.1 +110.6 +767.8 +110.6 +767.8  +30.5  |   +30.5 M3->FP x M2  |   116   208 |   347    64   143 |   792   825
   700  0.3   17 | +659.6 +693.9 +817.2  +73.3 +114.2 +797.3 +114.2 +797.3  +36.6  |   +36.6 M3->FP x M2  |   116   208 |   347    64   143 |   792   869
   700  0.3   18 | +705.2 +743.3 +869.7  +81.2 +118.1 +828.4 +118.1 +828.4  +42.7  |   +42.7 M3->FP x M2  |   116   208 |   347    64   143 |   792   914
   700  0.3   19 | +750.7 +792.5 +921.9  +88.6 +122.2 +861.0 +122.1 +861.0  +48.9  |   +48.9 M3->FP x M2  |   116   208 |   347    64   143 |   792   960
   700  0.3   20 | +795.9 +841.4 +973.8  +95.7 +126.6 +895.2 +126.0 +895.2  +55.1  |   +55.1 M3->FP x M2  |   116   208 |   347    64   143 |   792  1006
   700  0.4   14 | +456.5 +470.3 +602.5  +35.1 +117.6 +661.4 +117.6 +661.4   +9.0  |    +9.0 M3->FP x M2  |   133   242 |   327    73   162 |   809   684
   700  0.4   15 | +498.5 +515.8 +651.8  +45.1 +120.1 +682.1 +120.1 +682.1  +14.9  |   +14.9 M3->FP x M2  |   133   242 |   327    73   162 |   809   723
   700  0.4   16 | +540.4 +561.2 +700.8  +54.8 +122.8 +704.7 +122.8 +704.7  +20.9  |   +20.9 M3->FP x M2  |   133   242 |   327    73   162 |   809   762
   700  0.4   17 | +582.1 +606.4 +749.6  +64.0 +125.9 +728.8 +125.9 +728.8  +27.0  |   +27.0 M3->FP x M2  |   133   242 |   327    73   162 |   809   802
   700  0.4   18 | +623.6 +651.4 +798.2  +72.9 +129.2 +754.6 +129.2 +754.6  +33.1  |   +33.1 M3->FP x M2  |   133   242 |   327    73   162 |   809   842
   700  0.4   19 | +664.9 +696.2 +846.6  +81.5 +132.7 +781.8 +132.7 +781.8  +39.3  |   +39.3 M3->FP x M2  |   133   242 |   327    73   162 |   809   882
   700  0.4   20 | +706.0 +740.9 +894.7  +89.6 +136.5 +810.5 +136.5 +810.5  +45.6  |   +45.6 M3->FP x M2  |   133   242 |   327    73   162 |   809   923
   700  0.5   15 | +443.6 +451.1 +606.4  +32.5 +134.5 +635.5 +134.5 +635.5   +5.2  |    +5.2 M3->FP x M2  |   150   276 |   311    83   181 |   826   680
   700  0.5   16 | +482.2 +493.0 +652.5  +42.9 +136.8 +654.0 +136.8 +654.0  +11.2  |   +11.2 M3->FP x M2  |   150   276 |   311    83   181 |   826   716
   700  0.5   17 | +520.7 +534.8 +698.4  +52.9 +139.3 +674.1 +139.3 +674.1  +17.3  |   +17.3 M3->FP x M2  |   150   276 |   311    83   181 |   826   751
   700  0.5   18 | +559.0 +576.3 +744.0  +62.7 +142.1 +695.7 +142.1 +695.7  +23.4  |   +23.4 M3->FP x M2  |   150   276 |   311    83   181 |   826   788
   700  0.5   19 | +597.1 +617.7 +789.4  +72.1 +145.1 +718.7 +145.1 +718.7  +29.6  |   +29.6 M3->FP x M2  |   150   276 |   311    83   181 |   826   825
   700  0.5   20 | +635.1 +658.9 +834.6  +81.2 +148.4 +743.1 +148.4 +743.1  +35.9  |   +35.9 M3->FP x M2  |   150   276 |   311    83   181 |   826   862
   700  0.5   17 | +470.5 +474.2 +658.5  +40.6 +154.1 +628.6 +154.1 +628.6   +7.5  |    +7.5 M3->FP x M2  |   167   311 |   298    92   200 |   844   713
   700  0.5   18 | +506.3 +513.0 +701.8  +51.0 +156.5 +646.8 +156.5 +646.8  +13.6  |   +13.6 M3->FP x M2  |   167   311 |   298    92   200 |   844   747
   700  0.5   19 | +541.9 +551.6 +745.0  +61.2 +159.1 +666.4 +159.1 +666.4  +19.8  |   +19.8 M3->FP x M2  |   167   311 |   298    92   200 |   844   780
   700  0.5   20 | +577.3 +590.0 +787.9  +71.1 +161.9 +687.4 +161.9 +687.4  +26.1  |   +26.1 M3->FP x M2  |   167   311 |   298    92   200 |   844   814
   700  0.6   19 | +495.8 +494.4 +709.8  +49.2 +174.2 +621.8 +174.2 +621.8   +9.9  |    +9.9 M3->FP x M2  |   184   347 |   288   101   220 |   863   746
   700  0.6   20 | +529.1 +530.6 +750.9  +59.7 +176.6 +639.9 +176.6 +639.9  +16.1  |   +16.1 M3->FP x M2  |   184   347 |   288   101   220 |   863   778
   700  0.6   20 | +488.1 +478.2 +721.3  +47.6 +192.4 +598.5 +192.4 +598.5   +6.2  |    +6.2 M3->FP x M2  |   201   382 |   279   110   240 |   881   749
   750  0.3   11 | +490.7 +510.0 +598.4  +30.5  +85.1 +757.4  +85.1 +757.4  +10.0  |   +10.0 M3->FP x M2  |   100   177 |   388    55   125 |   827   699
   750  0.3   12 | +546.7 +570.1 +661.3  +40.0  +87.8 +785.0  +87.8 +785.0  +15.8  |   +15.8 M3->FP x M2  |   100   177 |   388    55   125 |   827   751
   750  0.3   13 | +602.6 +630.1 +724.0  +49.0  +90.8 +815.2  +90.8 +815.2  +21.6  |   +21.6 M3->FP x M2  |   100   177 |   388    55   125 |   827   803
   750  0.3   14 | +658.3 +689.8 +786.5  +57.5  +94.1 +847.7  +94.1 +847.7  +27.5  |   +27.5 M3->FP x M2  |   100   177 |   388    55   125 |   827   855
   750  0.3   15 | +713.8 +749.3 +848.7  +65.4  +97.8 +882.4  +97.8 +882.4  +33.5  |   +33.5 M3->FP x M2  |   100   177 |   388    55   125 |   827   908
   750  0.3   16 | +769.0 +808.6 +910.7  +72.9 +101.7 +919.2 +101.7 +919.2  +39.5  |   +39.5 M3->FP x M2  |   100   177 |   388    55   125 |   827   961
   750  0.3   17 | +824.1 +867.7 +972.4  +79.9 +105.9 +957.9 +105.5 +957.9  +45.5  |   +45.5 M3->FP x M2  |   100   177 |   388    55   125 |   827  1015
   750  0.3   18 | +878.9 +926.5 +1033.8  +86.4 +110.3 +998.4 +109.2 +998.4  +51.6  |   +51.6 M3->FP x M2  |   100   177 |   388    55   125 |   827  1069
   750  0.3   19 | +933.4 +985.0 +1094.9  +92.6 +114.9 +1038.1 +112.5 +1040.6  +57.8  |   +57.8 M3->FP x M2  |   100   177 |   388    55   125 |   827  1124
   750  0.3   20 | +987.6 +1043.2 +1155.6  +98.3 +119.8 +1074.6 +115.7 +1084.5  +64.1  |   +64.1 M3->FP x M2  |   100   177 |   388    55   125 |   827  1180
   750  0.3   12 | +468.2 +483.1 +591.3  +27.7 +100.5 +726.6 +100.5 +726.6   +6.4  |    +6.4 M3->FP x M2  |   116   210 |   359    64   144 |   843   683
   750  0.3   13 | +518.0 +536.7 +648.2  +37.7 +102.9 +749.8 +102.9 +749.8  +12.3  |   +12.3 M3->FP x M2  |   116   210 |   359    64   144 |   843   728
   750  0.3   14 | +567.7 +590.2 +704.8  +47.2 +105.6 +775.1 +105.6 +775.1  +18.2  |   +18.2 M3->FP x M2  |   116   210 |   359    64   144 |   843   774
   750  0.3   15 | +617.1 +643.4 +761.3  +56.4 +108.6 +802.6 +108.6 +802.6  +24.1  |   +24.1 M3->FP x M2  |   116   210 |   359    64   144 |   843   820
   750  0.3   16 | +666.4 +696.5 +817.6  +65.0 +111.9 +831.9 +111.9 +831.9  +30.1  |   +30.1 M3->FP x M2  |   116   210 |   359    64   144 |   843   867
   750  0.3   17 | +715.5 +749.3 +873.5  +73.3 +115.5 +863.0 +115.5 +863.0  +36.2  |   +36.2 M3->FP x M2  |   116   210 |   359    64   144 |   843   914
   750  0.3   18 | +764.4 +802.0 +929.3  +81.1 +119.3 +895.9 +119.3 +895.9  +42.3  |   +42.3 M3->FP x M2  |   116   210 |   359    64   144 |   843   962
   750  0.3   19 | +813.0 +854.3 +984.7  +88.5 +123.4 +930.5 +123.3 +930.5  +48.5  |   +48.5 M3->FP x M2  |   116   210 |   359    64   144 |   843  1010
   750  0.3   20 | +861.4 +906.5 +1039.8  +95.5 +127.7 +966.6 +127.2 +966.6  +54.7  |   +54.7 M3->FP x M2  |   116   210 |   359    64   144 |   843  1058
   750  0.4   14 | +498.4 +511.7 +644.8  +35.2 +119.0 +719.9 +119.0 +719.9   +8.6  |    +8.6 M3->FP x M2  |   133   244 |   337    73   163 |   860   716
   750  0.4   15 | +543.4 +560.2 +697.0  +45.2 +121.4 +741.9 +121.4 +741.9  +14.5  |   +14.5 M3->FP x M2  |   133   244 |   337    73   163 |   860   757
   750  0.4   16 | +588.2 +608.5 +749.0  +54.8 +124.2 +765.7 +124.2 +765.7  +20.5  |   +20.5 M3->FP x M2  |   133   244 |   337    73   163 |   860   799
   750  0.4   17 | +632.8 +656.7 +800.8  +64.1 +127.2 +791.2 +127.2 +791.2  +26.6  |   +26.6 M3->FP x M2  |   133   244 |   337    73   163 |   860   841
   750  0.4   18 | +677.2 +704.6 +852.3  +72.9 +130.4 +818.4 +130.4 +818.4  +32.7  |   +32.7 M3->FP x M2  |   133   244 |   337    73   163 |   860   883
   750  0.4   19 | +721.5 +752.3 +903.6  +81.4 +133.9 +847.2 +133.9 +847.2  +38.9  |   +38.9 M3->FP x M2  |   133   244 |   337    73   163 |   860   926
   750  0.4   20 | +765.5 +799.8 +954.6  +89.6 +137.7 +877.4 +137.7 +877.4  +45.2  |   +45.2 M3->FP x M2  |   133   244 |   337    73   163 |   860   970
   750  0.5   16 | +526.2 +536.6 +696.9  +43.0 +138.1 +712.9 +138.1 +712.9  +10.9  |   +10.9 M3->FP x M2  |   150   278 |   320    83   182 |   878   748
   750  0.5   17 | +567.4 +581.0 +745.5  +53.0 +140.6 +734.1 +140.6 +734.1  +16.9  |   +16.9 M3->FP x M2  |   150   278 |   320    83   182 |   878   786
   750  0.5   18 | +608.4 +625.3 +793.8  +62.8 +143.3 +756.9 +143.3 +756.9  +23.1  |   +23.1 M3->FP x M2  |   150   278 |   320    83   182 |   878   825
   750  0.5   19 | +649.2 +669.3 +841.9  +72.2 +146.3 +781.1 +146.3 +781.1  +29.3  |   +29.3 M3->FP x M2  |   150   278 |   320    82   182 |   878   864
   750  0.5   20 | +689.8 +713.2 +889.8  +81.2 +149.6 +806.8 +149.6 +806.8  +35.5  |   +35.5 M3->FP x M2  |   150   278 |   320    83   182 |   878   903
   750  0.5   17 | +514.0 +517.3 +702.3  +40.8 +155.4 +686.8 +155.4 +686.8   +7.1  |    +7.1 M3->FP x M2  |   167   313 |   306    92   201 |   896   745
   750  0.5   18 | +552.3 +558.6 +748.2  +51.2 +157.7 +706.0 +157.7 +706.0  +13.2  |   +13.2 M3->FP x M2  |   167   313 |   306    92   201 |   896   780
   750  0.5   19 | +590.3 +599.7 +793.9  +61.3 +160.2 +726.7 +160.2 +726.7  +19.4  |   +19.4 M3->FP x M2  |   167   313 |   306    92   201 |   896   815
   750  0.5   20 | +628.2 +640.6 +839.3  +71.2 +163.0 +748.7 +163.0 +748.7  +25.7  |   +25.7 M3->FP x M2  |   167   313 |   306    92   201 |   896   852
   750  0.6   19 | +541.3 +539.6 +755.7  +49.4 +175.3 +680.4 +175.3 +680.4   +9.6  |    +9.6 M3->FP x M2  |   184   348 |   295   101   221 |   914   778
   750  0.6   20 | +576.9 +578.1 +799.2  +59.9 +177.7 +699.5 +177.7 +699.5  +15.8  |   +15.8 M3->FP x M2  |   184   348 |   295   101   221 |   914   811
   750  0.6   20 | +533.4 +523.2 +766.9  +47.8 +193.3 +656.6 +193.3 +656.6   +5.9  |    +5.9 M3->FP x M2  |   201   383 |   286   110   240 |   932   780
   800  0.3   11 | +531.5 +550.4 +639.4  +30.5  +86.3 +816.5  +86.3 +816.5   +9.7  |    +9.7 M3->FP x M2  |   100   178 |   402    55   126 |   879   732
   800  0.3   12 | +591.2 +614.2 +706.1  +40.0  +88.9 +845.8  +88.9 +845.8  +15.4  |   +15.4 M3->FP x M2  |   100   178 |   402    55   126 |   879   787
   800  0.3   13 | +650.8 +677.8 +772.5  +49.0  +91.9 +877.7  +91.9 +877.7  +21.3  |   +21.3 M3->FP x M2  |   100   178 |   402    55   126 |   879   842
   800  0.3   14 | +710.1 +741.3 +838.6  +57.4  +95.2 +912.2  +95.2 +912.2  +27.2  |   +27.2 M3->FP x M2  |   100   178 |   402    55   126 |   879   897
   800  0.3   15 | +769.3 +804.5 +904.6  +65.3  +98.8 +948.9  +98.8 +948.9  +33.1  |   +33.1 M3->FP x M2  |   100   178 |   402    55   126 |   879   953
   800  0.3   16 | +828.2 +867.4 +970.2  +72.8 +102.7 +987.7 +102.7 +987.7  +39.1  |   +39.1 M3->FP x M2  |   100   178 |   402    55   126 |   879  1010
   800  0.3   17 | +886.9 +930.1 +1035.6  +79.8 +106.8 +1028.6 +106.6 +1028.6  +45.2  |   +45.2 M3->FP x M2  |   100   178 |   402    55   126 |   879  1067
   800  0.3   18 | +945.3 +992.5 +1100.6  +86.3 +111.2 +1071.4 +110.2 +1071.4  +51.3  |   +51.3 M3->FP x M2  |   100   178 |   402    55   126 |   879  1124
   800  0.3   19 | +1003.4 +1054.6 +1165.3  +92.4 +115.8 +1113.7 +113.6 +1116.0  +57.5  |   +57.5 M3->FP x M2  |   100   178 |   402    55   126 |   879  1183
   800  0.3   20 | +1061.2 +1116.4 +1229.6  +98.1 +120.7 +1152.6 +116.7 +1162.4  +63.7  |   +63.7 M3->FP x M2  |   100   178 |   402    55   126 |   879  1242
   800  0.3   12 | +507.8 +522.3 +631.2  +27.8 +101.8 +784.6 +101.8 +784.6   +6.1  |    +6.1 M3->FP x M2  |   116   211 |   370    64   145 |   895   714
   800  0.3   13 | +560.9 +579.2 +691.4  +37.8 +104.1 +809.2 +104.1 +809.2  +11.9  |   +11.9 M3->FP x M2  |   116   211 |   370    64   145 |   895   762
   800  0.3   14 | +613.8 +635.9 +751.3  +47.3 +106.8 +836.1 +106.8 +836.1  +17.8  |   +17.8 M3->FP x M2  |   116   211 |   370    64   145 |   895   811
   800  0.3   15 | +666.6 +692.4 +811.1  +56.4 +109.8 +865.0 +109.8 +865.0  +23.7  |   +23.7 M3->FP x M2  |   116   211 |   370    64   145 |   895   859
   800  0.3   16 | +719.1 +748.8 +870.6  +65.0 +113.0 +896.0 +113.0 +896.0  +29.7  |   +29.7 M3->FP x M2  |   116   211 |   370    64   145 |   895   909
   800  0.3   17 | +771.4 +804.8 +929.8  +73.2 +116.5 +928.9 +116.5 +928.9  +35.8  |   +35.8 M3->FP x M2  |   116   211 |   370    64   145 |   895   958
   800  0.3   18 | +823.5 +860.7 +988.8  +81.0 +120.3 +963.6 +120.3 +963.6  +41.9  |   +41.9 M3->FP x M2  |   116   211 |   370    64   145 |   895  1009
   800  0.3   19 | +875.3 +916.3 +1047.5  +88.4 +124.4 +1000.0 +124.4 +1000.0  +48.1  |   +48.1 M3->FP x M2  |   116   211 |   370    64   145 |   895  1060
   800  0.3   20 | +926.9 +971.5 +1105.8  +95.4 +128.7 +1038.0 +128.3 +1038.0  +54.4  |   +54.4 M3->FP x M2  |   116   211 |   370    64   145 |   895  1111
   800  0.4   14 | +540.3 +553.2 +687.0  +35.3 +120.2 +778.4 +120.2 +778.4   +8.3  |    +8.3 M3->FP x M2  |   133   245 |   347    73   163 |   912   748
   800  0.4   15 | +588.2 +604.6 +742.2  +45.3 +122.6 +801.7 +122.6 +801.7  +14.2  |   +14.2 M3->FP x M2  |   133   245 |   347    73   163 |   912   791
   800  0.4   16 | +636.0 +655.9 +797.2  +54.9 +125.3 +826.8 +125.3 +826.8  +20.2  |   +20.2 M3->FP x M2  |   133   245 |   347    73   163 |   912   835
   800  0.4   17 | +683.5 +707.0 +851.9  +64.1 +128.3 +853.7 +128.3 +853.7  +26.3  |   +26.3 M3->FP x M2  |   133   245 |   347    73   163 |   912   880
   800  0.4   18 | +730.9 +757.8 +906.4  +72.9 +131.5 +882.3 +131.5 +882.3  +32.4  |   +32.4 M3->FP x M2  |   133   245 |   347    73   163 |   912   925
   800  0.4   19 | +778.0 +808.5 +960.6  +81.4 +135.0 +912.6 +135.0 +912.6  +38.6  |   +38.6 M3->FP x M2  |   133   245 |   347    73   163 |   912   970
   800  0.4   20 | +824.9 +858.9 +1014.5  +89.5 +138.8 +944.4 +138.8 +944.4  +44.9  |   +44.9 M3->FP x M2  |   133   245 |   347    73   163 |   912  1016
   800  0.5   16 | +570.2 +580.2 +741.2  +43.1 +139.2 +771.9 +139.2 +771.9  +10.5  |   +10.5 M3->FP x M2  |   150   279 |   329    82   182 |   929   781
   800  0.5   17 | +614.1 +627.3 +792.5  +53.2 +141.7 +794.2 +141.7 +794.2  +16.6  |   +16.6 M3->FP x M2  |   150   279 |   329    83   182 |   929   821
   800  0.5   18 | +657.7 +674.3 +843.6  +62.8 +144.4 +818.1 +144.4 +818.1  +22.7  |   +22.7 M3->FP x M2  |   150   279 |   329    83   182 |   929   861
   800  0.5   19 | +701.2 +721.0 +894.4  +72.2 +147.4 +843.6 +147.4 +843.6  +28.9  |   +28.9 M3->FP x M2  |   150   279 |   329    83   182 |   929   902
   800  0.5   20 | +744.5 +767.5 +944.9  +81.3 +150.7 +870.6 +150.7 +870.6  +35.2  |   +35.2 M3->FP x M2  |   150   279 |   329    82   182 |   929   944
   800  0.5   17 | +557.5 +560.4 +746.2  +41.0 +156.4 +745.1 +156.4 +745.1   +6.8  |    +6.8 M3->FP x M2  |   167   314 |   314    92   202 |   947   776
   800  0.5   18 | +598.2 +604.2 +794.6  +51.4 +158.7 +765.3 +158.7 +765.3  +12.9  |   +12.9 M3->FP x M2  |   167   314 |   314    92   202 |   947   813
   800  0.5   19 | +638.8 +647.8 +842.7  +61.5 +161.3 +787.0 +161.3 +787.0  +19.1  |   +19.1 M3->FP x M2  |   167   314 |   314    92   202 |   947   851
   800  0.5   20 | +679.1 +691.2 +890.6  +71.3 +164.1 +810.1 +164.1 +810.1  +25.4  |   +25.4 M3->FP x M2  |   167   314 |   314    92   202 |   947   889
   800  0.6   19 | +586.8 +584.8 +801.6  +49.6 +176.3 +739.1 +176.3 +739.1   +9.3  |    +9.3 M3->FP x M2  |   184   349 |   302   101   221 |   965   810
   800  0.6   20 | +624.8 +625.6 +847.4  +60.1 +178.6 +759.0 +178.6 +759.0  +15.6  |   +15.6 M3->FP x M2  |   184   349 |   302   101   221 |   965   845
   800  0.6   20 | +578.7 +568.2 +812.4  +48.1 +194.1 +714.8 +194.1 +714.8   +5.7  |    +5.7 M3->FP x M2  |   201   384 |   292   110   241 |   983   811
   850  0.3   11 | +572.3 +590.8 +680.4  +30.6  +87.4 +875.7  +87.4 +875.7   +9.3  |    +9.3 M3->FP x M2  |   100   179 |   415    55   127 |   930   765
   850  0.3   12 | +635.7 +658.3 +750.8  +40.0  +90.0 +906.6  +90.0 +906.6  +15.1  |   +15.1 M3->FP x M2  |   100   179 |   415    55   127 |   930   823
   850  0.3   13 | +699.0 +725.7 +820.9  +48.9  +92.9 +940.4  +92.9 +940.4  +21.0  |   +21.0 M3->FP x M2  |   100   179 |   415    55   127 |   930   881
   850  0.3   14 | +762.0 +792.8 +890.8  +57.3  +96.2 +976.7  +96.2 +976.7  +26.9  |   +26.9 M3->FP x M2  |   100   179 |   415    55   127 |   930   940
   850  0.3   15 | +824.8 +859.6 +960.4  +65.3  +99.8 +1015.4  +99.8 +1015.4  +32.8  |   +32.8 M3->FP x M2  |   100   179 |   415    55   127 |   930   999
   850  0.3   16 | +887.4 +926.2 +1029.7  +72.7 +103.6 +1056.3 +103.6 +1056.3  +38.8  |   +38.8 M3->FP x M2  |   100   179 |   415    55   127 |   930  1058
   850  0.3   17 | +949.7 +992.5 +1098.7  +79.7 +107.7 +1099.4 +107.5 +1099.4  +44.9  |   +44.9 M3->FP x M2  |   100   179 |   415    55   127 |   930  1118
   850  0.3   18 | +1011.7 +1058.5 +1167.4  +86.2 +112.1 +1144.4 +111.1 +1144.4  +51.0  |   +51.0 M3->FP x M2  |   100   179 |   415    55   127 |   930  1179
   850  0.3   19 | +1073.4 +1124.2 +1235.7  +92.3 +116.6 +1189.3 +114.5 +1191.4  +57.2  |   +57.2 M3->FP x M2  |   100   179 |   415    55   127 |   930  1241
   850  0.3   20 | +1134.7 +1189.6 +1303.6  +98.0 +121.4 +1230.6 +117.7 +1240.3  +63.4  |   +63.4 M3->FP x M2  |   100   179 |   415    55   127 |   930  1303
   850  0.3   12 | +547.4 +561.6 +671.0  +27.9 +102.9 +842.8 +102.9 +842.8   +5.8  |    +5.8 M3->FP x M2  |   116   212 |   382    64   145 |   946   745
   850  0.3   13 | +603.8 +621.7 +734.5  +37.8 +105.2 +868.7 +105.2 +868.7  +11.6  |   +11.6 M3->FP x M2  |   116   212 |   382    64   145 |   946   796
   850  0.3   14 | +660.0 +681.7 +797.8  +47.3 +107.9 +897.1 +107.9 +897.1  +17.5  |   +17.5 M3->FP x M2  |   116   212 |   382    64   145 |   946   847
   850  0.3   15 | +716.0 +741.5 +860.8  +56.4 +110.8 +927.6 +110.8 +927.6  +23.4  |   +23.4 M3->FP x M2  |   116   212 |   382    64   145 |   946   898
   850  0.3   16 | +771.8 +801.1 +923.6  +65.0 +114.0 +960.2 +114.0 +960.2  +29.4  |   +29.4 M3->FP x M2  |   116   212 |   382    64   145 |   946   950
   850  0.3   17 | +827.3 +860.4 +986.1  +73.2 +117.5 +994.7 +117.5 +994.7  +35.5  |   +35.5 M3->FP x M2  |   116   212 |   382    64   145 |   946  1003
   850  0.3   18 | +882.6 +919.4 +1048.3  +81.0 +121.3 +1031.2 +121.3 +1031.2  +41.6  |   +41.6 M3->FP x M2  |   116   212 |   382    64   145 |   946  1056
   850  0.3   19 | +937.6 +978.2 +1110.1  +88.3 +125.3 +1069.5 +125.3 +1069.5  +47.8  |   +47.8 M3->FP x M2  |   116   212 |   382    64   145 |   946  1110
   850  0.3   20 | +992.3 +1036.7 +1171.7  +95.3 +129.5 +1109.5 +129.2 +1109.5  +54.1  |   +54.1 M3->FP x M2  |   116   212 |   382    64   145 |   946  1164
   850  0.4   14 | +582.2 +594.7 +729.1  +35.4 +121.3 +837.0 +121.3 +837.0   +7.9  |    +7.9 M3->FP x M2  |   133   246 |   357    73   164 |   963   780
   850  0.4   15 | +633.1 +649.1 +787.3  +45.3 +123.7 +861.5 +123.7 +861.5  +13.9  |   +13.9 M3->FP x M2  |   133   246 |   357    73   164 |   963   826
   850  0.4   16 | +683.8 +703.3 +845.3  +54.9 +126.4 +887.9 +126.4 +887.9  +19.9  |   +19.9 M3->FP x M2  |   133   246 |   357    73   164 |   963   872
   850  0.4   17 | +734.3 +757.4 +903.0  +64.1 +129.3 +916.2 +129.3 +916.2  +26.0  |   +26.0 M3->FP x M2  |   133   246 |   357    73   164 |   963   919
   850  0.4   18 | +784.5 +811.1 +960.4  +72.9 +132.5 +946.3 +132.5 +946.3  +32.1  |   +32.1 M3->FP x M2  |   133   246 |   357    73   164 |   963   966
   850  0.4   19 | +834.5 +864.7 +1017.5  +81.4 +136.0 +978.0 +136.0 +978.0  +38.3  |   +38.3 M3->FP x M2  |   133   246 |   357    73   164 |   963  1014
   850  0.4   20 | +884.3 +917.9 +1074.3  +89.5 +139.7 +1011.4 +139.7 +1011.4  +44.6  |   +44.6 M3->FP x M2  |   133   246 |   357    73   164 |   963  1062
   850  0.5   16 | +614.2 +623.9 +785.5  +43.3 +140.2 +830.8 +140.2 +830.8  +10.2  |   +10.2 M3->FP x M2  |   150   280 |   338    83   183 |   980   813
   850  0.5   17 | +660.8 +673.7 +839.5  +53.2 +142.7 +854.3 +142.7 +854.3  +16.3  |   +16.3 M3->FP x M2  |   150   280 |   338    82   183 |   980   855
   850  0.5   18 | +707.1 +723.3 +893.3  +62.9 +145.4 +879.4 +145.4 +879.4  +22.4  |   +22.4 M3->FP x M2  |   150   280 |   338    82   183 |   980   898
   850  0.5   19 | +753.3 +772.7 +946.8  +72.3 +148.4 +906.1 +148.4 +906.1  +28.6  |   +28.6 M3->FP x M2  |   150   280 |   338    82   183 |   980   941
   850  0.5   20 | +799.2 +821.9 +1000.0  +81.3 +151.6 +934.4 +151.6 +934.4  +34.9  |   +34.9 M3->FP x M2  |   150   280 |   338    83   183 |   980   985
   850  0.5   17 | +601.0 +603.6 +789.9  +41.2 +157.4 +803.4 +157.4 +803.4   +6.5  |    +6.5 M3->FP x M2  |   167   315 |   323    92   202 |   998   807
   850  0.5   18 | +644.2 +649.9 +840.8  +51.5 +159.7 +824.6 +159.7 +824.6  +12.7  |   +12.7 M3->FP x M2  |   167   315 |   323    92   202 |   998   846
   850  0.5   19 | +687.3 +695.9 +891.5  +61.6 +162.2 +847.3 +162.2 +847.3  +18.9  |   +18.9 M3->FP x M2  |   167   315 |   323    92   202 |   998   886
   850  0.5   20 | +730.1 +741.8 +941.9  +71.4 +165.0 +871.5 +165.0 +871.5  +25.2  |   +25.2 M3->FP x M2  |   167   315 |   323    92   202 |   998   926
   850  0.6   19 | +632.3 +630.1 +847.4  +49.8 +177.1 +797.8 +177.1 +797.8   +9.1  |    +9.1 M3->FP x M2  |   184   350 |   310   101   222 |  1016   842
   850  0.6   20 | +672.6 +673.2 +895.5  +60.3 +179.5 +818.6 +179.5 +818.6  +15.3  |   +15.3 M3->FP x M2  |   184   350 |   310   101   222 |  1016   879
   850  0.6   20 | +624.0 +613.3 +858.0  +48.3 +194.9 +773.0 +194.9 +773.0   +5.5  |    +5.5 M3->FP x M2  |   201   385 |   299   110   241 |  1034   841
   900  0.3   11 | +613.0 +631.3 +721.4  +30.6  +88.3 +934.8  +88.3 +934.8   +9.1  |    +9.1 M3->FP x M2  |   100   180 |   429    55   127 |   981   799
   900  0.3   12 | +680.2 +702.5 +795.5  +40.0  +90.9 +967.5  +90.9 +967.5  +14.9  |   +14.9 M3->FP x M2  |   100   180 |   429    55   127 |   981   859
   900  0.3   13 | +747.2 +773.5 +869.3  +48.9  +93.8 +1003.0  +93.8 +1003.0  +20.7  |   +20.7 M3->FP x M2  |   100   180 |   429    55   127 |   981   920
   900  0.3   14 | +813.9 +844.3 +942.9  +57.3  +97.1 +1041.2  +97.1 +1041.2  +26.6  |   +26.6 M3->FP x M2  |   100   180 |   429    55   127 |   981   982
   900  0.3   15 | +880.4 +914.8 +1016.2  +65.2 +100.6 +1081.9 +100.6 +1081.9  +32.5  |   +32.5 M3->FP x M2  |   100   180 |   429    55   127 |   981  1044
   900  0.3   16 | +946.6 +985.1 +1089.2  +72.6 +104.4 +1124.9 +104.4 +1124.9  +38.5  |   +38.5 M3->FP x M2  |   100   180 |   429    55   127 |   981  1107
   900  0.3   17 | +1012.5 +1055.0 +1161.8  +79.6 +108.5 +1170.2 +108.3 +1170.2  +44.6  |   +44.6 M3->FP x M2  |   100   180 |   429    55   127 |   981  1170
   900  0.3   18 | +1078.1 +1124.6 +1234.1  +86.1 +112.8 +1217.5 +111.9 +1217.5  +50.7  |   +50.7 M3->FP x M2  |   100   180 |   429    55   127 |   981  1234
   900  0.3   19 | +1143.4 +1193.9 +1306.0  +92.1 +117.4 +1265.0 +115.3 +1266.9  +56.9  |   +56.9 M3->FP x M2  |   100   180 |   429    55   127 |   981  1299
   900  0.3   20 | +1208.3 +1262.8 +1377.5  +97.8 +122.1 +1308.7 +118.5 +1318.2  +63.2  |   +63.2 M3->FP x M2  |   100   180 |   429    55   127 |   981  1365
   900  0.3   12 | +587.0 +600.8 +710.8  +28.0 +103.9 +900.9 +103.9 +900.9   +5.5  |    +5.5 M3->FP x M2  |   116   213 |   394    64   146 |   997   776
   900  0.3   13 | +646.7 +664.3 +777.6  +37.8 +106.2 +928.3 +106.2 +928.3  +11.3  |   +11.3 M3->FP x M2  |   116   213 |   394    64   146 |   997   829
   900  0.3   14 | +706.2 +727.6 +844.2  +47.3 +108.8 +958.0 +108.8 +958.0  +17.2  |   +17.2 M3->FP x M2  |   116   213 |   394    64   146 |   997   883
   900  0.3   15 | +765.4 +790.6 +910.5  +56.4 +111.7 +990.1 +111.7 +990.1  +23.1  |   +23.1 M3->FP x M2  |   116   213 |   394    64   146 |   997   937
   900  0.3   16 | +824.4 +853.4 +976.6  +65.0 +114.9 +1024.3 +114.9 +1024.3  +29.1  |   +29.1 M3->FP x M2  |   116   213 |   394    64   146 |   997   992
   900  0.3   17 | +883.2 +916.0 +1042.3  +73.1 +118.4 +1060.6 +118.4 +1060.6  +35.2  |   +35.2 M3->FP x M2  |   116   213 |   394    64   146 |   997  1047
   900  0.3   18 | +941.7 +978.2 +1107.7  +80.9 +122.1 +1098.9 +122.1 +1098.9  +41.3  |   +41.3 M3->FP x M2  |   116   213 |   394    64   146 |   997  1103
   900  0.3   19 | +999.9 +1040.2 +1172.8  +88.2 +126.1 +1139.1 +126.1 +1139.1  +47.5  |   +47.5 M3->FP x M2  |   116   213 |   394    64   146 |   997  1160
   900  0.3   20 | +1057.8 +1101.9 +1237.5  +95.2 +130.3 +1181.1 +130.0 +1181.1  +53.8  |   +53.8 M3->FP x M2  |   116   213 |   394    64   146 |   997  1217
   900  0.4   14 | +624.1 +636.3 +771.3  +35.5 +122.3 +895.6 +122.3 +895.6   +7.7  |    +7.7 M3->FP x M2  |   133   247 |   368    73   165 |  1014   812
   900  0.4   15 | +677.9 +693.7 +832.4  +45.4 +124.6 +921.3 +124.6 +921.3  +13.6  |   +13.6 M3->FP x M2  |   133   247 |   368    73   165 |  1014   860
   900  0.4   16 | +731.6 +750.8 +893.4  +55.0 +127.3 +949.1 +127.3 +949.1  +19.6  |   +19.6 M3->FP x M2  |   133   247 |   368    73   165 |  1014   908
   900  0.4   17 | +785.0 +807.8 +954.0  +64.1 +130.2 +978.7 +130.2 +978.7  +25.7  |   +25.7 M3->FP x M2  |   133   247 |   368    73   165 |  1014   958
   900  0.4   18 | +838.2 +864.5 +1014.3  +72.9 +133.4 +1010.2 +133.4 +1010.2  +31.8  |   +31.8 M3->FP x M2  |   133   247 |   368    73   165 |  1014  1007
   900  0.4   19 | +891.1 +920.9 +1074.4  +81.4 +136.8 +1043.5 +136.8 +1043.5  +38.0  |   +38.0 M3->FP x M2  |   133   247 |   368    73   165 |  1014  1057
   900  0.4   20 | +943.7 +977.0 +1134.1  +89.4 +140.5 +1078.5 +140.5 +1078.5  +44.3  |   +44.3 M3->FP x M2  |   133   247 |   368    73   165 |  1014  1108
   900  0.5   16 | +658.2 +667.6 +829.8  +43.4 +141.1 +889.8 +141.1 +889.8  +10.0  |   +10.0 M3->FP x M2  |   150   281 |   347    83   184 |  1031   846
   900  0.5   17 | +707.5 +720.1 +886.5  +53.3 +143.6 +914.4 +143.6 +914.4  +16.0  |   +16.0 M3->FP x M2  |   150   281 |   347    82   184 |  1031   890
   900  0.5   18 | +756.5 +772.4 +943.0  +63.0 +146.3 +940.7 +146.3 +940.7  +22.2  |   +22.2 M3->FP x M2  |   150   281 |   347    83   184 |  1031   935
   900  0.5   19 | +805.3 +824.5 +999.2  +72.3 +149.2 +968.6 +149.2 +968.6  +28.4  |   +28.4 M3->FP x M2  |   150   281 |   347    82   184 |  1031   980
   900  0.5   20 | +853.9 +876.3 +1055.1  +81.3 +152.4 +998.2 +152.4 +998.2  +34.7  |   +34.7 M3->FP x M2  |   150   281 |   347    83   184 |  1031  1026
   900  0.5   17 | +644.5 +646.8 +833.7  +41.3 +158.2 +861.7 +158.2 +861.7   +6.3  |    +6.3 M3->FP x M2  |   167   316 |   331    92   203 |  1049   838
   900  0.5   18 | +690.2 +695.6 +887.1  +51.6 +160.5 +883.9 +160.5 +883.9  +12.4  |   +12.4 M3->FP x M2  |   167   316 |   331    92   203 |  1049   879
   900  0.5   19 | +735.7 +744.1 +940.3  +61.7 +163.0 +907.7 +163.0 +907.7  +18.6  |   +18.6 M3->FP x M2  |   167   316 |   331    92   203 |  1049   921
   900  0.5   20 | +781.0 +792.4 +993.1  +71.5 +165.8 +933.0 +165.8 +933.0  +24.9  |   +24.9 M3->FP x M2  |   167   316 |   331    92   203 |  1049   963
   900  0.6   19 | +677.9 +675.4 +893.2  +50.0 +177.8 +856.5 +177.8 +856.5   +8.8  |    +8.8 M3->FP x M2  |   184   351 |   317   101   222 |  1067   874
   900  0.6   20 | +720.5 +720.8 +943.6  +60.4 +180.2 +878.3 +180.2 +878.3  +15.1  |   +15.1 M3->FP x M2  |   184   351 |   317   101   222 |  1067   912
   900  0.6   20 | +669.2 +658.3 +903.5  +48.4 +195.5 +831.2 +195.5 +831.2   +5.3  |    +5.3 M3->FP x M2  |   201   386 |   306   110   242 |  1085   872
   950  0.3   11 | +653.8 +671.8 +762.4  +30.6  +89.2 +994.0  +89.2 +994.0   +8.8  |    +8.8 M3->FP x M2  |   100   181 |   443    55   128 |  1032   832
   950  0.3   12 | +724.7 +746.7 +840.2  +40.0  +91.7 +1028.3  +91.7 +1028.3  +14.6  |   +14.6 M3->FP x M2  |   100   181 |   443    55   128 |  1032   895
   950  0.3   13 | +795.3 +821.4 +917.7  +48.9  +94.6 +1065.6  +94.6 +1065.6  +20.4  |   +20.4 M3->FP x M2  |   100   181 |   443    55   128 |  1032   960
   950  0.3   14 | +865.7 +895.9 +995.0  +57.3  +97.9 +1105.7  +97.9 +1105.7  +26.3  |   +26.3 M3->FP x M2  |   100   181 |   443    55   128 |  1032  1024
   950  0.3   15 | +935.9 +970.1 +1072.0  +65.1 +101.4 +1148.4 +101.4 +1148.4  +32.3  |   +32.3 M3->FP x M2  |   100   181 |   443    55   128 |  1032  1089
   950  0.3   16 | +1005.7 +1044.0 +1148.6  +72.5 +105.1 +1193.6 +105.1 +1193.6  +38.3  |   +38.3 M3->FP x M2  |   100   181 |   443    55   128 |  1032  1155
   950  0.3   17 | +1075.3 +1117.5 +1224.9  +79.5 +109.2 +1241.0 +109.0 +1241.0  +44.3  |   +44.3 M3->FP x M2  |   100   181 |   443    55   128 |  1032  1222
   950  0.3   18 | +1144.5 +1190.8 +1300.8  +85.9 +113.5 +1290.7 +112.7 +1290.7  +50.4  |   +50.4 M3->FP x M2  |   100   181 |   443    55   128 |  1032  1289
   950  0.3   19 | +1213.4 +1263.6 +1376.3  +92.0 +118.0 +1340.6 +116.1 +1342.4  +56.6  |   +56.6 M3->FP x M2  |   100   181 |   443    55   128 |  1032  1357
   950  0.3   20 | +1281.9 +1336.1 +1451.4  +97.7 +122.8 +1386.8 +119.3 +1396.2  +62.9  |   +62.9 M3->FP x M2  |   100   181 |   443    55   128 |  1032  1426
   950  0.3   12 | +626.6 +640.1 +750.6  +28.0 +104.8 +959.0 +104.8 +959.0   +5.2  |    +5.2 M3->FP x M2  |   117   214 |   406    64   146 |  1048   807
   950  0.3   13 | +689.6 +706.9 +820.7  +37.9 +107.0 +987.8 +107.0 +987.8  +11.1  |   +11.1 M3->FP x M2  |   117   214 |   406    64   146 |  1048   863
   950  0.3   14 | +752.3 +773.4 +890.6  +47.3 +109.6 +1019.0 +109.6 +1019.0  +17.0  |   +17.0 M3->FP x M2  |   117   214 |   406    64   146 |  1048   919
   950  0.3   15 | +814.8 +839.7 +960.2  +56.4 +112.5 +1052.7 +112.5 +1052.7  +22.9  |   +22.9 M3->FP x M2  |   117   214 |   406    64   146 |  1048   976
   950  0.3   16 | +877.1 +905.8 +1029.5  +64.9 +115.7 +1088.5 +115.7 +1088.5  +28.9  |   +28.9 M3->FP x M2  |   117   214 |   406    64   146 |  1048  1034
   950  0.3   17 | +939.1 +971.6 +1098.5  +73.1 +119.2 +1126.6 +119.2 +1126.6  +35.0  |   +35.0 M3->FP x M2  |   117   214 |   406    64   146 |  1048  1092
   950  0.3   18 | +1000.8 +1037.1 +1167.1  +80.8 +122.9 +1166.6 +122.9 +1166.6  +41.1  |   +41.1 M3->FP x M2  |   117   214 |   406    64   146 |  1048  1150
   950  0.3   19 | +1062.2 +1102.2 +1235.4  +88.2 +126.8 +1208.7 +126.8 +1208.7  +47.3  |   +47.3 M3->FP x M2  |   117   214 |   406    64   146 |  1048  1209
   950  0.3   20 | +1123.3 +1167.1 +1303.3  +95.1 +131.0 +1252.6 +130.8 +1252.6  +53.5  |   +53.5 M3->FP x M2  |   117   214 |   406    64   146 |  1048  1269
   950  0.4   14 | +666.0 +677.9 +813.4  +35.6 +123.1 +954.2 +123.1 +954.2   +7.4  |    +7.4 M3->FP x M2  |   133   248 |   378    73   165 |  1065   843
   950  0.4   15 | +722.8 +738.2 +877.5  +45.5 +125.5 +981.2 +125.5 +981.2  +13.4  |   +13.4 M3->FP x M2  |   133   248 |   378    73   165 |  1065   894
   950  0.4   16 | +779.4 +798.3 +941.4  +55.0 +128.1 +1010.2 +128.1 +1010.2  +19.4  |   +19.4 M3->FP x M2  |   133   248 |   378    73   165 |  1065   945
   950  0.4   17 | +835.7 +858.2 +1005.0  +64.2 +131.0 +1041.3 +131.0 +1041.3  +25.4  |   +25.4 M3->FP x M2  |   133   248 |   378    73   165 |  1065   996
   950  0.4   18 | +891.8 +917.8 +1068.3  +72.9 +134.2 +1074.2 +134.2 +1074.2  +31.6  |   +31.6 M3->FP x M2  |   133   248 |   378    73   165 |  1065  1048
   950  0.4   19 | +947.6 +977.2 +1131.2  +81.4 +137.6 +1109.0 +137.6 +1109.0  +37.8  |   +37.8 M3->FP x M2  |   133   248 |   378    73   165 |  1065  1101
   950  0.4   20 | +1003.2 +1036.2 +1193.8  +89.4 +141.3 +1145.6 +141.3 +1145.6  +44.0  |   +44.0 M3->FP x M2  |   133   248 |   378    73   165 |  1065  1154
   950  0.5   16 | +702.2 +711.3 +874.0  +43.4 +142.0 +948.8 +142.0 +948.8   +9.8  |    +9.8 M3->FP x M2  |   150   282 |   356    83   184 |  1082   878
   950  0.5   17 | +754.2 +766.5 +933.5  +53.4 +144.4 +974.5 +144.4 +974.5  +15.8  |   +15.8 M3->FP x M2  |   150   282 |   356    83   184 |  1082   925
   950  0.5   18 | +805.9 +821.5 +992.6  +63.0 +147.1 +1002.0 +147.1 +1002.0  +21.9  |   +21.9 M3->FP x M2  |   150   282 |   356    83   184 |  1082   972
   950  0.5   19 | +857.4 +876.3 +1051.5  +72.4 +150.0 +1031.2 +150.0 +1031.2  +28.2  |   +28.2 M3->FP x M2  |   150   282 |   356    83   184 |  1082  1019
   950  0.5   20 | +908.6 +930.8 +1110.1  +81.3 +153.2 +1062.1 +153.2 +1062.1  +34.4  |   +34.4 M3->FP x M2  |   150   282 |   356    83   184 |  1082  1067
   950  0.5   17 | +687.9 +690.0 +877.4  +41.4 +159.0 +920.1 +159.0 +920.1   +6.1  |    +6.1 M3->FP x M2  |   167   317 |   339    92   203 |  1099   869
   950  0.5   18 | +736.2 +741.3 +933.3  +51.7 +161.2 +943.3 +161.2 +943.3  +12.2  |   +12.2 M3->FP x M2  |   167   317 |   339    92   203 |  1099   912
   950  0.5   19 | +784.2 +792.3 +989.0  +61.8 +163.7 +968.1 +163.7 +968.1  +18.4  |   +18.4 M3->FP x M2  |   167   317 |   339    92   203 |  1099   955
   950  0.5   20 | +831.9 +843.1 +1044.3  +71.6 +166.5 +994.5 +166.5 +994.5  +24.7  |   +24.7 M3->FP x M2  |   167   317 |   339    92   203 |  1099   999
   950  0.6   19 | +723.4 +720.7 +938.9  +50.1 +178.5 +915.2 +178.5 +915.2   +8.7  |    +8.7 M3->FP x M2  |   184   351 |   325   101   223 |  1117   905
   950  0.6   20 | +768.3 +768.4 +991.7  +60.5 +180.9 +937.9 +180.9 +937.9  +14.9  |   +14.9 M3->FP x M2  |   184   351 |   325   101   223 |  1117   946
   950  0.6   20 | +714.5 +703.4 +949.0  +48.6 +196.1 +889.4 +196.1 +889.4   +5.1  |    +5.1 M3->FP x M2  |   201   386 |   313   110   242 |  1135   903
  1000  0.3   11 | +694.6 +712.3 +803.3  +30.6  +89.9 +1053.2  +89.9 +1053.2   +8.6  |    +8.6 M3->FP x M2  |   100   182 |   456    55   128 |  1083   865
  1000  0.3   12 | +769.2 +790.9 +884.9  +40.0  +92.5 +1089.2  +92.5 +1089.2  +14.4  |   +14.4 M3->FP x M2  |   100   182 |   456    55   128 |  1083   932
  1000  0.3   13 | +843.5 +869.3 +966.1  +48.9  +95.4 +1128.3  +95.4 +1128.3  +20.2  |   +20.2 M3->FP x M2  |   100   182 |   456    55   128 |  1083   999
  1000  0.3   14 | +917.6 +947.5 +1047.1  +57.2  +98.6 +1170.3  +98.6 +1170.3  +26.1  |   +26.1 M3->FP x M2  |   100   182 |   456    55   128 |  1083  1066
  1000  0.3   15 | +991.4 +1025.3 +1127.7  +65.1 +102.0 +1215.0 +102.0 +1215.0  +32.1  |   +32.1 M3->FP x M2  |   100   182 |   456    55   128 |  1083  1135
  1000  0.3   16 | +1064.9 +1102.9 +1208.0  +72.5 +105.8 +1262.2 +105.8 +1262.2  +38.0  |   +38.0 M3->FP x M2  |   100   182 |   456    55   128 |  1083  1204
  1000  0.3   17 | +1138.1 +1180.1 +1287.9  +79.4 +109.8 +1311.9 +109.7 +1311.9  +44.1  |   +44.1 M3->FP x M2  |   100   182 |   456    55   128 |  1083  1274
  1000  0.3   18 | +1210.9 +1256.9 +1367.5  +85.9 +114.1 +1363.8 +113.3 +1363.8  +50.2  |   +50.2 M3->FP x M2  |   100   182 |   456    55   128 |  1083  1344
  1000  0.3   19 | +1283.4 +1333.4 +1446.6  +91.9 +118.6 +1416.3 +116.7 +1417.9  +56.4  |   +56.4 M3->FP x M2  |   100   182 |   456    55   128 |  1083  1415
  1000  0.3   20 | +1355.5 +1409.5 +1525.3  +97.6 +123.3 +1464.9 +119.9 +1474.2  +62.7  |   +62.7 M3->FP x M2  |   100   182 |   456    55   128 |  1083  1487
  1000  0.3   13 | +732.5 +749.5 +863.8  +37.9 +107.8 +1047.3 +107.8 +1047.3  +10.8  |   +10.8 M3->FP x M2  |   117   215 |   417    64   147 |  1099   897
  1000  0.3   14 | +798.5 +819.3 +937.0  +47.3 +110.4 +1080.1 +110.4 +1080.1  +16.7  |   +16.7 M3->FP x M2  |   117   215 |   417    64   147 |  1099   956
  1000  0.3   15 | +864.3 +888.9 +1009.8  +56.3 +113.3 +1115.2 +113.3 +1115.2  +22.7  |   +22.7 M3->FP x M2  |   117   215 |   417    64   147 |  1099  1015
  1000  0.3   16 | +929.8 +958.2 +1082.4  +64.9 +116.4 +1152.8 +116.4 +1152.8  +28.7  |   +28.7 M3->FP x M2  |   117   215 |   417    64   147 |  1099  1075
  1000  0.3   17 | +995.0 +1027.2 +1154.6  +73.1 +119.9 +1192.5 +119.9 +1192.5  +34.7  |   +34.7 M3->FP x M2  |   117   215 |   417    64   147 |  1099  1136
  1000  0.3   18 | +1059.9 +1095.9 +1226.5  +80.8 +123.5 +1234.4 +123.5 +1234.4  +40.9  |   +40.9 M3->FP x M2  |   117   215 |   417    64   147 |  1099  1197
  1000  0.3   19 | +1124.5 +1164.3 +1298.0  +88.1 +127.5 +1278.3 +127.5 +1278.3  +47.1  |   +47.1 M3->FP x M2  |   117   215 |   417    64   147 |  1099  1259
  1000  0.3   20 | +1188.8 +1232.3 +1369.1  +95.0 +131.7 +1324.2 +131.4 +1324.2  +53.3  |   +53.3 M3->FP x M2  |   117   215 |   417    64   147 |  1099  1322
  1000  0.4   14 | +707.9 +719.5 +855.5  +35.6 +123.9 +1012.8 +123.9 +1012.8   +7.2  |    +7.2 M3->FP x M2  |   133   249 |   388    73   166 |  1116   875
  1000  0.4   15 | +767.6 +782.8 +922.6  +45.5 +126.2 +1041.0 +126.2 +1041.0  +13.2  |   +13.2 M3->FP x M2  |   133   249 |   388    73   166 |  1116   928
  1000  0.4   16 | +827.2 +845.9 +989.4  +55.0 +128.8 +1071.4 +128.8 +1071.4  +19.2  |   +19.2 M3->FP x M2  |   133   249 |   388    73   166 |  1116   981
  1000  0.4   17 | +886.4 +908.7 +1056.0  +64.2 +131.7 +1103.8 +131.7 +1103.8  +25.2  |   +25.2 M3->FP x M2  |   133   249 |   388    73   166 |  1116  1035
  1000  0.4   18 | +945.5 +971.2 +1122.2  +72.9 +134.9 +1138.2 +134.9 +1138.2  +31.4  |   +31.4 M3->FP x M2  |   133   249 |   388    73   166 |  1116  1090
  1000  0.4   19 | +1004.2 +1033.5 +1188.0  +81.3 +138.3 +1174.6 +138.3 +1174.6  +37.6  |   +37.6 M3->FP x M2  |   133   249 |   388    73   166 |  1116  1145
  1000  0.4   20 | +1062.6 +1095.4 +1253.5  +89.4 +141.9 +1212.7 +141.9 +1212.7  +43.8  |   +43.8 M3->FP x M2  |   133   249 |   388    73   166 |  1116  1200
  1000  0.5   16 | +746.2 +755.1 +918.2  +43.5 +142.7 +1007.8 +142.7 +1007.8   +9.5  |    +9.5 M3->FP x M2  |   150   283 |   365    82   184 |  1133   910
  1000  0.5   17 | +800.9 +813.0 +980.4  +53.5 +145.1 +1034.6 +145.1 +1034.6  +15.6  |   +15.6 M3->FP x M2  |   150   283 |   365    82   184 |  1133   959
  1000  0.5   18 | +855.3 +870.7 +1042.3  +63.1 +147.8 +1063.3 +147.8 +1063.3  +21.7  |   +21.7 M3->FP x M2  |   150   283 |   365    82   184 |  1133  1008
  1000  0.5   19 | +909.4 +928.1 +1103.8  +72.4 +150.7 +1093.8 +150.7 +1093.8  +27.9  |   +27.9 M3->FP x M2  |   150   283 |   365    82   184 |  1133  1058
  1000  0.5   20 | +963.3 +985.2 +1165.0  +81.4 +153.9 +1126.0 +153.9 +1126.0  +34.2  |   +34.2 M3->FP x M2  |   150   283 |   365    82   184 |  1133  1108
  1000  0.5   17 | +731.4 +733.3 +921.1  +41.5 +159.6 +978.4 +159.6 +978.4   +5.9  |    +5.9 M3->FP x M2  |   167   317 |   347    92   204 |  1150   900
  1000  0.5   18 | +782.2 +787.1 +979.5  +51.8 +161.9 +1002.6 +161.9 +1002.6  +12.0  |   +12.0 M3->FP x M2  |   167   317 |   347    92   204 |  1150   945
  1000  0.5   19 | +832.6 +840.6 +1037.7  +61.9 +164.4 +1028.5 +164.4 +1028.5  +18.2  |   +18.2 M3->FP x M2  |   167   317 |   347    92   204 |  1150   990
  1000  0.5   20 | +882.9 +893.9 +1095.5  +71.6 +167.1 +1056.0 +167.1 +1056.0  +24.5  |   +24.5 M3->FP x M2  |   167   317 |   347    92   204 |  1150  1036
  1000  0.6   19 | +768.9 +766.0 +984.7  +50.2 +179.1 +973.9 +179.1 +973.9   +8.5  |    +8.5 M3->FP x M2  |   184   352 |   332   101   223 |  1168   937
  1000  0.6   20 | +816.2 +816.1 +1039.8  +60.6 +181.5 +997.6 +181.5 +997.6  +14.8  |   +14.8 M3->FP x M2  |   184   352 |   332   101   223 |  1168   979
  1050  0.3   11 | +735.4 +752.8 +844.3  +30.6  +90.7 +1112.4  +90.7 +1112.4   +8.4  |    +8.4 M3->FP x M2  |   100   183 |   470    55   129 |  1133   898
  1050  0.3   12 | +813.7 +835.2 +929.5  +40.0  +93.2 +1150.1  +93.2 +1150.1  +14.2  |   +14.2 M3->FP x M2  |   100   183 |   470    55   129 |  1133   968
  1050  0.3   13 | +891.7 +917.3 +1014.5  +48.8  +96.0 +1191.0  +96.0 +1191.0  +20.0  |   +20.0 M3->FP x M2  |   100   183 |   470    55   129 |  1133  1038
  1050  0.3   14 | +969.5 +999.1 +1099.1  +57.2  +99.2 +1234.9  +99.2 +1234.9  +25.9  |   +25.9 M3->FP x M2  |   100   183 |   470    55   129 |  1133  1109
  1050  0.3   15 | +1046.9 +1080.6 +1183.4  +65.0 +102.7 +1281.6 +102.7 +1281.6  +31.9  |   +31.9 M3->FP x M2  |   100   183 |   470    55   129 |  1133  1180
  1050  0.3   16 | +1124.1 +1161.8 +1267.4  +72.4 +106.4 +1330.9 +106.4 +1330.9  +37.8  |   +37.8 M3->FP x M2  |   100   183 |   470    55   129 |  1133  1252
  1050  0.3   17 | +1200.9 +1242.7 +1351.0  +79.3 +110.4 +1382.7 +110.3 +1382.7  +43.9  |   +43.9 M3->FP x M2  |   100   183 |   470    55   129 |  1133  1325
  1050  0.3   18 | +1277.3 +1323.1 +1434.1  +85.8 +114.6 +1437.0 +113.9 +1437.0  +50.0  |   +50.0 M3->FP x M2  |   100   183 |   470    55   129 |  1133  1399
  1050  0.3   19 | +1353.4 +1403.2 +1516.9  +91.8 +119.1 +1491.9 +117.3 +1493.5  +56.2  |   +56.2 M3->FP x M2  |   100   183 |   470    55   129 |  1133  1473
  1050  0.3   20 | +1429.0 +1482.8 +1599.1  +97.5 +123.8 +1543.0 +120.5 +1552.2  +62.5  |   +62.5 M3->FP x M2  |   100   183 |   470    55   129 |  1133  1549
  1050  0.3   13 | +775.4 +792.2 +906.9  +37.9 +108.5 +1106.9 +108.5 +1106.9  +10.6  |   +10.6 M3->FP x M2  |   117   216 |   429    64   147 |  1150   930
  1050  0.3   14 | +844.7 +865.3 +983.3  +47.4 +111.1 +1141.1 +111.1 +1141.1  +16.5  |   +16.5 M3->FP x M2  |   117   216 |   429    64   147 |  1150   992
  1050  0.3   15 | +913.7 +938.1 +1059.5  +56.3 +113.9 +1177.8 +113.9 +1177.8  +22.5  |   +22.5 M3->FP x M2  |   117   216 |   429    64   147 |  1150  1054
  1050  0.3   16 | +982.5 +1010.7 +1135.3  +64.9 +117.1 +1217.0 +117.1 +1217.0  +28.5  |   +28.5 M3->FP x M2  |   117   216 |   429    64   147 |  1150  1117
  1050  0.3   17 | +1050.9 +1082.9 +1210.7  +73.0 +120.5 +1258.5 +120.5 +1258.5  +34.5  |   +34.5 M3->FP x M2  |   117   216 |   429    64   147 |  1150  1180
  1050  0.3   18 | +1119.1 +1154.8 +1285.8  +80.7 +124.2 +1302.1 +124.2 +1302.1  +40.7  |   +40.7 M3->FP x M2  |   117   216 |   429    64   147 |  1150  1244
  1050  0.3   19 | +1186.9 +1226.4 +1360.6  +88.1 +128.1 +1348.0 +128.1 +1348.0  +46.8  |   +46.8 M3->FP x M2  |   117   216 |   429    64   147 |  1150  1309
  1050  0.3   20 | +1254.3 +1297.5 +1434.9  +95.0 +132.2 +1395.8 +132.0 +1395.8  +53.1  |   +53.1 M3->FP x M2  |   117   216 |   429    64   147 |  1150  1375
  1050  0.4   14 | +749.8 +761.2 +897.6  +35.7 +124.6 +1071.4 +124.6 +1071.4   +7.0  |    +7.0 M3->FP x M2  |   133   250 |   398    73   166 |  1166   907
  1050  0.4   15 | +812.5 +827.4 +967.6  +45.6 +126.9 +1100.9 +126.9 +1100.9  +13.0  |   +13.0 M3->FP x M2  |   133   250 |   398    73   166 |  1166   962
  1050  0.4   16 | +875.0 +893.4 +1037.4  +55.1 +129.5 +1132.6 +129.5 +1132.6  +19.0  |   +19.0 M3->FP x M2  |   133   250 |   398    73   166 |  1166  1018
  1050  0.4   17 | +937.2 +959.2 +1106.9  +64.2 +132.4 +1166.4 +132.4 +1166.4  +25.0  |   +25.0 M3->FP x M2  |   133   250 |   398    73   166 |  1166  1074
  1050  0.4   18 | +999.1 +1024.6 +1176.0  +72.9 +135.5 +1202.3 +135.5 +1202.3  +31.2  |   +31.2 M3->FP x M2  |   133   250 |   398    73   166 |  1166  1131
  1050  0.4   19 | +1060.7 +1089.8 +1244.8  +81.3 +138.9 +1240.1 +138.9 +1240.1  +37.4  |   +37.4 M3->FP x M2  |   133   250 |   398    73   166 |  1166  1188
  1050  0.4   20 | +1122.0 +1154.6 +1313.2  +89.4 +142.6 +1279.9 +142.6 +1279.9  +43.6  |   +43.6 M3->FP x M2  |   133   250 |   398    73   166 |  1166  1247
  1050  0.5   16 | +790.2 +798.9 +962.4  +43.6 +143.3 +1066.8 +143.3 +1066.8   +9.4  |    +9.4 M3->FP x M2  |   150   284 |   374    83   185 |  1183   943
  1050  0.5   17 | +847.6 +859.5 +1027.3  +53.5 +145.8 +1094.8 +145.8 +1094.8  +15.4  |   +15.4 M3->FP x M2  |   150   284 |   374    83   185 |  1183   994
  1050  0.5   18 | +904.7 +919.9 +1091.9  +63.1 +148.4 +1124.7 +148.4 +1124.7  +21.6  |   +21.6 M3->FP x M2  |   150   284 |   374    83   185 |  1183  1045
  1050  0.5   19 | +961.5 +980.0 +1156.1  +72.4 +151.3 +1156.4 +151.3 +1156.4  +27.8  |   +27.8 M3->FP x M2  |   150   284 |   374    83   185 |  1183  1097
  1050  0.5   20 | +1018.0 +1039.7 +1220.0  +81.4 +154.5 +1189.9 +154.5 +1189.9  +34.0  |   +34.0 M3->FP x M2  |   150   284 |   374    83   185 |  1183  1149
  1050  0.5   17 | +774.9 +776.6 +964.7  +41.6 +160.3 +1036.8 +160.3 +1036.8   +5.7  |    +5.7 M3->FP x M2  |   167   318 |   355    92   204 |  1201   931
  1050  0.5   18 | +828.1 +832.8 +1025.7  +51.9 +162.5 +1062.0 +162.5 +1062.0  +11.9  |   +11.9 M3->FP x M2  |   167   318 |   355    92   204 |  1201   978
  1050  0.5   19 | +881.1 +888.9 +1086.3  +61.9 +165.0 +1088.9 +165.0 +1088.9  +18.1  |   +18.1 M3->FP x M2  |   167   318 |   355    92   204 |  1201  1025
  1050  0.5   20 | +933.8 +944.6 +1146.7  +71.7 +167.7 +1117.5 +167.7 +1117.5  +24.4  |   +24.4 M3->FP x M2  |   167   318 |   355    92   204 |  1201  1073
  1050  0.6   19 | +814.4 +811.4 +1030.4  +50.4 +179.7 +1032.7 +179.7 +1032.7   +8.3  |    +8.3 M3->FP x M2  |   184   353 |   340   101   223 |  1219   969
  1050  0.6   20 | +864.0 +863.8 +1087.8  +60.7 +182.0 +1057.3 +182.0 +1057.3  +14.6  |   +14.6 M3->FP x M2  |   184   353 |   340   101   223 |  1219  1013
  1100  0.3   11 | +776.2 +793.4 +885.2  +30.6  +91.3 +1171.6  +91.3 +1171.6   +8.2  |    +8.2 M3->FP x M2  |   100   184 |   484    55   129 |  1184   931
  1100  0.3   12 | +858.2 +879.5 +974.1  +40.0  +93.8 +1211.0  +93.8 +1211.0  +14.0  |   +14.0 M3->FP x M2  |   100   184 |   484    55   129 |  1184  1004
  1100  0.3   13 | +939.9 +965.3 +1062.8  +48.8  +96.6 +1253.7  +96.6 +1253.7  +19.8  |   +19.8 M3->FP x M2  |   100   184 |   484    55   129 |  1184  1077
  1100  0.3   14 | +1021.3 +1050.8 +1151.2  +57.2  +99.8 +1299.5  +99.8 +1299.5  +25.7  |   +25.7 M3->FP x M2  |   100   184 |   484    55   129 |  1184  1151
  1100  0.3   15 | +1102.5 +1136.0 +1239.1  +65.0 +103.2 +1348.2 +103.2 +1348.2  +31.7  |   +31.7 M3->FP x M2  |   100   184 |   484    55   129 |  1184  1225
  1100  0.3   16 | +1183.3 +1220.8 +1326.8  +72.4 +106.9 +1399.6 +106.9 +1399.6  +37.7  |   +37.7 M3->FP x M2  |   100   184 |   484    55   129 |  1184  1301
  1100  0.3   17 | +1263.7 +1305.3 +1414.0  +79.2 +110.9 +1453.6 +110.8 +1453.6  +43.7  |   +43.7 M3->FP x M2  |   100   184 |   484    55   129 |  1184  1377
  1100  0.3   18 | +1343.8 +1389.3 +1500.8  +85.7 +115.2 +1510.1 +114.5 +1510.1  +49.8  |   +49.8 M3->FP x M2  |   100   184 |   484    55   129 |  1184  1454
  1100  0.3   19 | +1423.4 +1473.0 +1587.1  +91.7 +119.6 +1567.6 +117.9 +1569.0  +56.0  |   +56.0 M3->FP x M2  |   100   184 |   484    55   129 |  1184  1531
  1100  0.3   20 | +1502.6 +1556.2 +1672.9  +97.4 +124.3 +1621.1 +121.1 +1630.2  +62.3  |   +62.3 M3->FP x M2  |   100   184 |   484    55   129 |  1184  1610
  1100  0.3   13 | +818.3 +834.8 +949.9  +38.0 +109.2 +1166.5 +109.2 +1166.5  +10.4  |   +10.4 M3->FP x M2  |   117   217 |   441    64   148 |  1200   964
  1100  0.3   14 | +890.8 +911.2 +1029.7  +47.4 +111.7 +1202.1 +111.7 +1202.1  +16.3  |   +16.3 M3->FP x M2  |   117   217 |   441    64   148 |  1200  1028
  1100  0.3   15 | +963.1 +987.3 +1109.1  +56.3 +114.6 +1240.4 +114.6 +1240.4  +22.3  |   +22.3 M3->FP x M2  |   117   217 |   441    64   148 |  1200  1093
  1100  0.3   16 | +1035.1 +1063.1 +1188.1  +64.9 +117.7 +1281.2 +117.7 +1281.2  +28.3  |   +28.3 M3->FP x M2  |   117   217 |   441    64   148 |  1200  1158
  1100  0.3   17 | +1106.8 +1138.6 +1266.9  +73.0 +121.1 +1324.4 +121.1 +1324.4  +34.3  |   +34.3 M3->FP x M2  |   117   217 |   441    64   148 |  1200  1224
  1100  0.3   18 | +1178.2 +1213.7 +1345.2  +80.7 +124.7 +1369.9 +124.7 +1369.9  +40.5  |   +40.5 M3->FP x M2  |   117   217 |   441    64   148 |  1200  1291
  1100  0.3   19 | +1249.2 +1288.5 +1423.1  +88.0 +128.6 +1417.6 +128.6 +1417.6  +46.7  |   +46.7 M3->FP x M2  |   117   217 |   441    64   148 |  1200  1359
  1100  0.3   20 | +1319.8 +1362.8 +1500.6  +94.9 +132.8 +1467.5 +132.6 +1467.5  +52.9  |   +52.9 M3->FP x M2  |   117   217 |   441    64   148 |  1200  1427
  1100  0.4   14 | +791.7 +802.9 +939.6  +35.7 +125.2 +1130.0 +125.2 +1130.0   +6.8  |    +6.8 M3->FP x M2  |   133   250 |   408    73   166 |  1217   939
  1100  0.4   15 | +857.4 +872.1 +1012.7  +45.6 +127.5 +1160.8 +127.5 +1160.8  +12.8  |   +12.8 M3->FP x M2  |   133   250 |   408    73   166 |  1217   996
  1100  0.4   16 | +922.8 +941.0 +1085.4  +55.1 +130.1 +1193.8 +130.1 +1193.8  +18.8  |   +18.8 M3->FP x M2  |   133   250 |   408    73   166 |  1217  1054
  1100  0.4   17 | +987.9 +1009.7 +1157.8  +64.2 +133.0 +1229.0 +133.0 +1229.0  +24.8  |   +24.8 M3->FP x M2  |   133   250 |   408    73   166 |  1217  1113
  1100  0.4   18 | +1052.7 +1078.1 +1229.9  +72.9 +136.1 +1266.3 +136.1 +1266.3  +31.0  |   +31.0 M3->FP x M2  |   133   250 |   408    73   166 |  1217  1172
  1100  0.4   19 | +1117.2 +1146.1 +1301.6  +81.3 +139.5 +1305.7 +139.5 +1305.7  +37.2  |   +37.2 M3->FP x M2  |   133   250 |   408    73   166 |  1217  1232
  1100  0.4   20 | +1181.4 +1213.8 +1372.9  +89.3 +143.1 +1347.1 +143.1 +1347.1  +43.4  |   +43.4 M3->FP x M2  |   133   250 |   408    73   166 |  1217  1293
  1100  0.5   16 | +834.2 +842.7 +1006.6  +43.7 +143.9 +1125.8 +143.9 +1125.8   +9.2  |    +9.2 M3->FP x M2  |   150   284 |   383    83   185 |  1234   975
  1100  0.5   17 | +894.3 +906.0 +1074.2  +53.6 +146.3 +1154.9 +146.3 +1154.9  +15.3  |   +15.3 M3->FP x M2  |   150   284 |   383    83   185 |  1234  1028
  1100  0.5   18 | +954.1 +969.1 +1141.5  +63.2 +149.0 +1186.0 +149.0 +1186.0  +21.4  |   +21.4 M3->FP x M2  |   150   284 |   383    83   185 |  1234  1081
  1100  0.5   19 | +1013.5 +1031.8 +1208.4  +72.5 +151.9 +1219.0 +151.9 +1219.0  +27.6  |   +27.6 M3->FP x M2  |   150   284 |   383    82   185 |  1234  1135
  1100  0.5   20 | +1072.7 +1094.3 +1274.9  +81.4 +155.0 +1253.9 +155.0 +1253.9  +33.9  |   +33.9 M3->FP x M2  |   150   284 |   383    83   185 |  1234  1190
  1100  0.5   17 | +818.4 +819.9 +1008.4  +41.7 +160.8 +1095.1 +160.8 +1095.1   +5.6  |    +5.6 M3->FP x M2  |   167   319 |   363    92   204 |  1251   962
  1100  0.5   18 | +874.1 +878.6 +1071.9  +52.0 +163.1 +1121.3 +163.1 +1121.3  +11.7  |   +11.7 M3->FP x M2  |   167   319 |   363    92   204 |  1251  1011
  1100  0.5   19 | +929.6 +937.1 +1135.0  +62.0 +165.5 +1149.3 +165.5 +1149.3  +17.9  |   +17.9 M3->FP x M2  |   167   319 |   363    92   204 |  1251  1060
  1100  0.5   20 | +984.7 +995.4 +1197.8  +71.7 +168.2 +1179.0 +168.2 +1179.0  +24.2  |   +24.2 M3->FP x M2  |   167   319 |   363    92   204 |  1251  1110
  1100  0.6   19 | +860.0 +856.7 +1076.1  +50.5 +180.2 +1091.4 +180.2 +1091.4   +8.2  |    +8.2 M3->FP x M2  |   184   353 |   347   101   224 |  1269  1001
  1100  0.6   20 | +911.9 +911.4 +1135.9  +60.8 +182.5 +1117.0 +182.5 +1117.0  +14.5  |   +14.5 M3->FP x M2  |   184   353 |   347   101   224 |  1269  1046
  1150  0.3   11 | +817.0 +834.0 +926.1  +30.6  +91.9 +1230.8  +91.9 +1230.8   +8.0  |    +8.0 M3->FP x M2  |   100   184 |   497    55   130 |  1235   964
  1150  0.3   12 | +902.7 +923.8 +1018.8  +40.0  +94.4 +1271.9  +94.4 +1271.9  +13.8  |   +13.8 M3->FP x M2  |   100   184 |   497    55   130 |  1235  1040
  1150  0.3   13 | +988.1 +1013.3 +1111.1  +48.8  +97.2 +1316.4  +97.2 +1316.4  +19.7  |   +19.7 M3->FP x M2  |   100   184 |   497    55   130 |  1235  1116
  1150  0.3   14 | +1073.2 +1102.4 +1203.2  +57.1 +100.3 +1364.1 +100.3 +1364.1  +25.6  |   +25.6 M3->FP x M2  |   100   184 |   497    55   130 |  1235  1193
  1150  0.3   15 | +1158.0 +1191.3 +1294.8  +65.0 +103.7 +1414.8 +103.7 +1414.8  +31.5  |   +31.5 M3->FP x M2  |   100   184 |   497    55   130 |  1235  1271
  1150  0.3   16 | +1242.4 +1279.8 +1386.1  +72.3 +107.4 +1468.3 +107.4 +1468.3  +37.5  |   +37.5 M3->FP x M2  |   100   184 |   497    55   130 |  1235  1349
  1150  0.3   17 | +1326.5 +1367.9 +1477.0  +79.2 +111.4 +1524.5 +111.3 +1524.5  +43.6  |   +43.6 M3->FP x M2  |   100   184 |   497    55   130 |  1235  1428
  1150  0.3   18 | +1410.2 +1455.5 +1567.4  +85.6 +115.6 +1583.3 +115.0 +1583.3  +49.7  |   +49.7 M3->FP x M2  |   100   184 |   497    55   130 |  1235  1508
  1150  0.3   19 | +1493.4 +1542.8 +1657.3  +91.6 +120.1 +1643.3 +118.4 +1644.6  +55.9  |   +55.9 M3->FP x M2  |   100   184 |   497    55   130 |  1235  1589
  1150  0.3   20 | +1576.2 +1629.5 +1746.7  +97.3 +124.7 +1699.2 +121.6 +1708.3  +62.1  |   +62.1 M3->FP x M2  |   100   184 |   497    55   130 |  1235  1671
  1150  0.3   13 | +861.2 +877.5 +993.0  +38.0 +109.8 +1226.1 +109.8 +1226.1  +10.3  |   +10.3 M3->FP x M2  |   117   217 |   452    64   148 |  1251   997
  1150  0.3   14 | +937.0 +957.2 +1076.0  +47.4 +112.3 +1263.2 +112.3 +1263.2  +16.2  |   +16.2 M3->FP x M2  |   117   217 |   452    64   148 |  1251  1064
  1150  0.3   15 | +1012.6 +1036.5 +1158.7  +56.3 +115.1 +1303.1 +115.1 +1303.1  +22.1  |   +22.1 M3->FP x M2  |   117   217 |   452    64   148 |  1251  1132
  1150  0.3   16 | +1087.8 +1115.6 +1241.0  +64.9 +118.2 +1345.5 +118.2 +1345.5  +28.1  |   +28.1 M3->FP x M2  |   117   217 |   452    64   148 |  1251  1200
  1150  0.3   17 | +1162.7 +1194.3 +1322.9  +73.0 +121.6 +1390.4 +121.6 +1390.4  +34.2  |   +34.2 M3->FP x M2  |   117   217 |   452    64   148 |  1251  1269
  1150  0.3   18 | +1237.3 +1272.6 +1404.5  +80.7 +125.2 +1437.7 +125.2 +1437.7  +40.3  |   +40.3 M3->FP x M2  |   117   217 |   452    64   148 |  1251  1338
  1150  0.3   19 | +1311.5 +1350.6 +1485.6  +88.0 +129.1 +1487.3 +129.1 +1487.3  +46.5  |   +46.5 M3->FP x M2  |   117   217 |   452    64   148 |  1251  1409
  1150  0.3   20 | +1385.3 +1428.1 +1566.3  +94.9 +133.3 +1539.1 +133.1 +1539.1  +52.8  |   +52.8 M3->FP x M2  |   117   217 |   452    64   148 |  1251  1480
  1150  0.4   14 | +833.6 +844.6 +981.7  +35.8 +125.8 +1188.7 +125.8 +1188.7   +6.7  |    +6.7 M3->FP x M2  |   133   251 |   419    73   167 |  1268   970
  1150  0.4   15 | +902.2 +916.7 +1057.7  +45.6 +128.1 +1220.6 +128.1 +1220.6  +12.6  |   +12.6 M3->FP x M2  |   133   251 |   419    73   167 |  1268  1030
  1150  0.4   16 | +970.6 +988.6 +1133.4  +55.1 +130.7 +1255.0 +130.7 +1255.0  +18.6  |   +18.6 M3->FP x M2  |   133   251 |   419    73   167 |  1268  1090
  1150  0.4   17 | +1038.6 +1060.2 +1208.7  +64.2 +133.5 +1291.6 +133.5 +1291.6  +24.7  |   +24.7 M3->FP x M2  |   133   251 |   419    73   167 |  1268  1151
  1150  0.4   18 | +1106.4 +1131.5 +1283.7  +72.9 +136.6 +1330.4 +136.6 +1330.4  +30.8  |   +30.8 M3->FP x M2  |   133   251 |   419    73   167 |  1268  1213
  1150  0.4   19 | +1173.8 +1202.5 +1358.3  +81.3 +140.0 +1371.3 +140.0 +1371.3  +37.0  |   +37.0 M3->FP x M2  |   133   251 |   419    73   167 |  1268  1275
  1150  0.4   20 | +1240.8 +1273.0 +1432.5  +89.3 +143.6 +1414.3 +143.6 +1414.3  +43.3  |   +43.3 M3->FP x M2  |   133   251 |   419    73   167 |  1268  1339
  1150  0.5   16 | +878.2 +886.5 +1050.8  +43.7 +144.5 +1184.8 +144.5 +1184.8   +9.0  |    +9.0 M3->FP x M2  |   150   285 |   393    83   186 |  1285  1007
  1150  0.5   17 | +941.0 +952.5 +1121.1  +53.6 +146.9 +1215.1 +146.9 +1215.1  +15.1  |   +15.1 M3->FP x M2  |   150   285 |   393    83   186 |  1285  1062
  1150  0.5   18 | +1003.4 +1018.3 +1191.0  +63.2 +149.5 +1247.4 +149.5 +1247.4  +21.2  |   +21.2 M3->FP x M2  |   150   285 |   393    82   186 |  1285  1118
  1150  0.5   19 | +1065.6 +1083.7 +1260.6  +72.5 +152.4 +1281.6 +152.4 +1281.6  +27.4  |   +27.4 M3->FP x M2  |   150   285 |   393    82   186 |  1285  1174
  1150  0.5   20 | +1127.4 +1148.8 +1329.8  +81.4 +155.5 +1317.8 +155.5 +1317.8  +33.7  |   +33.7 M3->FP x M2  |   150   285 |   393    82   186 |  1285  1231
  1150  0.5   17 | +861.9 +863.2 +1052.0  +41.8 +161.3 +1153.5 +161.3 +1153.5   +5.4  |    +5.4 M3->FP x M2  |   167   319 |   372    92   205 |  1302   993
  1150  0.5   18 | +920.1 +924.5 +1118.0  +52.1 +163.6 +1180.7 +163.6 +1180.7  +11.6  |   +11.6 M3->FP x M2  |   167   319 |   372    92   205 |  1302  1044
  1150  0.5   19 | +978.0 +985.4 +1183.6  +62.1 +166.0 +1209.7 +166.0 +1209.7  +17.8  |   +17.8 M3->FP x M2  |   167   319 |   372    92   205 |  1302  1095
  1150  0.5   20 | +1035.7 +1046.1 +1248.9  +71.8 +168.7 +1240.6 +168.7 +1240.6  +24.1  |   +24.1 M3->FP x M2  |   167   319 |   372    92   205 |  1302  1147
  1150  0.6   19 | +905.5 +902.1 +1121.8  +50.5 +180.6 +1150.2 +180.6 +1150.2   +8.1  |    +8.1 M3->FP x M2  |   184   354 |   355   101   224 |  1320  1032
  1150  0.6   20 | +959.7 +959.1 +1183.9  +60.9 +182.9 +1176.7 +182.9 +1176.7  +14.4  |   +14.4 M3->FP x M2  |   184   354 |   355   101   224 |  1320  1080
  1200  0.3   11 | +857.8 +874.6 +967.0  +30.7  +92.4 +1290.1  +92.4 +1290.1   +7.9  |    +7.9 M3->FP x M2  |   100   185 |   511    55   130 |  1285   997
  1200  0.3   12 | +947.2 +968.1 +1063.4  +40.0  +94.9 +1332.8  +94.9 +1332.8  +13.7  |   +13.7 M3->FP x M2  |   100   185 |   511    55   130 |  1285  1076
  1200  0.3   13 | +1036.3 +1061.3 +1159.4  +48.8  +97.7 +1379.1  +97.7 +1379.1  +19.5  |   +19.5 M3->FP x M2  |   100   185 |   511    55   130 |  1285  1155
  1200  0.3   14 | +1125.1 +1154.1 +1255.2  +57.1 +100.8 +1428.7 +100.8 +1428.7  +25.4  |   +25.4 M3->FP x M2  |   100   185 |   511    55   130 |  1285  1235
  1200  0.3   15 | +1213.5 +1246.6 +1350.5  +64.9 +104.2 +1481.4 +104.2 +1481.4  +31.3  |   +31.3 M3->FP x M2  |   100   185 |   511    55   130 |  1285  1316
  1200  0.3   16 | +1301.6 +1338.8 +1445.4  +72.3 +107.9 +1537.0 +107.9 +1537.0  +37.3  |   +37.3 M3->FP x M2  |   100   185 |   511    55   130 |  1285  1398
  1200  0.3   17 | +1389.3 +1430.5 +1539.9  +79.1 +111.8 +1595.5 +111.8 +1595.5  +43.4  |   +43.4 M3->FP x M2  |   100   185 |   511    55   130 |  1285  1480
  1200  0.3   18 | +1476.6 +1521.8 +1634.0  +85.6 +116.0 +1656.6 +115.4 +1656.6  +49.5  |   +49.5 M3->FP x M2  |   100   185 |   511    55   130 |  1285  1563
  1200  0.3   19 | +1563.4 +1612.6 +1727.5  +91.6 +120.5 +1719.0 +118.9 +1720.2  +55.7  |   +55.7 M3->FP x M2  |   100   185 |   511    55   130 |  1285  1648
  1200  0.3   20 | +1649.7 +1702.9 +1820.5  +97.2 +125.1 +1777.4 +122.1 +1786.3  +62.0  |   +62.0 M3->FP x M2  |   100   185 |   511    55   130 |  1285  1733
  1200  0.3   13 | +904.0 +920.3 +1036.0  +38.0 +110.3 +1285.6 +110.3 +1285.6  +10.1  |   +10.1 M3->FP x M2  |   117   218 |   464    64   148 |  1301  1031
  1200  0.3   14 | +983.2 +1003.2 +1122.3  +47.4 +112.8 +1324.3 +112.8 +1324.3  +16.0  |   +16.0 M3->FP x M2  |   117   218 |   464    64   148 |  1301  1101
  1200  0.3   15 | +1062.0 +1085.8 +1208.2  +56.3 +115.6 +1365.7 +115.6 +1365.7  +22.0  |   +22.0 M3->FP x M2  |   117   218 |   464    64   148 |  1301  1171
  1200  0.3   16 | +1140.5 +1168.1 +1293.8  +64.9 +118.7 +1409.8 +118.7 +1409.8  +28.0  |   +28.0 M3->FP x M2  |   117   218 |   464    64   148 |  1301  1241
  1200  0.3   17 | +1218.6 +1250.0 +1379.0  +73.0 +122.1 +1456.4 +122.1 +1456.4  +34.0  |   +34.0 M3->FP x M2  |   117   218 |   464    64   148 |  1301  1313
  1200  0.3   18 | +1296.4 +1331.6 +1463.8  +80.6 +125.7 +1505.5 +125.7 +1505.5  +40.1  |   +40.1 M3->FP x M2  |   117   218 |   464    64   148 |  1301  1385
  1200  0.3   19 | +1373.8 +1412.7 +1548.1  +87.9 +129.6 +1557.0 +129.6 +1557.0  +46.3  |   +46.3 M3->FP x M2  |   117   218 |   464    64   148 |  1301  1458
  1200  0.3   20 | +1450.7 +1493.4 +1632.0  +94.8 +133.7 +1610.8 +133.5 +1610.8  +52.6  |   +52.6 M3->FP x M2  |   117   218 |   464    64   148 |  1301  1532
  1200  0.4   14 | +875.5 +886.3 +1023.7  +35.8 +126.3 +1247.3 +126.3 +1247.3   +6.5  |    +6.5 M3->FP x M2  |   133   252 |   429    73   167 |  1318  1002
  1200  0.4   15 | +947.1 +961.4 +1102.7  +45.7 +128.6 +1280.5 +128.6 +1280.5  +12.5  |   +12.5 M3->FP x M2  |   133   252 |   429    73   167 |  1318  1064
  1200  0.4   16 | +1018.4 +1036.3 +1181.3  +55.1 +131.2 +1316.2 +131.2 +1316.2  +18.5  |   +18.5 M3->FP x M2  |   133   252 |   429    73   167 |  1318  1127
  1200  0.4   17 | +1089.4 +1110.8 +1259.6  +64.2 +134.0 +1354.2 +134.0 +1354.2  +24.5  |   +24.5 M3->FP x M2  |   133   252 |   429    73   167 |  1318  1190
  1200  0.4   18 | +1160.0 +1185.0 +1337.5  +72.9 +137.1 +1394.4 +137.1 +1394.4  +30.7  |   +30.7 M3->FP x M2  |   133   252 |   429    73   167 |  1318  1254
  1200  0.4   19 | +1230.3 +1258.8 +1415.0  +81.3 +140.5 +1436.9 +140.5 +1436.9  +36.9  |   +36.9 M3->FP x M2  |   133   252 |   429    73   167 |  1318  1319
  1200  0.4   20 | +1300.3 +1332.3 +1492.1  +89.3 +144.1 +1481.5 +144.1 +1481.5  +43.1  |   +43.1 M3->FP x M2  |   133   252 |   429    73   167 |  1318  1385
  1200  0.5   16 | +922.2 +930.3 +1094.9  +43.8 +145.0 +1243.9 +145.0 +1243.9   +8.9  |    +8.9 M3->FP x M2  |   150   285 |   402    83   186 |  1335  1040
  1200  0.5   17 | +987.7 +999.1 +1167.9  +53.7 +147.4 +1275.3 +147.4 +1275.3  +15.0  |   +15.0 M3->FP x M2  |   150   285 |   402    83   186 |  1335  1097
  1200  0.5   18 | +1052.8 +1067.5 +1240.6  +63.2 +150.0 +1308.8 +150.0 +1308.8  +21.1  |   +21.1 M3->FP x M2  |   150   285 |   402    83   186 |  1335  1155
  1200  0.5   19 | +1117.6 +1135.6 +1312.8  +72.5 +152.9 +1344.3 +152.9 +1344.3  +27.3  |   +27.3 M3->FP x M2  |   150   285 |   402    83   186 |  1335  1213
  1200  0.5   20 | +1182.1 +1203.3 +1384.7  +81.4 +156.0 +1381.8 +156.0 +1381.8  +33.6  |   +33.6 M3->FP x M2  |   150   285 |   402    83   186 |  1335  1272
  1200  0.5   17 | +905.3 +906.5 +1095.6  +41.9 +161.8 +1211.9 +161.8 +1211.9   +5.3  |    +5.3 M3->FP x M2  |   167   320 |   380    92   205 |  1352  1024
  1200  0.5   18 | +966.1 +970.3 +1164.1  +52.1 +164.0 +1240.1 +164.0 +1240.1  +11.4  |   +11.4 M3->FP x M2  |   167   320 |   380    92   205 |  1352  1077
  1200  0.5   19 | +1026.5 +1033.8 +1232.3  +62.1 +166.5 +1270.2 +166.5 +1270.2  +17.6  |   +17.6 M3->FP x M2  |   167   320 |   380    92   205 |  1352  1130
  1200  0.5   20 | +1086.6 +1096.9 +1300.0  +71.8 +169.2 +1302.1 +169.2 +1302.1  +23.9  |   +23.9 M3->FP x M2  |   167   320 |   380    92   205 |  1352  1184
  1200  0.6   19 | +951.0 +947.5 +1167.4  +50.6 +181.0 +1209.0 +181.0 +1209.0   +7.9  |    +7.9 M3->FP x M2  |   184   354 |   362   101   224 |  1370  1064
  1200  0.6   20 | +1007.6 +1006.9 +1231.9  +61.0 +183.3 +1236.4 +183.3 +1236.4  +14.2  |   +14.2 M3->FP x M2  |   184   354 |   362   101   224 |  1370  1113
