t1_mm,y2,off_deg,in_M1_x_M2,in_M1_x_M3,in_M1_x_FP,M1_M2_x_M3,M1_M2_x_FP,M2_M3_x_M1,M2_M3_x_FP,M3_FP_x_M1,M3_FP_x_M2,floor_mm,worst,t2_mm,bfd_mm,D1_mm,D2_mm,D3_mm,len_mm,hgt_mm
200,0.30,2.0,-31.17,-37.69,0.21,-37.42,18.50,100.53,18.50,100.53,-26.10,-37.69,in->M1 x M3,99.47,117.97,237.9,55.0,92.7,218.5,186.8
200,0.30,3.0,-31.21,-37.67,0.38,-37.66,18.50,100.53,18.50,100.53,-20.32,-37.67,in->M1 x M3,99.47,117.97,237.9,55.0,92.7,218.5,186.8
200,0.30,4.0,-30.61,-37.62,0.14,-37.62,18.50,100.53,18.50,100.53,-14.54,-37.62,in->M1 x M3,99.47,117.97,237.9,55.0,92.7,218.5,196.9
200,0.30,5.0,-31.43,-36.12,11.40,-37.51,18.51,100.53,18.51,100.53,-8.74,-37.51,M1->M2 x M3,99.47,117.97,237.9,55.0,92.7,218.5,214.4
200,0.30,6.0,-31.05,-16.77,32.67,-29.16,19.55,100.53,19.55,100.53,-2.93,-31.05,in->M1 x M2,99.47,117.97,237.9,55.0,92.7,218.5,232.0
200,0.30,7.0,-19.18,2.62,53.92,-17.44,22.13,100.53,22.13,100.53,2.80,-19.18,in->M1 x M2,99.47,117.97,237.9,55.0,92.7,218.5,249.7
200,0.30,8.0,-3.80,21.93,75.16,-5.67,25.81,100.53,25.81,100.53,8.45,-5.67,M1->M2 x M3,99.47,117.97,237.9,55.0,92.7,218.5,267.4
200,0.30,9.0,11.51,41.23,96.38,6.04,30.21,102.00,30.21,102.00,14.13,6.04,M1->M2 x M3,99.47,117.97,237.9,55.0,92.7,218.5,285.2
200,0.30,10.0,26.79,60.52,117.56,17.47,35.07,106.49,35.07,106.49,19.84,17.47,M1->M2 x M3,99.47,117.97,237.9,55.0,92.7,218.5,303.1
200,0.30,11.0,42.05,79.79,138.71,28.59,40.25,113.71,39.86,113.71,25.58,25.58,M3->FP x M2,99.47,117.97,237.9,55.0,92.7,218.5,321.2
200,0.30,12.0,57.31,99.04,159.82,39.32,45.66,123.23,44.36,123.23,31.36,31.36,M3->FP x M2,99.47,117.97,237.9,55.0,92.7,218.5,339.4
200,0.30,13.0,72.54,118.25,180.88,49.59,51.23,134.61,48.56,134.61,37.19,37.19,M3->FP x M2,99.47,117.97,237.9,55.0,92.7,218.5,357.7
200,0.30,14.0,87.76,137.43,201.89,59.36,56.95,147.49,52.49,147.49,43.06,43.06,M3->FP x M2,99.47,117.97,237.9,55.0,92.7,218.5,376.1
200,0.30,15.0,102.94,156.57,222.83,68.61,62.79,161.54,56.16,161.57,48.99,48.99,M3->FP x M2,99.47,117.97,237.9,55.0,92.7,218.5,394.7
200,0.30,16.0,118.10,175.66,243.70,77.30,68.73,175.28,59.58,176.63,54.97,54.97,M3->FP x M2,99.47,117.97,237.9,55.0,92.7,218.5,413.5
200,0.30,17.0,133.22,194.70,264.51,85.44,74.77,188.11,62.77,192.49,61.01,61.01,M3->FP x M2,99.47,117.97,237.9,55.0,92.7,218.5,432.5
200,0.30,18.0,148.30,213.68,285.23,93.05,80.91,200.08,65.74,209.03,67.12,65.74,M2->M3 x FP,99.47,117.97,237.9,55.0,92.7,218.5,451.7
200,0.30,19.0,163.33,232.59,305.86,100.12,87.15,211.23,68.50,226.18,73.30,68.50,M2->M3 x FP,99.47,117.97,237.9,55.0,92.7,218.5,471.1
200,0.30,20.0,178.32,251.43,326.40,106.69,93.48,221.64,71.08,243.87,79.55,71.08,M2->M3 x FP,99.47,117.97,237.9,55.0,92.7,218.5,490.7
200,0.35,2.0,-36.33,-47.89,0.02,-47.93,34.33,83.80,34.33,83.80,-35.76,-47.93,M1->M2 x M3,116.20,150.53,230.1,64.2,110.8,234.3,186.3
200,0.35,3.0,-36.07,-47.69,0.06,-47.94,34.33,83.80,34.33,83.80,-29.98,-47.94,M1->M2 x M3,116.20,150.53,230.1,64.2,110.8,234.3,186.3
200,0.35,4.0,-35.92,-47.80,0.09,-47.83,34.33,83.80,34.33,83.80,-24.19,-47.83,M1->M2 x M3,116.20,150.53,230.1,64.2,110.8,234.3,199.0
200,0.35,5.0,-36.12,-47.94,4.69,-47.90,34.33,83.80,34.33,83.80,-18.39,-47.94,in->M1 x M3,116.20,150.53,230.1,64.2,110.8,234.3,214.9
200,0.35,6.0,-36.27,-38.60,24.57,-46.75,34.37,83.80,34.37,83.80,-12.57,-46.75,M1->M2 x M3,116.20,150.53,230.1,64.2,110.8,234.3,230.8
200,0.35,7.0,-35.89,-21.16,44.45,-35.02,35.15,83.80,35.15,83.80,-6.73,-35.89,in->M1 x M2,116.20,150.53,230.1,64.2,110.8,234.3,246.8
200,0.35,8.0,-22.20,-3.64,64.31,-23.24,36.86,83.80,36.86,83.80,-0.87,-23.24,M1->M2 x M3,116.20,150.53,230.1,64.2,110.8,234.3,262.9
200,0.35,9.0,-8.45,13.79,84.16,-11.40,39.38,83.80,39.38,83.80,4.84,-11.40,M1->M2 x M3,116.20,150.53,230.1,64.2,110.8,234.3,279.0
200,0.35,10.0,5.30,31.19,103.98,0.49,42.59,84.35,42.59,84.35,10.55,0.49,M1->M2 x M3,116.20,150.53,230.1,64.2,110.8,234.3,295.2
200,0.35,11.0,18.95,48.58,123.77,12.11,46.37,87.72,46.37,87.72,16.30,12.11,M1->M2 x M3,116.20,150.53,230.1,64.2,110.8,234.3,311.5
200,0.35,12.0,32.59,65.95,143.51,23.49,50.59,93.88,50.59,93.88,22.09,22.09,M3->FP x M2,116.20,150.53,230.1,64.2,110.8,234.3,328.0
200,0.35,13.0,46.22,83.31,163.22,34.58,55.17,102.40,55.17,102.40,27.92,27.92,M3->FP x M2,116.20,150.53,230.1,64.2,110.8,234.3,344.5
200,0.35,14.0,59.84,100.63,182.88,45.32,60.06,112.80,59.91,112.80,33.79,33.79,M3->FP x M2,116.20,150.53,230.1,64.2,110.8,234.3,361.2
200,0.35,15.0,73.44,117.93,202.48,55.67,65.19,124.67,64.41,124.67,39.72,39.72,M3->FP x M2,116.20,150.53,230.1,64.2,110.8,234.3,378.1
200,0.35,16.0,87.02,135.19,222.02,65.60,70.53,137.70,68.66,137.70,45.71,45.71,M3->FP x M2,116.20,150.53,230.1,64.2,110.8,234.3,395.1
200,0.35,17.0,100.57,152.41,241.49,75.08,76.05,151.19,72.67,151.65,51.75,51.75,M3->FP x M2,116.20,150.53,230.1,64.2,110.8,234.3,412.3
200,0.35,18.0,114.09,169.59,260.89,84.10,81.74,163.99,76.44,166.35,57.86,57.86,M3->FP x M2,116.20,150.53,230.1,64.2,110.8,234.3,429.6
200,0.35,19.0,127.57,186.71,280.20,92.65,87.59,176.09,80.00,181.68,64.04,64.04,M3->FP x M2,116.20,150.53,230.1,64.2,110.8,234.3,447.2
200,0.35,20.0,141.02,203.77,299.44,100.73,93.57,187.51,83.36,197.57,70.29,70.29,M3->FP x M2,116.20,150.53,230.1,64.2,110.8,234.3,465.0
200,0.40,2.0,-41.86,-59.27,0.03,-58.95,52.72,67.01,52.72,67.01,-42.13,-59.27,in->M1 x M3,132.99,185.71,224.3,73.3,130.4,252.7,186.0
200,0.40,3.0,-42.15,-59.14,0.00,-59.30,52.72,67.01,52.72,67.01,-40.35,-59.30,M1->M2 x M3,132.99,185.71,224.3,73.3,130.4,252.7,189.1
200,0.40,4.0,-41.79,-59.10,0.22,-59.09,52.72,67.01,52.72,67.01,-34.56,-59.10,in->M1 x M3,132.99,185.71,224.3,73.3,130.4,252.7,203.7
200,0.40,5.0,-41.98,-59.22,0.20,-58.91,52.72,67.01,52.72,67.01,-28.75,-59.22,in->M1 x M3,132.99,185.71,224.3,73.3,130.4,252.7,218.3
200,0.40,6.0,-41.93,-58.83,19.17,-59.01,52.72,67.01,52.72,67.01,-22.93,-59.01,M1->M2 x M3,132.99,185.71,224.3,73.3,130.4,252.7,233.0
200,0.40,7.0,-41.44,-42.94,38.12,-52.68,52.80,67.01,52.80,67.01,-17.08,-52.68,M1->M2 x M3,132.99,185.71,224.3,73.3,130.4,252.7,247.7
200,0.40,8.0,-37.32,-26.98,57.07,-40.88,53.45,67.01,53.45,67.01,-11.22,-40.88,M1->M2 x M3,132.99,185.71,224.3,73.3,130.4,252.7,262.5
200,0.40,9.0,-24.84,-10.94,76.00,-29.03,54.73,67.01,54.73,67.01,-5.32,-29.03,M1->M2 x M3,132.99,185.71,224.3,73.3,130.4,252.7,277.3
200,0.40,10.0,-12.29,5.11,94.90,-17.11,56.61,67.01,56.61,67.01,0.59,-17.11,M1->M2 x M3,132.99,185.71,224.3,73.3,130.4,252.7,292.3
200,0.40,11.0,0.33,21.03,113.78,-5.11,59.04,67.06,59.04,67.06,6.34,-5.11,M1->M2 x M3,132.99,185.71,224.3,73.3,130.4,252.7,307.3
200,0.40,12.0,12.76,36.94,132.62,6.75,61.97,69.30,61.97,69.30,12.13,6.75,M1->M2 x M3,132.99,185.71,224.3,73.3,130.4,252.7,322.5
200,0.40,13.0,25.20,52.84,151.42,18.34,65.34,74.65,65.34,74.65,17.96,17.96,M3->FP x M2,132.99,185.71,224.3,73.3,130.4,252.7,337.7
200,0.40,14.0,37.62,68.72,170.18,29.70,69.11,82.57,69.11,82.57,23.84,23.84,M3->FP x M2,132.99,185.71,224.3,73.3,130.4,252.7,353.1
200,0.40,15.0,50.04,84.58,188.88,40.79,73.23,92.47,73.23,92.47,29.77,29.77,M3->FP x M2,132.99,185.71,224.3,73.3,130.4,252.7,368.7
200,0.40,16.0,62.44,100.42,207.53,51.56,77.66,103.86,77.66,103.86,35.76,35.76,M3->FP x M2,132.99,185.71,224.3,73.3,130.4,252.7,384.3
200,0.40,17.0,74.82,116.22,226.11,62.00,82.36,116.36,82.33,116.36,41.81,41.81,M3->FP x M2,132.99,185.71,224.3,73.3,130.4,252.7,400.2
200,0.40,18.0,87.18,131.99,244.63,72.07,87.31,129.47,86.86,129.73,47.93,47.93,M3->FP x M2,132.99,185.71,224.3,73.3,130.4,252.7,416.2
200,0.40,19.0,99.51,147.72,263.07,81.76,92.49,142.10,91.17,143.78,54.11,54.11,M3->FP x M2,132.99,185.71,224.3,73.3,130.4,252.7,432.3
200,0.40,20.0,111.81,163.41,281.43,91.05,97.88,154.16,95.27,158.40,60.37,60.37,M3->FP x M2,132.99,185.71,224.3,73.3,130.4,252.7,448.7
200,0.45,2.0,-47.03,-71.17,0.08,-70.85,73.26,50.16,73.26,50.16,-47.22,-71.17,in->M1 x M3,149.84,223.10,219.7,82.5,151.2,273.3,185.7
200,0.45,3.0,-47.44,-71.22,0.09,-71.05,73.26,50.16,73.26,50.16,-47.39,-71.22,in->M1 x M3,149.84,223.10,219.7,82.5,151.2,273.3,196.4
200,0.45,4.0,-46.67,-70.86,0.07,-71.24,73.27,50.16,73.27,50.16,-45.52,-71.24,M1->M2 x M3,149.84,223.10,219.7,82.5,151.2,273.3,210.0
200,0.45,5.0,-47.12,-71.22,0.00,-71.14,73.26,50.16,73.26,50.16,-39.70,-71.22,in->M1 x M3,149.84,223.10,219.7,82.5,151.2,273.3,223.7
200,0.45,6.0,-46.75,-71.17,15.60,-71.03,73.27,50.16,73.27,50.16,-33.88,-71.17,in->M1 x M3,149.84,223.10,219.7,82.5,151.2,273.3,237.4
200,0.45,7.0,-46.94,-63.52,33.95,-70.29,73.26,50.16,73.26,50.16,-28.03,-70.29,M1->M2 x M3,149.84,223.10,219.7,82.5,151.2,273.3,251.2
200,0.45,8.0,-46.81,-48.84,52.29,-58.47,73.39,50.16,73.39,50.16,-22.16,-58.47,M1->M2 x M3,149.84,223.10,219.7,82.5,151.2,273.3,265.0
200,0.45,9.0,-38.76,-34.08,70.61,-46.60,73.96,50.16,73.96,50.16,-16.25,-46.60,M1->M2 x M3,149.84,223.10,219.7,82.5,151.2,273.3,278.9
200,0.45,10.0,-27.21,-19.24,88.92,-34.66,75.00,50.16,75.00,50.16,-10.32,-34.66,M1->M2 x M3,149.84,223.10,219.7,82.5,151.2,273.3,292.8
200,0.45,11.0,-15.59,-4.32,107.19,-22.65,76.50,50.16,76.50,50.16,-4.35,-22.65,M1->M2 x M3,149.84,223.10,219.7,82.5,151.2,273.3,306.9
200,0.45,12.0,-3.89,10.48,125.43,-10.56,78.43,50.16,78.43,50.16,1.60,-10.56,M1->M2 x M3,149.84,223.10,219.7,82.5,151.2,273.3,321.0
200,0.45,13.0,7.70,25.20,143.64,1.57,80.78,51.14,80.78,51.14,7.44,1.57,M1->M2 x M3,149.84,223.10,219.7,82.5,151.2,273.3,335.3
200,0.45,14.0,19.21,39.91,161.80,13.33,83.53,55.73,83.53,55.73,13.32,13.32,M3->FP x M2,149.84,223.10,219.7,82.5,151.2,273.3,349.6
200,0.45,15.0,30.71,54.61,179.91,24.91,86.64,63.38,86.64,63.38,19.26,19.26,M3->FP x M2,149.84,223.10,219.7,82.5,151.2,273.3,364.1
200,0.45,16.0,42.20,69.29,197.97,36.27,90.10,73.21,90.10,73.21,25.25,25.25,M3->FP x M2,149.84,223.10,219.7,82.5,151.2,273.3,378.8
200,0.45,17.0,53.67,83.95,215.97,47.38,93.88,84.55,93.88,84.55,31.30,31.30,M3->FP x M2,149.84,223.10,219.7,82.5,151.2,273.3,393.5
200,0.45,18.0,65.13,98.58,233.90,58.21,97.95,96.95,97.95,96.95,37.42,37.42,M3->FP x M2,149.84,223.10,219.7,82.5,151.2,273.3,408.5
200,0.45,19.0,76.57,113.19,251.76,68.75,102.31,109.74,102.31,110.11,43.61,43.61,M3->FP x M2,149.84,223.10,219.7,82.5,151.2,273.3,423.6
200,0.45,20.0,87.99,127.76,269.54,78.96,106.93,122.11,106.92,123.88,49.87,49.87,M3->FP x M2,149.84,223.10,219.7,82.5,151.2,273.3,438.9
200,0.50,2.0,-52.32,-83.65,0.01,-83.62,95.57,33.25,95.57,33.25,-52.63,-83.65,in->M1 x M3,166.75,262.32,216.1,91.7,173.0,295.6,192.1
200,0.50,3.0,-52.07,-83.72,0.29,-83.38,95.57,33.25,95.57,33.25,-52.60,-83.72,in->M1 x M3,166.75,262.32,216.1,91.7,173.0,295.6,204.9
200,0.50,4.0,-52.00,-83.55,0.21,-83.38,95.57,33.25,95.57,33.25,-52.56,-83.55,in->M1 x M3,166.75,262.32,216.1,91.7,173.0,295.6,217.8
200,0.50,5.0,-52.21,-83.44,0.06,-83.39,95.57,33.25,95.57,33.25,-51.15,-83.44,in->M1 x M3,166.75,262.32,216.1,91.7,173.0,295.6,230.6
200,0.50,6.0,-52.22,-83.68,13.34,-83.37,95.57,33.25,95.57,33.25,-45.31,-83.68,in->M1 x M3,166.75,262.32,216.1,91.7,173.0,295.6,243.6
200,0.50,7.0,-52.37,-83.35,31.31,-83.51,95.57,33.25,95.57,33.25,-39.46,-83.51,M1->M2 x M3,166.75,262.32,216.1,91.7,173.0,295.6,256.5
200,0.50,8.0,-52.49,-69.75,49.26,-75.88,95.57,33.25,95.57,33.25,-33.58,-75.88,M1->M2 x M3,166.75,262.32,216.1,91.7,173.0,295.6,269.6
200,0.50,9.0,-50.95,-56.08,67.21,-63.99,95.73,33.25,95.73,33.25,-27.67,-63.99,M1->M2 x M3,166.75,262.32,216.1,91.7,173.0,295.6,282.7
200,0.50,10.0,-40.20,-42.33,85.13,-52.03,96.25,33.25,96.25,33.25,-21.74,-52.03,M1->M2 x M3,166.75,262.32,216.1,91.7,173.0,295.6,295.8
200,0.50,11.0,-29.38,-28.50,103.02,-40.00,97.14,33.25,97.14,33.25,-15.76,-40.00,M1->M2 x M3,166.75,262.32,216.1,91.7,173.0,295.6,309.1
200,0.50,12.0,-18.48,-14.58,120.89,-27.89,98.39,33.25,98.39,33.25,-9.75,-27.89,M1->M2 x M3,166.75,262.32,216.1,91.7,173.0,295.6,322.5
200,0.50,13.0,-7.51,-0.56,138.71,-15.69,100.00,33.25,100.00,33.25,-3.69,-15.69,M1->M2 x M3,166.75,262.32,216.1,91.7,173.0,295.6,335.9
200,0.50,14.0,3.45,13.18,156.50,-3.39,101.96,33.35,101.96,33.35,2.33,-3.39,M1->M2 x M3,166.75,262.32,216.1,91.7,173.0,295.6,349.5
200,0.50,15.0,14.22,26.91,174.24,8.63,104.25,36.99,104.25,36.99,8.28,8.28,M3->FP x M2,166.75,262.32,216.1,91.7,173.0,295.6,363.1
200,0.50,16.0,24.99,40.62,191.92,20.39,106.88,44.76,106.88,44.76,14.27,14.27,M3->FP x M2,166.75,262.32,216.1,91.7,173.0,295.6,376.9
200,0.50,17.0,35.74,54.33,209.55,31.98,109.82,55.05,109.82,55.05,20.33,20.33,M3->FP x M2,166.75,262.32,216.1,91.7,173.0,295.6,390.9
200,0.50,18.0,46.49,68.01,227.11,43.36,113.07,66.79,113.07,66.79,26.45,26.45,M3->FP x M2,166.75,262.32,216.1,91.7,173.0,295.6,405.0
200,0.50,19.0,57.22,81.68,244.60,54.52,116.62,79.34,116.62,79.43,32.65,32.65,M3->FP x M2,166.75,262.32,216.1,91.7,173.0,295.6,419.2
200,0.50,20.0,67.94,95.32,262.02,65.43,120.44,91.73,120.44,92.69,38.91,38.91,M3->FP x M2,166.75,262.32,216.1,91.7,173.0,295.6,433.7
200,0.55,2.0,-57.85,-96.63,0.37,-96.40,119.22,16.28,119.22,16.28,-57.97,-96.63,in->M1 x M3,183.72,302.95,213.1,100.8,195.6,319.2,202.0
200,0.55,3.0,-57.42,-96.65,0.01,-96.46,119.22,16.28,119.22,16.28,-57.95,-96.65,in->M1 x M3,183.72,302.95,213.1,100.8,195.6,319.2,214.2
200,0.55,4.0,-57.63,-96.40,0.16,-96.68,119.22,16.28,119.22,16.28,-57.97,-96.68,M1->M2 x M3,183.72,302.95,213.1,100.8,195.6,319.2,226.4
200,0.55,5.0,-57.60,-96.59,0.27,-96.61,119.22,16.28,119.22,16.28,-57.97,-96.61,M1->M2 x M3,183.72,302.95,213.1,100.8,195.6,319.2,238.7
200,0.55,6.0,-57.64,-96.59,12.05,-96.35,119.22,16.28,119.22,16.28,-57.12,-96.59,in->M1 x M3,183.72,302.95,213.1,100.8,195.6,319.2,251.0
200,0.55,7.0,-57.52,-96.47,29.79,-96.69,119.22,16.28,119.22,16.28,-51.26,-96.69,M1->M2 x M3,183.72,302.95,213.1,100.8,195.6,319.2,263.3
200,0.55,8.0,-57.77,-90.01,47.53,-92.97,119.22,16.28,119.22,16.28,-45.38,-92.97,M1->M2 x M3,183.72,302.95,213.1,100.8,195.6,319.2,275.7
200,0.55,9.0,-57.30,-77.28,65.25,-81.06,119.23,16.28,119.23,16.28,-39.47,-81.06,M1->M2 x M3,183.72,302.95,213.1,100.8,195.6,319.2,288.2
200,0.55,10.0,-51.78,-64.48,82.95,-69.09,119.42,16.28,119.42,16.28,-33.52,-69.09,M1->M2 x M3,183.72,302.95,213.1,100.8,195.6,319.2,300.7
200,0.55,11.0,-41.62,-51.60,100.63,-57.04,119.91,16.28,119.91,16.28,-27.54,-57.04,M1->M2 x M3,183.72,302.95,213.1,100.8,195.6,319.2,313.3
200,0.55,12.0,-31.38,-38.64,118.28,-44.91,120.70,16.28,120.70,16.28,-21.52,-44.91,M1->M2 x M3,183.72,302.95,213.1,100.8,195.6,319.2,326.0
200,0.55,13.0,-21.07,-25.58,135.89,-32.69,121.79,16.28,121.79,16.28,-15.46,-32.69,M1->M2 x M3,183.72,302.95,213.1,100.8,195.6,319.2,338.8
200,0.55,14.0,-10.68,-12.42,153.46,-20.37,123.17,16.28,123.17,16.28,-9.34,-20.37,M1->M2 x M3,183.72,302.95,213.1,100.8,195.6,319.2,351.7
200,0.55,15.0,-0.20,0.83,170.98,-7.95,124.86,16.28,124.86,16.28,-3.18,-7.95,M1->M2 x M3,183.72,302.95,213.1,100.8,195.6,319.2,364.7
200,0.55,16.0,9.98,13.72,188.45,4.39,126.83,18.37,126.83,18.37,2.94,2.94,M3->FP x M2,183.72,302.95,213.1,100.8,195.6,319.2,377.9
200,0.55,17.0,20.16,26.60,205.86,16.32,129.10,27.16,129.10,27.16,9.00,9.00,M3->FP x M2,183.72,302.95,213.1,100.8,195.6,319.2,391.1
200,0.55,18.0,30.33,39.48,223.21,28.10,131.66,38.69,131.66,38.69,15.13,15.13,M3->FP x M2,183.72,302.95,213.1,100.8,195.6,319.2,404.5
200,0.55,19.0,40.49,52.34,240.50,39.72,134.49,51.07,134.49,51.27,21.33,21.33,M3->FP x M2,183.72,302.95,213.1,100.8,195.6,319.2,418.1
200,0.55,20.0,50.63,65.48,257.71,51.16,137.61,63.28,137.61,64.39,27.60,27.60,M3->FP x M2,183.72,302.95,213.1,100.8,195.6,319.2,431.8
200,0.60,2.0,-62.96,0.76,0.28,0.76,143.83,-105.15,143.83,-105.10,-62.86,-105.15,M2->M3 x M1,200.76,344.58,210.6,110.0,218.8,344.6,212.5
200,0.60,3.0,-62.80,0.76,0.28,0.76,143.83,-105.16,143.83,-105.24,-62.96,-105.24,M3->FP x M1,200.76,344.58,210.6,110.0,218.8,344.6,224.1
200,0.60,4.0,-62.62,0.76,0.10,0.76,143.83,-105.13,143.83,-105.25,-63.14,-105.25,M3->FP x M1,200.76,344.58,210.6,110.0,218.8,344.6,235.8
200,0.60,5.0,-62.67,0.76,0.12,0.76,143.83,-105.31,143.83,-105.17,-63.20,-105.31,M2->M3 x M1,200.76,344.58,210.6,110.0,218.8,344.6,247.6
200,0.60,6.0,-62.89,0.76,11.47,0.76,143.83,-105.26,143.83,-105.08,-63.20,-105.26,M2->M3 x M1,200.76,344.58,210.6,110.0,218.8,344.6,259.4
200,0.60,7.0,-63.15,0.76,29.11,0.76,143.83,-105.16,143.83,-105.36,-63.17,-105.36,M3->FP x M1,200.76,344.58,210.6,110.0,218.8,344.6,271.2
200,0.60,8.0,-63.05,0.76,46.75,0.76,143.83,-105.33,143.83,-105.27,-57.44,-105.33,M2->M3 x M1,200.76,344.58,210.6,110.0,218.8,344.6,283.0
200,0.60,9.0,-62.71,0.76,64.37,0.76,143.83,-97.18,143.83,-96.93,-51.52,-97.18,M2->M3 x M1,200.76,344.58,210.6,110.0,218.8,344.6,295.0
200,0.60,10.0,-62.31,0.76,81.98,0.76,143.85,-85.23,143.85,-84.95,-45.57,-85.23,M2->M3 x M1,200.76,344.58,210.6,110.0,218.8,344.6,307.0
200,0.60,11.0,-52.70,0.76,99.56,0.76,144.06,-73.20,144.06,-72.91,-39.59,-73.20,M2->M3 x M1,200.76,344.58,210.6,110.0,218.8,344.6,319.0
200,0.60,12.0,-43.01,0.76,117.11,0.76,144.53,-61.10,144.53,-60.78,-33.56,-61.10,M2->M3 x M1,200.76,344.58,210.6,110.0,218.8,344.6,331.2
200,0.60,13.0,-33.26,0.76,134.62,0.76,145.25,-48.91,145.25,-48.56,-27.49,-48.91,M2->M3 x M1,200.76,344.58,210.6,110.0,218.8,344.6,343.4
200,0.60,14.0,-23.42,0.76,152.09,0.76,146.22,-36.61,146.22,-36.25,-21.37,-36.61,M2->M3 x M1,200.76,344.58,210.6,110.0,218.8,344.6,355.8
200,0.60,15.0,-13.51,0.76,169.52,0.76,147.45,-24.22,147.45,-23.83,-15.20,-24.22,M2->M3 x M1,200.76,344.58,210.6,110.0,218.8,344.6,368.2
200,0.60,16.0,-3.50,0.76,186.89,0.76,148.94,-11.70,148.94,-11.29,-8.97,-11.70,M2->M3 x M1,200.76,344.58,210.6,110.0,218.8,344.6,380.8
200,0.60,17.0,6.33,0.94,204.21,0.94,150.69,0.89,150.69,1.32,-2.67,-2.67,M3->FP x M2,200.76,344.58,210.6,110.0,218.8,344.6,393.5
200,0.60,18.0,16.02,13.37,221.47,12.84,152.69,13.00,152.69,13.98,3.55,3.55,M3->FP x M2,200.76,344.58,210.6,110.0,218.8,344.6,406.3
200,0.60,19.0,25.71,26.30,238.65,24.80,154.96,25.00,154.96,26.91,9.76,9.76,M3->FP x M2,200.76,344.58,210.6,110.0,218.8,344.6,419.3
200,0.60,20.0,35.39,39.39,255.77,36.63,157.48,36.87,157.48,40.00,16.04,16.04,M3->FP x M2,200.76,344.58,210.6,110.0,218.8,344.6,432.5
200,0.65,2.0,-67.92,17.85,0.26,17.85,168.97,-105.39,168.97,-105.16,-68.39,-105.39,M2->M3 x M1,217.85,386.83,208.5,119.2,242.3,386.8,223.3
200,0.65,3.0,-68.08,17.85,0.30,17.85,168.97,-105.03,168.97,-104.91,-68.41,-105.03,M2->M3 x M1,217.85,386.83,208.5,119.2,242.3,386.8,234.5
200,0.65,4.0,-68.35,17.85,0.14,17.85,168.97,-105.41,168.97,-105.11,-68.29,-105.41,M2->M3 x M1,217.85,386.83,208.5,119.2,242.3,386.8,245.8
200,0.65,5.0,-68.44,17.85,0.07,17.85,168.97,-104.96,168.97,-105.34,-68.49,-105.34,M3->FP x M1,217.85,386.83,208.5,119.2,242.3,386.8,257.1
200,0.65,6.0,-68.23,17.85,11.41,17.85,168.97,-104.48,168.97,-105.38,-68.24,-105.38,M3->FP x M1,217.85,386.83,208.5,119.2,242.3,386.8,268.4
200,0.65,7.0,-68.04,17.85,29.05,17.85,168.97,-104.97,168.97,-105.09,-68.50,-105.09,M3->FP x M1,217.85,386.83,208.5,119.2,242.3,386.8,279.8
200,0.65,8.0,-67.89,17.85,46.68,17.85,168.97,-105.29,168.97,-105.20,-68.28,-105.29,M2->M3 x M1,217.85,386.83,208.5,119.2,242.3,386.8,291.2
200,0.65,9.0,-67.79,17.85,64.30,17.85,168.97,-105.36,168.97,-105.30,-63.73,-105.36,M2->M3 x M1,217.85,386.83,208.5,119.2,242.3,386.8,302.7
200,0.65,10.0,-67.75,17.85,81.89,17.85,168.97,-102.10,168.97,-96.33,-57.77,-102.10,M2->M3 x M1,217.85,386.83,208.5,119.2,242.3,386.8,314.2
200,0.65,11.0,-62.88,17.85,99.47,17.85,169.01,-91.00,169.01,-84.74,-51.78,-91.00,M2->M3 x M1,217.85,386.83,208.5,119.2,242.3,386.8,325.8
200,0.65,12.0,-53.66,17.85,117.01,17.85,169.25,-79.82,169.25,-73.08,-45.74,-79.82,M2->M3 x M1,217.85,386.83,208.5,119.2,242.3,386.8,337.5
200,0.65,13.0,-44.38,17.85,134.51,17.85,169.70,-68.57,169.70,-61.32,-39.67,-68.57,M2->M3 x M1,217.85,386.83,208.5,119.2,242.3,386.8,349.3
200,0.65,14.0,-35.02,17.85,151.97,17.85,170.37,-57.22,170.37,-49.47,-33.54,-57.22,M2->M3 x M1,217.85,386.83,208.5,119.2,242.3,386.8,361.2
200,0.65,15.0,-25.58,17.85,169.39,17.85,171.26,-45.78,171.26,-37.52,-27.36,-45.78,M2->M3 x M1,217.85,386.83,208.5,119.2,242.3,386.8,373.2
200,0.65,16.0,-16.05,17.85,186.76,17.85,172.38,-34.23,172.38,-25.46,-21.13,-34.23,M2->M3 x M1,217.85,386.83,208.5,119.2,242.3,386.8,385.3
200,0.65,17.0,-6.42,17.85,204.07,17.85,173.73,-22.56,173.73,-13.28,-14.83,-22.56,M2->M3 x M1,217.85,386.83,208.5,119.2,242.3,386.8,397.5
200,0.65,18.0,3.14,17.85,221.32,17.85,175.30,-10.77,175.30,-0.97,-8.46,-10.77,M2->M3 x M1,217.85,386.83,208.5,119.2,242.3,386.8,409.9
200,0.65,19.0,12.43,18.35,238.49,18.35,177.11,1.10,177.11,11.07,-2.03,-2.03,M3->FP x M2,217.85,386.83,208.5,119.2,242.3,386.8,422.4
200,0.65,20.0,21.72,24.54,255.60,24.54,179.16,12.53,179.16,23.23,4.33,4.33,M3->FP x M2,217.85,386.83,208.5,119.2,242.3,386.8,435.0
200,0.70,2.0,-73.69,35.01,0.38,35.01,194.25,-104.66,194.25,-105.33,-73.74,-105.33,M3->FP x M1,235.01,429.26,206.7,128.3,266.0,429.3,240.2
200,0.70,3.0,-73.02,35.01,0.14,35.01,194.25,-104.73,194.25,-105.24,-73.42,-105.24,M3->FP x M1,235.01,429.26,206.7,128.3,266.0,429.3,245.1
200,0.70,4.0,-73.19,35.01,0.05,35.01,194.25,-105.07,194.25,-105.16,-73.64,-105.16,M3->FP x M1,235.01,429.26,206.7,128.3,266.0,429.3,256.0
200,0.70,5.0,-73.76,35.01,0.35,35.01,194.25,-105.39,194.25,-105.12,-73.49,-105.39,M2->M3 x M1,235.01,429.26,206.7,128.3,266.0,429.3,266.9
200,0.70,6.0,-73.16,35.01,11.75,35.01,194.25,-105.16,194.25,-105.11,-73.68,-105.16,M2->M3 x M1,235.01,429.26,206.7,128.3,266.0,429.3,277.9
200,0.70,7.0,-73.74,35.01,29.45,35.01,194.25,-104.93,194.25,-105.13,-73.42,-105.13,M3->FP x M1,235.01,429.26,206.7,128.3,266.0,429.3,288.9
200,0.70,8.0,-73.30,35.01,47.13,35.01,194.25,-104.36,194.25,-105.21,-73.78,-105.21,M3->FP x M1,235.01,429.26,206.7,128.3,266.0,429.3,299.9
200,0.70,9.0,-73.47,35.01,64.81,35.01,194.25,-105.27,194.25,-105.34,-73.40,-105.34,M3->FP x M1,235.01,429.26,206.7,128.3,266.0,429.3,311.0
200,0.70,10.0,-73.66,35.01,82.46,35.01,194.25,-105.36,194.25,-105.40,-70.00,-105.40,M3->FP x M1,235.01,429.26,206.7,128.3,266.0,429.3,322.2
200,0.70,11.0,-72.36,35.01,100.09,35.01,194.25,-105.38,194.25,-95.91,-64.00,-105.38,M2->M3 x M1,235.01,429.26,206.7,128.3,266.0,429.3,333.4
200,0.70,12.0,-63.54,35.01,117.68,35.01,194.32,-96.55,194.32,-84.64,-57.97,-96.55,M2->M3 x M1,235.01,429.26,206.7,128.3,266.0,429.3,344.7
200,0.70,13.0,-54.66,35.01,135.24,35.01,194.57,-86.10,194.57,-73.28,-51.88,-86.10,M2->M3 x M1,235.01,429.26,206.7,128.3,266.0,429.3,356.1
200,0.70,14.0,-45.71,35.01,152.76,35.01,195.01,-75.57,195.01,-61.83,-45.75,-75.57,M2->M3 x M1,235.01,429.26,206.7,128.3,266.0,429.3,367.6
200,0.70,15.0,-36.67,35.01,170.24,35.01,195.65,-64.94,195.65,-50.28,-39.57,-64.94,M2->M3 x M1,235.01,429.26,206.7,128.3,266.0,429.3,379.2
200,0.70,16.0,-27.56,35.01,187.66,35.01,196.48,-54.21,196.48,-38.63,-33.32,-54.21,M2->M3 x M1,235.01,429.26,206.7,128.3,266.0,429.3,390.9
200,0.70,17.0,-18.35,35.01,205.02,35.01,197.52,-43.38,197.52,-26.86,-27.02,-43.38,M2->M3 x M1,235.01,429.26,206.7,128.3,266.0,429.3,402.7
200,0.70,18.0,-9.04,35.01,222.33,35.01,198.76,-32.44,198.76,-14.96,-20.65,-32.44,M2->M3 x M1,235.01,429.26,206.7,128.3,266.0,429.3,414.6
200,0.70,19.0,0.35,35.01,239.56,35.01,200.21,-21.36,200.21,-2.93,-14.20,-21.36,M2->M3 x M1,235.01,429.26,206.7,128.3,266.0,429.3,426.7
200,0.70,20.0,9.30,35.01,256.72,35.01,201.88,-10.16,201.88,8.92,-7.68,-10.16,M2->M3 x M1,235.01,429.26,206.7,128.3,266.0,429.3,438.9
200,0.75,2.0,-78.25,52.22,0.26,52.22,219.25,-105.20,219.25,-104.74,-78.74,-105.20,M2->M3 x M1,252.22,471.47,205.2,137.5,289.5,471.5,263.7
200,0.75,3.0,-78.75,52.22,0.04,52.22,219.25,-105.25,219.25,-104.55,-79.01,-105.25,M2->M3 x M1,252.22,471.47,205.2,137.5,289.5,471.5,263.7
200,0.75,4.0,-78.51,52.22,0.38,52.22,219.25,-104.95,219.25,-105.19,-78.86,-105.19,M3->FP x M1,252.22,471.47,205.2,137.5,289.5,471.5,266.4
200,0.75,5.0,-78.64,52.22,0.01,52.22,219.25,-105.29,219.25,-105.31,-78.62,-105.31,M3->FP x M1,252.22,471.47,205.2,137.5,289.5,471.5,277.0
200,0.75,6.0,-78.93,52.22,12.36,52.22,219.25,-103.91,219.25,-105.37,-78.45,-105.37,M3->FP x M1,252.22,471.47,205.2,137.5,289.5,471.5,287.6
200,0.75,7.0,-78.02,52.22,30.16,52.22,219.25,-105.25,219.25,-105.27,-78.66,-105.27,M3->FP x M1,252.22,471.47,205.2,137.5,289.5,471.5,298.3
200,0.75,8.0,-78.89,52.22,47.95,52.22,219.25,-105.04,219.25,-104.32,-78.84,-105.04,M2->M3 x M1,252.22,471.47,205.2,137.5,289.5,471.5,309.0
200,0.75,9.0,-78.48,52.22,65.72,52.22,219.25,-105.03,219.25,-104.81,-78.99,-105.03,M2->M3 x M1,252.22,471.47,205.2,137.5,289.5,471.5,319.7
200,0.75,10.0,-78.85,52.22,83.48,52.22,219.25,-105.12,219.25,-105.17,-79.01,-105.17,M3->FP x M1,252.22,471.47,205.2,137.5,289.5,471.5,330.6
200,0.75,11.0,-78.75,52.22,101.21,52.22,219.25,-104.26,219.25,-105.30,-76.16,-105.30,M3->FP x M1,252.22,471.47,205.2,137.5,289.5,471.5,341.5
200,0.75,12.0,-72.81,52.22,118.91,52.22,219.25,-105.14,219.25,-95.51,-70.11,-105.14,M2->M3 x M1,252.22,471.47,205.2,137.5,289.5,471.5,352.4
200,0.75,13.0,-64.28,52.22,136.57,52.22,219.35,-101.84,219.35,-84.49,-64.02,-101.84,M2->M3 x M1,252.22,471.47,205.2,137.5,289.5,471.5,363.5
200,0.75,14.0,-55.67,52.22,154.19,52.22,219.61,-92.01,219.61,-73.39,-57.88,-92.01,M2->M3 x M1,252.22,471.47,205.2,137.5,289.5,471.5,374.6
200,0.75,15.0,-46.99,52.22,171.76,52.22,220.05,-82.09,220.05,-62.19,-51.69,-82.09,M2->M3 x M1,252.22,471.47,205.2,137.5,289.5,471.5,385.9
200,0.75,16.0,-38.24,52.22,189.29,52.22,220.66,-72.08,220.66,-50.89,-45.44,-72.08,M2->M3 x M1,252.22,471.47,205.2,137.5,289.5,471.5,397.2
200,0.75,17.0,-29.39,52.22,206.75,52.22,221.46,-61.97,221.46,-39.47,-39.13,-61.97,M2->M3 x M1,252.22,471.47,205.2,137.5,289.5,471.5,408.7
200,0.75,18.0,-20.45,52.22,224.15,52.22,222.44,-51.75,222.44,-27.93,-32.75,-51.75,M2->M3 x M1,252.22,471.47,205.2,137.5,289.5,471.5,420.3
200,0.75,19.0,-11.41,52.22,241.48,52.22,223.60,-41.42,223.60,-16.26,-26.30,-41.42,M2->M3 x M1,252.22,471.47,205.2,137.5,289.5,471.5,432.0
200,0.75,20.0,-2.26,52.22,258.74,52.22,224.96,-30.96,224.96,-4.46,-19.78,-30.96,M2->M3 x M1,252.22,471.47,205.2,137.5,289.5,471.5,443.9
200,0.80,2.0,-83.55,69.47,0.03,69.47,243.56,-105.35,243.56,-104.97,-83.72,-105.35,M2->M3 x M1,269.47,513.03,203.8,146.7,312.6,513.0,286.8
200,0.80,3.0,-83.82,69.47,0.40,69.47,243.56,-105.37,243.56,-105.32,-84.01,-105.37,M2->M3 x M1,269.47,513.03,203.8,146.7,312.6,513.0,286.8
200,0.80,4.0,-83.77,69.47,0.07,69.47,243.56,-104.29,243.56,-104.81,-83.96,-104.81,M3->FP x M1,269.47,513.03,203.8,146.7,312.6,513.0,286.8
200,0.80,5.0,-83.64,69.47,0.23,69.47,243.56,-105.31,243.56,-104.99,-83.92,-105.31,M2->M3 x M1,269.47,513.03,203.8,146.7,312.6,513.0,287.1
200,0.80,6.0,-84.06,69.47,13.14,69.47,243.56,-104.06,243.56,-105.39,-84.02,-105.39,M3->FP x M1,269.47,513.03,203.8,146.7,312.6,513.0,297.4
200,0.80,7.0,-84.08,69.47,31.07,69.47,243.56,-105.14,243.56,-104.99,-84.01,-105.14,M2->M3 x M1,269.47,513.03,203.8,146.7,312.6,513.0,307.8
200,0.80,8.0,-84.05,69.47,48.99,69.47,243.56,-105.05,243.56,-104.72,-83.97,-105.05,M2->M3 x M1,269.47,513.03,203.8,146.7,312.6,513.0,318.2
200,0.80,9.0,-83.48,69.47,66.90,69.47,243.56,-104.91,243.56,-105.25,-83.89,-105.25,M3->FP x M1,269.47,513.03,203.8,146.7,312.6,513.0,328.7
200,0.80,10.0,-84.12,69.47,84.78,69.47,243.56,-105.20,243.56,-105.25,-83.98,-105.25,M3->FP x M1,269.47,513.03,203.8,146.7,312.6,513.0,339.2
200,0.80,11.0,-83.95,69.47,102.65,69.47,243.56,-104.23,243.56,-104.01,-83.93,-104.23,M2->M3 x M1,269.47,513.03,203.8,146.7,312.6,513.0,349.8
200,0.80,12.0,-81.58,69.47,120.47,69.47,243.56,-105.11,243.56,-105.14,-82.07,-105.14,M3->FP x M1,269.47,513.03,203.8,146.7,312.6,513.0,360.5
200,0.80,13.0,-73.35,69.47,138.27,69.47,243.57,-103.79,243.57,-94.97,-75.97,-103.79,M2->M3 x M1,269.47,513.03,203.8,146.7,312.6,513.0,371.3
200,0.80,14.0,-65.05,69.47,156.02,69.47,243.69,-105.41,243.69,-84.17,-69.83,-105.41,M2->M3 x M1,269.47,513.03,203.8,146.7,312.6,513.0,382.1
200,0.80,15.0,-56.68,69.47,173.72,69.47,243.97,-97.52,243.97,-73.27,-63.63,-97.52,M2->M3 x M1,269.47,513.03,203.8,146.7,312.6,513.0,393.1
200,0.80,16.0,-48.24,69.47,191.37,69.47,244.41,-88.13,244.41,-62.28,-57.37,-88.13,M2->M3 x M1,269.47,513.03,203.8,146.7,312.6,513.0,404.1
200,0.80,17.0,-39.71,69.47,208.96,69.47,245.01,-78.66,245.01,-51.17,-51.06,-78.66,M2->M3 x M1,269.47,513.03,203.8,146.7,312.6,513.0,415.3
200,0.80,18.0,-31.09,69.47,226.49,69.47,245.78,-69.08,245.78,-39.95,-44.67,-69.08,M2->M3 x M1,269.47,513.03,203.8,146.7,312.6,513.0,426.6
200,0.80,19.0,-22.37,69.47,243.95,69.47,246.71,-59.39,246.71,-28.59,-38.22,-59.39,M2->M3 x M1,269.47,513.03,203.8,146.7,312.6,513.0,438.0
200,0.80,20.0,-13.55,69.47,261.34,69.47,247.83,-49.59,247.83,-17.11,-31.68,-49.59,M2->M3 x M1,269.47,513.03,203.8,146.7,312.6,513.0,449.5
200,0.85,2.0,-89.29,86.77,0.24,86.77,266.76,-103.46,266.76,-105.31,-89.26,-105.31,M3->FP x M1,286.77,553.53,202.6,155.8,335.1,553.5,309.3
200,0.85,3.0,-89.50,86.77,0.05,86.77,266.76,-105.15,266.76,-104.46,-89.44,-105.15,M2->M3 x M1,286.77,553.53,202.6,155.8,335.1,553.5,309.3
200,0.85,4.0,-89.10,86.77,0.19,86.77,266.76,-105.21,266.76,-105.23,-89.39,-105.23,M3->FP x M1,286.77,553.53,202.6,155.8,335.1,553.5,309.3
200,0.85,5.0,-89.34,86.77,0.39,86.77,266.76,-104.73,266.76,-105.06,-89.18,-105.06,M3->FP x M1,286.77,553.53,202.6,155.8,335.1,553.5,309.3
200,0.85,6.0,-89.52,86.77,14.00,86.77,266.76,-103.80,266.76,-105.20,-88.77,-105.20,M3->FP x M1,286.77,553.53,202.6,155.8,335.1,553.5,309.3
200,0.85,7.0,-89.21,86.77,32.08,86.77,266.76,-105.25,266.76,-105.17,-89.40,-105.25,M2->M3 x M1,286.77,553.53,202.6,155.8,335.1,553.5,317.3
200,0.85,8.0,-89.17,86.77,50.15,86.77,266.76,-105.31,266.76,-104.41,-89.21,-105.31,M2->M3 x M1,286.77,553.53,202.6,155.8,335.1,553.5,327.4
200,0.85,9.0,-89.41,86.77,68.20,86.77,266.76,-104.09,266.76,-105.38,-89.54,-105.38,M3->FP x M1,286.77,553.53,202.6,155.8,335.1,553.5,337.7
200,0.85,10.0,-89.59,86.77,86.24,86.77,266.76,-104.64,266.76,-104.01,-89.17,-104.64,M2->M3 x M1,286.77,553.53,202.6,155.8,335.1,553.5,348.0
200,0.85,11.0,-88.67,86.77,104.24,86.77,266.76,-105.32,266.76,-105.39,-88.66,-105.39,M3->FP x M1,286.77,553.53,202.6,155.8,335.1,553.5,358.3
200,0.85,12.0,-89.27,86.77,122.22,86.77,266.76,-104.78,266.76,-105.29,-89.20,-105.29,M3->FP x M1,286.77,553.53,202.6,155.8,335.1,553.5,368.7
200,0.85,13.0,-81.97,86.77,140.16,86.77,266.76,-104.17,266.76,-104.70,-87.62,-104.70,M3->FP x M1,286.77,553.53,202.6,155.8,335.1,553.5,379.2
200,0.85,14.0,-73.95,86.77,158.05,86.77,266.78,-105.16,266.78,-94.16,-81.47,-105.16,M2->M3 x M1,286.77,553.53,202.6,155.8,335.1,553.5,389.8
200,0.85,15.0,-65.85,86.77,175.90,86.77,266.93,-104.91,266.93,-83.54,-75.26,-104.91,M2->M3 x M1,286.77,553.53,202.6,155.8,335.1,553.5,400.5
200,0.85,16.0,-57.68,86.77,193.69,86.77,267.22,-102.62,267.22,-72.81,-69.00,-102.62,M2->M3 x M1,286.77,553.53,202.6,155.8,335.1,553.5,411.3
200,0.85,17.0,-49.43,86.77,211.43,86.77,267.67,-93.70,267.67,-61.98,-62.68,-93.70,M2->M3 x M1,286.77,553.53,202.6,155.8,335.1,553.5,422.2
200,0.85,18.0,-41.09,86.77,229.10,86.77,268.26,-84.68,268.26,-51.03,-56.29,-84.68,M2->M3 x M1,286.77,553.53,202.6,155.8,335.1,553.5,433.2
200,0.85,19.0,-32.66,86.77,246.70,86.77,269.01,-75.57,269.01,-39.95,-49.83,-75.57,M2->M3 x M1,286.77,553.53,202.6,155.8,335.1,553.5,444.3
200,0.85,20.0,-24.13,86.77,264.22,86.77,269.92,-66.34,269.92,-28.75,-43.29,-66.34,M2->M3 x M1,286.77,553.53,202.6,155.8,335.1,553.5,455.6
200,0.90,2.0,-94.76,104.11,0.33,104.11,288.44,-104.71,288.44,-105.37,-94.52,-105.37,M3->FP x M1,304.11,592.55,201.5,165.0,356.9,592.5,331.0
200,0.90,3.0,-94.56,104.11,0.40,104.11,288.44,-103.76,288.44,-104.74,-94.28,-104.74,M3->FP x M1,304.11,592.55,201.5,165.0,356.9,592.5,331.0
200,0.90,4.0,-93.96,104.11,0.30,104.11,288.44,-103.54,288.44,-105.25,-94.69,-105.25,M3->FP x M1,304.11,592.55,201.5,165.0,356.9,592.5,331.0
200,0.90,5.0,-94.60,104.11,0.25,104.11,288.44,-104.53,288.44,-105.34,-94.59,-105.34,M3->FP x M1,304.11,592.55,201.5,165.0,356.9,592.5,331.0
200,0.90,6.0,-94.54,104.11,14.88,104.11,288.44,-105.30,288.44,-104.57,-94.79,-105.30,M2->M3 x M1,304.11,592.55,201.5,165.0,356.9,592.5,331.0
200,0.90,7.0,-94.57,104.11,33.11,104.11,288.44,-105.39,288.44,-105.29,-94.83,-105.39,M2->M3 x M1,304.11,592.55,201.5,165.0,356.9,592.5,331.0
200,0.90,8.0,-94.63,104.11,51.33,104.11,288.44,-105.27,288.44,-104.03,-94.61,-105.27,M2->M3 x M1,304.11,592.55,201.5,165.0,356.9,592.5,336.5
200,0.90,9.0,-94.13,104.11,69.53,104.11,288.44,-104.46,288.44,-105.42,-94.78,-105.42,M3->FP x M1,304.11,592.55,201.5,165.0,356.9,592.5,346.5
200,0.90,10.0,-94.85,104.11,87.71,104.11,288.44,-103.32,288.44,-103.69,-94.55,-103.69,M3->FP x M1,304.11,592.55,201.5,165.0,356.9,592.5,356.5
200,0.90,11.0,-94.45,104.11,105.86,104.11,288.44,-104.30,288.44,-105.35,-94.76,-105.35,M3->FP x M1,304.11,592.55,201.5,165.0,356.9,592.5,366.7
200,0.90,12.0,-94.11,104.11,123.99,104.11,288.44,-105.27,288.44,-103.60,-94.64,-105.27,M2->M3 x M1,304.11,592.55,201.5,165.0,356.9,592.5,376.9
200,0.90,13.0,-90.23,104.11,142.07,104.11,288.44,-105.18,288.44,-105.32,-94.84,-105.32,M3->FP x M1,304.11,592.55,201.5,165.0,356.9,592.5,387.1
200,0.90,14.0,-82.44,104.11,160.11,104.11,288.44,-105.03,288.44,-103.34,-92.69,-105.03,M2->M3 x M1,304.11,592.55,201.5,165.0,356.9,592.5,397.5
200,0.90,15.0,-74.59,104.11,178.10,104.11,288.48,-103.59,288.48,-92.95,-86.48,-103.59,M2->M3 x M1,304.11,592.55,201.5,165.0,356.9,592.5,407.9
200,0.90,16.0,-66.67,104.11,196.04,104.11,288.65,-104.45,288.65,-82.46,-80.21,-104.45,M2->M3 x M1,304.11,592.55,201.5,165.0,356.9,592.5,418.5
200,0.90,17.0,-58.66,104.11,213.92,104.11,288.96,-105.39,288.96,-71.87,-73.88,-105.39,M2->M3 x M1,304.11,592.55,201.5,165.0,356.9,592.5,429.1
200,0.90,18.0,-50.57,104.11,231.73,104.11,289.41,-98.78,289.41,-61.16,-67.49,-98.78,M2->M3 x M1,304.11,592.55,201.5,165.0,356.9,592.5,439.9
200,0.90,19.0,-42.39,104.11,249.48,104.11,290.01,-90.17,290.01,-50.34,-61.02,-90.17,M2->M3 x M1,304.11,592.55,201.5,165.0,356.9,592.5,450.8
200,0.90,20.0,-34.12,104.11,267.14,104.11,290.75,-81.46,290.75,-39.39,-54.47,-81.46,M2->M3 x M1,304.11,592.55,201.5,165.0,356.9,592.5,461.8
250,0.30,2.0,-31.05,-42.70,0.14,-42.64,34.48,150.46,34.48,150.46,-30.53,-42.70,in->M1 x M3,99.54,134.02,251.6,55.0,101.6,284.5,187.7
250,0.30,3.0,-31.59,-42.61,0.03,-42.52,34.48,150.46,34.48,150.46,-24.75,-42.61,in->M1 x M3,99.54,134.02,251.6,55.0,101.6,284.5,193.0
250,0.30,4.0,-31.20,-42.48,5.75,-42.41,34.48,150.46,34.48,150.46,-18.96,-42.48,in->M1 x M3,99.54,134.02,251.6,55.0,101.6,284.5,213.4
250,0.30,5.0,-31.37,-22.85,31.07,-39.55,34.48,150.46,34.48,150.46,-13.16,-39.55,M1->M2 x M3,99.54,134.02,251.6,55.0,101.6,284.5,233.9
250,0.30,6.0,-12.30,0.31,56.38,-27.87,35.05,150.46,35.05,150.46,-7.34,-27.87,M1->M2 x M3,99.54,134.02,251.6,55.0,101.6,284.5,254.4
250,0.30,7.0,6.80,23.39,81.67,-16.14,36.56,150.46,36.56,150.46,-1.51,-16.14,M1->M2 x M3,99.54,134.02,251.6,55.0,101.6,284.5,275.0
250,0.30,8.0,25.83,46.47,106.93,-4.37,38.89,151.54,38.89,151.54,4.20,-4.37,M1->M2 x M3,99.54,134.02,251.6,55.0,101.6,284.5,295.8
250,0.30,9.0,44.85,69.52,132.17,7.22,41.94,155.38,41.94,155.38,9.88,7.22,M1->M2 x M3,99.54,134.02,251.6,55.0,101.6,284.5,316.6
250,0.30,10.0,63.85,92.56,157.36,18.43,45.57,161.86,45.57,161.86,15.59,15.59,M3->FP x M2,99.54,134.02,251.6,55.0,101.6,284.5,337.5
250,0.30,11.0,82.84,115.57,182.51,29.26,49.67,170.72,49.67,170.72,21.34,21.34,M3->FP x M2,99.54,134.02,251.6,55.0,101.6,284.5,358.5
250,0.30,12.0,101.80,138.54,207.60,39.66,54.14,181.68,54.14,181.68,27.13,27.13,M3->FP x M2,99.54,134.02,251.6,55.0,101.6,284.5,379.7
250,0.30,13.0,120.73,161.48,232.62,49.58,58.92,194.43,58.66,194.43,32.96,32.96,M3->FP x M2,99.54,134.02,251.6,55.0,101.6,284.5,401.1
250,0.30,14.0,139.62,184.36,257.58,58.98,63.95,208.69,62.87,208.69,38.84,38.84,M3->FP x M2,99.54,134.02,251.6,55.0,101.6,284.5,422.6
250,0.30,15.0,158.47,207.18,282.45,67.85,69.20,224.25,66.80,224.25,44.76,44.76,M3->FP x M2,99.54,134.02,251.6,55.0,101.6,284.5,444.4
250,0.30,16.0,177.28,229.95,307.25,76.18,74.63,240.81,70.47,240.92,50.75,50.75,M3->FP x M2,99.54,134.02,251.6,55.0,101.6,284.5,466.3
250,0.30,17.0,196.02,252.64,331.94,83.98,80.23,256.73,73.88,258.53,56.79,56.79,M3->FP x M2,99.54,134.02,251.6,55.0,101.6,284.5,488.4
250,0.30,18.0,214.71,275.26,356.54,91.26,85.99,271.53,77.07,276.99,62.90,62.90,M3->FP x M2,99.54,134.02,251.6,55.0,101.6,284.5,510.8
250,0.30,19.0,233.34,297.79,381.03,98.04,91.88,285.28,80.03,296.19,69.08,69.08,M3->FP x M2,99.54,134.02,251.6,55.0,101.6,284.5,533.5
250,0.30,20.0,251.89,320.23,405.40,104.35,97.91,298.05,82.80,316.08,75.34,75.34,M3->FP x M2,99.54,134.02,251.6,55.0,101.6,284.5,556.4
250,0.35,2.0,-36.43,-53.21,0.07,-53.09,50.41,133.72,50.41,133.72,-36.72,-53.21,in->M1 x M3,116.28,166.69,241.8,64.2,119.8,300.4,187.1
250,0.35,3.0,-36.78,-53.20,0.07,-53.07,50.41,133.72,50.41,133.72,-34.44,-53.20,in->M1 x M3,116.28,166.69,241.8,64.2,119.8,300.4,195.6
250,0.35,4.0,-36.17,-53.22,0.30,-53.12,50.41,133.72,50.41,133.72,-28.65,-53.22,in->M1 x M3,116.28,166.69,241.8,64.2,119.8,300.4,213.9
250,0.35,5.0,-36.72,-44.77,22.35,-53.16,50.41,133.72,50.41,133.72,-22.84,-53.16,M1->M2 x M3,116.28,166.69,241.8,64.2,119.8,300.4,232.3
250,0.35,6.0,-29.76,-23.99,45.87,-44.97,50.44,133.72,50.44,133.72,-17.02,-44.97,M1->M2 x M3,116.28,166.69,241.8,64.2,119.8,300.4,250.7
250,0.35,7.0,-12.72,-3.14,69.37,-33.23,50.98,133.72,50.98,133.72,-11.18,-33.23,M1->M2 x M3,116.28,166.69,241.8,64.2,119.8,300.4,269.2
250,0.35,8.0,4.34,17.64,92.85,-21.44,52.17,133.72,52.17,133.72,-5.31,-21.44,M1->M2 x M3,116.28,166.69,241.8,64.2,119.8,300.4,287.8
250,0.35,9.0,21.32,38.39,116.30,-9.59,53.98,134.19,53.98,134.19,0.57,-9.59,M1->M2 x M3,116.28,166.69,241.8,64.2,119.8,300.4,306.5
250,0.35,10.0,38.29,59.12,139.72,2.25,56.37,137.04,56.37,137.04,6.28,2.25,M1->M2 x M3,116.28,166.69,241.8,64.2,119.8,300.4,325.3
250,0.35,11.0,55.25,79.84,163.10,13.67,59.27,142.37,59.27,142.37,12.03,12.03,M3->FP x M2,116.28,166.69,241.8,64.2,119.8,300.4,344.2
250,0.35,12.0,72.19,100.53,186.42,24.80,62.63,149.96,62.63,149.96,17.82,17.82,M3->FP x M2,116.28,166.69,241.8,64.2,119.8,300.4,363.3
250,0.35,13.0,89.11,121.20,209.69,35.60,66.39,159.53,66.39,159.53,23.65,23.65,M3->FP x M2,116.28,166.69,241.8,64.2,119.8,300.4,382.5
250,0.35,14.0,106.01,141.82,232.89,46.02,70.50,170.82,70.50,170.82,29.54,29.54,M3->FP x M2,116.28,166.69,241.8,64.2,119.8,300.4,401.8
250,0.35,15.0,122.87,162.41,256.03,56.03,74.91,183.57,74.91,183.57,35.47,35.47,M3->FP x M2,116.28,166.69,241.8,64.2,119.8,300.4,421.3
250,0.35,16.0,139.69,182.94,279.08,65.60,79.61,197.54,79.39,197.54,41.46,41.46,M3->FP x M2,116.28,166.69,241.8,64.2,119.8,300.4,441.0
250,0.35,17.0,156.47,203.42,302.05,74.72,84.54,212.57,83.61,212.57,47.50,47.50,M3->FP x M2,116.28,166.69,241.8,64.2,119.8,300.4,460.9
250,0.35,18.0,173.20,223.83,324.93,83.39,89.69,228.23,87.59,228.50,53.62,53.62,M3->FP x M2,116.28,166.69,241.8,64.2,119.8,300.4,481.0
250,0.35,19.0,189.89,244.18,347.71,91.60,95.05,243.17,91.34,245.23,59.80,59.80,M3->FP x M2,116.28,166.69,241.8,64.2,119.8,300.4,501.4
250,0.35,20.0,206.51,264.45,370.38,99.37,100.59,257.23,94.87,262.67,66.06,66.06,M3->FP x M2,116.28,166.69,241.8,64.2,119.8,300.4,522.0
250,0.40,2.0,-41.40,-64.35,0.12,-64.20,68.39,116.93,68.39,116.93,-42.09,-64.35,in->M1 x M3,133.07,201.47,234.5,73.3,139.2,318.4,186.6
250,0.40,3.0,-42.14,-64.11,0.09,-64.20,68.39,116.93,68.39,116.93,-42.00,-64.20,M1->M2 x M3,133.07,201.47,234.5,73.3,139.2,318.4,200.3
250,0.40,4.0,-41.49,-64.30,0.14,-63.99,68.39,116.93,68.39,116.93,-38.90,-64.30,in->M1 x M3,133.07,201.47,234.5,73.3,139.2,318.4,217.1
250,0.40,5.0,-41.26,-63.96,16.32,-64.10,68.39,116.93,68.39,116.93,-33.09,-64.10,M1->M2 x M3,133.07,201.47,234.5,73.3,139.2,318.4,233.9
250,0.40,6.0,-41.87,-45.92,38.60,-62.13,68.39,116.93,68.39,116.93,-27.26,-62.13,M1->M2 x M3,133.07,201.47,234.5,73.3,139.2,318.4,250.8
250,0.40,7.0,-28.72,-26.93,60.87,-50.37,68.46,116.93,68.46,116.93,-21.41,-50.37,M1->M2 x M3,133.07,201.47,234.5,73.3,139.2,318.4,267.8
250,0.40,8.0,-13.20,-7.87,83.11,-38.56,68.96,116.93,68.96,116.93,-15.54,-38.56,M1->M2 x M3,133.07,201.47,234.5,73.3,139.2,318.4,284.8
250,0.40,9.0,2.38,11.16,105.33,-26.70,69.96,116.93,69.96,116.93,-9.64,-26.70,M1->M2 x M3,133.07,201.47,234.5,73.3,139.2,318.4,301.9
250,0.40,10.0,17.83,30.11,127.52,-14.77,71.44,117.03,71.44,117.03,-3.71,-14.77,M1->M2 x M3,133.07,201.47,234.5,73.3,139.2,318.4,319.1
250,0.40,11.0,33.27,49.05,149.67,-2.77,73.38,119.01,73.38,119.01,2.18,-2.77,M1->M2 x M3,133.07,201.47,234.5,73.3,139.2,318.4,336.4
250,0.40,12.0,48.70,67.97,171.78,8.91,75.75,123.44,75.75,123.44,7.97,7.97,M3->FP x M2,133.07,201.47,234.5,73.3,139.2,318.4,353.8
250,0.40,13.0,64.12,86.88,193.83,20.27,78.54,130.11,78.54,130.11,13.81,13.81,M3->FP x M2,133.07,201.47,234.5,73.3,139.2,318.4,371.4
250,0.40,14.0,79.52,105.75,215.82,31.37,81.70,138.77,81.70,138.77,19.69,19.69,M3->FP x M2,133.07,201.47,234.5,73.3,139.2,318.4,389.1
250,0.40,15.0,94.89,124.60,237.75,42.17,85.21,149.12,85.21,149.12,25.63,25.63,M3->FP x M2,133.07,201.47,234.5,73.3,139.2,318.4,406.9
250,0.40,16.0,110.23,143.41,259.61,52.63,89.05,160.89,89.05,160.89,31.62,31.62,M3->FP x M2,133.07,201.47,234.5,73.3,139.2,318.4,425.0
250,0.40,17.0,125.55,162.17,281.38,62.74,93.18,173.86,93.18,173.86,37.67,37.67,M3->FP x M2,133.07,201.47,234.5,73.3,139.2,318.4,443.2
250,0.40,18.0,140.82,180.88,303.07,72.47,97.58,187.85,97.58,187.85,43.79,43.79,M3->FP x M2,133.07,201.47,234.5,73.3,139.2,318.4,461.6
250,0.40,19.0,156.05,199.54,324.67,81.82,102.24,202.70,102.06,202.70,49.98,49.98,M3->FP x M2,133.07,201.47,234.5,73.3,139.2,318.4,480.2
250,0.40,20.0,171.23,218.14,346.17,90.78,107.14,217.55,106.32,218.31,56.24,56.24,M3->FP x M2,133.07,201.47,234.5,73.3,139.2,318.4,499.0
250,0.45,2.0,-46.81,-75.89,0.00,-76.03,88.10,100.07,88.10,100.07,-47.24,-76.03,M1->M2 x M3,149.93,238.02,228.8,82.5,159.5,338.1,191.1
250,0.45,3.0,-46.47,-75.72,0.04,-75.98,88.10,100.07,88.10,100.07,-47.31,-75.98,M1->M2 x M3,149.93,238.02,228.8,82.5,159.5,338.1,206.7
250,0.45,4.0,-46.65,-75.64,0.03,-75.91,88.10,100.07,88.10,100.07,-47.35,-75.91,M1->M2 x M3,149.93,238.02,228.8,82.5,159.5,338.1,222.3
250,0.45,5.0,-47.04,-75.76,12.12,-75.80,88.10,100.07,88.10,100.07,-43.81,-75.80,M1->M2 x M3,149.93,238.02,228.8,82.5,159.5,338.1,237.9
250,0.45,6.0,-47.40,-66.39,33.53,-75.72,88.10,100.07,88.10,100.07,-37.98,-75.72,M1->M2 x M3,149.93,238.02,228.8,82.5,159.5,338.1,253.5
250,0.45,7.0,-42.33,-48.92,54.93,-67.47,88.10,100.07,88.10,100.07,-32.13,-67.47,M1->M2 x M3,149.93,238.02,228.8,82.5,159.5,338.1,269.3
250,0.45,8.0,-28.04,-31.37,76.32,-55.65,88.20,100.07,88.20,100.07,-26.25,-55.65,M1->M2 x M3,149.93,238.02,228.8,82.5,159.5,338.1,285.1
250,0.45,9.0,-13.68,-13.74,97.68,-43.77,88.68,100.07,88.68,100.07,-20.34,-43.77,M1->M2 x M3,149.93,238.02,228.8,82.5,159.5,338.1,300.9
250,0.45,10.0,0.75,3.92,119.01,-31.82,89.55,100.07,89.55,100.07,-14.41,-31.82,M1->M2 x M3,149.93,238.02,228.8,82.5,159.5,338.1,316.9
250,0.45,11.0,15.02,21.43,140.31,-19.81,90.80,100.07,90.80,100.07,-8.43,-19.81,M1->M2 x M3,149.93,238.02,228.8,82.5,159.5,338.1,333.0
250,0.45,12.0,29.28,38.92,161.56,-7.71,92.44,101.18,92.44,101.18,-2.42,-7.71,M1->M2 x M3,149.93,238.02,228.8,82.5,159.5,338.1,349.1
250,0.45,13.0,43.53,56.41,182.77,4.29,94.44,104.82,94.44,104.82,3.51,3.51,M3->FP x M2,149.93,238.02,228.8,82.5,159.5,338.1,365.4
250,0.45,14.0,57.77,73.87,203.92,15.84,96.80,110.81,96.80,110.81,9.39,9.39,M3->FP x M2,149.93,238.02,228.8,82.5,159.5,338.1,381.8
250,0.45,15.0,72.00,91.32,225.00,27.19,99.50,118.85,99.50,118.85,15.33,15.33,M3->FP x M2,149.93,238.02,228.8,82.5,159.5,338.1,398.4
250,0.45,16.0,86.20,108.73,246.02,38.29,102.52,128.61,102.52,128.61,21.33,21.33,M3->FP x M2,149.93,238.02,228.8,82.5,159.5,338.1,415.1
250,0.45,17.0,100.37,126.12,266.97,49.11,105.86,139.81,105.86,139.81,27.39,27.39,M3->FP x M2,149.93,238.02,228.8,82.5,159.5,338.1,432.0
250,0.45,18.0,114.52,143.46,287.83,59.64,109.49,152.19,109.49,152.19,33.51,33.51,M3->FP x M2,149.93,238.02,228.8,82.5,159.5,338.1,449.1
250,0.45,19.0,128.62,160.77,308.60,69.86,113.41,165.55,113.41,165.55,39.70,39.70,M3->FP x M2,149.93,238.02,228.8,82.5,159.5,338.1,466.4
250,0.45,20.0,142.69,178.02,329.28,79.76,117.59,179.74,117.59,179.74,45.97,45.97,M3->FP x M2,149.93,238.02,228.8,82.5,159.5,338.1,483.9
250,0.50,2.0,-52.05,-88.11,0.28,-87.80,109.20,83.16,109.20,83.16,-52.62,-88.11,in->M1 x M3,166.84,276.04,224.3,91.7,180.7,359.2,199.6
250,0.50,3.0,-52.68,-88.14,0.38,-87.89,109.20,83.16,109.20,83.16,-52.67,-88.14,in->M1 x M3,166.84,276.04,224.3,91.7,180.7,359.2,214.2
250,0.50,4.0,-52.65,-88.13,0.21,-88.12,109.20,83.16,109.20,83.16,-52.49,-88.13,in->M1 x M3,166.84,276.04,224.3,91.7,180.7,359.2,228.8
250,0.50,5.0,-52.18,-88.06,9.21,-87.99,109.20,83.16,109.20,83.16,-52.53,-88.06,in->M1 x M3,166.84,276.04,224.3,91.7,180.7,359.2,243.5
250,0.50,6.0,-51.80,-85.91,30.02,-87.78,109.20,83.16,109.20,83.16,-49.08,-87.78,M1->M2 x M3,166.84,276.04,224.3,91.7,180.7,359.2,258.2
250,0.50,7.0,-52.29,-69.71,50.82,-84.43,109.20,83.16,109.20,83.16,-43.23,-84.43,M1->M2 x M3,166.84,276.04,224.3,91.7,180.7,359.2,272.9
250,0.50,8.0,-40.97,-53.44,71.61,-72.59,109.20,83.16,109.20,83.16,-37.34,-72.59,M1->M2 x M3,166.84,276.04,224.3,91.7,180.7,359.2,287.7
250,0.50,9.0,-27.60,-37.09,92.38,-60.69,109.34,83.16,109.34,83.16,-31.43,-60.69,M1->M2 x M3,166.84,276.04,224.3,91.7,180.7,359.2,302.6
250,0.50,10.0,-14.15,-20.66,113.12,-48.73,109.80,83.16,109.80,83.16,-25.49,-48.73,M1->M2 x M3,166.84,276.04,224.3,91.7,180.7,359.2,317.6
250,0.50,11.0,-0.63,-4.12,133.83,-36.69,110.58,83.16,110.58,83.16,-19.51,-36.69,M1->M2 x M3,166.84,276.04,224.3,91.7,180.7,359.2,332.7
250,0.50,12.0,12.71,12.26,154.49,-24.57,111.68,83.16,111.68,83.16,-13.50,-24.57,M1->M2 x M3,166.84,276.04,224.3,91.7,180.7,359.2,347.8
250,0.50,13.0,26.04,28.56,175.11,-12.37,113.10,83.55,113.10,83.55,-7.43,-12.37,M1->M2 x M3,166.84,276.04,224.3,91.7,180.7,359.2,363.1
250,0.50,14.0,39.36,44.86,195.67,-0.06,114.84,86.40,114.84,86.40,-1.32,-1.32,M3->FP x M2,166.84,276.04,224.3,91.7,180.7,359.2,378.5
250,0.50,15.0,52.66,61.14,216.17,11.66,116.88,91.83,116.88,91.83,4.67,4.67,M3->FP x M2,166.84,276.04,224.3,91.7,180.7,359.2,394.1
250,0.50,16.0,65.95,77.40,236.61,23.22,119.23,99.48,119.23,99.48,10.67,10.67,M3->FP x M2,166.84,276.04,224.3,91.7,180.7,359.2,409.8
250,0.50,17.0,79.22,93.64,256.98,34.57,121.87,108.96,121.87,108.96,16.73,16.73,M3->FP x M2,166.84,276.04,224.3,91.7,180.7,359.2,425.6
250,0.50,18.0,92.47,109.85,277.27,45.69,124.81,119.90,124.81,119.90,22.86,22.86,M3->FP x M2,166.84,276.04,224.3,91.7,180.7,359.2,441.6
250,0.50,19.0,105.69,126.02,297.47,56.57,128.03,132.01,128.03,132.01,29.05,29.05,M3->FP x M2,166.84,276.04,224.3,91.7,180.7,359.2,457.8
250,0.50,20.0,118.87,142.16,317.58,67.19,131.52,145.07,131.52,145.07,35.32,35.32,M3->FP x M2,166.84,276.04,224.3,91.7,180.7,359.2,474.3
250,0.55,2.0,-57.82,-100.68,0.33,-100.68,131.39,66.19,131.39,66.19,-57.75,-100.68,M1->M2 x M3,183.81,315.20,220.5,100.8,202.5,381.4,208.8
250,0.55,3.0,-57.72,-100.54,0.00,-100.26,131.39,66.19,131.39,66.19,-57.97,-100.54,in->M1 x M3,183.81,315.20,220.5,100.8,202.5,381.4,222.6
250,0.55,4.0,-57.28,-100.49,0.10,-100.64,131.39,66.19,131.39,66.19,-57.63,-100.64,M1->M2 x M3,183.81,315.20,220.5,100.8,202.5,381.4,236.5
250,0.55,5.0,-57.78,-100.60,7.24,-100.50,131.39,66.19,131.39,66.19,-57.81,-100.60,in->M1 x M3,183.81,315.20,220.5,100.8,202.5,381.4,250.3
250,0.55,6.0,-57.26,-100.26,27.65,-100.54,131.39,66.19,131.39,66.19,-57.78,-100.54,M1->M2 x M3,183.81,315.20,220.5,100.8,202.5,381.4,264.2
250,0.55,7.0,-57.40,-89.65,48.05,-100.25,131.39,66.19,131.39,66.19,-54.62,-100.25,M1->M2 x M3,183.81,315.20,220.5,100.8,202.5,381.4,278.2
250,0.55,8.0,-52.51,-74.48,68.44,-89.28,131.39,66.19,131.39,66.19,-48.74,-89.28,M1->M2 x M3,183.81,315.20,220.5,100.8,202.5,381.4,292.2
250,0.55,9.0,-39.95,-59.24,88.80,-77.36,131.39,66.19,131.39,66.19,-42.82,-77.36,M1->M2 x M3,183.81,315.20,220.5,100.8,202.5,381.4,306.3
250,0.55,10.0,-27.32,-43.91,109.14,-65.38,131.57,66.19,131.57,66.19,-36.87,-65.38,M1->M2 x M3,183.81,315.20,220.5,100.8,202.5,381.4,320.4
250,0.55,11.0,-14.61,-28.49,129.45,-53.32,132.01,66.19,132.01,66.19,-30.89,-53.32,M1->M2 x M3,183.81,315.20,220.5,100.8,202.5,381.4,334.7
250,0.55,12.0,-1.82,-12.97,149.71,-41.19,132.73,66.19,132.73,66.19,-24.87,-41.19,M1->M2 x M3,183.81,315.20,220.5,100.8,202.5,381.4,349.0
250,0.55,13.0,10.79,2.60,169.93,-28.96,133.72,66.19,133.72,66.19,-18.80,-28.96,M1->M2 x M3,183.81,315.20,220.5,100.8,202.5,381.4,363.5
250,0.55,14.0,23.36,17.89,190.10,-16.64,134.98,66.21,134.98,66.21,-12.68,-16.64,M1->M2 x M3,183.81,315.20,220.5,100.8,202.5,381.4,378.1
250,0.55,15.0,35.92,33.18,210.21,-4.21,136.52,68.13,136.52,68.13,-6.51,-6.51,M3->FP x M2,183.81,315.20,220.5,100.8,202.5,381.4,392.8
250,0.55,16.0,48.47,48.46,230.26,7.87,138.33,73.07,138.33,73.07,-0.29,-0.29,M3->FP x M2,183.81,315.20,220.5,100.8,202.5,381.4,407.6
250,0.55,17.0,61.00,63.72,250.23,19.60,140.41,80.56,140.41,80.56,5.79,5.79,M3->FP x M2,183.81,315.20,220.5,100.8,202.5,381.4,422.6
250,0.55,18.0,73.52,78.96,270.13,31.17,142.77,90.03,142.77,90.03,11.92,11.92,M3->FP x M2,183.81,315.20,220.5,100.8,202.5,381.4,437.8
250,0.55,19.0,86.01,94.18,289.95,42.55,145.39,101.01,145.39,101.01,18.12,18.12,M3->FP x M2,183.81,315.20,220.5,100.8,202.5,381.4,453.1
250,0.55,20.0,98.48,109.38,309.68,53.73,148.27,113.15,148.27,113.15,24.40,24.40,M3->FP x M2,183.81,315.20,220.5,100.8,202.5,381.4,468.6
250,0.60,2.0,-62.89,-113.34,0.19,-113.25,154.33,49.16,154.33,49.16,-63.24,-113.34,in->M1 x M3,200.84,355.17,217.4,110.0,224.7,404.3,218.5
250,0.60,3.0,-63.23,-113.28,0.13,-113.03,154.32,49.16,154.32,49.16,-62.99,-113.28,in->M1 x M3,200.84,355.17,217.4,110.0,224.7,404.3,231.7
250,0.60,4.0,-62.47,-113.36,0.15,-113.09,154.32,49.16,154.32,49.16,-62.89,-113.36,in->M1 x M3,200.84,355.17,217.4,110.0,224.7,404.3,244.8
250,0.60,5.0,-62.75,-113.39,5.97,-113.12,154.33,49.16,154.33,49.16,-63.17,-113.39,in->M1 x M3,200.84,355.17,217.4,110.0,224.7,404.3,258.0
250,0.60,6.0,-62.81,-113.05,26.12,-113.11,154.32,49.16,154.32,49.16,-62.98,-113.11,M1->M2 x M3,200.84,355.17,217.4,110.0,224.7,404.3,271.3
250,0.60,7.0,-62.61,-108.95,46.27,-113.27,154.32,49.16,154.32,49.16,-63.20,-113.27,M1->M2 x M3,200.84,355.17,217.4,110.0,224.7,404.3,284.6
250,0.60,8.0,-63.00,-94.75,66.39,-105.61,154.33,49.16,154.33,49.16,-60.34,-105.61,M1->M2 x M3,200.84,355.17,217.4,110.0,224.7,404.3,297.9
250,0.60,9.0,-51.12,-80.47,86.50,-93.67,154.32,49.16,154.32,49.16,-54.42,-93.67,M1->M2 x M3,200.84,355.17,217.4,110.0,224.7,404.3,311.4
250,0.60,10.0,-39.16,-66.12,106.58,-81.67,154.34,49.16,154.34,49.16,-48.46,-81.67,M1->M2 x M3,200.84,355.17,217.4,110.0,224.7,404.3,324.8
250,0.60,11.0,-27.14,-51.68,126.63,-69.60,154.55,49.16,154.55,49.16,-42.47,-69.60,M1->M2 x M3,200.84,355.17,217.4,110.0,224.7,404.3,338.4
250,0.60,12.0,-15.04,-37.15,146.64,-57.44,154.98,49.16,154.98,49.16,-36.45,-57.44,M1->M2 x M3,200.84,355.17,217.4,110.0,224.7,404.3,352.1
250,0.60,13.0,-2.84,-22.50,166.61,-45.20,155.65,49.16,155.65,49.16,-30.37,-45.20,M1->M2 x M3,200.84,355.17,217.4,110.0,224.7,404.3,365.9
250,0.60,14.0,9.17,-7.75,186.52,-32.86,156.56,49.16,156.56,49.16,-24.25,-32.86,M1->M2 x M3,200.84,355.17,217.4,110.0,224.7,404.3,379.8
250,0.60,15.0,21.12,6.90,206.38,-20.41,157.71,49.16,157.71,49.16,-18.07,-20.41,M1->M2 x M3,200.84,355.17,217.4,110.0,224.7,404.3,393.8
250,0.60,16.0,33.05,21.33,226.18,-7.84,159.10,50.02,159.10,50.02,-11.84,-11.84,M3->FP x M2,200.84,355.17,217.4,110.0,224.7,404.3,407.9
250,0.60,17.0,44.98,35.74,245.90,4.57,160.74,54.49,160.74,54.49,-5.55,-5.55,M3->FP x M2,200.84,355.17,217.4,110.0,224.7,404.3,422.2
250,0.60,18.0,56.89,50.14,265.55,16.47,162.62,62.07,162.62,62.07,0.79,0.79,M3->FP x M2,200.84,355.17,217.4,110.0,224.7,404.3,436.6
250,0.60,19.0,68.79,64.53,285.13,28.23,164.75,71.89,164.75,71.89,6.99,6.99,M3->FP x M2,200.84,355.17,217.4,110.0,224.7,404.3,451.3
250,0.60,20.0,80.66,78.90,304.61,39.84,167.12,83.25,167.12,83.25,13.27,13.27,M3->FP x M2,200.84,355.17,217.4,110.0,224.7,404.3,466.0
250,0.65,2.0,-67.77,-126.23,0.10,-126.15,177.69,32.07,177.69,32.07,-68.38,-126.23,in->M1 x M3,217.93,395.62,214.8,119.2,247.2,427.7,228.6
250,0.65,3.0,-68.03,-126.25,0.28,-126.26,177.69,32.07,177.69,32.07,-68.38,-126.26,M1->M2 x M3,217.93,395.62,214.8,119.2,247.2,427.7,241.2
250,0.65,4.0,-68.31,-126.19,0.18,-126.00,177.69,32.07,177.69,32.07,-68.36,-126.19,in->M1 x M3,217.93,395.62,214.8,119.2,247.2,427.7,253.8
250,0.65,5.0,-68.00,-126.02,5.24,-126.37,177.69,32.07,177.69,32.07,-68.18,-126.37,M1->M2 x M3,217.93,395.62,214.8,119.2,247.2,427.7,266.4
250,0.65,6.0,-68.15,-126.36,25.24,-125.94,177.69,32.07,177.69,32.07,-68.14,-126.36,in->M1 x M3,217.93,395.62,214.8,119.2,247.2,427.7,279.1
250,0.65,7.0,-68.52,-126.15,45.23,-126.33,177.69,32.07,177.69,32.07,-68.26,-126.33,M1->M2 x M3,217.93,395.62,214.8,119.2,247.2,427.7,291.9
250,0.65,8.0,-68.11,-114.37,65.21,-121.48,177.69,32.07,177.69,32.07,-68.34,-121.48,M1->M2 x M3,217.93,395.62,214.8,119.2,247.2,427.7,304.7
250,0.65,9.0,-61.38,-100.96,85.17,-109.52,177.69,32.07,177.69,32.07,-66.13,-109.52,M1->M2 x M3,217.93,395.62,214.8,119.2,247.2,427.7,317.5
250,0.65,10.0,-50.00,-87.48,105.10,-97.50,177.69,32.07,177.69,32.07,-60.17,-97.50,M1->M2 x M3,217.93,395.62,214.8,119.2,247.2,427.7,330.4
250,0.65,11.0,-38.55,-73.92,125.00,-85.41,177.73,32.07,177.73,32.07,-54.18,-85.41,M1->M2 x M3,217.93,395.62,214.8,119.2,247.2,427.7,343.5
250,0.65,12.0,-27.03,-60.27,144.86,-73.23,177.95,32.07,177.95,32.07,-48.14,-73.23,M1->M2 x M3,217.93,395.62,214.8,119.2,247.2,427.7,356.5
250,0.65,13.0,-15.42,-46.51,164.68,-60.97,178.38,32.07,178.38,32.07,-42.06,-60.97,M1->M2 x M3,217.93,395.62,214.8,119.2,247.2,427.7,369.7
250,0.65,14.0,-3.72,-32.65,184.44,-48.61,179.02,32.07,179.02,32.07,-35.93,-48.61,M1->M2 x M3,217.93,395.62,214.8,119.2,247.2,427.7,383.1
250,0.65,15.0,7.81,-18.67,204.16,-36.14,179.87,32.07,179.87,32.07,-29.75,-36.14,M1->M2 x M3,217.93,395.62,214.8,119.2,247.2,427.7,396.5
250,0.65,16.0,19.23,-4.55,223.81,-23.55,180.94,32.07,180.94,32.07,-23.52,-23.55,M1->M2 x M3,217.93,395.62,214.8,119.2,247.2,427.7,410.0
250,0.65,17.0,30.64,9.29,243.39,-10.84,182.22,32.19,182.22,32.19,-17.21,-17.21,M3->FP x M2,217.93,395.62,214.8,119.2,247.2,427.7,423.7
250,0.65,18.0,42.05,22.95,262.89,1.88,183.72,36.07,183.72,36.07,-10.85,-10.85,M3->FP x M2,217.93,395.62,214.8,119.2,247.2,427.7,437.6
250,0.65,19.0,53.44,36.60,282.32,13.94,185.45,44.23,185.45,44.23,-4.41,-4.41,M3->FP x M2,217.93,395.62,214.8,119.2,247.2,427.7,451.5
250,0.65,20.0,64.82,50.25,301.66,25.88,187.40,54.91,187.40,54.91,2.03,2.03,M3->FP x M2,217.93,395.62,214.8,119.2,247.2,427.7,465.7
250,0.70,2.0,-73.67,-139.30,0.10,-139.28,201.16,14.93,201.16,14.93,-73.36,-139.30,in->M1 x M3,235.07,436.23,212.6,128.3,269.8,451.2,244.1
250,0.70,3.0,-73.53,-139.01,0.07,-139.28,201.16,14.93,201.16,14.93,-73.59,-139.28,M1->M2 x M3,235.07,436.23,212.6,128.3,269.8,451.2,251.0
250,0.70,4.0,-73.40,-139.32,0.09,-139.16,201.16,14.93,201.16,14.93,-73.75,-139.32,in->M1 x M3,235.07,436.23,212.6,128.3,269.8,451.2,263.1
250,0.70,5.0,-73.51,-138.98,4.90,-139.11,201.16,14.93,201.16,14.93,-73.50,-139.11,M1->M2 x M3,235.07,436.23,212.6,128.3,269.8,451.2,275.3
250,0.70,6.0,-73.44,-139.27,24.83,-139.00,201.16,14.93,201.16,14.93,-73.32,-139.27,in->M1 x M3,235.07,436.23,212.6,128.3,269.8,451.2,287.5
250,0.70,7.0,-73.39,-139.28,44.75,-139.01,201.16,14.93,201.16,14.93,-73.62,-139.28,in->M1 x M3,235.07,436.23,212.6,128.3,269.8,451.2,299.8
250,0.70,8.0,-73.66,-133.42,64.66,-136.78,201.16,14.93,201.16,14.93,-73.64,-136.78,M1->M2 x M3,235.07,436.23,212.6,128.3,269.8,451.2,312.1
250,0.70,9.0,-70.93,-120.80,84.55,-124.80,201.16,14.93,201.16,14.93,-73.40,-124.80,M1->M2 x M3,235.07,436.23,212.6,128.3,269.8,451.2,324.5
250,0.70,10.0,-60.04,-108.11,104.41,-112.76,201.16,14.93,201.16,14.93,-71.91,-112.76,M1->M2 x M3,235.07,436.23,212.6,128.3,269.8,451.2,336.9
250,0.70,11.0,-49.09,-95.34,124.24,-100.65,201.16,14.93,201.16,14.93,-65.91,-100.65,M1->M2 x M3,235.07,436.23,212.6,128.3,269.8,451.2,349.4
250,0.70,12.0,-38.07,-82.49,144.04,-88.45,201.22,14.93,201.22,14.93,-59.86,-88.45,M1->M2 x M3,235.07,436.23,212.6,128.3,269.8,451.2,362.0
250,0.70,13.0,-26.96,-69.54,163.79,-76.17,201.46,14.93,201.46,14.93,-53.78,-76.17,M1->M2 x M3,235.07,436.23,212.6,128.3,269.8,451.2,374.7
250,0.70,14.0,-15.77,-56.49,183.49,-63.79,201.89,14.93,201.89,14.93,-47.65,-63.79,M1->M2 x M3,235.07,436.23,212.6,128.3,269.8,451.2,387.5
250,0.70,15.0,-4.48,-43.32,203.13,-51.30,202.51,14.93,202.51,14.93,-41.46,-51.30,M1->M2 x M3,235.07,436.23,212.6,128.3,269.8,451.2,400.5
250,0.70,16.0,6.66,-30.04,222.71,-38.69,203.31,14.93,203.31,14.93,-35.22,-38.69,M1->M2 x M3,235.07,436.23,212.6,128.3,269.8,451.2,413.5
250,0.70,17.0,17.64,-16.62,242.22,-25.96,204.32,14.93,204.32,14.93,-28.91,-28.91,M3->FP x M2,235.07,436.23,212.6,128.3,269.8,451.2,426.7
250,0.70,18.0,28.61,-3.06,261.66,-13.09,205.52,14.93,205.52,14.93,-22.54,-22.54,M3->FP x M2,235.07,436.23,212.6,128.3,269.8,451.2,440.0
250,0.70,19.0,39.58,10.08,281.03,-0.08,206.92,17.96,206.92,17.96,-16.09,-16.09,M3->FP x M2,235.07,436.23,212.6,128.3,269.8,451.2,453.5
250,0.70,20.0,50.53,23.08,300.30,12.13,208.53,27.90,208.53,27.90,-9.57,-9.57,M3->FP x M2,235.07,436.23,212.6,128.3,269.8,451.2,467.1
250,0.75,2.0,-78.55,2.27,0.08,2.27,224.40,-104.08,224.40,-104.20,-79.03,-104.20,M3->FP x M1,252.27,476.66,210.6,137.5,292.3,476.7,266.6
250,0.75,3.0,-79.04,2.27,0.04,2.27,224.40,-105.19,224.40,-105.02,-78.69,-105.19,M2->M3 x M1,252.27,476.66,210.6,137.5,292.3,476.7,266.6
250,0.75,4.0,-78.60,2.27,0.05,2.27,224.40,-105.02,224.40,-105.25,-78.47,-105.25,M3->FP x M1,252.27,476.66,210.6,137.5,292.3,476.7,272.7
250,0.75,5.0,-78.44,2.27,4.85,2.27,224.40,-105.30,224.40,-105.25,-78.86,-105.30,M2->M3 x M1,252.27,476.66,210.6,137.5,292.3,476.7,284.4
250,0.75,6.0,-78.88,2.27,24.77,2.27,224.40,-104.74,224.40,-105.10,-78.90,-105.10,M3->FP x M1,252.27,476.66,210.6,137.5,292.3,476.7,296.2
250,0.75,7.0,-78.90,2.27,44.69,2.27,224.40,-104.43,224.40,-104.04,-78.69,-104.43,M2->M3 x M1,252.27,476.66,210.6,137.5,292.3,476.7,308.1
250,0.75,8.0,-78.54,2.27,64.58,2.27,224.40,-105.05,224.40,-105.33,-79.01,-105.33,M3->FP x M1,252.27,476.66,210.6,137.5,292.3,476.7,320.0
250,0.75,9.0,-78.34,2.27,84.46,2.27,224.40,-105.29,224.40,-105.16,-78.82,-105.29,M2->M3 x M1,252.27,476.66,210.6,137.5,292.3,476.7,331.9
250,0.75,10.0,-69.45,2.27,104.32,2.27,224.40,-105.22,224.40,-105.04,-78.66,-105.22,M2->M3 x M1,252.27,476.66,210.6,137.5,292.3,476.7,344.0
250,0.75,11.0,-58.92,2.27,124.14,2.27,224.40,-104.98,224.40,-105.20,-77.57,-105.20,M3->FP x M1,252.27,476.66,210.6,137.5,292.3,476.7,356.1
250,0.75,12.0,-48.33,2.27,143.92,2.27,224.40,-97.37,224.40,-96.68,-71.53,-97.37,M2->M3 x M1,252.27,476.66,210.6,137.5,292.3,476.7,368.3
250,0.75,13.0,-37.66,2.27,163.66,2.27,224.49,-85.18,224.49,-84.44,-65.44,-85.18,M2->M3 x M1,252.27,476.66,210.6,137.5,292.3,476.7,380.5
250,0.75,14.0,-26.91,2.27,183.35,2.27,224.75,-72.89,224.75,-72.09,-59.30,-72.89,M2->M3 x M1,252.27,476.66,210.6,137.5,292.3,476.7,392.9
250,0.75,15.0,-16.06,2.27,202.98,2.27,225.18,-60.49,225.18,-59.64,-53.10,-60.49,M2->M3 x M1,252.27,476.66,210.6,137.5,292.3,476.7,405.4
250,0.75,16.0,-5.11,2.27,222.55,2.27,225.78,-47.97,225.78,-47.07,-46.85,-47.97,M2->M3 x M1,252.27,476.66,210.6,137.5,292.3,476.7,418.0
250,0.75,17.0,5.69,2.27,242.06,2.27,226.55,-35.34,226.55,-34.37,-40.54,-40.54,M3->FP x M2,252.27,476.66,210.6,137.5,292.3,476.7,430.7
250,0.75,18.0,16.30,2.27,261.49,2.27,227.51,-22.57,227.51,-21.54,-34.16,-34.16,M3->FP x M2,252.27,476.66,210.6,137.5,292.3,476.7,443.6
250,0.75,19.0,26.90,2.27,280.84,2.27,228.65,-9.65,228.65,-8.57,-27.71,-27.71,M3->FP x M2,252.27,476.66,210.6,137.5,292.3,476.7,456.6
250,0.75,20.0,37.49,2.27,300.11,2.27,229.98,3.33,229.98,4.40,-21.18,-21.18,M3->FP x M2,252.27,476.66,210.6,137.5,292.3,476.7,469.8
250,0.80,2.0,-84.17,19.51,0.14,19.51,247.08,-105.17,247.08,-105.16,-83.86,-105.17,M2->M3 x M1,269.51,516.59,208.9,146.7,314.6,516.6,288.8
250,0.80,3.0,-83.83,19.51,0.14,19.51,247.08,-105.21,247.08,-105.10,-84.02,-105.21,M2->M3 x M1,269.51,516.59,208.9,146.7,314.6,516.6,288.8
250,0.80,4.0,-83.90,19.51,0.18,19.51,247.08,-104.88,247.08,-104.19,-84.17,-104.88,M2->M3 x M1,269.51,516.59,208.9,146.7,314.6,516.6,288.8
250,0.80,5.0,-84.05,19.51,5.01,19.51,247.08,-105.28,247.08,-105.27,-83.51,-105.28,M2->M3 x M1,269.51,516.59,208.9,146.7,314.6,516.6,293.7
250,0.80,6.0,-83.87,19.51,24.96,19.51,247.08,-103.67,247.08,-105.40,-84.17,-105.40,M3->FP x M1,269.51,516.59,208.9,146.7,314.6,516.6,305.1
250,0.80,7.0,-84.02,19.51,44.91,19.51,247.08,-105.20,247.08,-104.00,-84.08,-105.20,M2->M3 x M1,269.51,516.59,208.9,146.7,314.6,516.6,316.6
250,0.80,8.0,-83.97,19.51,64.84,19.51,247.08,-104.95,247.08,-105.16,-84.02,-105.16,M3->FP x M1,269.51,516.59,208.9,146.7,314.6,516.6,328.2
250,0.80,9.0,-83.83,19.51,84.75,19.51,247.08,-104.99,247.08,-105.32,-83.91,-105.32,M3->FP x M1,269.51,516.59,208.9,146.7,314.6,516.6,339.8
250,0.80,10.0,-78.33,19.51,104.63,19.51,247.08,-105.10,247.08,-104.26,-83.90,-105.10,M2->M3 x M1,269.51,516.59,208.9,146.7,314.6,516.6,351.4
250,0.80,11.0,-68.19,19.51,124.48,19.51,247.08,-104.03,247.08,-105.27,-83.92,-105.27,M3->FP x M1,269.51,516.59,208.9,146.7,314.6,516.6,363.2
250,0.80,12.0,-57.98,19.51,144.30,19.51,247.08,-105.06,247.08,-105.38,-83.03,-105.38,M3->FP x M1,269.51,516.59,208.9,146.7,314.6,516.6,375.0
250,0.80,13.0,-47.69,19.51,164.07,19.51,247.08,-101.26,247.08,-95.42,-76.94,-101.26,M2->M3 x M1,269.51,516.59,208.9,146.7,314.6,516.6,386.9
250,0.80,14.0,-37.32,19.51,183.79,19.51,247.21,-89.74,247.21,-83.45,-70.79,-89.74,M2->M3 x M1,269.51,516.59,208.9,146.7,314.6,516.6,398.9
250,0.80,15.0,-26.86,19.51,203.46,19.51,247.48,-78.12,247.48,-71.38,-64.59,-78.12,M2->M3 x M1,269.51,516.59,208.9,146.7,314.6,516.6,411.0
250,0.80,16.0,-16.30,19.51,223.06,19.51,247.91,-66.39,247.91,-59.20,-58.34,-66.39,M2->M3 x M1,269.51,516.59,208.9,146.7,314.6,516.6,423.2
250,0.80,17.0,-5.64,19.51,242.59,19.51,248.50,-54.54,248.50,-46.89,-52.02,-54.54,M2->M3 x M1,269.51,516.59,208.9,146.7,314.6,516.6,435.6
250,0.80,18.0,4.89,19.51,262.06,19.51,249.26,-42.57,249.26,-34.46,-45.64,-45.64,M3->FP x M2,269.51,516.59,208.9,146.7,314.6,516.6,448.0
250,0.80,19.0,15.18,19.51,281.44,19.51,250.19,-30.46,250.19,-21.88,-39.18,-39.18,M3->FP x M2,269.51,516.59,208.9,146.7,314.6,516.6,460.7
250,0.80,20.0,25.46,19.51,300.73,19.51,251.28,-18.20,251.28,-9.15,-32.64,-32.64,M3->FP x M2,269.51,516.59,208.9,146.7,314.6,516.6,473.4
250,0.85,2.0,-88.94,36.80,0.07,36.80,268.86,-105.05,268.86,-105.11,-89.18,-105.11,M3->FP x M1,286.80,555.66,207.4,155.8,336.3,555.7,310.5
250,0.85,3.0,-89.19,36.80,0.32,36.80,268.86,-105.04,268.86,-104.11,-89.29,-105.04,M2->M3 x M1,286.80,555.66,207.4,155.8,336.3,555.7,310.5
250,0.85,4.0,-89.55,36.80,0.13,36.80,268.86,-104.73,268.86,-105.42,-89.56,-105.42,M3->FP x M1,286.80,555.66,207.4,155.8,336.3,555.7,310.5
250,0.85,5.0,-89.27,36.80,5.30,36.80,268.86,-105.32,268.86,-104.64,-89.41,-105.32,M2->M3 x M1,286.80,555.66,207.4,155.8,336.3,555.7,310.5
250,0.85,6.0,-88.85,36.80,25.31,36.80,268.86,-103.76,268.86,-105.21,-89.03,-105.21,M3->FP x M1,286.80,555.66,207.4,155.8,336.3,555.7,314.1
250,0.85,7.0,-89.11,36.80,45.31,36.80,268.86,-105.37,268.86,-105.30,-89.49,-105.37,M2->M3 x M1,286.80,555.66,207.4,155.8,336.3,555.7,325.2
250,0.85,8.0,-89.60,36.80,65.30,36.80,268.86,-103.81,268.86,-104.89,-88.83,-104.89,M3->FP x M1,286.80,555.66,207.4,155.8,336.3,555.7,336.5
250,0.85,9.0,-89.05,36.80,85.27,36.80,268.86,-105.41,268.86,-105.38,-89.27,-105.41,M2->M3 x M1,286.80,555.66,207.4,155.8,336.3,555.7,347.7
250,0.85,10.0,-86.80,36.80,105.21,36.80,268.86,-104.46,268.86,-103.95,-89.58,-104.46,M2->M3 x M1,286.80,555.66,207.4,155.8,336.3,555.7,359.1
250,0.85,11.0,-76.98,36.80,125.12,36.80,268.86,-105.11,268.86,-105.38,-89.15,-105.38,M3->FP x M1,286.80,555.66,207.4,155.8,336.3,555.7,370.5
250,0.85,12.0,-67.10,36.80,145.00,36.80,268.86,-104.85,268.86,-104.35,-89.56,-104.85,M2->M3 x M1,286.80,555.66,207.4,155.8,336.3,555.7,382.0
250,0.85,13.0,-57.15,36.80,164.83,36.80,268.86,-105.31,268.86,-105.24,-88.19,-105.31,M2->M3 x M1,286.80,555.66,207.4,155.8,336.3,555.7,393.6
250,0.85,14.0,-47.12,36.80,184.61,36.80,268.89,-104.93,268.89,-93.96,-82.04,-104.93,M2->M3 x M1,286.80,555.66,207.4,155.8,336.3,555.7,405.2
250,0.85,15.0,-37.00,36.80,204.33,36.80,269.03,-93.99,269.03,-82.23,-75.84,-93.99,M2->M3 x M1,286.80,555.66,207.4,155.8,336.3,555.7,417.0
250,0.85,16.0,-26.79,36.80,223.99,36.80,269.33,-82.95,269.33,-70.39,-69.58,-82.95,M2->M3 x M1,286.80,555.66,207.4,155.8,336.3,555.7,428.9
250,0.85,17.0,-16.47,36.80,243.58,36.80,269.76,-71.80,269.76,-58.42,-63.26,-71.80,M2->M3 x M1,286.80,555.66,207.4,155.8,336.3,555.7,440.9
250,0.85,18.0,-6.05,36.80,263.10,36.80,270.35,-60.53,270.35,-46.33,-56.86,-60.53,M2->M3 x M1,286.80,555.66,207.4,155.8,336.3,555.7,453.0
250,0.85,19.0,4.25,36.80,282.54,36.80,271.10,-49.14,271.10,-34.11,-50.40,-50.40,M3->FP x M2,286.80,555.66,207.4,155.8,336.3,555.7,465.3
250,0.85,20.0,14.26,36.80,301.89,36.80,272.00,-37.60,272.00,-21.74,-43.86,-43.86,M3->FP x M2,286.80,555.66,207.4,155.8,336.3,555.7,477.7
250,0.90,2.0,-94.78,54.12,0.09,54.12,289.43,-103.74,289.43,-105.30,-94.47,-105.30,M3->FP x M1,304.12,593.55,206.1,165.0,357.4,593.5,331.5
250,0.90,3.0,-94.72,54.12,0.33,54.12,289.43,-105.22,289.43,-104.77,-94.33,-105.22,M2->M3 x M1,304.12,593.55,206.1,165.0,357.4,593.5,331.5
250,0.90,4.0,-94.64,54.12,0.13,54.12,289.43,-105.25,289.43,-105.09,-94.77,-105.25,M2->M3 x M1,304.12,593.55,206.1,165.0,357.4,593.5,331.5
250,0.90,5.0,-94.53,54.12,5.65,54.12,289.43,-103.34,289.43,-105.15,-94.69,-105.15,M3->FP x M1,304.12,593.55,206.1,165.0,357.4,593.5,331.5
250,0.90,6.0,-94.40,54.12,25.74,54.12,289.43,-105.19,289.43,-104.25,-94.67,-105.19,M2->M3 x M1,304.12,593.55,206.1,165.0,357.4,593.5,331.5
250,0.90,7.0,-94.24,54.12,45.82,54.12,289.43,-105.30,289.43,-105.27,-94.78,-105.30,M2->M3 x M1,304.12,593.55,206.1,165.0,357.4,593.5,333.8
250,0.90,8.0,-94.31,54.12,65.88,54.12,289.43,-103.93,289.43,-103.58,-94.45,-103.93,M2->M3 x M1,304.12,593.55,206.1,165.0,357.4,593.5,344.7
250,0.90,9.0,-94.55,54.12,85.92,54.12,289.43,-104.77,289.43,-105.41,-94.60,-105.41,M3->FP x M1,304.12,593.55,206.1,165.0,357.4,593.5,355.7
250,0.90,10.0,-94.85,54.12,105.94,54.12,289.43,-105.10,289.43,-103.53,-94.35,-105.10,M2->M3 x M1,304.12,593.55,206.1,165.0,357.4,593.5,366.8
250,0.90,11.0,-85.39,54.12,125.92,54.12,289.43,-104.09,289.43,-105.24,-94.55,-105.24,M3->FP x M1,304.12,593.55,206.1,165.0,357.4,593.5,377.9
250,0.90,12.0,-75.80,54.12,145.87,54.12,289.43,-104.85,289.43,-103.75,-94.40,-104.85,M2->M3 x M1,304.12,593.55,206.1,165.0,357.4,593.5,389.1
250,0.90,13.0,-66.15,54.12,165.77,54.12,289.43,-105.23,289.43,-105.21,-94.66,-105.23,M2->M3 x M1,304.12,593.55,206.1,165.0,357.4,593.5,400.4
250,0.90,14.0,-56.42,54.12,185.62,54.12,289.43,-103.64,289.43,-103.64,-92.96,-103.64,M2->M3 x M1,304.12,593.55,206.1,165.0,357.4,593.5,411.8
250,0.90,15.0,-46.60,54.12,205.41,54.12,289.47,-105.21,289.47,-92.20,-86.75,-105.21,M2->M3 x M1,304.12,593.55,206.1,165.0,357.4,593.5,423.2
250,0.90,16.0,-36.70,54.12,225.14,54.12,289.64,-97.90,289.64,-80.66,-80.48,-97.90,M2->M3 x M1,304.12,593.55,206.1,165.0,357.4,593.5,434.8
250,0.90,17.0,-26.69,54.12,244.81,54.12,289.95,-87.37,289.95,-69.00,-74.16,-87.37,M2->M3 x M1,304.12,593.55,206.1,165.0,357.4,593.5,446.5
250,0.90,18.0,-16.58,54.12,264.39,54.12,290.40,-76.73,290.40,-57.22,-67.76,-76.73,M2->M3 x M1,304.12,593.55,206.1,165.0,357.4,593.5,458.4
250,0.90,19.0,-6.36,54.12,283.90,54.12,290.99,-65.96,290.99,-45.31,-61.29,-65.96,M2->M3 x M1,304.12,593.55,206.1,165.0,357.4,593.5,470.3
250,0.90,20.0,3.75,54.12,303.32,54.12,291.74,-55.07,291.74,-33.25,-54.75,-55.07,M2->M3 x M1,304.12,593.55,206.1,165.0,357.4,593.5,482.5
300,0.30,2.0,-31.19,-46.18,0.03,-45.88,45.14,200.42,45.14,200.42,-31.61,-46.18,in->M1 x M3,99.58,144.72,265.2,55.0,107.6,345.1,188.6
300,0.30,3.0,-31.07,-46.14,0.16,-46.17,45.14,200.42,45.14,200.42,-27.71,-46.17,M1->M2 x M3,99.58,144.72,265.2,55.0,107.6,345.1,205.2
300,0.30,4.0,-31.22,-34.78,21.02,-46.17,45.14,200.42,45.14,200.42,-21.92,-46.17,M1->M2 x M3,99.58,144.72,265.2,55.0,107.6,345.1,228.5
300,0.30,5.0,-12.99,-7.88,50.29,-38.70,45.15,200.42,45.15,200.42,-16.11,-38.70,M1->M2 x M3,99.58,144.72,265.2,55.0,107.6,345.1,251.9
300,0.30,6.0,9.85,19.00,79.55,-27.01,45.58,200.42,45.58,200.42,-10.29,-27.01,M1->M2 x M3,99.58,144.72,265.2,55.0,107.6,345.1,275.4
300,0.30,7.0,32.64,45.85,108.78,-15.28,46.75,200.94,46.75,200.94,-4.45,-15.28,M1->M2 x M3,99.58,144.72,265.2,55.0,107.6,345.1,298.9
300,0.30,8.0,55.42,72.68,137.98,-3.50,48.60,204.00,48.60,204.00,1.36,-3.50,M1->M2 x M3,99.58,144.72,265.2,55.0,107.6,345.1,322.6
300,0.30,9.0,78.18,99.49,167.14,7.97,51.07,209.72,51.07,209.72,7.05,7.05,M3->FP x M2,99.58,144.72,265.2,55.0,107.6,345.1,346.4
300,0.30,10.0,100.92,126.27,196.25,19.01,54.09,217.95,54.09,217.95,12.76,12.76,M3->FP x M2,99.58,144.72,265.2,55.0,107.6,345.1,370.3
300,0.30,11.0,123.62,153.01,225.30,29.64,57.58,228.46,57.58,228.46,18.51,18.51,M3->FP x M2,99.58,144.72,265.2,55.0,107.6,345.1,394.4
300,0.30,12.0,146.29,179.71,254.28,39.82,61.48,241.01,61.48,241.01,24.30,24.30,M3->FP x M2,99.58,144.72,265.2,55.0,107.6,345.1,418.6
300,0.30,13.0,168.92,206.35,283.18,49.50,65.73,255.34,65.73,255.34,30.13,30.13,M3->FP x M2,99.58,144.72,265.2,55.0,107.6,345.1,443.0
300,0.30,14.0,191.49,232.93,312.00,58.66,70.28,271.24,70.10,271.24,36.01,36.01,M3->FP x M2,99.58,144.72,265.2,55.0,107.6,345.1,467.7
300,0.30,15.0,214.00,259.43,340.72,67.29,75.08,288.51,74.18,288.51,41.94,41.94,M3->FP x M2,99.58,144.72,265.2,55.0,107.6,345.1,492.5
300,0.30,16.0,236.45,285.86,369.33,75.39,80.12,306.99,77.99,306.99,47.93,47.93,M3->FP x M2,99.58,144.72,265.2,55.0,107.6,345.1,517.6
300,0.30,17.0,258.83,312.20,397.84,82.97,85.36,325.90,81.54,326.53,53.98,53.98,M3->FP x M2,99.58,144.72,265.2,55.0,107.6,345.1,542.9
300,0.30,18.0,281.13,338.45,426.22,90.06,90.79,343.54,84.84,347.03,60.09,60.09,M3->FP x M2,99.58,144.72,265.2,55.0,107.6,345.1,568.5
300,0.30,19.0,303.34,364.59,454.47,96.66,96.39,359.89,87.93,368.40,66.27,66.27,M3->FP x M2,99.58,144.72,265.2,55.0,107.6,345.1,594.4
300,0.30,20.0,325.46,390.62,482.59,102.81,102.15,375.02,90.81,390.57,72.53,72.53,M3->FP x M2,99.58,144.72,265.2,55.0,107.6,345.1,620.6
300,0.35,2.0,-36.19,-56.43,0.07,-56.57,61.15,183.67,61.15,183.67,-36.58,-56.57,M1->M2 x M3,116.33,177.48,253.5,64.2,125.8,361.1,187.8
300,0.35,3.0,-36.41,-56.30,0.03,-56.67,61.15,183.67,61.15,183.67,-36.56,-56.67,M1->M2 x M3,116.33,177.48,253.5,64.2,125.8,361.1,206.4
300,0.35,4.0,-36.85,-55.95,12.50,-56.27,61.15,183.67,61.15,183.67,-31.62,-56.27,M1->M2 x M3,116.33,177.48,253.5,64.2,125.8,361.1,227.3
300,0.35,5.0,-30.38,-31.84,39.57,-55.48,61.15,183.67,61.15,183.67,-25.81,-55.48,M1->M2 x M3,116.33,177.48,253.5,64.2,125.8,361.1,248.2
300,0.35,6.0,-10.00,-7.67,66.62,-43.77,61.17,183.67,61.17,183.67,-19.99,-43.77,M1->M2 x M3,116.33,177.48,253.5,64.2,125.8,361.1,269.1
300,0.35,7.0,10.37,16.48,93.65,-32.03,61.61,183.67,61.61,183.67,-14.14,-32.03,M1->M2 x M3,116.33,177.48,253.5,64.2,125.8,361.1,290.2
300,0.35,8.0,30.68,40.58,120.66,-20.23,62.60,183.91,62.60,183.91,-8.27,-20.23,M1->M2 x M3,116.33,177.48,253.5,64.2,125.8,361.1,311.3
300,0.35,9.0,50.99,64.67,147.63,-8.38,64.12,186.19,64.12,186.19,-2.37,-8.38,M1->M2 x M3,116.33,177.48,253.5,64.2,125.8,361.1,332.6
300,0.35,10.0,71.28,88.74,174.55,3.39,66.14,190.84,66.14,190.84,3.43,3.39,M1->M2 x M3,116.33,177.48,253.5,64.2,125.8,361.1,353.9
300,0.35,11.0,91.55,112.78,201.42,14.66,68.63,197.75,68.63,197.75,9.18,9.18,M3->FP x M2,116.33,177.48,253.5,64.2,125.8,361.1,375.4
300,0.35,12.0,111.80,136.78,228.23,25.61,71.55,206.73,71.55,206.73,14.98,14.98,M3->FP x M2,116.33,177.48,253.5,64.2,125.8,361.1,397.1
300,0.35,13.0,132.01,160.75,254.97,36.21,74.86,217.57,74.86,217.57,20.81,20.81,M3->FP x M2,116.33,177.48,253.5,64.2,125.8,361.1,418.9
300,0.35,14.0,152.17,184.67,281.63,46.41,78.53,230.07,78.53,230.07,26.69,26.69,M3->FP x M2,116.33,177.48,253.5,64.2,125.8,361.1,440.9
300,0.35,15.0,172.29,208.53,308.21,56.19,82.52,244.03,82.52,244.03,32.63,32.63,M3->FP x M2,116.33,177.48,253.5,64.2,125.8,361.1,463.0
300,0.35,16.0,192.36,232.32,334.69,65.53,86.80,259.28,86.80,259.28,38.62,38.62,M3->FP x M2,116.33,177.48,253.5,64.2,125.8,361.1,485.4
300,0.35,17.0,212.37,256.05,361.07,74.42,91.35,275.66,91.15,275.66,44.67,44.67,M3->FP x M2,116.33,177.48,253.5,64.2,125.8,361.1,508.0
300,0.35,18.0,232.32,279.70,387.34,82.87,96.14,293.04,95.24,293.04,50.79,50.79,M3->FP x M2,116.33,177.48,253.5,64.2,125.8,361.1,530.9
300,0.35,19.0,252.20,303.26,413.49,90.86,101.15,310.77,99.10,311.34,56.97,56.97,M3->FP x M2,116.33,177.48,253.5,64.2,125.8,361.1,554.0
300,0.35,20.0,271.99,326.73,439.52,98.43,106.38,327.48,102.74,330.45,63.23,63.23,M3->FP x M2,116.33,177.48,253.5,64.2,125.8,361.1,577.4
300,0.40,2.0,-42.17,-67.70,0.23,-67.59,78.85,166.87,78.85,166.87,-41.91,-67.70,in->M1 x M3,133.13,211.98,244.7,73.3,145.0,378.9,191.2
300,0.40,3.0,-42.14,-67.69,0.16,-67.71,78.85,166.87,78.85,166.87,-42.11,-67.71,M1->M2 x M3,133.13,211.98,244.7,73.3,145.0,378.9,210.1
300,0.40,4.0,-42.08,-67.41,6.49,-67.58,78.85,166.87,78.85,166.87,-41.79,-67.58,M1->M2 x M3,133.13,211.98,244.7,73.3,145.0,378.9,229.1
300,0.40,5.0,-41.97,-53.35,32.00,-67.50,78.85,166.87,78.85,166.87,-35.98,-67.50,M1->M2 x M3,133.13,211.98,244.7,73.3,145.0,378.9,248.1
300,0.40,6.0,-26.25,-31.34,57.50,-60.59,78.85,166.87,78.85,166.87,-30.15,-60.59,M1->M2 x M3,133.13,211.98,244.7,73.3,145.0,378.9,267.2
300,0.40,7.0,-7.70,-9.26,82.99,-48.83,78.91,166.87,78.91,166.87,-24.30,-48.83,M1->M2 x M3,133.13,211.98,244.7,73.3,145.0,378.9,286.4
300,0.40,8.0,10.83,12.79,108.44,-37.02,79.35,166.87,79.35,166.87,-18.43,-37.02,M1->M2 x M3,133.13,211.98,244.7,73.3,145.0,378.9,305.6
300,0.40,9.0,29.30,34.78,133.87,-25.15,80.21,166.92,80.21,166.92,-12.53,-25.15,M1->M2 x M3,133.13,211.98,244.7,73.3,145.0,378.9,325.0
300,0.40,10.0,47.76,56.75,159.25,-13.21,81.51,168.55,81.51,168.55,-6.59,-13.21,M1->M2 x M3,133.13,211.98,244.7,73.3,145.0,378.9,344.4
300,0.40,11.0,66.21,78.71,184.58,-1.21,83.21,172.38,83.21,172.38,-0.62,-1.21,M1->M2 x M3,133.13,211.98,244.7,73.3,145.0,378.9,364.0
300,0.40,12.0,84.64,100.64,209.86,10.29,85.32,178.33,85.32,178.33,5.20,5.20,M3->FP x M2,133.13,211.98,244.7,73.3,145.0,378.9,383.7
300,0.40,13.0,103.04,122.54,235.08,21.50,87.80,186.24,87.80,186.24,11.04,11.04,M3->FP x M2,133.13,211.98,244.7,73.3,145.0,378.9,403.5
300,0.40,14.0,121.41,144.40,260.22,32.42,90.64,195.92,90.64,195.92,16.92,16.92,M3->FP x M2,133.13,211.98,244.7,73.3,145.0,378.9,423.5
300,0.40,15.0,139.74,166.22,285.28,43.01,93.82,207.19,93.82,207.19,22.86,22.86,M3->FP x M2,133.13,211.98,244.7,73.3,145.0,378.9,443.7
300,0.40,16.0,158.03,187.99,310.26,53.27,97.31,219.84,97.31,219.84,28.86,28.86,M3->FP x M2,133.13,211.98,244.7,73.3,145.0,378.9,464.1
300,0.40,17.0,176.27,209.70,335.14,63.16,101.11,233.73,101.11,233.73,34.91,34.91,M3->FP x M2,133.13,211.98,244.7,73.3,145.0,378.9,484.7
300,0.40,18.0,194.46,231.35,359.92,72.67,105.18,248.69,105.18,248.69,41.03,41.03,M3->FP x M2,133.13,211.98,244.7,73.3,145.0,378.9,505.5
300,0.40,19.0,212.59,252.93,384.59,81.79,109.51,264.62,109.51,264.62,47.22,47.22,M3->FP x M2,133.13,211.98,244.7,73.3,145.0,378.9,526.6
300,0.40,20.0,230.66,274.43,409.15,90.53,114.10,281.42,113.87,281.42,53.49,53.49,M3->FP x M2,133.13,211.98,244.7,73.3,145.0,378.9,547.9
300,0.45,2.0,-47.06,-79.04,0.08,-79.20,97.99,150.01,97.99,150.01,-47.25,-79.20,M1->M2 x M3,149.99,247.98,237.9,82.5,165.1,398.0,198.1
300,0.45,3.0,-47.19,-79.03,0.24,-79.17,97.99,150.01,97.99,150.01,-47.28,-79.17,M1->M2 x M3,149.99,247.98,237.9,82.5,165.1,398.0,215.6
300,0.45,4.0,-46.55,-79.15,2.18,-79.12,98.00,150.01,98.00,150.01,-47.41,-79.15,in->M1 x M3,149.99,247.98,237.9,82.5,165.1,398.0,233.1
300,0.45,5.0,-47.40,-73.31,26.58,-79.14,97.99,150.01,97.99,150.01,-46.55,-79.14,M1->M2 x M3,149.99,247.98,237.9,82.5,165.1,398.0,250.7
300,0.45,6.0,-40.06,-53.06,50.96,-77.37,98.00,150.01,98.00,150.01,-40.71,-77.37,M1->M2 x M3,149.99,247.98,237.9,82.5,165.1,398.0,268.3
300,0.45,7.0,-22.98,-32.74,75.33,-65.59,97.99,150.01,97.99,150.01,-34.86,-65.59,M1->M2 x M3,149.99,247.98,237.9,82.5,165.1,398.0,286.0
300,0.45,8.0,-5.83,-12.33,99.68,-53.77,98.09,150.01,98.09,150.01,-28.98,-53.77,M1->M2 x M3,149.99,247.98,237.9,82.5,165.1,398.0,303.8
300,0.45,9.0,11.27,8.07,123.99,-41.88,98.52,150.01,98.52,150.01,-23.07,-41.88,M1->M2 x M3,149.99,247.98,237.9,82.5,165.1,398.0,321.6
300,0.45,10.0,28.31,28.36,148.27,-29.93,99.30,150.01,99.30,150.01,-17.13,-29.93,M1->M2 x M3,149.99,247.98,237.9,82.5,165.1,398.0,339.6
300,0.45,11.0,45.35,48.64,172.50,-17.91,100.43,151.01,100.43,151.01,-11.16,-17.91,M1->M2 x M3,149.99,247.98,237.9,82.5,165.1,398.0,357.6
300,0.45,12.0,62.37,68.91,196.68,-5.80,101.91,154.16,101.91,154.16,-5.14,-5.80,M1->M2 x M3,149.99,247.98,237.9,82.5,165.1,398.0,375.8
300,0.45,13.0,79.37,89.15,220.80,6.05,103.73,159.37,103.73,159.37,0.88,0.88,M3->FP x M2,149.99,247.98,237.9,82.5,165.1,398.0,394.2
300,0.45,14.0,96.34,109.37,244.85,17.46,105.89,166.50,105.89,166.50,6.77,6.77,M3->FP x M2,149.99,247.98,237.9,82.5,165.1,398.0,412.7
300,0.45,15.0,113.29,129.55,268.83,28.64,108.36,175.37,108.36,175.37,12.72,12.72,M3->FP x M2,149.99,247.98,237.9,82.5,165.1,398.0,431.3
300,0.45,16.0,130.20,149.70,292.73,39.56,111.14,185.79,111.14,185.79,18.71,18.71,M3->FP x M2,149.99,247.98,237.9,82.5,165.1,398.0,450.1
300,0.45,17.0,147.07,169.80,316.54,50.19,114.23,197.56,114.23,197.56,24.77,24.77,M3->FP x M2,149.99,247.98,237.9,82.5,165.1,398.0,469.1
300,0.45,18.0,163.90,189.84,340.25,60.52,117.60,210.53,117.60,210.53,30.90,30.90,M3->FP x M2,149.99,247.98,237.9,82.5,165.1,398.0,488.4
300,0.45,19.0,180.68,209.83,363.85,70.53,121.25,224.55,121.25,224.55,37.09,37.09,M3->FP x M2,149.99,247.98,237.9,82.5,165.1,398.0,507.8
300,0.45,20.0,197.40,229.76,387.35,80.21,125.17,239.50,125.17,239.50,43.36,43.36,M3->FP x M2,149.99,247.98,237.9,82.5,165.1,398.0,527.5
300,0.50,2.0,-52.05,-90.82,0.20,-91.01,118.30,133.10,118.30,133.10,-52.63,-91.01,M1->M2 x M3,166.90,285.20,232.5,91.7,185.8,418.3,205.9
300,0.50,3.0,-51.82,-91.07,0.00,-90.91,118.30,133.10,118.30,133.10,-52.63,-91.07,in->M1 x M3,166.90,285.20,232.5,91.7,185.8,418.3,222.3
300,0.50,4.0,-51.72,-90.88,0.06,-90.79,118.30,133.10,118.30,133.10,-52.53,-90.88,in->M1 x M3,166.90,285.20,232.5,91.7,185.8,418.3,238.6
300,0.50,5.0,-51.89,-90.85,22.66,-90.69,118.30,133.10,118.30,133.10,-52.51,-90.85,in->M1 x M3,166.90,285.20,232.5,91.7,185.8,418.3,255.1
300,0.50,6.0,-52.16,-73.46,46.24,-90.83,118.30,133.10,118.30,133.10,-51.60,-90.83,M1->M2 x M3,166.90,285.20,232.5,91.7,185.8,418.3,271.5
300,0.50,7.0,-36.26,-54.61,69.80,-82.24,118.30,133.10,118.30,133.10,-45.74,-82.24,M1->M2 x M3,166.90,285.20,232.5,91.7,185.8,418.3,288.0
300,0.50,8.0,-20.29,-35.68,93.34,-70.39,118.30,133.10,118.30,133.10,-39.85,-70.39,M1->M2 x M3,166.90,285.20,232.5,91.7,185.8,418.3,304.6
300,0.50,9.0,-4.24,-16.65,116.86,-58.49,118.43,133.10,118.43,133.10,-33.94,-58.49,M1->M2 x M3,166.90,285.20,232.5,91.7,185.8,418.3,321.3
300,0.50,10.0,11.72,2.44,140.34,-46.52,118.85,133.10,118.85,133.10,-28.00,-46.52,M1->M2 x M3,166.90,285.20,232.5,91.7,185.8,418.3,338.1
300,0.50,11.0,27.62,21.33,163.77,-34.48,119.58,133.10,119.58,133.10,-22.02,-34.48,M1->M2 x M3,166.90,285.20,232.5,91.7,185.8,418.3,354.9
300,0.50,12.0,43.52,40.21,187.16,-22.36,120.59,133.58,120.59,133.58,-16.00,-22.36,M1->M2 x M3,166.90,285.20,232.5,91.7,185.8,418.3,371.9
300,0.50,13.0,59.40,59.08,210.49,-10.15,121.91,136.09,121.91,136.09,-9.93,-10.15,M1->M2 x M3,166.90,285.20,232.5,91.7,185.8,418.3,389.1
300,0.50,14.0,75.27,77.94,233.76,2.04,123.52,140.69,123.52,140.69,-3.82,-3.82,M3->FP x M2,166.90,285.20,232.5,91.7,185.8,418.3,406.3
300,0.50,15.0,91.11,96.77,256.95,13.63,125.42,147.24,125.42,147.24,2.26,2.26,M3->FP x M2,166.90,285.20,232.5,91.7,185.8,418.3,423.7
300,0.50,16.0,106.92,115.57,280.07,25.03,127.61,155.54,127.61,155.54,8.27,8.27,M3->FP x M2,166.90,285.20,232.5,91.7,185.8,418.3,441.3
300,0.50,17.0,122.70,134.33,303.10,36.22,130.09,165.39,130.09,165.39,14.33,14.33,M3->FP x M2,166.90,285.20,232.5,91.7,185.8,418.3,459.1
300,0.50,18.0,138.45,153.06,326.04,47.16,132.84,176.60,132.84,176.60,20.46,20.46,M3->FP x M2,166.90,285.20,232.5,91.7,185.8,418.3,477.0
300,0.50,19.0,154.15,171.74,348.87,57.86,135.87,188.98,135.87,188.98,26.65,26.65,M3->FP x M2,166.90,285.20,232.5,91.7,185.8,418.3,495.2
300,0.50,20.0,169.81,190.36,371.61,68.28,139.17,202.39,139.17,202.39,32.93,32.93,M3->FP x M2,166.90,285.20,232.5,91.7,185.8,418.3,513.5
300,0.55,2.0,-57.79,-103.22,0.09,-103.06,139.50,116.13,139.50,116.13,-57.94,-103.22,in->M1 x M3,183.87,323.37,228.0,100.8,207.0,439.5,214.5
300,0.55,3.0,-57.28,-103.26,0.16,-103.20,139.50,116.13,139.50,116.13,-57.93,-103.26,in->M1 x M3,183.87,323.37,228.0,100.8,207.0,439.5,229.9
300,0.55,4.0,-57.52,-103.29,0.28,-102.88,139.50,116.13,139.50,116.13,-57.93,-103.29,in->M1 x M3,183.87,323.37,228.0,100.8,207.0,439.5,245.3
300,0.55,5.0,-57.34,-103.25,19.84,-103.26,139.50,116.13,139.50,116.13,-57.95,-103.26,M1->M2 x M3,183.87,323.37,228.0,100.8,207.0,439.5,260.8
300,0.55,6.0,-57.52,-92.93,42.84,-103.17,139.50,116.13,139.50,116.13,-57.97,-103.17,M1->M2 x M3,183.87,323.37,228.0,100.8,207.0,439.5,276.3
300,0.55,7.0,-48.08,-75.33,65.82,-98.68,139.50,116.13,139.50,116.13,-56.86,-98.68,M1->M2 x M3,183.87,323.37,228.0,100.8,207.0,439.5,291.9
300,0.55,8.0,-33.08,-57.66,88.79,-86.81,139.50,116.13,139.50,116.13,-50.98,-86.81,M1->M2 x M3,183.87,323.37,228.0,100.8,207.0,439.5,307.5
300,0.55,9.0,-18.01,-39.90,111.73,-74.89,139.51,116.13,139.51,116.13,-45.06,-74.89,M1->M2 x M3,183.87,323.37,228.0,100.8,207.0,439.5,323.2
300,0.55,10.0,-2.85,-22.05,134.63,-62.91,139.67,116.13,139.67,116.13,-39.11,-62.91,M1->M2 x M3,183.87,323.37,228.0,100.8,207.0,439.5,339.0
300,0.55,11.0,12.18,-4.09,157.50,-50.85,140.09,116.13,140.09,116.13,-33.12,-50.85,M1->M2 x M3,183.87,323.37,228.0,100.8,207.0,439.5,354.9
300,0.55,12.0,27.16,13.70,180.31,-38.71,140.77,116.13,140.77,116.13,-27.10,-38.71,M1->M2 x M3,183.87,323.37,228.0,100.8,207.0,439.5,370.9
300,0.55,13.0,42.13,31.40,203.07,-26.48,141.70,116.26,141.70,116.26,-21.03,-26.48,M1->M2 x M3,183.87,323.37,228.0,100.8,207.0,439.5,387.0
300,0.55,14.0,57.09,49.10,225.77,-14.15,142.89,118.13,142.89,118.13,-14.91,-14.91,M3->FP x M2,183.87,323.37,228.0,100.8,207.0,439.5,403.3
300,0.55,15.0,72.03,66.78,248.40,-1.72,144.35,122.19,144.35,122.19,-8.74,-8.74,M3->FP x M2,183.87,323.37,228.0,100.8,207.0,439.5,419.7
300,0.55,16.0,86.95,84.44,270.96,10.13,146.06,128.30,146.06,128.30,-2.51,-2.51,M3->FP x M2,183.87,323.37,228.0,100.8,207.0,439.5,436.3
300,0.55,17.0,101.85,102.08,293.43,21.73,148.03,136.22,148.03,136.22,3.65,3.65,M3->FP x M2,183.87,323.37,228.0,100.8,207.0,439.5,453.0
300,0.55,18.0,116.71,119.69,315.81,33.14,150.27,145.74,150.27,145.74,9.78,9.78,M3->FP x M2,183.87,323.37,228.0,100.8,207.0,439.5,469.9
300,0.55,19.0,131.54,137.26,338.10,44.36,152.76,156.63,152.76,156.63,15.98,15.98,M3->FP x M2,183.87,323.37,228.0,100.8,207.0,439.5,487.0
300,0.55,20.0,146.33,154.78,360.28,55.37,155.51,168.69,155.51,168.69,22.26,22.26,M3->FP x M2,183.87,323.37,228.0,100.8,207.0,439.5,504.3
300,0.60,2.0,-62.81,-115.55,0.13,-115.31,161.33,99.10,161.33,99.10,-62.85,-115.55,in->M1 x M3,200.90,362.23,224.3,110.0,228.6,461.3,223.6
300,0.60,3.0,-62.57,-115.61,0.12,-115.54,161.33,99.10,161.33,99.10,-62.90,-115.61,in->M1 x M3,200.90,362.23,224.3,110.0,228.6,461.3,238.2
300,0.60,4.0,-62.31,-115.45,0.18,-115.69,161.33,99.10,161.33,99.10,-63.20,-115.69,M1->M2 x M3,200.90,362.23,224.3,110.0,228.6,461.3,252.9
300,0.60,5.0,-62.38,-115.62,17.84,-115.52,161.33,99.10,161.33,99.10,-63.18,-115.62,in->M1 x M3,200.90,362.23,224.3,110.0,228.6,461.3,267.5
300,0.60,6.0,-62.72,-111.69,40.43,-115.38,161.33,99.10,161.33,99.10,-63.19,-115.38,M1->M2 x M3,200.90,362.23,224.3,110.0,228.6,461.3,282.2
300,0.60,7.0,-58.81,-95.19,63.00,-114.82,161.33,99.10,161.33,99.10,-62.82,-114.82,M1->M2 x M3,200.90,362.23,224.3,110.0,228.6,461.3,297.0
300,0.60,8.0,-44.62,-78.61,85.56,-102.94,161.33,99.10,161.33,99.10,-62.27,-102.94,M1->M2 x M3,200.90,362.23,224.3,110.0,228.6,461.3,311.8
300,0.60,9.0,-30.36,-61.96,108.09,-91.00,161.33,99.10,161.33,99.10,-56.35,-91.00,M1->M2 x M3,200.90,362.23,224.3,110.0,228.6,461.3,326.8
300,0.60,10.0,-16.01,-45.22,130.59,-78.99,161.34,99.10,161.34,99.10,-50.39,-78.99,M1->M2 x M3,200.90,362.23,224.3,110.0,228.6,461.3,341.7
300,0.60,11.0,-1.58,-28.38,153.05,-66.92,161.54,99.10,161.54,99.10,-44.40,-66.92,M1->M2 x M3,200.90,362.23,224.3,110.0,228.6,461.3,356.8
300,0.60,12.0,12.66,-11.42,175.46,-54.76,161.96,99.10,161.96,99.10,-38.37,-54.76,M1->M2 x M3,200.90,362.23,224.3,110.0,228.6,461.3,372.0
300,0.60,13.0,26.88,5.52,197.82,-42.51,162.60,99.10,162.60,99.10,-32.30,-42.51,M1->M2 x M3,200.90,362.23,224.3,110.0,228.6,461.3,387.3
300,0.60,14.0,41.09,22.22,220.12,-30.16,163.47,99.10,163.47,99.10,-26.17,-30.16,M1->M2 x M3,200.90,362.23,224.3,110.0,228.6,461.3,402.8
300,0.60,15.0,55.29,38.91,242.35,-17.71,164.57,100.28,164.57,100.28,-20.00,-20.00,M3->FP x M2,200.90,362.23,224.3,110.0,228.6,461.3,418.3
300,0.60,16.0,69.47,55.58,264.51,-5.14,165.90,103.83,165.90,103.83,-13.76,-13.76,M3->FP x M2,200.90,362.23,224.3,110.0,228.6,461.3,434.0
300,0.60,17.0,83.63,72.24,286.58,7.06,167.47,109.60,167.47,109.60,-7.46,-7.46,M3->FP x M2,200.90,362.23,224.3,110.0,228.6,461.3,449.9
300,0.60,18.0,97.76,88.88,308.57,18.83,169.28,117.33,169.28,117.33,-1.10,-1.10,M3->FP x M2,200.90,362.23,224.3,110.0,228.6,461.3,466.0
300,0.60,19.0,111.87,105.49,330.47,30.46,171.32,126.72,171.32,126.72,5.15,5.15,M3->FP x M2,200.90,362.23,224.3,110.0,228.6,461.3,482.2
300,0.60,20.0,125.93,122.07,352.26,41.92,173.61,137.52,173.61,137.52,11.43,11.43,M3->FP x M2,200.90,362.23,224.3,110.0,228.6,461.3,498.6
300,0.65,2.0,-67.61,-128.22,0.07,-127.94,183.51,82.02,183.51,82.02,-68.26,-128.22,in->M1 x M3,217.98,401.49,221.1,119.2,250.5,483.5,233.1
300,0.65,3.0,-67.86,-128.02,0.17,-128.02,183.51,82.02,183.51,82.02,-68.10,-128.02,in->M1 x M3,217.98,401.49,221.1,119.2,250.5,483.5,247.0
300,0.65,4.0,-68.27,-127.86,0.02,-127.83,183.51,82.02,183.51,82.02,-68.21,-127.86,in->M1 x M3,217.98,401.49,221.1,119.2,250.5,483.5,261.0
300,0.65,5.0,-68.41,-128.12,16.46,-128.02,183.51,82.02,183.51,82.02,-68.35,-128.12,in->M1 x M3,217.98,401.49,221.1,119.2,250.5,483.5,275.0
300,0.65,6.0,-68.41,-128.09,38.77,-128.22,183.51,82.02,183.51,82.02,-68.38,-128.22,M1->M2 x M3,217.98,401.49,221.1,119.2,250.5,483.5,289.1
300,0.65,7.0,-68.34,-114.34,61.06,-127.90,183.51,82.02,183.51,82.02,-68.48,-127.90,M1->M2 x M3,217.98,401.49,221.1,119.2,250.5,483.5,303.2
300,0.65,8.0,-55.19,-98.74,83.34,-118.68,183.51,82.02,183.51,82.02,-68.48,-118.68,M1->M2 x M3,217.98,401.49,221.1,119.2,250.5,483.5,317.3
300,0.65,9.0,-41.61,-83.07,105.59,-106.72,183.51,82.02,183.51,82.02,-67.73,-106.72,M1->M2 x M3,217.98,401.49,221.1,119.2,250.5,483.5,331.5
300,0.65,10.0,-27.96,-67.31,127.81,-94.69,183.51,82.02,183.51,82.02,-61.77,-94.69,M1->M2 x M3,217.98,401.49,221.1,119.2,250.5,483.5,345.9
300,0.65,11.0,-14.23,-51.46,149.98,-82.60,183.54,82.02,183.54,82.02,-55.78,-82.60,M1->M2 x M3,217.98,401.49,221.1,119.2,250.5,483.5,360.3
300,0.65,12.0,-0.40,-35.50,172.12,-70.42,183.76,82.02,183.76,82.02,-49.74,-70.42,M1->M2 x M3,217.98,401.49,221.1,119.2,250.5,483.5,374.8
300,0.65,13.0,13.19,-19.43,194.20,-58.15,184.18,82.02,184.18,82.02,-43.66,-58.15,M1->M2 x M3,217.98,401.49,221.1,119.2,250.5,483.5,389.4
300,0.65,14.0,26.77,-3.22,216.22,-45.79,184.79,82.02,184.79,82.02,-37.53,-45.79,M1->M2 x M3,217.98,401.49,221.1,119.2,250.5,483.5,404.1
300,0.65,15.0,40.34,12.68,238.18,-33.31,185.62,82.02,185.62,82.02,-31.35,-33.31,M1->M2 x M3,217.98,401.49,221.1,119.2,250.5,483.5,419.0
300,0.65,16.0,53.89,28.49,260.06,-20.72,186.65,82.55,186.65,82.55,-25.11,-25.11,M3->FP x M2,217.98,401.49,221.1,119.2,250.5,483.5,434.0
300,0.65,17.0,67.43,44.29,281.86,-8.01,187.89,85.58,187.89,85.58,-18.81,-18.81,M3->FP x M2,217.98,401.49,221.1,119.2,250.5,483.5,449.1
300,0.65,18.0,80.95,60.08,303.58,4.51,189.35,91.11,189.35,91.11,-12.44,-12.44,M3->FP x M2,217.98,401.49,221.1,119.2,250.5,483.5,464.4
300,0.65,19.0,94.45,75.84,325.21,16.45,191.03,98.82,191.03,98.82,-6.00,-6.00,M3->FP x M2,217.98,401.49,221.1,119.2,250.5,483.5,479.9
300,0.65,20.0,107.92,91.59,346.73,28.27,192.93,108.31,192.93,108.31,0.50,0.50,M3->FP x M2,217.98,401.49,221.1,119.2,250.5,483.5,495.6
300,0.70,2.0,-73.64,-140.67,0.10,-140.57,205.77,64.88,205.77,64.88,-73.60,-140.67,in->M1 x M3,235.12,440.88,218.4,128.3,272.4,505.8,246.7
300,0.70,3.0,-73.40,-140.80,0.04,-140.80,205.76,64.88,205.76,64.88,-73.50,-140.80,M1->M2 x M3,235.12,440.88,218.4,128.3,272.4,505.8,256.2
300,0.70,4.0,-73.26,-140.54,0.07,-140.67,205.76,64.88,205.76,64.88,-73.39,-140.67,M1->M2 x M3,235.12,440.88,218.4,128.3,272.4,505.8,269.6
300,0.70,5.0,-73.37,-140.73,15.56,-140.49,205.76,64.88,205.76,64.88,-73.45,-140.73,in->M1 x M3,235.12,440.88,218.4,128.3,272.4,505.8,283.0
300,0.70,6.0,-73.20,-140.75,37.68,-140.58,205.76,64.88,205.76,64.88,-73.59,-140.75,in->M1 x M3,235.12,440.88,218.4,128.3,272.4,505.8,296.5
300,0.70,7.0,-73.52,-132.88,59.79,-140.68,205.76,64.88,205.76,64.88,-73.75,-140.68,M1->M2 x M3,235.12,440.88,218.4,128.3,272.4,505.8,310.0
300,0.70,8.0,-65.01,-118.16,81.88,-133.94,205.77,64.88,205.77,64.88,-73.64,-133.94,M1->M2 x M3,235.12,440.88,218.4,128.3,272.4,505.8,323.6
300,0.70,9.0,-52.02,-103.37,103.94,-121.96,205.76,64.88,205.76,64.88,-73.42,-121.96,M1->M2 x M3,235.12,440.88,218.4,128.3,272.4,505.8,337.3
300,0.70,10.0,-38.96,-88.51,125.97,-109.92,205.77,64.88,205.77,64.88,-73.17,-109.92,M1->M2 x M3,235.12,440.88,218.4,128.3,272.4,505.8,351.0
300,0.70,11.0,-25.82,-73.55,147.97,-97.80,205.76,64.88,205.76,64.88,-67.17,-97.80,M1->M2 x M3,235.12,440.88,218.4,128.3,272.4,505.8,364.8
300,0.70,12.0,-12.59,-58.49,169.92,-85.61,205.83,64.88,205.83,64.88,-61.13,-85.61,M1->M2 x M3,235.12,440.88,218.4,128.3,272.4,505.8,378.7
300,0.70,13.0,0.72,-43.32,191.82,-73.32,206.06,64.88,206.06,64.88,-55.05,-73.32,M1->M2 x M3,235.12,440.88,218.4,128.3,272.4,505.8,392.7
300,0.70,14.0,13.76,-28.03,213.66,-60.93,206.48,64.88,206.48,64.88,-48.91,-60.93,M1->M2 x M3,235.12,440.88,218.4,128.3,272.4,505.8,406.9
300,0.70,15.0,26.79,-12.61,235.43,-48.44,207.08,64.88,207.08,64.88,-42.72,-48.44,M1->M2 x M3,235.12,440.88,218.4,128.3,272.4,505.8,421.1
300,0.70,16.0,39.82,2.84,257.13,-35.83,207.87,64.88,207.87,64.88,-36.48,-36.48,M3->FP x M2,235.12,440.88,218.4,128.3,272.4,505.8,435.5
300,0.70,17.0,52.83,17.88,278.76,-23.10,208.85,64.99,208.85,64.99,-30.17,-30.17,M3->FP x M2,235.12,440.88,218.4,128.3,272.4,505.8,450.0
300,0.70,18.0,65.83,32.90,300.30,-10.23,210.03,67.41,210.03,67.41,-23.80,-23.80,M3->FP x M2,235.12,440.88,218.4,128.3,272.4,505.8,464.7
300,0.70,19.0,78.81,47.92,321.75,2.59,211.40,72.84,211.40,72.84,-17.35,-17.35,M3->FP x M2,235.12,440.88,218.4,128.3,272.4,505.8,479.6
300,0.70,20.0,91.77,62.92,343.10,14.69,212.98,80.76,212.98,80.76,-10.83,-10.83,M3->FP x M2,235.12,440.88,218.4,128.3,272.4,505.8,494.6
300,0.75,2.0,-78.76,-153.26,0.24,-153.10,227.83,47.70,227.83,47.70,-78.91,-153.26,in->M1 x M3,252.30,480.13,216.1,137.5,294.3,527.8,268.5
300,0.75,3.0,-79.04,-153.24,0.18,-153.32,227.83,47.70,227.83,47.70,-78.41,-153.32,M1->M2 x M3,252.30,480.13,216.1,137.5,294.3,527.8,268.5
300,0.75,4.0,-78.69,-153.25,0.00,-152.97,227.83,47.70,227.83,47.70,-78.80,-153.25,in->M1 x M3,252.30,480.13,216.1,137.5,294.3,527.8,278.5
300,0.75,5.0,-78.88,-153.23,15.01,-153.25,227.83,47.70,227.83,47.70,-78.84,-153.25,M1->M2 x M3,252.30,480.13,216.1,137.5,294.3,527.8,291.4
300,0.75,6.0,-78.82,-153.29,37.01,-153.08,227.83,47.70,227.83,47.70,-78.87,-153.29,in->M1 x M3,252.30,480.13,216.1,137.5,294.3,527.8,304.4
300,0.75,7.0,-78.34,-150.85,59.01,-153.26,227.83,47.70,227.83,47.70,-78.82,-153.26,M1->M2 x M3,252.30,480.13,216.1,137.5,294.3,527.8,317.4
300,0.75,8.0,-74.22,-136.94,80.99,-148.64,227.83,47.70,227.83,47.70,-78.83,-148.64,M1->M2 x M3,252.30,480.13,216.1,137.5,294.3,527.8,330.5
300,0.75,9.0,-61.74,-122.96,102.94,-136.64,227.83,47.70,227.83,47.70,-78.91,-136.64,M1->M2 x M3,252.30,480.13,216.1,137.5,294.3,527.8,343.6
300,0.75,10.0,-49.19,-108.90,124.86,-124.58,227.83,47.70,227.83,47.70,-78.56,-124.58,M1->M2 x M3,252.30,480.13,216.1,137.5,294.3,527.8,356.9
300,0.75,11.0,-36.56,-94.76,146.74,-112.44,227.83,47.70,227.83,47.70,-78.52,-112.44,M1->M2 x M3,252.30,480.13,216.1,137.5,294.3,527.8,370.2
300,0.75,12.0,-23.85,-80.52,168.58,-100.23,227.83,47.70,227.83,47.70,-72.47,-100.23,M1->M2 x M3,252.30,480.13,216.1,137.5,294.3,527.8,383.6
300,0.75,13.0,-11.05,-66.18,190.37,-87.92,227.92,47.70,227.92,47.70,-66.38,-87.92,M1->M2 x M3,252.30,480.13,216.1,137.5,294.3,527.8,397.1
300,0.75,14.0,1.80,-51.72,212.10,-75.52,228.18,47.70,228.18,47.70,-60.24,-75.52,M1->M2 x M3,252.30,480.13,216.1,137.5,294.3,527.8,410.7
300,0.75,15.0,14.38,-37.14,233.76,-63.01,228.60,47.70,228.60,47.70,-54.04,-63.01,M1->M2 x M3,252.30,480.13,216.1,137.5,294.3,527.8,424.4
300,0.75,16.0,26.95,-22.42,255.36,-50.38,229.19,47.70,229.19,47.70,-47.79,-50.38,M1->M2 x M3,252.30,480.13,216.1,137.5,294.3,527.8,438.3
300,0.75,17.0,39.51,-7.56,276.87,-37.63,229.95,47.70,229.95,47.70,-41.48,-41.48,M3->FP x M2,252.30,480.13,216.1,137.5,294.3,527.8,452.3
300,0.75,18.0,52.06,7.10,298.30,-24.74,230.90,47.70,230.90,47.70,-35.10,-35.10,M3->FP x M2,252.30,480.13,216.1,137.5,294.3,527.8,466.4
300,0.75,19.0,64.59,21.44,319.64,-11.70,232.02,49.34,232.02,49.34,-28.65,-28.65,M3->FP x M2,252.30,480.13,216.1,137.5,294.3,527.8,480.8
300,0.75,20.0,77.11,35.77,340.89,1.38,233.33,54.84,233.33,54.84,-22.12,-22.12,M3->FP x M2,252.30,480.13,216.1,137.5,294.3,527.8,495.2
300,0.80,2.0,-83.68,-165.41,0.13,-165.58,249.42,30.46,249.42,30.46,-83.96,-165.58,M1->M2 x M3,269.54,518.96,214.0,146.7,315.9,549.4,290.1
300,0.80,3.0,-83.85,-165.49,0.01,-165.50,249.42,30.46,249.42,30.46,-84.19,-165.50,M1->M2 x M3,269.54,518.96,214.0,146.7,315.9,549.4,290.1
300,0.80,4.0,-83.93,-165.35,0.23,-165.33,249.42,30.46,249.42,30.46,-84.27,-165.35,in->M1 x M3,269.54,518.96,214.0,146.7,315.9,549.4,290.1
300,0.80,5.0,-83.80,-165.67,14.72,-165.47,249.42,30.46,249.42,30.46,-83.76,-165.67,in->M1 x M3,269.54,518.96,214.0,146.7,315.9,549.4,300.0
300,0.80,6.0,-83.92,-165.71,36.67,-165.65,249.42,30.46,249.42,30.46,-83.94,-165.71,in->M1 x M3,269.54,518.96,214.0,146.7,315.9,549.4,312.5
300,0.80,7.0,-83.95,-165.45,58.60,-165.66,249.42,30.46,249.42,30.46,-84.09,-165.66,M1->M2 x M3,269.54,518.96,214.0,146.7,315.9,549.4,325.1
300,0.80,8.0,-82.94,-155.09,80.52,-162.68,249.42,30.46,249.42,30.46,-83.57,-162.68,M1->M2 x M3,269.54,518.96,214.0,146.7,315.9,549.4,337.8
300,0.80,9.0,-70.90,-141.85,102.41,-150.66,249.42,30.46,249.42,30.46,-84.27,-150.66,M1->M2 x M3,269.54,518.96,214.0,146.7,315.9,549.4,350.5
300,0.80,10.0,-58.80,-128.55,124.28,-138.58,249.42,30.46,249.42,30.46,-84.22,-138.58,M1->M2 x M3,269.54,518.96,214.0,146.7,315.9,549.4,363.3
300,0.80,11.0,-46.63,-115.16,146.10,-126.43,249.42,30.46,249.42,30.46,-84.21,-126.43,M1->M2 x M3,269.54,518.96,214.0,146.7,315.9,549.4,376.1
300,0.80,12.0,-34.37,-101.68,167.88,-114.20,249.42,30.46,249.42,30.46,-83.68,-114.20,M1->M2 x M3,269.54,518.96,214.0,146.7,315.9,549.4,389.1
300,0.80,13.0,-22.02,-88.10,189.61,-101.87,249.43,30.46,249.43,30.46,-77.58,-101.87,M1->M2 x M3,269.54,518.96,214.0,146.7,315.9,549.4,402.1
300,0.80,14.0,-9.58,-74.41,211.28,-89.45,249.55,30.46,249.55,30.46,-71.44,-89.45,M1->M2 x M3,269.54,518.96,214.0,146.7,315.9,549.4,415.3
300,0.80,15.0,2.87,-60.60,232.89,-76.92,249.82,30.46,249.82,30.46,-65.24,-76.92,M1->M2 x M3,269.54,518.96,214.0,146.7,315.9,549.4,428.6
300,0.80,16.0,15.05,-46.67,254.43,-64.27,250.25,30.46,250.25,30.46,-58.98,-64.27,M1->M2 x M3,269.54,518.96,214.0,146.7,315.9,549.4,442.0
300,0.80,17.0,27.22,-32.60,275.88,-51.50,250.84,30.46,250.84,30.46,-52.66,-52.66,M3->FP x M2,269.54,518.96,214.0,146.7,315.9,549.4,455.5
300,0.80,18.0,39.38,-18.38,297.26,-38.59,251.59,30.46,251.59,30.46,-46.28,-46.28,M3->FP x M2,269.54,518.96,214.0,146.7,315.9,549.4,469.2
300,0.80,19.0,51.53,-3.99,318.54,-25.53,252.50,30.46,252.50,30.46,-39.82,-39.82,M3->FP x M2,269.54,518.96,214.0,146.7,315.9,549.4,483.0
300,0.80,20.0,63.66,9.93,339.73,-12.32,253.59,31.36,253.59,31.36,-33.28,-33.28,M3->FP x M2,269.54,518.96,214.0,146.7,315.9,549.4,497.1
300,0.85,2.0,-89.49,-177.76,0.09,-177.87,270.27,13.19,270.27,13.19,-89.22,-177.87,M1->M2 x M3,286.81,557.08,212.2,155.8,337.1,570.3,311.3
300,0.85,3.0,-89.18,-177.83,0.05,-177.79,270.27,13.19,270.27,13.19,-89.19,-177.83,in->M1 x M3,286.81,557.08,212.2,155.8,337.1,570.3,311.3
300,0.85,4.0,-89.43,-177.70,0.32,-177.84,270.27,13.19,270.27,13.19,-89.53,-177.84,M1->M2 x M3,286.81,557.08,212.2,155.8,337.1,570.3,311.3
300,0.85,5.0,-89.20,-177.84,14.62,-177.81,270.27,13.19,270.27,13.19,-89.57,-177.84,in->M1 x M3,286.81,557.08,212.2,155.8,337.1,570.3,311.3
300,0.85,6.0,-89.48,-177.68,36.54,-177.82,270.27,13.19,270.27,13.19,-89.21,-177.82,M1->M2 x M3,286.81,557.08,212.2,155.8,337.1,570.3,320.8
300,0.85,7.0,-89.08,-177.76,58.46,-177.95,270.27,13.19,270.27,13.19,-89.27,-177.95,M1->M2 x M3,286.81,557.08,212.2,155.8,337.1,570.3,333.0
300,0.85,8.0,-89.51,-172.62,80.36,-175.97,270.27,13.19,270.27,13.19,-88.65,-175.97,M1->M2 x M3,286.81,557.08,212.2,155.8,337.1,570.3,345.3
300,0.85,9.0,-79.61,-160.08,102.23,-163.94,270.27,13.19,270.27,13.19,-89.32,-163.94,M1->M2 x M3,286.81,557.08,212.2,155.8,337.1,570.3,357.6
300,0.85,10.0,-67.90,-147.47,124.07,-151.84,270.27,13.19,270.27,13.19,-89.27,-151.84,M1->M2 x M3,286.81,557.08,212.2,155.8,337.1,570.3,370.0
300,0.85,11.0,-56.13,-134.78,145.87,-139.67,270.27,13.19,270.27,13.19,-89.48,-139.67,M1->M2 x M3,286.81,557.08,212.2,155.8,337.1,570.3,382.5
300,0.85,12.0,-44.27,-122.00,167.63,-127.42,270.27,13.19,270.27,13.19,-89.19,-127.42,M1->M2 x M3,286.81,557.08,212.2,155.8,337.1,570.3,395.0
300,0.85,13.0,-32.33,-109.13,189.34,-115.08,270.27,13.19,270.27,13.19,-88.58,-115.08,M1->M2 x M3,286.81,557.08,212.2,155.8,337.1,570.3,407.7
300,0.85,14.0,-20.29,-96.16,210.99,-102.63,270.29,13.19,270.29,13.19,-82.43,-102.63,M1->M2 x M3,286.81,557.08,212.2,155.8,337.1,570.3,420.5
300,0.85,15.0,-8.15,-83.08,232.58,-90.08,270.44,13.19,270.44,13.19,-76.22,-90.08,M1->M2 x M3,286.81,557.08,212.2,155.8,337.1,570.3,433.3
300,0.85,16.0,3.95,-69.87,254.09,-77.42,270.73,13.19,270.73,13.19,-69.96,-77.42,M1->M2 x M3,286.81,557.08,212.2,155.8,337.1,570.3,446.3
300,0.85,17.0,15.78,-56.54,275.53,-64.62,271.16,13.19,271.16,13.19,-63.64,-64.62,M1->M2 x M3,286.81,557.08,212.2,155.8,337.1,570.3,459.5
300,0.85,18.0,27.60,-43.06,296.89,-51.70,271.75,13.19,271.75,13.19,-57.25,-57.25,M3->FP x M2,286.81,557.08,212.2,155.8,337.1,570.3,472.7
300,0.85,19.0,39.41,-29.43,318.15,-38.62,272.49,13.19,272.49,13.19,-50.79,-50.79,M3->FP x M2,286.81,557.08,212.2,155.8,337.1,570.3,486.1
300,0.85,20.0,51.21,-15.63,339.32,-25.39,273.39,13.19,273.39,13.19,-44.24,-44.24,M3->FP x M2,286.81,557.08,212.2,155.8,337.1,570.3,499.7
300,0.90,2.0,-94.07,4.13,0.10,4.13,290.09,-104.98,290.09,-105.15,-94.45,-105.15,M3->FP x M1,304.13,594.22,210.6,165.0,357.8,594.2,331.9
300,0.90,3.0,-94.32,4.13,0.04,4.13,290.09,-105.02,290.09,-104.78,-94.37,-105.02,M2->M3 x M1,304.13,594.22,210.6,165.0,357.8,594.2,331.9
300,0.90,4.0,-94.75,4.13,0.30,4.13,290.09,-104.61,290.09,-104.94,-94.82,-104.94,M3->FP x M1,304.13,594.22,210.6,165.0,357.8,594.2,331.9
300,0.90,5.0,-94.47,4.13,14.64,4.13,290.09,-105.35,290.09,-105.00,-94.75,-105.35,M2->M3 x M1,304.13,594.22,210.6,165.0,357.8,594.2,331.9
300,0.90,6.0,-94.37,4.13,36.56,4.13,290.09,-103.48,290.09,-103.98,-94.59,-103.98,M3->FP x M1,304.13,594.22,210.6,165.0,357.8,594.2,331.9
300,0.90,7.0,-94.72,4.13,58.48,4.13,290.09,-105.30,290.09,-104.99,-94.69,-105.30,M2->M3 x M1,304.13,594.22,210.6,165.0,357.8,594.2,340.9
300,0.90,8.0,-94.64,4.13,80.38,4.13,290.09,-103.67,290.09,-103.19,-94.34,-103.67,M2->M3 x M1,304.13,594.22,210.6,165.0,357.8,594.2,352.9
300,0.90,9.0,-87.93,4.13,102.26,4.13,290.09,-105.34,290.09,-105.19,-94.48,-105.34,M2->M3 x M1,304.13,594.22,210.6,165.0,357.8,594.2,364.8
300,0.90,10.0,-76.58,4.13,124.11,4.13,290.09,-104.42,290.09,-103.62,-94.21,-104.42,M2->M3 x M1,304.13,594.22,210.6,165.0,357.8,594.2,376.9
300,0.90,11.0,-65.15,4.13,145.91,4.13,290.09,-105.17,290.09,-105.17,-94.44,-105.17,M3->FP x M1,304.13,594.22,210.6,165.0,357.8,594.2,389.0
300,0.90,12.0,-53.65,4.13,167.68,4.13,290.09,-104.88,290.09,-103.91,-94.23,-104.88,M2->M3 x M1,304.13,594.22,210.6,165.0,357.8,594.2,401.2
300,0.90,13.0,-42.07,4.13,189.39,4.13,290.09,-105.41,290.09,-105.26,-94.48,-105.41,M2->M3 x M1,304.13,594.22,210.6,165.0,357.8,594.2,413.6
300,0.90,14.0,-30.39,4.13,211.04,4.13,290.09,-104.99,290.09,-103.85,-93.14,-104.99,M2->M3 x M1,304.13,594.22,210.6,165.0,357.8,594.2,426.0
300,0.90,15.0,-18.62,4.13,232.63,4.13,290.13,-92.59,290.13,-91.36,-86.93,-92.59,M2->M3 x M1,304.13,594.22,210.6,165.0,357.8,594.2,438.5
300,0.90,16.0,-6.73,4.13,254.15,4.13,290.30,-80.08,290.30,-78.77,-80.66,-80.66,M3->FP x M2,304.13,594.22,210.6,165.0,357.8,594.2,451.1
300,0.90,17.0,5.05,4.13,275.59,4.13,290.61,-67.44,290.61,-66.04,-74.34,-74.34,M3->FP x M2,304.13,594.22,210.6,165.0,357.8,594.2,463.9
300,0.90,18.0,16.57,4.13,296.95,4.13,291.06,-54.67,291.06,-53.18,-67.94,-67.94,M3->FP x M2,304.13,594.22,210.6,165.0,357.8,594.2,476.8
300,0.90,19.0,28.09,4.13,318.22,4.13,291.65,-41.75,291.65,-40.18,-61.47,-61.47,M3->FP x M2,304.13,594.22,210.6,165.0,357.8,594.2,489.8
300,0.90,20.0,39.60,4.13,339.39,4.13,292.39,-28.68,292.39,-27.02,-54.93,-54.93,M3->FP x M2,304.13,594.22,210.6,165.0,357.8,594.2,503.0
350,0.30,2.0,-30.20,-48.43,0.83,-48.44,52.77,250.39,52.77,250.39,-31.58,-48.44,M1->M2 x M3,99.61,152.38,278.8,55.0,111.8,402.8,190.3
350,0.30,3.0,-30.66,-48.68,2.89,-48.61,52.77,250.39,52.77,250.39,-29.82,-48.68,in->M1 x M3,99.61,152.38,278.8,55.0,111.8,402.8,216.5
350,0.30,4.0,-21.23,-22.63,36.08,-48.48,52.77,250.39,52.77,250.39,-24.03,-48.48,M1->M2 x M3,99.61,152.38,278.8,55.0,111.8,402.8,242.7
350,0.30,5.0,5.38,8.04,69.25,-38.09,52.77,250.39,52.77,250.39,-18.22,-38.09,M1->M2 x M3,99.61,152.38,278.8,55.0,111.8,402.8,269.1
350,0.30,6.0,31.94,38.66,102.41,-26.40,53.14,250.46,53.14,250.46,-12.40,-26.40,M1->M2 x M3,99.61,152.38,278.8,55.0,111.8,402.8,295.5
350,0.30,7.0,58.48,69.27,135.53,-14.66,54.15,252.46,54.15,252.46,-6.56,-14.66,M1->M2 x M3,99.61,152.38,278.8,55.0,111.8,402.8,322.0
350,0.30,8.0,85.01,99.86,168.62,-2.88,55.75,257.22,55.75,257.22,-0.69,-2.88,M1->M2 x M3,99.61,152.38,278.8,55.0,111.8,402.8,348.6
350,0.30,9.0,111.51,130.42,201.65,8.49,57.92,264.62,57.92,264.62,5.02,5.02,M3->FP x M2,99.61,152.38,278.8,55.0,111.8,402.8,375.4
350,0.30,10.0,137.98,160.94,234.62,19.40,60.60,274.49,60.60,274.49,10.74,10.74,M3->FP x M2,99.61,152.38,278.8,55.0,111.8,402.8,402.3
350,0.30,11.0,164.41,191.41,267.52,29.89,63.74,286.63,63.74,286.63,16.49,16.49,M3->FP x M2,99.61,152.38,278.8,55.0,111.8,402.8,429.4
350,0.30,12.0,190.78,221.82,300.34,39.90,67.28,300.81,67.28,300.81,22.28,22.28,M3->FP x M2,99.61,152.38,278.8,55.0,111.8,402.8,456.7
350,0.30,13.0,217.10,252.17,333.06,49.41,71.18,316.83,71.18,316.83,28.11,28.11,M3->FP x M2,99.61,152.38,278.8,55.0,111.8,402.8,484.1
350,0.30,14.0,243.35,282.44,365.69,58.40,75.40,334.47,75.40,334.47,33.99,33.99,M3->FP x M2,99.61,152.38,278.8,55.0,111.8,402.8,511.8
350,0.30,15.0,269.53,312.62,398.20,66.86,79.90,353.57,79.58,353.57,39.93,39.93,M3->FP x M2,99.61,152.38,278.8,55.0,111.8,402.8,539.8
350,0.30,16.0,295.63,342.70,430.59,74.81,84.65,373.96,83.48,373.96,45.92,45.92,M3->FP x M2,99.61,152.38,278.8,55.0,111.8,402.8,568.0
350,0.30,17.0,321.63,372.69,462.85,82.25,89.63,395.39,87.12,395.52,51.97,51.97,M3->FP x M2,99.61,152.38,278.8,55.0,111.8,402.8,596.5
350,0.30,18.0,347.54,402.55,494.97,89.19,94.81,415.87,90.50,418.14,58.08,58.08,M3->FP x M2,99.61,152.38,278.8,55.0,111.8,402.8,625.3
350,0.30,19.0,373.34,432.30,526.94,95.68,100.18,434.81,93.67,441.73,64.26,64.26,M3->FP x M2,99.61,152.38,278.8,55.0,111.8,402.8,654.4
350,0.30,20.0,399.03,461.91,558.75,101.72,105.74,452.32,96.62,466.24,70.52,70.52,M3->FP x M2,99.61,152.38,278.8,55.0,111.8,402.8,683.9
350,0.35,2.0,-36.63,-58.99,0.24,-59.02,68.82,233.64,68.82,233.64,-36.89,-59.02,M1->M2 x M3,116.36,185.18,265.2,64.2,130.1,418.8,193.1
350,0.35,3.0,-35.93,-59.11,0.01,-58.91,68.82,233.64,68.82,233.64,-36.85,-59.11,in->M1 x M3,116.36,185.18,265.2,64.2,130.1,418.8,216.4
350,0.35,4.0,-36.08,-45.43,25.96,-58.95,68.82,233.64,68.82,233.64,-33.74,-58.95,M1->M2 x M3,116.36,185.18,265.2,64.2,130.1,418.8,239.8
350,0.35,5.0,-14.01,-17.94,56.52,-54.63,68.82,233.64,68.82,233.64,-27.93,-54.63,M1->M2 x M3,116.36,185.18,265.2,64.2,130.1,418.8,263.2
350,0.35,6.0,9.71,9.59,87.06,-42.92,68.84,233.64,68.84,233.64,-22.11,-42.92,M1->M2 x M3,116.36,185.18,265.2,64.2,130.1,418.8,286.7
350,0.35,7.0,33.37,37.04,117.57,-31.17,69.23,233.66,69.23,233.66,-16.26,-31.17,M1->M2 x M3,116.36,185.18,265.2,64.2,130.1,418.8,310.3
350,0.35,8.0,57.03,64.49,148.05,-19.37,70.12,235.17,70.12,235.17,-10.39,-19.37,M1->M2 x M3,116.36,185.18,265.2,64.2,130.1,418.8,333.9
350,0.35,9.0,80.66,91.92,178.48,-7.52,71.47,239.05,71.47,239.05,-4.49,-7.52,M1->M2 x M3,116.36,185.18,265.2,64.2,130.1,418.8,357.7
350,0.35,10.0,104.28,119.31,208.85,4.19,73.29,245.23,73.29,245.23,1.39,1.39,M3->FP x M2,116.36,185.18,265.2,64.2,130.1,418.8,381.7
350,0.35,11.0,127.86,146.67,239.17,15.34,75.55,253.56,75.55,253.56,7.15,7.15,M3->FP x M2,116.36,185.18,265.2,64.2,130.1,418.8,405.7
350,0.35,12.0,151.40,173.99,269.41,26.16,78.21,263.91,78.21,263.91,12.94,12.94,M3->FP x M2,116.36,185.18,265.2,64.2,130.1,418.8,430.0
350,0.35,13.0,174.90,201.26,299.57,36.61,81.25,276.08,81.25,276.08,18.78,18.78,M3->FP x M2,116.36,185.18,265.2,64.2,130.1,418.8,454.4
350,0.35,14.0,198.34,228.46,329.63,46.65,84.64,289.92,84.64,289.92,24.66,24.66,M3->FP x M2,116.36,185.18,265.2,64.2,130.1,418.8,479.0
350,0.35,15.0,221.72,255.59,359.60,56.27,88.36,305.25,88.36,305.25,30.60,30.60,M3->FP x M2,116.36,185.18,265.2,64.2,130.1,418.8,503.9
350,0.35,16.0,245.04,282.65,389.46,65.45,92.37,321.91,92.37,321.91,36.59,36.59,M3->FP x M2,116.36,185.18,265.2,64.2,130.1,418.8,529.0
350,0.35,17.0,268.28,309.61,419.19,74.18,96.65,339.78,96.64,339.78,42.64,42.64,M3->FP x M2,116.36,185.18,265.2,64.2,130.1,418.8,554.3
350,0.35,18.0,291.44,336.49,448.80,82.47,101.19,358.74,100.81,358.74,48.76,48.76,M3->FP x M2,116.36,185.18,265.2,64.2,130.1,418.8,579.9
350,0.35,19.0,314.51,363.26,478.28,90.32,105.97,378.66,104.75,378.71,54.95,54.95,M3->FP x M2,116.36,185.18,265.2,64.2,130.1,418.8,605.8
350,0.35,20.0,337.48,389.92,507.61,97.75,110.97,398.02,108.46,399.59,61.21,61.21,M3->FP x M2,116.36,185.18,265.2,64.2,130.1,418.8,632.0
350,0.40,2.0,-42.01,-69.93,0.26,-69.90,86.33,216.83,86.33,216.83,-42.07,-69.93,in->M1 x M3,133.17,219.50,255.0,73.3,149.2,436.3,198.0
350,0.40,3.0,-42.13,-69.74,0.08,-69.78,86.33,216.83,86.33,216.83,-41.93,-69.78,M1->M2 x M3,133.17,219.50,255.0,73.3,149.2,436.3,219.1
350,0.40,4.0,-42.10,-65.90,18.75,-69.73,86.33,216.83,86.33,216.83,-42.12,-69.73,M1->M2 x M3,133.17,219.50,255.0,73.3,149.2,436.3,240.3
350,0.40,5.0,-29.89,-40.89,47.43,-69.90,86.33,216.83,86.33,216.83,-38.05,-69.90,M1->M2 x M3,133.17,219.50,255.0,73.3,149.2,436.3,261.5
350,0.40,6.0,-8.32,-15.81,76.10,-59.49,86.33,216.83,86.33,216.83,-32.22,-59.49,M1->M2 x M3,133.17,219.50,255.0,73.3,149.2,436.3,282.8
350,0.40,7.0,13.23,9.30,104.75,-47.72,86.38,216.83,86.38,216.83,-26.37,-47.72,M1->M2 x M3,133.17,219.50,255.0,73.3,149.2,436.3,304.2
350,0.40,8.0,34.73,34.32,133.37,-35.91,86.78,216.83,86.78,216.83,-20.49,-35.91,M1->M2 x M3,133.17,219.50,255.0,73.3,149.2,436.3,325.6
350,0.40,9.0,56.22,59.34,161.94,-24.04,87.58,217.91,87.58,217.91,-14.59,-24.04,M1->M2 x M3,133.17,219.50,255.0,73.3,149.2,436.3,347.2
350,0.40,10.0,77.70,84.33,190.47,-12.10,88.76,221.12,88.76,221.12,-8.65,-12.10,M1->M2 x M3,133.17,219.50,255.0,73.3,149.2,436.3,368.9
350,0.40,11.0,99.15,109.30,218.93,-0.09,90.33,226.40,90.33,226.40,-2.68,-2.68,M3->FP x M2,133.17,219.50,255.0,73.3,149.2,436.3,390.7
350,0.40,12.0,120.57,134.24,247.33,11.26,92.27,233.65,92.27,233.65,3.22,3.22,M3->FP x M2,133.17,219.50,255.0,73.3,149.2,436.3,412.7
350,0.40,13.0,141.96,159.13,275.66,22.35,94.57,242.75,94.57,242.75,9.06,9.06,M3->FP x M2,133.17,219.50,255.0,73.3,149.2,436.3,434.8
350,0.40,14.0,163.30,183.98,303.90,33.13,97.21,253.55,97.21,253.55,14.94,14.94,M3->FP x M2,133.17,219.50,255.0,73.3,149.2,436.3,457.2
350,0.40,15.0,184.59,208.77,332.05,43.58,100.18,265.89,100.18,265.89,20.88,20.88,M3->FP x M2,133.17,219.50,255.0,73.3,149.2,436.3,479.7
350,0.40,16.0,205.83,233.49,360.10,53.68,103.46,279.62,103.46,279.62,26.88,26.88,M3->FP x M2,133.17,219.50,255.0,73.3,149.2,436.3,502.4
350,0.40,17.0,227.00,258.15,388.04,63.42,107.04,294.61,107.04,294.61,32.94,32.94,M3->FP x M2,133.17,219.50,255.0,73.3,149.2,436.3,525.4
350,0.40,18.0,248.10,282.73,415.86,72.77,110.89,310.75,110.89,310.75,39.06,39.06,M3->FP x M2,133.17,219.50,255.0,73.3,149.2,436.3,548.6
350,0.40,19.0,269.13,307.22,443.55,81.74,115.02,327.92,115.02,327.92,45.25,45.25,M3->FP x M2,133.17,219.50,255.0,73.3,149.2,436.3,572.1
350,0.40,20.0,290.08,331.62,471.11,90.33,119.39,346.04,119.35,346.04,51.52,51.52,M3->FP x M2,133.17,219.50,255.0,73.3,149.2,436.3,595.9
350,0.45,2.0,-47.20,-81.44,0.06,-81.38,105.07,199.97,105.07,199.97,-47.34,-81.44,in->M1 x M3,150.03,255.10,247.0,82.5,169.0,455.1,204.2
350,0.45,3.0,-46.96,-81.45,0.11,-81.12,105.07,199.97,105.07,199.97,-47.29,-81.45,in->M1 x M3,150.03,255.10,247.0,82.5,169.0,455.1,223.7
350,0.45,4.0,-46.77,-81.47,13.48,-81.13,105.07,199.97,105.07,199.97,-47.26,-81.47,in->M1 x M3,150.03,255.10,247.0,82.5,169.0,455.1,243.2
350,0.45,5.0,-43.41,-61.90,40.80,-81.49,105.07,199.97,105.07,199.97,-47.25,-81.49,M1->M2 x M3,150.03,255.10,247.0,82.5,169.0,455.1,262.7
350,0.45,6.0,-23.55,-38.82,68.10,-76.03,105.07,199.97,105.07,199.97,-42.67,-76.03,M1->M2 x M3,150.03,255.10,247.0,82.5,169.0,455.1,282.3
350,0.45,7.0,-3.63,-15.65,95.39,-64.25,105.07,199.97,105.07,199.97,-36.81,-64.25,M1->M2 x M3,150.03,255.10,247.0,82.5,169.0,455.1,301.9
350,0.45,8.0,16.23,7.54,122.65,-52.42,105.16,199.97,105.16,199.97,-30.93,-52.42,M1->M2 x M3,150.03,255.10,247.0,82.5,169.0,455.1,321.7
350,0.45,9.0,36.06,30.62,149.87,-40.53,105.56,199.97,105.56,199.97,-25.02,-40.53,M1->M2 x M3,150.03,255.10,247.0,82.5,169.0,455.1,341.5
350,0.45,10.0,55.87,53.69,177.04,-28.58,106.29,200.66,106.29,200.66,-19.08,-28.58,M1->M2 x M3,150.03,255.10,247.0,82.5,169.0,455.1,361.5
350,0.45,11.0,75.67,76.75,204.16,-16.55,107.35,203.31,107.35,203.31,-13.11,-16.55,M1->M2 x M3,150.03,255.10,247.0,82.5,169.0,455.1,381.5
350,0.45,12.0,95.45,99.78,231.22,-4.44,108.73,207.90,108.73,207.90,-7.09,-7.09,M3->FP x M2,150.03,255.10,247.0,82.5,169.0,455.1,401.8
350,0.45,13.0,115.20,122.78,258.21,7.29,110.44,214.35,110.44,214.35,-1.03,-1.03,M3->FP x M2,150.03,255.10,247.0,82.5,169.0,455.1,422.1
350,0.45,14.0,134.91,145.74,285.11,18.59,112.47,222.55,112.47,222.55,4.90,4.90,M3->FP x M2,150.03,255.10,247.0,82.5,169.0,455.1,442.7
350,0.45,15.0,154.58,168.66,311.94,29.64,114.80,232.37,114.80,232.37,10.85,10.85,M3->FP x M2,150.03,255.10,247.0,82.5,169.0,455.1,463.4
350,0.45,16.0,174.20,191.53,338.66,40.43,117.43,243.65,117.43,243.65,16.85,16.85,M3->FP x M2,150.03,255.10,247.0,82.5,169.0,455.1,484.3
350,0.45,17.0,193.77,214.34,365.29,50.92,120.35,256.27,120.35,256.27,22.91,22.91,M3->FP x M2,150.03,255.10,247.0,82.5,169.0,455.1,505.4
350,0.45,18.0,213.29,237.08,391.80,61.10,123.56,270.09,123.56,270.09,29.03,29.03,M3->FP x M2,150.03,255.10,247.0,82.5,169.0,455.1,526.8
350,0.45,19.0,232.73,259.75,418.19,70.96,127.04,285.01,127.04,285.01,35.23,35.23,M3->FP x M2,150.03,255.10,247.0,82.5,169.0,455.1,548.4
350,0.45,20.0,252.11,282.34,444.46,80.50,130.79,300.92,130.79,300.92,41.50,41.50,M3->FP x M2,150.03,255.10,247.0,82.5,169.0,455.1,570.3
350,0.50,2.0,-52.71,-93.05,0.08,-92.82,124.80,183.05,124.80,183.05,-52.40,-93.05,in->M1 x M3,166.95,291.75,240.6,91.7,189.4,474.8,211.5
350,0.50,3.0,-52.68,-92.81,0.08,-92.92,124.80,183.05,124.80,183.05,-52.66,-92.92,M1->M2 x M3,166.95,291.75,240.6,91.7,189.4,474.8,229.6
350,0.50,4.0,-52.62,-92.92,9.58,-93.01,124.80,183.05,124.80,183.05,-52.51,-93.01,M1->M2 x M3,166.95,291.75,240.6,91.7,189.4,474.8,247.7
350,0.50,5.0,-52.51,-81.60,35.89,-93.20,124.80,183.05,124.80,183.05,-52.30,-93.20,M1->M2 x M3,166.95,291.75,240.6,91.7,189.4,474.8,265.9
350,0.50,6.0,-36.79,-60.18,62.19,-92.47,124.80,183.05,124.80,183.05,-52.52,-92.47,M1->M2 x M3,166.95,291.75,240.6,91.7,189.4,474.8,284.1
350,0.50,7.0,-18.24,-38.68,88.47,-80.67,124.80,183.05,124.80,183.05,-47.53,-80.67,M1->M2 x M3,166.95,291.75,240.6,91.7,189.4,474.8,302.4
350,0.50,8.0,0.39,-17.08,114.72,-68.82,124.80,183.05,124.80,183.05,-41.65,-68.82,M1->M2 x M3,166.95,291.75,240.6,91.7,189.4,474.8,320.8
350,0.50,9.0,18.88,4.56,140.94,-56.92,124.93,183.05,124.93,183.05,-35.74,-56.92,M1->M2 x M3,166.95,291.75,240.6,91.7,189.4,474.8,339.2
350,0.50,10.0,37.38,26.04,167.11,-44.95,125.33,183.05,125.33,183.05,-29.79,-44.95,M1->M2 x M3,166.95,291.75,240.6,91.7,189.4,474.8,357.8
350,0.50,11.0,55.86,47.52,193.23,-32.90,126.01,183.43,126.01,183.43,-23.81,-32.90,M1->M2 x M3,166.95,291.75,240.6,91.7,189.4,474.8,376.5
350,0.50,12.0,74.32,68.98,219.30,-20.78,126.98,185.57,126.98,185.57,-17.79,-20.78,M1->M2 x M3,166.95,291.75,240.6,91.7,189.4,474.8,395.3
350,0.50,13.0,92.76,90.41,245.30,-8.56,128.23,189.60,128.23,189.60,-11.72,-11.72,M3->FP x M2,166.95,291.75,240.6,91.7,189.4,474.8,414.3
350,0.50,14.0,111.17,111.82,271.22,3.52,129.76,195.43,129.76,195.43,-5.60,-5.60,M3->FP x M2,166.95,291.75,240.6,91.7,189.4,474.8,433.4
350,0.50,15.0,129.55,133.20,297.06,15.01,131.57,202.97,131.57,202.97,0.54,0.54,M3->FP x M2,166.95,291.75,240.6,91.7,189.4,474.8,452.6
350,0.50,16.0,147.89,154.54,322.81,26.30,133.67,212.07,133.67,212.07,6.55,6.55,M3->FP x M2,166.95,291.75,240.6,91.7,189.4,474.8,472.1
350,0.50,17.0,166.18,175.82,348.46,37.36,136.03,222.61,136.03,222.61,12.61,12.61,M3->FP x M2,166.95,291.75,240.6,91.7,189.4,474.8,491.8
350,0.50,18.0,184.43,197.06,374.01,48.18,138.67,234.45,138.67,234.45,18.74,18.74,M3->FP x M2,166.95,291.75,240.6,91.7,189.4,474.8,511.6
350,0.50,19.0,202.61,218.24,399.44,58.74,141.57,247.46,141.57,247.46,24.94,24.94,M3->FP x M2,166.95,291.75,240.6,91.7,189.4,474.8,531.7
350,0.50,20.0,220.74,239.34,424.75,69.03,144.74,261.53,144.74,261.53,31.22,31.22,M3->FP x M2,166.95,291.75,240.6,91.7,189.4,474.8,552.1
350,0.55,2.0,-57.76,-105.11,0.13,-105.14,145.30,166.09,145.30,166.09,-57.63,-105.14,M1->M2 x M3,183.91,329.22,235.4,100.8,210.3,495.3,219.6
350,0.55,3.0,-57.26,-105.16,0.30,-105.05,145.30,166.09,145.30,166.09,-57.87,-105.16,in->M1 x M3,183.91,329.22,235.4,100.8,210.3,495.3,236.5
350,0.55,4.0,-57.76,-105.15,6.68,-105.07,145.30,166.09,145.30,166.09,-57.85,-105.15,in->M1 x M3,183.91,329.22,235.4,100.8,210.3,495.3,253.6
350,0.55,5.0,-57.19,-100.37,32.24,-105.12,145.30,166.09,145.30,166.09,-57.89,-105.12,M1->M2 x M3,183.91,329.22,235.4,100.8,210.3,495.3,270.6
350,0.55,6.0,-48.58,-80.35,57.79,-105.14,145.30,166.09,145.30,166.09,-57.68,-105.14,M1->M2 x M3,183.91,329.22,235.4,100.8,210.3,495.3,287.7
350,0.55,7.0,-31.16,-60.27,83.32,-96.92,145.30,166.09,145.30,166.09,-57.58,-96.92,M1->M2 x M3,183.91,329.22,235.4,100.8,210.3,495.3,304.9
350,0.55,8.0,-13.65,-40.09,108.83,-85.05,145.30,166.09,145.30,166.09,-52.58,-85.05,M1->M2 x M3,183.91,329.22,235.4,100.8,210.3,495.3,322.1
350,0.55,9.0,3.89,-19.83,134.30,-73.13,145.31,166.09,145.31,166.09,-46.66,-73.13,M1->M2 x M3,183.91,329.22,235.4,100.8,210.3,495.3,339.5
350,0.55,10.0,21.30,0.55,159.73,-61.14,145.46,166.09,145.46,166.09,-40.71,-61.14,M1->M2 x M3,183.91,329.22,235.4,100.8,210.3,495.3,356.9
350,0.55,11.0,38.70,20.68,185.11,-49.08,145.87,166.09,145.87,166.09,-34.72,-49.08,M1->M2 x M3,183.91,329.22,235.4,100.8,210.3,495.3,374.4
350,0.55,12.0,56.09,40.81,210.44,-36.93,146.52,166.23,146.52,166.23,-28.69,-36.93,M1->M2 x M3,183.91,329.22,235.4,100.8,210.3,495.3,392.1
350,0.55,13.0,73.47,60.93,235.70,-24.70,147.41,167.89,147.41,167.89,-22.62,-24.70,M1->M2 x M3,183.91,329.22,235.4,100.8,210.3,495.3,409.9
350,0.55,14.0,90.82,81.03,260.89,-12.37,148.56,171.43,148.56,171.43,-16.50,-16.50,M3->FP x M2,183.91,329.22,235.4,100.8,210.3,495.3,427.9
350,0.55,15.0,108.15,101.10,286.00,0.06,149.96,176.77,149.96,176.77,-10.33,-10.33,M3->FP x M2,183.91,329.22,235.4,100.8,210.3,495.3,446.0
350,0.55,16.0,125.44,121.14,311.03,11.72,151.61,183.81,151.61,183.81,-4.10,-4.10,M3->FP x M2,183.91,329.22,235.4,100.8,210.3,495.3,464.2
350,0.55,17.0,142.69,141.15,335.96,23.21,153.51,192.41,153.51,192.41,2.12,2.12,M3->FP x M2,183.91,329.22,235.4,100.8,210.3,495.3,482.7
350,0.55,18.0,159.90,161.11,360.78,34.52,155.67,202.44,155.67,202.44,8.25,8.25,M3->FP x M2,183.91,329.22,235.4,100.8,210.3,495.3,501.3
350,0.55,19.0,177.07,181.03,385.50,45.62,158.07,213.75,158.07,213.75,14.45,14.45,M3->FP x M2,183.91,329.22,235.4,100.8,210.3,495.3,520.2
350,0.55,20.0,194.17,200.89,410.10,56.50,160.73,226.21,160.73,226.21,20.73,20.73,M3->FP x M2,183.91,329.22,235.4,100.8,210.3,495.3,539.3
350,0.60,2.0,-62.74,-117.05,0.34,-117.02,166.33,149.06,166.33,149.06,-63.20,-117.05,in->M1 x M3,200.94,367.27,231.1,110.0,231.5,516.3,228.2
350,0.60,3.0,-62.62,-117.27,0.10,-117.32,166.33,149.06,166.33,149.06,-63.05,-117.32,M1->M2 x M3,200.94,367.27,231.1,110.0,231.5,516.3,244.2
350,0.60,4.0,-62.22,-117.07,4.53,-117.00,166.33,149.06,166.33,149.06,-63.12,-117.07,in->M1 x M3,200.94,367.27,231.1,110.0,231.5,516.3,260.3
350,0.60,5.0,-62.41,-117.10,29.54,-117.12,166.33,149.06,166.33,149.06,-63.16,-117.12,M1->M2 x M3,200.94,367.27,231.1,110.0,231.5,516.3,276.4
350,0.60,6.0,-59.29,-99.64,54.53,-117.25,166.33,149.06,166.33,149.06,-62.99,-117.25,M1->M2 x M3,200.94,367.27,231.1,110.0,231.5,516.3,292.6
350,0.60,7.0,-42.80,-80.78,79.50,-112.91,166.33,149.06,166.33,149.06,-63.16,-112.91,M1->M2 x M3,200.94,367.27,231.1,110.0,231.5,516.3,308.9
350,0.60,8.0,-26.24,-61.84,104.46,-101.03,166.33,149.06,166.33,149.06,-62.85,-101.03,M1->M2 x M3,200.94,367.27,231.1,110.0,231.5,516.3,325.2
350,0.60,9.0,-9.59,-42.81,129.38,-89.09,166.33,149.06,166.33,149.06,-57.73,-89.09,M1->M2 x M3,200.94,367.27,231.1,110.0,231.5,516.3,341.6
350,0.60,10.0,7.03,-23.68,154.26,-77.08,166.35,149.06,166.35,149.06,-51.77,-77.08,M1->M2 x M3,200.94,367.27,231.1,110.0,231.5,516.3,358.1
350,0.60,11.0,23.54,-4.43,179.09,-65.00,166.54,149.06,166.54,149.06,-45.78,-65.00,M1->M2 x M3,200.94,367.27,231.1,110.0,231.5,516.3,374.7
350,0.60,12.0,40.05,14.63,203.87,-52.84,166.94,149.06,166.94,149.06,-39.75,-52.84,M1->M2 x M3,200.94,367.27,231.1,110.0,231.5,516.3,391.4
350,0.60,13.0,56.54,33.61,228.59,-40.58,167.56,149.08,167.56,149.08,-33.67,-40.58,M1->M2 x M3,200.94,367.27,231.1,110.0,231.5,516.3,408.2
350,0.60,14.0,73.01,52.58,253.23,-28.24,168.41,150.26,168.41,150.26,-27.55,-28.24,M1->M2 x M3,200.94,367.27,231.1,110.0,231.5,516.3,425.2
350,0.60,15.0,89.46,71.53,277.80,-15.78,169.48,153.35,169.48,153.35,-21.37,-21.37,M3->FP x M2,200.94,367.27,231.1,110.0,231.5,516.3,442.3
350,0.60,16.0,105.89,90.46,302.29,-3.21,170.77,158.29,170.77,158.29,-15.13,-15.13,M3->FP x M2,200.94,367.27,231.1,110.0,231.5,516.3,459.6
350,0.60,17.0,122.28,109.36,326.68,8.81,172.30,164.96,172.30,164.96,-8.83,-8.83,M3->FP x M2,200.94,367.27,231.1,110.0,231.5,516.3,477.0
350,0.60,18.0,138.63,128.22,350.98,20.49,174.05,173.23,174.05,173.23,-2.47,-2.47,M3->FP x M2,200.94,367.27,231.1,110.0,231.5,516.3,494.7
350,0.60,19.0,154.94,147.05,375.16,32.01,176.04,182.94,176.04,182.94,3.83,3.83,M3->FP x M2,200.94,367.27,231.1,110.0,231.5,516.3,512.5
350,0.60,20.0,171.21,165.84,399.24,43.37,178.27,193.93,178.27,193.93,10.11,10.11,M3->FP x M2,200.94,367.27,231.1,110.0,231.5,516.3,530.6
350,0.65,2.0,-67.46,-129.38,0.42,-129.16,187.66,131.98,187.66,131.98,-68.21,-129.38,in->M1 x M3,218.02,405.68,227.4,119.2,252.8,537.7,237.2
350,0.65,3.0,-67.79,-129.25,0.36,-129.36,187.66,131.98,187.66,131.98,-68.47,-129.36,M1->M2 x M3,218.02,405.68,227.4,119.2,252.8,537.7,252.4
350,0.65,4.0,-68.31,-129.41,2.95,-129.54,187.66,131.98,187.66,131.98,-68.31,-129.54,M1->M2 x M3,218.02,405.68,227.4,119.2,252.8,537.7,267.8
350,0.65,5.0,-68.33,-129.56,27.55,-129.49,187.66,131.98,187.66,131.98,-68.10,-129.56,in->M1 x M3,218.02,405.68,227.4,119.2,252.8,537.7,283.1
350,0.65,6.0,-67.88,-118.20,52.13,-129.37,187.66,131.98,187.66,131.98,-68.34,-129.37,M1->M2 x M3,218.02,405.68,227.4,119.2,252.8,537.7,298.5
350,0.65,7.0,-53.46,-100.43,76.70,-128.58,187.66,131.98,187.66,131.98,-68.51,-128.58,M1->M2 x M3,218.02,405.68,227.4,119.2,252.8,537.7,314.0
350,0.65,8.0,-37.69,-82.58,101.24,-116.67,187.66,131.98,187.66,131.98,-68.34,-116.67,M1->M2 x M3,218.02,405.68,227.4,119.2,252.8,537.7,329.5
350,0.65,9.0,-21.85,-64.64,125.75,-104.71,187.66,131.98,187.66,131.98,-68.16,-104.71,M1->M2 x M3,218.02,405.68,227.4,119.2,252.8,537.7,345.1
350,0.65,10.0,-5.92,-46.61,150.23,-92.69,187.66,131.98,187.66,131.98,-62.92,-92.69,M1->M2 x M3,218.02,405.68,227.4,119.2,252.8,537.7,360.8
350,0.65,11.0,9.92,-28.47,174.66,-80.59,187.70,131.98,187.70,131.98,-56.92,-80.59,M1->M2 x M3,218.02,405.68,227.4,119.2,252.8,537.7,376.6
350,0.65,12.0,25.67,-10.21,199.03,-68.41,187.91,131.98,187.91,131.98,-50.88,-68.41,M1->M2 x M3,218.02,405.68,227.4,119.2,252.8,537.7,392.5
350,0.65,13.0,41.42,7.98,223.35,-56.14,188.32,131.98,188.32,131.98,-44.80,-56.14,M1->M2 x M3,218.02,405.68,227.4,119.2,252.8,537.7,408.5
350,0.65,14.0,57.15,25.96,247.60,-43.77,188.92,131.98,188.92,131.98,-38.67,-43.77,M1->M2 x M3,218.02,405.68,227.4,119.2,252.8,537.7,424.7
350,0.65,15.0,72.87,43.92,271.77,-31.30,189.73,132.68,189.73,132.68,-32.49,-32.49,M3->FP x M2,218.02,405.68,227.4,119.2,252.8,537.7,441.0
350,0.65,16.0,88.56,61.87,295.86,-18.70,190.74,135.35,190.74,135.35,-26.25,-26.25,M3->FP x M2,218.02,405.68,227.4,119.2,252.8,537.7,457.4
350,0.65,17.0,104.23,79.81,319.86,-5.99,191.95,139.96,191.95,139.96,-19.94,-19.94,M3->FP x M2,218.02,405.68,227.4,119.2,252.8,537.7,474.0
350,0.65,18.0,119.86,97.71,343.76,6.36,193.38,146.38,193.38,146.38,-13.57,-13.57,M3->FP x M2,218.02,405.68,227.4,119.2,252.8,537.7,490.8
350,0.65,19.0,135.46,115.59,367.56,18.22,195.02,154.46,195.02,154.46,-7.13,-7.13,M3->FP x M2,218.02,405.68,227.4,119.2,252.8,537.7,507.8
350,0.65,20.0,151.02,133.43,391.24,29.95,196.88,164.01,196.88,164.01,-0.61,-0.61,M3->FP x M2,218.02,405.68,227.4,119.2,252.8,537.7,525.0
350,0.70,2.0,-73.75,-141.66,0.00,-141.47,209.06,114.85,209.06,114.85,-73.78,-141.66,in->M1 x M3,235.15,444.20,224.3,128.3,274.3,559.1,248.5
350,0.70,3.0,-72.85,-141.75,0.33,-141.68,209.06,114.85,209.06,114.85,-73.77,-141.75,in->M1 x M3,235.15,444.20,224.3,128.3,274.3,559.1,261.1
350,0.70,4.0,-73.65,-141.72,1.81,-141.66,209.06,114.85,209.06,114.85,-73.75,-141.72,in->M1 x M3,235.15,444.20,224.3,128.3,274.3,559.1,275.7
350,0.70,5.0,-72.76,-141.84,26.10,-141.85,209.06,114.85,209.06,114.85,-73.71,-141.85,M1->M2 x M3,235.15,444.20,224.3,128.3,274.3,559.1,290.4
350,0.70,6.0,-73.79,-136.15,50.39,-141.53,209.06,114.85,209.06,114.85,-73.66,-141.53,M1->M2 x M3,235.15,444.20,224.3,128.3,274.3,559.1,305.1
350,0.70,7.0,-63.35,-119.35,74.66,-141.75,209.06,114.85,209.06,114.85,-73.58,-141.75,M1->M2 x M3,235.15,444.20,224.3,128.3,274.3,559.1,319.9
350,0.70,8.0,-48.27,-102.48,98.91,-131.91,209.06,114.85,209.06,114.85,-73.48,-131.91,M1->M2 x M3,235.15,444.20,224.3,128.3,274.3,559.1,334.8
350,0.70,9.0,-33.11,-85.53,123.13,-119.93,209.06,114.85,209.06,114.85,-73.35,-119.93,M1->M2 x M3,235.15,444.20,224.3,128.3,274.3,559.1,349.7
350,0.70,10.0,-17.87,-68.48,147.31,-107.89,209.06,114.85,209.06,114.85,-73.50,-107.89,M1->M2 x M3,235.15,444.20,224.3,128.3,274.3,559.1,364.7
350,0.70,11.0,-2.54,-51.33,171.45,-95.77,209.06,114.85,209.06,114.85,-68.08,-95.77,M1->M2 x M3,235.15,444.20,224.3,128.3,274.3,559.1,379.8
350,0.70,12.0,12.62,-34.07,195.53,-83.57,209.12,114.85,209.12,114.85,-62.04,-83.57,M1->M2 x M3,235.15,444.20,224.3,128.3,274.3,559.1,395.0
350,0.70,13.0,27.72,-16.68,219.55,-71.28,209.35,114.85,209.35,114.85,-55.95,-71.28,M1->M2 x M3,235.15,444.20,224.3,128.3,274.3,559.1,410.4
350,0.70,14.0,42.83,0.82,243.51,-58.90,209.76,114.85,209.76,114.85,-49.81,-58.90,M1->M2 x M3,235.15,444.20,224.3,128.3,274.3,559.1,425.8
350,0.70,15.0,57.91,17.91,267.40,-46.40,210.35,114.85,210.35,114.85,-43.63,-46.40,M1->M2 x M3,235.15,444.20,224.3,128.3,274.3,559.1,441.4
350,0.70,16.0,72.98,34.99,291.20,-33.79,211.13,115.17,211.13,115.17,-37.38,-37.38,M3->FP x M2,235.15,444.20,224.3,128.3,274.3,559.1,457.1
350,0.70,17.0,88.03,52.06,314.91,-21.06,212.10,117.41,212.10,117.41,-31.07,-31.07,M3->FP x M2,235.15,444.20,224.3,128.3,274.3,559.1,473.0
350,0.70,18.0,103.05,69.12,338.53,-8.19,213.25,121.75,213.25,121.75,-24.70,-24.70,M3->FP x M2,235.15,444.20,224.3,128.3,274.3,559.1,489.1
350,0.70,19.0,118.04,86.15,362.04,4.47,214.61,128.03,214.61,128.03,-18.25,-18.25,M3->FP x M2,235.15,444.20,224.3,128.3,274.3,559.1,505.3
350,0.70,20.0,133.00,103.16,385.45,16.49,216.16,136.07,216.16,136.07,-11.72,-11.72,M3->FP x M2,235.15,444.20,224.3,128.3,274.3,559.1,521.8
350,0.75,2.0,-78.04,-154.14,0.37,-153.85,230.28,97.67,230.28,97.67,-78.77,-154.14,in->M1 x M3,252.33,482.61,221.5,137.5,295.7,580.3,269.9
350,0.75,3.0,-78.47,-154.06,0.20,-153.89,230.28,97.67,230.28,97.67,-78.47,-154.06,in->M1 x M3,252.33,482.61,221.5,137.5,295.7,580.3,269.9
350,0.75,4.0,-79.02,-153.87,0.99,-154.01,230.28,97.67,230.28,97.67,-79.04,-154.01,M1->M2 x M3,252.33,482.61,221.5,137.5,295.7,580.3,284.0
350,0.75,5.0,-78.79,-154.16,25.08,-154.10,230.28,97.67,230.28,97.67,-78.71,-154.16,in->M1 x M3,252.33,482.61,221.5,137.5,295.7,580.3,298.1
350,0.75,6.0,-78.15,-153.54,49.16,-154.14,230.28,97.67,230.28,97.67,-78.89,-154.14,M1->M2 x M3,252.33,482.61,221.5,137.5,295.7,580.3,312.3
350,0.75,7.0,-72.62,-137.62,73.22,-153.99,230.28,97.67,230.28,97.67,-78.86,-153.99,M1->M2 x M3,252.33,482.61,221.5,137.5,295.7,580.3,326.5
350,0.75,8.0,-58.13,-121.64,97.26,-146.67,230.28,97.67,230.28,97.67,-78.79,-146.67,M1->M2 x M3,252.33,482.61,221.5,137.5,295.7,580.3,340.7
350,0.75,9.0,-43.57,-105.58,121.27,-134.67,230.28,97.67,230.28,97.67,-78.38,-134.67,M1->M2 x M3,252.33,482.61,221.5,137.5,295.7,580.3,355.1
350,0.75,10.0,-28.93,-89.43,145.24,-122.61,230.28,97.67,230.28,97.67,-78.80,-122.61,M1->M2 x M3,252.33,482.61,221.5,137.5,295.7,580.3,369.5
350,0.75,11.0,-14.20,-73.19,169.17,-110.47,230.28,97.67,230.28,97.67,-78.93,-110.47,M1->M2 x M3,252.33,482.61,221.5,137.5,295.7,580.3,384.0
350,0.75,12.0,0.61,-56.83,193.04,-98.25,230.28,97.67,230.28,97.67,-73.14,-98.25,M1->M2 x M3,252.33,482.61,221.5,137.5,295.7,580.3,398.6
350,0.75,13.0,15.17,-40.35,216.86,-85.95,230.37,97.67,230.37,97.67,-67.05,-85.95,M1->M2 x M3,252.33,482.61,221.5,137.5,295.7,580.3,413.4
350,0.75,14.0,29.73,-23.75,240.61,-73.54,230.62,97.67,230.62,97.67,-60.91,-73.54,M1->M2 x M3,252.33,482.61,221.5,137.5,295.7,580.3,428.2
350,0.75,15.0,44.28,-7.00,264.29,-61.03,231.04,97.67,231.04,97.67,-54.72,-61.03,M1->M2 x M3,252.33,482.61,221.5,137.5,295.7,580.3,443.2
350,0.75,16.0,58.81,9.53,287.89,-48.40,231.63,97.67,231.63,97.67,-48.47,-48.47,M3->FP x M2,252.33,482.61,221.5,137.5,295.7,580.3,458.3
350,0.75,17.0,73.33,25.83,311.40,-35.64,232.38,97.75,232.38,97.75,-42.15,-42.15,M3->FP x M2,252.33,482.61,221.5,137.5,295.7,580.3,473.6
350,0.75,18.0,87.82,42.11,334.82,-22.75,233.32,99.53,233.32,99.53,-35.77,-35.77,M3->FP x M2,252.33,482.61,221.5,137.5,295.7,580.3,489.0
350,0.75,19.0,102.29,58.39,358.13,-9.72,234.43,103.66,234.43,103.66,-29.32,-29.32,M3->FP x M2,252.33,482.61,221.5,137.5,295.7,580.3,504.6
350,0.75,20.0,116.72,74.64,381.33,3.21,235.73,109.93,235.73,109.93,-22.79,-22.79,M3->FP x M2,252.33,482.61,221.5,137.5,295.7,580.3,520.4
350,0.80,2.0,-84.33,-166.31,0.10,-166.22,251.10,80.45,251.10,80.45,-84.03,-166.31,in->M1 x M3,269.55,520.65,219.1,146.7,316.8,601.1,291.0
350,0.80,3.0,-84.31,-166.17,0.25,-165.98,251.10,80.45,251.10,80.45,-84.30,-166.17,in->M1 x M3,269.55,520.65,219.1,146.7,316.8,601.1,291.0
350,0.80,4.0,-84.27,-166.12,0.43,-166.23,251.10,80.45,251.10,80.45,-84.11,-166.23,M1->M2 x M3,269.55,520.65,219.1,146.7,316.8,601.1,292.5
350,0.80,5.0,-84.19,-166.23,24.37,-165.98,251.10,80.45,251.10,80.45,-83.95,-166.23,in->M1 x M3,269.55,520.65,219.1,146.7,316.8,601.1,306.1
350,0.80,6.0,-84.06,-165.88,48.30,-166.29,251.10,80.45,251.10,80.45,-84.17,-166.29,M1->M2 x M3,269.55,520.65,219.1,146.7,316.8,601.1,319.7
350,0.80,7.0,-81.40,-155.29,72.22,-165.98,251.10,80.45,251.10,80.45,-84.30,-165.98,M1->M2 x M3,269.55,520.65,219.1,146.7,316.8,601.1,333.4
350,0.80,8.0,-67.43,-140.12,96.12,-160.86,251.10,80.45,251.10,80.45,-83.71,-160.86,M1->M2 x M3,269.55,520.65,219.1,146.7,316.8,601.1,347.2
350,0.80,9.0,-53.38,-124.88,119.98,-148.85,251.10,80.45,251.10,80.45,-83.92,-148.85,M1->M2 x M3,269.55,520.65,219.1,146.7,316.8,601.1,361.0
350,0.80,10.0,-39.27,-109.55,143.81,-136.77,251.10,80.45,251.10,80.45,-83.94,-136.77,M1->M2 x M3,269.55,520.65,219.1,146.7,316.8,601.1,374.9
350,0.80,11.0,-25.06,-94.13,167.59,-124.61,251.10,80.45,251.10,80.45,-83.77,-124.61,M1->M2 x M3,269.55,520.65,219.1,146.7,316.8,601.1,388.9
350,0.80,12.0,-10.77,-78.61,191.33,-112.38,251.10,80.45,251.10,80.45,-84.14,-112.38,M1->M2 x M3,269.55,520.65,219.1,146.7,316.8,601.1,403.0
350,0.80,13.0,3.55,-62.97,215.00,-100.05,251.10,80.45,251.10,80.45,-78.04,-100.05,M1->M2 x M3,269.55,520.65,219.1,146.7,316.8,601.1,417.2
350,0.80,14.0,17.63,-47.21,238.61,-87.63,251.22,80.45,251.22,80.45,-71.90,-87.63,M1->M2 x M3,269.55,520.65,219.1,146.7,316.8,601.1,431.5
350,0.80,15.0,31.71,-31.32,262.15,-75.09,251.50,80.45,251.50,80.45,-65.70,-75.09,M1->M2 x M3,269.55,520.65,219.1,146.7,316.8,601.1,446.0
350,0.80,16.0,45.77,-15.27,285.61,-62.45,251.92,80.45,251.92,80.45,-59.44,-62.45,M1->M2 x M3,269.55,520.65,219.1,146.7,316.8,601.1,460.6
350,0.80,17.0,59.83,0.89,308.98,-49.67,252.50,80.45,252.50,80.45,-53.12,-53.12,M3->FP x M2,269.55,520.65,219.1,146.7,316.8,601.1,475.3
350,0.80,18.0,73.86,16.48,332.26,-36.76,253.25,80.45,253.25,80.45,-46.73,-46.73,M3->FP x M2,269.55,520.65,219.1,146.7,316.8,601.1,490.2
350,0.80,19.0,87.87,32.06,355.43,-23.71,254.16,81.72,254.16,81.72,-40.28,-40.28,M3->FP x M2,269.55,520.65,219.1,146.7,316.8,601.1,505.2
350,0.80,20.0,101.86,47.63,378.50,-10.49,255.24,85.70,255.24,85.70,-33.74,-33.74,M3->FP x M2,269.55,520.65,219.1,146.7,316.8,601.1,520.5
350,0.85,2.0,-88.71,-178.26,0.08,-177.89,271.27,63.17,271.27,63.17,-89.26,-178.26,in->M1 x M3,286.83,558.09,217.0,155.8,337.7,621.3,311.8
350,0.85,3.0,-88.93,-178.20,0.03,-177.98,271.27,63.17,271.27,63.17,-89.13,-178.20,in->M1 x M3,286.83,558.09,217.0,155.8,337.7,621.3,311.8
350,0.85,4.0,-89.33,-177.95,0.06,-178.20,271.27,63.17,271.27,63.17,-89.45,-178.20,M1->M2 x M3,286.83,558.09,217.0,155.8,337.7,621.3,311.8
350,0.85,5.0,-89.51,-178.16,23.90,-178.10,271.27,63.17,271.27,63.17,-89.53,-178.16,in->M1 x M3,286.83,558.09,217.0,155.8,337.7,621.3,314.2
350,0.85,6.0,-89.47,-177.84,47.74,-177.87,271.27,63.17,271.27,63.17,-89.33,-177.87,M1->M2 x M3,286.83,558.09,217.0,155.8,337.7,621.3,327.4
350,0.85,7.0,-89.45,-172.36,71.56,-178.21,271.27,63.17,271.27,63.17,-89.20,-178.21,M1->M2 x M3,286.83,558.09,217.0,155.8,337.7,621.3,340.7
350,0.85,8.0,-76.24,-157.94,95.36,-174.42,271.27,63.17,271.27,63.17,-88.82,-174.42,M1->M2 x M3,286.83,558.09,217.0,155.8,337.7,621.3,354.0
350,0.85,9.0,-62.66,-143.46,119.12,-162.38,271.27,63.17,271.27,63.17,-89.51,-162.38,M1->M2 x M3,286.83,558.09,217.0,155.8,337.7,621.3,367.4
350,0.85,10.0,-49.01,-128.89,142.86,-150.29,271.27,63.17,271.27,63.17,-89.05,-150.29,M1->M2 x M3,286.83,558.09,217.0,155.8,337.7,621.3,380.8
350,0.85,11.0,-35.27,-114.24,166.55,-138.11,271.27,63.17,271.27,63.17,-89.50,-138.11,M1->M2 x M3,286.83,558.09,217.0,155.8,337.7,621.3,394.4
350,0.85,12.0,-21.44,-99.49,190.19,-125.86,271.27,63.17,271.27,63.17,-89.36,-125.86,M1->M2 x M3,286.83,558.09,217.0,155.8,337.7,621.3,408.0
350,0.85,13.0,-7.50,-84.63,213.77,-113.52,271.27,63.17,271.27,63.17,-88.85,-113.52,M1->M2 x M3,286.83,558.09,217.0,155.8,337.7,621.3,421.7
350,0.85,14.0,6.35,-69.66,237.28,-101.07,271.29,63.17,271.29,63.17,-82.70,-101.07,M1->M2 x M3,286.83,558.09,217.0,155.8,337.7,621.3,435.6
350,0.85,15.0,20.02,-54.55,260.73,-88.52,271.44,63.17,271.44,63.17,-76.50,-88.52,M1->M2 x M3,286.83,558.09,217.0,155.8,337.7,621.3,449.5
350,0.85,16.0,33.67,-39.30,284.09,-75.86,271.73,63.17,271.73,63.17,-70.24,-75.86,M1->M2 x M3,286.83,558.09,217.0,155.8,337.7,621.3,463.6
350,0.85,17.0,47.32,-23.90,307.37,-63.06,272.16,63.17,272.16,63.17,-63.91,-63.91,M3->FP x M2,286.83,558.09,217.0,155.8,337.7,621.3,477.9
350,0.85,18.0,60.96,-8.34,330.55,-50.13,272.75,63.17,272.75,63.17,-57.52,-57.52,M3->FP x M2,286.83,558.09,217.0,155.8,337.7,621.3,492.3
350,0.85,19.0,74.57,7.00,353.63,-37.06,273.49,63.17,273.49,63.17,-51.06,-51.06,M3->FP x M2,286.83,558.09,217.0,155.8,337.7,621.3,506.9
350,0.85,20.0,88.16,21.94,376.61,-23.83,274.38,63.97,274.38,63.97,-44.52,-44.52,M3->FP x M2,286.83,558.09,217.0,155.8,337.7,621.3,521.6
350,0.90,2.0,-94.64,-189.71,0.19,-189.87,290.56,45.86,290.56,45.86,-94.45,-189.87,M1->M2 x M3,304.14,594.70,215.2,165.0,358.1,640.6,332.2
350,0.90,3.0,-94.76,-189.84,0.21,-189.85,290.56,45.86,290.56,45.86,-94.40,-189.85,M1->M2 x M3,304.14,594.70,215.2,165.0,358.1,640.6,332.2
350,0.90,4.0,-94.18,-189.89,0.18,-189.72,290.56,45.86,290.56,45.86,-94.86,-189.89,in->M1 x M3,304.14,594.70,215.2,165.0,358.1,640.6,332.2
350,0.90,5.0,-94.40,-189.97,23.60,-189.65,290.56,45.86,290.56,45.86,-94.79,-189.97,in->M1 x M3,304.14,594.70,215.2,165.0,358.1,640.6,332.2
350,0.90,6.0,-94.62,-189.84,47.37,-189.53,290.56,45.86,290.56,45.86,-94.53,-189.84,in->M1 x M3,304.14,594.70,215.2,165.0,358.1,640.6,335.2
350,0.90,7.0,-93.93,-188.82,71.13,-189.74,290.56,45.86,290.56,45.86,-94.63,-189.74,M1->M2 x M3,304.14,594.70,215.2,165.0,358.1,640.6,348.0
350,0.90,8.0,-84.67,-175.11,94.87,-187.26,290.56,45.86,290.56,45.86,-94.26,-187.26,M1->M2 x M3,304.14,594.70,215.2,165.0,358.1,640.6,360.9
350,0.90,9.0,-71.50,-161.33,118.57,-175.21,290.56,45.86,290.56,45.86,-94.46,-175.21,M1->M2 x M3,304.14,594.70,215.2,165.0,358.1,640.6,373.9
350,0.90,10.0,-58.25,-147.48,142.24,-163.09,290.56,45.86,290.56,45.86,-94.11,-163.09,M1->M2 x M3,304.14,594.70,215.2,165.0,358.1,640.6,387.0
350,0.90,11.0,-44.92,-133.54,165.87,-150.90,290.56,45.86,290.56,45.86,-94.55,-150.90,M1->M2 x M3,304.14,594.70,215.2,165.0,358.1,640.6,400.1
350,0.90,12.0,-31.51,-119.51,189.45,-138.63,290.56,45.86,290.56,45.86,-94.12,-138.63,M1->M2 x M3,304.14,594.70,215.2,165.0,358.1,640.6,413.3
350,0.90,13.0,-17.99,-105.38,212.97,-126.27,290.56,45.86,290.56,45.86,-94.47,-126.27,M1->M2 x M3,304.14,594.70,215.2,165.0,358.1,640.6,426.7
350,0.90,14.0,-4.37,-91.14,236.42,-113.81,290.56,45.86,290.56,45.86,-93.27,-113.81,M1->M2 x M3,304.14,594.70,215.2,165.0,358.1,640.6,440.1
350,0.90,15.0,9.06,-76.77,259.81,-101.24,290.60,45.86,290.60,45.86,-87.06,-101.24,M1->M2 x M3,304.14,594.70,215.2,165.0,358.1,640.6,453.7
350,0.90,16.0,22.36,-62.26,283.11,-88.55,290.78,45.86,290.78,45.86,-80.79,-88.55,M1->M2 x M3,304.14,594.70,215.2,165.0,358.1,640.6,467.3
350,0.90,17.0,35.65,-47.62,306.33,-75.74,291.08,45.86,291.08,45.86,-74.47,-75.74,M1->M2 x M3,304.14,594.70,215.2,165.0,358.1,640.6,481.2
350,0.90,18.0,48.93,-32.81,329.45,-62.79,291.53,45.86,291.53,45.86,-68.07,-68.07,M3->FP x M2,304.14,594.70,215.2,165.0,358.1,640.6,495.1
350,0.90,19.0,62.19,-17.84,352.48,-49.70,292.12,45.86,292.12,45.86,-61.60,-61.60,M3->FP x M2,304.14,594.70,215.2,165.0,358.1,640.6,509.3
350,0.90,20.0,75.44,-2.69,375.39,-36.45,292.86,45.86,292.86,45.86,-55.05,-55.05,M3->FP x M2,304.14,594.70,215.2,165.0,358.1,640.6,523.6
400,0.30,2.0,-30.72,-50.41,0.01,-50.36,58.49,300.37,58.49,300.37,-31.50,-50.41,in->M1 x M3,99.63,158.12,292.5,55.0,115.0,458.5,198.1
400,0.30,3.0,-30.83,-44.31,13.95,-50.49,58.49,300.37,58.49,300.37,-31.40,-50.49,M1->M2 x M3,99.63,158.12,292.5,55.0,115.0,458.5,227.2
400,0.30,4.0,-6.64,-9.89,51.01,-49.29,58.49,300.37,58.49,300.37,-25.61,-49.29,M1->M2 x M3,99.63,158.12,292.5,55.0,115.0,458.5,256.4
400,0.30,5.0,23.70,24.54,88.06,-37.63,58.49,300.37,58.49,300.37,-19.80,-37.63,M1->M2 x M3,99.63,158.12,292.5,55.0,115.0,458.5,285.7
400,0.30,6.0,54.02,58.93,125.08,-25.94,58.83,301.12,58.83,301.12,-13.98,-25.94,M1->M2 x M3,99.63,158.12,292.5,55.0,115.0,458.5,315.0
400,0.30,7.0,84.32,93.30,162.06,-14.20,59.73,304.62,59.73,304.62,-8.14,-14.20,M1->M2 x M3,99.63,158.12,292.5,55.0,115.0,458.5,344.5
400,0.30,8.0,114.60,127.65,198.99,-2.42,61.19,310.91,61.19,310.91,-2.27,-2.42,M1->M2 x M3,99.63,158.12,292.5,55.0,115.0,458.5,374.1
400,0.30,9.0,144.85,161.95,235.86,8.87,63.17,319.87,63.17,319.87,3.50,3.50,M3->FP x M2,99.63,158.12,292.5,55.0,115.0,458.5,403.8
400,0.30,10.0,175.05,196.21,272.66,19.68,65.64,331.32,65.64,331.32,9.22,9.22,M3->FP x M2,99.63,158.12,292.5,55.0,115.0,458.5,433.7
400,0.30,11.0,205.19,230.41,309.38,30.05,68.55,345.07,68.55,345.07,14.97,14.97,M3->FP x M2,99.63,158.12,292.5,55.0,115.0,458.5,463.8
400,0.30,12.0,235.28,264.53,346.00,39.94,71.85,360.92,71.85,360.92,20.76,20.76,M3->FP x M2,99.63,158.12,292.5,55.0,115.0,458.5,494.1
400,0.30,13.0,265.29,298.58,382.52,49.33,75.52,378.66,75.52,378.66,26.60,26.60,M3->FP x M2,99.63,158.12,292.5,55.0,115.0,458.5,524.7
400,0.30,14.0,295.22,332.53,418.92,58.19,79.51,398.10,79.51,398.10,32.48,32.48,M3->FP x M2,99.63,158.12,292.5,55.0,115.0,458.5,555.5
400,0.30,15.0,325.06,366.39,455.20,66.54,83.79,419.08,83.70,419.08,38.41,38.41,M3->FP x M2,99.63,158.12,292.5,55.0,115.0,458.5,586.5
400,0.30,16.0,354.80,400.13,491.33,74.37,88.33,441.45,87.67,441.45,44.41,44.41,M3->FP x M2,99.63,158.12,292.5,55.0,115.0,458.5,617.9
400,0.30,17.0,384.44,433.75,527.31,81.70,93.11,465.08,91.36,465.08,50.46,50.46,M3->FP x M2,99.63,158.12,292.5,55.0,115.0,458.5,649.5
400,0.30,18.0,413.96,467.24,563.14,88.55,98.11,488.40,94.80,489.87,56.57,56.57,M3->FP x M2,99.63,158.12,292.5,55.0,115.0,458.5,681.5
400,0.30,19.0,443.35,500.58,598.79,94.94,103.31,509.94,98.02,515.74,62.76,62.76,M3->FP x M2,99.63,158.12,292.5,55.0,115.0,458.5,713.9
400,0.30,20.0,472.60,533.78,634.26,100.90,108.71,529.81,101.02,542.62,69.02,69.02,M3->FP x M2,99.63,158.12,292.5,55.0,115.0,458.5,746.7
400,0.35,2.0,-36.31,-60.88,0.12,-60.89,74.58,283.61,74.58,283.61,-36.89,-60.89,M1->M2 x M3,116.39,190.97,276.9,64.2,133.3,474.6,200.1
400,0.35,3.0,-35.79,-60.65,5.28,-60.74,74.58,283.61,74.58,283.61,-36.80,-60.74,M1->M2 x M3,116.39,190.97,276.9,64.2,133.3,474.6,225.9
400,0.35,4.0,-24.73,-34.30,39.30,-60.72,74.58,283.61,74.58,283.61,-35.34,-60.72,M1->M2 x M3,116.39,190.97,276.9,64.2,133.3,474.6,251.8
400,0.35,5.0,2.34,-3.42,73.31,-53.99,74.58,283.61,74.58,283.61,-29.53,-53.99,M1->M2 x M3,116.39,190.97,276.9,64.2,133.3,474.6,277.7
400,0.35,6.0,29.36,27.41,107.30,-42.28,74.60,283.61,74.60,283.61,-23.70,-42.28,M1->M2 x M3,116.39,190.97,276.9,64.2,133.3,474.6,303.7
400,0.35,7.0,56.37,58.22,141.26,-30.53,74.96,284.23,74.96,284.23,-17.85,-30.53,M1->M2 x M3,116.39,190.97,276.9,64.2,133.3,474.6,329.8
400,0.35,8.0,83.37,89.01,175.17,-18.73,75.77,287.15,75.77,287.15,-11.98,-18.73,M1->M2 x M3,116.39,190.97,276.9,64.2,133.3,474.6,356.0
400,0.35,9.0,110.33,119.77,209.03,-6.87,77.03,292.42,77.03,292.42,-6.08,-6.87,M1->M2 x M3,116.39,190.97,276.9,64.2,133.3,474.6,382.4
400,0.35,10.0,137.27,150.49,242.83,4.77,78.73,299.97,78.73,299.97,-0.14,-0.14,M3->FP x M2,116.39,190.97,276.9,64.2,133.3,474.6,408.9
400,0.35,11.0,164.16,181.17,276.55,15.84,80.83,309.66,80.83,309.66,5.62,5.62,M3->FP x M2,116.39,190.97,276.9,64.2,133.3,474.6,435.5
400,0.35,12.0,191.00,211.80,310.19,26.56,83.32,321.35,83.32,321.35,11.41,11.41,M3->FP x M2,116.39,190.97,276.9,64.2,133.3,474.6,462.4
400,0.35,13.0,217.79,242.36,343.74,36.89,86.18,334.89,86.18,334.89,17.25,17.25,M3->FP x M2,116.39,190.97,276.9,64.2,133.3,474.6,489.4
400,0.35,14.0,244.51,272.84,377.18,46.82,89.39,350.11,89.39,350.11,23.14,23.14,M3->FP x M2,116.39,190.97,276.9,64.2,133.3,474.6,516.7
400,0.35,15.0,271.15,303.24,410.50,56.31,92.91,366.88,92.91,366.88,29.08,29.08,M3->FP x M2,116.39,190.97,276.9,64.2,133.3,474.6,544.2
400,0.35,16.0,297.71,333.55,443.70,65.37,96.73,385.04,96.73,385.04,35.07,35.07,M3->FP x M2,116.39,190.97,276.9,64.2,133.3,474.6,572.0
400,0.35,17.0,324.18,363.76,476.77,73.99,100.83,404.48,100.83,404.48,41.12,41.12,M3->FP x M2,116.39,190.97,276.9,64.2,133.3,474.6,600.0
400,0.35,18.0,350.55,393.86,509.69,82.16,105.19,425.09,105.05,425.09,47.24,47.24,M3->FP x M2,116.39,190.97,276.9,64.2,133.3,474.6,628.4
400,0.35,19.0,376.82,423.84,542.45,89.91,109.79,446.80,109.03,446.80,53.43,53.43,M3->FP x M2,116.39,190.97,276.9,64.2,133.3,474.6,657.1
400,0.35,20.0,402.97,453.69,575.05,97.23,114.63,468.75,112.79,469.51,59.70,59.70,M3->FP x M2,116.39,190.97,276.9,64.2,133.3,474.6,686.1
400,0.40,2.0,-41.55,-71.91,0.13,-71.66,91.94,266.80,91.94,266.80,-42.09,-71.91,in->M1 x M3,133.20,225.14,265.2,73.3,152.3,491.9,204.3
400,0.40,3.0,-42.13,-71.84,0.10,-71.88,91.94,266.80,91.94,266.80,-42.06,-71.88,M1->M2 x M3,133.20,225.14,265.2,73.3,152.3,491.9,227.6
400,0.40,4.0,-39.62,-55.93,30.87,-71.76,91.94,266.80,91.94,266.80,-41.99,-71.76,M1->M2 x M3,133.20,225.14,265.2,73.3,152.3,491.9,250.9
400,0.40,5.0,-15.04,-27.84,62.70,-70.39,91.94,266.80,91.94,266.80,-39.60,-70.39,M1->M2 x M3,133.20,225.14,265.2,73.3,152.3,491.9,274.3
400,0.40,6.0,9.56,0.32,94.51,-58.67,91.94,266.80,91.94,266.80,-33.77,-58.67,M1->M2 x M3,133.20,225.14,265.2,73.3,152.3,491.9,297.8
400,0.40,7.0,34.10,28.39,126.29,-46.90,91.99,266.80,91.99,266.80,-27.92,-46.90,M1->M2 x M3,133.20,225.14,265.2,73.3,152.3,491.9,321.4
400,0.40,8.0,58.63,56.45,158.03,-35.08,92.37,267.27,92.37,267.27,-22.04,-35.08,M1->M2 x M3,133.20,225.14,265.2,73.3,152.3,491.9,345.1
400,0.40,9.0,83.15,84.49,189.73,-23.20,93.11,269.72,93.11,269.72,-16.13,-23.20,M1->M2 x M3,133.20,225.14,265.2,73.3,152.3,491.9,368.9
400,0.40,10.0,107.64,112.50,221.36,-11.27,94.23,274.25,94.23,274.25,-10.20,-11.27,M1->M2 x M3,133.20,225.14,265.2,73.3,152.3,491.9,392.9
400,0.40,11.0,132.09,140.48,252.93,0.71,95.71,280.79,95.71,280.79,-4.22,-4.22,M3->FP x M2,133.20,225.14,265.2,73.3,152.3,491.9,416.9
400,0.40,12.0,156.51,168.42,284.42,11.97,97.54,289.25,97.54,289.25,1.73,1.73,M3->FP x M2,133.20,225.14,265.2,73.3,152.3,491.9,441.2
400,0.40,13.0,180.88,196.30,315.83,22.96,99.72,299.52,99.72,299.52,7.57,7.57,M3->FP x M2,133.20,225.14,265.2,73.3,152.3,491.9,465.6
400,0.40,14.0,205.19,224.13,347.14,33.64,102.23,311.46,102.23,311.46,13.46,13.46,M3->FP x M2,133.20,225.14,265.2,73.3,152.3,491.9,490.3
400,0.40,15.0,229.44,251.89,378.34,43.98,105.06,324.94,105.06,324.94,19.40,19.40,M3->FP x M2,133.20,225.14,265.2,73.3,152.3,491.9,515.1
400,0.40,16.0,253.62,279.57,409.43,53.97,108.19,339.84,108.19,339.84,25.40,25.40,M3->FP x M2,133.20,225.14,265.2,73.3,152.3,491.9,540.2
400,0.40,17.0,277.73,307.17,440.39,63.59,111.61,356.05,111.61,356.05,31.46,31.46,M3->FP x M2,133.20,225.14,265.2,73.3,152.3,491.9,565.6
400,0.40,18.0,301.75,334.67,471.22,72.83,115.32,373.45,115.32,373.45,37.58,37.58,M3->FP x M2,133.20,225.14,265.2,73.3,152.3,491.9,591.2
400,0.40,19.0,325.67,362.07,501.90,81.69,119.28,391.95,119.28,391.95,43.77,43.77,M3->FP x M2,133.20,225.14,265.2,73.3,152.3,491.9,617.1
400,0.40,20.0,349.50,389.36,532.44,90.17,123.51,411.48,123.51,411.48,50.04,50.04,M3->FP x M2,133.20,225.14,265.2,73.3,152.3,491.9,643.3
400,0.45,2.0,-47.06,-83.07,0.06,-83.10,110.38,249.94,110.38,249.94,-47.41,-83.10,M1->M2 x M3,150.06,260.44,256.1,82.5,172.0,510.4,209.9
400,0.45,3.0,-47.44,-83.16,0.13,-83.08,110.38,249.94,110.38,249.94,-47.28,-83.16,in->M1 x M3,150.06,260.44,256.1,82.5,172.0,510.4,231.3
400,0.45,4.0,-47.09,-75.78,24.65,-82.96,110.38,249.94,110.38,249.94,-47.25,-82.96,M1->M2 x M3,150.06,260.44,256.1,82.5,172.0,510.4,252.7
400,0.45,5.0,-29.74,-49.94,54.87,-83.14,110.38,249.94,110.38,249.94,-47.31,-83.14,M1->M2 x M3,150.06,260.44,256.1,82.5,172.0,510.4,274.2
400,0.45,6.0,-7.05,-24.01,85.07,-75.03,110.38,249.94,110.38,249.94,-44.14,-75.03,M1->M2 x M3,150.06,260.44,256.1,82.5,172.0,510.4,295.7
400,0.45,7.0,15.62,1.99,115.24,-63.24,110.38,249.94,110.38,249.94,-38.28,-63.24,M1->M2 x M3,150.06,260.44,256.1,82.5,172.0,510.4,317.3
400,0.45,8.0,38.24,27.86,145.38,-51.41,110.46,249.94,110.46,249.94,-32.40,-51.41,M1->M2 x M3,150.06,260.44,256.1,82.5,172.0,510.4,339.1
400,0.45,9.0,60.85,53.73,175.47,-39.52,110.84,250.25,110.84,250.25,-26.49,-39.52,M1->M2 x M3,150.06,260.44,256.1,82.5,172.0,510.4,360.9
400,0.45,10.0,83.44,79.58,205.51,-27.56,111.54,252.30,111.54,252.30,-20.55,-27.56,M1->M2 x M3,150.06,260.44,256.1,82.5,172.0,510.4,382.8
400,0.45,11.0,106.00,105.41,235.49,-15.53,112.55,256.25,112.55,256.25,-14.57,-15.53,M1->M2 x M3,150.06,260.44,256.1,82.5,172.0,510.4,404.9
400,0.45,12.0,128.53,131.20,265.39,-3.42,113.87,262.04,113.87,262.04,-8.55,-8.55,M3->FP x M2,150.06,260.44,256.1,82.5,172.0,510.4,427.2
400,0.45,13.0,151.03,156.95,295.22,8.20,115.50,269.60,115.50,269.60,-2.49,-2.49,M3->FP x M2,150.06,260.44,256.1,82.5,172.0,510.4,449.6
400,0.45,14.0,173.48,182.66,324.95,19.42,117.44,278.83,117.44,278.83,3.50,3.50,M3->FP x M2,150.06,260.44,256.1,82.5,172.0,510.4,472.2
400,0.45,15.0,195.87,208.31,354.59,30.38,119.68,289.63,119.68,289.63,9.44,9.44,M3->FP x M2,150.06,260.44,256.1,82.5,172.0,510.4,495.0
400,0.45,16.0,218.21,233.90,384.12,41.06,122.20,301.87,122.20,301.87,15.44,15.44,M3->FP x M2,150.06,260.44,256.1,82.5,172.0,510.4,518.0
400,0.45,17.0,240.47,259.42,413.53,51.44,125.01,315.45,125.01,315.45,21.50,21.50,M3->FP x M2,150.06,260.44,256.1,82.5,172.0,510.4,541.2
400,0.45,18.0,262.67,284.85,442.81,61.52,128.10,330.26,128.10,330.26,27.63,27.63,M3->FP x M2,150.06,260.44,256.1,82.5,172.0,510.4,564.7
400,0.45,19.0,284.79,310.20,471.96,71.27,131.47,346.20,131.47,346.20,33.83,33.83,M3->FP x M2,150.06,260.44,256.1,82.5,172.0,510.4,588.5
400,0.45,20.0,306.81,335.46,500.97,80.70,135.09,363.20,135.09,363.20,40.10,40.10,M3->FP x M2,150.06,260.44,256.1,82.5,172.0,510.4,612.5
400,0.50,2.0,-52.05,-94.74,0.34,-94.48,129.68,233.02,129.68,233.02,-52.62,-94.74,in->M1 x M3,166.98,296.66,248.8,91.7,192.2,529.7,216.6
400,0.50,3.0,-52.55,-94.62,0.10,-94.62,129.68,233.02,129.68,233.02,-52.46,-94.62,in->M1 x M3,166.98,296.66,248.8,91.7,192.2,529.7,236.5
400,0.50,4.0,-52.69,-94.44,19.98,-94.50,129.68,233.02,129.68,233.02,-52.49,-94.50,M1->M2 x M3,166.98,296.66,248.8,91.7,192.2,529.7,256.4
400,0.50,5.0,-42.55,-70.44,48.98,-94.73,129.68,233.02,129.68,233.02,-52.50,-94.73,M1->M2 x M3,166.98,296.66,248.8,91.7,192.2,529.7,276.3
400,0.50,6.0,-21.43,-46.38,77.97,-91.30,129.68,233.02,129.68,233.02,-52.47,-91.30,M1->M2 x M3,166.98,296.66,248.8,91.7,192.2,529.7,296.3
400,0.50,7.0,-0.22,-22.22,106.94,-79.50,129.68,233.02,129.68,233.02,-48.88,-79.50,M1->M2 x M3,166.98,296.66,248.8,91.7,192.2,529.7,316.3
400,0.50,8.0,20.87,2.02,135.87,-67.65,129.68,233.02,129.68,233.02,-43.00,-67.65,M1->M2 x M3,166.98,296.66,248.8,91.7,192.2,529.7,336.5
400,0.50,9.0,41.96,26.09,164.76,-55.74,129.80,233.02,129.80,233.02,-37.08,-55.74,M1->M2 x M3,166.98,296.66,248.8,91.7,192.2,529.7,356.7
400,0.50,10.0,63.04,50.16,193.61,-43.76,130.19,233.20,130.19,233.20,-31.13,-43.76,M1->M2 x M3,166.98,296.66,248.8,91.7,192.2,529.7,377.1
400,0.50,11.0,84.09,74.22,222.39,-31.72,130.85,234.88,130.85,234.88,-25.15,-31.72,M1->M2 x M3,166.98,296.66,248.8,91.7,192.2,529.7,397.6
400,0.50,12.0,105.12,98.25,251.10,-19.59,131.78,238.35,131.78,238.35,-19.13,-19.59,M1->M2 x M3,166.98,296.66,248.8,91.7,192.2,529.7,418.2
400,0.50,13.0,126.12,122.25,279.74,-7.37,132.98,243.55,132.98,243.55,-13.06,-13.06,M3->FP x M2,166.98,296.66,248.8,91.7,192.2,529.7,439.0
400,0.50,14.0,147.08,146.22,308.29,4.62,134.46,250.44,134.46,250.44,-6.94,-6.94,M3->FP x M2,166.98,296.66,248.8,91.7,192.2,529.7,460.0
400,0.50,15.0,167.99,170.14,336.75,16.03,136.21,258.91,136.21,258.91,-0.77,-0.77,M3->FP x M2,166.98,296.66,248.8,91.7,192.2,529.7,481.1
400,0.50,16.0,188.86,194.00,365.11,27.23,138.23,268.87,138.23,268.87,5.26,5.26,M3->FP x M2,166.98,296.66,248.8,91.7,192.2,529.7,502.4
400,0.50,17.0,209.66,217.81,393.36,38.20,140.52,280.21,140.52,280.21,11.32,11.32,M3->FP x M2,166.98,296.66,248.8,91.7,192.2,529.7,524.0
400,0.50,18.0,230.41,241.56,421.48,48.92,143.07,292.83,143.07,292.83,17.45,17.45,M3->FP x M2,166.98,296.66,248.8,91.7,192.2,529.7,545.8
400,0.50,19.0,251.08,265.22,449.48,59.38,145.89,306.63,145.89,306.63,23.65,23.65,M3->FP x M2,166.98,296.66,248.8,91.7,192.2,529.7,567.8
400,0.50,20.0,271.67,288.81,477.34,69.56,148.96,321.53,148.96,321.53,29.93,29.93,M3->FP x M2,166.98,296.66,248.8,91.7,192.2,529.7,590.2
400,0.55,2.0,-57.72,-106.54,0.12,-106.52,149.65,216.05,149.65,216.05,-57.97,-106.54,in->M1 x M3,183.95,333.60,242.9,100.8,212.7,549.7,224.2
400,0.55,3.0,-57.47,-106.38,0.38,-106.20,149.65,216.05,149.65,216.05,-57.88,-106.38,in->M1 x M3,183.95,333.60,242.9,100.8,212.7,549.7,242.8
400,0.55,4.0,-57.27,-106.40,16.44,-106.53,149.65,216.05,149.65,216.05,-57.63,-106.53,M1->M2 x M3,183.95,333.60,242.9,100.8,212.7,549.7,261.4
400,0.55,5.0,-54.00,-89.81,44.52,-106.14,149.65,216.05,149.65,216.05,-57.93,-106.14,M1->M2 x M3,183.95,333.60,242.9,100.8,212.7,549.7,280.0
400,0.55,6.0,-34.15,-67.32,72.60,-106.53,149.65,216.05,149.65,216.05,-57.54,-106.53,M1->M2 x M3,183.95,333.60,242.9,100.8,212.7,549.7,298.7
400,0.55,7.0,-14.23,-44.74,100.65,-95.60,149.65,216.05,149.65,216.05,-57.90,-95.60,M1->M2 x M3,183.95,333.60,242.9,100.8,212.7,549.7,317.5
400,0.55,8.0,5.72,-22.06,128.67,-83.73,149.65,216.05,149.65,216.05,-53.78,-83.73,M1->M2 x M3,183.95,333.60,242.9,100.8,212.7,549.7,336.4
400,0.55,9.0,25.56,0.71,156.65,-71.80,149.66,216.05,149.66,216.05,-47.86,-71.80,M1->M2 x M3,183.95,333.60,242.9,100.8,212.7,549.7,355.3
400,0.55,10.0,45.40,23.28,184.58,-59.81,149.81,216.05,149.81,216.05,-41.91,-59.81,M1->M2 x M3,183.95,333.60,242.9,100.8,212.7,549.7,374.4
400,0.55,11.0,65.23,45.84,212.46,-47.75,150.20,216.12,150.20,216.12,-35.92,-47.75,M1->M2 x M3,183.95,333.60,242.9,100.8,212.7,549.7,393.6
400,0.55,12.0,85.03,68.38,240.27,-35.60,150.83,217.46,150.83,217.46,-29.89,-35.60,M1->M2 x M3,183.95,333.60,242.9,100.8,212.7,549.7,412.9
400,0.55,13.0,104.81,90.91,268.01,-23.37,151.70,220.51,151.70,220.51,-23.82,-23.82,M3->FP x M2,183.95,333.60,242.9,100.8,212.7,549.7,432.4
400,0.55,14.0,124.55,113.40,295.67,-11.04,152.82,225.24,152.82,225.24,-17.70,-17.70,M3->FP x M2,183.95,333.60,242.9,100.8,212.7,549.7,452.0
400,0.55,15.0,144.26,135.87,323.23,1.31,154.18,231.60,154.18,231.60,-11.52,-11.52,M3->FP x M2,183.95,333.60,242.9,100.8,212.7,549.7,471.8
400,0.55,16.0,163.92,158.29,350.70,12.90,155.79,239.50,155.79,239.50,-5.29,-5.29,M3->FP x M2,183.95,333.60,242.9,100.8,212.7,549.7,491.8
400,0.55,17.0,183.54,180.66,378.06,24.31,157.64,248.85,157.64,248.85,0.97,0.97,M3->FP x M2,183.95,333.60,242.9,100.8,212.7,549.7,512.0
400,0.55,18.0,203.10,202.98,405.31,35.53,159.74,259.54,159.74,259.54,7.10,7.10,M3->FP x M2,183.95,333.60,242.9,100.8,212.7,549.7,532.4
400,0.55,19.0,222.59,225.24,432.43,46.54,162.08,271.48,162.08,271.48,13.31,13.31,M3->FP x M2,183.95,333.60,242.9,100.8,212.7,549.7,553.0
400,0.55,20.0,242.02,247.42,459.43,57.33,164.68,284.57,164.68,284.57,19.59,19.59,M3->FP x M2,183.95,333.60,242.9,100.8,212.7,549.7,573.9
400,0.60,2.0,-62.67,-118.33,0.19,-118.14,170.09,199.03,170.09,199.03,-63.04,-118.33,in->M1 x M3,200.97,371.06,237.9,110.0,233.6,570.1,232.3
400,0.60,3.0,-62.37,-118.38,0.08,-118.38,170.09,199.03,170.09,199.03,-63.25,-118.38,in->M1 x M3,200.97,371.06,237.9,110.0,233.6,570.1,249.9
400,0.60,4.0,-62.73,-118.50,13.74,-118.53,170.09,199.03,170.09,199.03,-62.86,-118.53,M1->M2 x M3,200.97,371.06,237.9,110.0,233.6,570.1,267.4
400,0.60,5.0,-62.09,-108.32,41.13,-118.40,170.09,199.03,170.09,199.03,-63.10,-118.40,M1->M2 x M3,200.97,371.06,237.9,110.0,233.6,570.1,285.0
400,0.60,6.0,-45.63,-87.18,68.50,-118.30,170.09,199.03,170.09,199.03,-62.88,-118.30,M1->M2 x M3,200.97,371.06,237.9,110.0,233.6,570.1,302.7
400,0.60,7.0,-26.78,-65.97,95.86,-111.48,170.09,199.03,170.09,199.03,-63.01,-111.48,M1->M2 x M3,200.97,371.06,237.9,110.0,233.6,570.1,320.4
400,0.60,8.0,-7.85,-44.66,123.18,-99.59,170.09,199.03,170.09,199.03,-62.91,-99.59,M1->M2 x M3,200.97,371.06,237.9,110.0,233.6,570.1,338.2
400,0.60,9.0,11.03,-23.26,150.47,-87.65,170.09,199.03,170.09,199.03,-58.76,-87.65,M1->M2 x M3,200.97,371.06,237.9,110.0,233.6,570.1,356.1
400,0.60,10.0,29.84,-1.73,177.71,-75.64,170.10,199.03,170.10,199.03,-52.81,-75.64,M1->M2 x M3,200.97,371.06,237.9,110.0,233.6,570.1,374.1
400,0.60,11.0,48.64,19.57,204.90,-63.56,170.29,199.03,170.29,199.03,-46.81,-63.56,M1->M2 x M3,200.97,371.06,237.9,110.0,233.6,570.1,392.2
400,0.60,12.0,67.43,40.83,232.02,-51.40,170.68,199.04,170.68,199.04,-40.78,-51.40,M1->M2 x M3,200.97,371.06,237.9,110.0,233.6,570.1,410.4
400,0.60,13.0,86.19,62.09,259.07,-39.14,171.29,200.03,171.29,200.03,-34.70,-39.14,M1->M2 x M3,200.97,371.06,237.9,110.0,233.6,570.1,428.7
400,0.60,14.0,104.93,83.32,286.05,-26.79,172.12,202.71,172.12,202.71,-28.58,-28.58,M3->FP x M2,200.97,371.06,237.9,110.0,233.6,570.1,447.3
400,0.60,15.0,123.63,104.53,312.94,-14.33,173.16,207.06,173.16,207.06,-22.40,-22.40,M3->FP x M2,200.97,371.06,237.9,110.0,233.6,570.1,465.9
400,0.60,16.0,142.30,125.71,339.73,-1.76,174.43,213.01,174.43,213.01,-16.16,-16.16,M3->FP x M2,200.97,371.06,237.9,110.0,233.6,570.1,484.8
400,0.60,17.0,160.93,146.85,366.42,10.11,175.93,220.49,175.93,220.49,-9.86,-9.86,M3->FP x M2,200.97,371.06,237.9,110.0,233.6,570.1,503.8
400,0.60,18.0,179.50,167.95,393.00,21.72,177.65,229.40,177.65,229.40,-3.50,-3.50,M3->FP x M2,200.97,371.06,237.9,110.0,233.6,570.1,523.1
400,0.60,19.0,198.02,188.99,419.45,33.17,179.60,239.64,179.60,239.64,2.84,2.84,M3->FP x M2,200.97,371.06,237.9,110.0,233.6,570.1,542.6
400,0.60,20.0,216.48,209.98,445.79,44.44,181.78,251.11,181.78,251.11,9.12,9.12,M3->FP x M2,200.97,371.06,237.9,110.0,233.6,570.1,562.3
400,0.65,2.0,-67.81,-130.52,0.07,-130.29,190.78,181.96,190.78,181.96,-68.38,-130.52,in->M1 x M3,218.04,408.82,233.7,119.2,254.6,590.8,240.9
400,0.65,3.0,-68.39,-130.38,0.29,-130.19,190.78,181.96,190.78,181.96,-68.27,-130.38,in->M1 x M3,218.04,408.82,233.7,119.2,254.6,590.8,257.6
400,0.65,4.0,-68.18,-130.51,11.69,-130.38,190.78,181.96,190.78,181.96,-68.24,-130.51,in->M1 x M3,218.04,408.82,233.7,119.2,254.6,590.8,274.2
400,0.65,5.0,-68.37,-126.14,38.54,-130.59,190.78,181.96,190.78,181.96,-68.47,-130.59,M1->M2 x M3,218.04,408.82,233.7,119.2,254.6,590.8,290.9
400,0.65,6.0,-56.15,-106.20,65.38,-130.33,190.78,181.96,190.78,181.96,-68.15,-130.33,M1->M2 x M3,218.04,408.82,233.7,119.2,254.6,590.8,307.7
400,0.65,7.0,-38.21,-86.18,92.21,-127.07,190.78,181.96,190.78,181.96,-68.32,-127.07,M1->M2 x M3,218.04,408.82,233.7,119.2,254.6,590.8,324.5
400,0.65,8.0,-20.19,-66.08,119.00,-115.17,190.78,181.96,190.78,181.96,-68.45,-115.17,M1->M2 x M3,218.04,408.82,233.7,119.2,254.6,590.8,341.4
400,0.65,9.0,-2.09,-45.89,145.76,-103.21,190.78,181.96,190.78,181.96,-68.20,-103.21,M1->M2 x M3,218.04,408.82,233.7,119.2,254.6,590.8,358.4
400,0.65,10.0,15.88,-25.58,172.48,-91.18,190.78,181.96,190.78,181.96,-63.78,-91.18,M1->M2 x M3,218.04,408.82,233.7,119.2,254.6,590.8,375.5
400,0.65,11.0,33.81,-5.15,199.14,-79.08,190.81,181.96,190.81,181.96,-57.78,-79.08,M1->M2 x M3,218.04,408.82,233.7,119.2,254.6,590.8,392.6
400,0.65,12.0,51.74,15.09,225.74,-66.90,191.02,181.96,191.02,181.96,-51.74,-66.90,M1->M2 x M3,218.04,408.82,233.7,119.2,254.6,590.8,409.9
400,0.65,13.0,69.65,35.24,252.27,-54.63,191.42,181.96,191.42,181.96,-45.66,-54.63,M1->M2 x M3,218.04,408.82,233.7,119.2,254.6,590.8,427.4
400,0.65,14.0,87.53,55.37,278.73,-42.26,192.02,182.61,192.02,182.61,-39.53,-42.26,M1->M2 x M3,218.04,408.82,233.7,119.2,254.6,590.8,444.9
400,0.65,15.0,105.40,75.48,305.10,-29.78,192.81,184.95,192.81,184.95,-33.34,-33.34,M3->FP x M2,218.04,408.82,233.7,119.2,254.6,590.8,462.7
400,0.65,16.0,123.22,95.58,331.38,-17.19,193.80,188.96,193.80,188.96,-27.10,-27.10,M3->FP x M2,218.04,408.82,233.7,119.2,254.6,590.8,480.6
400,0.65,17.0,141.02,115.64,357.55,-4.47,195.00,194.60,195.00,194.60,-20.80,-20.80,M3->FP x M2,218.04,408.82,233.7,119.2,254.6,590.8,498.7
400,0.65,18.0,158.77,135.67,383.62,7.74,196.41,201.78,196.41,201.78,-14.43,-14.43,M3->FP x M2,218.04,408.82,233.7,119.2,254.6,590.8,516.9
400,0.65,19.0,176.47,155.65,409.57,19.53,198.03,210.40,198.03,210.40,-7.98,-7.98,M3->FP x M2,218.04,408.82,233.7,119.2,254.6,590.8,535.4
400,0.65,20.0,194.11,175.59,435.40,31.19,199.86,220.35,199.86,220.35,-1.46,-1.46,M3->FP x M2,218.04,408.82,233.7,119.2,254.6,590.8,554.1
400,0.70,2.0,-73.59,-142.59,0.07,-142.45,211.53,164.83,211.53,164.83,-73.66,-142.59,in->M1 x M3,235.17,446.69,230.1,128.3,275.7,611.5,249.9
400,0.70,3.0,-73.30,-142.55,0.10,-142.64,211.53,164.83,211.53,164.83,-73.61,-142.64,M1->M2 x M3,235.17,446.69,230.1,128.3,275.7,611.5,265.7
400,0.70,4.0,-72.97,-142.58,10.13,-142.36,211.53,164.83,211.53,164.83,-73.56,-142.58,in->M1 x M3,235.17,446.69,230.1,128.3,275.7,611.5,281.6
400,0.70,5.0,-73.72,-142.50,36.58,-142.39,211.53,164.83,211.53,164.83,-73.53,-142.50,in->M1 x M3,235.17,446.69,230.1,128.3,275.7,611.5,297.5
400,0.70,6.0,-65.93,-124.50,63.02,-142.60,211.53,164.83,211.53,164.83,-73.52,-142.60,M1->M2 x M3,235.17,446.69,230.1,128.3,275.7,611.5,313.5
400,0.70,7.0,-48.76,-105.56,89.44,-142.31,211.53,164.83,211.53,164.83,-73.53,-142.31,M1->M2 x M3,235.17,446.69,230.1,128.3,275.7,611.5,329.6
400,0.70,8.0,-31.53,-86.53,115.83,-130.39,211.53,164.83,211.53,164.83,-73.56,-130.39,M1->M2 x M3,235.17,446.69,230.1,128.3,275.7,611.5,345.7
400,0.70,9.0,-14.21,-67.41,142.19,-118.41,211.53,164.83,211.53,164.83,-73.62,-118.41,M1->M2 x M3,235.17,446.69,230.1,128.3,275.7,611.5,361.9
400,0.70,10.0,3.16,-48.19,168.50,-106.37,211.53,164.83,211.53,164.83,-73.72,-106.37,M1->M2 x M3,235.17,446.69,230.1,128.3,275.7,611.5,378.2
400,0.70,11.0,20.36,-28.85,194.77,-94.25,211.53,164.83,211.53,164.83,-68.76,-94.25,M1->M2 x M3,235.17,446.69,230.1,128.3,275.7,611.5,394.6
400,0.70,12.0,37.55,-9.39,220.97,-82.05,211.59,164.83,211.59,164.83,-62.72,-82.05,M1->M2 x M3,235.17,446.69,230.1,128.3,275.7,611.5,411.1
400,0.70,13.0,54.73,9.97,247.11,-69.76,211.82,164.83,211.82,164.83,-56.63,-69.76,M1->M2 x M3,235.17,446.69,230.1,128.3,275.7,611.5,427.7
400,0.70,14.0,71.89,29.12,273.17,-57.37,212.22,164.83,212.22,164.83,-50.49,-57.37,M1->M2 x M3,235.17,446.69,230.1,128.3,275.7,611.5,444.5
400,0.70,15.0,89.03,48.26,299.15,-44.87,212.81,165.20,212.81,165.20,-44.30,-44.87,M1->M2 x M3,235.17,446.69,230.1,128.3,275.7,611.5,461.4
400,0.70,16.0,106.15,67.39,325.04,-32.26,213.58,167.21,213.58,167.21,-38.06,-38.06,M3->FP x M2,235.17,446.69,230.1,128.3,275.7,611.5,478.5
400,0.70,17.0,123.23,86.50,350.82,-19.53,214.53,170.95,214.53,170.95,-31.75,-31.75,M3->FP x M2,235.17,446.69,230.1,128.3,275.7,611.5,495.8
400,0.70,18.0,140.27,105.58,376.51,-6.65,215.67,176.35,215.67,176.35,-25.37,-25.37,M3->FP x M2,235.17,446.69,230.1,128.3,275.7,611.5,513.2
400,0.70,19.0,157.28,124.63,402.07,5.87,217.01,183.34,217.01,183.34,-18.92,-18.92,M3->FP x M2,235.17,446.69,230.1,128.3,275.7,611.5,530.8
400,0.70,20.0,174.23,143.64,427.52,17.84,218.55,191.80,218.55,191.80,-12.40,-12.40,M3->FP x M2,235.17,446.69,230.1,128.3,275.7,611.5,548.7
400,0.75,2.0,-78.55,-154.53,0.28,-154.46,232.12,147.65,232.12,147.65,-78.67,-154.53,in->M1 x M3,252.35,484.46,227.0,137.5,296.7,632.1,270.9
400,0.75,3.0,-78.43,-154.65,0.20,-154.54,232.12,147.65,232.12,147.65,-78.60,-154.65,in->M1 x M3,252.35,484.46,227.0,137.5,296.7,632.1,274.1
400,0.75,4.0,-78.03,-154.48,8.95,-154.35,232.12,147.65,232.12,147.65,-78.91,-154.48,in->M1 x M3,252.35,484.46,227.0,137.5,296.7,632.1,289.4
400,0.75,5.0,-78.22,-154.73,35.10,-154.50,232.12,147.65,232.12,147.65,-78.94,-154.73,in->M1 x M3,252.35,484.46,227.0,137.5,296.7,632.1,304.6
400,0.75,6.0,-75.10,-142.18,61.23,-154.76,232.12,147.65,232.12,147.65,-78.63,-154.76,M1->M2 x M3,252.35,484.46,227.0,137.5,296.7,632.1,320.0
400,0.75,7.0,-58.61,-124.20,87.35,-154.45,232.12,147.65,232.12,147.65,-78.94,-154.45,M1->M2 x M3,252.35,484.46,227.0,137.5,296.7,632.1,335.3
400,0.75,8.0,-42.05,-106.15,113.44,-145.19,232.12,147.65,232.12,147.65,-78.41,-145.19,M1->M2 x M3,252.35,484.46,227.0,137.5,296.7,632.1,350.8
400,0.75,9.0,-25.41,-88.01,139.50,-133.19,232.12,147.65,232.12,147.65,-78.78,-133.19,M1->M2 x M3,252.35,484.46,227.0,137.5,296.7,632.1,366.3
400,0.75,10.0,-8.68,-69.77,165.51,-121.13,232.12,147.65,232.12,147.65,-78.87,-121.13,M1->M2 x M3,252.35,484.46,227.0,137.5,296.7,632.1,382.0
400,0.75,11.0,8.01,-51.42,191.47,-108.99,232.12,147.65,232.12,147.65,-78.79,-108.99,M1->M2 x M3,252.35,484.46,227.0,137.5,296.7,632.1,397.7
400,0.75,12.0,24.57,-32.94,217.38,-96.77,232.12,147.65,232.12,147.65,-73.65,-96.77,M1->M2 x M3,252.35,484.46,227.0,137.5,296.7,632.1,413.5
400,0.75,13.0,41.12,-14.33,243.22,-84.47,232.21,147.65,232.21,147.65,-67.56,-84.47,M1->M2 x M3,252.35,484.46,227.0,137.5,296.7,632.1,429.4
400,0.75,14.0,57.66,4.30,268.98,-72.06,232.46,147.65,232.46,147.65,-61.42,-72.06,M1->M2 x M3,252.35,484.46,227.0,137.5,296.7,632.1,445.5
400,0.75,15.0,74.18,22.57,294.66,-59.54,232.87,147.65,232.87,147.65,-55.22,-59.54,M1->M2 x M3,252.35,484.46,227.0,137.5,296.7,632.1,461.7
400,0.75,16.0,90.67,40.83,320.26,-46.91,233.45,147.82,233.45,147.82,-48.97,-48.97,M3->FP x M2,252.35,484.46,227.0,137.5,296.7,632.1,478.1
400,0.75,17.0,107.14,59.08,345.75,-34.16,234.21,149.50,234.21,149.50,-42.66,-42.66,M3->FP x M2,252.35,484.46,227.0,137.5,296.7,632.1,494.7
400,0.75,18.0,123.58,77.31,371.14,-21.27,235.13,153.01,235.13,153.01,-36.27,-36.27,M3->FP x M2,252.35,484.46,227.0,137.5,296.7,632.1,511.4
400,0.75,19.0,139.98,95.52,396.42,-8.23,236.24,158.26,236.24,158.26,-29.82,-29.82,M3->FP x M2,252.35,484.46,227.0,137.5,296.7,632.1,528.3
400,0.75,20.0,156.34,113.70,421.57,4.57,237.52,165.17,237.52,165.17,-23.29,-23.29,M3->FP x M2,252.35,484.46,227.0,137.5,296.7,632.1,545.4
400,0.80,2.0,-83.68,-166.68,0.21,-166.38,252.35,130.43,252.35,130.43,-84.08,-166.68,in->M1 x M3,269.57,521.92,224.3,146.7,317.5,652.4,291.7
400,0.80,3.0,-83.45,-166.44,0.23,-166.57,252.35,130.43,252.35,130.43,-84.28,-166.57,M1->M2 x M3,269.57,521.92,224.3,146.7,317.5,652.4,291.7
400,0.80,4.0,-83.35,-166.51,8.07,-166.72,252.35,130.43,252.35,130.43,-83.99,-166.72,M1->M2 x M3,269.57,521.92,224.3,146.7,317.5,652.4,297.4
400,0.80,5.0,-83.51,-166.62,33.99,-166.59,252.35,130.43,252.35,130.43,-84.09,-166.62,in->M1 x M3,269.57,521.92,224.3,146.7,317.5,652.4,312.1
400,0.80,6.0,-83.79,-159.27,59.90,-166.51,252.35,130.43,252.35,130.43,-84.32,-166.51,M1->M2 x M3,269.57,521.92,224.3,146.7,317.5,652.4,326.8
400,0.80,7.0,-67.88,-142.18,85.79,-166.28,252.35,130.43,252.35,130.43,-84.09,-166.28,M1->M2 x M3,269.57,521.92,224.3,146.7,317.5,652.4,341.6
400,0.80,8.0,-51.92,-125.01,111.65,-159.50,252.35,130.43,252.35,130.43,-83.94,-159.50,M1->M2 x M3,269.57,521.92,224.3,146.7,317.5,652.4,356.5
400,0.80,9.0,-35.87,-107.77,137.48,-147.48,252.35,130.43,252.35,130.43,-84.11,-147.48,M1->M2 x M3,269.57,521.92,224.3,146.7,317.5,652.4,371.5
400,0.80,10.0,-19.73,-90.42,163.27,-135.40,252.35,130.43,252.35,130.43,-84.24,-135.40,M1->M2 x M3,269.57,521.92,224.3,146.7,317.5,652.4,386.5
400,0.80,11.0,-3.50,-72.98,189.01,-123.25,252.35,130.43,252.35,130.43,-83.53,-123.25,M1->M2 x M3,269.57,521.92,224.3,146.7,317.5,652.4,401.6
400,0.80,12.0,12.57,-55.41,214.69,-111.01,252.35,130.43,252.35,130.43,-84.18,-111.01,M1->M2 x M3,269.57,521.92,224.3,146.7,317.5,652.4,416.8
400,0.80,13.0,28.57,-37.72,240.30,-98.68,252.36,130.43,252.36,130.43,-78.39,-98.68,M1->M2 x M3,269.57,521.92,224.3,146.7,317.5,652.4,432.2
400,0.80,14.0,44.56,-19.88,265.85,-86.26,252.48,130.43,252.48,130.43,-72.24,-86.26,M1->M2 x M3,269.57,521.92,224.3,146.7,317.5,652.4,447.7
400,0.80,15.0,60.54,-1.89,291.31,-73.73,252.75,130.43,252.75,130.43,-66.04,-73.73,M1->M2 x M3,269.57,521.92,224.3,146.7,317.5,652.4,463.3
400,0.80,16.0,76.50,15.65,316.68,-61.08,253.17,130.43,253.17,130.43,-59.78,-61.08,M1->M2 x M3,269.57,521.92,224.3,146.7,317.5,652.4,479.0
400,0.80,17.0,92.44,33.12,341.95,-48.30,253.75,130.47,253.75,130.47,-53.47,-53.47,M3->FP x M2,269.57,521.92,224.3,146.7,317.5,652.4,494.9
400,0.80,18.0,108.35,50.58,367.13,-35.39,254.49,131.83,254.49,131.83,-47.08,-47.08,M3->FP x M2,269.57,521.92,224.3,146.7,317.5,652.4,511.0
400,0.80,19.0,124.22,68.02,392.19,-22.34,255.40,135.14,255.40,135.14,-40.62,-40.62,M3->FP x M2,269.57,521.92,224.3,146.7,317.5,652.4,527.3
400,0.80,20.0,140.06,85.45,417.13,-9.12,256.48,140.33,256.48,140.33,-34.08,-34.08,M3->FP x M2,269.57,521.92,224.3,146.7,317.5,652.4,543.8
400,0.85,2.0,-89.00,-178.44,0.14,-178.38,272.02,113.17,272.02,113.17,-89.29,-178.44,in->M1 x M3,286.83,558.85,221.9,155.8,338.1,672.0,312.2
400,0.85,3.0,-89.40,-178.50,0.02,-178.26,272.02,113.17,272.02,113.17,-89.07,-178.50,in->M1 x M3,286.83,558.85,221.9,155.8,338.1,672.0,312.2
400,0.85,4.0,-88.61,-178.27,7.42,-178.33,272.02,113.17,272.02,113.17,-89.39,-178.33,M1->M2 x M3,286.83,558.85,221.9,155.8,338.1,672.0,312.3
400,0.85,5.0,-89.07,-178.27,33.17,-178.31,272.02,113.17,272.02,113.17,-89.45,-178.31,M1->M2 x M3,286.83,558.85,221.9,155.8,338.1,672.0,319.7
400,0.85,6.0,-89.44,-175.80,58.91,-178.34,272.02,113.17,272.02,113.17,-89.42,-178.34,M1->M2 x M3,286.83,558.85,221.9,155.8,338.1,672.0,334.0
400,0.85,7.0,-76.69,-159.53,84.63,-178.15,272.02,113.17,272.02,113.17,-89.31,-178.15,M1->M2 x M3,286.83,558.85,221.9,155.8,338.1,672.0,348.3
400,0.85,8.0,-61.24,-143.18,110.32,-173.25,272.02,113.17,272.02,113.17,-88.94,-173.25,M1->M2 x M3,286.83,558.85,221.9,155.8,338.1,672.0,362.6
400,0.85,9.0,-45.72,-126.76,135.98,-161.22,272.02,113.17,272.02,113.17,-89.55,-161.22,M1->M2 x M3,286.83,558.85,221.9,155.8,338.1,672.0,377.1
400,0.85,10.0,-30.11,-110.24,161.60,-149.12,272.02,113.17,272.02,113.17,-88.88,-149.12,M1->M2 x M3,286.83,558.85,221.9,155.8,338.1,672.0,391.6
400,0.85,11.0,-14.41,-93.63,187.17,-136.94,272.02,113.17,272.02,113.17,-89.32,-136.94,M1->M2 x M3,286.83,558.85,221.9,155.8,338.1,672.0,406.2
400,0.85,12.0,1.37,-76.90,212.69,-124.69,272.02,113.17,272.02,113.17,-89.56,-124.69,M1->M2 x M3,286.83,558.85,221.9,155.8,338.1,672.0,420.9
400,0.85,13.0,16.89,-60.05,238.14,-112.35,272.02,113.17,272.02,113.17,-89.06,-112.35,M1->M2 x M3,286.83,558.85,221.9,155.8,338.1,672.0,435.7
400,0.85,14.0,32.40,-43.07,263.51,-99.90,272.04,113.17,272.04,113.17,-82.91,-99.90,M1->M2 x M3,286.83,558.85,221.9,155.8,338.1,672.0,450.6
400,0.85,15.0,47.91,-25.94,288.81,-87.35,272.19,113.17,272.19,113.17,-76.71,-87.35,M1->M2 x M3,286.83,558.85,221.9,155.8,338.1,672.0,465.7
400,0.85,16.0,63.40,-8.65,314.02,-74.68,272.48,113.17,272.48,113.17,-70.44,-74.68,M1->M2 x M3,286.83,558.85,221.9,155.8,338.1,672.0,480.9
400,0.85,17.0,78.87,8.44,339.13,-61.89,272.91,113.17,272.91,113.17,-64.12,-64.12,M3->FP x M2,286.83,558.85,221.9,155.8,338.1,672.0,496.3
400,0.85,18.0,94.31,25.19,364.14,-48.96,273.49,113.17,273.49,113.17,-57.73,-57.73,M3->FP x M2,286.83,558.85,221.9,155.8,338.1,672.0,511.8
400,0.85,19.0,109.73,41.94,389.04,-35.89,274.23,114.18,274.23,114.18,-51.26,-51.26,M3->FP x M2,286.83,558.85,221.9,155.8,338.1,672.0,527.5
400,0.85,20.0,125.12,58.67,413.82,-22.65,275.13,117.35,275.13,117.35,-44.72,-44.72,M3->FP x M2,286.83,558.85,221.9,155.8,338.1,672.0,543.4
400,0.90,2.0,-94.65,-190.09,0.01,-189.74,290.91,95.86,290.91,95.86,-94.46,-190.09,in->M1 x M3,304.14,595.06,219.7,165.0,358.3,690.9,332.4
400,0.90,3.0,-94.24,-189.89,0.25,-189.72,290.91,95.86,290.91,95.86,-94.42,-189.89,in->M1 x M3,304.14,595.06,219.7,165.0,358.3,690.9,332.4
400,0.90,4.0,-94.34,-189.68,6.93,-189.92,290.92,95.86,290.92,95.86,-94.86,-189.92,M1->M2 x M3,304.14,595.06,219.7,165.0,358.3,690.9,332.4
400,0.90,5.0,-94.33,-189.90,32.55,-190.00,290.91,95.86,290.91,95.86,-94.83,-190.00,M1->M2 x M3,304.14,595.06,219.7,165.0,358.3,690.9,332.4
400,0.90,6.0,-94.31,-189.98,58.17,-189.73,290.92,95.86,290.92,95.86,-94.49,-189.98,in->M1 x M3,304.14,595.06,219.7,165.0,358.3,690.9,341.3
400,0.90,7.0,-85.10,-176.25,83.76,-189.87,290.91,95.86,290.91,95.86,-94.58,-189.87,M1->M2 x M3,304.14,595.06,219.7,165.0,358.3,690.9,355.1
400,0.90,8.0,-70.12,-160.67,109.33,-186.37,290.91,95.86,290.91,95.86,-94.20,-186.37,M1->M2 x M3,304.14,595.06,219.7,165.0,358.3,690.9,369.0
400,0.90,9.0,-55.06,-145.01,134.87,-174.32,290.91,95.86,290.91,95.86,-94.52,-174.32,M1->M2 x M3,304.14,595.06,219.7,165.0,358.3,690.9,383.0
400,0.90,10.0,-39.92,-129.27,160.36,-162.21,290.91,95.86,290.91,95.86,-94.04,-162.21,M1->M2 x M3,304.14,595.06,219.7,165.0,358.3,690.9,397.0
400,0.90,11.0,-24.69,-113.43,185.81,-150.02,290.92,95.86,290.92,95.86,-94.62,-150.02,M1->M2 x M3,304.14,595.06,219.7,165.0,358.3,690.9,411.2
400,0.90,12.0,-9.36,-97.48,211.20,-137.74,290.91,95.86,290.91,95.86,-94.03,-137.74,M1->M2 x M3,304.14,595.06,219.7,165.0,358.3,690.9,425.4
400,0.90,13.0,5.93,-81.42,236.52,-125.38,290.92,95.86,290.92,95.86,-94.56,-125.38,M1->M2 x M3,304.14,595.06,219.7,165.0,358.3,690.9,439.7
400,0.90,14.0,21.03,-65.22,261.78,-112.92,290.91,95.86,290.91,95.86,-93.37,-112.92,M1->M2 x M3,304.14,595.06,219.7,165.0,358.3,690.9,454.2
400,0.90,15.0,36.11,-48.89,286.95,-100.35,290.96,95.86,290.96,95.86,-87.16,-100.35,M1->M2 x M3,304.14,595.06,219.7,165.0,358.3,690.9,468.8
400,0.90,16.0,51.19,-32.41,312.04,-87.67,291.13,95.86,291.13,95.86,-80.89,-87.67,M1->M2 x M3,304.14,595.06,219.7,165.0,358.3,690.9,483.5
400,0.90,17.0,66.24,-15.76,337.03,-74.86,291.44,95.86,291.44,95.86,-74.56,-74.86,M1->M2 x M3,304.14,595.06,219.7,165.0,358.3,690.9,498.4
400,0.90,18.0,81.28,1.01,361.92,-61.91,291.88,95.86,291.88,95.86,-68.17,-68.17,M3->FP x M2,304.14,595.06,219.7,165.0,358.3,690.9,513.4
400,0.90,19.0,96.30,17.11,386.69,-48.81,292.47,95.86,292.47,95.86,-61.70,-61.70,M3->FP x M2,304.14,595.06,219.7,165.0,358.3,690.9,528.6
400,0.90,20.0,111.28,33.20,411.36,-35.56,293.21,96.57,293.21,96.57,-55.15,-55.15,M3->FP x M2,304.14,595.06,219.7,165.0,358.3,690.9,544.0
450,0.30,2.0,-31.50,-51.37,0.01,-51.85,62.94,350.35,62.94,350.35,-31.44,-51.85,M1->M2 x M3,99.65,162.59,306.1,55.0,117.5,512.9,205.6
450,0.30,3.0,-26.21,-34.95,24.94,-51.70,62.94,350.35,62.94,350.35,-31.49,-51.70,M1->M2 x M3,99.65,162.59,306.1,55.0,117.5,512.9,237.7
450,0.30,4.0,7.92,3.26,65.86,-48.94,62.94,350.35,62.94,350.35,-26.84,-48.94,M1->M2 x M3,99.65,162.59,306.1,55.0,117.5,512.9,269.8
450,0.30,5.0,42.02,41.44,106.75,-37.28,62.94,350.38,62.94,350.38,-21.04,-37.28,M1->M2 x M3,99.65,162.59,306.1,55.0,117.5,512.9,302.0
450,0.30,6.0,76.10,79.60,147.61,-25.58,63.25,352.31,63.25,352.31,-15.21,-25.58,M1->M2 x M3,99.65,162.59,306.1,55.0,117.5,512.9,334.2
450,0.30,7.0,110.17,117.73,188.43,-13.84,64.10,357.18,64.10,357.18,-9.36,-13.84,M1->M2 x M3,99.65,162.59,306.1,55.0,117.5,512.9,366.7
450,0.30,8.0,144.19,155.83,229.19,-2.05,65.46,364.90,65.46,364.90,-3.49,-3.49,M3->FP x M2,99.65,162.59,306.1,55.0,117.5,512.9,399.2
450,0.30,9.0,178.18,193.88,269.88,9.16,67.32,375.35,67.32,375.35,2.32,2.32,M3->FP x M2,99.65,162.59,306.1,55.0,117.5,512.9,431.9
450,0.30,10.0,212.11,231.87,310.49,19.89,69.64,388.35,69.64,388.35,8.04,8.04,M3->FP x M2,99.65,162.59,306.1,55.0,117.5,512.9,464.8
450,0.30,11.0,245.98,269.80,351.00,30.17,72.38,403.71,72.38,403.71,13.79,13.79,M3->FP x M2,99.65,162.59,306.1,55.0,117.5,512.9,497.9
450,0.30,12.0,279.77,307.64,391.41,39.97,75.52,421.22,75.52,421.22,19.58,19.58,M3->FP x M2,99.65,162.59,306.1,55.0,117.5,512.9,531.3
450,0.30,13.0,313.47,345.38,431.70,49.25,79.02,440.71,79.02,440.71,25.42,25.42,M3->FP x M2,99.65,162.59,306.1,55.0,117.5,512.9,564.9
450,0.30,14.0,347.09,383.02,471.85,58.02,82.84,461.98,82.84,461.98,31.30,31.30,M3->FP x M2,99.65,162.59,306.1,55.0,117.5,512.9,598.7
450,0.30,15.0,380.59,420.55,511.87,66.28,86.95,484.88,86.94,484.88,37.24,37.24,M3->FP x M2,99.65,162.59,306.1,55.0,117.5,512.9,632.9
450,0.30,16.0,413.98,457.94,551.72,74.02,91.34,509.26,90.95,509.26,43.23,43.23,M3->FP x M2,99.65,162.59,306.1,55.0,117.5,512.9,667.4
450,0.30,17.0,447.24,495.20,591.41,81.27,95.97,535.00,94.69,535.00,49.28,49.28,M3->FP x M2,99.65,162.59,306.1,55.0,117.5,512.9,702.2
450,0.30,18.0,480.37,532.31,630.92,88.05,100.83,561.07,98.18,562.00,55.40,55.40,M3->FP x M2,99.65,162.59,306.1,55.0,117.5,512.9,737.4
450,0.30,19.0,513.35,569.25,670.23,94.37,105.90,585.20,101.43,590.17,61.58,61.58,M3->FP x M2,99.65,162.59,306.1,55.0,117.5,512.9,773.1
450,0.30,20.0,546.17,606.02,709.35,100.28,111.17,607.45,104.47,619.44,67.85,67.85,M3->FP x M2,99.65,162.59,306.1,55.0,117.5,512.9,809.1
450,0.35,2.0,-35.90,-62.39,0.53,-62.33,79.06,333.59,79.06,333.59,-36.61,-62.39,in->M1 x M3,116.41,195.47,288.6,64.2,135.8,529.1,206.7
450,0.35,3.0,-36.22,-56.94,15.09,-62.33,79.06,333.59,79.06,333.59,-36.89,-62.33,M1->M2 x M3,116.41,195.47,288.6,64.2,135.8,529.1,235.0
450,0.35,4.0,-11.76,-22.75,52.55,-62.34,79.06,333.59,79.06,333.59,-36.58,-62.34,M1->M2 x M3,116.41,195.47,288.6,64.2,135.8,529.1,263.4
450,0.35,5.0,18.65,11.47,90.00,-53.50,79.06,333.59,79.06,333.59,-30.77,-53.50,M1->M2 x M3,116.41,195.47,288.6,64.2,135.8,529.1,291.8
450,0.35,6.0,49.02,45.64,127.42,-41.78,79.08,333.64,79.08,333.64,-24.94,-41.78,M1->M2 x M3,116.41,195.47,288.6,64.2,135.8,529.1,320.3
450,0.35,7.0,79.37,79.80,164.80,-30.03,79.42,335.39,79.42,335.39,-19.09,-30.03,M1->M2 x M3,116.41,195.47,288.6,64.2,135.8,529.1,349.0
450,0.35,8.0,109.71,113.93,202.13,-18.22,80.19,339.56,80.19,339.56,-13.21,-18.22,M1->M2 x M3,116.41,195.47,288.6,64.2,135.8,529.1,377.7
450,0.35,9.0,140.00,148.02,239.39,-6.36,81.38,346.11,81.38,346.11,-7.31,-7.31,M3->FP x M2,116.41,195.47,288.6,64.2,135.8,529.1,406.6
450,0.35,10.0,170.26,182.07,276.59,5.23,82.98,354.95,82.98,354.95,-1.38,-1.38,M3->FP x M2,116.41,195.47,288.6,64.2,135.8,529.1,435.7
450,0.35,11.0,200.46,216.07,313.70,16.22,84.98,365.95,84.98,365.95,4.43,4.43,M3->FP x M2,116.41,195.47,288.6,64.2,135.8,529.1,464.9
450,0.35,12.0,230.61,250.00,350.72,26.85,87.36,378.98,87.36,378.98,10.23,10.23,M3->FP x M2,116.41,195.47,288.6,64.2,135.8,529.1,494.4
450,0.35,13.0,260.68,283.85,387.63,37.10,90.09,393.89,90.09,393.89,16.07,16.07,M3->FP x M2,116.41,195.47,288.6,64.2,135.8,529.1,524.0
450,0.35,14.0,290.67,317.62,424.42,46.93,93.16,410.53,93.16,410.53,21.95,21.95,M3->FP x M2,116.41,195.47,288.6,64.2,135.8,529.1,554.0
450,0.35,15.0,320.58,351.29,461.08,56.34,96.55,428.77,96.55,428.77,27.89,27.89,M3->FP x M2,116.41,195.47,288.6,64.2,135.8,529.1,584.1
450,0.35,16.0,350.38,384.86,497.60,65.30,100.23,448.48,100.23,448.48,33.89,33.89,M3->FP x M2,116.41,195.47,288.6,64.2,135.8,529.1,614.6
450,0.35,17.0,380.08,418.30,533.97,73.83,104.19,469.53,104.19,469.53,39.94,39.94,M3->FP x M2,116.41,195.47,288.6,64.2,135.8,529.1,645.4
450,0.35,18.0,409.67,451.62,570.17,81.92,108.41,491.85,108.37,491.85,46.06,46.06,M3->FP x M2,116.41,195.47,288.6,64.2,135.8,529.1,676.5
450,0.35,19.0,439.13,484.80,606.21,89.58,112.89,515.32,112.40,515.32,52.25,52.25,M3->FP x M2,116.41,195.47,288.6,64.2,135.8,529.1,707.9
450,0.35,20.0,468.45,517.84,642.06,96.83,117.59,539.61,116.19,539.90,58.52,58.52,M3->FP x M2,116.41,195.47,288.6,64.2,135.8,529.1,739.8
450,0.40,2.0,-42.17,-72.81,0.07,-73.02,96.31,316.78,96.31,316.78,-42.17,-73.02,M1->M2 x M3,133.22,229.53,275.4,73.3,154.8,546.3,210.2
450,0.40,3.0,-42.12,-72.85,7.95,-72.94,96.31,316.78,96.31,316.78,-42.14,-72.94,M1->M2 x M3,133.22,229.53,275.4,73.3,154.8,546.3,235.7
450,0.40,4.0,-27.84,-45.55,42.92,-73.14,96.31,316.78,96.31,316.78,-42.13,-73.14,M1->M2 x M3,133.22,229.53,275.4,73.3,154.8,546.3,261.2
450,0.40,5.0,-0.19,-14.39,77.87,-69.75,96.31,316.78,96.31,316.78,-40.81,-69.75,M1->M2 x M3,133.22,229.53,275.4,73.3,154.8,546.3,286.8
450,0.40,6.0,27.39,16.77,112.79,-58.02,96.31,316.78,96.31,316.78,-34.98,-58.02,M1->M2 x M3,133.22,229.53,275.4,73.3,154.8,546.3,312.5
450,0.40,7.0,54.97,47.87,147.68,-46.25,96.35,316.83,96.35,316.83,-29.12,-46.25,M1->M2 x M3,133.22,229.53,275.4,73.3,154.8,546.3,338.3
450,0.40,8.0,82.53,78.96,182.53,-34.43,96.71,318.37,96.71,318.37,-23.24,-34.43,M1->M2 x M3,133.22,229.53,275.4,73.3,154.8,546.3,364.2
450,0.40,9.0,110.07,110.03,217.32,-22.56,97.43,322.01,97.43,322.01,-17.34,-22.56,M1->M2 x M3,133.22,229.53,275.4,73.3,154.8,546.3,390.3
450,0.40,10.0,137.57,141.06,252.05,-10.61,98.49,327.72,98.49,327.72,-11.40,-11.40,M3->FP x M2,133.22,229.53,275.4,73.3,154.8,546.3,416.5
450,0.40,11.0,165.03,172.05,286.70,1.32,99.91,335.42,99.91,335.42,-5.42,-5.42,M3->FP x M2,133.22,229.53,275.4,73.3,154.8,546.3,442.8
450,0.40,12.0,192.45,202.99,321.26,12.52,101.67,345.04,101.67,345.04,0.57,0.57,M3->FP x M2,133.22,229.53,275.4,73.3,154.8,546.3,469.3
450,0.40,13.0,219.80,233.86,355.72,23.43,103.76,356.45,103.76,356.45,6.41,6.41,M3->FP x M2,133.22,229.53,275.4,73.3,154.8,546.3,496.1
450,0.40,14.0,247.08,264.67,390.07,34.03,106.17,369.55,106.17,369.55,12.30,12.30,M3->FP x M2,133.22,229.53,275.4,73.3,154.8,546.3,523.0
450,0.40,15.0,274.29,295.39,424.31,44.29,108.90,384.21,108.90,384.21,18.25,18.25,M3->FP x M2,133.22,229.53,275.4,73.3,154.8,546.3,550.2
450,0.40,16.0,301.42,326.03,458.42,54.19,111.92,400.34,111.92,400.34,24.24,24.24,M3->FP x M2,133.22,229.53,275.4,73.3,154.8,546.3,577.7
450,0.40,17.0,328.45,356.56,492.38,63.72,115.24,417.81,115.24,417.81,30.30,30.30,M3->FP x M2,133.22,229.53,275.4,73.3,154.8,546.3,605.4
450,0.40,18.0,355.39,386.99,526.20,72.87,118.83,436.54,118.83,436.54,36.43,36.43,M3->FP x M2,133.22,229.53,275.4,73.3,154.8,546.3,633.4
450,0.40,19.0,382.21,417.29,559.86,81.64,122.68,456.43,122.68,456.43,42.62,42.62,M3->FP x M2,133.22,229.53,275.4,73.3,154.8,546.3,661.7
450,0.40,20.0,408.92,447.47,593.34,90.04,126.79,477.43,126.79,477.43,48.89,48.89,M3->FP x M2,133.22,229.53,275.4,73.3,154.8,546.3,690.4
450,0.45,2.0,-47.22,-84.52,0.64,-84.46,114.51,299.91,114.51,299.91,-47.16,-84.52,in->M1 x M3,150.09,264.60,265.2,82.5,174.3,564.5,215.2
450,0.45,3.0,-46.29,-84.22,2.64,-84.40,114.51,299.91,114.51,299.91,-47.32,-84.40,M1->M2 x M3,150.09,264.60,265.2,82.5,174.3,564.5,238.6
450,0.45,4.0,-41.52,-66.27,35.75,-84.33,114.51,299.91,114.51,299.91,-47.39,-84.33,M1->M2 x M3,150.09,264.60,265.2,82.5,174.3,564.5,261.9
450,0.45,5.0,-16.07,-37.59,68.84,-84.23,114.51,299.91,114.51,299.91,-47.10,-84.23,M1->M2 x M3,150.09,264.60,265.2,82.5,174.3,564.5,285.4
450,0.45,6.0,9.41,-8.83,101.91,-74.24,114.51,299.91,114.51,299.91,-45.28,-74.24,M1->M2 x M3,150.09,264.60,265.2,82.5,174.3,564.5,308.9
450,0.45,7.0,34.83,19.89,134.95,-62.46,114.51,299.91,114.51,299.91,-39.42,-62.46,M1->M2 x M3,150.09,264.60,265.2,82.5,174.3,564.5,332.4
450,0.45,8.0,60.24,48.56,167.94,-50.62,114.59,299.95,114.59,299.95,-33.54,-50.62,M1->M2 x M3,150.09,264.60,265.2,82.5,174.3,564.5,356.1
450,0.45,9.0,85.63,77.21,200.89,-38.73,114.96,301.28,114.96,301.28,-27.63,-38.73,M1->M2 x M3,150.09,264.60,265.2,82.5,174.3,564.5,380.0
450,0.45,10.0,111.00,105.84,233.78,-26.77,115.63,304.49,115.63,304.49,-21.68,-26.77,M1->M2 x M3,150.09,264.60,265.2,82.5,174.3,564.5,403.9
450,0.45,11.0,136.33,134.44,266.59,-14.74,116.60,309.56,116.60,309.56,-15.70,-15.70,M3->FP x M2,150.09,264.60,265.2,82.5,174.3,564.5,428.0
450,0.45,12.0,161.62,162.99,299.32,-2.63,117.88,316.43,117.88,316.43,-9.68,-9.68,M3->FP x M2,150.09,264.60,265.2,82.5,174.3,564.5,452.3
450,0.45,13.0,186.86,191.50,331.97,8.91,119.46,325.03,119.46,325.03,-3.62,-3.62,M3->FP x M2,150.09,264.60,265.2,82.5,174.3,564.5,476.7
450,0.45,14.0,212.04,219.95,364.51,20.05,121.33,335.27,121.33,335.27,2.40,2.40,M3->FP x M2,150.09,264.60,265.2,82.5,174.3,564.5,501.4
450,0.45,15.0,237.16,248.33,396.94,30.94,123.50,347.07,123.50,347.07,8.35,8.35,M3->FP x M2,150.09,264.60,265.2,82.5,174.3,564.5,526.2
450,0.45,16.0,262.21,276.63,429.25,41.54,125.95,360.31,125.95,360.31,14.35,14.35,M3->FP x M2,150.09,264.60,265.2,82.5,174.3,564.5,551.3
450,0.45,17.0,287.18,304.85,461.42,51.84,128.68,374.91,128.68,374.91,20.41,20.41,M3->FP x M2,150.09,264.60,265.2,82.5,174.3,564.5,576.7
450,0.45,18.0,312.05,332.98,493.46,61.83,131.68,390.78,131.68,390.78,26.54,26.54,M3->FP x M2,150.09,264.60,265.2,82.5,174.3,564.5,602.3
450,0.45,19.0,336.84,361.01,525.35,71.50,134.95,407.82,134.95,407.82,32.74,32.74,M3->FP x M2,150.09,264.60,265.2,82.5,174.3,564.5,628.2
450,0.45,20.0,361.52,388.93,557.08,80.84,138.48,425.97,138.48,425.97,39.01,39.01,M3->FP x M2,150.09,264.60,265.2,82.5,174.3,564.5,654.5
450,0.50,2.0,-52.44,-95.79,0.03,-95.93,133.48,283.00,133.48,283.00,-52.30,-95.93,M1->M2 x M3,167.00,300.48,257.0,91.7,194.3,583.5,221.5
450,0.50,3.0,-51.75,-95.88,0.35,-95.56,133.48,283.00,133.48,283.00,-52.54,-95.88,in->M1 x M3,167.00,300.48,257.0,91.7,194.3,583.5,243.0
450,0.50,4.0,-51.89,-85.57,30.31,-95.57,133.48,283.00,133.48,283.00,-52.68,-95.57,M1->M2 x M3,167.00,300.48,257.0,91.7,194.3,583.5,264.7
450,0.50,5.0,-29.83,-58.93,61.99,-95.86,133.48,283.00,133.48,283.00,-52.47,-95.86,M1->M2 x M3,167.00,300.48,257.0,91.7,194.3,583.5,286.4
450,0.50,6.0,-6.06,-32.23,93.65,-90.39,133.48,283.00,133.48,283.00,-52.36,-90.39,M1->M2 x M3,167.00,300.48,257.0,91.7,194.3,583.5,308.1
450,0.50,7.0,17.67,-5.42,125.28,-78.58,133.48,283.00,133.48,283.00,-49.93,-78.58,M1->M2 x M3,167.00,300.48,257.0,91.7,194.3,583.5,329.9
450,0.50,8.0,41.36,21.30,156.88,-66.73,133.48,283.00,133.48,283.00,-44.04,-66.73,M1->M2 x M3,167.00,300.48,257.0,91.7,194.3,583.5,351.9
450,0.50,9.0,65.04,47.97,188.43,-54.82,133.59,283.02,133.59,283.02,-38.13,-54.82,M1->M2 x M3,167.00,300.48,257.0,91.7,194.3,583.5,373.9
450,0.50,10.0,88.70,74.62,219.92,-42.84,133.97,284.13,133.97,284.13,-32.18,-42.84,M1->M2 x M3,167.00,300.48,257.0,91.7,194.3,583.5,396.1
450,0.50,11.0,112.33,101.26,251.34,-30.80,134.61,286.98,134.61,286.98,-26.20,-30.80,M1->M2 x M3,167.00,300.48,257.0,91.7,194.3,583.5,418.4
450,0.50,12.0,135.92,127.86,282.69,-18.67,135.52,291.53,135.52,291.53,-20.17,-20.17,M3->FP x M2,167.00,300.48,257.0,91.7,194.3,583.5,440.8
450,0.50,13.0,159.48,154.43,313.95,-6.45,136.69,297.76,136.69,297.76,-14.10,-14.10,M3->FP x M2,167.00,300.48,257.0,91.7,194.3,583.5,463.4
450,0.50,14.0,182.99,180.94,345.11,5.46,138.13,305.61,138.13,305.61,-7.99,-7.99,M3->FP x M2,167.00,300.48,257.0,91.7,194.3,583.5,486.2
450,0.50,15.0,206.44,207.41,376.17,16.81,139.83,314.99,139.83,314.99,-1.82,-1.82,M3->FP x M2,167.00,300.48,257.0,91.7,194.3,583.5,509.3
450,0.50,16.0,229.83,233.80,407.12,27.94,141.80,325.82,141.80,325.82,4.25,4.25,M3->FP x M2,167.00,300.48,257.0,91.7,194.3,583.5,532.5
450,0.50,17.0,253.14,260.13,437.94,38.84,144.03,338.02,144.03,338.02,10.32,10.32,M3->FP x M2,167.00,300.48,257.0,91.7,194.3,583.5,555.9
450,0.50,18.0,276.39,286.38,468.62,49.48,146.52,351.51,146.52,351.51,16.45,16.45,M3->FP x M2,167.00,300.48,257.0,91.7,194.3,583.5,579.7
450,0.50,19.0,299.54,312.54,499.17,59.86,149.27,366.20,149.27,366.20,22.65,22.65,M3->FP x M2,167.00,300.48,257.0,91.7,194.3,583.5,603.7
450,0.50,20.0,322.61,338.61,529.56,69.97,152.28,382.01,152.28,382.01,28.93,28.93,M3->FP x M2,167.00,300.48,257.0,91.7,194.3,583.5,627.9
450,0.55,2.0,-57.69,-107.65,0.15,-107.47,153.04,266.03,153.04,266.03,-57.88,-107.65,in->M1 x M3,183.97,337.01,250.3,100.8,214.6,603.0,228.6
450,0.55,3.0,-56.95,-107.52,0.10,-107.47,153.04,266.03,153.04,266.03,-57.58,-107.52,in->M1 x M3,183.97,337.01,250.3,100.8,214.6,603.0,248.7
450,0.55,4.0,-57.63,-103.85,26.13,-107.34,153.04,266.03,153.04,266.03,-57.82,-107.34,M1->M2 x M3,183.97,337.01,250.3,100.8,214.6,603.0,268.9
450,0.55,5.0,-42.04,-78.94,56.72,-107.40,153.04,266.03,153.04,266.03,-57.81,-107.40,M1->M2 x M3,183.97,337.01,250.3,100.8,214.6,603.0,289.2
450,0.55,6.0,-19.71,-53.97,87.30,-106.39,153.04,266.03,153.04,266.03,-57.97,-106.39,M1->M2 x M3,183.97,337.01,250.3,100.8,214.6,603.0,309.5
450,0.55,7.0,2.68,-28.90,117.86,-94.57,153.04,266.03,153.04,266.03,-57.60,-94.57,M1->M2 x M3,183.97,337.01,250.3,100.8,214.6,603.0,329.9
450,0.55,8.0,24.96,-3.72,148.37,-82.70,153.04,266.03,153.04,266.03,-54.71,-82.70,M1->M2 x M3,183.97,337.01,250.3,100.8,214.6,603.0,350.4
450,0.55,9.0,47.24,21.32,178.85,-70.77,153.04,266.03,153.04,266.03,-48.79,-70.77,M1->M2 x M3,183.97,337.01,250.3,100.8,214.6,603.0,370.9
450,0.55,10.0,69.51,46.31,209.26,-58.78,153.19,266.03,153.19,266.03,-42.84,-58.78,M1->M2 x M3,183.97,337.01,250.3,100.8,214.6,603.0,391.6
450,0.55,11.0,91.75,71.29,239.62,-46.72,153.58,266.93,153.58,266.93,-36.85,-46.72,M1->M2 x M3,183.97,337.01,250.3,100.8,214.6,603.0,412.5
450,0.55,12.0,113.96,96.26,269.90,-34.57,154.19,269.45,154.19,269.45,-30.82,-34.57,M1->M2 x M3,183.97,337.01,250.3,100.8,214.6,603.0,433.4
450,0.55,13.0,136.14,121.19,300.10,-22.33,155.05,273.60,155.05,273.60,-24.75,-24.75,M3->FP x M2,183.97,337.01,250.3,100.8,214.6,603.0,454.6
450,0.55,14.0,158.28,146.08,330.21,-10.00,156.14,279.33,156.14,279.33,-18.63,-18.63,M3->FP x M2,183.97,337.01,250.3,100.8,214.6,603.0,475.9
450,0.55,15.0,180.37,170.93,360.21,2.27,157.47,286.59,157.47,286.59,-12.45,-12.45,M3->FP x M2,183.97,337.01,250.3,100.8,214.6,603.0,497.4
450,0.55,16.0,202.41,195.73,390.11,13.81,159.04,295.32,159.04,295.32,-6.22,-6.22,M3->FP x M2,183.97,337.01,250.3,100.8,214.6,603.0,519.1
450,0.55,17.0,224.38,220.47,419.89,25.16,160.86,305.44,160.86,305.44,0.07,0.07,M3->FP x M2,183.97,337.01,250.3,100.8,214.6,603.0,541.0
450,0.55,18.0,246.29,245.14,449.54,36.31,162.91,316.88,162.91,316.88,6.21,6.21,M3->FP x M2,183.97,337.01,250.3,100.8,214.6,603.0,563.1
450,0.55,19.0,268.12,269.74,479.05,47.25,165.21,329.54,165.21,329.54,12.41,12.41,M3->FP x M2,183.97,337.01,250.3,100.8,214.6,603.0,585.6
450,0.55,20.0,289.87,294.25,508.42,57.97,167.76,343.37,167.76,343.37,18.70,18.70,M3->FP x M2,183.97,337.01,250.3,100.8,214.6,603.0,608.2
450,0.60,2.0,-62.60,-119.35,0.01,-119.30,173.01,249.01,173.01,249.01,-62.84,-119.35,in->M1 x M3,200.99,374.00,244.7,110.0,235.2,623.0,236.3
450,0.60,3.0,-63.09,-119.39,0.32,-119.17,173.01,249.01,173.01,249.01,-62.97,-119.39,in->M1 x M3,200.99,374.00,244.7,110.0,235.2,623.0,255.3
450,0.60,4.0,-63.24,-119.34,22.89,-119.05,173.01,249.01,173.01,249.01,-63.17,-119.34,in->M1 x M3,200.99,374.00,244.7,110.0,235.2,623.0,274.3
450,0.60,5.0,-53.10,-97.95,52.65,-119.22,173.01,249.01,173.01,249.01,-63.01,-119.22,M1->M2 x M3,200.99,374.00,244.7,110.0,235.2,623.0,293.3
450,0.60,6.0,-31.97,-74.46,82.39,-119.40,173.01,249.01,173.01,249.01,-63.01,-119.40,M1->M2 x M3,200.99,374.00,244.7,110.0,235.2,623.0,312.5
450,0.60,7.0,-10.76,-50.89,112.11,-110.37,173.01,249.01,173.01,249.01,-63.20,-110.37,M1->M2 x M3,200.99,374.00,244.7,110.0,235.2,623.0,331.7
450,0.60,8.0,10.43,-27.22,141.79,-98.48,173.01,249.01,173.01,249.01,-63.09,-98.48,M1->M2 x M3,200.99,374.00,244.7,110.0,235.2,623.0,350.9
450,0.60,9.0,31.55,-3.43,171.43,-86.53,173.01,249.01,173.01,249.01,-59.57,-86.53,M1->M2 x M3,200.99,374.00,244.7,110.0,235.2,623.0,370.3
450,0.60,10.0,52.65,20.18,201.02,-74.52,173.02,249.01,173.02,249.01,-53.61,-74.52,M1->M2 x M3,200.99,374.00,244.7,110.0,235.2,623.0,389.8
450,0.60,11.0,73.74,43.74,230.54,-62.44,173.21,249.01,173.21,249.01,-47.62,-62.44,M1->M2 x M3,200.99,374.00,244.7,110.0,235.2,623.0,409.4
450,0.60,12.0,94.81,67.30,260.00,-50.27,173.59,249.68,173.59,249.68,-41.58,-50.27,M1->M2 x M3,200.99,374.00,244.7,110.0,235.2,623.0,429.1
450,0.60,13.0,115.84,90.83,289.38,-38.02,174.19,251.92,174.19,251.92,-35.50,-38.02,M1->M2 x M3,200.99,374.00,244.7,110.0,235.2,623.0,449.0
450,0.60,14.0,136.84,114.33,318.67,-25.67,175.01,255.72,175.01,255.72,-29.38,-29.38,M3->FP x M2,200.99,374.00,244.7,110.0,235.2,623.0,469.1
450,0.60,15.0,157.80,137.80,347.86,-13.21,176.03,261.05,176.03,261.05,-23.20,-23.20,M3->FP x M2,200.99,374.00,244.7,110.0,235.2,623.0,489.3
450,0.60,16.0,178.72,161.23,376.94,-0.63,177.28,267.87,177.28,267.87,-16.96,-16.96,M3->FP x M2,200.99,374.00,244.7,110.0,235.2,623.0,509.7
450,0.60,17.0,199.57,184.61,405.92,11.11,178.75,276.11,178.75,276.11,-10.66,-10.66,M3->FP x M2,200.99,374.00,244.7,110.0,235.2,623.0,530.4
450,0.60,18.0,220.37,207.93,434.76,22.66,180.45,285.71,180.45,285.71,-4.30,-4.30,M3->FP x M2,200.99,374.00,244.7,110.0,235.2,623.0,551.2
450,0.60,19.0,241.10,231.19,463.48,34.05,182.37,296.58,182.37,296.58,2.07,2.07,M3->FP x M2,200.99,374.00,244.7,110.0,235.2,623.0,572.3
450,0.60,20.0,261.76,254.38,492.05,45.26,184.51,308.66,184.51,308.66,8.35,8.35,M3->FP x M2,200.99,374.00,244.7,110.0,235.2,623.0,593.7
450,0.65,2.0,-68.29,-131.08,0.34,-131.37,193.21,231.94,193.21,231.94,-68.51,-131.37,M1->M2 x M3,218.06,411.27,240.0,119.2,255.9,643.2,244.5
450,0.65,3.0,-68.24,-131.07,0.01,-130.97,193.21,231.94,193.21,231.94,-68.06,-131.07,in->M1 x M3,218.06,411.27,240.0,119.2,255.9,643.2,262.5
450,0.65,4.0,-68.14,-131.25,20.37,-131.30,193.21,231.94,193.21,231.94,-68.50,-131.30,M1->M2 x M3,218.06,411.27,240.0,119.2,255.9,643.2,280.5
450,0.65,5.0,-63.26,-116.16,49.48,-131.01,193.21,231.94,193.21,231.94,-68.10,-131.01,M1->M2 x M3,218.06,411.27,240.0,119.2,255.9,643.2,298.5
450,0.65,6.0,-43.15,-93.98,78.57,-131.34,193.21,231.94,193.21,231.94,-68.45,-131.34,M1->M2 x M3,218.06,411.27,240.0,119.2,255.9,643.2,316.7
450,0.65,7.0,-22.96,-71.72,107.63,-125.91,193.21,231.94,193.21,231.94,-68.22,-125.91,M1->M2 x M3,218.06,411.27,240.0,119.2,255.9,643.2,334.8
450,0.65,8.0,-2.70,-49.36,136.67,-114.00,193.21,231.94,193.21,231.94,-68.29,-114.00,M1->M2 x M3,218.06,411.27,240.0,119.2,255.9,643.2,353.1
450,0.65,9.0,17.46,-26.90,165.66,-102.04,193.21,231.94,193.21,231.94,-68.42,-102.04,M1->M2 x M3,218.06,411.27,240.0,119.2,255.9,643.2,371.5
450,0.65,10.0,37.59,-4.32,194.60,-90.01,193.21,231.94,193.21,231.94,-64.44,-90.01,M1->M2 x M3,218.06,411.27,240.0,119.2,255.9,643.2,389.9
450,0.65,11.0,57.70,18.07,223.49,-77.91,193.24,231.94,193.24,231.94,-58.45,-77.91,M1->M2 x M3,218.06,411.27,240.0,119.2,255.9,643.2,408.5
450,0.65,12.0,77.80,40.39,252.30,-65.72,193.45,231.94,193.45,231.94,-52.41,-65.72,M1->M2 x M3,218.06,411.27,240.0,119.2,255.9,643.2,427.2
450,0.65,13.0,97.87,62.70,281.04,-53.45,193.84,232.41,193.84,232.41,-46.32,-53.45,M1->M2 x M3,218.06,411.27,240.0,119.2,255.9,643.2,446.0
450,0.65,14.0,117.92,84.99,309.69,-41.08,194.43,234.38,194.43,234.38,-40.19,-41.08,M1->M2 x M3,218.06,411.27,240.0,119.2,255.9,643.2,465.0
450,0.65,15.0,137.92,107.26,338.25,-28.60,195.21,237.88,195.21,237.88,-34.01,-34.01,M3->FP x M2,218.06,411.27,240.0,119.2,255.9,643.2,484.2
450,0.65,16.0,157.89,129.49,366.70,-16.01,196.19,242.90,196.19,242.90,-27.77,-27.77,M3->FP x M2,218.06,411.27,240.0,119.2,255.9,643.2,503.5
450,0.65,17.0,177.81,151.68,395.05,-3.29,197.38,249.38,197.38,249.38,-21.46,-21.46,M3->FP x M2,218.06,411.27,240.0,119.2,255.9,643.2,523.1
450,0.65,18.0,197.67,173.83,423.27,8.80,198.77,257.27,198.77,257.27,-15.09,-15.09,M3->FP x M2,218.06,411.27,240.0,119.2,255.9,643.2,542.8
450,0.65,19.0,217.47,195.93,451.36,20.54,200.36,266.49,200.36,266.49,-8.65,-8.65,M3->FP x M2,218.06,411.27,240.0,119.2,255.9,643.2,562.8
450,0.65,20.0,237.21,217.96,479.32,32.15,202.17,276.97,202.17,276.97,-2.13,-2.13,M3->FP x M2,218.06,411.27,240.0,119.2,255.9,643.2,583.0
450,0.70,2.0,-73.57,-142.88,0.12,-143.22,213.45,214.81,213.45,214.81,-73.56,-143.22,M1->M2 x M3,235.19,448.63,236.0,128.3,276.7,663.4,253.0
450,0.70,3.0,-73.23,-143.15,0.17,-143.19,213.45,214.81,213.45,214.81,-73.45,-143.19,M1->M2 x M3,235.19,448.63,236.0,128.3,276.7,663.4,270.2
450,0.70,4.0,-73.58,-143.23,18.41,-143.18,213.45,214.81,213.45,214.81,-73.36,-143.23,in->M1 x M3,235.19,448.63,236.0,128.3,276.7,663.4,287.3
450,0.70,5.0,-72.73,-133.70,47.01,-143.20,213.45,214.81,213.45,214.81,-73.44,-143.20,M1->M2 x M3,235.19,448.63,236.0,128.3,276.7,663.4,304.5
450,0.70,6.0,-53.49,-112.68,75.59,-143.26,213.45,214.81,213.45,214.81,-73.50,-143.26,M1->M2 x M3,235.19,448.63,236.0,128.3,276.7,663.4,321.8
450,0.70,7.0,-34.18,-91.59,104.15,-141.13,213.45,214.81,213.45,214.81,-73.54,-141.13,M1->M2 x M3,235.19,448.63,236.0,128.3,276.7,663.4,339.1
450,0.70,8.0,-14.78,-70.41,132.68,-129.21,213.45,214.81,213.45,214.81,-73.56,-129.21,M1->M2 x M3,235.19,448.63,236.0,128.3,276.7,663.4,356.5
450,0.70,9.0,4.65,-49.13,161.17,-117.23,213.45,214.81,213.45,214.81,-73.54,-117.23,M1->M2 x M3,235.19,448.63,236.0,128.3,276.7,663.4,373.9
450,0.70,10.0,23.94,-27.73,189.61,-105.18,213.45,214.81,213.45,214.81,-73.49,-105.18,M1->M2 x M3,235.19,448.63,236.0,128.3,276.7,663.4,391.5
450,0.70,11.0,43.22,-6.20,217.99,-93.06,213.45,214.81,213.45,214.81,-69.29,-93.06,M1->M2 x M3,235.19,448.63,236.0,128.3,276.7,663.4,409.2
450,0.70,12.0,62.49,15.14,246.30,-80.86,213.51,214.81,213.51,214.81,-63.24,-80.86,M1->M2 x M3,235.19,448.63,236.0,128.3,276.7,663.4,427.0
450,0.70,13.0,81.74,36.37,274.54,-68.57,213.74,214.81,213.74,214.81,-57.16,-68.57,M1->M2 x M3,235.19,448.63,236.0,128.3,276.7,663.4,445.0
450,0.70,14.0,100.96,57.59,302.70,-56.18,214.14,215.11,214.14,215.11,-51.02,-56.18,M1->M2 x M3,235.19,448.63,236.0,128.3,276.7,663.4,463.1
450,0.70,15.0,120.16,78.79,330.76,-43.68,214.72,216.83,214.72,216.83,-44.83,-44.83,M3->FP x M2,235.19,448.63,236.0,128.3,276.7,663.4,481.3
450,0.70,16.0,139.31,99.96,358.73,-31.07,215.48,220.08,215.48,220.08,-38.58,-38.58,M3->FP x M2,235.19,448.63,236.0,128.3,276.7,663.4,499.7
450,0.70,17.0,158.43,121.11,386.58,-18.33,216.42,224.85,216.42,224.85,-32.27,-32.27,M3->FP x M2,235.19,448.63,236.0,128.3,276.7,663.4,518.4
450,0.70,18.0,177.50,142.22,414.32,-5.46,217.56,231.08,217.56,231.08,-25.90,-25.90,M3->FP x M2,235.19,448.63,236.0,128.3,276.7,663.4,537.2
450,0.70,19.0,196.51,163.28,441.93,6.95,218.89,238.72,218.89,238.72,-19.45,-19.45,M3->FP x M2,235.19,448.63,236.0,128.3,276.7,663.4,556.2
450,0.70,20.0,215.46,184.30,469.40,18.87,220.41,247.70,220.41,247.70,-12.92,-12.92,M3->FP x M2,235.19,448.63,236.0,128.3,276.7,663.4,575.5
450,0.75,2.0,-79.06,-155.19,0.13,-155.12,233.55,197.64,233.55,197.64,-78.59,-155.19,in->M1 x M3,252.36,485.91,232.5,137.5,297.5,683.5,271.7
450,0.75,3.0,-79.03,-155.07,0.02,-154.91,233.55,197.64,233.55,197.64,-78.70,-155.07,in->M1 x M3,252.36,485.91,232.5,137.5,297.5,683.5,278.2
450,0.75,4.0,-78.97,-155.04,16.88,-155.09,233.55,197.64,233.55,197.64,-78.77,-155.09,M1->M2 x M3,252.36,485.91,232.5,137.5,297.5,683.5,294.6
450,0.75,5.0,-78.87,-150.66,45.08,-155.20,233.55,197.64,233.55,197.64,-79.01,-155.20,M1->M2 x M3,252.36,485.91,232.5,137.5,297.5,683.5,311.0
450,0.75,6.0,-63.15,-130.69,73.27,-154.81,233.55,197.64,233.55,197.64,-78.85,-154.81,M1->M2 x M3,252.36,485.91,232.5,137.5,297.5,683.5,327.5
450,0.75,7.0,-44.59,-110.65,101.44,-155.09,233.55,197.64,233.55,197.64,-78.68,-155.09,M1->M2 x M3,252.36,485.91,232.5,137.5,297.5,683.5,344.1
450,0.75,8.0,-25.96,-90.52,129.57,-144.04,233.55,197.64,233.55,197.64,-78.55,-144.04,M1->M2 x M3,252.36,485.91,232.5,137.5,297.5,683.5,360.8
450,0.75,9.0,-7.24,-70.30,157.67,-132.04,233.55,197.64,233.55,197.64,-79.03,-132.04,M1->M2 x M3,252.36,485.91,232.5,137.5,297.5,683.5,377.5
450,0.75,10.0,11.41,-49.97,185.71,-119.98,233.55,197.64,233.55,197.64,-78.71,-119.98,M1->M2 x M3,252.36,485.91,232.5,137.5,297.5,683.5,394.3
450,0.75,11.0,29.97,-29.52,213.70,-107.84,233.55,197.64,233.55,197.64,-78.94,-107.84,M1->M2 x M3,252.36,485.91,232.5,137.5,297.5,683.5,411.2
450,0.75,12.0,48.53,-8.92,241.63,-95.62,233.55,197.64,233.55,197.64,-74.04,-95.62,M1->M2 x M3,252.36,485.91,232.5,137.5,297.5,683.5,428.3
450,0.75,13.0,67.07,11.52,269.48,-83.31,233.64,197.64,233.64,197.64,-67.95,-83.31,M1->M2 x M3,252.36,485.91,232.5,137.5,297.5,683.5,445.4
450,0.75,14.0,85.58,31.78,297.25,-70.91,233.89,197.64,233.89,197.64,-61.81,-70.91,M1->M2 x M3,252.36,485.91,232.5,137.5,297.5,683.5,462.7
450,0.75,15.0,104.08,52.02,324.93,-58.39,234.30,197.80,234.30,197.80,-55.61,-58.39,M1->M2 x M3,252.36,485.91,232.5,137.5,297.5,683.5,480.2
450,0.75,16.0,122.54,72.25,352.51,-45.76,234.88,199.28,234.88,199.28,-49.36,-49.36,M3->FP x M2,252.36,485.91,232.5,137.5,297.5,683.5,497.8
450,0.75,17.0,140.96,92.46,379.98,-33.00,235.62,202.32,235.62,202.32,-43.05,-43.05,M3->FP x M2,252.36,485.91,232.5,137.5,297.5,683.5,515.6
450,0.75,18.0,159.34,112.63,407.34,-20.11,236.54,206.89,236.54,206.89,-36.67,-36.67,M3->FP x M2,252.36,485.91,232.5,137.5,297.5,683.5,533.6
450,0.75,19.0,177.67,132.78,434.57,-7.07,237.64,212.97,237.64,212.97,-30.21,-30.21,M3->FP x M2,252.36,485.91,232.5,137.5,297.5,683.5,551.8
450,0.75,20.0,195.95,152.88,461.67,5.62,238.92,220.46,238.92,220.46,-23.68,-23.68,M3->FP x M2,252.36,485.91,232.5,137.5,297.5,683.5,570.3
450,0.80,2.0,-83.71,-167.02,0.14,-167.03,253.33,180.42,253.33,180.42,-84.12,-167.03,M1->M2 x M3,269.58,522.91,229.4,146.7,318.1,703.3,292.3
450,0.80,3.0,-84.32,-166.89,0.13,-166.86,253.33,180.42,253.33,180.42,-84.21,-166.89,in->M1 x M3,269.58,522.91,229.4,146.7,318.1,703.3,292.3
450,0.80,4.0,-84.20,-166.81,15.69,-166.91,253.33,180.42,253.33,180.42,-83.89,-166.91,M1->M2 x M3,269.58,522.91,229.4,146.7,318.1,703.3,302.2
450,0.80,5.0,-83.92,-167.00,43.58,-166.98,253.33,180.42,253.33,180.42,-84.19,-167.00,in->M1 x M3,269.58,522.91,229.4,146.7,318.1,703.3,318.0
450,0.80,6.0,-72.26,-148.06,71.46,-166.98,253.33,180.42,253.33,180.42,-84.19,-166.98,M1->M2 x M3,269.58,522.91,229.4,146.7,318.1,703.3,333.8
450,0.80,7.0,-54.37,-128.98,99.32,-166.81,253.33,180.42,253.33,180.42,-83.93,-166.81,M1->M2 x M3,269.58,522.91,229.4,146.7,318.1,703.3,349.8
450,0.80,8.0,-36.40,-109.82,127.15,-158.44,253.33,180.42,253.33,180.42,-84.11,-158.44,M1->M2 x M3,269.58,522.91,229.4,146.7,318.1,703.3,365.7
450,0.80,9.0,-18.35,-90.57,154.94,-146.42,253.33,180.42,253.33,180.42,-84.31,-146.42,M1->M2 x M3,269.58,522.91,229.4,146.7,318.1,703.3,381.8
450,0.80,10.0,-0.20,-71.21,182.68,-134.34,253.33,180.42,253.33,180.42,-84.20,-134.34,M1->M2 x M3,269.58,522.91,229.4,146.7,318.1,703.3,397.9
450,0.80,11.0,17.74,-51.73,210.37,-122.18,253.33,180.42,253.33,180.42,-83.77,-122.18,M1->M2 x M3,269.58,522.91,229.4,146.7,318.1,703.3,414.2
450,0.80,12.0,35.67,-32.12,237.99,-109.95,253.33,180.42,253.33,180.42,-83.91,-109.95,M1->M2 x M3,269.58,522.91,229.4,146.7,318.1,703.3,430.6
450,0.80,13.0,53.59,-12.37,265.54,-97.62,253.34,180.42,253.34,180.42,-78.66,-97.62,M1->M2 x M3,269.58,522.91,229.4,146.7,318.1,703.3,447.1
450,0.80,14.0,71.49,7.32,293.01,-85.20,253.46,180.42,253.46,180.42,-72.51,-85.20,M1->M2 x M3,269.58,522.91,229.4,146.7,318.1,703.3,463.7
450,0.80,15.0,89.37,26.70,320.39,-72.66,253.73,180.42,253.73,180.42,-66.31,-72.66,M1->M2 x M3,269.58,522.91,229.4,146.7,318.1,703.3,480.5
450,0.80,16.0,107.23,46.07,347.67,-60.01,254.15,180.48,254.15,180.48,-60.05,-60.05,M3->FP x M2,269.58,522.91,229.4,146.7,318.1,703.3,497.4
450,0.80,17.0,125.05,65.43,374.85,-47.24,254.72,181.73,254.72,181.73,-53.73,-53.73,M3->FP x M2,269.58,522.91,229.4,146.7,318.1,703.3,514.5
450,0.80,18.0,142.83,84.76,401.91,-34.33,255.46,184.59,255.46,184.59,-47.35,-47.35,M3->FP x M2,269.58,522.91,229.4,146.7,318.1,703.3,531.8
450,0.80,19.0,160.57,104.07,428.85,-21.27,256.37,189.04,256.37,189.04,-40.89,-40.89,M3->FP x M2,269.58,522.91,229.4,146.7,318.1,703.3,549.3
450,0.80,20.0,178.26,123.35,455.66,-8.06,257.44,195.03,257.44,195.03,-34.35,-34.35,M3->FP x M2,269.58,522.91,229.4,146.7,318.1,703.3,567.0
450,0.85,2.0,-89.50,-178.52,0.19,-178.58,272.61,163.16,272.61,163.16,-89.31,-178.58,M1->M2 x M3,286.84,559.45,226.7,155.8,338.4,722.6,312.6
450,0.85,3.0,-88.69,-178.63,0.02,-178.52,272.61,163.16,272.61,163.16,-89.03,-178.63,in->M1 x M3,286.84,559.45,226.7,155.8,338.4,722.6,312.6
450,0.85,4.0,-89.34,-178.34,14.76,-178.30,272.61,163.16,272.61,163.16,-89.34,-178.34,in->M1 x M3,286.84,559.45,226.7,155.8,338.4,722.6,312.6
450,0.85,5.0,-89.00,-178.44,42.42,-178.56,272.61,163.16,272.61,163.16,-89.38,-178.56,M1->M2 x M3,286.84,559.45,226.7,155.8,338.4,722.6,325.2
450,0.85,6.0,-80.92,-164.84,70.06,-178.52,272.61,163.16,272.61,163.16,-89.50,-178.52,M1->M2 x M3,286.84,559.45,226.7,155.8,338.4,722.6,340.5
450,0.85,7.0,-63.62,-146.64,97.68,-178.34,272.61,163.16,272.61,163.16,-89.40,-178.34,M1->M2 x M3,286.84,559.45,226.7,155.8,338.4,722.6,355.8
450,0.85,8.0,-46.24,-128.37,125.26,-172.34,272.61,163.16,272.61,163.16,-89.04,-172.34,M1->M2 x M3,286.84,559.45,226.7,155.8,338.4,722.6,371.2
450,0.85,9.0,-28.77,-110.00,152.82,-160.31,272.61,163.16,272.61,163.16,-89.44,-160.31,M1->M2 x M3,286.84,559.45,226.7,155.8,338.4,722.6,386.7
450,0.85,10.0,-11.22,-91.54,180.32,-148.21,272.61,163.16,272.61,163.16,-88.76,-148.21,M1->M2 x M3,286.84,559.45,226.7,155.8,338.4,722.6,402.3
450,0.85,11.0,6.33,-72.96,207.77,-136.03,272.61,163.16,272.61,163.16,-89.19,-136.03,M1->M2 x M3,286.84,559.45,226.7,155.8,338.4,722.6,417.9
450,0.85,12.0,23.71,-54.26,235.15,-123.78,272.61,163.16,272.61,163.16,-89.50,-123.78,M1->M2 x M3,286.84,559.45,226.7,155.8,338.4,722.6,433.7
450,0.85,13.0,41.09,-35.42,262.47,-111.44,272.61,163.16,272.61,163.16,-89.22,-111.44,M1->M2 x M3,286.84,559.45,226.7,155.8,338.4,722.6,449.6
450,0.85,14.0,58.45,-16.43,289.70,-98.99,272.63,163.16,272.63,163.16,-83.07,-98.99,M1->M2 x M3,286.84,559.45,226.7,155.8,338.4,722.6,465.6
450,0.85,15.0,75.80,2.64,316.85,-86.44,272.77,163.16,272.77,163.16,-76.87,-86.44,M1->M2 x M3,286.84,559.45,226.7,155.8,338.4,722.6,481.8
450,0.85,16.0,93.12,21.22,343.90,-73.77,273.06,163.16,273.06,163.16,-70.60,-73.77,M1->M2 x M3,286.84,559.45,226.7,155.8,338.4,722.6,498.1
450,0.85,17.0,110.41,39.80,370.84,-60.98,273.49,163.17,273.49,163.17,-64.28,-64.28,M3->FP x M2,286.84,559.45,226.7,155.8,338.4,722.6,514.6
450,0.85,18.0,127.67,58.37,397.68,-48.05,274.08,164.19,274.08,164.19,-57.89,-57.89,M3->FP x M2,286.84,559.45,226.7,155.8,338.4,722.6,531.2
450,0.85,19.0,144.89,76.92,424.39,-34.97,274.81,166.90,274.81,166.90,-51.42,-51.42,M3->FP x M2,286.84,559.45,226.7,155.8,338.4,722.6,548.1
450,0.85,20.0,162.07,95.44,450.97,-21.74,275.70,171.28,275.70,171.28,-44.88,-44.88,M3->FP x M2,286.84,559.45,226.7,155.8,338.4,722.6,565.2
450,0.90,2.0,-93.87,-189.91,0.13,-189.83,291.19,145.86,291.19,145.86,-94.47,-189.91,in->M1 x M3,304.14,595.33,224.3,165.0,358.4,741.2,332.5
450,0.90,3.0,-94.25,-189.92,0.16,-190.12,291.19,145.86,291.19,145.86,-94.43,-190.12,M1->M2 x M3,304.14,595.33,224.3,165.0,358.4,741.2,332.5
450,0.90,4.0,-94.69,-190.13,14.04,-189.92,291.19,145.86,291.19,145.86,-94.84,-190.13,in->M1 x M3,304.14,595.33,224.3,165.0,358.4,741.2,332.5
450,0.90,5.0,-94.26,-190.06,41.50,-189.87,291.19,145.86,291.19,145.86,-94.85,-190.06,in->M1 x M3,304.14,595.33,224.3,165.0,358.4,741.2,332.6
450,0.90,6.0,-89.21,-181.05,68.95,-190.10,291.19,145.86,291.19,145.86,-94.45,-190.10,M1->M2 x M3,304.14,595.33,224.3,165.0,358.4,741.2,347.3
450,0.90,7.0,-72.42,-163.66,96.38,-189.80,291.19,145.86,291.19,145.86,-94.54,-189.80,M1->M2 x M3,304.14,595.33,224.3,165.0,358.4,741.2,362.2
450,0.90,8.0,-55.56,-146.21,123.79,-185.69,291.19,145.86,291.19,145.86,-94.16,-185.69,M1->M2 x M3,304.14,595.33,224.3,165.0,358.4,741.2,377.0
450,0.90,9.0,-38.62,-128.66,151.15,-173.64,291.19,145.86,291.19,145.86,-94.57,-173.64,M1->M2 x M3,304.14,595.33,224.3,165.0,358.4,741.2,392.0
450,0.90,10.0,-21.59,-111.03,178.47,-161.52,291.19,145.86,291.19,145.86,-93.98,-161.52,M1->M2 x M3,304.14,595.33,224.3,165.0,358.4,741.2,407.1
450,0.90,11.0,-4.46,-93.28,205.73,-149.33,291.19,145.86,291.19,145.86,-94.68,-149.33,M1->M2 x M3,304.14,595.33,224.3,165.0,358.4,741.2,422.2
450,0.90,12.0,12.52,-75.42,232.93,-137.06,291.19,145.86,291.19,145.86,-93.96,-137.06,M1->M2 x M3,304.14,595.33,224.3,165.0,358.4,741.2,437.4
450,0.90,13.0,29.41,-57.43,260.06,-124.70,291.19,145.86,291.19,145.86,-94.63,-124.70,M1->M2 x M3,304.14,595.33,224.3,165.0,358.4,741.2,452.8
450,0.90,14.0,46.29,-39.29,287.11,-112.23,291.19,145.86,291.19,145.86,-93.44,-112.23,M1->M2 x M3,304.14,595.33,224.3,165.0,358.4,741.2,468.3
450,0.90,15.0,63.16,-20.99,314.07,-99.67,291.23,145.86,291.23,145.86,-87.23,-99.67,M1->M2 x M3,304.14,595.33,224.3,165.0,358.4,741.2,483.9
450,0.90,16.0,80.01,-2.53,340.94,-86.98,291.40,145.86,291.40,145.86,-80.97,-86.98,M1->M2 x M3,304.14,595.33,224.3,165.0,358.4,741.2,499.7
450,0.90,17.0,96.84,15.43,367.70,-74.17,291.71,145.86,291.71,145.86,-74.64,-74.64,M3->FP x M2,304.14,595.33,224.3,165.0,358.4,741.2,515.6
450,0.90,18.0,113.64,33.28,394.36,-61.22,292.16,145.86,292.16,145.86,-68.24,-68.24,M3->FP x M2,304.14,595.33,224.3,165.0,358.4,741.2,531.7
450,0.90,19.0,130.40,51.13,420.89,-48.13,292.75,146.65,292.75,146.65,-61.77,-61.77,M3->FP x M2,304.14,595.33,224.3,165.0,358.4,741.2,548.0
450,0.90,20.0,147.12,68.96,447.29,-34.87,293.48,149.26,293.48,149.26,-55.23,-55.23,M3->FP x M2,304.14,595.33,224.3,165.0,358.4,741.2,564.5
500,0.30,2.0,-30.47,-52.67,0.29,-52.98,66.50,400.34,66.50,400.34,-31.23,-52.98,M1->M2 x M3,99.66,166.16,319.8,55.0,119.5,566.5,212.9
500,0.30,3.0,-15.43,-25.31,35.89,-52.78,66.50,400.34,66.50,400.34,-31.47,-52.78,M1->M2 x M3,99.66,166.16,319.8,55.0,119.5,566.5,247.8
500,0.30,4.0,22.47,16.67,80.64,-48.66,66.50,400.34,66.50,400.34,-27.83,-48.66,M1->M2 x M3,99.66,166.16,319.8,55.0,119.5,566.5,282.9
500,0.30,5.0,60.34,58.62,125.37,-36.99,66.50,400.74,66.50,400.74,-22.02,-36.99,M1->M2 x M3,99.66,166.16,319.8,55.0,119.5,566.5,318.0
500,0.30,6.0,98.19,100.55,170.06,-25.29,66.80,403.86,66.80,403.86,-16.20,-25.29,M1->M2 x M3,99.66,166.16,319.8,55.0,119.5,566.5,353.2
500,0.30,7.0,136.01,142.44,214.70,-13.55,67.60,410.01,67.60,410.01,-10.35,-13.55,M1->M2 x M3,99.66,166.16,319.8,55.0,119.5,566.5,388.6
500,0.30,8.0,173.79,184.29,259.27,-1.76,68.89,419.10,68.89,419.10,-4.48,-4.48,M3->FP x M2,99.66,166.16,319.8,55.0,119.5,566.5,424.1
500,0.30,9.0,211.51,226.09,303.76,9.39,70.66,431.00,70.66,431.00,1.37,1.37,M3->FP x M2,99.66,166.16,319.8,55.0,119.5,566.5,459.8
500,0.30,10.0,249.18,267.82,348.16,20.05,72.87,445.52,72.87,445.52,7.09,7.09,M3->FP x M2,99.66,166.16,319.8,55.0,119.5,566.5,495.7
500,0.30,11.0,286.76,309.47,392.46,30.26,75.50,462.47,75.50,462.47,12.84,12.84,M3->FP x M2,99.66,166.16,319.8,55.0,119.5,566.5,531.8
500,0.30,12.0,324.26,351.02,436.63,39.98,78.51,481.67,78.51,481.67,18.64,18.64,M3->FP x M2,99.66,166.16,319.8,55.0,119.5,566.5,568.2
500,0.30,13.0,361.66,392.46,480.68,49.19,81.88,502.92,81.88,502.92,24.48,24.48,M3->FP x M2,99.66,166.16,319.8,55.0,119.5,566.5,604.8
500,0.30,14.0,398.95,433.79,524.57,57.89,85.58,526.04,85.58,526.04,30.36,30.36,M3->FP x M2,99.66,166.16,319.8,55.0,119.5,566.5,641.8
500,0.30,15.0,436.12,474.98,568.31,66.07,89.57,550.88,89.57,550.88,36.30,36.30,M3->FP x M2,99.66,166.16,319.8,55.0,119.5,566.5,679.0
500,0.30,16.0,473.16,516.03,611.87,73.74,93.83,577.30,93.61,577.30,42.29,42.29,M3->FP x M2,99.66,166.16,319.8,55.0,119.5,566.5,716.7
500,0.30,17.0,510.05,556.92,655.25,80.93,98.34,605.17,97.38,605.17,48.34,48.34,M3->FP x M2,99.66,166.16,319.8,55.0,119.5,566.5,754.7
500,0.30,18.0,546.78,597.64,698.42,87.65,103.09,633.83,100.90,634.39,54.46,54.46,M3->FP x M2,99.66,166.16,319.8,55.0,119.5,566.5,793.1
500,0.30,19.0,583.35,638.18,741.39,93.92,108.05,660.56,104.18,664.88,60.65,60.65,M3->FP x M2,99.66,166.16,319.8,55.0,119.5,566.5,832.0
500,0.30,20.0,619.74,678.53,784.13,99.78,113.22,685.17,107.25,696.57,66.91,66.91,M3->FP x M2,99.66,166.16,319.8,55.0,119.5,566.5,871.3
500,0.35,2.0,-35.97,-63.07,0.05,-63.34,82.64,383.57,82.64,383.57,-36.81,-63.34,M1->M2 x M3,116.43,199.07,300.3,64.2,137.8,582.6,213.1
500,0.35,3.0,-32.55,-48.49,24.86,-63.44,82.64,383.57,82.64,383.57,-36.76,-63.44,M1->M2 x M3,116.43,199.07,300.3,64.2,137.8,582.6,243.9
500,0.35,4.0,1.22,-10.92,65.74,-63.28,82.64,383.57,82.64,383.57,-36.70,-63.28,M1->M2 x M3,116.43,199.07,300.3,64.2,137.8,582.6,274.8
500,0.35,5.0,34.95,26.63,106.61,-53.10,82.64,383.57,82.64,383.57,-31.76,-53.10,M1->M2 x M3,116.43,199.07,300.3,64.2,137.8,582.6,305.7
500,0.35,6.0,68.68,64.16,147.44,-41.38,82.66,384.08,82.66,384.08,-25.93,-41.38,M1->M2 x M3,116.43,199.07,300.3,64.2,137.8,582.6,336.7
500,0.35,7.0,102.38,101.66,188.23,-29.63,82.99,386.93,82.99,386.93,-20.08,-29.63,M1->M2 x M3,116.43,199.07,300.3,64.2,137.8,582.6,367.9
500,0.35,8.0,136.05,139.13,228.96,-17.82,83.73,392.26,83.73,392.26,-14.20,-17.82,M1->M2 x M3,116.43,199.07,300.3,64.2,137.8,582.6,399.2
500,0.35,9.0,169.68,176.56,269.62,-5.96,84.87,400.01,84.87,400.01,-8.30,-8.30,M3->FP x M2,116.43,199.07,300.3,64.2,137.8,582.6,430.6
500,0.35,10.0,203.25,213.94,310.19,5.58,86.40,410.09,86.40,410.09,-2.36,-2.36,M3->FP x M2,116.43,199.07,300.3,64.2,137.8,582.6,462.3
500,0.35,11.0,236.77,251.25,350.68,16.51,88.33,422.38,88.33,422.38,3.48,3.48,M3->FP x M2,116.43,199.07,300.3,64.2,137.8,582.6,494.1
500,0.35,12.0,270.21,288.48,391.06,27.08,90.61,436.73,90.61,436.73,9.28,9.28,M3->FP x M2,116.43,199.07,300.3,64.2,137.8,582.6,526.1
500,0.35,13.0,303.57,325.63,431.31,37.26,93.25,453.02,93.25,453.02,15.12,15.12,M3->FP x M2,116.43,199.07,300.3,64.2,137.8,582.6,558.4
500,0.35,14.0,336.84,362.68,471.44,47.02,96.22,471.10,96.22,471.10,21.00,21.00,M3->FP x M2,116.43,199.07,300.3,64.2,137.8,582.6,591.0
500,0.35,15.0,370.00,399.61,511.42,56.35,99.50,490.84,99.50,490.84,26.94,26.94,M3->FP x M2,116.43,199.07,300.3,64.2,137.8,582.6,623.8
500,0.35,16.0,403.06,436.43,551.25,65.24,103.08,512.12,103.08,512.12,32.94,32.94,M3->FP x M2,116.43,199.07,300.3,64.2,137.8,582.6,657.0
500,0.35,17.0,435.99,473.11,590.91,73.70,106.94,534.83,106.94,534.83,38.99,38.99,M3->FP x M2,116.43,199.07,300.3,64.2,137.8,582.6,690.5
500,0.35,18.0,468.78,509.65,630.39,81.72,111.06,558.86,111.05,558.86,45.11,45.11,M3->FP x M2,116.43,199.07,300.3,64.2,137.8,582.6,724.3
500,0.35,19.0,501.44,546.03,669.68,89.32,115.43,584.15,115.10,584.15,51.31,51.31,M3->FP x M2,116.43,199.07,300.3,64.2,137.8,582.6,758.6
500,0.35,20.0,533.94,582.25,708.76,96.51,120.03,610.55,118.93,610.61,57.57,57.57,M3->FP x M2,116.43,199.07,300.3,64.2,137.8,582.6,793.2
500,0.40,2.0,-40.64,-74.31,0.66,-74.28,99.80,366.76,99.80,366.76,-42.13,-74.31,in->M1 x M3,133.24,233.05,285.7,73.3,156.7,599.8,215.8
500,0.40,3.0,-42.13,-69.04,16.83,-74.31,99.80,366.76,99.80,366.76,-42.03,-74.31,M1->M2 x M3,133.24,233.05,285.7,73.3,156.7,599.8,243.5
500,0.40,4.0,-16.06,-34.89,54.90,-74.05,99.80,366.76,99.80,366.76,-42.05,-74.05,M1->M2 x M3,133.24,233.05,285.7,73.3,156.7,599.8,271.3
500,0.40,5.0,14.60,-0.66,92.96,-69.24,99.80,366.76,99.80,366.76,-41.78,-69.24,M1->M2 x M3,133.24,233.05,285.7,73.3,156.7,599.8,299.1
500,0.40,6.0,45.23,33.49,130.99,-57.51,99.80,366.76,99.80,366.76,-35.94,-57.51,M1->M2 x M3,133.24,233.05,285.7,73.3,156.7,599.8,327.0
500,0.40,7.0,75.85,67.64,168.97,-45.74,99.85,367.30,99.85,367.30,-30.09,-45.74,M1->M2 x M3,133.24,233.05,285.7,73.3,156.7,599.8,355.0
500,0.40,8.0,106.44,101.76,206.91,-33.92,100.19,369.90,100.19,369.90,-24.21,-33.92,M1->M2 x M3,133.24,233.05,285.7,73.3,156.7,599.8,383.1
500,0.40,9.0,136.99,135.85,244.78,-22.04,100.88,374.62,100.88,374.62,-18.30,-22.04,M1->M2 x M3,133.24,233.05,285.7,73.3,156.7,599.8,411.4
500,0.40,10.0,167.51,169.90,282.58,-10.09,101.91,381.41,101.91,381.41,-12.36,-12.36,M3->FP x M2,133.24,233.05,285.7,73.3,156.7,599.8,439.8
500,0.40,11.0,197.98,203.90,320.29,1.80,103.28,390.22,103.28,390.22,-6.39,-6.39,M3->FP x M2,133.24,233.05,285.7,73.3,156.7,599.8,468.4
500,0.40,12.0,228.38,237.83,357.91,12.95,104.98,400.95,104.98,400.95,-0.37,-0.37,M3->FP x M2,133.24,233.05,285.7,73.3,156.7,599.8,497.2
500,0.40,13.0,258.72,271.70,395.42,23.80,107.01,413.50,107.01,413.50,5.49,5.49,M3->FP x M2,133.24,233.05,285.7,73.3,156.7,599.8,526.3
500,0.40,14.0,288.97,305.48,432.80,34.34,109.35,427.76,109.35,427.76,11.38,11.38,M3->FP x M2,133.24,233.05,285.7,73.3,156.7,599.8,555.5
500,0.40,15.0,319.14,339.17,470.06,44.52,112.00,443.63,112.00,443.63,17.32,17.32,M3->FP x M2,133.24,233.05,285.7,73.3,156.7,599.8,585.0
500,0.40,16.0,349.21,372.75,507.17,54.35,114.95,461.01,114.95,461.01,23.32,23.32,M3->FP x M2,133.24,233.05,285.7,73.3,156.7,599.8,614.8
500,0.40,17.0,379.18,406.22,544.12,63.81,118.17,479.78,118.17,479.78,29.38,29.38,M3->FP x M2,133.24,233.05,285.7,73.3,156.7,599.8,644.9
500,0.40,18.0,409.03,439.57,580.91,72.89,121.68,499.87,121.68,499.87,35.50,35.50,M3->FP x M2,133.24,233.05,285.7,73.3,156.7,599.8,675.4
500,0.40,19.0,438.75,472.78,617.53,81.60,125.44,521.20,125.44,521.20,41.70,41.70,M3->FP x M2,133.24,233.05,285.7,73.3,156.7,599.8,706.1
500,0.40,20.0,468.35,505.85,653.95,89.92,129.47,543.69,129.47,543.69,47.97,47.97,M3->FP x M2,133.24,233.05,285.7,73.3,156.7,599.8,737.3
500,0.45,2.0,-46.54,-85.46,0.52,-85.45,117.81,349.89,117.81,349.89,-47.31,-85.46,in->M1 x M3,150.11,267.92,274.3,82.5,176.2,617.8,220.3
500,0.45,3.0,-45.86,-85.01,10.82,-85.52,117.81,349.89,117.81,349.89,-47.29,-85.52,M1->M2 x M3,150.11,267.92,274.3,82.5,176.2,617.8,245.6
500,0.45,4.0,-30.68,-56.48,46.79,-85.37,117.82,349.89,117.82,349.89,-47.16,-85.37,M1->M2 x M3,150.11,267.92,274.3,82.5,176.2,617.8,270.9
500,0.45,5.0,-2.40,-24.98,82.74,-85.36,117.81,349.89,117.81,349.89,-47.12,-85.36,M1->M2 x M3,150.11,267.92,274.3,82.5,176.2,617.8,296.3
500,0.45,6.0,25.83,6.58,118.67,-73.62,117.82,349.89,117.82,349.89,-46.19,-73.62,M1->M2 x M3,150.11,267.92,274.3,82.5,176.2,617.8,321.8
500,0.45,7.0,54.05,38.05,154.56,-61.83,117.81,349.89,117.81,349.89,-40.33,-61.83,M1->M2 x M3,150.11,267.92,274.3,82.5,176.2,617.8,347.3
500,0.45,8.0,82.25,69.51,190.40,-49.99,117.89,350.43,117.89,350.43,-34.45,-49.99,M1->M2 x M3,150.11,267.92,274.3,82.5,176.2,617.8,373.0
500,0.45,9.0,110.42,100.95,226.19,-38.10,118.25,352.79,118.25,352.79,-28.54,-38.10,M1->M2 x M3,150.11,267.92,274.3,82.5,176.2,617.8,398.8
500,0.45,10.0,138.56,132.36,261.90,-26.14,118.90,357.02,118.90,357.02,-22.59,-26.14,M1->M2 x M3,150.11,267.92,274.3,82.5,176.2,617.8,424.7
500,0.45,11.0,166.66,163.72,297.54,-14.10,119.85,363.10,119.85,363.10,-16.61,-16.61,M3->FP x M2,150.11,267.92,274.3,82.5,176.2,617.8,450.8
500,0.45,12.0,194.70,195.04,333.09,-1.99,121.09,370.98,121.09,370.98,-10.59,-10.59,M3->FP x M2,150.11,267.92,274.3,82.5,176.2,617.8,477.1
500,0.45,13.0,222.69,226.30,368.53,9.46,122.63,380.58,122.63,380.58,-4.53,-4.53,M3->FP x M2,150.11,267.92,274.3,82.5,176.2,617.8,503.6
500,0.45,14.0,250.61,257.49,403.87,20.55,124.46,391.82,124.46,391.82,1.53,1.53,M3->FP x M2,150.11,267.92,274.3,82.5,176.2,617.8,530.3
500,0.45,15.0,278.45,288.60,439.08,31.38,126.57,404.62,126.57,404.62,7.47,7.47,M3->FP x M2,150.11,267.92,274.3,82.5,176.2,617.8,557.2
500,0.45,16.0,306.21,319.62,474.15,41.92,128.96,418.90,128.96,418.90,13.48,13.48,M3->FP x M2,150.11,267.92,274.3,82.5,176.2,617.8,584.4
500,0.45,17.0,333.88,350.55,509.08,52.15,131.63,434.56,131.63,434.56,19.54,19.54,M3->FP x M2,150.11,267.92,274.3,82.5,176.2,617.8,611.9
500,0.45,18.0,361.44,381.36,543.86,62.07,134.56,451.52,134.56,451.52,25.67,25.67,M3->FP x M2,150.11,267.92,274.3,82.5,176.2,617.8,639.7
500,0.45,19.0,388.89,412.07,578.47,71.67,137.77,469.71,137.77,469.71,31.87,31.87,M3->FP x M2,150.11,267.92,274.3,82.5,176.2,617.8,667.8
500,0.45,20.0,416.23,442.64,612.91,80.95,141.23,489.07,141.23,489.07,38.14,38.14,M3->FP x M2,150.11,267.92,274.3,82.5,176.2,617.8,696.2
500,0.50,2.0,-51.40,-96.68,0.08,-96.79,136.52,332.98,136.52,332.98,-52.50,-96.79,M1->M2 x M3,167.02,303.54,265.2,91.7,196.0,636.5,226.1
500,0.50,3.0,-52.66,-96.89,6.22,-96.88,136.52,332.98,136.52,332.98,-52.38,-96.89,in->M1 x M3,167.02,303.54,265.2,91.7,196.0,636.5,249.4
500,0.50,4.0,-43.43,-76.45,40.58,-96.95,136.52,332.98,136.52,332.98,-52.29,-96.95,M1->M2 x M3,167.02,303.54,265.2,91.7,196.0,636.5,272.8
500,0.50,5.0,-17.10,-47.18,74.93,-96.60,136.52,332.98,136.52,332.98,-52.42,-96.60,M1->M2 x M3,167.02,303.54,265.2,91.7,196.0,636.5,296.2
500,0.50,6.0,9.26,-17.83,109.25,-89.66,136.52,332.98,136.52,332.98,-52.58,-89.66,M1->M2 x M3,167.02,303.54,265.2,91.7,196.0,636.5,319.7
500,0.50,7.0,35.56,11.54,143.54,-77.85,136.52,332.98,136.52,332.98,-50.77,-77.85,M1->M2 x M3,167.02,303.54,265.2,91.7,196.0,636.5,343.3
500,0.50,8.0,61.85,40.82,177.78,-66.00,136.52,332.98,136.52,332.98,-44.88,-66.00,M1->M2 x M3,167.02,303.54,265.2,91.7,196.0,636.5,367.0
500,0.50,9.0,88.12,70.08,211.97,-54.08,136.63,333.46,136.63,333.46,-38.96,-54.08,M1->M2 x M3,167.02,303.54,265.2,91.7,196.0,636.5,390.9
500,0.50,10.0,114.36,99.33,246.10,-42.11,137.00,335.60,137.00,335.60,-33.02,-42.11,M1->M2 x M3,167.02,303.54,265.2,91.7,196.0,636.5,414.8
500,0.50,11.0,140.56,128.54,280.15,-30.06,137.62,339.45,137.62,339.45,-27.03,-30.06,M1->M2 x M3,167.02,303.54,265.2,91.7,196.0,636.5,438.9
500,0.50,12.0,166.73,157.71,314.11,-17.93,138.51,344.97,138.51,344.97,-21.01,-21.01,M3->FP x M2,167.02,303.54,265.2,91.7,196.0,636.5,463.2
500,0.50,13.0,192.84,186.84,347.98,-5.71,139.66,352.14,139.66,352.14,-14.94,-14.94,M3->FP x M2,167.02,303.54,265.2,91.7,196.0,636.5,487.7
500,0.50,14.0,218.89,215.91,381.75,6.13,141.06,360.89,141.06,360.89,-8.82,-8.82,M3->FP x M2,167.02,303.54,265.2,91.7,196.0,636.5,512.3
500,0.50,15.0,244.88,244.91,415.39,17.43,142.73,371.17,142.73,371.17,-2.65,-2.65,M3->FP x M2,167.02,303.54,265.2,91.7,196.0,636.5,537.2
500,0.50,16.0,270.79,273.84,448.91,28.51,144.66,382.89,144.66,382.89,3.45,3.45,M3->FP x M2,167.02,303.54,265.2,91.7,196.0,636.5,562.3
500,0.50,17.0,296.62,302.68,482.30,39.34,146.85,395.98,146.85,395.98,9.52,9.52,M3->FP x M2,167.02,303.54,265.2,91.7,196.0,636.5,587.7
500,0.50,18.0,322.36,331.44,515.53,49.93,149.30,410.38,149.30,410.38,15.65,15.65,M3->FP x M2,167.02,303.54,265.2,91.7,196.0,636.5,613.3
500,0.50,19.0,348.01,360.09,548.62,60.24,152.00,426.00,152.00,426.00,21.85,21.85,M3->FP x M2,167.02,303.54,265.2,91.7,196.0,636.5,639.2
500,0.50,20.0,373.54,388.63,581.53,70.28,154.95,442.79,154.95,442.79,28.13,28.13,M3->FP x M2,167.02,303.54,265.2,91.7,196.0,636.5,665.5
500,0.55,2.0,-57.66,-108.49,0.66,-108.12,155.75,316.01,155.75,316.01,-57.89,-108.49,in->M1 x M3,183.99,339.74,257.8,100.8,216.1,655.7,232.7
500,0.55,3.0,-57.61,-108.41,2.66,-108.39,155.75,316.01,155.75,316.01,-57.88,-108.41,in->M1 x M3,183.99,339.74,257.8,100.8,216.1,655.7,254.5
500,0.55,4.0,-54.82,-95.24,35.77,-108.52,155.75,316.01,155.75,316.01,-57.68,-108.52,M1->M2 x M3,183.99,339.74,257.8,100.8,216.1,655.7,276.3
500,0.55,5.0,-30.08,-67.86,68.87,-108.15,155.75,316.01,155.75,316.01,-57.92,-108.15,M1->M2 x M3,183.99,339.74,257.8,100.8,216.1,655.7,298.1
500,0.55,6.0,-5.27,-40.40,101.94,-105.57,155.75,316.01,155.75,316.01,-57.69,-105.57,M1->M2 x M3,183.99,339.74,257.8,100.8,216.1,655.7,320.0
500,0.55,7.0,19.49,-12.84,134.99,-93.75,155.75,316.01,155.75,316.01,-57.65,-93.75,M1->M2 x M3,183.99,339.74,257.8,100.8,216.1,655.7,342.0
500,0.55,8.0,44.21,14.70,167.99,-81.88,155.75,316.01,155.75,316.01,-55.46,-81.88,M1->M2 x M3,183.99,339.74,257.8,100.8,216.1,655.7,364.1
500,0.55,9.0,68.92,42.13,200.94,-69.95,155.75,316.01,155.75,316.01,-49.54,-69.95,M1->M2 x M3,183.99,339.74,257.8,100.8,216.1,655.7,386.3
500,0.55,10.0,93.61,69.56,233.83,-57.96,155.90,316.42,155.90,316.42,-43.58,-57.96,M1->M2 x M3,183.99,339.74,257.8,100.8,216.1,655.7,408.7
500,0.55,11.0,118.27,96.97,266.65,-45.89,156.28,318.35,156.28,318.35,-37.60,-45.89,M1->M2 x M3,183.99,339.74,257.8,100.8,216.1,655.7,431.2
500,0.55,12.0,142.90,124.34,299.39,-33.74,156.88,321.87,156.88,321.87,-31.57,-33.74,M1->M2 x M3,183.99,339.74,257.8,100.8,216.1,655.7,453.8
500,0.55,13.0,167.48,151.68,332.04,-21.50,157.72,326.96,157.72,326.96,-25.49,-25.49,M3->FP x M2,183.99,339.74,257.8,100.8,216.1,655.7,476.6
500,0.55,14.0,192.01,178.97,364.59,-9.17,158.79,333.58,158.79,333.58,-19.37,-19.37,M3->FP x M2,183.99,339.74,257.8,100.8,216.1,655.7,499.6
500,0.55,15.0,216.49,206.21,397.02,3.04,160.10,341.68,160.10,341.68,-13.19,-13.19,M3->FP x M2,183.99,339.74,257.8,100.8,216.1,655.7,522.8
500,0.55,16.0,240.89,233.38,429.34,14.52,161.65,351.23,161.65,351.23,-6.96,-6.96,M3->FP x M2,183.99,339.74,257.8,100.8,216.1,655.7,546.2
500,0.55,17.0,265.23,260.49,461.52,25.82,163.44,362.14,163.44,362.14,-0.67,-0.67,M3->FP x M2,183.99,339.74,257.8,100.8,216.1,655.7,569.8
500,0.55,18.0,289.48,287.51,493.56,36.92,165.46,374.35,165.46,374.35,5.49,5.49,M3->FP x M2,183.99,339.74,257.8,100.8,216.1,655.7,593.7
500,0.55,19.0,313.65,314.45,525.46,47.81,167.73,387.80,167.73,387.80,11.70,11.70,M3->FP x M2,183.99,339.74,257.8,100.8,216.1,655.7,617.9
500,0.55,20.0,337.71,341.29,557.19,58.47,170.23,402.43,170.23,402.43,17.98,17.98,M3->FP x M2,183.99,339.74,257.8,100.8,216.1,655.7,642.4
500,0.60,2.0,-62.89,-120.17,0.04,-120.09,175.35,298.99,175.35,298.99,-62.95,-120.17,in->M1 x M3,201.01,376.36,251.6,110.0,236.5,675.3,240.1
500,0.60,3.0,-63.21,-120.09,0.13,-119.98,175.35,298.99,175.35,298.99,-62.88,-120.09,in->M1 x M3,201.01,376.36,251.6,110.0,236.5,675.3,260.5
500,0.60,4.0,-61.68,-113.15,32.00,-120.02,175.35,298.99,175.35,298.99,-63.01,-120.02,M1->M2 x M3,201.01,376.36,251.6,110.0,236.5,675.3,281.0
500,0.60,5.0,-41.78,-87.39,64.12,-120.00,175.35,298.99,175.35,298.99,-63.10,-120.00,M1->M2 x M3,201.01,376.36,251.6,110.0,236.5,675.3,301.5
500,0.60,6.0,-18.31,-61.55,96.22,-120.02,175.35,298.99,175.35,298.99,-63.21,-120.02,M1->M2 x M3,201.01,376.36,251.6,110.0,236.5,675.3,322.1
500,0.60,7.0,5.22,-35.62,128.29,-109.48,175.35,298.99,175.35,298.99,-62.96,-109.48,M1->M2 x M3,201.01,376.36,251.6,110.0,236.5,675.3,342.8
500,0.60,8.0,28.64,-9.59,160.32,-97.59,175.35,298.99,175.35,298.99,-62.81,-97.59,M1->M2 x M3,201.01,376.36,251.6,110.0,236.5,675.3,363.5
500,0.60,9.0,52.06,16.38,192.30,-85.64,175.35,298.99,175.35,298.99,-60.21,-85.64,M1->M2 x M3,201.01,376.36,251.6,110.0,236.5,675.3,384.4
500,0.60,10.0,75.46,42.25,224.23,-73.63,175.36,298.99,175.36,298.99,-54.25,-73.63,M1->M2 x M3,201.01,376.36,251.6,110.0,236.5,675.3,405.4
500,0.60,11.0,98.84,68.11,256.08,-61.54,175.54,299.32,175.54,299.32,-48.26,-61.54,M1->M2 x M3,201.01,376.36,251.6,110.0,236.5,675.3,426.5
500,0.60,12.0,122.19,93.94,287.86,-49.38,175.92,301.05,175.92,301.05,-42.23,-49.38,M1->M2 x M3,201.01,376.36,251.6,110.0,236.5,675.3,447.7
500,0.60,13.0,145.50,119.75,319.55,-37.12,176.51,304.29,176.51,304.29,-36.15,-37.12,M1->M2 x M3,201.01,376.36,251.6,110.0,236.5,675.3,469.2
500,0.60,14.0,168.76,145.52,351.14,-24.77,177.32,309.02,177.32,309.02,-30.02,-30.02,M3->FP x M2,201.01,376.36,251.6,110.0,236.5,675.3,490.8
500,0.60,15.0,191.98,171.25,382.63,-12.31,178.33,315.21,178.33,315.21,-23.84,-23.84,M3->FP x M2,201.01,376.36,251.6,110.0,236.5,675.3,512.5
500,0.60,16.0,215.13,196.92,414.00,0.25,179.56,322.83,179.56,322.83,-17.60,-17.60,M3->FP x M2,201.01,376.36,251.6,110.0,236.5,675.3,534.5
500,0.60,17.0,238.22,222.54,445.24,11.91,181.02,331.81,181.02,331.81,-11.30,-11.30,M3->FP x M2,201.01,376.36,251.6,110.0,236.5,675.3,556.8
500,0.60,18.0,261.24,248.09,476.35,23.41,182.69,342.12,182.69,342.12,-4.94,-4.94,M3->FP x M2,201.01,376.36,251.6,110.0,236.5,675.3,579.2
500,0.60,19.0,284.18,273.56,507.31,34.75,184.58,353.67,184.58,353.67,1.45,1.45,M3->FP x M2,201.01,376.36,251.6,110.0,236.5,675.3,601.9
500,0.60,20.0,307.03,298.95,538.12,45.91,186.71,366.42,186.71,366.42,7.74,7.74,M3->FP x M2,201.01,376.36,251.6,110.0,236.5,675.3,624.9
500,0.65,2.0,-68.27,-131.89,0.10,-131.60,195.15,281.92,195.15,281.92,-68.42,-131.89,in->M1 x M3,218.08,413.23,246.3,119.2,257.0,695.1,247.9
500,0.65,3.0,-67.54,-131.78,0.60,-131.86,195.15,281.92,195.15,281.92,-68.23,-131.86,M1->M2 x M3,218.08,413.23,246.3,119.2,257.0,695.1,267.2
500,0.65,4.0,-68.09,-130.35,29.02,-131.98,195.15,281.92,195.15,281.92,-68.26,-131.98,M1->M2 x M3,218.08,413.23,246.3,119.2,257.0,695.1,286.6
500,0.65,5.0,-52.49,-106.01,60.37,-131.85,195.15,281.92,195.15,281.92,-68.36,-131.85,M1->M2 x M3,218.08,413.23,246.3,119.2,257.0,695.1,306.0
500,0.65,6.0,-30.14,-81.60,91.70,-131.74,195.15,281.92,195.15,281.92,-68.24,-131.74,M1->M2 x M3,218.08,413.23,246.3,119.2,257.0,695.1,325.5
500,0.65,7.0,-7.72,-57.09,123.00,-124.97,195.15,281.92,195.15,281.92,-68.34,-124.97,M1->M2 x M3,218.08,413.23,246.3,119.2,257.0,695.1,345.0
500,0.65,8.0,14.67,-32.49,154.27,-113.07,195.15,281.92,195.15,281.92,-68.30,-113.07,M1->M2 x M3,218.08,413.23,246.3,119.2,257.0,695.1,364.7
500,0.65,9.0,36.99,-7.76,185.49,-101.10,195.15,281.92,195.15,281.92,-68.23,-101.10,M1->M2 x M3,218.08,413.23,246.3,119.2,257.0,695.1,384.4
500,0.65,10.0,59.30,16.84,216.65,-89.07,195.15,281.92,195.15,281.92,-64.98,-89.07,M1->M2 x M3,218.08,413.23,246.3,119.2,257.0,695.1,404.2
500,0.65,11.0,81.59,41.35,247.74,-76.97,195.18,281.92,195.18,281.92,-58.98,-76.97,M1->M2 x M3,218.08,413.23,246.3,119.2,257.0,695.1,424.2
500,0.65,12.0,103.86,65.85,278.76,-64.79,195.38,282.16,195.38,282.16,-52.94,-64.79,M1->M2 x M3,218.08,413.23,246.3,119.2,257.0,695.1,444.3
500,0.65,13.0,126.10,90.32,309.70,-52.51,195.78,283.71,195.78,283.71,-46.86,-52.51,M1->M2 x M3,218.08,413.23,246.3,119.2,257.0,695.1,464.5
500,0.65,14.0,148.30,114.77,340.54,-40.14,196.36,286.71,196.36,286.71,-40.73,-40.73,M3->FP x M2,218.08,413.23,246.3,119.2,257.0,695.1,485.0
500,0.65,15.0,170.45,139.19,371.27,-27.66,197.13,291.15,197.13,291.15,-34.54,-34.54,M3->FP x M2,218.08,413.23,246.3,119.2,257.0,695.1,505.6
500,0.65,16.0,192.55,163.56,401.90,-15.07,198.10,297.00,198.10,297.00,-28.30,-28.30,M3->FP x M2,218.08,413.23,246.3,119.2,257.0,695.1,526.4
500,0.65,17.0,214.60,187.88,432.40,-2.35,199.28,304.24,199.28,304.24,-21.99,-21.99,M3->FP x M2,218.08,413.23,246.3,119.2,257.0,695.1,547.4
500,0.65,18.0,236.58,212.14,462.77,9.65,200.65,312.81,200.65,312.81,-15.62,-15.62,M3->FP x M2,218.08,413.23,246.3,119.2,257.0,695.1,568.6
500,0.65,19.0,258.48,236.34,493.00,21.35,202.24,322.67,202.24,322.67,-9.18,-9.18,M3->FP x M2,218.08,413.23,246.3,119.2,257.0,695.1,590.1
500,0.65,20.0,280.31,260.47,523.08,32.91,204.03,333.74,204.03,333.74,-2.66,-2.66,M3->FP x M2,218.08,413.23,246.3,119.2,257.0,695.1,611.8
500,0.70,2.0,-73.55,-143.72,0.15,-143.47,214.98,264.80,214.98,264.80,-73.47,-143.72,in->M1 x M3,235.20,450.19,241.8,128.3,277.6,715.0,256.1
500,0.70,3.0,-73.26,-143.64,0.33,-143.45,214.98,264.80,214.98,264.80,-73.39,-143.64,in->M1 x M3,235.20,450.19,241.8,128.3,277.6,715.0,274.5
500,0.70,4.0,-73.01,-143.52,26.67,-143.65,214.98,264.80,214.98,264.80,-73.53,-143.65,M1->M2 x M3,235.20,450.19,241.8,128.3,277.6,715.0,292.9
500,0.70,5.0,-62.42,-123.89,57.40,-143.73,214.98,264.80,214.98,264.80,-73.65,-143.73,M1->M2 x M3,235.20,450.19,241.8,128.3,277.6,715.0,311.4
500,0.70,6.0,-41.04,-100.73,88.12,-143.46,214.98,264.80,214.98,264.80,-73.76,-143.46,M1->M2 x M3,235.20,450.19,241.8,128.3,277.6,715.0,329.9
500,0.70,7.0,-19.59,-77.50,118.82,-140.19,214.98,264.80,214.98,264.80,-73.75,-140.19,M1->M2 x M3,235.20,450.19,241.8,128.3,277.6,715.0,348.5
500,0.70,8.0,1.94,-54.16,149.47,-128.26,214.98,264.80,214.98,264.80,-73.69,-128.26,M1->M2 x M3,235.20,450.19,241.8,128.3,277.6,715.0,367.1
500,0.70,9.0,23.33,-30.71,180.08,-116.28,214.98,264.80,214.98,264.80,-73.66,-116.28,M1->M2 x M3,235.20,450.19,241.8,128.3,277.6,715.0,385.9
500,0.70,10.0,44.71,-7.14,210.64,-104.23,214.98,264.80,214.98,264.80,-73.67,-104.23,M1->M2 x M3,235.20,450.19,241.8,128.3,277.6,715.0,404.7
500,0.70,11.0,66.07,16.28,241.13,-92.11,214.98,264.80,214.98,264.80,-69.71,-92.11,M1->M2 x M3,235.20,450.19,241.8,128.3,277.6,715.0,423.7
500,0.70,12.0,87.42,39.60,271.55,-79.91,215.04,264.80,215.04,264.80,-63.67,-79.91,M1->M2 x M3,235.20,450.19,241.8,128.3,277.6,715.0,442.8
500,0.70,13.0,108.74,62.90,301.89,-67.62,215.27,264.95,215.27,264.95,-57.58,-67.62,M1->M2 x M3,235.20,450.19,241.8,128.3,277.6,715.0,462.1
500,0.70,14.0,130.03,86.18,332.13,-55.23,215.67,266.33,215.67,266.33,-51.44,-55.23,M1->M2 x M3,235.20,450.19,241.8,128.3,277.6,715.0,481.5
500,0.70,15.0,151.28,109.43,362.28,-42.73,216.25,269.12,216.25,269.12,-45.25,-45.25,M3->FP x M2,235.20,450.19,241.8,128.3,277.6,715.0,501.1
500,0.70,16.0,172.48,132.65,392.31,-30.12,217.00,273.32,217.00,273.32,-39.00,-39.00,M3->FP x M2,235.20,450.19,241.8,128.3,277.6,715.0,520.9
500,0.70,17.0,193.63,155.83,422.22,-17.38,217.94,278.92,217.94,278.92,-32.69,-32.69,M3->FP x M2,235.20,450.19,241.8,128.3,277.6,715.0,540.8
500,0.70,18.0,214.72,178.97,452.01,-4.51,219.07,285.88,219.07,285.88,-26.32,-26.32,M3->FP x M2,235.20,450.19,241.8,128.3,277.6,715.0,561.0
500,0.70,19.0,235.74,202.05,481.65,7.81,220.39,294.16,220.39,294.16,-19.87,-19.87,M3->FP x M2,235.20,450.19,241.8,128.3,277.6,715.0,581.4
500,0.70,20.0,256.69,225.06,511.16,19.70,221.90,303.69,221.90,303.69,-13.34,-13.34,M3->FP x M2,235.20,450.19,241.8,128.3,277.6,715.0,602.1
500,0.75,2.0,-78.55,-155.56,0.01,-155.30,234.69,247.63,234.69,247.63,-78.53,-155.56,in->M1 x M3,252.37,487.06,237.9,137.5,298.1,734.7,272.4
500,0.75,3.0,-79.02,-155.51,0.02,-155.58,234.69,247.63,234.69,247.63,-78.78,-155.58,M1->M2 x M3,252.37,487.06,237.9,137.5,298.1,734.7,282.2
500,0.75,4.0,-78.47,-155.21,24.79,-155.35,234.69,247.63,234.69,247.63,-78.66,-155.35,M1->M2 x M3,252.37,487.06,237.9,137.5,298.1,734.7,299.7
500,0.75,5.0,-71.74,-141.13,55.04,-155.17,234.69,247.63,234.69,247.63,-78.87,-155.17,M1->M2 x M3,252.37,487.06,237.9,137.5,298.1,734.7,317.4
500,0.75,6.0,-51.19,-119.10,85.28,-155.36,234.69,247.63,234.69,247.63,-79.02,-155.36,M1->M2 x M3,252.37,487.06,237.9,137.5,298.1,734.7,335.1
500,0.75,7.0,-30.58,-97.00,115.49,-155.06,234.69,247.63,234.69,247.63,-78.48,-155.06,M1->M2 x M3,252.37,487.06,237.9,137.5,298.1,734.7,352.8
500,0.75,8.0,-9.88,-74.81,145.66,-143.12,234.70,247.63,234.70,247.63,-78.77,-143.12,M1->M2 x M3,252.37,487.06,237.9,137.5,298.1,734.7,370.6
500,0.75,9.0,10.79,-52.51,175.79,-131.12,234.69,247.63,234.69,247.63,-78.78,-131.12,M1->M2 x M3,252.37,487.06,237.9,137.5,298.1,734.7,388.5
500,0.75,10.0,31.37,-30.08,205.87,-119.06,234.69,247.63,234.69,247.63,-79.00,-119.06,M1->M2 x M3,252.37,487.06,237.9,137.5,298.1,734.7,406.6
500,0.75,11.0,51.93,-7.52,235.88,-106.92,234.69,247.63,234.69,247.63,-78.62,-106.92,M1->M2 x M3,252.37,487.06,237.9,137.5,298.1,734.7,424.7
500,0.75,12.0,72.48,14.86,265.82,-94.70,234.69,247.63,234.69,247.63,-74.36,-94.70,M1->M2 x M3,252.37,487.06,237.9,137.5,298.1,734.7,442.9
500,0.75,13.0,93.01,37.11,295.68,-82.39,234.78,247.63,234.78,247.63,-68.26,-82.39,M1->M2 x M3,252.37,487.06,237.9,137.5,298.1,734.7,461.3
500,0.75,14.0,113.51,59.35,325.45,-69.98,235.03,247.72,235.03,247.72,-62.12,-69.98,M1->M2 x M3,252.37,487.06,237.9,137.5,298.1,734.7,479.9
500,0.75,15.0,133.98,81.57,355.12,-57.47,235.44,248.92,235.44,248.92,-55.93,-57.47,M1->M2 x M3,252.37,487.06,237.9,137.5,298.1,734.7,498.6
500,0.75,16.0,154.40,103.76,384.69,-44.84,236.02,251.53,236.02,251.53,-49.68,-49.68,M3->FP x M2,252.37,487.06,237.9,137.5,298.1,734.7,517.5
500,0.75,17.0,174.78,125.92,414.13,-32.08,236.76,255.55,236.76,255.55,-43.36,-43.36,M3->FP x M2,252.37,487.06,237.9,137.5,298.1,734.7,536.5
500,0.75,18.0,195.10,148.05,443.45,-19.19,237.67,260.96,237.67,260.96,-36.98,-36.98,M3->FP x M2,252.37,487.06,237.9,137.5,298.1,734.7,555.8
500,0.75,19.0,215.37,170.12,472.64,-6.15,238.77,267.73,238.77,267.73,-30.52,-30.52,M3->FP x M2,252.37,487.06,237.9,137.5,298.1,734.7,575.3
500,0.75,20.0,235.57,192.15,501.68,6.46,240.04,275.80,240.04,275.80,-23.99,-23.99,M3->FP x M2,252.37,487.06,237.9,137.5,298.1,734.7,595.1
500,0.80,2.0,-84.00,-166.90,0.00,-166.96,254.11,230.41,254.11,230.41,-84.15,-166.96,M1->M2 x M3,269.59,523.70,234.5,146.7,318.5,754.1,292.7
500,0.80,3.0,-83.71,-167.07,0.27,-167.03,254.11,230.41,254.11,230.41,-84.16,-167.07,in->M1 x M3,269.59,523.70,234.5,146.7,318.5,754.1,292.7
500,0.80,4.0,-83.58,-167.29,23.30,-166.88,254.11,230.41,254.11,230.41,-83.82,-167.29,in->M1 x M3,269.59,523.70,234.5,146.7,318.5,754.1,306.9
500,0.80,5.0,-80.54,-157.78,53.16,-167.12,254.11,230.41,254.11,230.41,-84.28,-167.12,M1->M2 x M3,269.59,523.70,234.5,146.7,318.5,754.1,323.8
500,0.80,6.0,-60.73,-136.79,83.01,-167.19,254.11,230.41,254.11,230.41,-84.08,-167.19,M1->M2 x M3,269.59,523.70,234.5,146.7,318.5,754.1,340.8
500,0.80,7.0,-40.86,-115.72,112.83,-166.86,254.11,230.41,254.11,230.41,-83.80,-166.86,M1->M2 x M3,269.59,523.70,234.5,146.7,318.5,754.1,357.8
500,0.80,8.0,-20.89,-94.56,142.62,-157.59,254.11,230.41,254.11,230.41,-84.25,-157.59,M1->M2 x M3,269.59,523.70,234.5,146.7,318.5,754.1,374.9
500,0.80,9.0,-0.84,-73.30,172.37,-145.57,254.11,230.41,254.11,230.41,-84.20,-145.57,M1->M2 x M3,269.59,523.70,234.5,146.7,318.5,754.1,392.1
500,0.80,10.0,19.05,-51.93,202.06,-133.49,254.11,230.41,254.11,230.41,-84.02,-133.49,M1->M2 x M3,269.59,523.70,234.5,146.7,318.5,754.1,409.4
500,0.80,11.0,38.91,-30.42,231.69,-121.34,254.11,230.41,254.11,230.41,-83.96,-121.34,M1->M2 x M3,269.59,523.70,234.5,146.7,318.5,754.1,426.7
500,0.80,12.0,58.77,-8.77,261.25,-109.10,254.11,230.41,254.11,230.41,-84.06,-109.10,M1->M2 x M3,269.59,523.70,234.5,146.7,318.5,754.1,444.2
500,0.80,13.0,78.61,12.71,290.73,-96.77,254.12,230.41,254.12,230.41,-78.87,-96.77,M1->M2 x M3,269.59,523.70,234.5,146.7,318.5,754.1,461.9
500,0.80,14.0,98.42,34.01,320.13,-84.35,254.24,230.41,254.24,230.41,-72.72,-84.35,M1->M2 x M3,269.59,523.70,234.5,146.7,318.5,754.1,479.7
500,0.80,15.0,118.20,55.29,349.42,-71.81,254.51,230.45,254.51,230.45,-66.52,-71.81,M1->M2 x M3,269.59,523.70,234.5,146.7,318.5,754.1,497.6
500,0.80,16.0,137.95,76.55,378.61,-59.16,254.93,231.48,254.93,231.48,-60.27,-60.27,M3->FP x M2,269.59,523.70,234.5,146.7,318.5,754.1,515.7
500,0.80,17.0,157.66,97.80,407.68,-46.39,255.50,233.94,255.50,233.94,-53.95,-53.95,M3->FP x M2,269.59,523.70,234.5,146.7,318.5,754.1,534.0
500,0.80,18.0,177.31,119.01,436.63,-33.48,256.24,237.82,256.24,237.82,-47.56,-47.56,M3->FP x M2,269.59,523.70,234.5,146.7,318.5,754.1,552.5
500,0.80,19.0,196.92,140.18,465.45,-20.42,257.14,243.11,257.14,243.11,-41.10,-41.10,M3->FP x M2,269.59,523.70,234.5,146.7,318.5,754.1,571.2
500,0.80,20.0,216.46,161.32,494.12,-7.20,258.21,249.76,258.21,249.76,-34.56,-34.56,M3->FP x M2,269.59,523.70,234.5,146.7,318.5,754.1,590.1
500,0.85,2.0,-89.21,-178.75,0.34,-178.51,273.07,213.15,273.07,213.15,-89.33,-178.75,in->M1 x M3,286.85,559.92,231.5,155.8,338.7,773.1,312.8
500,0.85,3.0,-89.30,-178.76,0.32,-178.70,273.07,213.15,273.07,213.15,-89.00,-178.76,in->M1 x M3,286.85,559.92,231.5,155.8,338.7,773.1,312.8
500,0.85,4.0,-89.51,-178.73,22.10,-178.86,273.07,213.15,273.07,213.15,-89.30,-178.86,M1->M2 x M3,286.85,559.92,231.5,155.8,338.7,773.1,314.4
500,0.85,5.0,-88.93,-173.90,51.66,-178.74,273.07,213.15,273.07,213.15,-89.33,-178.74,M1->M2 x M3,286.85,559.92,231.5,155.8,338.7,773.1,330.6
500,0.85,6.0,-69.77,-153.84,81.20,-178.65,273.07,213.15,273.07,213.15,-89.55,-178.65,M1->M2 x M3,286.85,559.92,231.5,155.8,338.7,773.1,346.9
500,0.85,7.0,-50.54,-133.72,110.71,-178.43,273.07,213.15,273.07,213.15,-89.47,-178.43,M1->M2 x M3,286.85,559.92,231.5,155.8,338.7,773.1,363.3
500,0.85,8.0,-31.23,-113.51,140.19,-171.61,273.07,213.15,273.07,213.15,-89.12,-171.61,M1->M2 x M3,286.85,559.92,231.5,155.8,338.7,773.1,379.8
500,0.85,9.0,-11.83,-93.21,169.63,-159.58,273.07,213.15,273.07,213.15,-89.35,-159.58,M1->M2 x M3,286.85,559.92,231.5,155.8,338.7,773.1,396.3
500,0.85,10.0,7.57,-72.79,199.02,-147.48,273.07,213.15,273.07,213.15,-88.65,-147.48,M1->M2 x M3,286.85,559.92,231.5,155.8,338.7,773.1,412.9
500,0.85,11.0,26.82,-52.25,228.34,-135.31,273.07,213.15,273.07,213.15,-89.23,-135.31,M1->M2 x M3,286.85,559.92,231.5,155.8,338.7,773.1,429.7
500,0.85,12.0,46.06,-31.57,257.60,-123.05,273.07,213.15,273.07,213.15,-89.37,-123.05,M1->M2 x M3,286.85,559.92,231.5,155.8,338.7,773.1,446.5
500,0.85,13.0,65.29,-10.74,286.78,-110.71,273.07,213.15,273.07,213.15,-89.35,-110.71,M1->M2 x M3,286.85,559.92,231.5,155.8,338.7,773.1,463.5
500,0.85,14.0,84.50,9.96,315.87,-98.26,273.10,213.15,273.10,213.15,-83.20,-98.26,M1->M2 x M3,286.85,559.92,231.5,155.8,338.7,773.1,480.6
500,0.85,15.0,103.69,30.38,344.86,-85.71,273.24,213.15,273.24,213.15,-76.99,-85.71,M1->M2 x M3,286.85,559.92,231.5,155.8,338.7,773.1,497.8
500,0.85,16.0,122.84,50.80,373.75,-73.05,273.53,213.16,273.53,213.16,-70.73,-73.05,M1->M2 x M3,286.85,559.92,231.5,155.8,338.7,773.1,515.3
500,0.85,17.0,141.96,71.20,402.52,-60.25,273.96,214.04,273.96,214.04,-64.41,-64.41,M3->FP x M2,286.85,559.92,231.5,155.8,338.7,773.1,532.9
500,0.85,18.0,161.03,91.58,431.18,-47.32,274.54,216.37,274.54,216.37,-58.02,-58.02,M3->FP x M2,286.85,559.92,231.5,155.8,338.7,773.1,550.7
500,0.85,19.0,180.05,111.93,459.70,-34.24,275.27,220.16,275.27,220.16,-51.55,-51.55,M3->FP x M2,286.85,559.92,231.5,155.8,338.7,773.1,568.7
500,0.85,20.0,199.02,132.25,488.08,-21.01,276.17,225.38,276.17,225.38,-45.01,-45.01,M3->FP x M2,286.85,559.92,231.5,155.8,338.7,773.1,586.9
500,0.90,2.0,-94.68,-189.96,0.03,-190.06,291.41,195.85,291.41,195.85,-94.48,-190.06,M1->M2 x M3,304.15,595.56,228.8,165.0,358.5,791.4,332.6
500,0.90,3.0,-94.56,-190.13,0.06,-190.06,291.41,195.85,291.41,195.85,-94.44,-190.13,in->M1 x M3,304.15,595.56,228.8,165.0,358.5,791.4,332.6
500,0.90,4.0,-94.40,-190.22,21.14,-189.96,291.41,195.85,291.41,195.85,-94.82,-190.22,in->M1 x M3,304.15,595.56,228.8,165.0,358.5,791.4,332.6
500,0.90,5.0,-94.19,-189.48,50.44,-190.15,291.41,195.85,291.41,195.85,-94.87,-190.15,M1->M2 x M3,304.15,595.56,228.8,165.0,358.5,791.4,337.6
500,0.90,6.0,-78.39,-170.30,79.73,-189.93,291.41,195.85,291.41,195.85,-94.43,-189.93,M1->M2 x M3,304.15,595.56,228.8,165.0,358.5,791.4,353.4
500,0.90,7.0,-59.74,-151.05,109.00,-190.03,291.41,195.85,291.41,195.85,-94.51,-190.03,M1->M2 x M3,304.15,595.56,228.8,165.0,358.5,791.4,369.2
500,0.90,8.0,-41.01,-131.72,138.23,-185.14,291.41,195.85,291.41,195.85,-94.12,-185.14,M1->M2 x M3,304.15,595.56,228.8,165.0,358.5,791.4,385.1
500,0.90,9.0,-22.19,-112.30,167.42,-173.09,291.41,195.85,291.41,195.85,-94.61,-173.09,M1->M2 x M3,304.15,595.56,228.8,165.0,358.5,791.4,401.0
500,0.90,10.0,-3.27,-92.77,196.56,-160.97,291.41,195.85,291.41,195.85,-93.94,-160.97,M1->M2 x M3,304.15,595.56,228.8,165.0,358.5,791.4,417.1
500,0.90,11.0,15.49,-73.12,225.64,-148.78,291.41,195.85,291.41,195.85,-94.73,-148.78,M1->M2 x M3,304.15,595.56,228.8,165.0,358.5,791.4,433.2
500,0.90,12.0,34.19,-53.34,254.65,-136.51,291.41,195.85,291.41,195.85,-93.91,-136.51,M1->M2 x M3,304.15,595.56,228.8,165.0,358.5,791.4,449.5
500,0.90,13.0,52.89,-33.42,283.59,-124.15,291.41,195.85,291.41,195.85,-94.69,-124.15,M1->M2 x M3,304.15,595.56,228.8,165.0,358.5,791.4,465.8
500,0.90,14.0,71.56,-13.34,312.43,-111.69,291.41,195.85,291.41,195.85,-93.50,-111.69,M1->M2 x M3,304.15,595.56,228.8,165.0,358.5,791.4,482.4
500,0.90,15.0,90.22,6.69,341.18,-99.12,291.45,195.85,291.45,195.85,-87.29,-99.12,M1->M2 x M3,304.15,595.56,228.8,165.0,358.5,791.4,499.0
500,0.90,16.0,108.84,26.33,369.83,-86.43,291.62,195.85,291.62,195.85,-81.03,-86.43,M1->M2 x M3,304.15,595.56,228.8,165.0,358.5,791.4,515.8
500,0.90,17.0,127.44,45.96,398.37,-73.62,291.93,195.85,291.93,195.85,-74.70,-74.70,M3->FP x M2,304.15,595.56,228.8,165.0,358.5,791.4,532.8
500,0.90,18.0,145.99,65.57,426.78,-60.67,292.38,196.58,292.38,196.58,-68.30,-68.30,M3->FP x M2,304.15,595.56,228.8,165.0,358.5,791.4,550.0
500,0.90,19.0,164.50,85.17,455.06,-47.58,292.97,198.82,292.97,198.82,-61.83,-61.83,M3->FP x M2,304.15,595.56,228.8,165.0,358.5,791.4,567.4
500,0.90,20.0,182.96,104.73,483.21,-34.32,293.70,202.56,293.70,202.56,-55.29,-55.29,M3->FP x M2,304.15,595.56,228.8,165.0,358.5,791.4,585.0
550,0.30,2.0,-30.90,-53.70,0.05,-53.96,69.41,450.32,69.41,450.32,-31.61,-53.96,M1->M2 x M3,99.68,169.09,333.4,55.0,121.1,619.4,219.9
550,0.30,3.0,-4.64,-15.45,46.81,-53.84,69.41,450.32,69.41,450.32,-31.61,-53.84,M1->M2 x M3,99.68,169.09,333.4,55.0,121.1,619.4,257.8
550,0.30,4.0,37.01,30.29,95.39,-48.42,69.42,450.32,69.42,450.32,-28.64,-48.42,M1->M2 x M3,99.68,169.09,333.4,55.0,121.1,619.4,295.8
550,0.30,5.0,78.65,76.01,143.94,-36.76,69.42,451.41,69.42,451.41,-22.83,-36.76,M1->M2 x M3,99.68,169.09,333.4,55.0,121.1,619.4,333.8
550,0.30,6.0,120.27,121.70,192.44,-25.06,69.70,455.65,69.70,455.65,-17.00,-25.06,M1->M2 x M3,99.68,169.09,333.4,55.0,121.1,619.4,372.0
550,0.30,7.0,161.85,167.36,240.89,-13.32,70.47,463.04,70.47,463.04,-11.15,-13.32,M1->M2 x M3,99.68,169.09,333.4,55.0,121.1,619.4,410.3
550,0.30,8.0,203.38,212.96,289.26,-1.53,71.71,473.46,71.71,473.46,-5.28,-5.28,M3->FP x M2,99.68,169.09,333.4,55.0,121.1,619.4,448.8
550,0.30,9.0,244.85,258.51,337.55,9.58,73.41,486.77,73.41,486.77,0.60,0.60,M3->FP x M2,99.68,169.09,333.4,55.0,121.1,619.4,487.4
550,0.30,10.0,286.24,303.97,385.73,20.18,75.54,502.79,75.54,502.79,6.32,6.32,M3->FP x M2,99.68,169.09,333.4,55.0,121.1,619.4,526.3
550,0.30,11.0,327.55,349.34,433.79,30.33,78.08,521.34,78.08,521.34,12.07,12.07,M3->FP x M2,99.68,169.09,333.4,55.0,121.1,619.4,565.5
550,0.30,12.0,368.75,394.60,481.72,39.99,81.00,542.21,81.00,542.21,17.87,17.87,M3->FP x M2,99.68,169.09,333.4,55.0,121.1,619.4,604.9
550,0.30,13.0,409.85,439.74,529.51,49.14,84.27,565.23,84.27,565.23,23.70,23.70,M3->FP x M2,99.68,169.09,333.4,55.0,121.1,619.4,644.6
550,0.30,14.0,450.82,484.75,577.14,57.77,87.86,590.22,87.86,590.22,29.59,29.59,M3->FP x M2,99.68,169.09,333.4,55.0,121.1,619.4,684.6
550,0.30,15.0,491.65,529.61,624.58,65.89,91.75,617.02,91.75,617.02,35.52,35.52,M3->FP x M2,99.68,169.09,333.4,55.0,121.1,619.4,725.0
550,0.30,16.0,532.33,574.31,671.84,73.51,95.92,645.49,95.79,645.49,41.52,41.52,M3->FP x M2,99.68,169.09,333.4,55.0,121.1,619.4,765.7
550,0.30,17.0,572.85,618.84,718.90,80.65,100.33,675.51,99.59,675.51,47.57,47.57,M3->FP x M2,99.68,169.09,333.4,55.0,121.1,619.4,806.9
550,0.30,18.0,613.20,663.18,765.73,87.32,104.99,706.65,103.14,706.97,53.69,53.69,M3->FP x M2,99.68,169.09,333.4,55.0,121.1,619.4,848.6
550,0.30,19.0,653.36,707.31,812.33,93.55,109.87,735.99,106.44,739.80,59.88,59.88,M3->FP x M2,99.68,169.09,333.4,55.0,121.1,619.4,890.7
550,0.30,20.0,693.32,751.23,858.69,99.37,114.96,762.97,109.53,773.92,66.14,66.14,M3->FP x M2,99.68,169.09,333.4,55.0,121.1,619.4,933.3
550,0.35,2.0,-36.67,-64.53,0.31,-64.52,85.58,433.56,85.58,433.56,-36.89,-64.53,in->M1 x M3,116.44,202.02,312.0,64.2,139.5,635.6,219.3
550,0.35,3.0,-22.95,-39.82,34.59,-64.52,85.58,433.56,85.58,433.56,-36.74,-64.52,M1->M2 x M3,116.44,202.02,312.0,64.2,139.5,635.6,252.6
550,0.35,4.0,14.17,1.11,78.89,-64.45,85.58,433.56,85.58,433.56,-36.64,-64.45,M1->M2 x M3,116.44,202.02,312.0,64.2,139.5,635.6,285.9
550,0.35,5.0,51.26,42.00,123.16,-52.77,85.58,433.56,85.58,433.56,-32.57,-52.77,M1->M2 x M3,116.44,202.02,312.0,64.2,139.5,635.6,319.4
550,0.35,6.0,88.33,82.88,167.39,-41.06,85.60,434.85,85.60,434.85,-26.74,-41.06,M1->M2 x M3,116.44,202.02,312.0,64.2,139.5,635.6,353.0
550,0.35,7.0,125.38,123.73,211.58,-29.30,85.91,438.73,85.91,438.73,-20.89,-29.30,M1->M2 x M3,116.44,202.02,312.0,64.2,139.5,635.6,386.6
550,0.35,8.0,162.39,164.54,255.70,-17.49,86.62,445.16,86.62,445.16,-15.01,-17.49,M1->M2 x M3,116.44,202.02,312.0,64.2,139.5,635.6,420.5
550,0.35,9.0,199.35,205.31,299.74,-5.63,87.73,454.07,87.73,454.07,-9.11,-9.11,M3->FP x M2,116.44,202.02,312.0,64.2,139.5,635.6,454.5
550,0.35,10.0,236.24,246.01,343.69,5.87,89.22,465.36,89.22,465.36,-3.17,-3.17,M3->FP x M2,116.44,202.02,312.0,64.2,139.5,635.6,488.7
550,0.35,11.0,273.07,286.63,387.53,16.75,91.08,478.91,91.08,478.91,2.70,2.70,M3->FP x M2,116.44,202.02,312.0,64.2,139.5,635.6,523.1
550,0.35,12.0,309.81,327.17,431.26,27.27,93.30,494.58,93.30,494.58,8.50,8.50,M3->FP x M2,116.44,202.02,312.0,64.2,139.5,635.6,557.7
550,0.35,13.0,346.46,367.61,474.86,37.39,95.86,512.25,95.86,512.25,14.34,14.34,M3->FP x M2,116.44,202.02,312.0,64.2,139.5,635.6,592.6
550,0.35,14.0,383.00,407.94,518.31,47.09,98.75,531.78,98.75,531.78,20.23,20.23,M3->FP x M2,116.44,202.02,312.0,64.2,139.5,635.6,627.8
550,0.35,15.0,419.43,448.14,561.60,56.36,101.95,553.04,101.95,553.04,26.17,26.17,M3->FP x M2,116.44,202.02,312.0,64.2,139.5,635.6,663.3
550,0.35,16.0,455.73,488.20,604.73,65.19,105.45,575.91,105.45,575.91,32.16,32.16,M3->FP x M2,116.44,202.02,312.0,64.2,139.5,635.6,699.2
550,0.35,17.0,491.89,528.12,647.66,73.59,109.22,600.28,109.22,600.28,38.22,38.22,M3->FP x M2,116.44,202.02,312.0,64.2,139.5,635.6,735.4
550,0.35,18.0,527.90,567.88,690.40,81.55,113.26,626.06,113.26,626.06,44.34,44.34,M3->FP x M2,116.44,202.02,312.0,64.2,139.5,635.6,772.0
550,0.35,19.0,563.75,607.46,732.94,89.10,117.54,653.18,117.33,653.18,50.53,50.53,M3->FP x M2,116.44,202.02,312.0,64.2,139.5,635.6,809.0
550,0.35,20.0,599.43,646.86,775.24,96.24,122.07,681.55,121.18,681.55,56.80,56.80,M3->FP x M2,116.44,202.02,312.0,64.2,139.5,635.6,846.5
550,0.40,2.0,-41.10,-75.36,0.03,-75.35,102.66,416.74,102.66,416.74,-42.00,-75.36,in->M1 x M3,133.26,235.92,295.9,73.3,158.3,652.7,221.3
550,0.40,3.0,-38.00,-61.25,25.67,-75.29,102.66,416.74,102.66,416.74,-41.91,-75.29,M1->M2 x M3,133.26,235.92,295.9,73.3,158.3,652.7,251.2
550,0.40,4.0,-4.29,-24.03,66.84,-75.34,102.66,416.74,102.66,416.74,-41.97,-75.34,M1->M2 x M3,133.26,235.92,295.9,73.3,158.3,652.7,281.1
550,0.40,5.0,29.40,13.22,108.00,-68.82,102.66,416.74,102.66,416.74,-41.77,-68.82,M1->M2 x M3,133.26,235.92,295.9,73.3,158.3,652.7,311.2
550,0.40,6.0,63.07,50.42,149.11,-57.09,102.66,416.76,102.66,416.76,-36.73,-57.09,M1->M2 x M3,133.26,235.92,295.9,73.3,158.3,652.7,341.3
550,0.40,7.0,96.72,87.60,190.19,-45.32,102.71,418.15,102.71,418.15,-30.88,-45.32,M1->M2 x M3,133.26,235.92,295.9,73.3,158.3,652.7,371.5
550,0.40,8.0,130.34,124.75,231.20,-33.49,103.04,421.71,103.04,421.71,-25.00,-33.49,M1->M2 x M3,133.26,235.92,295.9,73.3,158.3,652.7,401.8
550,0.40,9.0,163.92,161.87,272.15,-21.61,103.71,427.44,103.71,427.44,-19.09,-21.61,M1->M2 x M3,133.26,235.92,295.9,73.3,158.3,652.7,432.3
550,0.40,10.0,197.45,198.94,313.01,-9.67,104.71,435.27,104.71,435.27,-13.15,-13.15,M3->FP x M2,133.26,235.92,295.9,73.3,158.3,652.7,463.0
550,0.40,11.0,230.92,235.94,353.77,2.20,106.05,445.14,106.05,445.14,-7.17,-7.17,M3->FP x M2,133.26,235.92,295.9,73.3,158.3,652.7,493.9
550,0.40,12.0,264.32,272.88,394.43,13.30,107.71,456.96,107.71,456.96,-1.16,-1.16,M3->FP x M2,133.26,235.92,295.9,73.3,158.3,652.7,525.0
550,0.40,13.0,297.64,309.73,434.97,24.10,109.68,470.64,109.68,470.64,4.73,4.73,M3->FP x M2,133.26,235.92,295.9,73.3,158.3,652.7,556.3
550,0.40,14.0,330.87,346.48,475.38,34.58,111.97,486.08,111.97,486.08,10.62,10.62,M3->FP x M2,133.26,235.92,295.9,73.3,158.3,652.7,587.8
550,0.40,15.0,363.99,383.13,515.64,44.71,114.56,503.16,114.56,503.16,16.57,16.57,M3->FP x M2,133.26,235.92,295.9,73.3,158.3,652.7,619.7
550,0.40,16.0,397.01,419.67,555.74,54.48,117.44,521.80,117.44,521.80,22.56,22.56,M3->FP x M2,133.26,235.92,295.9,73.3,158.3,652.7,651.8
550,0.40,17.0,429.91,456.08,595.68,63.88,120.60,541.91,120.60,541.91,28.62,28.62,M3->FP x M2,133.26,235.92,295.9,73.3,158.3,652.7,684.3
550,0.40,18.0,462.67,492.34,635.43,72.91,124.03,563.39,124.03,563.39,34.75,34.75,M3->FP x M2,133.26,235.92,295.9,73.3,158.3,652.7,717.2
550,0.40,19.0,495.30,528.46,674.99,81.56,127.73,586.17,127.73,586.17,40.95,40.95,M3->FP x M2,133.26,235.92,295.9,73.3,158.3,652.7,750.4
550,0.40,20.0,527.77,564.42,714.34,89.83,131.68,610.19,131.68,610.19,47.22,47.22,M3->FP x M2,133.26,235.92,295.9,73.3,158.3,652.7,784.0
550,0.45,2.0,-45.22,-86.37,0.08,-86.16,120.52,399.88,120.52,399.88,-47.30,-86.37,in->M1 x M3,150.12,270.64,283.4,82.5,177.7,670.5,225.3
550,0.45,3.0,-46.29,-80.76,18.96,-86.37,120.52,399.88,120.52,399.88,-47.27,-86.37,M1->M2 x M3,150.12,270.64,283.4,82.5,177.7,670.5,252.5
550,0.45,4.0,-19.84,-46.51,57.79,-86.35,120.52,399.88,120.52,399.88,-47.19,-86.35,M1->M2 x M3,150.12,270.64,283.4,82.5,177.7,670.5,279.7
550,0.45,5.0,11.23,-12.18,96.59,-84.85,120.52,399.88,120.52,399.88,-47.19,-84.85,M1->M2 x M3,150.12,270.64,283.4,82.5,177.7,670.5,307.1
550,0.45,6.0,42.25,22.14,135.36,-73.11,120.52,399.88,120.52,399.88,-46.94,-73.11,M1->M2 x M3,150.12,270.64,283.4,82.5,177.7,670.5,334.5
550,0.45,7.0,73.26,56.41,174.10,-61.32,120.52,399.93,120.52,399.93,-41.08,-61.32,M1->M2 x M3,150.12,270.64,283.4,82.5,177.7,670.5,362.0
550,0.45,8.0,104.25,90.66,212.77,-49.48,120.59,401.31,120.59,401.31,-35.20,-49.48,M1->M2 x M3,150.12,270.64,283.4,82.5,177.7,670.5,389.7
550,0.45,9.0,135.21,124.88,251.39,-37.58,120.94,404.60,120.94,404.60,-29.28,-37.58,M1->M2 x M3,150.12,270.64,283.4,82.5,177.7,670.5,417.4
550,0.45,10.0,166.12,159.07,289.93,-25.62,121.58,409.78,121.58,409.78,-23.34,-25.62,M1->M2 x M3,150.12,270.64,283.4,82.5,177.7,670.5,445.4
550,0.45,11.0,196.98,193.20,328.38,-13.58,122.51,416.81,122.51,416.81,-17.36,-17.36,M3->FP x M2,150.12,270.64,283.4,82.5,177.7,670.5,473.5
550,0.45,12.0,227.79,227.28,366.73,-1.47,123.73,425.64,123.73,425.64,-11.34,-11.34,M3->FP x M2,150.12,270.64,283.4,82.5,177.7,670.5,501.8
550,0.45,13.0,258.52,261.29,404.97,9.91,125.23,436.22,125.23,436.22,-5.27,-5.27,M3->FP x M2,150.12,270.64,283.4,82.5,177.7,670.5,530.3
550,0.45,14.0,289.18,295.22,443.08,20.96,127.02,448.45,127.02,448.45,0.81,0.81,M3->FP x M2,150.12,270.64,283.4,82.5,177.7,670.5,559.1
550,0.45,15.0,319.74,329.05,481.06,31.73,129.09,462.27,129.09,462.27,6.76,6.76,M3->FP x M2,150.12,270.64,283.4,82.5,177.7,670.5,588.1
550,0.45,16.0,350.21,362.79,518.89,42.22,131.43,477.59,131.43,477.59,12.76,12.76,M3->FP x M2,150.12,270.64,283.4,82.5,177.7,670.5,617.4
550,0.45,17.0,380.58,396.42,556.57,52.40,134.05,494.33,134.05,494.33,18.83,18.83,M3->FP x M2,150.12,270.64,283.4,82.5,177.7,670.5,647.0
550,0.45,18.0,410.82,429.93,594.07,62.27,136.94,512.42,136.94,512.42,24.96,24.96,M3->FP x M2,150.12,270.64,283.4,82.5,177.7,670.5,676.9
550,0.45,19.0,440.95,463.30,631.40,71.81,140.09,531.79,140.09,531.79,31.15,31.15,M3->FP x M2,150.12,270.64,283.4,82.5,177.7,670.5,707.1
550,0.45,20.0,470.93,496.54,668.53,81.03,143.49,552.37,143.49,552.37,37.43,37.43,M3->FP x M2,150.12,270.64,283.4,82.5,177.7,670.5,737.7
550,0.50,2.0,-51.00,-97.75,0.09,-97.46,139.00,382.96,139.00,382.96,-52.70,-97.75,in->M1 x M3,167.04,306.04,273.4,91.7,197.4,689.0,230.5
550,0.50,3.0,-52.35,-97.43,13.81,-97.72,139.00,382.96,139.00,382.96,-52.69,-97.72,M1->M2 x M3,167.04,306.04,273.4,91.7,197.4,689.0,255.6
550,0.50,4.0,-33.34,-67.15,50.82,-97.61,139.00,382.96,139.00,382.96,-52.67,-97.61,M1->M2 x M3,167.04,306.04,273.4,91.7,197.4,689.0,280.7
550,0.50,5.0,-4.37,-35.25,87.82,-97.69,139.00,382.96,139.00,382.96,-52.63,-97.69,M1->M2 x M3,167.04,306.04,273.4,91.7,197.4,689.0,305.9
550,0.50,6.0,24.55,-3.26,124.79,-89.06,139.00,382.96,139.00,382.96,-52.58,-89.06,M1->M2 x M3,167.04,306.04,273.4,91.7,197.4,689.0,331.2
550,0.50,7.0,53.45,28.64,161.72,-77.25,139.00,382.96,139.00,382.96,-51.46,-77.25,M1->M2 x M3,167.04,306.04,273.4,91.7,197.4,689.0,356.6
550,0.50,8.0,82.34,60.52,198.61,-65.40,139.00,383.03,139.00,383.03,-45.57,-65.40,M1->M2 x M3,167.04,306.04,273.4,91.7,197.4,689.0,382.1
550,0.50,9.0,111.19,92.37,235.43,-53.48,139.11,384.37,139.11,384.37,-39.65,-53.48,M1->M2 x M3,167.04,306.04,273.4,91.7,197.4,689.0,407.7
550,0.50,10.0,140.02,124.20,272.18,-41.51,139.48,387.41,139.48,387.41,-33.70,-41.51,M1->M2 x M3,167.04,306.04,273.4,91.7,197.4,689.0,433.4
550,0.50,11.0,168.80,155.99,308.85,-29.45,140.09,392.16,140.09,392.16,-27.72,-29.45,M1->M2 x M3,167.04,306.04,273.4,91.7,197.4,689.0,459.3
550,0.50,12.0,197.53,187.74,345.42,-17.32,140.96,398.58,140.96,398.58,-21.69,-21.69,M3->FP x M2,167.04,306.04,273.4,91.7,197.4,689.0,485.4
550,0.50,13.0,226.20,219.42,381.89,-5.10,142.09,406.63,142.09,406.63,-15.62,-15.62,M3->FP x M2,167.04,306.04,273.4,91.7,197.4,689.0,511.7
550,0.50,14.0,254.80,251.04,418.25,6.68,143.47,416.26,143.47,416.26,-9.50,-9.50,M3->FP x M2,167.04,306.04,273.4,91.7,197.4,689.0,538.2
550,0.50,15.0,283.32,282.58,454.47,17.93,145.11,427.42,145.11,427.42,-3.33,-3.33,M3->FP x M2,167.04,306.04,273.4,91.7,197.4,689.0,565.0
550,0.50,16.0,311.76,314.04,490.56,28.96,147.01,440.03,147.01,440.03,2.79,2.79,M3->FP x M2,167.04,306.04,273.4,91.7,197.4,689.0,592.0
550,0.50,17.0,340.10,345.40,526.50,39.75,149.17,454.04,149.17,454.04,8.86,8.86,M3->FP x M2,167.04,306.04,273.4,91.7,197.4,689.0,619.2
550,0.50,18.0,368.34,376.66,562.28,50.28,151.57,469.37,151.57,469.37,14.99,14.99,M3->FP x M2,167.04,306.04,273.4,91.7,197.4,689.0,646.8
550,0.50,19.0,396.47,407.80,597.88,60.55,154.23,485.96,154.23,485.96,21.20,21.20,M3->FP x M2,167.04,306.04,273.4,91.7,197.4,689.0,674.7
550,0.50,20.0,424.48,438.82,633.31,70.54,157.15,503.76,157.15,503.76,27.48,27.48,M3->FP x M2,167.04,306.04,273.4,91.7,197.4,689.0,702.9
550,0.55,2.0,-57.63,-109.17,1.19,-109.23,157.97,365.99,157.97,365.99,-57.74,-109.23,M1->M2 x M3,184.01,341.97,265.2,100.8,217.4,708.0,236.8
550,0.55,3.0,-57.23,-109.08,9.78,-108.99,157.97,365.99,157.97,365.99,-57.83,-109.08,in->M1 x M3,184.01,341.97,265.2,100.8,217.4,708.0,260.1
550,0.55,4.0,-45.34,-86.47,45.38,-109.16,157.97,365.99,157.97,365.99,-57.94,-109.16,M1->M2 x M3,184.01,341.97,265.2,100.8,217.4,708.0,283.5
550,0.55,5.0,-18.13,-56.61,80.97,-109.10,157.97,365.99,157.97,365.99,-57.64,-109.10,M1->M2 x M3,184.01,341.97,265.2,100.8,217.4,708.0,306.9
550,0.55,6.0,9.12,-26.67,116.53,-104.90,157.97,365.99,157.97,365.99,-57.78,-104.90,M1->M2 x M3,184.01,341.97,265.2,100.8,217.4,708.0,330.5
550,0.55,7.0,36.29,3.35,152.06,-93.08,157.97,365.99,157.97,365.99,-57.95,-93.08,M1->M2 x M3,184.01,341.97,265.2,100.8,217.4,708.0,354.1
550,0.55,8.0,63.46,33.24,187.54,-81.21,157.97,365.99,157.97,365.99,-56.07,-81.21,M1->M2 x M3,184.01,341.97,265.2,100.8,217.4,708.0,377.8
550,0.55,9.0,90.60,63.11,222.96,-69.28,157.97,366.07,157.97,366.07,-50.15,-69.28,M1->M2 x M3,184.01,341.97,265.2,100.8,217.4,708.0,401.6
550,0.55,10.0,117.72,92.97,258.32,-57.28,158.12,367.33,158.12,367.33,-44.20,-57.28,M1->M2 x M3,184.01,341.97,265.2,100.8,217.4,708.0,425.6
550,0.55,11.0,144.80,122.79,293.60,-45.21,158.49,370.16,158.49,370.16,-38.21,-45.21,M1->M2 x M3,184.01,341.97,265.2,100.8,217.4,708.0,449.7
550,0.55,12.0,171.84,152.58,328.78,-33.06,159.08,374.55,159.08,374.55,-32.18,-33.06,M1->M2 x M3,184.01,341.97,265.2,100.8,217.4,708.0,474.0
550,0.55,13.0,198.82,182.32,363.87,-20.82,159.91,380.49,159.91,380.49,-26.10,-26.10,M3->FP x M2,184.01,341.97,265.2,100.8,217.4,708.0,498.4
550,0.55,14.0,225.75,212.01,398.85,-8.49,160.97,387.94,160.97,387.94,-19.98,-19.98,M3->FP x M2,184.01,341.97,265.2,100.8,217.4,708.0,523.1
550,0.55,15.0,252.60,241.64,433.70,3.66,162.26,396.86,162.26,396.86,-13.80,-13.80,M3->FP x M2,184.01,341.97,265.2,100.8,217.4,708.0,548.0
550,0.55,16.0,279.38,271.18,468.43,15.11,163.79,407.20,163.79,407.20,-7.57,-7.57,M3->FP x M2,184.01,341.97,265.2,100.8,217.4,708.0,573.1
550,0.55,17.0,306.07,300.65,503.01,26.37,165.55,418.90,165.55,418.90,-1.27,-1.27,M3->FP x M2,184.01,341.97,265.2,100.8,217.4,708.0,598.5
550,0.55,18.0,332.67,330.03,537.44,37.42,167.55,431.92,167.55,431.92,4.91,4.91,M3->FP x M2,184.01,341.97,265.2,100.8,217.4,708.0,624.2
550,0.55,19.0,359.17,359.30,571.70,48.26,169.79,446.19,169.79,446.19,11.12,11.12,M3->FP x M2,184.01,341.97,265.2,100.8,217.4,708.0,650.1
550,0.55,20.0,385.56,388.47,605.79,58.87,172.26,461.65,172.26,461.65,17.40,17.40,M3->FP x M2,184.01,341.97,265.2,100.8,217.4,708.0,676.4
550,0.60,2.0,-63.19,-120.82,0.09,-120.50,177.26,348.97,177.26,348.97,-63.08,-120.82,in->M1 x M3,201.03,378.29,258.4,110.0,237.6,727.3,243.7
550,0.60,3.0,-62.93,-120.71,6.59,-120.80,177.26,348.97,177.26,348.97,-63.07,-120.80,M1->M2 x M3,201.03,378.29,258.4,110.0,237.6,727.3,265.6
550,0.60,4.0,-56.22,-104.79,41.08,-120.70,177.26,348.97,177.26,348.97,-63.04,-120.70,M1->M2 x M3,201.03,378.29,258.4,110.0,237.6,727.3,287.6
550,0.60,5.0,-30.47,-76.69,75.55,-120.44,177.26,348.97,177.26,348.97,-62.84,-120.44,M1->M2 x M3,201.03,378.29,258.4,110.0,237.6,727.3,309.6
550,0.60,6.0,-4.64,-48.50,110.00,-120.59,177.26,348.97,177.26,348.97,-62.84,-120.59,M1->M2 x M3,201.03,378.29,258.4,110.0,237.6,727.3,331.6
550,0.60,7.0,21.12,-20.22,144.42,-108.75,177.26,348.97,177.26,348.97,-63.09,-108.75,M1->M2 x M3,201.03,378.29,258.4,110.0,237.6,727.3,353.8
550,0.60,8.0,46.85,8.11,178.79,-96.86,177.26,348.97,177.26,348.97,-63.18,-96.86,M1->M2 x M3,201.03,378.29,258.4,110.0,237.6,727.3,376.0
550,0.60,9.0,72.57,36.28,213.11,-84.91,177.26,348.97,177.26,348.97,-60.74,-84.91,M1->M2 x M3,201.03,378.29,258.4,110.0,237.6,727.3,398.4
550,0.60,10.0,98.27,64.45,247.36,-72.90,177.27,349.04,177.27,349.04,-54.78,-72.90,M1->M2 x M3,201.03,378.29,258.4,110.0,237.6,727.3,420.8
550,0.60,11.0,123.94,92.60,281.54,-60.81,177.45,350.21,177.45,350.21,-48.79,-60.81,M1->M2 x M3,201.03,378.29,258.4,110.0,237.6,727.3,443.5
550,0.60,12.0,149.57,120.72,315.63,-48.64,177.83,352.85,177.83,352.85,-42.75,-48.64,M1->M2 x M3,201.03,378.29,258.4,110.0,237.6,727.3,466.2
550,0.60,13.0,175.15,148.81,349.63,-36.39,178.42,356.95,178.42,356.95,-36.67,-36.67,M3->FP x M2,201.03,378.29,258.4,110.0,237.6,727.3,489.2
550,0.60,14.0,200.68,176.84,383.52,-24.03,179.21,362.50,179.21,362.50,-30.54,-30.54,M3->FP x M2,201.03,378.29,258.4,110.0,237.6,727.3,512.3
550,0.60,15.0,226.15,204.83,417.29,-11.57,180.21,369.48,180.21,369.48,-24.36,-24.36,M3->FP x M2,201.03,378.29,258.4,110.0,237.6,727.3,535.7
550,0.60,16.0,251.55,232.75,450.94,0.93,181.43,377.85,181.43,377.85,-18.13,-18.13,M3->FP x M2,201.03,378.29,258.4,110.0,237.6,727.3,559.2
550,0.60,17.0,276.87,260.60,484.45,12.55,182.87,387.57,182.87,387.57,-11.83,-11.83,M3->FP x M2,201.03,378.29,258.4,110.0,237.6,727.3,583.0
550,0.60,18.0,302.11,288.37,517.81,24.02,184.52,398.59,184.52,398.59,-5.46,-5.46,M3->FP x M2,201.03,378.29,258.4,110.0,237.6,727.3,607.1
550,0.60,19.0,327.26,316.06,551.01,35.32,186.40,410.86,186.40,410.86,0.95,0.95,M3->FP x M2,201.03,378.29,258.4,110.0,237.6,727.3,631.4
550,0.60,20.0,352.31,343.64,584.04,46.44,188.50,424.32,188.50,424.32,7.23,7.23,M3->FP x M2,201.03,378.29,258.4,110.0,237.6,727.3,656.0
550,0.65,2.0,-67.78,-132.45,0.33,-132.50,196.73,331.90,196.73,331.90,-68.33,-132.50,M1->M2 x M3,218.10,414.83,252.6,119.2,257.9,746.7,251.3
550,0.65,3.0,-68.36,-132.43,4.06,-132.41,196.73,331.90,196.73,331.90,-68.36,-132.43,in->M1 x M3,218.10,414.83,252.6,119.2,257.9,746.7,271.9
550,0.65,4.0,-66.23,-122.32,37.65,-132.44,196.73,331.90,196.73,331.90,-68.06,-132.44,M1->M2 x M3,218.10,414.83,252.6,119.2,257.9,746.7,292.6
550,0.65,5.0,-41.72,-95.75,71.24,-132.50,196.73,331.90,196.73,331.90,-68.44,-132.50,M1->M2 x M3,218.10,414.83,252.6,119.2,257.9,746.7,313.4
550,0.65,6.0,-17.14,-69.10,104.80,-132.51,196.73,331.90,196.73,331.90,-68.20,-132.51,M1->M2 x M3,218.10,414.83,252.6,119.2,257.9,746.7,334.2
550,0.65,7.0,7.48,-42.36,138.33,-124.21,196.73,331.90,196.73,331.90,-68.38,-124.21,M1->M2 x M3,218.10,414.83,252.6,119.2,257.9,746.7,355.1
550,0.65,8.0,32.00,-15.50,171.82,-112.30,196.73,331.90,196.73,331.90,-68.22,-112.30,M1->M2 x M3,218.10,414.83,252.6,119.2,257.9,746.7,376.1
550,0.65,9.0,56.52,11.35,205.26,-100.33,196.73,331.90,196.73,331.90,-68.40,-100.33,M1->M2 x M3,218.10,414.83,252.6,119.2,257.9,746.7,397.2
550,0.65,10.0,81.01,38.05,238.63,-88.30,196.73,331.90,196.73,331.90,-65.42,-88.30,M1->M2 x M3,218.10,414.83,252.6,119.2,257.9,746.7,418.5
550,0.65,11.0,105.49,64.74,271.93,-76.20,196.77,331.96,196.77,331.96,-59.42,-76.20,M1->M2 x M3,218.10,414.83,252.6,119.2,257.9,746.7,439.8
550,0.65,12.0,129.93,91.41,305.15,-64.02,196.97,333.03,196.97,333.03,-53.38,-64.02,M1->M2 x M3,218.10,414.83,252.6,119.2,257.9,746.7,461.3
550,0.65,13.0,154.33,118.05,338.28,-51.74,197.36,335.49,197.36,335.49,-47.29,-51.74,M1->M2 x M3,218.10,414.83,252.6,119.2,257.9,746.7,483.0
550,0.65,14.0,178.68,144.66,371.30,-39.37,197.94,339.35,197.94,339.35,-41.16,-41.16,M3->FP x M2,218.10,414.83,252.6,119.2,257.9,746.7,504.8
550,0.65,15.0,202.98,171.22,404.21,-26.89,198.70,344.60,198.70,344.60,-34.98,-34.98,M3->FP x M2,218.10,414.83,252.6,119.2,257.9,746.7,526.8
550,0.65,16.0,227.22,197.73,437.00,-14.30,199.67,351.21,199.67,351.21,-28.73,-28.73,M3->FP x M2,218.10,414.83,252.6,119.2,257.9,746.7,549.1
550,0.65,17.0,251.39,224.18,469.65,-1.58,200.83,359.16,200.83,359.16,-22.43,-22.43,M3->FP x M2,218.10,414.83,252.6,119.2,257.9,746.7,571.6
550,0.65,18.0,275.48,250.56,502.16,10.34,202.20,368.41,202.20,368.41,-16.06,-16.06,M3->FP x M2,218.10,414.83,252.6,119.2,257.9,746.7,594.3
550,0.65,19.0,299.49,276.87,534.52,22.00,203.77,378.91,203.77,378.91,-9.61,-9.61,M3->FP x M2,218.10,414.83,252.6,119.2,257.9,746.7,617.2
550,0.65,20.0,323.41,303.09,566.71,33.53,205.55,390.61,205.55,390.61,-3.09,-3.09,M3->FP x M2,218.10,414.83,252.6,119.2,257.9,746.7,640.5
550,0.70,2.0,-73.52,-143.96,0.17,-144.02,216.24,314.79,216.24,314.79,-73.40,-144.02,M1->M2 x M3,235.21,451.45,247.7,128.3,278.3,766.2,259.2
550,0.70,3.0,-73.62,-144.16,2.02,-144.04,216.24,314.79,216.24,314.79,-73.49,-144.16,in->M1 x M3,235.21,451.45,247.7,128.3,278.3,766.2,278.8
550,0.70,4.0,-72.06,-139.21,34.90,-143.88,216.24,314.79,216.24,314.79,-73.67,-143.88,M1->M2 x M3,235.21,451.45,247.7,128.3,278.3,766.2,298.5
550,0.70,5.0,-52.12,-113.99,67.78,-144.14,216.24,314.79,216.24,314.79,-73.76,-144.14,M1->M2 x M3,235.21,451.45,247.7,128.3,278.3,766.2,318.2
550,0.70,6.0,-28.60,-88.70,100.63,-143.93,216.24,314.79,216.24,314.79,-73.62,-143.93,M1->M2 x M3,235.21,451.45,247.7,128.3,278.3,766.2,337.9
550,0.70,7.0,-5.00,-63.32,133.45,-139.41,216.24,314.79,216.24,314.79,-73.50,-139.41,M1->M2 x M3,235.21,451.45,247.7,128.3,278.3,766.2,357.8
550,0.70,8.0,18.52,-37.83,166.23,-127.49,216.24,314.79,216.24,314.79,-73.41,-127.49,M1->M2 x M3,235.21,451.45,247.7,128.3,278.3,766.2,377.7
550,0.70,9.0,42.01,-12.21,198.96,-115.50,216.24,314.79,216.24,314.79,-73.35,-115.50,M1->M2 x M3,235.21,451.45,247.7,128.3,278.3,766.2,397.7
550,0.70,10.0,65.48,13.34,231.63,-103.46,216.24,314.79,216.24,314.79,-73.32,-103.46,M1->M2 x M3,235.21,451.45,247.7,128.3,278.3,766.2,417.9
550,0.70,11.0,88.93,38.74,264.23,-91.34,216.24,314.79,216.24,314.79,-70.06,-91.34,M1->M2 x M3,235.21,451.45,247.7,128.3,278.3,766.2,438.2
550,0.70,12.0,112.36,64.14,296.75,-79.13,216.30,314.82,216.30,314.82,-64.01,-79.13,M1->M2 x M3,235.21,451.45,247.7,128.3,278.3,766.2,458.6
550,0.70,13.0,135.75,89.51,329.17,-66.84,216.53,315.78,216.53,315.78,-57.92,-66.84,M1->M2 x M3,235.21,451.45,247.7,128.3,278.3,766.2,479.1
550,0.70,14.0,159.10,114.85,361.50,-54.45,216.92,318.09,216.92,318.09,-51.79,-54.45,M1->M2 x M3,235.21,451.45,247.7,128.3,278.3,766.2,499.9
550,0.70,15.0,182.40,140.16,393.72,-41.95,217.50,321.75,217.50,321.75,-45.60,-45.60,M3->FP x M2,235.21,451.45,247.7,128.3,278.3,766.2,520.8
550,0.70,16.0,205.64,165.43,425.82,-29.34,218.25,326.76,218.25,326.76,-39.35,-39.35,M3->FP x M2,235.21,451.45,247.7,128.3,278.3,766.2,541.9
550,0.70,17.0,228.82,190.65,457.79,-16.60,219.18,333.10,219.18,333.10,-33.04,-33.04,M3->FP x M2,235.21,451.45,247.7,128.3,278.3,766.2,563.2
550,0.70,18.0,251.94,215.80,489.61,-3.73,220.30,340.73,220.30,340.73,-26.66,-26.66,M3->FP x M2,235.21,451.45,247.7,128.3,278.3,766.2,584.8
550,0.70,19.0,274.97,240.90,521.29,8.51,221.61,349.62,221.61,349.62,-20.21,-20.21,M3->FP x M2,235.21,451.45,247.7,128.3,278.3,766.2,606.6
550,0.70,20.0,297.93,265.92,552.81,20.37,223.12,359.74,223.12,359.74,-13.68,-13.68,M3->FP x M2,235.21,451.45,247.7,128.3,278.3,766.2,628.7
550,0.75,2.0,-78.86,-155.85,0.14,-155.61,235.63,297.62,235.63,297.62,-78.48,-155.85,in->M1 x M3,252.38,488.01,243.4,137.5,298.7,785.6,272.9
550,0.75,3.0,-78.78,-155.74,0.38,-155.49,235.63,297.62,235.63,297.62,-78.84,-155.74,in->M1 x M3,252.38,488.01,243.4,137.5,298.7,785.6,286.1
550,0.75,4.0,-78.34,-155.53,32.69,-155.50,235.63,297.62,235.63,297.62,-78.68,-155.53,in->M1 x M3,252.38,488.01,243.4,137.5,298.7,785.6,304.9
550,0.75,5.0,-61.84,-131.53,64.99,-155.57,235.63,297.62,235.63,297.62,-78.75,-155.57,M1->M2 x M3,252.38,488.01,243.4,137.5,298.7,785.6,323.6
550,0.75,6.0,-39.24,-107.45,97.27,-155.60,235.63,297.62,235.63,297.62,-78.96,-155.60,M1->M2 x M3,252.38,488.01,243.4,137.5,298.7,785.6,342.5
550,0.75,7.0,-16.56,-83.29,129.51,-154.31,235.63,297.62,235.63,297.62,-78.31,-154.31,M1->M2 x M3,252.38,488.01,243.4,137.5,298.7,785.6,361.4
550,0.75,8.0,6.15,-59.02,161.72,-142.37,235.63,297.62,235.63,297.62,-78.95,-142.37,M1->M2 x M3,252.38,488.01,243.4,137.5,298.7,785.6,380.4
550,0.75,9.0,28.74,-34.64,193.88,-130.37,235.63,297.62,235.63,297.62,-78.66,-130.37,M1->M2 x M3,252.38,488.01,243.4,137.5,298.7,785.6,399.5
550,0.75,10.0,51.33,-10.13,225.99,-118.30,235.63,297.62,235.63,297.62,-78.90,-118.30,M1->M2 x M3,252.38,488.01,243.4,137.5,298.7,785.6,418.8
550,0.75,11.0,73.90,14.28,258.02,-106.17,235.63,297.62,235.63,297.62,-78.85,-106.17,M1->M2 x M3,252.38,488.01,243.4,137.5,298.7,785.6,438.1
550,0.75,12.0,96.44,38.53,289.97,-93.95,235.63,297.62,235.63,297.62,-74.61,-93.95,M1->M2 x M3,252.38,488.01,243.4,137.5,298.7,785.6,457.6
550,0.75,13.0,118.96,62.76,321.84,-81.64,235.72,297.64,235.72,297.64,-68.52,-81.64,M1->M2 x M3,252.38,488.01,243.4,137.5,298.7,785.6,477.2
550,0.75,14.0,141.44,86.98,353.60,-69.23,235.97,298.49,235.97,298.49,-62.38,-69.23,M1->M2 x M3,252.38,488.01,243.4,137.5,298.7,785.6,496.9
550,0.75,15.0,163.88,111.17,385.26,-56.71,236.38,300.67,236.38,300.67,-56.18,-56.71,M1->M2 x M3,252.38,488.01,243.4,137.5,298.7,785.6,516.9
550,0.75,16.0,186.27,135.33,416.81,-44.08,236.95,304.17,236.95,304.17,-49.93,-49.93,M3->FP x M2,252.38,488.01,243.4,137.5,298.7,785.6,537.0
550,0.75,17.0,208.60,159.45,448.22,-31.32,237.69,308.99,237.69,308.99,-43.62,-43.62,M3->FP x M2,252.38,488.01,243.4,137.5,298.7,785.6,557.4
550,0.75,18.0,230.86,183.52,479.50,-18.43,238.60,315.12,238.60,315.12,-37.23,-37.23,M3->FP x M2,252.38,488.01,243.4,137.5,298.7,785.6,577.9
550,0.75,19.0,253.06,207.53,510.63,-5.39,239.69,322.52,239.69,322.52,-30.78,-30.78,M3->FP x M2,252.38,488.01,243.4,137.5,298.7,785.6,598.7
550,0.75,20.0,275.18,231.48,541.61,7.15,240.96,331.17,240.96,331.17,-24.25,-24.25,M3->FP x M2,252.38,488.01,243.4,137.5,298.7,785.6,619.8
550,0.80,2.0,-83.71,-167.23,0.14,-167.22,254.75,280.41,254.75,280.41,-84.18,-167.23,in->M1 x M3,269.59,524.35,239.6,146.7,318.9,804.8,293.1
550,0.80,3.0,-83.69,-167.14,0.08,-167.45,254.75,280.41,254.75,280.41,-84.11,-167.45,M1->M2 x M3,269.59,524.35,239.6,146.7,318.9,804.8,293.7
550,0.80,4.0,-83.78,-167.08,30.89,-167.42,254.75,280.41,254.75,280.41,-83.76,-167.42,M1->M2 x M3,269.59,524.35,239.6,146.7,318.9,804.8,311.7
550,0.80,5.0,-71.00,-148.44,62.73,-167.06,254.75,280.41,254.75,280.41,-84.32,-167.06,M1->M2 x M3,269.59,524.35,239.6,146.7,318.9,804.8,329.7
550,0.80,6.0,-49.21,-125.47,94.54,-167.47,254.75,280.41,254.75,280.41,-83.99,-167.47,M1->M2 x M3,269.59,524.35,239.6,146.7,318.9,804.8,347.7
550,0.80,7.0,-27.34,-102.41,126.33,-167.06,254.75,280.41,254.75,280.41,-83.70,-167.06,M1->M2 x M3,269.59,524.35,239.6,146.7,318.9,804.8,365.8
550,0.80,8.0,-5.38,-79.26,158.08,-156.90,254.75,280.41,254.75,280.41,-84.30,-156.90,M1->M2 x M3,269.59,524.35,239.6,146.7,318.9,804.8,384.0
550,0.80,9.0,16.48,-55.99,189.77,-144.88,254.75,280.41,254.75,280.41,-84.06,-144.88,M1->M2 x M3,269.59,524.35,239.6,146.7,318.9,804.8,402.3
550,0.80,10.0,38.29,-32.60,221.42,-132.80,254.75,280.41,254.75,280.41,-83.87,-132.80,M1->M2 x M3,269.59,524.35,239.6,146.7,318.9,804.8,420.7
550,0.80,11.0,60.09,-9.06,252.99,-120.64,254.75,280.41,254.75,280.41,-84.12,-120.64,M1->M2 x M3,269.59,524.35,239.6,146.7,318.9,804.8,439.2
550,0.80,12.0,81.87,14.32,284.49,-108.40,254.75,280.41,254.75,280.41,-84.23,-108.40,M1->M2 x M3,269.59,524.35,239.6,146.7,318.9,804.8,457.9
550,0.80,13.0,103.63,37.53,315.90,-96.08,254.76,280.41,254.76,280.41,-79.05,-96.08,M1->M2 x M3,269.59,524.35,239.6,146.7,318.9,804.8,476.7
550,0.80,14.0,125.35,60.74,347.21,-83.65,254.88,280.41,254.88,280.41,-72.90,-83.65,M1->M2 x M3,269.59,524.35,239.6,146.7,318.9,804.8,495.6
550,0.80,15.0,147.04,83.92,378.42,-71.12,255.15,281.16,255.15,281.16,-66.70,-71.12,M1->M2 x M3,269.59,524.35,239.6,146.7,318.9,804.8,514.7
550,0.80,16.0,168.68,107.08,409.51,-58.47,255.56,283.22,255.56,283.22,-60.44,-60.44,M3->FP x M2,269.59,524.35,239.6,146.7,318.9,804.8,534.0
550,0.80,17.0,190.27,130.21,440.48,-45.69,256.14,286.59,256.14,286.59,-54.12,-54.12,M3->FP x M2,269.59,524.35,239.6,146.7,318.9,804.8,553.5
550,0.80,18.0,211.80,153.29,471.31,-32.78,256.87,291.28,256.87,291.28,-47.73,-47.73,M3->FP x M2,269.59,524.35,239.6,146.7,318.9,804.8,573.2
550,0.80,19.0,233.27,176.34,502.00,-19.72,257.77,297.27,257.77,297.27,-41.28,-41.28,M3->FP x M2,269.59,524.35,239.6,146.7,318.9,804.8,593.1
550,0.80,20.0,254.66,199.32,532.54,-6.51,258.84,304.53,258.84,304.53,-34.74,-34.74,M3->FP x M2,269.59,524.35,239.6,146.7,318.9,804.8,613.2
550,0.85,2.0,-89.05,-178.92,0.30,-178.80,273.46,263.15,273.46,263.15,-89.35,-178.92,in->M1 x M3,286.85,560.31,236.3,155.8,338.9,823.5,313.1
550,0.85,3.0,-89.59,-178.90,0.30,-178.55,273.46,263.15,273.46,263.15,-88.98,-178.90,in->M1 x M3,286.85,560.31,236.3,155.8,338.9,823.5,313.1
550,0.85,4.0,-89.38,-178.82,29.44,-178.59,273.46,263.15,273.46,263.15,-89.27,-178.82,in->M1 x M3,286.85,560.31,236.3,155.8,338.9,823.5,318.7
550,0.85,5.0,-79.70,-164.79,60.89,-178.61,273.46,263.15,273.46,263.15,-89.29,-178.61,M1->M2 x M3,286.85,560.31,236.3,155.8,338.9,823.5,336.0
550,0.85,6.0,-58.62,-142.82,92.33,-178.59,273.46,263.15,273.46,263.15,-89.60,-178.59,M1->M2 x M3,286.85,560.31,236.3,155.8,338.9,823.5,353.4
550,0.85,7.0,-37.47,-120.77,123.74,-178.74,273.46,263.15,273.46,263.15,-89.53,-178.74,M1->M2 x M3,286.85,560.31,236.3,155.8,338.9,823.5,370.8
550,0.85,8.0,-16.23,-98.63,155.11,-171.02,273.46,263.15,273.46,263.15,-89.18,-171.02,M1->M2 x M3,286.85,560.31,236.3,155.8,338.9,823.5,388.3
550,0.85,9.0,5.05,-76.39,186.43,-158.98,273.46,263.15,273.46,263.15,-89.28,-158.98,M1->M2 x M3,286.85,560.31,236.3,155.8,338.9,823.5,405.9
550,0.85,10.0,26.18,-54.02,217.70,-146.89,273.46,263.15,273.46,263.15,-88.64,-146.89,M1->M2 x M3,286.85,560.31,236.3,155.8,338.9,823.5,423.6
550,0.85,11.0,47.30,-31.52,248.90,-134.71,273.46,263.15,273.46,263.15,-89.32,-134.71,M1->M2 x M3,286.85,560.31,236.3,155.8,338.9,823.5,441.4
550,0.85,12.0,68.41,-8.86,280.02,-122.46,273.46,263.15,273.46,263.15,-89.27,-122.46,M1->M2 x M3,286.85,560.31,236.3,155.8,338.9,823.5,459.3
550,0.85,13.0,89.49,13.61,311.06,-110.11,273.46,263.15,273.46,263.15,-89.46,-110.11,M1->M2 x M3,286.85,560.31,236.3,155.8,338.9,823.5,477.3
550,0.85,14.0,110.55,35.89,342.01,-97.67,273.48,263.15,273.48,263.15,-83.30,-97.67,M1->M2 x M3,286.85,560.31,236.3,155.8,338.9,823.5,495.5
550,0.85,15.0,131.58,58.15,372.85,-85.12,273.62,263.15,273.62,263.15,-77.10,-85.12,M1->M2 x M3,286.85,560.31,236.3,155.8,338.9,823.5,513.9
550,0.85,16.0,152.56,80.40,403.57,-72.45,273.91,263.80,273.91,263.80,-70.84,-72.45,M1->M2 x M3,286.85,560.31,236.3,155.8,338.9,823.5,532.4
550,0.85,17.0,173.50,102.63,434.18,-59.65,274.34,265.76,274.34,265.76,-64.51,-64.51,M3->FP x M2,286.85,560.31,236.3,155.8,338.9,823.5,551.1
550,0.85,18.0,194.38,124.82,464.65,-46.72,274.92,269.04,274.92,269.04,-58.12,-58.12,M3->FP x M2,286.85,560.31,236.3,155.8,338.9,823.5,570.1
550,0.85,19.0,215.21,146.98,494.98,-33.65,275.65,273.65,275.65,273.65,-51.66,-51.66,M3->FP x M2,286.85,560.31,236.3,155.8,338.9,823.5,589.2
550,0.85,20.0,235.97,169.09,525.16,-20.41,276.54,279.56,276.54,279.56,-45.12,-45.12,M3->FP x M2,286.85,560.31,236.3,155.8,338.9,823.5,608.6
550,0.90,2.0,-94.17,-189.90,0.27,-190.24,291.59,245.85,291.59,245.85,-94.49,-190.24,M1->M2 x M3,304.15,595.74,233.4,165.0,358.6,841.6,332.7
550,0.90,3.0,-94.61,-190.21,0.89,-189.91,291.59,245.85,291.59,245.85,-94.45,-190.21,in->M1 x M3,304.15,595.74,233.4,165.0,358.6,841.6,332.7
550,0.90,4.0,-94.65,-190.14,28.24,-190.29,291.59,245.85,291.59,245.85,-94.80,-190.29,M1->M2 x M3,304.15,595.74,233.4,165.0,358.6,841.6,332.7
550,0.90,5.0,-88.02,-180.58,59.38,-189.92,291.59,245.85,291.59,245.85,-94.86,-189.92,M1->M2 x M3,304.15,595.74,233.4,165.0,358.6,841.6,342.7
550,0.90,6.0,-67.58,-159.54,90.51,-190.22,291.59,245.85,291.59,245.85,-94.40,-190.22,M1->M2 x M3,304.15,595.74,233.4,165.0,358.6,841.6,359.4
550,0.90,7.0,-47.06,-138.43,121.61,-190.10,291.59,245.85,291.59,245.85,-94.49,-190.10,M1->M2 x M3,304.15,595.74,233.4,165.0,358.6,841.6,376.2
550,0.90,8.0,-26.46,-117.23,152.67,-184.69,291.59,245.85,291.59,245.85,-94.09,-184.69,M1->M2 x M3,304.15,595.74,233.4,165.0,358.6,841.6,393.1
550,0.90,9.0,-5.75,-95.92,183.69,-172.64,291.59,245.85,291.59,245.85,-94.64,-172.64,M1->M2 x M3,304.15,595.74,233.4,165.0,358.6,841.6,410.0
550,0.90,10.0,14.84,-74.50,214.65,-160.52,291.59,245.85,291.59,245.85,-93.90,-160.52,M1->M2 x M3,304.15,595.74,233.4,165.0,358.6,841.6,427.1
550,0.90,11.0,35.36,-52.95,245.54,-148.33,291.59,245.85,291.59,245.85,-94.77,-148.33,M1->M2 x M3,304.15,595.74,233.4,165.0,358.6,841.6,444.2
550,0.90,12.0,55.87,-31.26,276.36,-136.06,291.59,245.85,291.59,245.85,-93.86,-136.06,M1->M2 x M3,304.15,595.74,233.4,165.0,358.6,841.6,461.5
550,0.90,13.0,76.36,-9.40,307.10,-123.70,291.59,245.85,291.59,245.85,-94.74,-123.70,M1->M2 x M3,304.15,595.74,233.4,165.0,358.6,841.6,478.9
550,0.90,14.0,96.83,12.26,337.74,-111.24,291.59,245.85,291.59,245.85,-93.55,-111.24,M1->M2 x M3,304.15,595.74,233.4,165.0,358.6,841.6,496.4
550,0.90,15.0,117.27,33.69,368.28,-98.67,291.63,245.85,291.63,245.85,-87.34,-98.67,M1->M2 x M3,304.15,595.74,233.4,165.0,358.6,841.6,514.1
550,0.90,16.0,137.67,55.10,398.71,-85.98,291.80,245.85,291.80,245.85,-81.08,-85.98,M1->M2 x M3,304.15,595.74,233.4,165.0,358.6,841.6,532.0
550,0.90,17.0,158.04,76.50,429.02,-73.17,292.11,246.41,292.11,246.41,-74.75,-74.75,M3->FP x M2,304.15,595.74,233.4,165.0,358.6,841.6,550.0
550,0.90,18.0,178.35,97.87,459.19,-60.22,292.56,248.29,292.56,248.29,-68.35,-68.35,M3->FP x M2,304.15,595.74,233.4,165.0,358.6,841.6,568.3
550,0.90,19.0,198.61,119.21,489.23,-47.13,293.15,251.52,293.15,251.52,-61.88,-61.88,M3->FP x M2,304.15,595.74,233.4,165.0,358.6,841.6,586.7
550,0.90,20.0,218.81,140.52,519.11,-33.87,293.88,256.10,293.88,256.10,-55.34,-55.34,M3->FP x M2,304.15,595.74,233.4,165.0,358.6,841.6,605.4
600,0.30,2.0,-30.75,-54.62,5.29,-54.65,71.84,500.31,71.84,500.31,-31.34,-54.65,M1->M2 x M3,99.69,171.53,347.1,55.0,122.5,671.8,226.9
600,0.30,3.0,6.14,-5.45,57.70,-54.47,71.84,500.31,71.84,500.31,-31.37,-54.47,M1->M2 x M3,99.69,171.53,347.1,55.0,122.5,671.8,267.7
600,0.30,4.0,51.56,44.06,110.10,-48.23,71.84,500.33,71.84,500.33,-29.31,-48.23,M1->M2 x M3,99.69,171.53,347.1,55.0,122.5,671.8,308.5
600,0.30,5.0,96.97,93.55,162.46,-36.57,71.85,502.32,71.85,502.32,-23.50,-36.57,M1->M2 x M3,99.69,171.53,347.1,55.0,122.5,671.8,349.5
600,0.30,6.0,142.35,143.01,214.77,-24.86,72.12,507.63,72.12,507.63,-17.67,-24.86,M1->M2 x M3,99.69,171.53,347.1,55.0,122.5,671.8,390.6
600,0.30,7.0,187.69,192.43,267.02,-13.12,72.86,516.21,72.86,516.21,-11.82,-13.12,M1->M2 x M3,99.69,171.53,347.1,55.0,122.5,671.8,431.9
600,0.30,8.0,232.97,241.79,319.18,-1.33,74.06,527.92,74.06,527.92,-5.95,-5.95,M3->FP x M2,99.69,171.53,347.1,55.0,122.5,671.8,473.3
600,0.30,9.0,278.18,291.07,371.25,9.73,75.71,542.63,75.71,542.63,-0.05,-0.05,M3->FP x M2,99.69,171.53,347.1,55.0,122.5,671.8,515.0
600,0.30,10.0,323.31,340.27,423.21,20.29,77.78,560.14,77.78,560.14,5.67,5.67,M3->FP x M2,99.69,171.53,347.1,55.0,122.5,671.8,556.9
600,0.30,11.0,368.33,389.36,475.03,30.39,80.25,580.28,80.25,580.28,11.43,11.43,M3->FP x M2,99.69,171.53,347.1,55.0,122.5,671.8,599.0
600,0.30,12.0,413.25,438.34,526.72,39.99,83.09,602.84,83.09,602.84,17.22,17.22,M3->FP x M2,99.69,171.53,347.1,55.0,122.5,671.8,641.4
600,0.30,13.0,458.03,487.18,578.24,49.09,86.28,627.63,86.28,627.63,23.06,23.06,M3->FP x M2,99.69,171.53,347.1,55.0,122.5,671.8,684.2
600,0.30,14.0,502.68,535.87,629.58,57.67,89.79,654.49,89.79,654.49,28.94,28.94,M3->FP x M2,99.69,171.53,347.1,55.0,122.5,671.8,727.3
600,0.30,15.0,547.18,584.40,680.74,65.75,93.60,683.26,93.60,683.26,34.88,34.88,M3->FP x M2,99.69,171.53,347.1,55.0,122.5,671.8,770.8
600,0.30,16.0,591.51,632.75,731.68,73.32,97.69,713.79,97.62,713.79,40.88,40.88,M3->FP x M2,99.69,171.53,347.1,55.0,122.5,671.8,814.7
600,0.30,17.0,635.66,680.90,782.40,80.41,102.03,745.97,101.44,745.97,46.93,46.93,M3->FP x M2,99.69,171.53,347.1,55.0,122.5,671.8,859.0
600,0.30,18.0,679.61,728.86,832.89,87.05,106.61,779.53,105.01,779.69,53.05,53.05,M3->FP x M2,99.69,171.53,347.1,55.0,122.5,671.8,903.9
600,0.30,19.0,723.36,776.58,883.12,93.24,111.42,811.47,108.33,814.86,59.24,59.24,M3->FP x M2,99.69,171.53,347.1,55.0,122.5,671.8,949.2
600,0.30,20.0,766.89,824.08,933.08,99.03,116.44,840.83,111.44,851.42,65.50,65.50,M3->FP x M2,99.69,171.53,347.1,55.0,122.5,671.8,995.1
600,0.35,2.0,-36.70,-65.21,1.17,-65.22,88.02,483.55,88.02,483.55,-36.69,-65.22,M1->M2 x M3,116.45,204.48,323.7,64.2,140.8,688.0,225.3
600,0.35,3.0,-13.35,-31.01,44.30,-65.28,88.02,483.55,88.02,483.55,-36.78,-65.28,M1->M2 x M3,116.45,204.48,323.7,64.2,140.8,688.0,261.1
600,0.35,4.0,27.12,13.28,92.00,-64.18,88.02,483.55,88.02,483.55,-36.83,-64.18,M1->M2 x M3,116.45,204.48,323.7,64.2,140.8,688.0,297.0
600,0.35,5.0,67.56,57.53,139.67,-52.50,88.02,483.68,88.02,483.68,-33.25,-52.50,M1->M2 x M3,116.45,204.48,323.7,64.2,140.8,688.0,333.0
600,0.35,6.0,107.99,101.76,187.30,-40.79,88.04,485.87,88.04,485.87,-27.42,-40.79,M1->M2 x M3,116.45,204.48,323.7,64.2,140.8,688.0,369.0
600,0.35,7.0,148.38,145.96,234.87,-29.03,88.35,490.73,88.35,490.73,-21.56,-29.03,M1->M2 x M3,116.45,204.48,323.7,64.2,140.8,688.0,405.2
600,0.35,8.0,188.73,190.11,282.37,-17.22,89.04,498.22,89.04,498.22,-15.69,-17.22,M1->M2 x M3,116.45,204.48,323.7,64.2,140.8,688.0,441.6
600,0.35,9.0,229.02,234.20,329.79,-5.35,90.11,508.24,90.11,508.24,-9.78,-9.78,M3->FP x M2,116.45,204.48,323.7,64.2,140.8,688.0,478.2
600,0.35,10.0,269.24,278.23,377.10,6.11,91.56,520.72,91.56,520.72,-3.85,-3.85,M3->FP x M2,116.45,204.48,323.7,64.2,140.8,688.0,514.9
600,0.35,11.0,309.37,322.17,424.30,16.95,93.38,535.51,93.38,535.51,2.05,2.05,M3->FP x M2,116.45,204.48,323.7,64.2,140.8,688.0,551.9
600,0.35,12.0,349.42,366.01,471.37,27.42,95.55,552.50,95.55,552.50,7.85,7.85,M3->FP x M2,116.45,204.48,323.7,64.2,140.8,688.0,589.2
600,0.35,13.0,389.35,409.74,518.29,37.49,98.05,571.56,98.05,571.56,13.69,13.69,M3->FP x M2,116.45,204.48,323.7,64.2,140.8,688.0,626.7
600,0.35,14.0,429.17,453.35,565.06,47.14,100.88,592.54,100.88,592.54,19.58,19.58,M3->FP x M2,116.45,204.48,323.7,64.2,140.8,688.0,664.5
600,0.35,15.0,468.86,496.81,611.66,56.36,104.01,615.33,104.01,615.33,25.52,25.52,M3->FP x M2,116.45,204.48,323.7,64.2,140.8,688.0,702.7
600,0.35,16.0,508.40,540.13,658.07,65.14,107.44,639.80,107.44,639.80,31.52,31.52,M3->FP x M2,116.45,204.48,323.7,64.2,140.8,688.0,741.2
600,0.35,17.0,547.79,583.28,704.28,73.49,111.15,665.86,111.15,665.86,37.57,37.57,M3->FP x M2,116.45,204.48,323.7,64.2,140.8,688.0,780.2
600,0.35,18.0,587.02,626.25,750.27,81.42,115.12,693.40,115.12,693.40,43.70,43.70,M3->FP x M2,116.45,204.48,323.7,64.2,140.8,688.0,819.5
600,0.35,19.0,626.06,669.04,796.04,88.92,119.34,722.35,119.20,722.35,49.89,49.89,M3->FP x M2,116.45,204.48,323.7,64.2,140.8,688.0,859.3
600,0.35,20.0,664.91,711.61,841.56,96.02,123.80,752.65,123.06,752.65,56.16,56.16,M3->FP x M2,116.45,204.48,323.7,64.2,140.8,688.0,899.6
600,0.40,2.0,-42.17,-75.39,0.25,-75.83,105.05,466.73,105.05,466.73,-42.07,-75.83,M1->M2 x M3,133.27,238.32,306.1,73.3,159.7,705.0,226.7
600,0.40,3.0,-29.29,-53.30,34.49,-76.12,105.05,466.73,105.05,466.73,-42.03,-76.12,M1->M2 x M3,133.27,238.32,306.1,73.3,159.7,705.0,258.8
600,0.40,4.0,7.47,-13.02,78.75,-75.97,105.05,466.73,105.05,466.73,-42.00,-75.97,M1->M2 x M3,133.27,238.32,306.1,73.3,159.7,705.0,290.9
600,0.40,5.0,44.20,27.26,122.99,-68.47,105.05,466.73,105.05,466.73,-41.98,-68.47,M1->M2 x M3,133.27,238.32,306.1,73.3,159.7,705.0,323.1
600,0.40,6.0,80.91,67.50,167.19,-56.74,105.05,467.01,105.05,467.01,-37.39,-56.74,M1->M2 x M3,133.27,238.32,306.1,73.3,159.7,705.0,355.4
600,0.40,7.0,117.59,107.71,211.34,-44.96,105.09,469.25,105.09,469.25,-31.54,-44.96,M1->M2 x M3,133.27,238.32,306.1,73.3,159.7,705.0,387.8
600,0.40,8.0,154.24,147.90,255.43,-33.14,105.42,473.73,105.42,473.73,-25.65,-33.14,M1->M2 x M3,133.27,238.32,306.1,73.3,159.7,705.0,420.4
600,0.40,9.0,190.84,188.04,299.44,-21.26,106.07,480.41,106.07,480.41,-19.75,-21.26,M1->M2 x M3,133.27,238.32,306.1,73.3,159.7,705.0,453.1
600,0.40,10.0,227.39,228.12,343.35,-9.31,107.05,489.23,107.05,489.23,-13.81,-13.81,M3->FP x M2,133.27,238.32,306.1,73.3,159.7,705.0,486.1
600,0.40,11.0,263.86,268.13,387.17,2.52,108.36,500.14,108.36,500.14,-7.83,-7.83,M3->FP x M2,133.27,238.32,306.1,73.3,159.7,705.0,519.2
600,0.40,12.0,300.25,308.07,430.86,13.59,109.98,513.05,109.98,513.05,-1.81,-1.81,M3->FP x M2,133.27,238.32,306.1,73.3,159.7,705.0,552.5
600,0.40,13.0,336.56,347.90,474.42,24.35,111.92,527.85,111.92,527.85,4.10,4.10,M3->FP x M2,133.27,238.32,306.1,73.3,159.7,705.0,586.1
600,0.40,14.0,372.76,387.64,517.84,34.78,114.16,544.46,114.16,544.46,9.99,9.99,M3->FP x M2,133.27,238.32,306.1,73.3,159.7,705.0,620.0
600,0.40,15.0,408.84,427.25,561.10,44.87,116.70,562.77,116.70,562.77,15.94,15.94,M3->FP x M2,133.27,238.32,306.1,73.3,159.7,705.0,654.2
600,0.40,16.0,444.81,466.73,604.19,54.59,119.53,582.69,119.53,582.69,21.94,21.94,M3->FP x M2,133.27,238.32,306.1,73.3,159.7,705.0,688.7
600,0.40,17.0,480.63,506.08,647.10,63.94,122.63,604.14,122.63,604.14,28.00,28.00,M3->FP x M2,133.27,238.32,306.1,73.3,159.7,705.0,723.6
600,0.40,18.0,516.31,545.26,689.80,72.92,126.01,627.03,126.01,627.03,34.12,34.12,M3->FP x M2,133.27,238.32,306.1,73.3,159.7,705.0,758.8
600,0.40,19.0,551.84,584.28,732.30,81.52,129.65,651.28,129.65,651.28,40.32,40.32,M3->FP x M2,133.27,238.32,306.1,73.3,159.7,705.0,794.5
600,0.40,20.0,587.19,623.13,774.58,89.75,133.55,676.84,133.55,676.84,46.59,46.59,M3->FP x M2,133.27,238.32,306.1,73.3,159.7,705.0,830.5
600,0.45,2.0,-46.69,-86.99,0.02,-87.17,122.77,449.86,122.77,449.86,-47.08,-87.17,M1->M2 x M3,150.14,272.91,292.5,82.5,178.9,722.8,230.1
600,0.45,3.0,-42.86,-73.46,27.09,-87.14,122.77,449.86,122.77,449.86,-47.11,-87.14,M1->M2 x M3,150.14,272.91,292.5,82.5,178.9,722.8,259.2
600,0.45,4.0,-9.00,-36.39,68.75,-87.18,122.77,449.86,122.77,449.86,-47.29,-87.18,M1->M2 x M3,150.14,272.91,292.5,82.5,178.9,722.8,288.4
600,0.45,5.0,24.85,0.77,110.40,-84.43,122.77,449.86,122.77,449.86,-47.41,-84.43,M1->M2 x M3,150.14,272.91,292.5,82.5,178.9,722.8,317.7
600,0.45,6.0,58.67,37.84,152.01,-72.68,122.77,449.86,122.77,449.86,-47.31,-72.68,M1->M2 x M3,150.14,272.91,292.5,82.5,178.9,722.8,347.1
600,0.45,7.0,92.48,74.91,193.58,-60.89,122.77,450.26,122.77,450.26,-41.70,-60.89,M1->M2 x M3,150.14,272.91,292.5,82.5,178.9,722.8,376.6
600,0.45,8.0,126.25,111.95,235.09,-49.05,122.85,452.48,122.85,452.48,-35.82,-49.05,M1->M2 x M3,150.14,272.91,292.5,82.5,178.9,722.8,406.2
600,0.45,9.0,159.99,148.95,276.52,-37.15,123.19,456.63,123.19,456.63,-29.90,-37.15,M1->M2 x M3,150.14,272.91,292.5,82.5,178.9,722.8,436.0
600,0.45,10.0,193.68,185.92,317.87,-25.19,123.82,462.69,123.82,462.69,-23.96,-25.19,M1->M2 x M3,150.14,272.91,292.5,82.5,178.9,722.8,465.9
600,0.45,11.0,227.31,222.82,359.13,-13.15,124.73,470.63,124.73,470.63,-17.98,-17.98,M3->FP x M2,150.14,272.91,292.5,82.5,178.9,722.8,496.0
600,0.45,12.0,260.87,259.66,400.27,-1.04,125.92,480.40,125.92,480.40,-11.96,-11.96,M3->FP x M2,150.14,272.91,292.5,82.5,178.9,722.8,526.4
600,0.45,13.0,294.35,296.42,441.30,10.29,127.40,491.92,127.40,491.92,-5.89,-5.89,M3->FP x M2,150.14,272.91,292.5,82.5,178.9,722.8,556.9
600,0.45,14.0,327.74,333.08,482.19,21.29,129.16,505.14,129.16,505.14,0.22,0.22,M3->FP x M2,150.14,272.91,292.5,82.5,178.9,722.8,587.7
600,0.45,15.0,361.03,369.65,522.93,32.03,131.20,519.98,131.20,519.98,6.16,6.16,M3->FP x M2,150.14,272.91,292.5,82.5,178.9,722.8,618.8
600,0.45,16.0,394.22,406.10,563.51,42.47,133.51,536.35,133.51,536.35,12.17,12.17,M3->FP x M2,150.14,272.91,292.5,82.5,178.9,722.8,650.2
600,0.45,17.0,427.28,442.43,603.92,52.61,136.08,554.19,136.08,554.19,18.23,18.23,M3->FP x M2,150.14,272.91,292.5,82.5,178.9,722.8,681.9
600,0.45,18.0,460.21,478.63,644.15,62.43,138.93,573.43,138.93,573.43,24.36,24.36,M3->FP x M2,150.14,272.91,292.5,82.5,178.9,722.8,713.9
600,0.45,19.0,493.00,514.68,684.18,71.93,142.03,593.99,142.03,593.99,30.56,30.56,M3->FP x M2,150.14,272.91,292.5,82.5,178.9,722.8,746.3
600,0.45,20.0,525.64,550.57,724.00,81.10,145.39,615.83,145.39,615.83,36.83,36.83,M3->FP x M2,150.14,272.91,292.5,82.5,178.9,722.8,779.2
600,0.50,2.0,-51.53,-98.37,0.02,-98.33,141.08,432.95,141.08,432.95,-52.54,-98.37,in->M1 x M3,167.05,308.13,281.6,91.7,198.5,741.1,234.9
600,0.50,3.0,-50.65,-92.17,21.37,-98.29,141.08,432.95,141.08,432.95,-52.47,-98.29,M1->M2 x M3,167.05,308.13,281.6,91.7,198.5,741.1,261.7
600,0.50,4.0,-23.24,-57.72,61.03,-98.28,141.08,432.95,141.08,432.95,-52.40,-98.28,M1->M2 x M3,167.05,308.13,281.6,91.7,198.5,741.1,288.6
600,0.50,5.0,8.33,-23.19,100.68,-98.30,141.08,432.95,141.08,432.95,-52.35,-98.30,M1->M2 x M3,167.05,308.13,281.6,91.7,198.5,741.1,315.5
600,0.50,6.0,39.84,11.38,140.29,-88.56,141.08,432.95,141.08,432.95,-52.32,-88.56,M1->M2 x M3,167.05,308.13,281.6,91.7,198.5,741.1,342.6
600,0.50,7.0,71.34,45.87,179.86,-76.75,141.08,432.95,141.08,432.95,-52.03,-76.75,M1->M2 x M3,167.05,308.13,281.6,91.7,198.5,741.1,369.7
600,0.50,8.0,102.82,80.34,219.38,-64.90,141.08,433.43,141.08,433.43,-46.14,-64.90,M1->M2 x M3,167.05,308.13,281.6,91.7,198.5,741.1,397.0
600,0.50,9.0,134.27,114.79,258.83,-52.98,141.18,435.58,141.18,435.58,-40.22,-52.98,M1->M2 x M3,167.05,308.13,281.6,91.7,198.5,741.1,424.4
600,0.50,10.0,165.68,149.21,298.20,-41.00,141.54,439.45,141.54,439.45,-34.27,-41.00,M1->M2 x M3,167.05,308.13,281.6,91.7,198.5,741.1,451.9
600,0.50,11.0,197.04,183.58,337.48,-28.95,142.15,445.04,142.15,445.04,-28.29,-28.95,M1->M2 x M3,167.05,308.13,281.6,91.7,198.5,741.1,479.6
600,0.50,12.0,228.33,217.89,376.65,-16.82,143.00,452.30,143.00,452.30,-22.26,-22.26,M3->FP x M2,167.05,308.13,281.6,91.7,198.5,741.1,507.5
600,0.50,13.0,259.56,252.14,415.71,-4.60,144.12,461.20,144.12,461.20,-16.19,-16.19,M3->FP x M2,167.05,308.13,281.6,91.7,198.5,741.1,535.7
600,0.50,14.0,290.71,286.30,454.65,7.13,145.48,471.69,145.48,471.69,-10.07,-10.07,M3->FP x M2,167.05,308.13,281.6,91.7,198.5,741.1,564.0
600,0.50,15.0,321.77,320.39,493.45,18.35,147.10,483.73,147.10,483.73,-3.90,-3.90,M3->FP x M2,167.05,308.13,281.6,91.7,198.5,741.1,592.6
600,0.50,16.0,352.73,354.37,532.09,29.34,148.97,497.24,148.97,497.24,2.25,2.25,M3->FP x M2,167.05,308.13,281.6,91.7,198.5,741.1,621.5
600,0.50,17.0,383.58,388.25,570.58,40.09,151.10,512.17,151.10,512.17,8.31,8.31,M3->FP x M2,167.05,308.13,281.6,91.7,198.5,741.1,650.7
600,0.50,18.0,414.32,422.01,608.89,50.58,153.48,528.45,153.48,528.45,14.45,14.45,M3->FP x M2,167.05,308.13,281.6,91.7,198.5,741.1,680.2
600,0.50,19.0,444.93,455.64,647.02,60.80,156.10,546.04,156.10,546.04,20.65,20.65,M3->FP x M2,167.05,308.13,281.6,91.7,198.5,741.1,710.0
600,0.50,20.0,475.41,489.13,684.94,70.74,158.98,564.87,158.98,564.87,26.93,26.93,M3->FP x M2,167.05,308.13,281.6,91.7,198.5,741.1,740.2
600,0.55,2.0,-57.60,-109.73,0.63,-109.73,159.81,415.98,159.81,415.98,-57.61,-109.73,in->M1 x M3,184.02,343.84,272.6,100.8,218.4,759.8,240.7
600,0.55,3.0,-56.59,-109.83,16.88,-109.45,159.81,415.98,159.81,415.98,-57.63,-109.83,in->M1 x M3,184.02,343.84,272.6,100.8,218.4,759.8,265.6
600,0.55,4.0,-35.85,-77.58,54.96,-109.46,159.81,415.98,159.81,415.98,-57.82,-109.46,M1->M2 x M3,184.02,343.84,272.6,100.8,218.4,759.8,290.6
600,0.55,5.0,-6.17,-45.25,93.04,-109.82,159.81,415.98,159.81,415.98,-57.78,-109.82,M1->M2 x M3,184.02,343.84,272.6,100.8,218.4,759.8,315.7
600,0.55,6.0,23.48,-12.83,131.08,-104.34,159.81,415.98,159.81,415.98,-57.71,-104.34,M1->M2 x M3,184.02,343.84,272.6,100.8,218.4,759.8,340.8
600,0.55,7.0,53.10,19.57,169.08,-92.52,159.81,415.98,159.81,415.98,-57.92,-92.52,M1->M2 x M3,184.02,343.84,272.6,100.8,218.4,759.8,366.0
600,0.55,8.0,82.70,51.89,207.04,-80.64,159.81,415.98,159.81,415.98,-56.58,-80.64,M1->M2 x M3,184.02,343.84,272.6,100.8,218.4,759.8,391.3
600,0.55,9.0,112.28,84.20,244.92,-68.71,159.82,416.51,159.82,416.51,-50.66,-68.71,M1->M2 x M3,184.02,343.84,272.6,100.8,218.4,759.8,416.8
600,0.55,10.0,141.82,116.49,282.74,-56.72,159.96,418.58,159.96,418.58,-44.70,-56.72,M1->M2 x M3,184.02,343.84,272.6,100.8,218.4,759.8,442.4
600,0.55,11.0,171.32,148.74,320.47,-44.65,160.33,422.21,160.33,422.21,-38.71,-44.65,M1->M2 x M3,184.02,343.84,272.6,100.8,218.4,759.8,468.1
600,0.55,12.0,200.77,180.94,358.10,-32.50,160.92,427.41,160.92,427.41,-32.68,-32.68,M3->FP x M2,184.02,343.84,272.6,100.8,218.4,759.8,494.1
600,0.55,13.0,230.16,213.09,395.62,-20.26,161.74,434.14,161.74,434.14,-26.61,-26.61,M3->FP x M2,184.02,343.84,272.6,100.8,218.4,759.8,520.2
600,0.55,14.0,259.48,245.17,433.02,-7.92,162.78,442.38,162.78,442.38,-20.49,-20.49,M3->FP x M2,184.02,343.84,272.6,100.8,218.4,759.8,546.6
600,0.55,15.0,288.71,277.18,470.29,4.18,164.06,452.08,164.06,452.08,-14.31,-14.31,M3->FP x M2,184.02,343.84,272.6,100.8,218.4,759.8,573.1
600,0.55,16.0,317.86,309.10,507.42,15.59,165.57,463.22,165.57,463.22,-8.08,-8.08,M3->FP x M2,184.02,343.84,272.6,100.8,218.4,759.8,600.0
600,0.55,17.0,346.92,340.93,544.39,26.82,167.31,475.72,167.31,475.72,-1.78,-1.78,M3->FP x M2,184.02,343.84,272.6,100.8,218.4,759.8,627.1
600,0.55,18.0,375.87,372.66,581.19,37.83,169.29,489.56,169.29,489.56,4.42,4.42,M3->FP x M2,184.02,343.84,272.6,100.8,218.4,759.8,654.5
600,0.55,19.0,404.70,404.27,617.82,48.63,171.51,504.66,171.51,504.66,10.63,10.63,M3->FP x M2,184.02,343.84,272.6,100.8,218.4,759.8,682.2
600,0.55,20.0,433.41,435.76,654.26,59.21,173.96,521.00,173.96,521.00,16.91,16.91,M3->FP x M2,184.02,343.84,272.6,100.8,218.4,759.8,710.2
600,0.60,2.0,-62.77,-121.30,0.23,-121.21,178.85,398.96,178.85,398.96,-63.19,-121.30,in->M1 x M3,201.04,379.89,265.2,110.0,238.5,778.9,247.3
600,0.60,3.0,-62.28,-121.27,13.30,-121.23,178.85,398.96,178.85,398.96,-63.22,-121.27,in->M1 x M3,201.04,379.89,265.2,110.0,238.5,778.9,270.7
600,0.60,4.0,-47.24,-96.33,50.14,-121.12,178.85,398.96,178.85,398.96,-63.24,-121.12,M1->M2 x M3,201.04,379.89,265.2,110.0,238.5,778.9,294.1
600,0.60,5.0,-19.15,-65.89,86.96,-121.19,178.85,398.96,178.85,398.96,-63.10,-121.19,M1->M2 x M3,201.04,379.89,265.2,110.0,238.5,778.9,317.5
600,0.60,6.0,8.97,-35.36,123.75,-119.98,178.85,398.96,178.85,398.96,-63.09,-119.98,M1->M2 x M3,201.04,379.89,265.2,110.0,238.5,778.9,341.0
600,0.60,7.0,37.02,-4.72,160.51,-108.14,178.85,398.96,178.85,398.96,-63.07,-108.14,M1->M2 x M3,201.04,379.89,265.2,110.0,238.5,778.9,364.7
600,0.60,8.0,65.06,25.81,197.22,-96.25,178.85,398.96,178.85,398.96,-62.85,-96.25,M1->M2 x M3,201.04,379.89,265.2,110.0,238.5,778.9,388.4
600,0.60,9.0,93.08,56.29,233.87,-84.30,178.85,398.96,178.85,398.96,-61.18,-84.30,M1->M2 x M3,201.04,379.89,265.2,110.0,238.5,778.9,412.2
600,0.60,10.0,121.08,86.76,270.44,-72.29,178.87,399.51,178.87,399.51,-55.22,-72.29,M1->M2 x M3,201.04,379.89,265.2,110.0,238.5,778.9,436.2
600,0.60,11.0,149.03,117.20,306.94,-60.20,179.04,401.48,179.04,401.48,-49.22,-60.20,M1->M2 x M3,201.04,379.89,265.2,110.0,238.5,778.9,460.3
600,0.60,12.0,176.95,147.60,343.34,-48.03,179.42,404.91,179.42,404.91,-43.19,-48.03,M1->M2 x M3,201.04,379.89,265.2,110.0,238.5,778.9,484.6
600,0.60,13.0,204.80,177.96,379.64,-35.78,180.00,409.79,180.00,409.79,-37.11,-37.11,M3->FP x M2,201.04,379.89,265.2,110.0,238.5,778.9,509.1
600,0.60,14.0,232.60,208.26,415.82,-23.42,180.79,416.11,180.79,416.11,-30.98,-30.98,M3->FP x M2,201.04,379.89,265.2,110.0,238.5,778.9,533.8
600,0.60,15.0,260.32,238.51,451.87,-10.96,181.78,423.83,181.78,423.83,-24.80,-24.80,M3->FP x M2,201.04,379.89,265.2,110.0,238.5,778.9,558.7
600,0.60,16.0,287.97,268.67,487.79,1.50,182.99,432.93,182.99,432.93,-18.56,-18.56,M3->FP x M2,201.04,379.89,265.2,110.0,238.5,778.9,583.8
600,0.60,17.0,315.52,298.76,523.56,13.09,184.41,443.37,184.41,443.37,-12.26,-12.26,M3->FP x M2,201.04,379.89,265.2,110.0,238.5,778.9,609.2
600,0.60,18.0,342.98,328.76,559.16,24.53,186.06,455.11,186.06,455.11,-5.89,-5.89,M3->FP x M2,201.04,379.89,265.2,110.0,238.5,778.9,634.8
600,0.60,19.0,370.34,358.65,594.60,35.79,187.92,468.10,187.92,468.10,0.53,0.53,M3->FP x M2,201.04,379.89,265.2,110.0,238.5,778.9,660.8
600,0.60,20.0,397.58,388.44,629.86,46.87,190.00,482.31,190.00,482.31,6.81,6.81,M3->FP x M2,201.04,379.89,265.2,110.0,238.5,778.9,687.1
600,0.65,2.0,-67.30,-132.70,0.77,-132.68,198.06,381.89,198.06,381.89,-68.26,-132.70,in->M1 x M3,218.11,416.16,258.9,119.2,258.7,798.1,254.5
600,0.65,3.0,-67.20,-132.89,10.43,-132.51,198.06,381.89,198.06,381.89,-68.47,-132.89,in->M1 x M3,218.11,416.16,258.9,119.2,258.7,798.1,276.5
600,0.65,4.0,-57.69,-114.21,46.26,-132.68,198.06,381.89,198.06,381.89,-68.14,-132.68,M1->M2 x M3,218.11,416.16,258.9,119.2,258.7,798.1,298.6
600,0.65,5.0,-30.95,-85.41,82.08,-132.89,198.06,381.89,198.06,381.89,-68.24,-132.89,M1->M2 x M3,218.11,416.16,258.9,119.2,258.7,798.1,320.7
600,0.65,6.0,-4.14,-56.52,117.87,-132.76,198.06,381.89,198.06,381.89,-68.44,-132.76,M1->M2 x M3,218.11,416.16,258.9,119.2,258.7,798.1,342.9
600,0.65,7.0,22.61,-27.54,153.63,-123.57,198.06,381.89,198.06,381.89,-68.10,-123.57,M1->M2 x M3,218.11,416.16,258.9,119.2,258.7,798.1,365.2
600,0.65,8.0,49.34,1.56,189.34,-111.66,198.06,381.89,198.06,381.89,-68.51,-111.66,M1->M2 x M3,218.11,416.16,258.9,119.2,258.7,798.1,387.5
600,0.65,9.0,76.04,30.46,224.99,-99.70,198.06,381.89,198.06,381.89,-68.10,-99.70,M1->M2 x M3,218.11,416.16,258.9,119.2,258.7,798.1,410.0
600,0.65,10.0,102.73,59.35,260.57,-87.67,198.06,381.89,198.06,381.89,-65.78,-87.67,M1->M2 x M3,218.11,416.16,258.9,119.2,258.7,798.1,432.6
600,0.65,11.0,129.38,88.22,296.07,-75.56,198.09,382.43,198.09,382.43,-59.78,-75.56,M1->M2 x M3,218.11,416.16,258.9,119.2,258.7,798.1,455.3
600,0.65,12.0,155.99,117.06,331.49,-63.38,198.29,384.31,198.29,384.31,-53.74,-63.38,M1->M2 x M3,218.11,416.16,258.9,119.2,258.7,798.1,478.2
600,0.65,13.0,182.56,145.87,366.80,-51.10,198.68,387.57,198.68,387.57,-47.66,-51.10,M1->M2 x M3,218.11,416.16,258.9,119.2,258.7,798.1,501.3
600,0.65,14.0,209.07,174.63,402.00,-38.73,199.25,392.19,199.25,392.19,-41.52,-41.52,M3->FP x M2,218.11,416.16,258.9,119.2,258.7,798.1,524.6
600,0.65,15.0,235.51,203.34,437.08,-26.25,200.01,398.18,200.01,398.18,-35.34,-35.34,M3->FP x M2,218.11,416.16,258.9,119.2,258.7,798.1,548.0
600,0.65,16.0,261.89,231.99,472.02,-13.65,200.97,405.50,200.97,405.50,-29.10,-29.10,M3->FP x M2,218.11,416.16,258.9,119.2,258.7,798.1,571.7
600,0.65,17.0,288.18,260.57,506.83,-0.93,202.13,414.13,202.13,414.13,-22.79,-22.79,M3->FP x M2,218.11,416.16,258.9,119.2,258.7,798.1,595.7
600,0.65,18.0,314.39,289.07,541.47,10.91,203.49,424.04,203.49,424.04,-16.42,-16.42,M3->FP x M2,218.11,416.16,258.9,119.2,258.7,798.1,619.9
600,0.65,19.0,340.50,317.48,575.95,22.54,205.05,435.19,205.05,435.19,-9.97,-9.97,M3->FP x M2,218.11,416.16,258.9,119.2,258.7,798.1,644.3
600,0.65,20.0,366.50,345.79,610.26,34.04,206.82,447.55,206.82,447.55,-3.45,-3.45,M3->FP x M2,218.11,416.16,258.9,119.2,258.7,798.1,669.1
600,0.70,2.0,-73.50,-144.46,0.19,-144.45,217.29,364.78,217.29,364.78,-73.37,-144.46,in->M1 x M3,235.22,452.51,253.5,128.3,278.9,817.3,262.2
600,0.70,3.0,-73.00,-144.52,8.11,-144.28,217.29,364.78,217.29,364.78,-73.58,-144.52,in->M1 x M3,235.22,452.51,253.5,128.3,278.9,817.3,283.0
600,0.70,4.0,-67.40,-131.37,43.13,-144.50,217.29,364.78,217.29,364.78,-73.78,-144.50,M1->M2 x M3,235.22,452.51,253.5,128.3,278.9,817.3,303.9
600,0.70,5.0,-41.82,-104.03,78.13,-144.28,217.29,364.78,217.29,364.78,-73.62,-144.28,M1->M2 x M3,235.22,452.51,253.5,128.3,278.9,817.3,324.9
600,0.70,6.0,-16.16,-76.59,113.11,-144.23,217.29,364.78,217.29,364.78,-73.45,-144.23,M1->M2 x M3,235.22,452.51,253.5,128.3,278.9,817.3,345.9
600,0.70,7.0,9.52,-49.07,148.06,-138.77,217.29,364.78,217.29,364.78,-73.30,-138.77,M1->M2 x M3,235.22,452.51,253.5,128.3,278.9,817.3,367.0
600,0.70,8.0,35.11,-21.42,182.96,-126.84,217.29,364.78,217.29,364.78,-73.18,-126.84,M1->M2 x M3,235.22,452.51,253.5,128.3,278.9,817.3,388.2
600,0.70,9.0,60.69,6.28,217.80,-114.86,217.29,364.78,217.29,364.78,-73.26,-114.86,M1->M2 x M3,235.22,452.51,253.5,128.3,278.9,817.3,409.5
600,0.70,10.0,86.25,33.78,252.58,-102.81,217.29,364.78,217.29,364.78,-73.33,-102.81,M1->M2 x M3,235.22,452.51,253.5,128.3,278.9,817.3,431.0
600,0.70,11.0,111.79,61.27,287.28,-90.69,217.29,364.78,217.29,364.78,-70.34,-90.69,M1->M2 x M3,235.22,452.51,253.5,128.3,278.9,817.3,452.5
600,0.70,12.0,137.29,88.74,321.90,-78.49,217.35,365.28,217.35,365.28,-64.30,-78.49,M1->M2 x M3,235.22,452.51,253.5,128.3,278.9,817.3,474.2
600,0.70,13.0,162.75,116.18,356.41,-66.19,217.57,367.08,217.57,367.08,-58.21,-66.19,M1->M2 x M3,235.22,452.51,253.5,128.3,278.9,817.3,496.1
600,0.70,14.0,188.16,143.59,390.82,-53.80,217.97,370.19,217.97,370.19,-52.07,-53.80,M1->M2 x M3,235.22,452.51,253.5,128.3,278.9,817.3,518.2
600,0.70,15.0,213.52,170.96,425.11,-41.30,218.54,374.61,218.54,374.61,-45.88,-45.88,M3->FP x M2,235.22,452.51,253.5,128.3,278.9,817.3,540.4
600,0.70,16.0,238.81,198.27,459.27,-28.69,219.29,380.33,219.29,380.33,-39.64,-39.64,M3->FP x M2,235.22,452.51,253.5,128.3,278.9,817.3,562.9
600,0.70,17.0,264.02,225.52,493.29,-15.95,220.22,387.34,220.22,387.34,-33.32,-33.32,M3->FP x M2,235.22,452.51,253.5,128.3,278.9,817.3,585.6
600,0.70,18.0,289.16,252.71,527.16,-3.08,221.33,395.61,221.33,395.61,-26.95,-26.95,M3->FP x M2,235.22,452.51,253.5,128.3,278.9,817.3,608.5
600,0.70,19.0,314.21,279.81,560.86,9.10,222.63,405.12,222.63,405.12,-20.50,-20.50,M3->FP x M2,235.22,452.51,253.5,128.3,278.9,817.3,631.7
600,0.70,20.0,339.16,306.83,594.40,20.93,224.13,415.83,224.13,415.83,-13.97,-13.97,M3->FP x M2,235.22,452.51,253.5,128.3,278.9,817.3,655.2
600,0.75,2.0,-78.45,-155.98,0.08,-156.13,236.41,347.61,236.41,347.61,-78.44,-156.13,M1->M2 x M3,252.39,488.80,248.8,137.5,299.1,836.4,273.3
600,0.75,3.0,-79.02,-156.01,6.22,-156.14,236.41,347.61,236.41,347.61,-78.89,-156.14,M1->M2 x M3,252.39,488.80,248.8,137.5,299.1,836.4,290.0
600,0.75,4.0,-76.51,-147.93,40.57,-156.11,236.41,347.61,236.41,347.61,-78.75,-156.11,M1->M2 x M3,252.39,488.80,248.8,137.5,299.1,836.4,309.9
600,0.75,5.0,-51.94,-121.88,74.92,-156.05,236.41,347.61,236.41,347.61,-78.66,-156.05,M1->M2 x M3,252.39,488.80,248.8,137.5,299.1,836.4,329.9
600,0.75,6.0,-27.29,-95.75,109.24,-155.96,236.41,347.61,236.41,347.61,-78.84,-155.96,M1->M2 x M3,252.39,488.80,248.8,137.5,299.1,836.4,349.9
600,0.75,7.0,-2.55,-69.53,143.52,-153.68,236.41,347.61,236.41,347.61,-78.44,-153.68,M1->M2 x M3,252.39,488.80,248.8,137.5,299.1,836.4,370.0
600,0.75,8.0,22.08,-43.19,177.76,-141.74,236.41,347.61,236.41,347.61,-79.03,-141.74,M1->M2 x M3,252.39,488.80,248.8,137.5,299.1,836.4,390.2
600,0.75,9.0,46.69,-16.73,211.95,-129.74,236.41,347.61,236.41,347.61,-78.83,-129.74,M1->M2 x M3,252.39,488.80,248.8,137.5,299.1,836.4,410.5
600,0.75,10.0,71.28,9.73,246.08,-117.68,236.41,347.61,236.41,347.61,-78.70,-117.68,M1->M2 x M3,252.39,488.80,248.8,137.5,299.1,836.4,430.9
600,0.75,11.0,95.86,35.99,280.13,-105.54,236.41,347.61,236.41,347.61,-79.06,-105.54,M1->M2 x M3,252.39,488.80,248.8,137.5,299.1,836.4,451.5
600,0.75,12.0,120.40,62.24,314.09,-93.32,236.41,347.61,236.41,347.61,-74.83,-93.32,M1->M2 x M3,252.39,488.80,248.8,137.5,299.1,836.4,472.1
600,0.75,13.0,144.91,88.46,347.96,-81.01,236.50,348.08,236.50,348.08,-68.74,-81.01,M1->M2 x M3,252.39,488.80,248.8,137.5,299.1,836.4,493.0
600,0.75,14.0,169.37,114.67,381.72,-68.60,236.75,349.79,236.75,349.79,-62.59,-68.60,M1->M2 x M3,252.39,488.80,248.8,137.5,299.1,836.4,514.0
600,0.75,15.0,193.78,140.83,415.37,-56.08,237.15,352.78,237.15,352.78,-56.40,-56.40,M3->FP x M2,252.39,488.80,248.8,137.5,299.1,836.4,535.2
600,0.75,16.0,218.13,166.96,448.88,-43.45,237.72,357.03,237.72,357.03,-50.15,-50.15,M3->FP x M2,252.39,488.80,248.8,137.5,299.1,836.4,556.6
600,0.75,17.0,242.41,193.03,482.27,-30.69,238.46,362.56,238.46,362.56,-43.83,-43.83,M3->FP x M2,252.39,488.80,248.8,137.5,299.1,836.4,578.2
600,0.75,18.0,266.63,219.04,515.50,-17.80,239.37,369.33,239.37,369.33,-37.45,-37.45,M3->FP x M2,252.39,488.80,248.8,137.5,299.1,836.4,600.0
600,0.75,19.0,290.76,244.99,548.58,-4.76,240.45,377.34,240.45,377.34,-30.99,-30.99,M3->FP x M2,252.39,488.80,248.8,137.5,299.1,836.4,622.1
600,0.75,20.0,314.80,270.86,581.49,7.71,241.72,386.56,241.72,386.56,-24.46,-24.46,M3->FP x M2,252.39,488.80,248.8,137.5,299.1,836.4,644.5
600,0.80,2.0,-84.07,-167.64,0.07,-167.62,255.29,330.40,255.29,330.40,-84.20,-167.64,in->M1 x M3,269.60,524.89,244.7,146.7,319.2,855.3,293.4
600,0.80,3.0,-83.37,-167.61,4.67,-167.29,255.29,330.40,255.29,330.40,-84.08,-167.61,in->M1 x M3,269.60,524.89,244.7,146.7,319.2,855.3,297.3
600,0.80,4.0,-83.52,-163.95,38.48,-167.63,255.29,330.40,255.29,330.40,-83.71,-167.63,M1->M2 x M3,269.60,524.89,244.7,146.7,319.2,855.3,316.3
600,0.80,5.0,-61.45,-139.07,72.28,-167.58,255.29,330.40,255.29,330.40,-84.26,-167.58,M1->M2 x M3,269.60,524.89,244.7,146.7,319.2,855.3,335.4
600,0.80,6.0,-37.68,-114.11,106.06,-167.39,255.29,330.40,255.29,330.40,-83.92,-167.39,M1->M2 x M3,269.60,524.89,244.7,146.7,319.2,855.3,354.6
600,0.80,7.0,-13.83,-89.07,139.81,-167.38,255.29,330.40,255.29,330.40,-83.61,-167.38,M1->M2 x M3,269.60,524.89,244.7,146.7,319.2,855.3,373.8
600,0.80,8.0,10.03,-63.92,173.51,-156.32,255.29,330.40,255.29,330.40,-84.21,-156.32,M1->M2 x M3,269.60,524.89,244.7,146.7,319.2,855.3,393.1
600,0.80,9.0,33.79,-38.65,207.16,-144.30,255.29,330.40,255.29,330.40,-83.95,-144.30,M1->M2 x M3,269.60,524.89,244.7,146.7,319.2,855.3,412.6
600,0.80,10.0,57.54,-13.24,240.75,-132.22,255.29,330.40,255.29,330.40,-83.75,-132.22,M1->M2 x M3,269.60,524.89,244.7,146.7,319.2,855.3,432.1
600,0.80,11.0,81.27,12.11,274.27,-120.06,255.29,330.40,255.29,330.40,-84.25,-120.06,M1->M2 x M3,269.60,524.89,244.7,146.7,319.2,855.3,451.7
600,0.80,12.0,104.97,37.25,307.70,-107.82,255.29,330.40,255.29,330.40,-84.29,-107.82,M1->M2 x M3,269.60,524.89,244.7,146.7,319.2,855.3,471.5
600,0.80,13.0,128.65,62.39,341.04,-95.50,255.29,330.40,255.29,330.40,-79.19,-95.50,M1->M2 x M3,269.60,524.89,244.7,146.7,319.2,855.3,491.4
600,0.80,14.0,152.28,87.50,374.27,-83.07,255.41,330.83,255.41,330.83,-73.05,-83.07,M1->M2 x M3,269.60,524.89,244.7,146.7,319.2,855.3,511.5
600,0.80,15.0,175.87,112.59,407.39,-70.54,255.68,332.47,255.68,332.47,-66.85,-70.54,M1->M2 x M3,269.60,524.89,244.7,146.7,319.2,855.3,531.8
600,0.80,16.0,199.40,137.64,440.38,-57.89,256.10,335.35,256.10,335.35,-60.59,-60.59,M3->FP x M2,269.60,524.89,244.7,146.7,319.2,855.3,552.2
600,0.80,17.0,222.88,162.65,473.24,-45.11,256.67,339.48,256.67,339.48,-54.27,-54.27,M3->FP x M2,269.60,524.89,244.7,146.7,319.2,855.3,572.9
600,0.80,18.0,246.28,187.62,505.96,-32.20,257.40,344.86,257.40,344.86,-47.88,-47.88,M3->FP x M2,269.60,524.89,244.7,146.7,319.2,855.3,593.8
600,0.80,19.0,269.61,212.52,538.52,-19.14,258.30,351.48,258.30,351.48,-41.42,-41.42,M3->FP x M2,269.60,524.89,244.7,146.7,319.2,855.3,614.9
600,0.80,20.0,292.86,237.36,570.92,-5.92,259.36,359.31,259.36,359.31,-34.88,-34.88,M3->FP x M2,269.60,524.89,244.7,146.7,319.2,855.3,636.3
600,0.85,2.0,-89.37,-178.84,0.75,-179.08,273.78,313.15,273.78,313.15,-89.36,-179.08,M1->M2 x M3,286.85,560.63,241.1,155.8,339.1,873.8,313.2
600,0.85,3.0,-89.29,-178.76,3.40,-178.89,273.78,313.15,273.78,313.15,-88.95,-178.89,M1->M2 x M3,286.85,560.63,241.1,155.8,339.1,873.8,313.2
600,0.85,4.0,-89.25,-178.71,36.76,-178.93,273.78,313.15,273.78,313.15,-89.24,-178.93,M1->M2 x M3,286.85,560.63,241.1,155.8,339.1,873.8,323.1
600,0.85,5.0,-70.47,-155.66,70.12,-179.00,273.78,313.15,273.78,313.15,-89.26,-179.00,M1->M2 x M3,286.85,560.63,241.1,155.8,339.1,873.8,341.4
600,0.85,6.0,-47.47,-131.77,103.45,-179.07,273.78,313.15,273.78,313.15,-89.57,-179.07,M1->M2 x M3,286.85,560.63,241.1,155.8,339.1,873.8,359.8
600,0.85,7.0,-24.40,-107.80,136.75,-178.91,273.78,313.15,273.78,313.15,-89.58,-178.91,M1->M2 x M3,286.85,560.63,241.1,155.8,339.1,873.8,378.3
600,0.85,8.0,-1.23,-83.73,170.01,-170.52,273.78,313.15,273.78,313.15,-89.23,-170.52,M1->M2 x M3,286.85,560.63,241.1,155.8,339.1,873.8,396.8
600,0.85,9.0,21.79,-59.55,203.22,-158.49,273.78,313.15,273.78,313.15,-89.22,-158.49,M1->M2 x M3,286.85,560.63,241.1,155.8,339.1,873.8,415.4
600,0.85,10.0,44.80,-35.23,236.37,-146.39,273.78,313.15,273.78,313.15,-88.71,-146.39,M1->M2 x M3,286.85,560.63,241.1,155.8,339.1,873.8,434.2
600,0.85,11.0,67.79,-10.76,269.44,-134.22,273.78,313.15,273.78,313.15,-89.39,-134.22,M1->M2 x M3,286.85,560.63,241.1,155.8,339.1,873.8,453.0
600,0.85,12.0,90.76,13.57,302.44,-121.96,273.78,313.15,273.78,313.15,-89.19,-121.96,M1->M2 x M3,286.85,560.63,241.1,155.8,339.1,873.8,472.0
600,0.85,13.0,113.70,37.71,335.34,-109.62,273.78,313.15,273.78,313.15,-89.54,-109.62,M1->M2 x M3,286.85,560.63,241.1,155.8,339.1,873.8,491.2
600,0.85,14.0,136.60,61.84,368.13,-97.17,273.80,313.15,273.80,313.15,-83.39,-97.17,M1->M2 x M3,286.85,560.63,241.1,155.8,339.1,873.8,510.4
600,0.85,15.0,159.47,85.94,400.82,-84.62,273.94,313.53,273.94,313.53,-77.19,-84.62,M1->M2 x M3,286.85,560.63,241.1,155.8,339.1,873.8,529.9
600,0.85,16.0,182.28,110.03,433.38,-71.95,274.23,315.10,274.23,315.10,-70.92,-71.95,M1->M2 x M3,286.85,560.63,241.1,155.8,339.1,873.8,549.5
600,0.85,17.0,205.04,134.07,465.82,-59.16,274.66,317.91,274.66,317.91,-64.60,-64.60,M3->FP x M2,286.85,560.63,241.1,155.8,339.1,873.8,569.4
600,0.85,18.0,227.74,158.08,498.11,-46.23,275.24,321.97,275.24,321.97,-58.21,-58.21,M3->FP x M2,286.85,560.63,241.1,155.8,339.1,873.8,589.4
600,0.85,19.0,250.37,182.04,530.24,-33.15,275.97,327.26,275.97,327.26,-51.74,-51.74,M3->FP x M2,286.85,560.63,241.1,155.8,339.1,873.8,609.7
600,0.85,20.0,272.92,205.94,562.22,-19.92,276.86,333.77,276.86,333.77,-45.20,-45.20,M3->FP x M2,286.85,560.63,241.1,155.8,339.1,873.8,630.2
600,0.90,2.0,-94.54,-189.93,0.41,-190.31,291.74,295.85,291.74,295.85,-94.50,-190.31,M1->M2 x M3,304.15,595.89,237.9,165.0,358.7,891.7,332.8
600,0.90,3.0,-93.92,-190.06,2.34,-190.03,291.74,295.85,291.74,295.85,-94.46,-190.06,in->M1 x M3,304.15,595.89,237.9,165.0,358.7,891.7,332.8
600,0.90,4.0,-94.63,-190.19,35.34,-190.13,291.74,295.85,291.74,295.85,-94.79,-190.19,in->M1 x M3,304.15,595.89,237.9,165.0,358.7,891.7,332.8
600,0.90,5.0,-79.06,-171.68,68.32,-190.27,291.74,295.85,291.74,295.85,-94.84,-190.27,M1->M2 x M3,304.15,595.89,237.9,165.0,358.7,891.7,347.7
600,0.90,6.0,-56.76,-148.78,101.29,-189.93,291.74,295.85,291.74,295.85,-94.38,-189.93,M1->M2 x M3,304.15,595.89,237.9,165.0,358.7,891.7,365.4
600,0.90,7.0,-34.38,-125.80,134.22,-190.15,291.74,295.85,291.74,295.85,-94.47,-190.15,M1->M2 x M3,304.15,595.89,237.9,165.0,358.7,891.7,383.2
600,0.90,8.0,-11.90,-102.72,167.11,-184.31,291.74,295.85,291.74,295.85,-94.07,-184.31,M1->M2 x M3,304.15,595.89,237.9,165.0,358.7,891.7,401.1
600,0.90,9.0,10.55,-79.54,199.95,-172.26,291.74,295.85,291.74,295.85,-94.67,-172.26,M1->M2 x M3,304.15,595.89,237.9,165.0,358.7,891.7,419.0
600,0.90,10.0,32.90,-56.22,232.73,-160.15,291.74,295.85,291.74,295.85,-93.87,-160.15,M1->M2 x M3,304.15,595.89,237.9,165.0,358.7,891.7,437.0
600,0.90,11.0,55.23,-32.77,265.44,-147.96,291.74,295.85,291.74,295.85,-94.80,-147.96,M1->M2 x M3,304.15,595.89,237.9,165.0,358.7,891.7,455.2
600,0.90,12.0,77.54,-9.16,298.07,-135.68,291.74,295.85,291.74,295.85,-93.82,-135.68,M1->M2 x M3,304.15,595.89,237.9,165.0,358.7,891.7,473.5
600,0.90,13.0,99.84,14.26,330.61,-123.32,291.74,295.85,291.74,295.85,-94.78,-123.32,M1->M2 x M3,304.15,595.89,237.9,165.0,358.7,891.7,491.9
600,0.90,14.0,122.10,37.48,363.05,-110.86,291.74,295.85,291.74,295.85,-93.59,-110.86,M1->M2 x M3,304.15,595.89,237.9,165.0,358.7,891.7,510.5
600,0.90,15.0,144.32,60.69,395.37,-98.29,291.78,295.85,291.78,295.85,-87.38,-98.29,M1->M2 x M3,304.15,595.89,237.9,165.0,358.7,891.7,529.2
600,0.90,16.0,166.50,83.88,427.58,-85.61,291.95,296.19,291.95,296.19,-81.12,-85.61,M1->M2 x M3,304.15,595.89,237.9,165.0,358.7,891.7,548.1
600,0.90,17.0,188.63,107.05,459.66,-72.79,292.26,297.72,292.26,297.72,-74.79,-74.79,M3->FP x M2,304.15,595.89,237.9,165.0,358.7,891.7,567.2
600,0.90,18.0,210.70,130.18,491.59,-59.85,292.71,300.48,292.71,300.48,-68.39,-68.39,M3->FP x M2,304.15,595.89,237.9,165.0,358.7,891.7,586.5
600,0.90,19.0,232.71,153.27,523.38,-46.75,293.30,304.49,293.30,304.49,-61.92,-61.92,M3->FP x M2,304.15,595.89,237.9,165.0,358.7,891.7,606.1
600,0.90,20.0,254.65,176.32,555.01,-33.50,294.03,309.74,294.03,309.74,-55.38,-55.38,M3->FP x M2,304.15,595.89,237.9,165.0,358.7,891.7,625.8
650,0.30,2.0,-30.94,-48.63,12.35,-55.39,73.90,550.31,73.90,550.31,-31.52,-55.39,M1->M2 x M3,99.69,173.60,360.7,55.0,123.6,723.9,233.7
650,0.30,3.0,16.91,4.68,68.58,-55.22,73.90,550.31,73.90,550.31,-31.57,-55.22,M1->M2 x M3,99.69,173.60,360.7,55.0,123.6,723.9,277.4
650,0.30,4.0,66.11,57.95,124.78,-48.07,73.90,550.50,73.90,550.50,-29.88,-48.07,M1->M2 x M3,99.69,173.60,360.7,55.0,123.6,723.9,321.2
650,0.30,5.0,115.29,111.22,180.95,-36.40,73.90,553.40,73.90,553.40,-24.07,-36.40,M1->M2 x M3,99.69,173.60,360.7,55.0,123.6,723.9,365.1
650,0.30,6.0,164.44,164.44,237.07,-24.70,74.17,559.75,74.17,559.75,-18.24,-24.70,M1->M2 x M3,99.69,173.60,360.7,55.0,123.6,723.9,409.2
650,0.30,7.0,213.53,217.62,293.11,-12.96,74.89,569.49,74.89,569.49,-12.39,-12.96,M1->M2 x M3,99.69,173.60,360.7,55.0,123.6,723.9,453.4
650,0.30,8.0,262.56,270.73,349.06,-1.16,76.06,582.48,76.06,582.48,-6.52,-6.52,M3->FP x M2,99.69,173.60,360.7,55.0,123.6,723.9,497.8
650,0.30,9.0,311.52,323.76,404.90,9.85,77.66,598.56,77.66,598.56,-0.62,-0.62,M3->FP x M2,99.69,173.60,360.7,55.0,123.6,723.9,542.4
650,0.30,10.0,360.37,376.69,460.63,20.38,79.68,617.56,79.68,617.56,5.12,5.12,M3->FP x M2,99.69,173.60,360.7,55.0,123.6,723.9,587.3
650,0.30,11.0,409.12,429.50,516.21,30.43,82.09,639.28,82.09,639.28,10.88,10.88,M3->FP x M2,99.69,173.60,360.7,55.0,123.6,723.9,632.4
650,0.30,12.0,457.74,482.19,571.63,40.00,84.87,663.52,84.87,663.52,16.68,16.68,M3->FP x M2,99.69,173.60,360.7,55.0,123.6,723.9,677.9
650,0.30,13.0,506.22,534.72,626.88,49.05,88.00,690.10,88.00,690.10,22.51,22.51,M3->FP x M2,99.69,173.60,360.7,55.0,123.6,723.9,723.7
650,0.30,14.0,554.55,587.10,681.94,57.59,91.45,718.84,91.45,718.84,28.40,28.40,M3->FP x M2,99.69,173.60,360.7,55.0,123.6,723.9,769.9
650,0.30,15.0,602.71,639.29,736.79,65.62,95.19,749.58,95.19,749.58,34.34,34.34,M3->FP x M2,99.69,173.60,360.7,55.0,123.6,723.9,816.5
650,0.30,16.0,650.68,691.29,791.42,73.16,99.21,782.19,99.18,782.19,40.33,40.33,M3->FP x M2,99.69,173.60,360.7,55.0,123.6,723.9,863.5
650,0.30,17.0,698.46,743.08,845.81,80.21,103.49,816.53,103.02,816.53,46.39,46.39,M3->FP x M2,99.69,173.60,360.7,55.0,123.6,723.9,911.1
650,0.30,18.0,746.03,794.65,899.93,86.82,108.01,852.45,106.60,852.51,52.51,52.51,M3->FP x M2,99.69,173.60,360.7,55.0,123.6,723.9,959.1
650,0.30,19.0,793.36,845.97,953.79,92.99,112.76,887.00,109.94,890.04,58.69,58.69,M3->FP x M2,99.69,173.60,360.7,55.0,123.6,723.9,1007.7
650,0.30,20.0,840.46,897.03,1007.35,98.75,117.72,918.72,113.06,929.04,64.96,64.96,M3->FP x M2,99.69,173.60,360.7,55.0,123.6,723.9,1056.9
650,0.35,2.0,-36.43,-65.10,2.88,-65.87,90.09,533.54,90.09,533.54,-36.82,-65.87,M1->M2 x M3,116.46,206.56,335.4,64.2,142.0,740.1,231.3
650,0.35,3.0,-3.75,-22.07,53.99,-65.78,90.09,533.54,90.09,533.54,-36.74,-65.78,M1->M2 x M3,116.46,206.56,335.4,64.2,142.0,740.1,269.6
650,0.35,4.0,40.07,25.57,105.09,-63.96,90.09,533.54,90.09,533.54,-36.66,-63.96,M1->M2 x M3,116.46,206.56,335.4,64.2,142.0,740.1,307.9
650,0.35,5.0,83.87,73.17,156.15,-52.27,90.09,534.03,90.09,534.03,-33.82,-52.27,M1->M2 x M3,116.46,206.56,335.4,64.2,142.0,740.1,346.4
650,0.35,6.0,127.65,120.76,207.17,-40.56,90.11,537.08,90.11,537.08,-27.99,-40.56,M1->M2 x M3,116.46,206.56,335.4,64.2,142.0,740.1,385.0
650,0.35,7.0,171.38,168.30,258.12,-28.80,90.41,542.88,90.41,542.88,-22.14,-28.80,M1->M2 x M3,116.46,206.56,335.4,64.2,142.0,740.1,423.8
650,0.35,8.0,215.07,215.79,308.99,-16.99,91.09,551.38,91.09,551.38,-16.26,-16.99,M1->M2 x M3,116.46,206.56,335.4,64.2,142.0,740.1,462.7
650,0.35,9.0,258.69,263.22,359.77,-5.12,92.14,562.50,92.14,562.50,-10.35,-10.35,M3->FP x M2,116.46,206.56,335.4,64.2,142.0,740.1,501.8
650,0.35,10.0,302.23,310.57,410.45,6.31,93.56,576.14,93.56,576.14,-4.42,-4.42,M3->FP x M2,116.46,206.56,335.4,64.2,142.0,740.1,541.1
650,0.35,11.0,345.68,357.82,460.99,17.12,95.33,592.18,95.33,592.18,1.50,1.50,M3->FP x M2,116.46,206.56,335.4,64.2,142.0,740.1,580.7
650,0.35,12.0,389.02,404.97,511.40,27.55,97.46,610.48,97.46,610.48,7.30,7.30,M3->FP x M2,116.46,206.56,335.4,64.2,142.0,740.1,620.5
650,0.35,13.0,432.24,451.99,561.64,37.58,99.91,630.92,99.91,630.92,13.14,13.14,M3->FP x M2,116.46,206.56,335.4,64.2,142.0,740.1,660.7
650,0.35,14.0,475.34,498.87,611.72,47.18,102.69,653.36,102.69,653.36,19.03,19.03,M3->FP x M2,116.46,206.56,335.4,64.2,142.0,740.1,701.1
650,0.35,15.0,518.29,545.60,661.61,56.36,105.77,677.68,105.77,677.68,24.97,24.97,M3->FP x M2,116.46,206.56,335.4,64.2,142.0,740.1,742.0
650,0.35,16.0,561.08,592.17,711.30,65.10,109.14,703.77,109.14,703.77,30.97,30.97,M3->FP x M2,116.46,206.56,335.4,64.2,142.0,740.1,783.2
650,0.35,17.0,603.70,638.55,760.78,73.41,112.79,731.52,112.79,731.52,37.03,37.03,M3->FP x M2,116.46,206.56,335.4,64.2,142.0,740.1,824.8
650,0.35,18.0,646.13,684.74,810.02,81.30,116.71,760.84,116.71,760.84,43.15,43.15,M3->FP x M2,116.46,206.56,335.4,64.2,142.0,740.1,866.9
650,0.35,19.0,688.37,730.72,859.02,88.77,120.87,791.64,120.78,791.64,49.34,49.34,M3->FP x M2,116.46,206.56,335.4,64.2,142.0,740.1,909.5
650,0.35,20.0,730.40,776.48,907.75,95.83,125.28,823.87,124.66,823.87,55.61,55.61,M3->FP x M2,116.46,206.56,335.4,64.2,142.0,740.1,952.6
650,0.40,2.0,-42.02,-76.56,0.52,-76.73,107.06,516.72,107.06,516.72,-41.87,-76.73,M1->M2 x M3,133.28,240.34,316.4,73.3,160.8,757.1,231.9
650,0.40,3.0,-20.58,-45.23,43.29,-76.62,107.06,516.72,107.06,516.72,-42.02,-76.62,M1->M2 x M3,133.28,240.34,316.4,73.3,160.8,757.1,266.2
650,0.40,4.0,19.22,-1.89,90.64,-76.60,107.06,516.72,107.06,516.72,-42.17,-76.60,M1->M2 x M3,133.28,240.34,316.4,73.3,160.8,757.1,300.5
650,0.40,5.0,58.99,41.41,137.96,-68.18,107.06,516.72,107.06,516.72,-42.04,-68.18,M1->M2 x M3,133.28,240.34,316.4,73.3,160.8,757.1,334.9
650,0.40,6.0,98.74,84.69,185.24,-56.44,107.06,517.50,107.06,517.50,-37.95,-56.44,M1->M2 x M3,133.28,240.34,316.4,73.3,160.8,757.1,369.4
650,0.40,7.0,138.46,127.94,232.46,-44.67,107.10,520.55,107.10,520.55,-32.09,-44.67,M1->M2 x M3,133.28,240.34,316.4,73.3,160.8,757.1,404.1
650,0.40,8.0,178.14,171.16,279.61,-32.84,107.43,525.89,107.43,525.89,-26.21,-32.84,M1->M2 x M3,133.28,240.34,316.4,73.3,160.8,757.1,438.9
650,0.40,9.0,217.76,214.32,326.67,-20.96,108.07,533.49,108.07,533.49,-20.30,-20.96,M1->M2 x M3,133.28,240.34,316.4,73.3,160.8,757.1,473.8
650,0.40,10.0,257.32,257.42,373.64,-9.01,109.03,543.29,109.03,543.29,-14.36,-14.36,M3->FP x M2,133.28,240.34,316.4,73.3,160.8,757.1,509.0
650,0.40,11.0,296.80,300.44,420.49,2.80,110.31,555.21,110.31,555.21,-8.38,-8.38,M3->FP x M2,133.28,240.34,316.4,73.3,160.8,757.1,544.4
650,0.40,12.0,336.19,343.37,467.21,13.83,111.91,569.19,111.91,569.19,-2.37,-2.37,M3->FP x M2,133.28,240.34,316.4,73.3,160.8,757.1,580.0
650,0.40,13.0,375.48,386.20,513.79,24.55,113.81,585.11,113.81,585.11,3.56,3.56,M3->FP x M2,133.28,240.34,316.4,73.3,160.8,757.1,615.9
650,0.40,14.0,414.65,428.90,560.21,34.95,116.02,602.89,116.02,602.89,9.46,9.46,M3->FP x M2,133.28,240.34,316.4,73.3,160.8,757.1,652.1
650,0.40,15.0,453.70,471.48,606.47,44.99,118.52,622.44,118.52,622.44,15.40,15.40,M3->FP x M2,133.28,240.34,316.4,73.3,160.8,757.1,688.6
650,0.40,16.0,492.60,513.91,652.54,54.68,121.30,643.65,121.30,643.65,21.40,21.40,M3->FP x M2,133.28,240.34,316.4,73.3,160.8,757.1,725.5
650,0.40,17.0,531.36,556.19,698.41,63.99,124.37,666.45,124.37,666.45,27.46,27.46,M3->FP x M2,133.28,240.34,316.4,73.3,160.8,757.1,762.7
650,0.40,18.0,569.96,598.29,744.06,72.93,127.70,690.76,127.70,690.76,33.59,33.59,M3->FP x M2,133.28,240.34,316.4,73.3,160.8,757.1,800.4
650,0.40,19.0,608.38,640.22,789.49,81.49,131.29,716.50,131.29,716.50,39.79,39.79,M3->FP x M2,133.28,240.34,316.4,73.3,160.8,757.1,838.4
650,0.40,20.0,646.61,681.95,834.68,89.68,135.14,743.61,135.14,743.61,46.06,46.06,M3->FP x M2,133.28,240.34,316.4,73.3,160.8,757.1,877.0
650,0.45,2.0,-47.24,-87.55,0.16,-87.42,124.68,499.85,124.68,499.85,-47.12,-87.55,in->M1 x M3,150.15,274.83,301.6,82.5,180.0,774.7,234.8
650,0.45,3.0,-34.84,-66.06,35.19,-87.51,124.68,499.85,124.68,499.85,-47.37,-87.51,M1->M2 x M3,150.15,274.83,301.6,82.5,180.0,774.7,265.9
650,0.45,4.0,1.84,-26.16,79.70,-87.74,124.68,499.85,124.68,499.85,-47.26,-87.74,M1->M2 x M3,150.15,274.83,301.6,82.5,180.0,774.7,297.0
650,0.45,5.0,38.47,13.78,124.18,-84.07,124.68,499.85,124.68,499.85,-47.02,-84.07,M1->M2 x M3,150.15,274.83,301.6,82.5,180.0,774.7,328.3
650,0.45,6.0,75.10,53.65,168.63,-72.32,124.68,499.85,124.68,499.85,-47.21,-72.32,M1->M2 x M3,150.15,274.83,301.6,82.5,180.0,774.7,359.6
650,0.45,7.0,111.69,93.51,213.02,-60.52,124.68,500.86,124.68,500.86,-42.23,-60.52,M1->M2 x M3,150.15,274.83,301.6,82.5,180.0,774.7,391.1
650,0.45,8.0,148.26,133.35,257.35,-48.68,124.75,503.85,124.75,503.85,-36.34,-48.68,M1->M2 x M3,150.15,274.83,301.6,82.5,180.0,774.7,422.7
650,0.45,9.0,184.78,173.14,301.60,-36.79,125.09,508.82,125.09,508.82,-30.43,-36.79,M1->M2 x M3,150.15,274.83,301.6,82.5,180.0,774.7,454.4
650,0.45,10.0,221.24,212.87,345.76,-24.82,125.71,515.73,125.71,515.73,-24.49,-24.82,M1->M2 x M3,150.15,274.83,301.6,82.5,180.0,774.7,486.3
650,0.45,11.0,257.64,252.55,389.82,-12.79,126.61,524.54,126.61,524.54,-18.50,-18.50,M3->FP x M2,150.15,274.83,301.6,82.5,180.0,774.7,518.5
650,0.45,12.0,293.95,292.14,433.75,-0.67,127.79,535.22,127.79,535.22,-12.48,-12.48,M3->FP x M2,150.15,274.83,301.6,82.5,180.0,774.7,550.8
650,0.45,13.0,330.18,331.65,477.55,10.60,129.24,547.69,129.24,547.69,-6.42,-6.42,M3->FP x M2,150.15,274.83,301.6,82.5,180.0,774.7,583.4
650,0.45,14.0,366.31,371.06,521.21,21.57,130.98,561.88,130.98,561.88,-0.30,-0.30,M3->FP x M2,150.15,274.83,301.6,82.5,180.0,774.7,616.3
650,0.45,15.0,402.33,410.35,564.71,32.27,132.98,577.73,132.98,577.73,5.66,5.66,M3->FP x M2,150.15,274.83,301.6,82.5,180.0,774.7,649.4
650,0.45,16.0,438.22,449.52,608.04,42.68,135.26,595.17,135.26,595.17,11.66,11.66,M3->FP x M2,150.15,274.83,301.6,82.5,180.0,774.7,682.9
650,0.45,17.0,473.98,488.55,651.18,52.78,137.81,614.12,137.81,614.12,17.73,17.73,M3->FP x M2,150.15,274.83,301.6,82.5,180.0,774.7,716.7
650,0.45,18.0,509.59,527.43,694.12,62.56,140.62,634.51,140.62,634.51,23.86,23.86,M3->FP x M2,150.15,274.83,301.6,82.5,180.0,774.7,750.9
650,0.45,19.0,545.05,566.15,736.85,72.02,143.69,656.30,143.69,656.30,30.06,30.06,M3->FP x M2,150.15,274.83,301.6,82.5,180.0,774.7,785.5
650,0.45,20.0,580.35,604.70,779.36,81.15,147.01,679.41,147.01,679.41,36.33,36.33,M3->FP x M2,150.15,274.83,301.6,82.5,180.0,774.7,820.5
650,0.50,2.0,-52.58,-98.81,0.34,-98.70,142.83,482.93,142.83,482.93,-52.40,-98.81,in->M1 x M3,167.07,309.90,289.8,91.7,199.5,792.8,239.1
650,0.50,3.0,-47.30,-85.27,28.91,-98.57,142.83,482.93,142.83,482.93,-52.30,-98.57,M1->M2 x M3,167.07,309.90,289.8,91.7,199.5,792.8,267.7
650,0.50,4.0,-13.15,-48.19,71.22,-98.75,142.83,482.93,142.83,482.93,-52.43,-98.75,M1->M2 x M3,167.07,309.90,289.8,91.7,199.5,792.8,296.3
650,0.50,5.0,21.01,-11.03,113.51,-98.97,142.83,482.93,142.83,482.93,-52.55,-98.97,M1->M2 x M3,167.07,309.90,289.8,91.7,199.5,792.8,325.0
650,0.50,6.0,55.13,26.11,155.76,-88.14,142.83,482.93,142.83,482.93,-52.65,-88.14,M1->M2 x M3,167.07,309.90,289.8,91.7,199.5,792.8,353.8
650,0.50,7.0,89.23,63.20,197.96,-76.33,142.83,482.96,142.83,482.96,-52.51,-76.33,M1->M2 x M3,167.07,309.90,289.8,91.7,199.5,792.8,382.7
650,0.50,8.0,123.31,100.27,240.10,-64.47,142.83,484.12,142.83,484.12,-46.62,-64.47,M1->M2 x M3,167.07,309.90,289.8,91.7,199.5,792.8,411.8
650,0.50,9.0,157.35,137.32,282.17,-52.56,142.94,487.02,142.94,487.02,-40.71,-52.56,M1->M2 x M3,167.07,309.90,289.8,91.7,199.5,792.8,441.0
650,0.50,10.0,191.34,174.31,324.16,-40.58,143.29,491.66,143.29,491.66,-34.75,-40.58,M1->M2 x M3,167.07,309.90,289.8,91.7,199.5,792.8,470.3
650,0.50,11.0,225.27,211.26,366.04,-28.53,143.89,498.03,143.89,498.03,-28.77,-28.77,M3->FP x M2,167.07,309.90,289.8,91.7,199.5,792.8,499.8
650,0.50,12.0,259.13,248.14,407.82,-16.39,144.73,506.10,144.73,506.10,-22.74,-22.74,M3->FP x M2,167.07,309.90,289.8,91.7,199.5,792.8,529.6
650,0.50,13.0,292.92,284.95,449.46,-4.17,145.83,515.83,145.83,515.83,-16.67,-16.67,M3->FP x M2,167.07,309.90,289.8,91.7,199.5,792.8,559.5
650,0.50,14.0,326.62,321.67,490.98,7.51,147.18,527.17,147.18,527.17,-10.55,-10.55,M3->FP x M2,167.07,309.90,289.8,91.7,199.5,792.8,589.7
650,0.50,15.0,360.21,358.29,532.34,18.70,148.78,540.08,148.78,540.08,-4.38,-4.38,M3->FP x M2,167.07,309.90,289.8,91.7,199.5,792.8,620.2
650,0.50,16.0,393.70,394.80,573.54,29.66,150.63,554.49,150.63,554.49,1.78,1.78,M3->FP x M2,167.07,309.90,289.8,91.7,199.5,792.8,651.0
650,0.50,17.0,427.06,431.19,614.57,40.37,152.74,570.35,152.74,570.35,7.85,7.85,M3->FP x M2,167.07,309.90,289.8,91.7,199.5,792.8,682.0
650,0.50,18.0,460.30,467.45,655.41,50.83,155.09,587.60,155.09,587.60,13.99,13.99,M3->FP x M2,167.07,309.90,289.8,91.7,199.5,792.8,713.4
650,0.50,19.0,493.40,503.57,696.05,61.01,157.69,606.19,157.69,606.19,20.19,20.19,M3->FP x M2,167.07,309.90,289.8,91.7,199.5,792.8,745.2
650,0.50,20.0,526.34,539.54,736.47,70.92,160.54,626.08,160.54,626.08,26.47,26.47,M3->FP x M2,167.07,309.90,289.8,91.7,199.5,792.8,777.4
650,0.55,2.0,-57.96,-110.20,0.13,-110.22,161.38,465.97,161.38,465.97,-57.59,-110.22,M1->M2 x M3,184.03,345.41,280.1,100.8,219.3,811.4,244.5
650,0.55,3.0,-57.51,-103.32,23.96,-110.30,161.38,465.97,161.38,465.97,-57.63,-110.30,M1->M2 x M3,184.03,345.41,280.1,100.8,219.3,811.4,271.1
650,0.55,4.0,-26.37,-68.60,64.53,-110.12,161.38,465.97,161.38,465.97,-57.92,-110.12,M1->M2 x M3,184.03,345.41,280.1,100.8,219.3,811.4,297.6
650,0.55,5.0,5.77,-33.80,105.08,-109.90,161.38,465.97,161.38,465.97,-57.90,-109.90,M1->M2 x M3,184.03,345.41,280.1,100.8,219.3,811.4,324.3
650,0.55,6.0,37.84,1.10,145.60,-103.87,161.38,465.97,161.38,465.97,-57.91,-103.87,M1->M2 x M3,184.03,345.41,280.1,100.8,219.3,811.4,351.0
650,0.55,7.0,69.90,35.88,186.08,-92.04,161.38,465.97,161.38,465.97,-57.54,-92.04,M1->M2 x M3,184.03,345.41,280.1,100.8,219.3,811.4,377.8
650,0.55,8.0,101.95,70.64,226.49,-80.17,161.38,466.03,161.38,466.03,-57.01,-80.17,M1->M2 x M3,184.03,345.41,280.1,100.8,219.3,811.4,404.8
650,0.55,9.0,133.96,105.39,266.84,-68.24,161.38,467.26,161.38,467.26,-51.09,-68.24,M1->M2 x M3,184.03,345.41,280.1,100.8,219.3,811.4,431.9
650,0.55,10.0,165.93,140.10,307.11,-56.24,161.52,470.06,161.52,470.06,-45.14,-56.24,M1->M2 x M3,184.03,345.41,280.1,100.8,219.3,811.4,459.1
650,0.55,11.0,197.85,174.77,347.29,-44.17,161.89,474.44,161.89,474.44,-39.14,-44.17,M1->M2 x M3,184.03,345.41,280.1,100.8,219.3,811.4,486.5
650,0.55,12.0,229.71,209.38,387.36,-32.02,162.47,480.39,162.47,480.39,-33.11,-33.11,M3->FP x M2,184.03,345.41,280.1,100.8,219.3,811.4,514.1
650,0.55,13.0,261.50,243.94,427.31,-19.78,163.28,487.87,163.28,487.87,-27.04,-27.04,M3->FP x M2,184.03,345.41,280.1,100.8,219.3,811.4,541.9
650,0.55,14.0,293.21,278.41,467.13,-7.44,164.32,496.87,164.32,496.87,-20.91,-20.91,M3->FP x M2,184.03,345.41,280.1,100.8,219.3,811.4,569.9
650,0.55,15.0,324.83,312.81,506.81,4.61,165.58,507.35,165.58,507.35,-14.74,-14.74,M3->FP x M2,184.03,345.41,280.1,100.8,219.3,811.4,598.2
650,0.55,16.0,356.35,347.10,546.33,16.00,167.08,519.27,167.08,519.27,-8.50,-8.50,M3->FP x M2,184.03,345.41,280.1,100.8,219.3,811.4,626.7
650,0.55,17.0,387.76,381.30,585.69,27.19,168.81,532.58,168.81,532.58,-2.21,-2.21,M3->FP x M2,184.03,345.41,280.1,100.8,219.3,811.4,655.6
650,0.55,18.0,419.06,415.37,624.87,38.18,170.77,547.24,170.77,547.24,4.01,4.01,M3->FP x M2,184.03,345.41,280.1,100.8,219.3,811.4,684.7
650,0.55,19.0,450.23,449.32,663.85,48.95,172.97,563.20,172.97,563.20,10.22,10.22,M3->FP x M2,184.03,345.41,280.1,100.8,219.3,811.4,714.2
650,0.55,20.0,481.26,483.13,702.64,59.49,175.40,580.43,175.40,580.43,16.50,16.50,M3->FP x M2,184.03,345.41,280.1,100.8,219.3,811.4,744.0
650,0.60,2.0,-62.34,-121.62,0.00,-121.61,180.20,448.95,180.20,448.95,-63.22,-121.62,in->M1 x M3,201.05,381.25,272.0,110.0,239.2,830.2,250.8
650,0.60,3.0,-62.46,-120.49,20.00,-121.60,180.20,448.95,180.20,448.95,-63.15,-121.60,M1->M2 x M3,201.05,381.25,272.0,110.0,239.2,830.2,275.6
650,0.60,4.0,-38.27,-87.79,59.18,-121.37,180.20,448.95,180.20,448.95,-63.09,-121.37,M1->M2 x M3,201.05,381.25,272.0,110.0,239.2,830.2,300.5
650,0.60,5.0,-7.84,-55.01,98.35,-121.60,180.20,448.95,180.20,448.95,-63.17,-121.60,M1->M2 x M3,201.05,381.25,272.0,110.0,239.2,830.2,325.4
650,0.60,6.0,22.56,-22.13,137.48,-119.47,180.20,448.95,180.20,448.95,-63.15,-119.47,M1->M2 x M3,201.05,381.25,272.0,110.0,239.2,830.2,350.4
650,0.60,7.0,52.92,10.79,176.58,-107.62,180.20,448.95,180.20,448.95,-63.14,-107.62,M1->M2 x M3,201.05,381.25,272.0,110.0,239.2,830.2,375.5
650,0.60,8.0,83.27,43.59,215.61,-95.73,180.20,448.95,180.20,448.95,-63.20,-95.73,M1->M2 x M3,201.05,381.25,272.0,110.0,239.2,830.2,400.7
650,0.60,9.0,113.60,76.38,254.59,-83.78,180.20,449.05,180.20,449.05,-61.55,-83.78,M1->M2 x M3,201.05,381.25,272.0,110.0,239.2,830.2,426.0
650,0.60,10.0,143.89,109.14,293.48,-71.77,180.22,450.31,180.22,450.31,-55.59,-71.77,M1->M2 x M3,201.05,381.25,272.0,110.0,239.2,830.2,451.5
650,0.60,11.0,174.13,141.87,332.29,-59.68,180.39,453.01,180.39,453.01,-49.60,-59.68,M1->M2 x M3,201.05,381.25,272.0,110.0,239.2,830.2,477.1
650,0.60,12.0,204.33,174.56,371.00,-47.51,180.76,457.17,180.76,457.17,-43.56,-47.51,M1->M2 x M3,201.05,381.25,272.0,110.0,239.2,830.2,502.9
650,0.60,13.0,234.46,207.19,409.59,-35.26,181.34,462.77,181.34,462.77,-37.48,-37.48,M3->FP x M2,201.05,381.25,272.0,110.0,239.2,830.2,529.0
650,0.60,14.0,264.51,239.76,448.06,-22.90,182.12,469.80,182.12,469.80,-31.35,-31.35,M3->FP x M2,201.05,381.25,272.0,110.0,239.2,830.2,555.2
650,0.60,15.0,294.49,272.26,486.39,-10.44,183.11,478.23,183.11,478.23,-25.17,-25.17,M3->FP x M2,201.05,381.25,272.0,110.0,239.2,830.2,581.6
650,0.60,16.0,324.38,304.67,524.57,1.98,184.31,488.04,184.31,488.04,-18.93,-18.93,M3->FP x M2,201.05,381.25,272.0,110.0,239.2,830.2,608.3
650,0.60,17.0,354.17,337.00,562.60,13.54,185.72,499.20,185.72,499.20,-12.63,-12.63,M3->FP x M2,201.05,381.25,272.0,110.0,239.2,830.2,635.3
650,0.60,18.0,383.85,369.22,600.45,24.95,187.35,511.67,187.35,511.67,-6.26,-6.26,M3->FP x M2,201.05,381.25,272.0,110.0,239.2,830.2,662.6
650,0.60,19.0,413.42,401.32,638.12,36.19,189.20,525.40,189.20,525.40,0.17,0.17,M3->FP x M2,201.05,381.25,272.0,110.0,239.2,830.2,690.1
650,0.60,20.0,442.86,433.31,675.59,47.24,191.27,540.37,191.27,540.37,6.46,6.46,M3->FP x M2,201.05,381.25,272.0,110.0,239.2,830.2,718.0
650,0.65,2.0,-66.82,-132.87,0.69,-133.00,199.18,431.88,199.18,431.88,-68.20,-133.00,M1->M2 x M3,218.12,417.29,265.2,119.2,259.3,849.2,257.7
650,0.65,3.0,-68.16,-133.22,16.80,-133.30,199.18,431.88,199.18,431.88,-68.48,-133.30,M1->M2 x M3,218.12,417.29,265.2,119.2,259.3,849.2,281.1
650,0.65,4.0,-49.15,-106.03,54.86,-132.98,199.18,431.88,199.18,431.88,-68.27,-132.98,M1->M2 x M3,218.12,417.29,265.2,119.2,259.3,849.2,304.5
650,0.65,5.0,-20.18,-75.00,92.91,-133.11,199.18,431.88,199.18,431.88,-68.07,-133.11,M1->M2 x M3,218.12,417.29,265.2,119.2,259.3,849.2,328.0
650,0.65,6.0,8.82,-43.88,130.92,-133.11,199.18,431.88,199.18,431.88,-68.40,-133.11,M1->M2 x M3,218.12,417.29,265.2,119.2,259.3,849.2,351.5
650,0.65,7.0,37.75,-12.65,168.90,-123.03,199.18,431.88,199.18,431.88,-68.29,-123.03,M1->M2 x M3,218.12,417.29,265.2,119.2,259.3,849.2,375.1
650,0.65,8.0,66.67,18.54,206.82,-111.12,199.18,431.88,199.18,431.88,-68.24,-111.12,M1->M2 x M3,218.12,417.29,265.2,119.2,259.3,849.2,398.8
650,0.65,9.0,95.57,49.63,244.69,-99.16,199.18,431.88,199.18,431.88,-68.39,-99.16,M1->M2 x M3,218.12,417.29,265.2,119.2,259.3,849.2,422.7
650,0.65,10.0,124.44,80.70,282.48,-87.12,199.18,432.01,199.18,432.01,-66.09,-87.12,M1->M2 x M3,218.12,417.29,265.2,119.2,259.3,849.2,446.7
650,0.65,11.0,153.27,111.75,320.18,-75.02,199.21,433.27,199.21,433.27,-60.09,-75.02,M1->M2 x M3,218.12,417.29,265.2,119.2,259.3,849.2,470.8
650,0.65,12.0,182.05,142.77,357.78,-62.83,199.41,435.88,199.41,435.88,-54.05,-62.83,M1->M2 x M3,218.12,417.29,265.2,119.2,259.3,849.2,495.1
650,0.65,13.0,210.78,173.74,395.28,-50.56,199.79,439.85,199.79,439.85,-47.96,-50.56,M1->M2 x M3,218.12,417.29,265.2,119.2,259.3,849.2,519.6
650,0.65,14.0,239.45,204.66,432.65,-38.19,200.36,445.17,200.36,445.17,-41.83,-41.83,M3->FP x M2,218.12,417.29,265.2,119.2,259.3,849.2,544.3
650,0.65,15.0,268.04,235.52,469.89,-25.71,201.12,451.84,201.12,451.84,-35.65,-35.65,M3->FP x M2,218.12,417.29,265.2,119.2,259.3,849.2,569.2
650,0.65,16.0,296.55,266.31,506.99,-13.11,202.08,459.83,202.08,459.83,-29.40,-29.40,M3->FP x M2,218.12,417.29,265.2,119.2,259.3,849.2,594.3
650,0.65,17.0,324.97,297.01,543.94,-0.39,203.23,469.12,203.23,469.12,-23.10,-23.10,M3->FP x M2,218.12,417.29,265.2,119.2,259.3,849.2,619.7
650,0.65,18.0,353.29,327.63,580.72,11.39,204.58,479.69,204.58,479.69,-16.72,-16.72,M3->FP x M2,218.12,417.29,265.2,119.2,259.3,849.2,645.4
650,0.65,19.0,381.51,358.14,617.32,23.00,206.13,491.50,206.13,491.50,-10.28,-10.28,M3->FP x M2,218.12,417.29,265.2,119.2,259.3,849.2,671.4
650,0.65,20.0,409.60,388.55,653.74,34.47,207.89,504.53,207.89,504.53,-3.76,-3.76,M3->FP x M2,218.12,417.29,265.2,119.2,259.3,849.2,697.7
650,0.70,2.0,-73.67,-144.78,0.06,-144.49,218.18,414.77,218.18,414.77,-73.41,-144.78,in->M1 x M3,235.23,453.41,259.3,128.3,279.4,868.2,265.1
650,0.70,3.0,-73.58,-144.79,14.19,-144.77,218.18,414.77,218.18,414.77,-73.65,-144.79,in->M1 x M3,235.23,453.41,259.3,128.3,279.4,868.2,287.2
650,0.70,4.0,-59.23,-123.49,51.34,-144.54,218.18,414.77,218.18,414.77,-73.71,-144.54,M1->M2 x M3,235.23,453.41,259.3,128.3,279.4,868.2,309.4
650,0.70,5.0,-31.51,-94.01,88.47,-144.45,218.18,414.77,218.18,414.77,-73.49,-144.45,M1->M2 x M3,235.23,453.41,259.3,128.3,279.4,868.2,331.6
650,0.70,6.0,-3.72,-64.44,125.58,-144.61,218.18,414.77,218.18,414.77,-73.30,-144.61,M1->M2 x M3,235.23,453.41,259.3,128.3,279.4,868.2,353.9
650,0.70,7.0,24.00,-34.76,162.65,-138.22,218.18,414.77,218.18,414.77,-73.19,-138.22,M1->M2 x M3,235.23,453.41,259.3,128.3,279.4,868.2,376.3
650,0.70,8.0,51.69,-4.96,199.66,-126.29,218.18,414.77,218.18,414.77,-73.35,-126.29,M1->M2 x M3,235.23,453.41,259.3,128.3,279.4,868.2,398.7
650,0.70,9.0,79.37,24.68,236.62,-114.31,218.18,414.77,218.18,414.77,-73.47,-114.31,M1->M2 x M3,235.23,453.41,259.3,128.3,279.4,868.2,421.3
650,0.70,10.0,107.03,54.27,273.51,-102.26,218.18,414.77,218.18,414.77,-73.56,-102.26,M1->M2 x M3,235.23,453.41,259.3,128.3,279.4,868.2,444.0
650,0.70,11.0,134.65,83.85,310.31,-90.14,218.18,414.91,218.18,414.91,-70.59,-90.14,M1->M2 x M3,235.23,453.41,259.3,128.3,279.4,868.2,466.9
650,0.70,12.0,162.23,113.40,347.01,-77.94,218.23,416.16,218.23,416.16,-64.54,-77.94,M1->M2 x M3,235.23,453.41,259.3,128.3,279.4,868.2,489.9
650,0.70,13.0,189.76,142.91,383.62,-65.64,218.46,418.68,218.46,418.68,-58.46,-65.64,M1->M2 x M3,235.23,453.41,259.3,128.3,279.4,868.2,513.1
650,0.70,14.0,217.23,172.38,420.10,-53.25,218.85,422.49,218.85,422.49,-52.32,-53.25,M1->M2 x M3,235.23,453.41,259.3,128.3,279.4,868.2,536.4
650,0.70,15.0,244.64,201.80,456.46,-40.76,219.42,427.59,219.42,427.59,-46.13,-46.13,M3->FP x M2,235.23,453.41,259.3,128.3,279.4,868.2,560.0
650,0.70,16.0,271.97,231.16,492.68,-28.14,220.16,433.98,220.16,433.98,-39.88,-39.88,M3->FP x M2,235.23,453.41,259.3,128.3,279.4,868.2,583.8
650,0.70,17.0,299.22,260.45,528.74,-15.40,221.09,441.62,221.09,441.62,-33.57,-33.57,M3->FP x M2,235.23,453.41,259.3,128.3,279.4,868.2,607.9
650,0.70,18.0,326.38,289.65,564.65,-2.53,222.20,450.52,222.20,450.52,-27.19,-27.19,M3->FP x M2,235.23,453.41,259.3,128.3,279.4,868.2,632.2
650,0.70,19.0,353.44,318.77,600.38,9.59,223.50,460.63,223.50,460.63,-20.74,-20.74,M3->FP x M2,235.23,453.41,259.3,128.3,279.4,868.2,656.8
650,0.70,20.0,380.39,347.80,635.94,21.40,224.99,471.95,224.99,471.95,-14.21,-14.21,M3->FP x M2,235.23,453.41,259.3,128.3,279.4,868.2,681.6
650,0.75,2.0,-77.63,-156.34,0.28,-156.15,237.07,397.60,237.07,397.60,-78.40,-156.34,in->M1 x M3,252.40,489.47,254.3,137.5,299.5,887.1,273.7
650,0.75,3.0,-78.10,-156.23,12.05,-156.03,237.07,397.60,237.07,397.60,-78.94,-156.23,in->M1 x M3,252.40,489.47,254.3,137.5,299.5,887.1,293.8
650,0.75,4.0,-68.66,-140.30,48.45,-155.95,237.07,397.60,237.07,397.60,-78.81,-155.95,M1->M2 x M3,252.40,489.47,254.3,137.5,299.5,887.1,314.9
650,0.75,5.0,-42.04,-112.19,84.84,-156.12,237.07,397.60,237.07,397.60,-78.67,-156.12,M1->M2 x M3,252.40,489.47,254.3,137.5,299.5,887.1,336.1
650,0.75,6.0,-15.33,-84.01,121.19,-156.32,237.07,397.60,237.07,397.60,-78.74,-156.32,M1->M2 x M3,252.40,489.47,254.3,137.5,299.5,887.1,357.3
650,0.75,7.0,11.38,-55.72,157.52,-153.15,237.07,397.60,237.07,397.60,-78.55,-153.15,M1->M2 x M3,252.40,489.47,254.3,137.5,299.5,887.1,378.6
650,0.75,8.0,38.02,-27.32,193.79,-141.21,237.07,397.60,237.07,397.60,-78.90,-141.21,M1->M2 x M3,252.40,489.47,254.3,137.5,299.5,887.1,399.9
650,0.75,9.0,64.64,1.21,230.00,-129.21,237.07,397.60,237.07,397.60,-78.98,-129.21,M1->M2 x M3,252.40,489.47,254.3,137.5,299.5,887.1,421.4
650,0.75,10.0,91.24,29.48,266.15,-117.14,237.07,397.60,237.07,397.60,-78.69,-117.14,M1->M2 x M3,252.40,489.47,254.3,137.5,299.5,887.1,443.0
650,0.75,11.0,117.82,57.74,302.21,-105.01,237.07,397.60,237.07,397.60,-78.87,-105.01,M1->M2 x M3,252.40,489.47,254.3,137.5,299.5,887.1,464.8
650,0.75,12.0,144.36,85.99,338.18,-92.78,237.07,397.76,237.07,397.76,-75.01,-92.78,M1->M2 x M3,252.40,489.47,254.3,137.5,299.5,887.1,486.7
650,0.75,13.0,170.85,114.20,374.05,-80.47,237.16,398.98,237.16,398.98,-68.92,-80.47,M1->M2 x M3,252.40,489.47,254.3,137.5,299.5,887.1,508.7
650,0.75,14.0,197.30,142.39,409.81,-68.07,237.41,401.43,237.41,401.43,-62.78,-68.07,M1->M2 x M3,252.40,489.47,254.3,137.5,299.5,887.1,531.0
650,0.75,15.0,223.68,170.53,445.43,-55.55,237.81,405.11,237.81,405.11,-56.58,-56.58,M3->FP x M2,252.40,489.47,254.3,137.5,299.5,887.1,553.4
650,0.75,16.0,249.99,198.62,480.93,-42.92,238.38,410.04,238.38,410.04,-50.33,-50.33,M3->FP x M2,252.40,489.47,254.3,137.5,299.5,887.1,576.1
650,0.75,17.0,276.23,226.64,516.28,-30.16,239.12,416.20,239.12,416.20,-44.01,-44.01,M3->FP x M2,252.40,489.47,254.3,137.5,299.5,887.1,598.9
650,0.75,18.0,302.39,254.60,551.47,-17.26,240.02,423.59,240.02,423.59,-37.63,-37.63,M3->FP x M2,252.40,489.47,254.3,137.5,299.5,887.1,622.1
650,0.75,19.0,328.45,282.48,586.49,-4.22,241.10,432.18,241.10,432.18,-31.17,-31.17,M3->FP x M2,252.40,489.47,254.3,137.5,299.5,887.1,645.4
650,0.75,20.0,354.41,310.28,621.33,8.19,242.37,441.96,242.37,441.96,-24.64,-24.64,M3->FP x M2,252.40,489.47,254.3,137.5,299.5,887.1,669.1
650,0.80,2.0,-84.24,-167.70,0.86,-167.68,255.74,380.40,255.74,380.40,-84.22,-167.70,in->M1 x M3,269.60,525.34,249.8,146.7,319.4,905.7,293.6
650,0.80,3.0,-83.81,-167.80,10.29,-167.60,255.74,380.40,255.74,380.40,-84.05,-167.80,in->M1 x M3,269.60,525.34,249.8,146.7,319.4,905.7,300.9
650,0.80,4.0,-77.58,-156.53,46.07,-167.47,255.74,380.40,255.74,380.40,-83.66,-167.47,M1->M2 x M3,269.60,525.34,249.8,146.7,319.4,905.7,321.0
650,0.80,5.0,-51.91,-129.67,81.83,-167.77,255.74,380.40,255.74,380.40,-84.21,-167.77,M1->M2 x M3,269.60,525.34,249.8,146.7,319.4,905.7,341.2
650,0.80,6.0,-26.16,-102.73,117.58,-167.60,255.74,380.40,255.74,380.40,-83.93,-167.60,M1->M2 x M3,269.60,525.34,249.8,146.7,319.4,905.7,361.5
650,0.80,7.0,-0.31,-75.70,153.28,-167.79,255.74,380.40,255.74,380.40,-83.53,-167.79,M1->M2 x M3,269.60,525.34,249.8,146.7,319.4,905.7,381.8
650,0.80,8.0,25.40,-48.55,188.94,-155.83,255.74,380.40,255.74,380.40,-84.13,-155.83,M1->M2 x M3,269.60,525.34,249.8,146.7,319.4,905.7,402.2
650,0.80,9.0,51.10,-21.28,224.54,-143.81,255.74,380.40,255.74,380.40,-83.91,-143.81,M1->M2 x M3,269.60,525.34,249.8,146.7,319.4,905.7,422.7
650,0.80,10.0,76.78,6.06,260.08,-131.73,255.74,380.40,255.74,380.40,-83.64,-131.73,M1->M2 x M3,269.60,525.34,249.8,146.7,319.4,905.7,443.4
650,0.80,11.0,102.45,33.14,295.53,-119.57,255.74,380.40,255.74,380.40,-84.30,-119.57,M1->M2 x M3,269.60,525.34,249.8,146.7,319.4,905.7,464.2
650,0.80,12.0,128.08,60.21,330.89,-107.33,255.74,380.40,255.74,380.40,-84.16,-107.33,M1->M2 x M3,269.60,525.34,249.8,146.7,319.4,905.7,485.1
650,0.80,13.0,153.67,87.26,366.16,-95.00,255.74,380.55,255.74,380.55,-79.32,-95.00,M1->M2 x M3,269.60,525.34,249.8,146.7,319.4,905.7,506.2
650,0.80,14.0,179.21,114.29,401.31,-82.58,255.86,381.74,255.86,381.74,-73.17,-82.58,M1->M2 x M3,269.60,525.34,249.8,146.7,319.4,905.7,527.4
650,0.80,15.0,204.70,141.28,436.34,-70.04,256.13,384.13,256.13,384.13,-66.97,-70.04,M1->M2 x M3,269.60,525.34,249.8,146.7,319.4,905.7,548.8
650,0.80,16.0,230.13,168.23,471.23,-57.39,256.55,387.72,256.55,387.72,-60.71,-60.71,M3->FP x M2,269.60,525.34,249.8,146.7,319.4,905.7,570.5
650,0.80,17.0,255.49,195.12,505.99,-44.62,257.12,392.52,257.12,392.52,-54.39,-54.39,M3->FP x M2,269.60,525.34,249.8,146.7,319.4,905.7,592.3
650,0.80,18.0,280.77,221.96,540.58,-31.70,257.85,398.52,257.85,398.52,-48.00,-48.00,M3->FP x M2,269.60,525.34,249.8,146.7,319.4,905.7,614.4
650,0.80,19.0,305.96,248.73,575.02,-18.65,258.74,405.72,258.74,405.72,-41.54,-41.54,M3->FP x M2,269.60,525.34,249.8,146.7,319.4,905.7,636.8
650,0.80,20.0,331.06,275.42,609.28,-5.43,259.81,414.10,259.81,414.10,-35.01,-35.01,M3->FP x M2,269.60,525.34,249.8,146.7,319.4,905.7,659.4
650,0.85,2.0,-89.47,-179.17,0.72,-179.03,274.05,363.14,274.05,363.14,-89.37,-179.17,in->M1 x M3,286.86,560.90,245.9,155.8,339.2,924.0,313.4
650,0.85,3.0,-89.54,-178.94,8.82,-179.17,274.05,363.14,274.05,363.14,-88.94,-179.17,M1->M2 x M3,286.86,560.90,245.9,155.8,339.2,924.0,313.4
650,0.85,4.0,-86.07,-172.23,44.09,-179.06,274.05,363.14,274.05,363.14,-89.22,-179.06,M1->M2 x M3,286.86,560.90,245.9,155.8,339.2,924.0,327.4
650,0.85,5.0,-61.23,-146.51,79.34,-178.92,274.05,363.14,274.05,363.14,-89.23,-178.92,M1->M2 x M3,286.86,560.90,245.9,155.8,339.2,924.0,346.8
650,0.85,6.0,-36.32,-120.71,114.57,-178.73,274.05,363.14,274.05,363.14,-89.53,-178.73,M1->M2 x M3,286.86,560.90,245.9,155.8,339.2,924.0,366.2
650,0.85,7.0,-11.33,-94.82,149.76,-178.96,274.05,363.14,274.05,363.14,-89.59,-178.96,M1->M2 x M3,286.86,560.90,245.9,155.8,339.2,924.0,385.7
650,0.85,8.0,13.65,-68.82,184.91,-170.10,274.05,363.14,274.05,363.14,-89.28,-170.10,M1->M2 x M3,286.86,560.90,245.9,155.8,339.2,924.0,405.3
650,0.85,9.0,38.54,-42.69,220.01,-158.07,274.05,363.14,274.05,363.14,-89.16,-158.07,M1->M2 x M3,286.86,560.90,245.9,155.8,339.2,924.0,425.0
650,0.85,10.0,63.41,-16.42,255.03,-145.97,274.05,363.14,274.05,363.14,-88.76,-145.97,M1->M2 x M3,286.86,560.90,245.9,155.8,339.2,924.0,444.8
650,0.85,11.0,88.27,9.83,289.98,-133.80,274.05,363.14,274.05,363.14,-89.45,-133.80,M1->M2 x M3,286.86,560.90,245.9,155.8,339.2,924.0,464.7
650,0.85,12.0,113.10,35.83,324.84,-121.54,274.05,363.14,274.05,363.14,-89.12,-121.54,M1->M2 x M3,286.86,560.90,245.9,155.8,339.2,924.0,484.8
650,0.85,13.0,137.90,61.83,359.60,-109.20,274.05,363.14,274.05,363.14,-89.59,-109.20,M1->M2 x M3,286.86,560.90,245.9,155.8,339.2,924.0,505.0
650,0.85,14.0,162.65,87.80,394.25,-96.75,274.07,363.29,274.07,363.29,-83.47,-96.75,M1->M2 x M3,286.86,560.90,245.9,155.8,339.2,924.0,525.3
650,0.85,15.0,187.36,113.75,428.78,-84.20,274.21,364.46,274.21,364.46,-77.26,-84.20,M1->M2 x M3,286.86,560.90,245.9,155.8,339.2,924.0,545.9
650,0.85,16.0,212.01,139.66,463.18,-71.53,274.50,366.80,274.50,366.80,-71.00,-71.53,M1->M2 x M3,286.86,560.90,245.9,155.8,339.2,924.0,566.6
650,0.85,17.0,236.59,165.53,497.44,-58.74,274.93,370.33,274.93,370.33,-64.67,-64.67,M3->FP x M2,286.86,560.90,245.9,155.8,339.2,924.0,587.6
650,0.85,18.0,261.10,191.36,531.55,-45.81,275.51,375.04,275.51,375.04,-58.28,-58.28,M3->FP x M2,286.86,560.90,245.9,155.8,339.2,924.0,608.8
650,0.85,19.0,285.53,217.12,565.49,-32.73,276.24,380.94,276.24,380.94,-51.82,-51.82,M3->FP x M2,286.86,560.90,245.9,155.8,339.2,924.0,630.2
650,0.85,20.0,309.88,242.81,599.26,-19.50,277.13,388.01,277.13,388.01,-45.28,-45.28,M3->FP x M2,286.86,560.90,245.9,155.8,339.2,924.0,651.9
650,0.90,2.0,-93.78,-189.98,0.02,-190.26,291.87,345.85,291.87,345.85,-94.50,-190.26,M1->M2 x M3,304.15,596.02,242.5,165.0,358.8,941.9,332.9
650,0.90,3.0,-94.44,-190.04,7.60,-190.21,291.87,345.85,291.87,345.85,-94.47,-190.21,M1->M2 x M3,304.15,596.02,242.5,165.0,358.8,941.9,332.9
650,0.90,4.0,-94.20,-187.44,42.43,-189.98,291.87,345.85,291.87,345.85,-94.78,-189.98,M1->M2 x M3,304.15,596.02,242.5,165.0,358.8,941.9,334.2
650,0.90,5.0,-70.11,-162.76,77.26,-190.23,291.87,345.85,291.87,345.85,-94.83,-190.23,M1->M2 x M3,304.15,596.02,242.5,165.0,358.8,941.9,352.8
650,0.90,6.0,-45.95,-138.00,112.06,-190.21,291.87,345.85,291.87,345.85,-94.37,-190.21,M1->M2 x M3,304.15,596.02,242.5,165.0,358.8,941.9,371.5
650,0.90,7.0,-21.70,-113.16,146.82,-190.04,291.87,345.85,291.87,345.85,-94.45,-190.04,M1->M2 x M3,304.15,596.02,242.5,165.0,358.8,941.9,390.2
650,0.90,8.0,2.62,-88.21,181.55,-184.00,291.87,345.85,291.87,345.85,-94.05,-184.00,M1->M2 x M3,304.15,596.02,242.5,165.0,358.8,941.9,409.1
650,0.90,9.0,26.79,-63.14,216.21,-171.95,291.87,345.85,291.87,345.85,-94.69,-171.95,M1->M2 x M3,304.15,596.02,242.5,165.0,358.8,941.9,428.0
650,0.90,10.0,50.95,-37.94,250.81,-159.83,291.87,345.85,291.87,345.85,-93.85,-159.83,M1->M2 x M3,304.15,596.02,242.5,165.0,358.8,941.9,447.0
650,0.90,11.0,75.10,-12.58,285.34,-147.64,291.87,345.85,291.87,345.85,-94.83,-147.64,M1->M2 x M3,304.15,596.02,242.5,165.0,358.8,941.9,466.2
650,0.90,12.0,99.22,12.68,319.77,-135.37,291.87,345.85,291.87,345.85,-93.79,-135.37,M1->M2 x M3,304.15,596.02,242.5,165.0,358.8,941.9,485.5
650,0.90,13.0,123.31,37.70,354.11,-123.00,291.87,345.85,291.87,345.85,-94.81,-123.00,M1->M2 x M3,304.15,596.02,242.5,165.0,358.8,941.9,504.9
650,0.90,14.0,147.37,62.71,388.35,-110.54,291.87,345.85,291.87,345.85,-93.63,-110.54,M1->M2 x M3,304.15,596.02,242.5,165.0,358.8,941.9,524.5
650,0.90,15.0,171.37,87.71,422.46,-97.97,291.91,346.00,291.91,346.00,-87.42,-97.97,M1->M2 x M3,304.15,596.02,242.5,165.0,358.8,941.9,544.3
650,0.90,16.0,195.33,112.67,456.44,-85.29,292.08,347.15,292.08,347.15,-81.15,-85.29,M1->M2 x M3,304.15,596.02,242.5,165.0,358.8,941.9,564.2
650,0.90,17.0,219.23,137.61,490.29,-72.48,292.39,349.46,292.39,349.46,-74.82,-74.82,M3->FP x M2,304.15,596.02,242.5,165.0,358.8,941.9,584.4
650,0.90,18.0,243.06,162.50,523.99,-59.53,292.83,352.94,292.83,352.94,-68.43,-68.43,M3->FP x M2,304.15,596.02,242.5,165.0,358.8,941.9,604.8
650,0.90,19.0,266.82,187.34,557.52,-46.43,293.42,357.61,293.42,357.61,-61.96,-61.96,M3->FP x M2,304.15,596.02,242.5,165.0,358.8,941.9,625.4
650,0.90,20.0,290.49,212.12,590.89,-33.18,294.16,363.45,294.16,363.45,-55.41,-55.41,M3->FP x M2,304.15,596.02,242.5,165.0,358.8,941.9,646.2
700,0.30,2.0,-25.32,-42.20,19.40,-55.75,75.66,600.30,75.66,600.30,-31.62,-55.75,M1->M2 x M3,99.70,175.36,374.3,55.0,124.6,775.7,240.5
700,0.30,3.0,27.68,14.89,79.44,-55.99,75.66,600.30,75.66,600.30,-31.29,-55.99,M1->M2 x M3,99.70,175.36,374.3,55.0,124.6,775.7,287.1
700,0.30,4.0,80.66,71.94,139.45,-47.93,75.66,600.83,75.66,600.83,-30.37,-47.93,M1->M2 x M3,99.70,175.36,374.3,55.0,124.6,775.7,333.8
700,0.30,5.0,133.61,128.97,199.42,-36.26,75.67,604.61,75.67,604.61,-24.56,-36.26,M1->M2 x M3,99.70,175.36,374.3,55.0,124.6,775.7,380.6
700,0.30,6.0,186.52,185.97,259.33,-24.56,75.93,611.98,75.93,611.98,-18.73,-24.56,M1->M2 x M3,99.70,175.36,374.3,55.0,124.6,775.7,427.6
700,0.30,7.0,239.38,242.90,319.16,-12.81,76.63,622.85,76.63,622.85,-12.88,-12.88,M3->FP x M2,99.70,175.36,374.3,55.0,124.6,775.7,474.8
700,0.30,8.0,292.16,299.76,378.89,-1.02,77.77,637.10,77.77,637.10,-7.01,-7.01,M3->FP x M2,99.70,175.36,374.3,55.0,124.6,775.7,522.1
700,0.30,9.0,344.85,356.54,438.51,9.96,79.34,654.55,79.34,654.55,-1.10,-1.10,M3->FP x M2,99.70,175.36,374.3,55.0,124.6,775.7,569.7
700,0.30,10.0,397.44,413.20,497.99,20.45,81.32,675.03,81.32,675.03,4.66,4.66,M3->FP x M2,99.70,175.36,374.3,55.0,124.6,775.7,617.6
700,0.30,11.0,449.90,469.74,557.32,30.47,83.68,698.32,83.68,698.32,10.41,10.41,M3->FP x M2,99.70,175.36,374.3,55.0,124.6,775.7,665.8
700,0.30,12.0,502.23,526.13,616.49,40.00,86.41,724.25,86.41,724.25,16.21,16.21,M3->FP x M2,99.70,175.36,374.3,55.0,124.6,775.7,714.3
700,0.30,13.0,554.41,582.36,675.46,49.01,89.49,752.61,89.49,752.61,22.05,22.05,M3->FP x M2,99.70,175.36,374.3,55.0,124.6,775.7,763.2
700,0.30,14.0,606.41,638.42,734.23,57.52,92.88,783.24,92.88,783.24,27.93,27.93,M3->FP x M2,99.70,175.36,374.3,55.0,124.6,775.7,812.4
700,0.30,15.0,658.24,694.28,792.77,65.51,96.56,815.96,96.56,815.96,33.87,33.87,M3->FP x M2,99.70,175.36,374.3,55.0,124.6,775.7,862.1
700,0.30,16.0,709.86,749.93,851.08,73.02,100.53,850.65,100.52,850.65,39.87,39.87,M3->FP x M2,99.70,175.36,374.3,55.0,124.6,775.7,912.3
700,0.30,17.0,761.27,805.35,909.12,80.04,104.75,887.16,104.37,887.16,45.92,45.92,M3->FP x M2,99.70,175.36,374.3,55.0,124.6,775.7,963.0
700,0.30,18.0,812.44,860.53,966.89,86.62,109.22,925.40,107.97,925.41,52.04,52.04,M3->FP x M2,99.70,175.36,374.3,55.0,124.6,775.7,1014.2
700,0.30,19.0,863.37,915.44,1024.36,92.76,113.92,962.55,111.32,965.30,58.23,58.23,M3->FP x M2,99.70,175.36,374.3,55.0,124.6,775.7,1066.1
700,0.30,20.0,914.03,970.08,1081.52,98.51,118.83,996.64,114.46,1006.75,64.49,64.49,M3->FP x M2,99.70,175.36,374.3,55.0,124.6,775.7,1118.5
700,0.35,2.0,-36.77,-64.02,9.16,-66.41,91.87,583.53,91.87,583.53,-36.81,-66.41,M1->M2 x M3,116.47,208.34,347.1,64.2,143.0,791.9,237.1
700,0.35,3.0,5.84,-13.04,63.67,-66.50,91.87,583.53,91.87,583.53,-36.80,-66.50,M1->M2 x M3,116.47,208.34,347.1,64.2,143.0,791.9,277.9
700,0.35,4.0,53.02,37.95,118.16,-63.76,91.87,583.53,91.87,583.53,-36.70,-63.76,M1->M2 x M3,116.47,208.34,347.1,64.2,143.0,791.9,318.8
700,0.35,5.0,100.18,88.91,172.61,-52.08,91.87,584.56,91.87,584.56,-34.31,-52.08,M1->M2 x M3,116.47,208.34,347.1,64.2,143.0,791.9,359.8
700,0.35,6.0,147.30,139.85,227.01,-40.36,91.88,588.42,91.88,588.42,-28.48,-40.36,M1->M2 x M3,116.47,208.34,347.1,64.2,143.0,791.9,400.9
700,0.35,7.0,194.39,190.74,281.33,-28.60,92.18,595.13,92.18,595.13,-22.63,-28.60,M1->M2 x M3,116.47,208.34,347.1,64.2,143.0,791.9,442.2
700,0.35,8.0,241.41,241.57,335.58,-16.79,92.84,604.63,92.84,604.63,-16.75,-16.79,M1->M2 x M3,116.47,208.34,347.1,64.2,143.0,791.9,483.6
700,0.35,9.0,288.36,292.33,389.72,-4.92,93.87,616.83,93.87,616.83,-10.84,-10.84,M3->FP x M2,116.47,208.34,347.1,64.2,143.0,791.9,525.3
700,0.35,10.0,335.22,343.00,443.74,6.48,95.27,631.62,95.27,631.62,-4.90,-4.90,M3->FP x M2,116.47,208.34,347.1,64.2,143.0,791.9,567.2
700,0.35,11.0,381.98,393.57,497.63,17.26,97.01,648.89,97.01,648.89,1.03,1.03,M3->FP x M2,116.47,208.34,347.1,64.2,143.0,791.9,609.3
700,0.35,12.0,428.62,444.02,551.36,27.65,99.10,668.50,99.10,668.50,6.83,6.83,M3->FP x M2,116.47,208.34,347.1,64.2,143.0,791.9,651.8
700,0.35,13.0,475.14,494.33,604.93,37.65,101.52,690.33,101.52,690.33,12.67,12.67,M3->FP x M2,116.47,208.34,347.1,64.2,143.0,791.9,694.5
700,0.35,14.0,521.50,544.49,658.31,47.22,104.25,714.23,104.25,714.23,18.56,18.56,M3->FP x M2,116.47,208.34,347.1,64.2,143.0,791.9,737.7
700,0.35,15.0,567.71,594.48,711.50,56.36,107.29,740.10,107.29,740.10,24.50,24.50,M3->FP x M2,116.47,208.34,347.1,64.2,143.0,791.9,781.2
700,0.35,16.0,613.75,644.30,764.46,65.07,110.61,767.81,110.61,767.81,30.50,30.50,M3->FP x M2,116.47,208.34,347.1,64.2,143.0,791.9,825.1
700,0.35,17.0,659.60,693.91,817.20,73.34,114.22,797.25,114.22,797.25,36.56,36.56,M3->FP x M2,116.47,208.34,347.1,64.2,143.0,791.9,869.4
700,0.35,18.0,705.25,743.32,869.68,81.20,118.08,828.35,118.08,828.35,42.68,42.68,M3->FP x M2,116.47,208.34,347.1,64.2,143.0,791.9,914.3
700,0.35,19.0,750.68,792.50,921.90,88.63,122.20,861.02,122.14,861.02,48.87,48.87,M3->FP x M2,116.47,208.34,347.1,64.2,143.0,791.9,959.6
700,0.35,20.0,795.89,841.44,973.84,95.67,126.56,895.19,126.03,895.19,55.14,55.14,M3->FP x M2,116.47,208.34,347.1,64.2,143.0,791.9,1005.5
700,0.40,2.0,-41.85,-77.33,1.64,-77.04,108.79,566.71,108.79,566.71,-42.04,-77.33,in->M1 x M3,133.29,242.08,326.6,73.3,161.8,808.8,237.1
700,0.40,3.0,-11.87,-37.08,52.08,-77.15,108.79,566.71,108.79,566.71,-42.06,-77.15,M1->M2 x M3,133.29,242.08,326.6,73.3,161.8,808.8,273.6
700,0.40,4.0,30.97,9.31,102.51,-77.26,108.79,566.71,108.79,566.71,-42.04,-77.26,M1->M2 x M3,133.29,242.08,326.6,73.3,161.8,808.8,310.1
700,0.40,5.0,73.79,55.65,152.90,-67.92,108.79,566.72,108.79,566.72,-41.88,-67.92,M1->M2 x M3,133.29,242.08,326.6,73.3,161.8,808.8,346.7
700,0.40,6.0,116.58,101.97,203.25,-56.19,108.79,568.17,108.79,568.17,-38.43,-56.19,M1->M2 x M3,133.29,242.08,326.6,73.3,161.8,808.8,383.4
700,0.40,7.0,159.33,148.27,253.54,-44.41,108.83,572.00,108.83,572.00,-32.57,-44.41,M1->M2 x M3,133.29,242.08,326.6,73.3,161.8,808.8,420.2
700,0.40,8.0,202.04,194.51,303.74,-32.59,109.15,578.17,109.15,578.17,-26.69,-32.59,M1->M2 x M3,133.29,242.08,326.6,73.3,161.8,808.8,457.3
700,0.40,9.0,244.69,240.70,353.86,-20.70,109.78,586.66,109.78,586.66,-20.78,-20.78,M3->FP x M2,133.29,242.08,326.6,73.3,161.8,808.8,494.5
700,0.40,10.0,287.26,286.82,403.87,-8.76,110.73,597.41,110.73,597.41,-14.84,-14.84,M3->FP x M2,133.29,242.08,326.6,73.3,161.8,808.8,531.9
700,0.40,11.0,329.74,332.84,453.75,3.03,111.99,610.34,111.99,610.34,-8.86,-8.86,M3->FP x M2,133.29,242.08,326.6,73.3,161.8,808.8,569.5
700,0.40,12.0,372.13,378.77,503.50,14.03,113.56,625.37,113.56,625.37,-2.84,-2.84,M3->FP x M2,133.29,242.08,326.6,73.3,161.8,808.8,607.4
700,0.40,13.0,414.40,424.58,553.09,24.73,115.44,642.41,115.44,642.41,3.11,3.11,M3->FP x M2,133.29,242.08,326.6,73.3,161.8,808.8,645.6
700,0.40,14.0,456.54,470.26,602.52,35.09,117.61,661.37,117.61,661.37,9.00,9.00,M3->FP x M2,133.29,242.08,326.6,73.3,161.8,808.8,684.1
700,0.40,15.0,498.55,515.80,651.76,45.10,120.08,682.15,120.08,682.15,14.94,14.94,M3->FP x M2,133.29,242.08,326.6,73.3,161.8,808.8,723.0
700,0.40,16.0,540.40,561.18,700.80,54.75,122.83,704.66,122.83,704.66,20.95,20.95,M3->FP x M2,133.29,242.08,326.6,73.3,161.8,808.8,762.2
700,0.40,17.0,582.09,606.39,749.63,64.03,125.86,728.82,125.86,728.82,27.01,27.01,M3->FP x M2,133.29,242.08,326.6,73.3,161.8,808.8,801.8
700,0.40,18.0,623.60,651.41,798.24,72.93,129.15,754.56,129.15,754.56,33.13,33.13,M3->FP x M2,133.29,242.08,326.6,73.3,161.8,808.8,841.8
700,0.40,19.0,664.92,696.24,846.59,81.46,132.71,781.79,132.71,781.79,39.33,39.33,M3->FP x M2,133.29,242.08,326.6,73.3,161.8,808.8,882.3
700,0.40,20.0,706.04,740.85,894.69,89.62,136.51,810.47,136.51,810.47,45.60,45.60,M3->FP x M2,133.29,242.08,326.6,73.3,161.8,808.8,923.3
700,0.45,2.0,-46.96,-88.22,0.51,-88.20,126.32,549.84,126.32,549.84,-47.27,-88.22,in->M1 x M3,150.16,276.48,310.7,82.5,180.9,826.3,239.4
700,0.45,3.0,-26.82,-58.56,43.28,-88.06,126.32,549.84,126.32,549.84,-47.28,-88.06,M1->M2 x M3,150.16,276.48,310.7,82.5,180.9,826.3,272.4
700,0.45,4.0,12.66,-15.84,90.63,-88.13,126.32,549.84,126.32,549.84,-47.05,-88.13,M1->M2 x M3,150.16,276.48,310.7,82.5,180.9,826.3,305.5
700,0.45,5.0,52.10,26.88,137.94,-83.76,126.32,549.84,126.32,549.84,-47.37,-83.76,M1->M2 x M3,150.16,276.48,310.7,82.5,180.9,826.3,338.7
700,0.45,6.0,91.52,69.55,185.22,-72.01,126.32,549.96,126.32,549.96,-47.21,-72.01,M1->M2 x M3,150.16,276.48,310.7,82.5,180.9,826.3,372.0
700,0.45,7.0,130.91,112.21,232.43,-60.21,126.32,551.66,126.32,551.66,-42.68,-60.21,M1->M2 x M3,150.16,276.48,310.7,82.5,180.9,826.3,405.5
700,0.45,8.0,170.26,154.83,279.58,-48.37,126.39,555.38,126.39,555.38,-36.80,-48.37,M1->M2 x M3,150.16,276.48,310.7,82.5,180.9,826.3,439.0
700,0.45,9.0,209.57,197.41,326.64,-36.47,126.72,561.12,126.72,561.12,-30.88,-36.47,M1->M2 x M3,150.16,276.48,310.7,82.5,180.9,826.3,472.8
700,0.45,10.0,248.80,239.92,373.60,-24.51,127.33,568.85,127.33,568.85,-24.94,-24.94,M3->FP x M2,150.16,276.48,310.7,82.5,180.9,826.3,506.7
700,0.45,11.0,287.96,282.36,420.45,-12.47,128.22,578.52,128.22,578.52,-18.95,-18.95,M3->FP x M2,150.16,276.48,310.7,82.5,180.9,826.3,540.8
700,0.45,12.0,327.04,324.72,467.17,-0.35,129.38,590.09,129.38,590.09,-12.93,-12.93,M3->FP x M2,150.16,276.48,310.7,82.5,180.9,826.3,575.2
700,0.45,13.0,366.01,366.97,513.75,10.87,130.82,603.49,130.82,603.49,-6.86,-6.86,M3->FP x M2,150.16,276.48,310.7,82.5,180.9,826.3,609.8
700,0.45,14.0,404.88,409.12,560.17,21.81,132.53,618.66,132.53,618.66,-0.75,-0.75,M3->FP x M2,150.16,276.48,310.7,82.5,180.9,826.3,644.8
700,0.45,15.0,443.62,451.14,606.42,32.48,134.52,635.53,134.52,635.53,5.23,5.23,M3->FP x M2,150.16,276.48,310.7,82.5,180.9,826.3,680.0
700,0.45,16.0,482.22,493.02,652.49,42.85,136.77,654.03,136.77,654.03,11.23,11.23,M3->FP x M2,150.16,276.48,310.7,82.5,180.9,826.3,715.6
700,0.45,17.0,520.68,534.75,698.35,52.92,139.29,674.10,139.29,674.10,17.30,17.30,M3->FP x M2,150.16,276.48,310.7,82.5,180.9,826.3,751.5
700,0.45,18.0,558.98,576.32,744.01,62.67,142.07,695.66,142.07,695.66,23.43,23.43,M3->FP x M2,150.16,276.48,310.7,82.5,180.9,826.3,787.8
700,0.45,19.0,597.11,617.71,789.43,72.10,145.11,718.67,145.11,718.67,29.63,29.63,M3->FP x M2,150.16,276.48,310.7,82.5,180.9,826.3,824.5
700,0.45,20.0,635.05,658.92,834.62,81.20,148.40,743.06,148.40,743.06,35.90,35.90,M3->FP x M2,150.16,276.48,310.7,82.5,180.9,826.3,861.7
700,0.50,2.0,-52.71,-99.37,0.65,-99.23,144.33,532.92,144.33,532.92,-52.27,-99.37,in->M1 x M3,167.08,311.41,297.9,91.7,200.4,844.3,243.3
700,0.50,3.0,-39.83,-78.28,36.45,-99.39,144.33,532.92,144.33,532.92,-52.48,-99.39,M1->M2 x M3,167.08,311.41,297.9,91.7,200.4,844.3,273.6
700,0.50,4.0,-3.05,-38.58,81.39,-99.24,144.33,532.92,144.33,532.92,-52.68,-99.24,M1->M2 x M3,167.08,311.41,297.9,91.7,200.4,844.3,304.0
700,0.50,5.0,33.69,1.22,126.31,-99.41,144.33,532.92,144.33,532.92,-52.61,-99.41,M1->M2 x M3,167.08,311.41,297.9,91.7,200.4,844.3,334.5
700,0.50,6.0,70.42,40.92,171.20,-87.78,144.33,532.92,144.33,532.92,-52.64,-87.78,M1->M2 x M3,167.08,311.41,297.9,91.7,200.4,844.3,365.0
700,0.50,7.0,107.12,80.62,216.03,-75.97,144.33,533.18,144.33,533.18,-52.49,-75.97,M1->M2 x M3,167.08,311.41,297.9,91.7,200.4,844.3,395.7
700,0.50,8.0,143.80,120.28,260.79,-64.11,144.33,535.01,144.33,535.01,-47.04,-64.11,M1->M2 x M3,167.08,311.41,297.9,91.7,200.4,844.3,426.5
700,0.50,9.0,180.43,159.92,305.48,-52.19,144.44,538.61,144.44,538.61,-41.12,-52.19,M1->M2 x M3,167.08,311.41,297.9,91.7,200.4,844.3,457.5
700,0.50,10.0,217.00,199.50,350.07,-40.21,144.79,543.99,144.79,543.99,-35.17,-40.21,M1->M2 x M3,167.08,311.41,297.9,91.7,200.4,844.3,488.6
700,0.50,11.0,253.51,239.02,394.56,-28.16,145.38,551.12,145.38,551.12,-29.18,-29.18,M3->FP x M2,167.08,311.41,297.9,91.7,200.4,844.3,520.0
700,0.50,12.0,289.94,278.47,438.93,-16.03,146.22,559.98,146.22,559.98,-23.16,-23.16,M3->FP x M2,167.08,311.41,297.9,91.7,200.4,844.3,551.5
700,0.50,13.0,326.28,317.84,483.16,-3.80,147.31,570.51,147.31,570.51,-17.08,-17.08,M3->FP x M2,167.08,311.41,297.9,91.7,200.4,844.3,583.3
700,0.50,14.0,362.52,357.11,527.24,7.83,148.64,582.69,148.64,582.69,-10.97,-10.97,M3->FP x M2,167.08,311.41,297.9,91.7,200.4,844.3,615.4
700,0.50,15.0,398.65,396.27,571.17,19.00,150.23,596.46,150.23,596.46,-4.79,-4.79,M3->FP x M2,167.08,311.41,297.9,91.7,200.4,844.3,647.7
700,0.50,16.0,434.67,435.31,614.92,29.93,152.06,611.77,152.06,611.77,1.39,1.39,M3->FP x M2,167.08,311.41,297.9,91.7,200.4,844.3,680.3
700,0.50,17.0,470.54,474.21,658.48,40.61,154.14,628.57,154.14,628.57,7.46,7.46,M3->FP x M2,167.08,311.41,297.9,91.7,200.4,844.3,713.3
700,0.50,18.0,506.28,512.97,701.85,51.04,156.48,646.80,156.48,646.80,13.59,13.59,M3->FP x M2,167.08,311.41,297.9,91.7,200.4,844.3,746.7
700,0.50,19.0,541.86,551.58,745.00,61.19,159.05,666.41,159.05,666.41,19.79,19.79,M3->FP x M2,167.08,311.41,297.9,91.7,200.4,844.3,780.4
700,0.50,20.0,577.28,590.02,787.92,71.07,161.88,687.37,161.88,687.37,26.07,26.07,M3->FP x M2,167.08,311.41,297.9,91.7,200.4,844.3,814.5
700,0.55,2.0,-57.84,-110.73,0.03,-110.60,162.72,515.96,162.72,515.96,-57.68,-110.73,in->M1 x M3,184.04,346.76,287.5,100.8,220.0,862.7,248.3
700,0.55,3.0,-51.44,-96.73,31.03,-110.70,162.72,515.96,162.72,515.96,-57.78,-110.70,M1->M2 x M3,184.04,346.76,287.5,100.8,220.0,862.7,276.4
700,0.55,4.0,-16.89,-59.55,74.08,-110.74,162.72,515.96,162.72,515.96,-57.73,-110.74,M1->M2 x M3,184.04,346.76,287.5,100.8,220.0,862.7,304.6
700,0.55,5.0,17.68,-22.27,117.11,-110.42,162.72,515.96,162.72,515.96,-57.66,-110.42,M1->M2 x M3,184.04,346.76,287.5,100.8,220.0,862.7,332.9
700,0.55,6.0,52.20,15.03,160.10,-103.46,162.72,515.96,162.72,515.96,-57.85,-103.46,M1->M2 x M3,184.04,346.76,287.5,100.8,220.0,862.7,361.2
700,0.55,7.0,86.71,52.26,203.04,-91.64,162.72,515.96,162.72,515.96,-57.87,-91.64,M1->M2 x M3,184.04,346.76,287.5,100.8,220.0,862.7,389.6
700,0.55,8.0,121.19,89.46,245.92,-79.76,162.72,516.34,162.72,516.34,-57.38,-79.76,M1->M2 x M3,184.04,346.76,287.5,100.8,220.0,862.7,418.2
700,0.55,9.0,155.64,126.64,288.73,-67.83,162.72,518.23,162.72,518.23,-51.46,-67.83,M1->M2 x M3,184.04,346.76,287.5,100.8,220.0,862.7,446.9
700,0.55,10.0,190.03,163.78,331.45,-55.83,162.86,521.72,162.86,521.72,-45.50,-55.83,M1->M2 x M3,184.04,346.76,287.5,100.8,220.0,862.7,475.7
700,0.55,11.0,224.37,200.87,374.06,-43.76,163.22,526.80,163.22,526.80,-39.51,-43.76,M1->M2 x M3,184.04,346.76,287.5,100.8,220.0,862.7,504.8
700,0.55,12.0,258.64,237.90,416.57,-31.61,163.80,533.46,163.80,533.46,-33.48,-33.48,M3->FP x M2,184.04,346.76,287.5,100.8,220.0,862.7,534.0
700,0.55,13.0,292.84,274.85,458.94,-19.37,164.61,541.67,164.61,541.67,-27.41,-27.41,M3->FP x M2,184.04,346.76,287.5,100.8,220.0,862.7,563.5
700,0.55,14.0,326.94,311.73,501.18,-7.03,165.63,551.42,165.63,551.42,-21.28,-21.28,M3->FP x M2,184.04,346.76,287.5,100.8,220.0,862.7,593.2
700,0.55,15.0,360.94,348.50,543.26,4.99,166.89,562.66,166.89,562.66,-15.11,-15.11,M3->FP x M2,184.04,346.76,287.5,100.8,220.0,862.7,623.2
700,0.55,16.0,394.83,385.18,585.18,16.35,168.37,575.36,168.37,575.36,-8.87,-8.87,M3->FP x M2,184.04,346.76,287.5,100.8,220.0,862.7,653.4
700,0.55,17.0,428.61,421.73,626.92,27.52,170.09,589.48,170.09,589.48,-2.57,-2.57,M3->FP x M2,184.04,346.76,287.5,100.8,220.0,862.7,684.0
700,0.55,18.0,462.25,458.16,668.47,38.47,172.04,604.97,172.04,604.97,3.65,3.65,M3->FP x M2,184.04,346.76,287.5,100.8,220.0,862.7,714.9
700,0.55,19.0,495.75,494.44,709.81,49.21,174.22,621.80,174.22,621.80,9.86,9.86,M3->FP x M2,184.04,346.76,287.5,100.8,220.0,862.7,746.2
700,0.55,20.0,529.10,530.58,750.94,59.72,176.63,639.92,176.63,639.92,16.15,16.15,M3->FP x M2,184.04,346.76,287.5,100.8,220.0,862.7,777.8
700,0.60,2.0,-62.54,-122.14,0.24,-121.75,181.36,498.94,181.36,498.94,-63.14,-122.14,in->M1 x M3,201.06,382.42,278.8,110.0,239.9,881.4,254.3
700,0.60,3.0,-61.99,-114.23,26.69,-122.12,181.36,498.94,181.36,498.94,-63.04,-122.12,M1->M2 x M3,201.06,382.42,278.8,110.0,239.9,881.4,280.5
700,0.60,4.0,-29.30,-79.19,68.21,-122.05,181.36,498.94,181.36,498.94,-62.95,-122.05,M1->M2 x M3,201.06,382.42,278.8,110.0,239.9,881.4,306.9
700,0.60,5.0,3.46,-44.07,109.72,-121.82,181.36,498.94,181.36,498.94,-62.98,-121.82,M1->M2 x M3,201.06,382.42,278.8,110.0,239.9,881.4,333.2
700,0.60,6.0,36.15,-8.84,151.19,-119.03,181.36,498.94,181.36,498.94,-62.92,-119.03,M1->M2 x M3,201.06,382.42,278.8,110.0,239.9,881.4,359.7
700,0.60,7.0,68.83,26.32,192.62,-107.18,181.36,498.94,181.36,498.94,-62.88,-107.18,M1->M2 x M3,201.06,382.42,278.8,110.0,239.9,881.4,386.3
700,0.60,8.0,101.48,61.43,233.98,-95.29,181.36,498.94,181.36,498.94,-63.00,-95.29,M1->M2 x M3,201.06,382.42,278.8,110.0,239.9,881.4,413.0
700,0.60,9.0,134.11,96.52,275.28,-83.34,181.36,499.43,181.36,499.43,-61.87,-83.34,M1->M2 x M3,201.06,382.42,278.8,110.0,239.9,881.4,439.8
700,0.60,10.0,166.70,131.58,316.49,-71.33,181.37,501.35,181.37,501.35,-55.91,-71.33,M1->M2 x M3,201.06,382.42,278.8,110.0,239.9,881.4,466.8
700,0.60,11.0,199.23,166.60,357.61,-59.24,181.55,504.72,181.55,504.72,-49.91,-59.24,M1->M2 x M3,201.06,382.42,278.8,110.0,239.9,881.4,493.9
700,0.60,12.0,231.71,201.57,398.61,-47.07,181.92,509.55,181.92,509.55,-43.88,-47.07,M1->M2 x M3,201.06,382.42,278.8,110.0,239.9,881.4,521.2
700,0.60,13.0,264.11,236.48,439.50,-34.81,182.49,515.83,182.49,515.83,-37.80,-37.80,M3->FP x M2,201.06,382.42,278.8,110.0,239.9,881.4,548.7
700,0.60,14.0,296.43,271.32,480.25,-22.46,183.26,523.55,183.26,523.55,-31.67,-31.67,M3->FP x M2,201.06,382.42,278.8,110.0,239.9,881.4,576.5
700,0.60,15.0,328.66,306.07,520.86,-9.99,184.25,532.67,184.25,532.67,-25.49,-25.49,M3->FP x M2,201.06,382.42,278.8,110.0,239.9,881.4,604.5
700,0.60,16.0,360.80,340.73,561.30,2.38,185.44,543.19,185.44,543.19,-19.25,-19.25,M3->FP x M2,201.06,382.42,278.8,110.0,239.9,881.4,632.8
700,0.60,17.0,392.82,375.29,601.58,13.93,186.85,555.05,186.85,555.05,-12.95,-12.95,M3->FP x M2,201.06,382.42,278.8,110.0,239.9,881.4,661.3
700,0.60,18.0,424.72,409.73,641.67,25.32,188.47,568.25,188.47,568.25,-6.58,-6.58,M3->FP x M2,201.06,382.42,278.8,110.0,239.9,881.4,690.2
700,0.60,19.0,456.50,444.05,681.57,36.53,190.31,582.73,190.31,582.73,-0.14,-0.14,M3->FP x M2,201.06,382.42,278.8,110.0,239.9,881.4,719.4
700,0.60,20.0,488.13,478.23,721.26,47.55,192.36,598.48,192.36,598.48,6.15,6.15,M3->FP x M2,201.06,382.42,278.8,110.0,239.9,881.4,748.9
700,0.65,2.0,-66.48,-133.00,0.47,-133.58,200.14,481.87,200.14,481.87,-68.15,-133.58,M1->M2 x M3,218.13,418.26,271.5,119.2,259.8,900.1,260.9
700,0.65,3.0,-67.14,-130.97,23.16,-133.23,200.14,481.87,200.14,481.87,-68.40,-133.23,M1->M2 x M3,218.13,418.26,271.5,119.2,259.8,900.1,285.6
700,0.65,4.0,-40.61,-97.79,63.45,-133.60,200.14,481.87,200.14,481.87,-68.37,-133.60,M1->M2 x M3,218.13,418.26,271.5,119.2,259.8,900.1,310.3
700,0.65,5.0,-9.41,-64.54,103.72,-133.19,200.14,481.87,200.14,481.87,-68.09,-133.19,M1->M2 x M3,218.13,418.26,271.5,119.2,259.8,900.1,335.2
700,0.65,6.0,21.76,-31.18,143.96,-133.54,200.14,481.87,200.14,481.87,-68.23,-133.54,M1->M2 x M3,218.13,418.26,271.5,119.2,259.8,900.1,360.1
700,0.65,7.0,52.89,2.27,184.15,-122.57,200.14,481.87,200.14,481.87,-68.49,-122.57,M1->M2 x M3,218.13,418.26,271.5,119.2,259.8,900.1,385.0
700,0.65,8.0,84.01,35.57,224.29,-110.66,200.14,481.87,200.14,481.87,-68.13,-110.66,M1->M2 x M3,218.13,418.26,271.5,119.2,259.8,900.1,410.1
700,0.65,9.0,115.10,68.85,264.36,-98.69,200.14,481.87,200.14,481.87,-68.40,-98.69,M1->M2 x M3,218.13,418.26,271.5,119.2,259.8,900.1,435.4
700,0.65,10.0,146.15,102.11,304.35,-86.66,200.14,482.45,200.14,482.45,-66.35,-86.66,M1->M2 x M3,218.13,418.26,271.5,119.2,259.8,900.1,460.7
700,0.65,11.0,177.16,135.34,344.25,-74.56,200.17,484.37,200.17,484.37,-60.35,-74.56,M1->M2 x M3,218.13,418.26,271.5,119.2,259.8,900.1,486.3
700,0.65,12.0,208.12,168.53,384.04,-62.37,200.37,487.64,200.37,487.64,-54.31,-62.37,M1->M2 x M3,218.13,418.26,271.5,119.2,259.8,900.1,512.0
700,0.65,13.0,239.01,201.67,423.72,-50.09,200.75,492.27,200.75,492.27,-48.23,-50.09,M1->M2 x M3,218.13,418.26,271.5,119.2,259.8,900.1,537.8
700,0.65,14.0,269.83,234.75,463.26,-37.72,201.32,498.24,201.32,498.24,-42.10,-42.10,M3->FP x M2,218.13,418.26,271.5,119.2,259.8,900.1,564.0
700,0.65,15.0,300.57,267.75,502.67,-25.24,202.07,505.56,202.07,505.56,-35.91,-35.91,M3->FP x M2,218.13,418.26,271.5,119.2,259.8,900.1,590.3
700,0.65,16.0,331.22,300.68,541.92,-12.64,203.02,514.20,203.02,514.20,-29.67,-29.67,M3->FP x M2,218.13,418.26,271.5,119.2,259.8,900.1,616.9
700,0.65,17.0,361.76,333.51,581.01,0.07,204.17,524.14,204.17,524.14,-23.36,-23.36,M3->FP x M2,218.13,418.26,271.5,119.2,259.8,900.1,643.7
700,0.65,18.0,392.20,366.24,619.92,11.80,205.51,535.36,205.51,535.36,-16.99,-16.99,M3->FP x M2,218.13,418.26,271.5,119.2,259.8,900.1,670.9
700,0.65,19.0,422.51,398.86,658.64,23.39,207.06,547.84,207.06,547.84,-10.54,-10.54,M3->FP x M2,218.13,418.26,271.5,119.2,259.8,900.1,698.4
700,0.65,20.0,452.70,431.36,697.16,34.84,208.81,561.55,208.81,561.55,-4.02,-4.02,M3->FP x M2,218.13,418.26,271.5,119.2,259.8,900.1,726.2
700,0.70,2.0,-73.70,-144.74,0.17,-144.77,218.94,464.76,218.94,464.76,-73.46,-144.77,M1->M2 x M3,235.24,454.18,265.2,128.3,279.8,918.9,268.0
700,0.70,3.0,-71.90,-144.83,20.27,-144.80,218.94,464.76,218.94,464.76,-73.71,-144.83,in->M1 x M3,235.24,454.18,265.2,128.3,279.8,918.9,291.4
700,0.70,4.0,-51.05,-115.56,59.54,-144.92,218.94,464.76,218.94,464.76,-73.62,-144.92,M1->M2 x M3,235.24,454.18,265.2,128.3,279.8,918.9,314.8
700,0.70,5.0,-21.21,-83.95,98.80,-145.01,218.94,464.76,218.94,464.76,-73.39,-145.01,M1->M2 x M3,235.24,454.18,265.2,128.3,279.8,918.9,338.2
700,0.70,6.0,8.67,-52.24,138.03,-145.07,218.94,464.76,218.94,464.76,-73.18,-145.07,M1->M2 x M3,235.24,454.18,265.2,128.3,279.8,918.9,361.8
700,0.70,7.0,38.48,-20.42,177.22,-137.75,218.94,464.76,218.94,464.76,-73.33,-137.75,M1->M2 x M3,235.24,454.18,265.2,128.3,279.8,918.9,385.4
700,0.70,8.0,68.28,11.42,216.35,-125.83,218.94,464.76,218.94,464.76,-73.50,-125.83,M1->M2 x M3,235.24,454.18,265.2,128.3,279.8,918.9,409.2
700,0.70,9.0,98.05,43.12,255.42,-113.84,218.94,464.76,218.94,464.76,-73.65,-113.84,M1->M2 x M3,235.24,454.18,265.2,128.3,279.8,918.9,433.0
700,0.70,10.0,127.80,74.80,294.41,-101.79,218.94,464.76,218.94,464.76,-73.76,-101.79,M1->M2 x M3,235.24,454.18,265.2,128.3,279.8,918.9,457.0
700,0.70,11.0,157.50,106.46,333.31,-89.67,218.94,465.41,218.94,465.41,-70.80,-89.67,M1->M2 x M3,235.24,454.18,265.2,128.3,279.8,918.9,481.2
700,0.70,12.0,187.16,138.09,372.11,-77.47,218.99,467.31,218.99,467.31,-64.75,-77.47,M1->M2 x M3,235.24,454.18,265.2,128.3,279.8,918.9,505.5
700,0.70,13.0,216.76,169.68,410.79,-65.17,219.22,470.49,219.22,470.49,-58.66,-65.17,M1->M2 x M3,235.24,454.18,265.2,128.3,279.8,918.9,530.0
700,0.70,14.0,246.30,201.21,449.35,-52.78,219.61,474.94,219.61,474.94,-52.53,-52.78,M1->M2 x M3,235.24,454.18,265.2,128.3,279.8,918.9,554.7
700,0.70,15.0,275.76,232.69,487.77,-40.28,220.18,480.68,220.18,480.68,-46.34,-46.34,M3->FP x M2,235.24,454.18,265.2,128.3,279.8,918.9,579.6
700,0.70,16.0,305.14,264.09,526.05,-27.67,220.92,487.68,220.92,487.68,-40.09,-40.09,M3->FP x M2,235.24,454.18,265.2,128.3,279.8,918.9,604.7
700,0.70,17.0,334.42,295.41,564.16,-14.93,221.84,495.94,221.84,495.94,-33.78,-33.78,M3->FP x M2,235.24,454.18,265.2,128.3,279.8,918.9,630.1
700,0.70,18.0,363.60,326.64,602.10,-2.05,222.95,505.44,222.95,505.44,-27.40,-27.40,M3->FP x M2,235.24,454.18,265.2,128.3,279.8,918.9,655.8
700,0.70,19.0,392.67,357.78,639.86,10.01,224.24,516.17,224.24,516.17,-20.95,-20.95,M3->FP x M2,235.24,454.18,265.2,128.3,279.8,918.9,681.8
700,0.70,20.0,421.62,388.80,677.43,21.80,225.73,528.09,225.73,528.09,-14.42,-14.42,M3->FP x M2,235.24,454.18,265.2,128.3,279.8,918.9,708.1
700,0.75,2.0,-77.33,-156.23,0.13,-156.14,237.64,447.60,237.64,447.60,-78.37,-156.23,in->M1 x M3,252.40,490.04,259.7,137.5,299.8,937.6,275.5
700,0.75,3.0,-77.87,-156.36,17.88,-156.27,237.64,447.60,237.64,447.60,-78.98,-156.36,in->M1 x M3,252.40,490.04,259.7,137.5,299.8,937.6,297.7
700,0.75,4.0,-60.81,-132.63,56.32,-156.51,237.64,447.60,237.64,447.60,-78.87,-156.51,M1->M2 x M3,252.40,490.04,259.7,137.5,299.8,937.6,319.9
700,0.75,5.0,-32.14,-102.48,94.75,-156.30,237.64,447.60,237.64,447.60,-78.74,-156.30,M1->M2 x M3,252.40,490.04,259.7,137.5,299.8,937.6,342.2
700,0.75,6.0,-3.38,-72.24,133.14,-156.19,237.64,447.60,237.64,447.60,-78.66,-156.19,M1->M2 x M3,252.40,490.04,259.7,137.5,299.8,937.6,364.6
700,0.75,7.0,25.30,-41.89,171.50,-152.70,237.64,447.60,237.64,447.60,-78.65,-152.70,M1->M2 x M3,252.40,490.04,259.7,137.5,299.8,937.6,387.1
700,0.75,8.0,53.95,-11.42,209.80,-140.76,237.64,447.60,237.64,447.60,-78.79,-140.76,M1->M2 x M3,252.40,490.04,259.7,137.5,299.8,937.6,409.6
700,0.75,9.0,82.59,18.98,248.04,-128.76,237.64,447.60,237.64,447.60,-79.02,-128.76,M1->M2 x M3,252.40,490.04,259.7,137.5,299.8,937.6,432.3
700,0.75,10.0,111.20,49.26,286.20,-116.69,237.64,447.60,237.64,447.60,-78.83,-116.69,M1->M2 x M3,252.40,490.04,259.7,137.5,299.8,937.6,455.1
700,0.75,11.0,139.78,79.52,324.28,-104.55,237.64,447.60,237.64,447.60,-78.72,-104.55,M1->M2 x M3,252.40,490.04,259.7,137.5,299.8,937.6,478.1
700,0.75,12.0,168.31,109.77,362.26,-92.33,237.64,448.29,237.64,448.29,-75.17,-92.33,M1->M2 x M3,252.40,490.04,259.7,137.5,299.8,937.6,501.2
700,0.75,13.0,196.80,139.97,400.12,-80.02,237.73,450.18,237.73,450.18,-69.07,-80.02,M1->M2 x M3,252.40,490.04,259.7,137.5,299.8,937.6,524.5
700,0.75,14.0,225.22,170.14,437.87,-67.61,237.97,453.28,237.97,453.28,-62.93,-67.61,M1->M2 x M3,252.40,490.04,259.7,137.5,299.8,937.6,547.9
700,0.75,15.0,253.58,200.25,475.48,-55.09,238.38,457.60,238.38,457.60,-56.73,-56.73,M3->FP x M2,252.40,490.04,259.7,137.5,299.8,937.6,571.6
700,0.75,16.0,281.86,230.30,512.95,-42.46,238.94,463.15,238.94,463.15,-50.48,-50.48,M3->FP x M2,252.40,490.04,259.7,137.5,299.8,937.6,595.5
700,0.75,17.0,310.05,260.29,550.26,-29.70,239.68,469.91,239.68,469.91,-44.17,-44.17,M3->FP x M2,252.40,490.04,259.7,137.5,299.8,937.6,619.7
700,0.75,18.0,338.15,290.19,587.40,-16.81,240.58,477.88,240.58,477.88,-37.78,-37.78,M3->FP x M2,252.40,490.04,259.7,137.5,299.8,937.6,644.1
700,0.75,19.0,366.14,320.00,624.37,-3.77,241.66,487.04,241.66,487.04,-31.33,-31.33,M3->FP x M2,252.40,490.04,259.7,137.5,299.8,937.6,668.8
700,0.75,20.0,394.03,349.72,661.14,8.60,242.92,497.38,242.92,497.38,-24.80,-24.80,M3->FP x M2,252.40,490.04,259.7,137.5,299.8,937.6,693.8
700,0.80,2.0,-84.33,-167.76,1.05,-167.64,256.12,430.39,256.12,430.39,-84.24,-167.76,in->M1 x M3,269.61,525.73,255.0,146.7,319.7,956.1,293.8
700,0.80,3.0,-84.29,-167.82,15.90,-167.91,256.12,430.39,256.12,430.39,-84.02,-167.91,M1->M2 x M3,269.61,525.73,255.0,146.7,319.7,956.1,304.4
700,0.80,4.0,-70.01,-149.08,53.65,-167.72,256.12,430.39,256.12,430.39,-83.62,-167.72,M1->M2 x M3,269.61,525.73,255.0,146.7,319.7,956.1,325.6
700,0.80,5.0,-42.36,-120.25,91.38,-167.50,256.12,430.39,256.12,430.39,-84.17,-167.50,M1->M2 x M3,269.61,525.73,255.0,146.7,319.7,956.1,346.9
700,0.80,6.0,-14.63,-91.33,129.08,-167.67,256.13,430.39,256.13,430.39,-83.98,-167.67,M1->M2 x M3,269.61,525.73,255.0,146.7,319.7,956.1,368.3
700,0.80,7.0,13.11,-62.31,166.75,-167.37,256.12,430.39,256.12,430.39,-83.47,-167.37,M1->M2 x M3,269.61,525.73,255.0,146.7,319.7,956.1,389.7
700,0.80,8.0,40.76,-33.17,204.36,-155.41,256.12,430.39,256.12,430.39,-84.06,-155.41,M1->M2 x M3,269.61,525.73,255.0,146.7,319.7,956.1,411.3
700,0.80,9.0,68.41,-3.88,241.91,-143.39,256.12,430.39,256.12,430.39,-83.99,-143.39,M1->M2 x M3,269.61,525.73,255.0,146.7,319.7,956.1,432.9
700,0.80,10.0,96.03,25.18,279.39,-131.31,256.12,430.39,256.12,430.39,-83.55,-131.31,M1->M2 x M3,269.61,525.73,255.0,146.7,319.7,956.1,454.7
700,0.80,11.0,123.62,54.20,316.78,-119.15,256.13,430.39,256.13,430.39,-84.21,-119.15,M1->M2 x M3,269.61,525.73,255.0,146.7,319.7,956.1,476.6
700,0.80,12.0,151.18,83.19,354.07,-106.91,256.12,430.40,256.12,430.40,-84.06,-106.91,M1->M2 x M3,269.61,525.73,255.0,146.7,319.7,956.1,498.6
700,0.80,13.0,178.69,112.16,391.26,-94.58,256.13,431.12,256.13,431.12,-79.42,-94.58,M1->M2 x M3,269.61,525.73,255.0,146.7,319.7,956.1,520.9
700,0.80,14.0,206.14,141.10,428.33,-82.16,256.25,432.99,256.25,432.99,-73.28,-82.16,M1->M2 x M3,269.61,525.73,255.0,146.7,319.7,956.1,543.3
700,0.80,15.0,233.53,169.99,465.27,-69.62,256.52,436.03,256.52,436.03,-67.08,-69.62,M1->M2 x M3,269.61,525.73,255.0,146.7,319.7,956.1,565.9
700,0.80,16.0,260.86,198.83,502.06,-56.97,256.93,440.25,256.93,440.25,-60.82,-60.82,M3->FP x M2,269.61,525.73,255.0,146.7,319.7,956.1,588.7
700,0.80,17.0,288.10,227.62,538.71,-44.20,257.50,445.65,257.50,445.65,-54.50,-54.50,M3->FP x M2,269.61,525.73,255.0,146.7,319.7,956.1,611.7
700,0.80,18.0,315.25,256.33,575.19,-31.28,258.23,452.23,258.23,452.23,-48.11,-48.11,M3->FP x M2,269.61,525.73,255.0,146.7,319.7,956.1,635.0
700,0.80,19.0,342.31,284.96,611.49,-18.22,259.13,459.99,259.13,459.99,-41.65,-41.65,M3->FP x M2,269.61,525.73,255.0,146.7,319.7,956.1,658.6
700,0.80,20.0,369.26,313.51,647.61,-5.01,260.19,468.90,260.19,468.90,-35.11,-35.11,M3->FP x M2,269.61,525.73,255.0,146.7,319.7,956.1,682.4
700,0.85,2.0,-88.40,-179.22,0.02,-178.98,274.28,413.14,274.28,413.14,-89.38,-179.22,in->M1 x M3,286.86,561.14,250.8,155.8,339.4,974.3,313.5
700,0.85,3.0,-88.26,-179.25,14.24,-179.07,274.28,413.14,274.28,413.14,-88.92,-179.25,in->M1 x M3,286.86,561.14,250.8,155.8,339.4,974.3,313.5
700,0.85,4.0,-78.74,-164.98,51.41,-178.89,274.28,413.14,274.28,413.14,-89.20,-178.89,M1->M2 x M3,286.86,561.14,250.8,155.8,339.4,974.3,331.8
700,0.85,5.0,-52.00,-137.35,88.56,-178.93,274.28,413.14,274.28,413.14,-89.20,-178.93,M1->M2 x M3,286.86,561.14,250.8,155.8,339.4,974.3,352.2
700,0.85,6.0,-25.17,-109.63,125.69,-179.18,274.28,413.14,274.28,413.14,-89.51,-179.18,M1->M2 x M3,286.86,561.14,250.8,155.8,339.4,974.3,372.6
700,0.85,7.0,1.74,-81.82,162.77,-179.03,274.28,413.14,274.28,413.14,-89.56,-179.03,M1->M2 x M3,286.86,561.14,250.8,155.8,339.4,974.3,393.2
700,0.85,8.0,28.51,-53.89,199.81,-169.74,274.28,413.14,274.28,413.14,-89.31,-169.74,M1->M2 x M3,286.86,561.14,250.8,155.8,339.4,974.3,413.8
700,0.85,9.0,55.28,-25.82,236.78,-157.71,274.28,413.14,274.28,413.14,-89.19,-157.71,M1->M2 x M3,286.86,561.14,250.8,155.8,339.4,974.3,434.5
700,0.85,10.0,82.03,2.36,273.69,-145.61,274.28,413.14,274.28,413.14,-88.81,-145.61,M1->M2 x M3,286.86,561.14,250.8,155.8,339.4,974.3,455.4
700,0.85,11.0,108.76,30.24,310.51,-133.44,274.28,413.14,274.28,413.14,-89.51,-133.44,M1->M2 x M3,286.86,561.14,250.8,155.8,339.4,974.3,476.4
700,0.85,12.0,135.45,58.11,347.23,-121.18,274.28,413.14,274.28,413.14,-89.06,-121.18,M1->M2 x M3,286.86,561.14,250.8,155.8,339.4,974.3,497.5
700,0.85,13.0,162.10,85.96,383.85,-108.84,274.28,413.16,274.28,413.16,-89.53,-108.84,M1->M2 x M3,286.86,561.14,250.8,155.8,339.4,974.3,518.8
700,0.85,14.0,188.70,113.78,420.35,-96.39,274.30,413.89,274.30,413.89,-83.53,-96.39,M1->M2 x M3,286.86,561.14,250.8,155.8,339.4,974.3,540.2
700,0.85,15.0,215.25,141.57,456.73,-83.84,274.44,415.75,274.44,415.75,-77.32,-83.84,M1->M2 x M3,286.86,561.14,250.8,155.8,339.4,974.3,561.9
700,0.85,16.0,241.73,169.31,492.96,-71.17,274.73,418.75,274.73,418.75,-71.06,-71.17,M1->M2 x M3,286.86,561.14,250.8,155.8,339.4,974.3,583.7
700,0.85,17.0,268.13,197.01,529.05,-58.38,275.16,422.90,275.16,422.90,-64.74,-64.74,M3->FP x M2,286.86,561.14,250.8,155.8,339.4,974.3,605.8
700,0.85,18.0,294.46,224.64,564.97,-45.45,275.74,428.21,275.74,428.21,-58.35,-58.35,M3->FP x M2,286.86,561.14,250.8,155.8,339.4,974.3,628.1
700,0.85,19.0,320.69,252.21,600.73,-32.37,276.47,434.66,276.47,434.66,-51.88,-51.88,M3->FP x M2,286.86,561.14,250.8,155.8,339.4,974.3,650.7
700,0.85,20.0,346.83,279.70,636.30,-19.14,277.36,442.27,277.36,442.27,-45.34,-45.34,M3->FP x M2,286.86,561.14,250.8,155.8,339.4,974.3,673.6
700,0.90,2.0,-94.40,-190.41,0.01,-190.22,291.98,395.85,291.98,395.85,-94.51,-190.41,in->M1 x M3,304.15,596.13,247.0,165.0,358.8,992.0,333.0
700,0.90,3.0,-94.64,-190.23,12.85,-190.37,291.98,395.85,291.98,395.85,-94.47,-190.37,M1->M2 x M3,304.15,596.13,247.0,165.0,358.8,992.0,333.0
700,0.90,4.0,-87.09,-180.37,49.53,-190.13,291.98,395.85,291.98,395.85,-94.77,-190.13,M1->M2 x M3,304.15,596.13,247.0,165.0,358.8,992.0,338.2
700,0.90,5.0,-61.15,-153.84,86.19,-190.05,291.98,395.85,291.98,395.85,-94.82,-190.05,M1->M2 x M3,304.15,596.13,247.0,165.0,358.8,992.0,357.8
700,0.90,6.0,-35.13,-127.22,122.83,-190.37,291.98,395.85,291.98,395.85,-94.36,-190.37,M1->M2 x M3,304.15,596.13,247.0,165.0,358.8,992.0,377.5
700,0.90,7.0,-9.02,-100.52,159.43,-190.36,291.98,395.85,291.98,395.85,-94.43,-190.36,M1->M2 x M3,304.15,596.13,247.0,165.0,358.8,992.0,397.2
700,0.90,8.0,17.04,-73.69,195.98,-183.73,291.98,395.85,291.98,395.85,-94.03,-183.73,M1->M2 x M3,304.15,596.13,247.0,165.0,358.8,992.0,417.0
700,0.90,9.0,43.03,-46.74,232.47,-171.67,291.98,395.85,291.98,395.85,-94.71,-171.67,M1->M2 x M3,304.15,596.13,247.0,165.0,358.8,992.0,437.0
700,0.90,10.0,69.01,-19.64,268.89,-159.56,291.98,395.85,291.98,395.85,-93.82,-159.56,M1->M2 x M3,304.15,596.13,247.0,165.0,358.8,992.0,457.0
700,0.90,11.0,94.97,7.48,305.23,-147.37,291.98,395.85,291.98,395.85,-94.86,-147.37,M1->M2 x M3,304.15,596.13,247.0,165.0,358.8,992.0,477.2
700,0.90,12.0,120.90,34.32,341.47,-135.10,291.98,395.85,291.98,395.85,-93.77,-135.10,M1->M2 x M3,304.15,596.13,247.0,165.0,358.8,992.0,497.5
700,0.90,13.0,146.79,61.14,377.61,-122.73,291.98,395.85,291.98,395.85,-94.84,-122.73,M1->M2 x M3,304.15,596.13,247.0,165.0,358.8,992.0,517.9
700,0.90,14.0,172.63,87.95,413.64,-110.27,291.98,395.87,291.98,395.87,-93.66,-110.27,M1->M2 x M3,304.15,596.13,247.0,165.0,358.8,992.0,538.5
700,0.90,15.0,198.43,114.72,449.54,-97.70,292.02,396.62,292.02,396.62,-87.45,-97.70,M1->M2 x M3,304.15,596.13,247.0,165.0,358.8,992.0,559.3
700,0.90,16.0,224.16,141.47,485.30,-85.02,292.19,398.48,292.19,398.48,-81.18,-85.02,M1->M2 x M3,304.15,596.13,247.0,165.0,358.8,992.0,580.4
700,0.90,17.0,249.83,168.17,520.92,-72.20,292.50,401.46,292.50,401.46,-74.85,-74.85,M3->FP x M2,304.15,596.13,247.0,165.0,358.8,992.0,601.6
700,0.90,18.0,275.42,194.82,556.38,-59.26,292.94,405.57,292.94,405.57,-68.46,-68.46,M3->FP x M2,304.15,596.13,247.0,165.0,358.8,992.0,623.0
700,0.90,19.0,300.92,221.41,591.66,-46.16,293.53,410.82,293.53,410.82,-61.99,-61.99,M3->FP x M2,304.15,596.13,247.0,165.0,358.8,992.0,644.7
700,0.90,20.0,326.33,247.93,626.77,-32.91,294.27,417.20,294.27,417.20,-55.44,-55.44,M3->FP x M2,304.15,596.13,247.0,165.0,358.8,992.0,666.7
750,0.30,2.0,-18.32,-35.69,26.45,-56.36,77.19,650.29,77.19,650.29,-31.60,-56.36,M1->M2 x M3,99.71,176.90,388.0,55.0,125.5,827.2,247.1
750,0.30,3.0,38.46,25.17,90.29,-56.24,77.19,650.29,77.19,650.29,-31.62,-56.24,M1->M2 x M3,99.71,176.90,388.0,55.0,125.5,827.2,296.7
750,0.30,4.0,95.21,86.00,154.10,-47.81,77.19,651.29,77.19,651.29,-30.79,-47.81,M1->M2 x M3,99.71,176.90,388.0,55.0,125.5,827.2,346.3
750,0.30,5.0,151.93,146.80,217.87,-36.14,77.19,655.92,77.19,655.92,-24.98,-36.14,M1->M2 x M3,99.71,176.90,388.0,55.0,125.5,827.2,396.1
750,0.30,6.0,208.60,207.56,281.57,-24.43,77.45,664.29,77.45,664.29,-19.15,-24.43,M1->M2 x M3,99.71,176.90,388.0,55.0,125.5,827.2,446.0
750,0.30,7.0,265.22,268.26,345.18,-12.69,78.14,676.28,78.14,676.28,-13.30,-13.30,M3->FP x M2,99.71,176.90,388.0,55.0,125.5,827.2,496.1
750,0.30,8.0,321.75,328.87,408.69,-0.89,79.26,691.77,79.26,691.77,-7.43,-7.43,M3->FP x M2,99.71,176.90,388.0,55.0,125.5,827.2,546.4
750,0.30,9.0,378.18,389.39,472.08,10.05,80.80,710.59,80.80,710.59,-1.53,-1.53,M3->FP x M2,99.71,176.90,388.0,55.0,125.5,827.2,597.0
750,0.30,10.0,434.50,449.78,535.32,20.51,82.74,732.53,82.74,732.53,4.25,4.25,M3->FP x M2,99.71,176.90,388.0,55.0,125.5,827.2,647.9
750,0.30,11.0,490.69,510.04,598.40,30.50,85.07,757.41,85.07,757.41,10.01,10.01,M3->FP x M2,99.71,176.90,388.0,55.0,125.5,827.2,699.1
750,0.30,12.0,546.72,570.14,661.29,40.00,87.75,785.01,87.75,785.01,15.80,15.80,M3->FP x M2,99.71,176.90,388.0,55.0,125.5,827.2,750.6
750,0.30,13.0,602.59,630.07,723.99,48.98,90.78,815.16,90.78,815.16,21.64,21.64,M3->FP x M2,99.71,176.90,388.0,55.0,125.5,827.2,802.5
750,0.30,14.0,658.28,689.81,786.46,57.45,94.13,847.68,94.13,847.68,27.53,27.53,M3->FP x M2,99.71,176.90,388.0,55.0,125.5,827.2,854.9
750,0.30,15.0,713.77,749.34,848.69,65.42,97.77,882.39,97.77,882.39,33.47,33.47,M3->FP x M2,99.71,176.90,388.0,55.0,125.5,827.2,907.7
750,0.30,16.0,769.04,808.64,910.67,72.89,101.69,919.16,101.68,919.16,39.46,39.46,M3->FP x M2,99.71,176.90,388.0,55.0,125.5,827.2,961.0
750,0.30,17.0,824.07,867.69,972.37,79.90,105.86,957.85,105.55,957.85,45.52,45.52,M3->FP x M2,99.71,176.90,388.0,55.0,125.5,827.2,1014.9
750,0.30,18.0,878.85,926.48,1033.77,86.45,110.29,998.37,109.15,998.37,51.64,51.64,M3->FP x M2,99.71,176.90,388.0,55.0,125.5,827.2,1069.3
750,0.30,19.0,933.37,984.99,1094.86,92.57,114.94,1038.13,112.52,1040.63,57.83,57.83,M3->FP x M2,99.71,176.90,388.0,55.0,125.5,827.2,1124.4
750,0.30,20.0,987.60,1043.19,1155.61,98.30,119.81,1074.61,115.67,1084.54,64.09,64.09,M3->FP x M2,99.71,176.90,388.0,55.0,125.5,827.2,1180.1
750,0.35,2.0,-35.12,-58.29,15.44,-66.86,93.41,633.52,93.41,633.52,-36.79,-66.86,M1->M2 x M3,116.48,209.89,358.8,64.2,143.8,843.4,242.9
750,0.35,3.0,15.43,-3.93,73.34,-66.98,93.41,633.52,93.41,633.52,-36.83,-66.98,M1->M2 x M3,116.48,209.89,358.8,64.2,143.8,843.4,286.2
750,0.35,4.0,65.97,50.41,131.21,-63.59,93.41,633.53,93.41,633.53,-36.71,-63.59,M1->M2 x M3,116.48,209.89,358.8,64.2,143.8,843.4,329.6
750,0.35,5.0,116.48,104.73,189.04,-51.91,93.41,635.21,93.41,635.21,-34.74,-51.91,M1->M2 x M3,116.48,209.89,358.8,64.2,143.8,843.4,373.1
750,0.35,6.0,166.96,159.01,246.82,-40.19,93.42,639.87,93.42,639.87,-28.90,-40.19,M1->M2 x M3,116.48,209.89,358.8,64.2,143.8,843.4,416.7
750,0.35,7.0,217.39,213.25,304.52,-28.43,93.71,647.47,93.71,647.47,-23.05,-28.43,M1->M2 x M3,116.48,209.89,358.8,64.2,143.8,843.4,460.5
750,0.35,8.0,267.75,267.43,362.13,-16.62,94.36,657.95,94.36,657.95,-17.17,-17.17,M3->FP x M2,116.48,209.89,358.8,64.2,143.8,843.4,504.5
750,0.35,9.0,318.03,321.52,419.63,-4.75,95.38,671.21,95.38,671.21,-11.27,-11.27,M3->FP x M2,116.48,209.89,358.8,64.2,143.8,843.4,548.7
750,0.35,10.0,368.21,375.51,477.00,6.63,96.75,687.15,96.75,687.15,-5.33,-5.33,M3->FP x M2,116.48,209.89,358.8,64.2,143.8,843.4,593.2
750,0.35,11.0,418.28,429.39,534.22,17.38,98.47,705.64,98.47,705.64,0.62,0.62,M3->FP x M2,116.48,209.89,358.8,64.2,143.8,843.4,637.9
750,0.35,12.0,468.23,483.14,591.28,27.75,100.53,726.56,100.53,726.56,6.42,6.42,M3->FP x M2,116.48,209.89,358.8,64.2,143.8,843.4,683.0
750,0.35,13.0,518.03,536.74,648.16,37.71,102.91,749.77,102.91,749.77,12.26,12.26,M3->FP x M2,116.48,209.89,358.8,64.2,143.8,843.4,728.3
750,0.35,14.0,567.67,590.18,704.85,47.25,105.61,775.14,105.61,775.14,18.15,18.15,M3->FP x M2,116.48,209.89,358.8,64.2,143.8,843.4,774.1
750,0.35,15.0,617.14,643.44,761.32,56.36,108.61,802.55,108.61,802.55,24.10,24.10,M3->FP x M2,116.48,209.89,358.8,64.2,143.8,843.4,820.3
750,0.35,16.0,666.42,696.50,817.56,65.04,111.89,831.89,111.89,831.89,30.09,30.09,M3->FP x M2,116.48,209.89,358.8,64.2,143.8,843.4,866.9
750,0.35,17.0,715.50,749.35,873.54,73.28,115.46,863.04,115.46,863.04,36.15,36.15,M3->FP x M2,116.48,209.89,358.8,64.2,143.8,843.4,913.9
750,0.35,18.0,764.36,801.97,929.27,81.11,119.28,895.93,119.28,895.93,42.28,42.28,M3->FP x M2,116.48,209.89,358.8,64.2,143.8,843.4,961.5
750,0.35,19.0,812.99,854.35,984.71,88.52,123.36,930.46,123.32,930.46,48.47,48.47,M3->FP x M2,116.48,209.89,358.8,64.2,143.8,843.4,1009.7
750,0.35,20.0,861.37,906.46,1039.85,95.53,127.68,966.58,127.22,966.58,54.74,54.74,M3->FP x M2,116.48,209.89,358.8,64.2,143.8,843.4,1058.4
750,0.40,2.0,-42.17,-77.39,7.34,-77.76,110.29,616.70,110.29,616.70,-42.15,-77.76,M1->M2 x M3,133.30,243.59,336.8,73.3,162.6,860.3,242.2
750,0.40,3.0,-3.15,-28.85,60.86,-77.72,110.29,616.70,110.29,616.70,-42.03,-77.72,M1->M2 x M3,133.30,243.59,336.8,73.3,162.6,860.3,280.9
750,0.40,4.0,42.72,20.58,114.36,-77.65,110.29,616.70,110.29,616.70,-41.97,-77.65,M1->M2 x M3,133.30,243.59,336.8,73.3,162.6,860.3,319.6
750,0.40,5.0,88.58,69.97,167.82,-67.70,110.29,616.87,110.29,616.87,-42.06,-67.70,M1->M2 x M3,133.30,243.59,336.8,73.3,162.6,860.3,358.4
750,0.40,6.0,134.42,119.33,221.24,-55.97,110.29,618.99,110.29,618.99,-38.84,-55.97,M1->M2 x M3,133.30,243.59,336.8,73.3,162.6,860.3,397.3
750,0.40,7.0,180.21,168.66,274.59,-44.19,110.33,623.55,110.33,623.55,-32.98,-44.19,M1->M2 x M3,133.30,243.59,336.8,73.3,162.6,860.3,436.3
750,0.40,8.0,225.94,217.94,327.85,-32.36,110.64,630.54,110.64,630.54,-27.10,-32.36,M1->M2 x M3,133.30,243.59,336.8,73.3,162.6,860.3,475.6
750,0.40,9.0,271.61,267.15,381.01,-20.48,111.27,639.90,111.27,639.90,-21.19,-21.19,M3->FP x M2,133.30,243.59,336.8,73.3,162.6,860.3,515.0
750,0.40,10.0,317.20,316.28,434.06,-8.53,112.20,651.58,112.20,651.58,-15.25,-15.25,M3->FP x M2,133.30,243.59,336.8,73.3,162.6,860.3,554.7
750,0.40,11.0,362.69,365.31,486.98,3.23,113.45,665.51,113.45,665.51,-9.27,-9.27,M3->FP x M2,133.30,243.59,336.8,73.3,162.6,860.3,594.6
750,0.40,12.0,408.06,414.24,539.74,14.21,115.00,681.59,115.00,681.59,-3.25,-3.25,M3->FP x M2,133.30,243.59,336.8,73.3,162.6,860.3,634.8
750,0.40,13.0,453.32,463.03,592.35,24.88,116.85,699.75,116.85,699.75,2.71,2.71,M3->FP x M2,133.30,243.59,336.8,73.3,162.6,860.3,675.2
750,0.40,14.0,498.43,511.69,644.77,35.21,119.00,719.88,119.00,719.88,8.60,8.60,M3->FP x M2,133.30,243.59,336.8,73.3,162.6,860.3,716.1
750,0.40,15.0,543.40,560.19,697.00,45.19,121.44,741.90,121.44,741.90,14.55,14.55,M3->FP x M2,133.30,243.59,336.8,73.3,162.6,860.3,757.2
750,0.40,16.0,588.19,608.51,749.01,54.81,124.16,765.72,124.16,765.72,20.55,20.55,M3->FP x M2,133.30,243.59,336.8,73.3,162.6,860.3,798.8
750,0.40,17.0,632.81,656.66,800.80,64.06,127.15,791.25,127.15,791.25,26.61,26.61,M3->FP x M2,133.30,243.59,336.8,73.3,162.6,860.3,840.8
750,0.40,18.0,677.24,704.60,852.34,72.93,130.42,818.42,130.42,818.42,32.74,32.74,M3->FP x M2,133.30,243.59,336.8,73.3,162.6,860.3,883.2
750,0.40,19.0,721.46,752.33,903.62,81.44,133.94,847.15,133.94,847.15,38.93,38.93,M3->FP x M2,133.30,243.59,336.8,73.3,162.6,860.3,926.2
750,0.40,20.0,765.46,799.83,954.63,89.57,137.71,877.41,137.71,877.41,45.21,45.21,M3->FP x M2,133.30,243.59,336.8,73.3,162.6,860.3,969.6
750,0.45,2.0,-47.30,-88.77,1.18,-88.57,127.74,599.83,127.74,599.83,-47.40,-88.77,in->M1 x M3,150.17,277.90,319.8,82.5,181.7,877.7,244.0
750,0.45,3.0,-18.80,-51.00,51.37,-88.69,127.74,599.83,127.74,599.83,-47.08,-88.69,M1->M2 x M3,150.17,277.90,319.8,82.5,181.7,877.7,278.9
750,0.45,4.0,23.48,-5.46,101.54,-88.42,127.74,599.83,127.74,599.83,-47.31,-88.42,M1->M2 x M3,150.17,277.90,319.8,82.5,181.7,877.7,314.0
750,0.45,5.0,65.72,40.05,151.68,-83.49,127.74,599.83,127.74,599.83,-47.20,-83.49,M1->M2 x M3,150.17,277.90,319.8,82.5,181.7,877.7,349.2
750,0.45,6.0,107.94,85.52,201.78,-71.74,127.74,600.25,127.74,600.25,-47.18,-71.74,M1->M2 x M3,150.17,277.90,319.8,82.5,181.7,877.7,384.4
750,0.45,7.0,150.13,130.97,251.82,-59.94,127.74,602.60,127.74,602.60,-43.07,-59.94,M1->M2 x M3,150.17,277.90,319.8,82.5,181.7,877.7,419.8
750,0.45,8.0,192.27,176.39,301.78,-48.10,127.81,607.03,127.81,607.03,-37.19,-48.10,M1->M2 x M3,150.17,277.90,319.8,82.5,181.7,877.7,455.3
750,0.45,9.0,234.35,221.74,351.65,-36.20,128.14,613.52,128.14,613.52,-31.27,-36.20,M1->M2 x M3,150.17,277.90,319.8,82.5,181.7,877.7,491.1
750,0.45,10.0,276.36,267.03,401.41,-24.24,128.74,622.04,128.74,622.04,-25.33,-25.33,M3->FP x M2,150.17,277.90,319.8,82.5,181.7,877.7,527.0
750,0.45,11.0,318.29,312.24,451.05,-12.20,129.62,632.55,129.62,632.55,-19.34,-19.34,M3->FP x M2,150.17,277.90,319.8,82.5,181.7,877.7,563.1
750,0.45,12.0,360.12,357.36,500.55,-0.08,130.77,645.00,130.77,645.00,-13.32,-13.32,M3->FP x M2,150.17,277.90,319.8,82.5,181.7,877.7,599.5
750,0.45,13.0,401.84,402.36,549.89,11.10,132.19,659.32,132.19,659.32,-7.25,-7.25,M3->FP x M2,150.17,277.90,319.8,82.5,181.7,877.7,636.2
750,0.45,14.0,443.44,447.24,599.08,22.02,133.89,675.47,133.89,675.47,-1.14,-1.14,M3->FP x M2,150.17,277.90,319.8,82.5,181.7,877.7,673.2
750,0.45,15.0,484.91,491.99,648.07,32.66,135.85,693.36,135.85,693.36,4.85,4.85,M3->FP x M2,150.17,277.90,319.8,82.5,181.7,877.7,710.5
750,0.45,16.0,526.22,536.59,696.87,43.01,138.08,712.93,138.08,712.93,10.86,10.86,M3->FP x M2,150.17,277.90,319.8,82.5,181.7,877.7,748.1
750,0.45,17.0,567.38,581.02,745.46,53.04,140.58,734.12,140.58,734.12,16.92,16.92,M3->FP x M2,150.17,277.90,319.8,82.5,181.7,877.7,786.2
750,0.45,18.0,608.36,625.28,793.83,62.77,143.33,756.86,143.33,756.86,23.05,23.05,M3->FP x M2,150.17,277.90,319.8,82.5,181.7,877.7,824.6
750,0.45,19.0,649.16,669.34,841.95,72.16,146.34,781.10,146.34,781.10,29.25,29.25,M3->FP x M2,150.17,277.90,319.8,82.5,181.7,877.7,863.5
750,0.45,20.0,689.76,713.20,889.81,81.24,149.61,806.78,149.61,806.78,35.53,35.53,M3->FP x M2,150.17,277.90,319.8,82.5,181.7,877.7,902.9
750,0.50,2.0,-52.05,-99.74,0.95,-99.85,145.64,582.92,145.64,582.92,-52.38,-99.85,M1->M2 x M3,167.08,312.72,306.1,91.7,201.1,895.6,247.4
750,0.50,3.0,-32.36,-71.23,43.97,-99.54,145.64,582.92,145.64,582.92,-52.64,-99.54,M1->M2 x M3,167.08,312.72,306.1,91.7,201.1,895.6,279.5
750,0.50,4.0,7.03,-28.90,91.55,-99.87,145.64,582.92,145.64,582.92,-52.62,-99.87,M1->M2 x M3,167.08,312.72,306.1,91.7,201.1,895.6,311.6
750,0.50,5.0,46.37,13.48,139.11,-99.23,145.64,582.92,145.64,582.92,-52.56,-99.23,M1->M2 x M3,167.08,312.72,306.1,91.7,201.1,895.6,343.8
750,0.50,6.0,85.71,55.79,186.62,-87.46,145.64,582.92,145.64,582.92,-52.33,-87.46,M1->M2 x M3,167.08,312.72,306.1,91.7,201.1,895.6,376.2
750,0.50,7.0,125.01,98.09,234.08,-75.65,145.64,583.59,145.64,583.59,-52.41,-75.65,M1->M2 x M3,167.08,312.72,306.1,91.7,201.1,895.6,408.6
750,0.50,8.0,164.28,140.36,281.46,-63.80,145.64,586.06,145.64,586.06,-47.40,-63.80,M1->M2 x M3,167.08,312.72,306.1,91.7,201.1,895.6,441.2
750,0.50,9.0,203.50,182.58,328.76,-51.88,145.74,590.33,145.74,590.33,-41.48,-51.88,M1->M2 x M3,167.08,312.72,306.1,91.7,201.1,895.6,474.0
750,0.50,10.0,242.66,224.75,375.96,-39.90,146.09,596.42,146.09,596.42,-35.53,-39.90,M1->M2 x M3,167.08,312.72,306.1,91.7,201.1,895.6,506.9
750,0.50,11.0,281.74,266.85,423.04,-27.84,146.67,604.28,146.67,604.28,-29.54,-29.54,M3->FP x M2,167.08,312.72,306.1,91.7,201.1,895.6,540.0
750,0.50,12.0,320.74,308.87,470.00,-15.71,147.50,613.90,147.50,613.90,-23.51,-23.51,M3->FP x M2,167.08,312.72,306.1,91.7,201.1,895.6,573.4
750,0.50,13.0,359.64,350.79,516.81,-3.48,148.58,625.23,148.58,625.23,-17.44,-17.44,M3->FP x M2,167.08,312.72,306.1,91.7,201.1,895.6,607.0
750,0.50,14.0,398.43,392.61,563.46,8.11,149.91,638.24,149.91,638.24,-11.32,-11.32,M3->FP x M2,167.08,312.72,306.1,91.7,201.1,895.6,640.9
750,0.50,15.0,437.10,434.31,609.95,19.25,151.48,652.88,151.48,652.88,-5.15,-5.15,M3->FP x M2,167.08,312.72,306.1,91.7,201.1,895.6,675.1
750,0.50,16.0,475.63,475.87,656.24,30.16,153.30,669.09,153.30,669.09,1.04,1.04,M3->FP x M2,167.08,312.72,306.1,91.7,201.1,895.6,709.7
750,0.50,17.0,514.02,517.29,702.34,40.82,155.36,686.82,155.36,686.82,7.11,7.11,M3->FP x M2,167.08,312.72,306.1,91.7,201.1,895.6,744.6
750,0.50,18.0,552.26,558.56,748.22,51.22,157.68,706.04,157.68,706.04,13.25,13.25,M3->FP x M2,167.08,312.72,306.1,91.7,201.1,895.6,779.8
750,0.50,19.0,590.32,599.65,793.88,61.34,160.24,726.68,160.24,726.68,19.45,19.45,M3->FP x M2,167.08,312.72,306.1,91.7,201.1,895.6,815.5
750,0.50,20.0,628.21,640.56,839.29,71.19,163.04,748.71,163.04,748.71,25.73,25.73,M3->FP x M2,167.08,312.72,306.1,91.7,201.1,895.6,851.6
750,0.55,2.0,-57.50,-110.95,0.25,-111.11,163.88,565.95,163.88,565.95,-57.76,-111.11,M1->M2 x M3,184.05,347.93,295.0,100.8,220.7,913.9,252.1
750,0.55,3.0,-44.42,-90.09,38.10,-111.12,163.88,565.95,163.88,565.95,-57.91,-111.12,M1->M2 x M3,184.05,347.93,295.0,100.8,220.7,913.9,281.8
750,0.55,4.0,-7.41,-50.44,83.62,-111.01,163.88,565.95,163.88,565.95,-57.57,-111.01,M1->M2 x M3,184.05,347.93,295.0,100.8,220.7,913.9,311.5
750,0.55,5.0,29.59,-10.69,129.12,-110.99,163.88,565.95,163.88,565.95,-57.63,-110.99,M1->M2 x M3,184.05,347.93,295.0,100.8,220.7,913.9,341.4
750,0.55,6.0,66.56,29.02,174.58,-103.11,163.88,565.95,163.88,565.95,-57.87,-103.11,M1->M2 x M3,184.05,347.93,295.0,100.8,220.7,913.9,371.3
750,0.55,7.0,103.52,68.69,219.99,-91.29,163.88,565.95,163.88,565.95,-57.80,-91.29,M1->M2 x M3,184.05,347.93,295.0,100.8,220.7,913.9,401.4
750,0.55,8.0,140.44,108.34,265.33,-79.41,163.88,566.86,163.88,566.86,-57.70,-79.41,M1->M2 x M3,184.05,347.93,295.0,100.8,220.7,913.9,431.5
750,0.55,9.0,177.31,147.95,310.59,-67.48,163.88,569.37,163.88,569.37,-51.78,-67.48,M1->M2 x M3,184.05,347.93,295.0,100.8,220.7,913.9,461.9
750,0.55,10.0,214.14,187.52,355.75,-55.48,164.02,573.51,164.02,573.51,-45.82,-55.48,M1->M2 x M3,184.05,347.93,295.0,100.8,220.7,913.9,492.4
750,0.55,11.0,250.90,227.03,400.81,-43.41,164.38,579.25,164.38,579.25,-39.83,-43.41,M1->M2 x M3,184.05,347.93,295.0,100.8,220.7,913.9,523.0
750,0.55,12.0,287.58,266.47,445.74,-31.26,164.96,586.60,164.96,586.60,-33.80,-33.80,M3->FP x M2,184.05,347.93,295.0,100.8,220.7,913.9,553.9
750,0.55,13.0,324.17,305.83,490.54,-19.01,165.76,595.52,165.76,595.52,-27.73,-27.73,M3->FP x M2,184.05,347.93,295.0,100.8,220.7,913.9,585.1
750,0.55,14.0,360.67,345.10,535.19,-6.67,166.78,606.00,166.78,606.00,-21.60,-21.60,M3->FP x M2,184.05,347.93,295.0,100.8,220.7,913.9,616.5
750,0.55,15.0,397.05,384.26,579.67,5.31,168.02,617.99,168.02,617.99,-15.42,-15.42,M3->FP x M2,184.05,347.93,295.0,100.8,220.7,913.9,648.1
750,0.55,16.0,433.32,423.30,623.98,16.65,169.50,631.47,169.50,631.47,-9.19,-9.19,M3->FP x M2,184.05,347.93,295.0,100.8,220.7,913.9,680.1
750,0.55,17.0,469.45,462.22,668.10,27.79,171.20,646.39,171.20,646.39,-2.89,-2.89,M3->FP x M2,184.05,347.93,295.0,100.8,220.7,913.9,712.4
750,0.55,18.0,505.44,500.99,712.02,38.73,173.14,662.72,173.14,662.72,3.35,3.35,M3->FP x M2,184.05,347.93,295.0,100.8,220.7,913.9,745.0
750,0.55,19.0,541.28,539.62,755.72,49.44,175.30,680.42,175.30,680.42,9.56,9.56,M3->FP x M2,184.05,347.93,295.0,100.8,220.7,913.9,778.1
750,0.55,20.0,576.95,578.08,799.19,59.93,177.70,699.46,177.70,699.46,15.84,15.84,M3->FP x M2,184.05,347.93,295.0,100.8,220.7,913.9,811.5
750,0.60,2.0,-62.82,-122.30,0.21,-122.32,182.36,548.93,182.36,548.93,-63.07,-122.32,M1->M2 x M3,201.07,383.43,285.7,110.0,240.4,932.4,257.7
750,0.60,3.0,-55.35,-107.91,33.36,-122.14,182.36,548.93,182.36,548.93,-62.94,-122.14,M1->M2 x M3,201.07,383.43,285.7,110.0,240.4,932.4,285.4
750,0.60,4.0,-20.32,-70.54,77.23,-122.48,182.36,548.93,182.36,548.93,-62.83,-122.48,M1->M2 x M3,201.07,383.43,285.7,110.0,240.4,932.4,313.2
750,0.60,5.0,14.73,-33.07,121.08,-122.19,182.36,548.93,182.36,548.93,-62.90,-122.19,M1->M2 x M3,201.07,383.43,285.7,110.0,240.4,932.4,341.0
750,0.60,6.0,49.74,4.48,164.88,-118.64,182.36,548.93,182.36,548.93,-62.89,-118.64,M1->M2 x M3,201.07,383.43,285.7,110.0,240.4,932.4,369.0
750,0.60,7.0,84.73,41.91,208.64,-106.80,182.36,548.93,182.36,548.93,-62.96,-106.80,M1->M2 x M3,201.07,383.43,285.7,110.0,240.4,932.4,397.0
750,0.60,8.0,119.70,79.32,252.33,-94.91,182.36,548.97,182.36,548.97,-63.01,-94.91,M1->M2 x M3,201.07,383.43,285.7,110.0,240.4,932.4,425.2
750,0.60,9.0,154.62,116.72,295.95,-82.96,182.36,550.04,182.36,550.04,-62.15,-82.96,M1->M2 x M3,201.07,383.43,285.7,110.0,240.4,932.4,453.5
750,0.60,10.0,189.51,154.08,339.47,-70.94,182.38,552.57,182.38,552.57,-56.19,-70.94,M1->M2 x M3,201.07,383.43,285.7,110.0,240.4,932.4,482.0
750,0.60,11.0,224.33,191.39,382.90,-58.86,182.55,556.57,182.55,556.57,-50.19,-58.86,M1->M2 x M3,201.07,383.43,285.7,110.0,240.4,932.4,510.6
750,0.60,12.0,259.09,228.64,426.20,-46.69,182.92,562.04,182.92,562.04,-44.15,-46.69,M1->M2 x M3,201.07,383.43,285.7,110.0,240.4,932.4,539.4
750,0.60,13.0,293.76,265.82,469.38,-34.43,183.49,568.97,183.49,568.97,-38.07,-38.07,M3->FP x M2,201.07,383.43,285.7,110.0,240.4,932.4,568.5
750,0.60,14.0,328.35,302.92,512.41,-22.07,184.26,577.34,184.26,577.34,-31.95,-31.95,M3->FP x M2,201.07,383.43,285.7,110.0,240.4,932.4,597.8
750,0.60,15.0,362.84,339.93,555.29,-9.61,185.23,587.15,185.23,587.15,-25.76,-25.76,M3->FP x M2,201.07,383.43,285.7,110.0,240.4,932.4,627.4
750,0.60,16.0,397.21,376.84,597.99,2.74,186.42,598.35,186.42,598.35,-19.52,-19.52,M3->FP x M2,201.07,383.43,285.7,110.0,240.4,932.4,657.2
750,0.60,17.0,431.47,413.63,640.52,14.26,187.82,610.93,187.82,610.93,-13.22,-13.22,M3->FP x M2,201.07,383.43,285.7,110.0,240.4,932.4,687.3
750,0.60,18.0,465.59,450.30,682.85,25.63,189.43,624.86,189.43,624.86,-6.85,-6.85,M3->FP x M2,201.07,383.43,285.7,110.0,240.4,932.4,717.8
750,0.60,19.0,499.58,486.83,724.97,36.82,191.26,640.10,191.26,640.10,-0.41,-0.41,M3->FP x M2,201.07,383.43,285.7,110.0,240.4,932.4,748.6
750,0.60,20.0,533.41,523.21,766.87,47.82,193.31,656.62,193.31,656.62,5.89,5.89,M3->FP x M2,201.07,383.43,285.7,110.0,240.4,932.4,779.8
750,0.65,2.0,-66.66,-133.09,0.26,-133.68,200.97,531.87,200.97,531.87,-68.10,-133.68,M1->M2 x M3,218.13,419.10,277.8,119.2,260.3,951.0,264.0
750,0.65,3.0,-65.41,-124.92,29.51,-133.72,200.97,531.87,200.97,531.87,-68.34,-133.72,M1->M2 x M3,218.13,419.10,277.8,119.2,260.3,951.0,290.1
750,0.65,4.0,-32.07,-89.52,72.02,-133.51,200.97,531.87,200.97,531.87,-68.46,-133.51,M1->M2 x M3,218.13,419.10,277.8,119.2,260.3,951.0,316.2
750,0.65,5.0,1.35,-54.04,114.52,-133.74,200.97,531.87,200.97,531.87,-68.20,-133.74,M1->M2 x M3,218.13,419.10,277.8,119.2,260.3,951.0,342.3
750,0.65,6.0,34.70,-18.45,156.98,-133.73,200.97,531.87,200.97,531.87,-68.08,-133.73,M1->M2 x M3,218.13,419.10,277.8,119.2,260.3,951.0,368.6
750,0.65,7.0,68.03,17.15,199.39,-122.17,200.97,531.87,200.97,531.87,-68.38,-122.17,M1->M2 x M3,218.13,419.10,277.8,119.2,260.3,951.0,394.9
750,0.65,8.0,101.34,52.64,241.74,-110.26,200.97,531.87,200.97,531.87,-68.33,-110.26,M1->M2 x M3,218.13,419.10,277.8,119.2,260.3,951.0,421.4
750,0.65,9.0,134.62,88.11,284.02,-98.29,200.97,531.96,200.97,531.96,-68.18,-98.29,M1->M2 x M3,218.13,419.10,277.8,119.2,260.3,951.0,448.0
750,0.65,10.0,167.86,123.56,326.21,-86.26,200.97,533.14,200.97,533.14,-66.58,-86.26,M1->M2 x M3,218.13,419.10,277.8,119.2,260.3,951.0,474.7
750,0.65,11.0,201.05,158.97,368.30,-74.15,201.00,535.66,201.00,535.66,-60.58,-74.15,M1->M2 x M3,218.13,419.10,277.8,119.2,260.3,951.0,501.6
750,0.65,12.0,234.18,194.34,410.28,-61.97,201.20,539.54,201.20,539.54,-54.54,-61.97,M1->M2 x M3,218.13,419.10,277.8,119.2,260.3,951.0,528.8
750,0.65,13.0,267.24,229.64,452.13,-49.69,201.58,544.78,201.58,544.78,-48.46,-49.69,M1->M2 x M3,218.13,419.10,277.8,119.2,260.3,951.0,556.1
750,0.65,14.0,300.21,264.87,493.85,-37.32,202.15,551.38,202.15,551.38,-42.32,-42.32,M3->FP x M2,218.13,419.10,277.8,119.2,260.3,951.0,583.6
750,0.65,15.0,333.10,300.03,535.41,-24.83,202.90,559.32,202.90,559.32,-36.14,-36.14,M3->FP x M2,218.13,419.10,277.8,119.2,260.3,951.0,611.4
750,0.65,16.0,365.88,335.09,576.81,-12.24,203.84,568.59,203.84,568.59,-29.89,-29.89,M3->FP x M2,218.13,419.10,277.8,119.2,260.3,951.0,639.4
750,0.65,17.0,398.55,370.05,618.04,0.45,204.98,579.18,204.98,579.18,-23.59,-23.59,M3->FP x M2,218.13,419.10,277.8,119.2,260.3,951.0,667.7
750,0.65,18.0,431.10,404.89,659.08,12.16,206.32,591.06,206.32,591.06,-17.21,-17.21,M3->FP x M2,218.13,419.10,277.8,119.2,260.3,951.0,696.3
750,0.65,19.0,463.52,439.62,699.92,23.73,207.86,604.20,207.86,604.20,-10.77,-10.77,M3->FP x M2,218.13,419.10,277.8,119.2,260.3,951.0,725.3
750,0.65,20.0,495.80,474.21,740.54,35.16,209.61,618.59,209.61,618.59,-4.25,-4.25,M3->FP x M2,218.13,419.10,277.8,119.2,260.3,951.0,754.6
750,0.70,2.0,-73.42,-144.98,0.20,-145.17,219.60,514.75,219.60,514.75,-73.49,-145.17,M1->M2 x M3,235.25,454.84,271.0,128.3,280.2,969.6,270.9
750,0.70,3.0,-72.80,-141.27,26.34,-145.01,219.60,514.75,219.60,514.75,-73.77,-145.01,M1->M2 x M3,235.25,454.84,271.0,128.3,280.2,969.6,295.5
750,0.70,4.0,-42.88,-107.60,67.74,-144.98,219.60,514.75,219.60,514.75,-73.55,-144.98,M1->M2 x M3,235.25,454.84,271.0,128.3,280.2,969.6,320.1
750,0.70,5.0,-10.91,-73.86,109.13,-144.98,219.59,514.75,219.59,514.75,-73.30,-144.98,M1->M2 x M3,235.25,454.84,271.0,128.3,280.2,969.6,344.9
750,0.70,6.0,21.05,-40.01,150.48,-145.01,219.60,514.75,219.60,514.75,-73.23,-145.01,M1->M2 x M3,235.25,454.84,271.0,128.3,280.2,969.6,369.7
750,0.70,7.0,52.97,-6.05,191.78,-137.35,219.60,514.75,219.60,514.75,-73.45,-137.35,M1->M2 x M3,235.25,454.84,271.0,128.3,280.2,969.6,394.6
750,0.70,8.0,84.86,27.80,233.03,-125.42,219.60,514.75,219.60,514.75,-73.64,-125.42,M1->M2 x M3,235.25,454.84,271.0,128.3,280.2,969.6,419.6
750,0.70,9.0,116.73,61.59,274.20,-113.44,219.59,514.75,219.59,514.75,-73.78,-113.44,M1->M2 x M3,235.25,454.84,271.0,128.3,280.2,969.6,444.7
750,0.70,10.0,148.57,95.37,315.29,-101.39,219.60,514.91,219.60,514.91,-73.65,-101.39,M1->M2 x M3,235.25,454.84,271.0,128.3,280.2,969.6,470.0
750,0.70,11.0,180.36,129.11,356.29,-89.26,219.59,516.16,219.59,516.16,-70.98,-89.26,M1->M2 x M3,235.25,454.84,271.0,128.3,280.2,969.6,495.4
750,0.70,12.0,212.10,162.82,397.18,-77.06,219.65,518.66,219.65,518.66,-64.93,-77.06,M1->M2 x M3,235.25,454.84,271.0,128.3,280.2,969.6,521.0
750,0.70,13.0,243.77,196.48,437.94,-64.77,219.88,522.44,219.88,522.44,-58.85,-64.77,M1->M2 x M3,235.25,454.84,271.0,128.3,280.2,969.6,546.8
750,0.70,14.0,275.37,230.08,478.58,-52.38,220.27,527.50,220.27,527.50,-52.71,-52.71,M3->FP x M2,235.25,454.84,271.0,128.3,280.2,969.6,572.9
750,0.70,15.0,306.88,263.60,519.06,-39.88,220.83,533.83,220.83,533.83,-46.52,-46.52,M3->FP x M2,235.25,454.84,271.0,128.3,280.2,969.6,599.1
750,0.70,16.0,338.30,297.05,559.39,-27.26,221.57,541.43,221.57,541.43,-40.27,-40.27,M3->FP x M2,235.25,454.84,271.0,128.3,280.2,969.6,625.6
750,0.70,17.0,369.62,330.41,599.55,-14.52,222.49,550.28,222.49,550.28,-33.96,-33.96,M3->FP x M2,235.25,454.84,271.0,128.3,280.2,969.6,652.4
750,0.70,18.0,400.82,363.66,639.53,-1.64,223.59,560.38,223.59,560.38,-27.58,-27.58,M3->FP x M2,235.25,454.84,271.0,128.3,280.2,969.6,679.4
750,0.70,19.0,431.90,396.81,679.31,10.37,224.89,571.71,224.89,571.71,-21.13,-21.13,M3->FP x M2,235.25,454.84,271.0,128.3,280.2,969.6,706.8
750,0.70,20.0,462.85,429.83,718.88,22.15,226.37,584.25,226.37,584.25,-14.60,-14.60,M3->FP x M2,235.25,454.84,271.0,128.3,280.2,969.6,734.5
750,0.75,2.0,-77.54,-156.59,0.06,-156.38,238.13,497.59,238.13,497.59,-78.34,-156.59,in->M1 x M3,252.41,490.53,265.2,137.5,300.1,988.1,278.1
750,0.75,3.0,-79.03,-156.34,23.71,-156.68,238.13,497.59,238.13,497.59,-79.01,-156.68,M1->M2 x M3,252.41,490.53,265.2,137.5,300.1,988.1,301.5
750,0.75,4.0,-52.96,-124.93,64.19,-156.39,238.13,497.59,238.13,497.59,-78.92,-156.39,M1->M2 x M3,252.41,490.53,265.2,137.5,300.1,988.1,324.9
750,0.75,5.0,-22.24,-92.74,104.65,-156.46,238.13,497.59,238.13,497.59,-78.80,-156.46,M1->M2 x M3,252.41,490.53,265.2,137.5,300.1,988.1,348.4
750,0.75,6.0,8.53,-60.44,145.08,-156.58,238.13,497.59,238.13,497.59,-78.58,-156.58,M1->M2 x M3,252.41,490.53,265.2,137.5,300.1,988.1,371.9
750,0.75,7.0,39.21,-28.03,185.47,-152.30,238.13,497.59,238.13,497.59,-78.73,-152.30,M1->M2 x M3,252.41,490.53,265.2,137.5,300.1,988.1,395.6
750,0.75,8.0,69.89,4.47,225.80,-140.36,238.13,497.59,238.13,497.59,-78.70,-140.36,M1->M2 x M3,252.41,490.53,265.2,137.5,300.1,988.1,419.3
750,0.75,9.0,100.54,36.77,266.06,-128.36,238.13,497.59,238.13,497.59,-78.91,-128.36,M1->M2 x M3,252.41,490.53,265.2,137.5,300.1,988.1,443.2
750,0.75,10.0,131.16,69.06,306.25,-116.29,238.13,497.59,238.13,497.59,-78.95,-116.29,M1->M2 x M3,252.41,490.53,265.2,137.5,300.1,988.1,467.2
750,0.75,11.0,161.74,101.33,346.33,-104.15,238.13,497.81,238.13,497.81,-78.58,-104.15,M1->M2 x M3,252.41,490.53,265.2,137.5,300.1,988.1,491.4
750,0.75,12.0,192.27,133.57,386.31,-91.93,238.13,499.10,238.13,499.10,-75.30,-91.93,M1->M2 x M3,252.41,490.53,265.2,137.5,300.1,988.1,515.7
750,0.75,13.0,222.75,165.77,426.18,-79.62,238.22,501.59,238.22,501.59,-69.21,-79.62,M1->M2 x M3,252.41,490.53,265.2,137.5,300.1,988.1,540.2
750,0.75,14.0,253.15,197.91,465.91,-67.21,238.46,505.29,238.46,505.29,-63.07,-67.21,M1->M2 x M3,252.41,490.53,265.2,137.5,300.1,988.1,564.9
750,0.75,15.0,283.48,230.00,505.51,-54.70,238.87,510.20,238.87,510.20,-56.87,-56.87,M3->FP x M2,252.41,490.53,265.2,137.5,300.1,988.1,589.8
750,0.75,16.0,313.72,262.02,544.95,-42.06,239.43,516.32,239.43,516.32,-50.62,-50.62,M3->FP x M2,252.41,490.53,265.2,137.5,300.1,988.1,615.0
750,0.75,17.0,343.87,293.95,584.22,-29.30,240.16,523.65,240.16,523.65,-44.30,-44.30,M3->FP x M2,252.41,490.53,265.2,137.5,300.1,988.1,640.4
750,0.75,18.0,373.91,325.80,623.31,-16.41,241.07,532.18,241.07,532.18,-37.92,-37.92,M3->FP x M2,252.41,490.53,265.2,137.5,300.1,988.1,666.1
750,0.75,19.0,403.84,357.55,662.22,-3.37,242.14,541.91,242.14,541.91,-31.46,-31.46,M3->FP x M2,252.41,490.53,265.2,137.5,300.1,988.1,692.1
750,0.75,20.0,433.64,389.19,700.92,8.96,243.40,552.81,243.40,552.81,-24.93,-24.93,M3->FP x M2,252.41,490.53,265.2,137.5,300.1,988.1,718.4
750,0.80,2.0,-83.84,-168.00,0.12,-167.61,256.46,480.39,256.46,480.39,-84.25,-168.00,in->M1 x M3,269.61,526.07,260.1,146.7,319.9,1006.5,294.0
750,0.80,3.0,-83.13,-167.77,21.51,-167.81,256.46,480.39,256.46,480.39,-84.00,-167.81,M1->M2 x M3,269.61,526.07,260.1,146.7,319.9,1006.5,307.9
750,0.80,4.0,-62.44,-141.62,61.22,-167.99,256.46,480.39,256.46,480.39,-83.59,-167.99,M1->M2 x M3,269.61,526.07,260.1,146.7,319.9,1006.5,330.3
750,0.80,5.0,-32.81,-110.81,100.92,-167.97,256.46,480.39,256.46,480.39,-84.13,-167.97,M1->M2 x M3,269.61,526.07,260.1,146.7,319.9,1006.5,352.7
750,0.80,6.0,-3.10,-79.91,140.58,-167.85,256.46,480.39,256.46,480.39,-84.03,-167.85,M1->M2 x M3,269.61,526.07,260.1,146.7,319.9,1006.5,375.1
750,0.80,7.0,26.53,-48.90,180.20,-167.00,256.46,480.39,256.46,480.39,-83.46,-167.00,M1->M2 x M3,269.61,526.07,260.1,146.7,319.9,1006.5,397.7
750,0.80,8.0,56.13,-17.76,219.77,-155.04,256.46,480.39,256.46,480.39,-84.00,-155.04,M1->M2 x M3,269.61,526.07,260.1,146.7,319.9,1006.5,420.3
750,0.80,9.0,85.71,13.36,259.27,-143.03,256.46,480.39,256.46,480.39,-84.06,-143.03,M1->M2 x M3,269.61,526.07,260.1,146.7,319.9,1006.5,443.1
750,0.80,10.0,115.27,44.32,298.69,-130.94,256.46,480.39,256.46,480.39,-83.47,-130.94,M1->M2 x M3,269.61,526.07,260.1,146.7,319.9,1006.5,466.0
750,0.80,11.0,144.80,75.27,338.02,-118.79,256.46,480.39,256.46,480.39,-84.12,-118.79,M1->M2 x M3,269.61,526.07,260.1,146.7,319.9,1006.5,489.0
750,0.80,12.0,174.28,106.19,377.24,-106.55,256.46,480.65,256.46,480.65,-83.97,-106.55,M1->M2 x M3,269.61,526.07,260.1,146.7,319.9,1006.5,512.2
750,0.80,13.0,203.71,137.08,416.36,-94.22,256.47,481.98,256.47,481.98,-79.51,-94.22,M1->M2 x M3,269.61,526.07,260.1,146.7,319.9,1006.5,535.6
750,0.80,14.0,233.07,167.92,455.34,-81.79,256.58,484.46,256.58,484.46,-73.37,-81.79,M1->M2 x M3,269.61,526.07,260.1,146.7,319.9,1006.5,559.1
750,0.80,15.0,262.37,198.72,494.19,-69.26,256.85,488.09,256.85,488.09,-67.17,-69.26,M1->M2 x M3,269.61,526.07,260.1,146.7,319.9,1006.5,582.9
750,0.80,16.0,291.58,229.46,532.88,-56.61,257.27,492.89,257.27,492.89,-60.91,-60.91,M3->FP x M2,269.61,526.07,260.1,146.7,319.9,1006.5,606.9
750,0.80,17.0,320.71,260.12,571.41,-43.83,257.84,498.85,257.84,498.85,-54.59,-54.59,M3->FP x M2,269.61,526.07,260.1,146.7,319.9,1006.5,631.1
750,0.80,18.0,349.73,290.71,609.77,-30.92,258.57,505.98,258.57,505.98,-48.20,-48.20,M3->FP x M2,269.61,526.07,260.1,146.7,319.9,1006.5,655.6
750,0.80,19.0,378.66,321.21,647.95,-17.86,259.46,514.27,259.46,514.27,-41.74,-41.74,M3->FP x M2,269.61,526.07,260.1,146.7,319.9,1006.5,680.4
750,0.80,20.0,407.46,351.61,685.92,-4.64,260.52,523.71,260.52,523.71,-35.20,-35.20,M3->FP x M2,269.61,526.07,260.1,146.7,319.9,1006.5,705.5
750,0.85,2.0,-87.91,-179.24,0.20,-178.93,274.48,463.14,274.48,463.14,-89.39,-179.24,in->M1 x M3,286.86,561.34,255.6,155.8,339.5,1024.5,313.6
750,0.85,3.0,-88.37,-179.25,19.66,-179.03,274.48,463.14,274.48,463.14,-88.91,-179.25,in->M1 x M3,286.86,561.34,255.6,155.8,339.5,1024.5,314.7
750,0.85,4.0,-71.42,-157.73,58.73,-178.99,274.48,463.14,274.48,463.14,-89.19,-178.99,M1->M2 x M3,286.86,561.34,255.6,155.8,339.5,1024.5,336.1
750,0.85,5.0,-42.76,-128.18,97.78,-179.26,274.48,463.14,274.48,463.14,-89.18,-179.26,M1->M2 x M3,286.86,561.34,255.6,155.8,339.5,1024.5,357.5
750,0.85,6.0,-14.02,-98.55,136.80,-179.07,274.48,463.14,274.48,463.14,-89.48,-179.07,M1->M2 x M3,286.86,561.34,255.6,155.8,339.5,1024.5,379.0
750,0.85,7.0,14.71,-68.81,175.78,-179.02,274.48,463.14,274.48,463.14,-89.53,-179.02,M1->M2 x M3,286.86,561.34,255.6,155.8,339.5,1024.5,400.6
750,0.85,8.0,43.37,-38.95,214.70,-169.43,274.48,463.14,274.48,463.14,-89.35,-169.43,M1->M2 x M3,286.86,561.34,255.6,155.8,339.5,1024.5,422.3
750,0.85,9.0,72.02,-8.94,253.56,-157.40,274.48,463.14,274.48,463.14,-89.23,-157.40,M1->M2 x M3,286.86,561.34,255.6,155.8,339.5,1024.5,444.1
750,0.85,10.0,100.65,20.92,292.34,-145.30,274.48,463.14,274.48,463.14,-88.85,-145.30,M1->M2 x M3,286.86,561.34,255.6,155.8,339.5,1024.5,466.0
750,0.85,11.0,129.24,50.66,331.03,-133.12,274.48,463.14,274.48,463.14,-89.55,-133.12,M1->M2 x M3,286.86,561.34,255.6,155.8,339.5,1024.5,488.0
750,0.85,12.0,157.80,80.39,369.62,-120.87,274.48,463.14,274.48,463.14,-89.01,-120.87,M1->M2 x M3,286.86,561.34,255.6,155.8,339.5,1024.5,510.2
750,0.85,13.0,186.30,110.10,408.10,-108.52,274.48,463.45,274.48,463.45,-89.47,-108.52,M1->M2 x M3,286.86,561.34,255.6,155.8,339.5,1024.5,532.6
750,0.85,14.0,214.75,139.77,446.45,-96.08,274.50,464.81,274.50,464.81,-83.58,-96.08,M1->M2 x M3,286.86,561.34,255.6,155.8,339.5,1024.5,555.1
750,0.85,15.0,243.14,169.40,484.67,-83.53,274.64,467.28,274.64,467.28,-77.38,-83.53,M1->M2 x M3,286.86,561.34,255.6,155.8,339.5,1024.5,577.9
750,0.85,16.0,271.45,198.97,522.74,-70.86,274.93,470.87,274.93,470.87,-71.12,-71.12,M3->FP x M2,286.86,561.34,255.6,155.8,339.5,1024.5,600.8
750,0.85,17.0,299.68,228.49,560.65,-58.06,275.36,475.59,275.36,475.59,-64.79,-64.79,M3->FP x M2,286.86,561.34,255.6,155.8,339.5,1024.5,624.0
750,0.85,18.0,327.81,257.94,598.39,-45.13,275.94,481.44,275.94,481.44,-58.40,-58.40,M3->FP x M2,286.86,561.34,255.6,155.8,339.5,1024.5,647.5
750,0.85,19.0,355.85,287.31,635.95,-32.06,276.67,488.42,276.67,488.42,-51.94,-51.94,M3->FP x M2,286.86,561.34,255.6,155.8,339.5,1024.5,671.2
750,0.85,20.0,383.78,316.59,673.32,-18.82,277.55,496.54,277.55,496.54,-45.39,-45.39,M3->FP x M2,286.86,561.34,255.6,155.8,339.5,1024.5,695.2
750,0.90,2.0,-94.73,-190.22,0.04,-190.18,292.07,445.84,292.07,445.84,-94.51,-190.22,in->M1 x M3,304.16,596.23,251.6,165.0,358.9,1042.1,333.0
750,0.90,3.0,-94.82,-190.32,18.10,-190.41,292.07,445.84,292.07,445.84,-94.48,-190.41,M1->M2 x M3,304.16,596.23,251.6,165.0,358.9,1042.1,333.0
750,0.90,4.0,-79.99,-173.30,56.62,-190.31,292.07,445.84,292.07,445.84,-94.76,-190.31,M1->M2 x M3,304.16,596.23,251.6,165.0,358.9,1042.1,342.3
750,0.90,5.0,-52.19,-144.91,95.12,-190.13,292.07,445.84,292.07,445.84,-94.81,-190.13,M1->M2 x M3,304.16,596.23,251.6,165.0,358.9,1042.1,362.8
750,0.90,6.0,-24.32,-116.44,133.60,-190.18,292.07,445.84,292.07,445.84,-94.34,-190.18,M1->M2 x M3,304.16,596.23,251.6,165.0,358.9,1042.1,383.5
750,0.90,7.0,3.63,-87.87,172.03,-190.28,292.07,445.84,292.07,445.84,-94.44,-190.28,M1->M2 x M3,304.16,596.23,251.6,165.0,358.9,1042.1,404.2
750,0.90,8.0,31.46,-59.17,210.41,-183.49,292.07,445.84,292.07,445.84,-94.01,-183.49,M1->M2 x M3,304.16,596.23,251.6,165.0,358.9,1042.1,425.0
750,0.90,9.0,59.27,-30.34,248.72,-171.44,292.07,445.84,292.07,445.84,-94.73,-171.44,M1->M2 x M3,304.16,596.23,251.6,165.0,358.9,1042.1,445.9
750,0.90,10.0,87.07,-1.35,286.96,-159.32,292.07,445.84,292.07,445.84,-93.80,-159.32,M1->M2 x M3,304.16,596.23,251.6,165.0,358.9,1042.1,467.0
750,0.90,11.0,114.84,27.32,325.11,-147.13,292.07,445.84,292.07,445.84,-94.87,-147.13,M1->M2 x M3,304.16,596.23,251.6,165.0,358.9,1042.1,488.1
750,0.90,12.0,142.57,55.96,363.17,-134.86,292.07,445.84,292.07,445.84,-93.78,-134.86,M1->M2 x M3,304.16,596.23,251.6,165.0,358.9,1042.1,509.5
750,0.90,13.0,170.26,84.59,401.11,-122.50,292.07,445.84,292.07,445.84,-94.86,-122.50,M1->M2 x M3,304.16,596.23,251.6,165.0,358.9,1042.1,530.9
750,0.90,14.0,197.90,113.18,438.93,-110.04,292.07,446.20,292.07,446.20,-93.68,-110.04,M1->M2 x M3,304.16,596.23,251.6,165.0,358.9,1042.1,552.6
750,0.90,15.0,225.48,141.75,476.62,-97.47,292.11,447.59,292.11,447.59,-87.48,-97.47,M1->M2 x M3,304.16,596.23,251.6,165.0,358.9,1042.1,574.4
750,0.90,16.0,252.99,170.27,514.16,-84.78,292.29,450.07,292.29,450.07,-81.21,-84.78,M1->M2 x M3,304.16,596.23,251.6,165.0,358.9,1042.1,596.5
750,0.90,17.0,280.42,198.74,551.54,-71.97,292.59,453.64,292.59,453.64,-74.88,-74.88,M3->FP x M2,304.16,596.23,251.6,165.0,358.9,1042.1,618.7
750,0.90,18.0,307.77,227.15,588.76,-59.02,293.04,458.31,293.04,458.31,-68.48,-68.48,M3->FP x M2,304.16,596.23,251.6,165.0,358.9,1042.1,641.3
750,0.90,19.0,335.02,255.48,625.80,-45.92,293.62,464.09,293.62,464.09,-62.01,-62.01,M3->FP x M2,304.16,596.23,251.6,165.0,358.9,1042.1,664.0
750,0.90,20.0,362.18,283.75,662.64,-32.67,294.36,470.98,294.36,470.98,-55.47,-55.47,M3->FP x M2,304.16,596.23,251.6,165.0,358.9,1042.1,687.1
800,0.30,2.0,-11.32,-29.12,33.48,-56.83,78.53,700.29,78.53,700.29,-31.41,-56.83,M1->M2 x M3,99.71,178.24,401.6,55.0,126.2,878.5,253.8
800,0.30,3.0,49.23,35.51,101.13,-56.73,78.53,700.29,78.53,700.29,-31.52,-56.73,M1->M2 x M3,99.71,178.24,401.6,55.0,126.2,878.5,306.2
800,0.30,4.0,109.75,100.12,168.74,-47.70,78.53,701.86,78.53,701.86,-31.16,-47.70,M1->M2 x M3,99.71,178.24,401.6,55.0,126.2,878.5,358.8
800,0.30,5.0,170.25,164.70,236.30,-36.03,78.53,707.33,78.53,707.33,-25.35,-36.03,M1->M2 x M3,99.71,178.24,401.6,55.0,126.2,878.5,411.5
800,0.30,6.0,230.69,229.22,303.79,-24.33,78.78,716.67,78.78,716.67,-19.52,-24.33,M1->M2 x M3,99.71,178.24,401.6,55.0,126.2,878.5,464.3
800,0.30,7.0,291.06,293.68,371.18,-12.58,79.46,729.77,79.46,729.77,-13.67,-13.67,M3->FP x M2,99.71,178.24,401.6,55.0,126.2,878.5,517.4
800,0.30,8.0,351.34,358.04,438.47,-0.79,80.56,746.49,80.56,746.49,-7.80,-7.80,M3->FP x M2,99.71,178.24,401.6,55.0,126.2,878.5,570.7
800,0.30,9.0,411.52,422.30,505.62,10.13,82.08,766.66,82.08,766.66,-1.89,-1.89,M3->FP x M2,99.71,178.24,401.6,55.0,126.2,878.5,624.2
800,0.30,10.0,471.57,486.43,572.61,20.57,83.99,790.07,83.99,790.07,3.90,3.90,M3->FP x M2,99.71,178.24,401.6,55.0,126.2,878.5,678.1
800,0.30,11.0,531.47,550.41,639.43,30.53,86.28,816.52,86.28,816.52,9.65,9.65,M3->FP x M2,99.71,178.24,401.6,55.0,126.2,878.5,732.3
800,0.30,12.0,591.22,614.22,706.06,40.00,88.93,845.81,88.93,845.81,15.45,15.45,M3->FP x M2,99.71,178.24,401.6,55.0,126.2,878.5,786.9
800,0.30,13.0,650.78,677.85,772.47,48.95,91.92,877.75,91.92,877.75,21.29,21.29,M3->FP x M2,99.71,178.24,401.6,55.0,126.2,878.5,841.8
800,0.30,14.0,710.15,741.26,838.65,57.40,95.22,912.15,95.22,912.15,27.18,27.18,M3->FP x M2,99.71,178.24,401.6,55.0,126.2,878.5,897.3
800,0.30,15.0,769.30,804.46,904.57,65.34,98.83,948.86,98.83,948.86,33.11,33.11,M3->FP x M2,99.71,178.24,401.6,55.0,126.2,878.5,953.2
800,0.30,16.0,828.21,867.41,970.21,72.79,102.70,987.71,102.70,987.71,39.11,39.11,M3->FP x M2,99.71,178.24,401.6,55.0,126.2,878.5,1009.6
800,0.30,17.0,886.87,930.09,1035.56,79.77,106.84,1028.59,106.58,1028.59,45.16,45.16,M3->FP x M2,99.71,178.24,401.6,55.0,126.2,878.5,1066.7
800,0.30,18.0,945.27,992.49,1100.59,86.30,111.23,1071.39,110.20,1071.39,51.28,51.28,M3->FP x M2,99.71,178.24,401.6,55.0,126.2,878.5,1124.3
800,0.30,19.0,1003.37,1054.59,1165.29,92.41,115.84,1113.73,113.57,1116.01,57.47,57.47,M3->FP x M2,99.71,178.24,401.6,55.0,126.2,878.5,1182.6
800,0.30,20.0,1061.17,1116.36,1229.64,98.11,120.68,1152.62,116.73,1162.38,63.74,63.74,M3->FP x M2,99.71,178.24,401.6,55.0,126.2,878.5,1241.6
800,0.35,2.0,-28.89,-52.49,21.71,-67.43,94.75,683.51,94.75,683.51,-36.72,-67.43,M1->M2 x M3,116.49,211.24,370.5,64.2,144.6,894.8,248.6
800,0.35,3.0,25.02,5.23,82.99,-67.43,94.75,683.51,94.75,683.51,-36.70,-67.43,M1->M2 x M3,116.49,211.24,370.5,64.2,144.6,894.8,294.5
800,0.35,4.0,78.92,62.93,144.25,-63.44,94.75,683.62,94.75,683.62,-36.82,-63.44,M1->M2 x M3,116.49,211.24,370.5,64.2,144.6,894.8,340.3
800,0.35,5.0,132.79,120.60,205.46,-51.76,94.75,685.98,94.75,685.98,-35.11,-51.76,M1->M2 x M3,116.49,211.24,370.5,64.2,144.6,894.8,386.3
800,0.35,6.0,186.62,178.24,266.61,-40.04,94.77,691.41,94.77,691.41,-29.28,-40.04,M1->M2 x M3,116.49,211.24,370.5,64.2,144.6,894.8,432.5
800,0.35,7.0,240.39,235.83,327.68,-28.28,95.05,699.88,95.05,699.88,-23.42,-28.28,M1->M2 x M3,116.49,211.24,370.5,64.2,144.6,894.8,478.8
800,0.35,8.0,294.09,293.34,388.65,-16.47,95.70,711.32,95.70,711.32,-17.54,-17.54,M3->FP x M2,116.49,211.24,370.5,64.2,144.6,894.8,525.3
800,0.35,9.0,347.70,350.76,449.50,-4.60,96.70,725.63,96.70,725.63,-11.64,-11.64,M3->FP x M2,116.49,211.24,370.5,64.2,144.6,894.8,572.1
800,0.35,10.0,401.20,408.08,510.22,6.76,98.05,742.71,98.05,742.71,-5.70,-5.70,M3->FP x M2,116.49,211.24,370.5,64.2,144.6,894.8,619.1
800,0.35,11.0,454.59,465.27,570.78,17.48,99.75,762.42,99.75,762.42,0.27,0.27,M3->FP x M2,116.49,211.24,370.5,64.2,144.6,894.8,666.5
800,0.35,12.0,507.83,522.32,631.16,27.82,101.78,784.65,101.78,784.65,6.07,6.07,M3->FP x M2,116.49,211.24,370.5,64.2,144.6,894.8,714.1
800,0.35,13.0,560.92,579.21,691.35,37.76,104.13,809.24,104.13,809.24,11.91,11.91,M3->FP x M2,116.49,211.24,370.5,64.2,144.6,894.8,762.1
800,0.35,14.0,613.84,635.93,751.34,47.28,106.80,836.08,106.80,836.08,17.80,17.80,M3->FP x M2,116.49,211.24,370.5,64.2,144.6,894.8,810.5
800,0.35,15.0,666.57,692.45,811.09,56.36,109.77,865.04,109.77,865.04,23.74,23.74,M3->FP x M2,116.49,211.24,370.5,64.2,144.6,894.8,859.3
800,0.35,16.0,719.10,748.76,870.60,65.01,113.02,896.01,113.02,896.01,29.74,29.74,M3->FP x M2,116.49,211.24,370.5,64.2,144.6,894.8,908.6
800,0.35,17.0,771.40,804.84,929.84,73.23,116.55,928.88,116.55,928.88,35.80,35.80,M3->FP x M2,116.49,211.24,370.5,64.2,144.6,894.8,958.4
800,0.35,18.0,823.48,860.68,988.80,81.03,120.34,963.55,120.34,963.55,41.92,41.92,M3->FP x M2,116.49,211.24,370.5,64.2,144.6,894.8,1008.7
800,0.35,19.0,875.30,916.25,1047.45,88.42,124.38,999.96,124.36,999.96,48.11,48.11,M3->FP x M2,116.49,211.24,370.5,64.2,144.6,894.8,1059.7
800,0.35,20.0,926.86,971.55,1105.79,95.41,128.67,1038.02,128.27,1038.02,54.38,54.38,M3->FP x M2,116.49,211.24,370.5,64.2,144.6,894.8,1111.2
800,0.40,2.0,-40.94,-73.00,13.03,-78.05,111.60,666.69,111.60,666.69,-42.12,-78.05,M1->M2 x M3,133.31,244.91,347.1,73.3,163.3,911.6,247.3
800,0.40,3.0,5.55,-20.55,69.62,-78.22,111.60,666.69,111.60,666.69,-41.84,-78.22,M1->M2 x M3,133.31,244.91,347.1,73.3,163.3,911.6,288.1
800,0.40,4.0,54.47,31.91,126.20,-78.13,111.60,666.69,111.60,666.69,-42.10,-78.13,M1->M2 x M3,133.31,244.91,347.1,73.3,163.3,911.6,329.0
800,0.40,5.0,103.38,84.35,182.73,-67.51,111.60,667.14,111.60,667.14,-41.94,-67.51,M1->M2 x M3,133.31,244.91,347.1,73.3,163.3,911.6,370.0
800,0.40,6.0,152.25,136.75,239.21,-55.77,111.60,669.91,111.60,669.91,-39.20,-55.77,M1->M2 x M3,133.31,244.91,347.1,73.3,163.3,911.6,411.1
800,0.40,7.0,201.08,189.12,295.61,-44.00,111.64,675.20,111.64,675.20,-33.35,-44.00,M1->M2 x M3,133.31,244.91,347.1,73.3,163.3,911.6,452.4
800,0.40,8.0,249.85,241.43,351.93,-32.17,111.95,682.98,111.95,682.98,-27.46,-32.17,M1->M2 x M3,133.31,244.91,347.1,73.3,163.3,911.6,493.8
800,0.40,9.0,298.53,293.66,408.14,-20.29,112.57,693.20,112.57,693.20,-21.55,-21.55,M3->FP x M2,133.31,244.91,347.1,73.3,163.3,911.6,535.5
800,0.40,10.0,347.13,345.80,464.22,-8.34,113.49,705.80,113.49,705.80,-15.61,-15.61,M3->FP x M2,133.31,244.91,347.1,73.3,163.3,911.6,577.4
800,0.40,11.0,395.63,397.84,520.17,3.41,114.72,720.71,114.72,720.71,-9.63,-9.63,M3->FP x M2,133.31,244.91,347.1,73.3,163.3,911.6,619.6
800,0.40,12.0,444.00,449.76,575.95,14.36,116.26,737.84,116.26,737.84,-3.61,-3.61,M3->FP x M2,133.31,244.91,347.1,73.3,163.3,911.6,662.0
800,0.40,13.0,492.24,501.54,631.56,25.01,118.09,757.11,118.09,757.11,2.36,2.36,M3->FP x M2,133.31,244.91,347.1,73.3,163.3,911.6,704.8
800,0.40,14.0,540.32,553.17,686.98,35.32,120.22,778.42,120.22,778.42,8.26,8.26,M3->FP x M2,133.31,244.91,347.1,73.3,163.3,911.6,747.9
800,0.40,15.0,588.25,604.63,742.18,45.27,122.63,801.68,122.63,801.68,14.20,14.20,M3->FP x M2,133.31,244.91,347.1,73.3,163.3,911.6,791.4
800,0.40,16.0,635.99,655.91,797.16,54.87,125.33,826.80,125.33,826.80,20.20,20.20,M3->FP x M2,133.31,244.91,347.1,73.3,163.3,911.6,835.4
800,0.40,17.0,683.54,706.98,851.90,64.09,128.29,853.71,128.29,853.71,26.26,26.26,M3->FP x M2,133.31,244.91,347.1,73.3,163.3,911.6,879.7
800,0.40,18.0,730.88,757.84,906.38,72.94,131.53,882.32,131.53,882.32,32.39,32.39,M3->FP x M2,133.31,244.91,347.1,73.3,163.3,911.6,924.6
800,0.40,19.0,778.00,808.47,960.58,81.41,135.02,912.57,135.02,912.57,38.59,38.59,M3->FP x M2,133.31,244.91,347.1,73.3,163.3,911.6,969.9
800,0.40,20.0,824.88,858.86,1014.49,89.52,138.76,944.40,138.76,944.40,44.86,44.86,M3->FP x M2,133.31,244.91,347.1,73.3,163.3,911.6,1015.9
800,0.45,2.0,-46.68,-88.45,6.42,-88.87,128.98,649.82,128.98,649.82,-47.40,-88.87,M1->M2 x M3,150.18,279.15,328.9,82.5,182.4,929.0,248.5
800,0.45,3.0,-10.77,-43.37,59.44,-88.91,128.98,649.82,128.98,649.82,-47.10,-88.91,M1->M2 x M3,150.18,279.15,328.9,82.5,182.4,929.0,285.4
800,0.45,4.0,34.29,4.98,112.44,-89.02,128.98,649.82,128.98,649.82,-47.35,-89.02,M1->M2 x M3,150.18,279.15,328.9,82.5,182.4,929.0,322.4
800,0.45,5.0,79.34,53.27,165.41,-83.25,128.98,649.82,128.98,649.82,-47.08,-83.25,M1->M2 x M3,150.18,279.15,328.9,82.5,182.4,929.0,359.5
800,0.45,6.0,124.36,101.55,218.33,-71.50,128.98,650.68,128.98,650.68,-47.39,-71.50,M1->M2 x M3,150.18,279.15,328.9,82.5,182.4,929.0,396.7
800,0.45,7.0,169.34,149.80,271.18,-59.71,128.98,653.66,128.98,653.66,-43.42,-59.71,M1->M2 x M3,150.18,279.15,328.9,82.5,182.4,929.0,434.1
800,0.45,8.0,214.27,198.00,323.95,-47.87,129.05,658.76,129.05,658.76,-37.53,-47.87,M1->M2 x M3,150.18,279.15,328.9,82.5,182.4,929.0,471.6
800,0.45,9.0,259.14,246.14,376.62,-35.97,129.37,665.98,129.37,665.98,-31.62,-35.97,M1->M2 x M3,150.18,279.15,328.9,82.5,182.4,929.0,509.3
800,0.45,10.0,303.93,294.20,429.18,-24.00,129.97,675.28,129.97,675.28,-25.67,-25.67,M3->FP x M2,150.18,279.15,328.9,82.5,182.4,929.0,547.2
800,0.45,11.0,348.62,342.18,481.61,-11.96,130.84,686.62,130.84,686.62,-19.69,-19.69,M3->FP x M2,150.18,279.15,328.9,82.5,182.4,929.0,585.4
800,0.45,12.0,393.21,390.05,533.89,0.15,131.98,699.94,131.98,699.94,-13.66,-13.66,M3->FP x M2,150.18,279.15,328.9,82.5,182.4,929.0,623.8
800,0.45,13.0,437.68,437.81,586.00,11.30,133.39,715.19,133.39,715.19,-7.60,-7.60,M3->FP x M2,150.18,279.15,328.9,82.5,182.4,929.0,662.5
800,0.45,14.0,482.01,485.43,637.94,22.20,135.07,732.30,135.07,732.30,-1.48,-1.48,M3->FP x M2,150.18,279.15,328.9,82.5,182.4,929.0,701.5
800,0.45,15.0,526.20,532.90,689.68,32.82,137.02,751.21,137.02,751.21,4.52,4.52,M3->FP x M2,150.18,279.15,328.9,82.5,182.4,929.0,740.9
800,0.45,16.0,570.23,580.21,741.22,43.14,139.23,771.86,139.23,771.86,10.53,10.53,M3->FP x M2,150.18,279.15,328.9,82.5,182.4,929.0,780.7
800,0.45,17.0,614.08,627.34,792.52,53.15,141.71,794.17,141.71,794.17,16.59,16.59,M3->FP x M2,150.18,279.15,328.9,82.5,182.4,929.0,820.8
800,0.45,18.0,657.75,674.28,843.59,62.85,144.44,818.10,144.44,818.10,22.72,22.72,M3->FP x M2,150.18,279.15,328.9,82.5,182.4,929.0,861.4
800,0.45,19.0,701.21,721.02,894.40,72.22,147.43,843.58,147.43,843.58,28.93,28.93,M3->FP x M2,150.18,279.15,328.9,82.5,182.4,929.0,902.4
800,0.45,20.0,744.47,767.54,944.94,81.27,150.67,870.56,150.67,870.56,35.20,35.20,M3->FP x M2,150.18,279.15,328.9,82.5,182.4,929.0,944.0
800,0.50,2.0,-52.31,-99.85,1.25,-100.10,146.78,632.91,146.78,632.91,-52.48,-100.10,M1->M2 x M3,167.09,313.87,314.3,91.7,201.7,946.8,251.5
800,0.50,3.0,-24.90,-64.13,51.48,-100.23,146.78,632.91,146.78,632.91,-52.63,-100.23,M1->M2 x M3,167.09,313.87,314.3,91.7,201.7,946.8,285.3
800,0.50,4.0,17.10,-19.17,101.70,-99.91,146.78,632.91,146.78,632.91,-52.62,-99.91,M1->M2 x M3,167.09,313.87,314.3,91.7,201.7,946.8,319.2
800,0.50,5.0,59.06,25.80,151.89,-98.96,146.78,632.91,146.78,632.91,-52.34,-98.96,M1->M2 x M3,167.09,313.87,314.3,91.7,201.7,946.8,353.2
800,0.50,6.0,101.00,70.72,202.02,-87.19,146.78,632.93,146.78,632.93,-52.47,-87.19,M1->M2 x M3,167.09,313.87,314.3,91.7,201.7,946.8,387.3
800,0.50,7.0,142.90,115.62,252.10,-75.38,146.78,634.15,146.78,634.15,-52.70,-75.38,M1->M2 x M3,167.09,313.87,314.3,91.7,201.7,946.8,421.5
800,0.50,8.0,184.77,160.48,302.10,-63.52,146.78,637.23,146.78,637.23,-47.71,-63.52,M1->M2 x M3,167.09,313.87,314.3,91.7,201.7,946.8,455.9
800,0.50,9.0,226.58,205.30,352.01,-51.60,146.88,642.15,146.88,642.15,-41.79,-51.60,M1->M2 x M3,167.09,313.87,314.3,91.7,201.7,946.8,490.4
800,0.50,10.0,268.32,250.05,401.81,-39.62,147.22,648.91,147.22,648.91,-35.84,-39.62,M1->M2 x M3,167.09,313.87,314.3,91.7,201.7,946.8,525.1
800,0.50,11.0,309.98,294.73,451.49,-27.57,147.81,657.49,147.81,657.49,-29.85,-29.85,M3->FP x M2,167.09,313.87,314.3,91.7,201.7,946.8,560.1
800,0.50,12.0,351.54,339.31,501.03,-15.43,148.63,667.86,148.63,667.86,-23.83,-23.83,M3->FP x M2,167.09,313.87,314.3,91.7,201.7,946.8,595.3
800,0.50,13.0,393.00,383.80,550.42,-3.21,149.70,679.98,149.70,679.98,-17.76,-17.76,M3->FP x M2,167.09,313.87,314.3,91.7,201.7,946.8,630.7
800,0.50,14.0,434.34,428.16,599.64,8.36,151.01,693.82,151.01,693.82,-11.64,-11.64,M3->FP x M2,167.09,313.87,314.3,91.7,201.7,946.8,666.5
800,0.50,15.0,475.54,472.40,648.68,19.48,152.58,709.31,152.58,709.31,-5.46,-5.46,M3->FP x M2,167.09,313.87,314.3,91.7,201.7,946.8,702.5
800,0.50,16.0,516.60,516.49,697.52,30.36,154.38,726.42,154.38,726.42,0.74,0.74,M3->FP x M2,167.09,313.87,314.3,91.7,201.7,946.8,739.0
800,0.50,17.0,557.50,560.43,746.15,41.00,156.43,745.11,156.43,745.11,6.81,6.81,M3->FP x M2,167.09,313.87,314.3,91.7,201.7,946.8,775.7
800,0.50,18.0,598.24,604.19,794.55,51.37,158.73,765.31,158.73,765.31,12.94,12.94,M3->FP x M2,167.09,313.87,314.3,91.7,201.7,946.8,812.9
800,0.50,19.0,638.79,647.77,842.71,61.48,161.27,786.98,161.27,786.98,19.15,19.15,M3->FP x M2,167.09,313.87,314.3,91.7,201.7,946.8,850.5
800,0.50,20.0,679.14,691.15,890.61,71.30,164.06,810.10,164.06,810.10,25.43,25.43,M3->FP x M2,167.09,313.87,314.3,91.7,201.7,946.8,888.6
800,0.55,2.0,-57.47,-111.24,1.13,-111.19,164.90,615.94,164.90,615.94,-57.83,-111.24,in->M1 x M3,184.06,348.96,302.4,100.8,221.3,964.9,255.8
800,0.55,3.0,-37.41,-83.40,45.15,-111.46,164.90,615.94,164.90,615.94,-57.94,-111.46,M1->M2 x M3,184.06,348.96,302.4,100.8,221.3,964.9,287.1
800,0.55,4.0,2.07,-41.28,93.15,-111.36,164.90,615.94,164.90,615.94,-57.65,-111.36,M1->M2 x M3,184.06,348.96,302.4,100.8,221.3,964.9,318.4
800,0.55,5.0,41.51,0.94,141.12,-111.35,164.90,615.94,164.90,615.94,-57.81,-111.35,M1->M2 x M3,184.06,348.96,302.4,100.8,221.3,964.9,349.9
800,0.55,6.0,80.93,43.06,189.05,-102.80,164.90,615.94,164.90,615.94,-57.66,-102.80,M1->M2 x M3,184.06,348.96,302.4,100.8,221.3,964.9,381.4
800,0.55,7.0,120.32,85.17,236.91,-90.98,164.90,616.07,164.90,616.07,-57.54,-90.98,M1->M2 x M3,184.06,348.96,302.4,100.8,221.3,964.9,413.0
800,0.55,8.0,159.68,127.26,284.71,-79.10,164.90,617.53,164.90,617.53,-57.98,-79.10,M1->M2 x M3,184.06,348.96,302.4,100.8,221.3,964.9,444.8
800,0.55,9.0,198.99,169.31,332.42,-67.17,164.90,620.64,164.90,620.64,-52.06,-67.17,M1->M2 x M3,184.06,348.96,302.4,100.8,221.3,964.9,476.8
800,0.55,10.0,238.24,211.30,380.03,-55.17,165.04,625.39,165.04,625.39,-46.10,-55.17,M1->M2 x M3,184.06,348.96,302.4,100.8,221.3,964.9,508.9
800,0.55,11.0,277.42,253.23,427.52,-43.10,165.40,631.78,165.40,631.78,-40.11,-43.10,M1->M2 x M3,184.06,348.96,302.4,100.8,221.3,964.9,541.2
800,0.55,12.0,316.51,295.09,474.89,-30.94,165.97,639.79,165.97,639.79,-34.08,-34.08,M3->FP x M2,184.06,348.96,302.4,100.8,221.3,964.9,573.8
800,0.55,13.0,355.51,336.85,522.10,-18.70,166.76,649.41,166.76,649.41,-28.01,-28.01,M3->FP x M2,184.06,348.96,302.4,100.8,221.3,964.9,606.6
800,0.55,14.0,394.40,378.51,569.16,-6.36,167.78,660.60,167.78,660.60,-21.88,-21.88,M3->FP x M2,184.06,348.96,302.4,100.8,221.3,964.9,639.7
800,0.55,15.0,433.17,420.06,616.05,5.59,169.02,673.34,169.02,673.34,-15.70,-15.70,M3->FP x M2,184.06,348.96,302.4,100.8,221.3,964.9,673.0
800,0.55,16.0,471.80,461.48,662.75,16.91,170.48,687.60,170.48,687.60,-9.47,-9.47,M3->FP x M2,184.06,348.96,302.4,100.8,221.3,964.9,706.7
800,0.55,17.0,510.30,502.75,709.24,28.04,172.18,703.33,172.18,703.33,-3.17,-3.17,M3->FP x M2,184.06,348.96,302.4,100.8,221.3,964.9,740.7
800,0.55,18.0,548.63,543.88,755.52,38.95,174.10,720.50,174.10,720.50,3.08,3.08,M3->FP x M2,184.06,348.96,302.4,100.8,221.3,964.9,775.1
800,0.55,19.0,586.80,584.84,801.57,49.64,176.25,739.08,176.25,739.08,9.29,9.29,M3->FP x M2,184.06,348.96,302.4,100.8,221.3,964.9,809.9
800,0.55,20.0,624.80,625.62,847.38,60.11,178.64,759.04,178.64,759.04,15.57,15.57,M3->FP x M2,184.06,348.96,302.4,100.8,221.3,964.9,845.1
800,0.60,2.0,-63.09,-122.67,0.11,-122.72,183.24,598.93,183.24,598.93,-63.01,-122.72,M1->M2 x M3,201.07,384.31,292.5,110.0,240.9,983.2,261.1
800,0.60,3.0,-48.71,-101.56,40.04,-122.57,183.24,598.93,183.24,598.93,-62.86,-122.57,M1->M2 x M3,201.07,384.31,292.5,110.0,240.9,983.2,290.2
800,0.60,4.0,-11.35,-61.85,86.24,-122.61,183.24,598.93,183.24,598.93,-62.91,-122.61,M1->M2 x M3,201.07,384.31,292.5,110.0,240.9,983.2,319.5
800,0.60,5.0,26.01,-22.04,132.42,-122.73,183.24,598.93,183.24,598.93,-63.04,-122.73,M1->M2 x M3,201.07,384.31,292.5,110.0,240.9,983.2,348.8
800,0.60,6.0,63.33,17.79,178.56,-118.31,183.24,598.93,183.24,598.93,-63.06,-118.31,M1->M2 x M3,201.07,384.31,292.5,110.0,240.9,983.2,378.2
800,0.60,7.0,100.63,57.53,224.65,-106.47,183.24,598.93,183.24,598.93,-63.15,-106.47,M1->M2 x M3,201.07,384.31,292.5,110.0,240.9,983.2,407.7
800,0.60,8.0,137.91,97.26,270.66,-94.57,183.24,599.19,183.24,599.19,-63.22,-94.57,M1->M2 x M3,201.07,384.31,292.5,110.0,240.9,983.2,437.4
800,0.60,9.0,175.14,136.95,316.59,-82.62,183.24,600.81,183.24,600.81,-62.39,-82.62,M1->M2 x M3,201.07,384.31,292.5,110.0,240.9,983.2,467.2
800,0.60,10.0,212.31,176.61,362.43,-70.61,183.25,603.92,183.25,603.92,-56.43,-70.61,M1->M2 x M3,201.07,384.31,292.5,110.0,240.9,983.2,497.1
800,0.60,11.0,249.43,216.21,408.16,-58.52,183.42,608.52,183.42,608.52,-50.43,-58.52,M1->M2 x M3,201.07,384.31,292.5,110.0,240.9,983.2,527.3
800,0.60,12.0,286.47,255.74,453.76,-46.35,183.79,614.60,183.79,614.60,-44.40,-46.35,M1->M2 x M3,201.07,384.31,292.5,110.0,240.9,983.2,557.6
800,0.60,13.0,323.42,295.20,499.23,-34.09,184.36,622.16,184.36,622.16,-38.32,-38.32,M3->FP x M2,201.07,384.31,292.5,110.0,240.9,983.2,588.2
800,0.60,14.0,360.27,334.57,544.54,-21.73,185.12,631.18,185.12,631.18,-32.19,-32.19,M3->FP x M2,201.07,384.31,292.5,110.0,240.9,983.2,619.1
800,0.60,15.0,397.01,373.83,589.68,-9.27,186.10,641.65,186.10,641.65,-26.00,-26.00,M3->FP x M2,201.07,384.31,292.5,110.0,240.9,983.2,650.2
800,0.60,16.0,433.63,412.99,634.65,3.04,187.28,653.54,187.28,653.54,-19.76,-19.76,M3->FP x M2,201.07,384.31,292.5,110.0,240.9,983.2,681.6
800,0.60,17.0,470.12,452.01,679.42,14.56,188.67,666.82,188.67,666.82,-13.46,-13.46,M3->FP x M2,201.07,384.31,292.5,110.0,240.9,983.2,713.3
800,0.60,18.0,506.46,490.90,723.99,25.90,190.28,681.48,190.28,681.48,-7.09,-7.09,M3->FP x M2,201.07,384.31,292.5,110.0,240.9,983.2,745.4
800,0.60,19.0,542.65,529.64,768.33,37.07,192.10,697.48,192.10,697.48,-0.65,-0.65,M3->FP x M2,201.07,384.31,292.5,110.0,240.9,983.2,777.8
800,0.60,20.0,578.68,568.22,812.45,48.06,194.14,714.80,194.14,714.80,5.66,5.66,M3->FP x M2,201.07,384.31,292.5,110.0,240.9,983.2,810.6
800,0.65,2.0,-67.09,-133.48,0.27,-133.71,201.70,581.86,201.70,581.86,-68.11,-133.71,M1->M2 x M3,218.14,419.84,284.1,119.2,260.7,1001.7,267.1
800,0.65,3.0,-59.09,-118.84,35.86,-133.99,201.70,581.86,201.70,581.86,-68.27,-133.99,M1->M2 x M3,218.14,419.84,284.1,119.2,260.7,1001.7,294.5
800,0.65,4.0,-23.52,-81.21,80.60,-134.10,201.70,581.86,201.70,581.86,-68.50,-134.10,M1->M2 x M3,218.14,419.84,284.1,119.2,260.7,1001.7,321.9
800,0.65,5.0,12.08,-43.50,125.31,-133.87,201.70,581.86,201.70,581.86,-68.31,-133.87,M1->M2 x M3,218.14,419.84,284.1,119.2,260.7,1001.7,349.5
800,0.65,6.0,47.63,-5.68,169.99,-133.68,201.70,581.86,201.70,581.86,-68.05,-133.68,M1->M2 x M3,218.14,419.84,284.1,119.2,260.7,1001.7,377.1
800,0.65,7.0,83.17,32.05,214.61,-121.82,201.70,581.86,201.70,581.86,-68.23,-121.82,M1->M2 x M3,218.14,419.84,284.1,119.2,260.7,1001.7,404.8
800,0.65,8.0,118.68,69.74,259.17,-109.91,201.70,581.86,201.70,581.86,-68.50,-109.91,M1->M2 x M3,218.14,419.84,284.1,119.2,260.7,1001.7,432.6
800,0.65,9.0,154.15,107.41,303.66,-97.94,201.70,582.27,201.70,582.27,-68.16,-97.94,M1->M2 x M3,218.14,419.84,284.1,119.2,260.7,1001.7,460.6
800,0.65,10.0,189.58,145.04,348.04,-85.91,201.70,584.00,201.70,584.00,-66.78,-85.91,M1->M2 x M3,218.14,419.84,284.1,119.2,260.7,1001.7,488.7
800,0.65,11.0,224.94,182.63,392.33,-73.80,201.73,587.09,201.73,587.09,-60.78,-73.80,M1->M2 x M3,218.14,419.84,284.1,119.2,260.7,1001.7,517.0
800,0.65,12.0,260.25,220.17,436.49,-61.61,201.93,591.55,201.93,591.55,-54.74,-61.61,M1->M2 x M3,218.14,419.84,284.1,119.2,260.7,1001.7,545.5
800,0.65,13.0,295.47,257.64,480.52,-49.34,202.31,597.38,202.31,597.38,-48.66,-49.34,M1->M2 x M3,218.14,419.84,284.1,119.2,260.7,1001.7,574.2
800,0.65,14.0,330.60,295.03,524.40,-36.96,202.87,604.57,202.87,604.57,-42.52,-42.52,M3->FP x M2,218.14,419.84,284.1,119.2,260.7,1001.7,603.2
800,0.65,15.0,365.63,332.33,568.13,-24.48,203.62,613.12,203.62,613.12,-36.34,-36.34,M3->FP x M2,218.14,419.84,284.1,119.2,260.7,1001.7,632.4
800,0.65,16.0,400.55,369.53,611.68,-11.88,204.56,623.01,204.56,623.01,-30.09,-30.09,M3->FP x M2,218.14,419.84,284.1,119.2,260.7,1001.7,661.9
800,0.65,17.0,435.34,406.61,655.04,0.77,205.70,634.23,205.70,634.23,-23.79,-23.79,M3->FP x M2,218.14,419.84,284.1,119.2,260.7,1001.7,691.7
800,0.65,18.0,470.01,443.58,698.21,12.47,207.03,646.76,207.03,646.76,-17.41,-17.41,M3->FP x M2,218.14,419.84,284.1,119.2,260.7,1001.7,721.8
800,0.65,19.0,504.53,480.40,741.16,24.02,208.56,660.57,208.56,660.57,-10.97,-10.97,M3->FP x M2,218.14,419.84,284.1,119.2,260.7,1001.7,752.2
800,0.65,20.0,538.90,517.08,783.89,35.43,210.30,675.65,210.30,675.65,-4.44,-4.44,M3->FP x M2,218.14,419.84,284.1,119.2,260.7,1001.7,783.0
800,0.70,2.0,-73.40,-144.50,0.02,-145.45,220.17,564.75,220.17,564.75,-73.52,-145.45,M1->M2 x M3,235.25,455.42,276.9,128.3,280.5,1020.2,273.7
800,0.70,3.0,-68.74,-135.41,32.40,-145.46,220.17,564.75,220.17,564.75,-73.77,-145.46,M1->M2 x M3,235.25,455.42,276.9,128.3,280.5,1020.2,299.6
800,0.70,4.0,-34.71,-99.62,75.93,-145.45,220.17,564.75,220.17,564.75,-73.49,-145.45,M1->M2 x M3,235.25,455.42,276.9,128.3,280.5,1020.2,325.5
800,0.70,5.0,-0.60,-63.74,119.44,-145.37,220.17,564.75,220.17,564.75,-73.22,-145.37,M1->M2 x M3,235.25,455.42,276.9,128.3,280.5,1020.2,351.5
800,0.70,6.0,33.43,-27.76,162.91,-145.31,220.17,564.75,220.17,564.75,-73.32,-145.31,M1->M2 x M3,235.25,455.42,276.9,128.3,280.5,1020.2,377.5
800,0.70,7.0,67.45,8.29,206.33,-136.99,220.17,564.75,220.17,564.75,-73.55,-136.99,M1->M2 x M3,235.25,455.42,276.9,128.3,280.5,1020.2,403.7
800,0.70,8.0,101.45,44.20,249.69,-125.07,220.17,564.75,220.17,564.75,-73.76,-125.07,M1->M2 x M3,235.25,455.42,276.9,128.3,280.5,1020.2,430.0
800,0.70,9.0,135.42,80.09,292.97,-113.08,220.17,564.75,220.17,564.75,-73.65,-113.08,M1->M2 x M3,235.25,455.42,276.9,128.3,280.5,1020.2,456.4
800,0.70,10.0,169.34,115.96,336.17,-101.03,220.17,565.30,220.17,565.30,-73.50,-101.03,M1->M2 x M3,235.25,455.42,276.9,128.3,280.5,1020.2,482.9
800,0.70,11.0,203.22,151.79,379.26,-88.91,220.17,567.10,220.17,567.10,-71.14,-88.91,M1->M2 x M3,235.25,455.42,276.9,128.3,280.5,1020.2,509.7
800,0.70,12.0,237.03,187.58,422.23,-76.70,220.23,570.16,220.23,570.16,-65.09,-76.70,M1->M2 x M3,235.25,455.42,276.9,128.3,280.5,1020.2,536.6
800,0.70,13.0,270.78,223.30,465.08,-64.41,220.45,574.51,220.45,574.51,-59.00,-64.41,M1->M2 x M3,235.25,455.42,276.9,128.3,280.5,1020.2,563.7
800,0.70,14.0,304.44,258.96,507.78,-52.02,220.84,580.13,220.84,580.13,-52.87,-52.87,M3->FP x M2,235.25,455.42,276.9,128.3,280.5,1020.2,591.0
800,0.70,15.0,338.00,294.55,550.33,-39.52,221.40,587.03,221.40,587.03,-46.67,-46.67,M3->FP x M2,235.25,455.42,276.9,128.3,280.5,1020.2,618.6
800,0.70,16.0,371.47,330.04,592.71,-26.90,222.14,595.21,222.14,595.21,-40.43,-40.43,M3->FP x M2,235.25,455.42,276.9,128.3,280.5,1020.2,646.4
800,0.70,17.0,404.82,365.43,634.92,-14.16,223.06,604.65,223.06,604.65,-34.11,-34.11,M3->FP x M2,235.25,455.42,276.9,128.3,280.5,1020.2,674.6
800,0.70,18.0,438.04,400.71,676.92,-1.29,224.16,615.34,224.16,615.34,-27.74,-27.74,M3->FP x M2,235.25,455.42,276.9,128.3,280.5,1020.2,703.0
800,0.70,19.0,471.14,435.87,718.73,10.69,225.45,627.27,225.45,627.27,-21.29,-21.29,M3->FP x M2,235.25,455.42,276.9,128.3,280.5,1020.2,731.7
800,0.70,20.0,504.09,470.89,760.31,22.45,226.93,640.42,226.93,640.42,-14.76,-14.76,M3->FP x M2,235.25,455.42,276.9,128.3,280.5,1020.2,760.8
800,0.75,2.0,-78.35,-156.74,0.24,-156.67,238.56,547.59,238.56,547.59,-78.32,-156.74,in->M1 x M3,252.41,490.97,270.7,137.5,300.3,1038.6,280.7
800,0.75,3.0,-77.80,-151.39,29.53,-156.64,238.56,547.59,238.56,547.59,-79.04,-156.64,M1->M2 x M3,252.41,490.97,270.7,137.5,300.3,1038.6,305.3
800,0.75,4.0,-45.11,-117.22,72.05,-156.55,238.56,547.59,238.56,547.59,-78.96,-156.55,M1->M2 x M3,252.41,490.97,270.7,137.5,300.3,1038.6,329.9
800,0.75,5.0,-12.34,-82.98,114.55,-156.72,238.56,547.59,238.56,547.59,-78.85,-156.72,M1->M2 x M3,252.41,490.97,270.7,137.5,300.3,1038.6,354.5
800,0.75,6.0,20.42,-48.63,157.02,-156.49,238.56,547.59,238.56,547.59,-78.52,-156.49,M1->M2 x M3,252.41,490.97,270.7,137.5,300.3,1038.6,379.2
800,0.75,7.0,53.13,-14.16,199.44,-151.96,238.56,547.59,238.56,547.59,-78.80,-151.96,M1->M2 x M3,252.41,490.97,270.7,137.5,300.3,1038.6,404.1
800,0.75,8.0,85.82,20.27,241.80,-140.02,238.56,547.59,238.56,547.59,-78.62,-140.02,M1->M2 x M3,252.41,490.97,270.7,137.5,300.3,1038.6,429.0
800,0.75,9.0,118.49,54.58,284.08,-128.02,238.56,547.59,238.56,547.59,-78.82,-128.02,M1->M2 x M3,252.41,490.97,270.7,137.5,300.3,1038.6,454.1
800,0.75,10.0,151.12,88.88,326.28,-115.95,238.56,547.59,238.56,547.59,-79.05,-115.95,M1->M2 x M3,252.41,490.97,270.7,137.5,300.3,1038.6,479.3
800,0.75,11.0,183.70,123.16,368.37,-103.81,238.56,548.26,238.56,548.26,-78.47,-103.81,M1->M2 x M3,252.41,490.97,270.7,137.5,300.3,1038.6,504.6
800,0.75,12.0,216.23,157.39,410.36,-91.59,238.56,550.11,238.56,550.11,-75.42,-91.59,M1->M2 x M3,252.41,490.97,270.7,137.5,300.3,1038.6,530.2
800,0.75,13.0,248.69,191.58,452.22,-79.28,238.65,553.16,238.65,553.16,-69.33,-79.28,M1->M2 x M3,252.41,490.97,270.7,137.5,300.3,1038.6,555.9
800,0.75,14.0,281.08,225.71,493.94,-66.87,238.89,557.41,238.89,557.41,-63.18,-66.87,M1->M2 x M3,252.41,490.97,270.7,137.5,300.3,1038.6,581.8
800,0.75,15.0,313.38,259.77,535.52,-54.35,239.29,562.87,239.29,562.87,-56.99,-56.99,M3->FP x M2,252.41,490.97,270.7,137.5,300.3,1038.6,608.0
800,0.75,16.0,345.59,293.75,576.93,-41.72,239.86,569.54,239.86,569.54,-50.73,-50.73,M3->FP x M2,252.41,490.97,270.7,137.5,300.3,1038.6,634.4
800,0.75,17.0,377.69,327.64,618.16,-28.96,240.59,577.42,240.59,577.42,-44.42,-44.42,M3->FP x M2,252.41,490.97,270.7,137.5,300.3,1038.6,661.1
800,0.75,18.0,409.67,361.43,659.21,-16.06,241.49,586.50,241.49,586.50,-38.03,-38.03,M3->FP x M2,252.41,490.97,270.7,137.5,300.3,1038.6,688.0
800,0.75,19.0,441.53,395.11,700.05,-3.02,242.57,596.78,242.57,596.78,-31.58,-31.58,M3->FP x M2,252.41,490.97,270.7,137.5,300.3,1038.6,715.3
800,0.75,20.0,473.26,428.67,740.68,9.27,243.82,608.24,243.82,608.24,-25.05,-25.05,M3->FP x M2,252.41,490.97,270.7,137.5,300.3,1038.6,742.9
800,0.80,2.0,-83.16,-167.98,0.02,-167.83,256.75,530.38,256.75,530.38,-84.26,-167.98,in->M1 x M3,269.62,526.37,265.2,146.7,320.0,1056.8,294.2
800,0.80,3.0,-82.28,-166.85,27.12,-167.72,256.75,530.38,256.75,530.38,-83.98,-167.72,M1->M2 x M3,269.62,526.37,265.2,146.7,320.0,1056.8,311.5
800,0.80,4.0,-54.87,-134.14,68.80,-167.83,256.75,530.38,256.75,530.38,-83.56,-167.83,M1->M2 x M3,269.62,526.37,265.2,146.7,320.0,1056.8,334.9
800,0.80,5.0,-23.27,-101.36,110.46,-167.92,256.75,530.38,256.75,530.38,-84.10,-167.92,M1->M2 x M3,269.62,526.37,265.2,146.7,320.0,1056.8,358.4
800,0.80,6.0,8.38,-68.48,152.08,-167.97,256.75,530.38,256.75,530.38,-84.07,-167.97,M1->M2 x M3,269.62,526.37,265.2,146.7,320.0,1056.8,381.9
800,0.80,7.0,39.94,-35.48,193.66,-166.69,256.75,530.38,256.75,530.38,-83.51,-166.69,M1->M2 x M3,269.62,526.37,265.2,146.7,320.0,1056.8,405.6
800,0.80,8.0,71.49,-2.35,235.18,-154.73,256.75,530.38,256.75,530.38,-83.95,-154.73,M1->M2 x M3,269.62,526.37,265.2,146.7,320.0,1056.8,429.4
800,0.80,9.0,103.02,30.58,276.62,-142.71,256.75,530.38,256.75,530.38,-84.12,-142.71,M1->M2 x M3,269.62,526.37,265.2,146.7,320.0,1056.8,453.2
800,0.80,10.0,134.52,63.47,317.98,-130.62,256.75,530.38,256.75,530.38,-83.50,-130.62,M1->M2 x M3,269.62,526.37,265.2,146.7,320.0,1056.8,477.2
800,0.80,11.0,165.98,96.35,359.25,-118.47,256.75,530.41,256.75,530.41,-84.05,-118.47,M1->M2 x M3,269.62,526.37,265.2,146.7,320.0,1056.8,501.4
800,0.80,12.0,197.38,129.20,400.41,-106.23,256.75,531.17,256.75,531.17,-83.88,-106.23,M1->M2 x M3,269.62,526.37,265.2,146.7,320.0,1056.8,525.7
800,0.80,13.0,228.73,162.00,441.44,-93.90,256.76,533.06,256.76,533.06,-79.60,-93.90,M1->M2 x M3,269.62,526.37,265.2,146.7,320.0,1056.8,550.2
800,0.80,14.0,260.00,194.76,482.34,-81.47,256.88,536.09,256.88,536.09,-73.45,-81.47,M1->M2 x M3,269.62,526.37,265.2,146.7,320.0,1056.8,575.0
800,0.80,15.0,291.20,227.46,523.09,-68.94,257.14,540.27,257.14,540.27,-67.25,-68.94,M1->M2 x M3,269.62,526.37,265.2,146.7,320.0,1056.8,599.9
800,0.80,16.0,322.31,260.09,563.69,-56.29,257.56,545.60,257.56,545.60,-60.99,-60.99,M3->FP x M2,269.62,526.37,265.2,146.7,320.0,1056.8,625.1
800,0.80,17.0,353.32,292.64,604.11,-43.51,258.13,552.10,258.13,552.10,-54.67,-54.67,M3->FP x M2,269.62,526.37,265.2,146.7,320.0,1056.8,650.5
800,0.80,18.0,384.22,325.10,644.35,-30.60,258.86,559.75,258.86,559.75,-48.28,-48.28,M3->FP x M2,269.62,526.37,265.2,146.7,320.0,1056.8,676.2
800,0.80,19.0,415.00,357.47,684.39,-17.54,259.75,568.56,259.75,568.56,-41.82,-41.82,M3->FP x M2,269.62,526.37,265.2,146.7,320.0,1056.8,702.2
800,0.80,20.0,445.66,389.72,724.22,-4.32,260.81,578.52,260.81,578.52,-35.28,-35.28,M3->FP x M2,269.62,526.37,265.2,146.7,320.0,1056.8,728.5
800,0.85,2.0,-88.40,-179.31,0.12,-178.97,274.65,513.14,274.65,513.14,-89.40,-179.31,in->M1 x M3,286.86,561.52,260.4,155.8,339.6,1074.7,313.7
800,0.85,3.0,-89.20,-178.68,25.08,-179.24,274.65,513.14,274.65,513.14,-88.89,-179.24,M1->M2 x M3,286.86,561.52,260.4,155.8,339.6,1074.7,318.0
800,0.85,4.0,-64.10,-150.46,66.05,-179.23,274.65,513.14,274.65,513.14,-89.17,-179.23,M1->M2 x M3,286.86,561.52,260.4,155.8,339.6,1074.7,340.4
800,0.85,5.0,-33.53,-119.00,107.00,-179.20,274.65,513.14,274.65,513.14,-89.16,-179.20,M1->M2 x M3,286.86,561.52,260.4,155.8,339.6,1074.7,362.9
800,0.85,6.0,-2.87,-87.46,147.91,-179.00,274.65,513.14,274.65,513.14,-89.46,-179.00,M1->M2 x M3,286.86,561.52,260.4,155.8,339.6,1074.7,385.4
800,0.85,7.0,27.69,-55.79,188.78,-179.34,274.65,513.14,274.65,513.14,-89.50,-179.34,M1->M2 x M3,286.86,561.52,260.4,155.8,339.6,1074.7,408.0
800,0.85,8.0,58.24,-24.00,229.59,-169.16,274.65,513.14,274.65,513.14,-89.38,-169.16,M1->M2 x M3,286.86,561.52,260.4,155.8,339.6,1074.7,430.8
800,0.85,9.0,88.76,7.85,270.33,-157.13,274.65,513.14,274.65,513.14,-89.27,-157.13,M1->M2 x M3,286.86,561.52,260.4,155.8,339.6,1074.7,453.6
800,0.85,10.0,119.26,39.48,310.98,-145.03,274.65,513.14,274.65,513.14,-88.89,-145.03,M1->M2 x M3,286.86,561.52,260.4,155.8,339.6,1074.7,476.6
800,0.85,11.0,149.73,71.09,351.55,-132.85,274.65,513.14,274.65,513.14,-89.60,-132.85,M1->M2 x M3,286.86,561.52,260.4,155.8,339.6,1074.7,499.7
800,0.85,12.0,180.14,102.68,392.00,-120.60,274.65,513.18,274.65,513.18,-88.96,-120.60,M1->M2 x M3,286.86,561.52,260.4,155.8,339.6,1074.7,522.9
800,0.85,13.0,210.51,134.24,432.34,-108.25,274.65,514.03,274.65,514.03,-89.42,-108.25,M1->M2 x M3,286.86,561.52,260.4,155.8,339.6,1074.7,546.4
800,0.85,14.0,240.80,165.76,472.54,-95.81,274.67,515.95,274.67,515.95,-83.63,-95.81,M1->M2 x M3,286.86,561.52,260.4,155.8,339.6,1074.7,570.0
800,0.85,15.0,271.03,197.23,512.61,-83.25,274.82,518.98,274.82,518.98,-77.43,-83.25,M1->M2 x M3,286.86,561.52,260.4,155.8,339.6,1074.7,593.9
800,0.85,16.0,301.17,228.64,552.51,-70.59,275.11,523.10,275.11,523.10,-71.17,-71.17,M3->FP x M2,286.86,561.52,260.4,155.8,339.6,1074.7,617.9
800,0.85,17.0,331.22,259.98,592.25,-57.79,275.53,528.35,275.53,528.35,-64.84,-64.84,M3->FP x M2,286.86,561.52,260.4,155.8,339.6,1074.7,642.2
800,0.85,18.0,361.17,291.24,631.80,-44.86,276.11,534.71,276.11,534.71,-58.45,-58.45,M3->FP x M2,286.86,561.52,260.4,155.8,339.6,1074.7,666.8
800,0.85,19.0,391.01,322.41,671.17,-31.78,276.84,542.20,276.84,542.20,-51.98,-51.98,M3->FP x M2,286.86,561.52,260.4,155.8,339.6,1074.7,691.7
800,0.85,20.0,420.73,353.49,710.33,-18.55,277.73,550.81,277.73,550.81,-45.44,-45.44,M3->FP x M2,286.86,561.52,260.4,155.8,339.6,1074.7,716.8
800,0.90,2.0,-94.43,-190.18,0.32,-190.15,292.15,495.84,292.15,495.84,-94.51,-190.18,in->M1 x M3,304.16,596.31,256.1,165.0,358.9,1092.2,333.1
800,0.90,3.0,-93.60,-190.05,23.35,-190.35,292.15,495.84,292.15,495.84,-94.48,-190.35,M1->M2 x M3,304.16,596.31,256.1,165.0,358.9,1092.2,333.1
800,0.90,4.0,-72.89,-166.22,63.71,-190.46,292.15,495.84,292.15,495.84,-94.76,-190.46,M1->M2 x M3,304.16,596.31,256.1,165.0,358.9,1092.2,346.3
800,0.90,5.0,-43.24,-135.98,104.05,-190.32,292.15,495.84,292.15,495.84,-94.80,-190.32,M1->M2 x M3,304.16,596.31,256.1,165.0,358.9,1092.2,367.9
800,0.90,6.0,-13.50,-105.65,144.36,-190.23,292.15,495.84,292.15,495.84,-94.33,-190.23,M1->M2 x M3,304.16,596.31,256.1,165.0,358.9,1092.2,389.5
800,0.90,7.0,16.22,-75.21,184.63,-190.08,292.15,495.84,292.15,495.84,-94.45,-190.08,M1->M2 x M3,304.16,596.31,256.1,165.0,358.9,1092.2,411.2
800,0.90,8.0,45.88,-44.64,224.83,-183.28,292.15,495.84,292.15,495.84,-94.00,-183.28,M1->M2 x M3,304.16,596.31,256.1,165.0,358.9,1092.2,433.0
800,0.90,9.0,75.51,-13.93,264.97,-171.23,292.15,495.84,292.15,495.84,-94.74,-171.23,M1->M2 x M3,304.16,596.31,256.1,165.0,358.9,1092.2,454.9
800,0.90,10.0,105.13,16.70,305.03,-159.12,292.15,495.84,292.15,495.84,-93.79,-159.12,M1->M2 x M3,304.16,596.31,256.1,165.0,358.9,1092.2,476.9
800,0.90,11.0,134.71,47.16,345.00,-146.93,292.15,495.84,292.15,495.84,-94.85,-146.93,M1->M2 x M3,304.16,596.31,256.1,165.0,358.9,1092.2,499.1
800,0.90,12.0,164.25,77.61,384.86,-134.65,292.15,495.84,292.15,495.84,-93.80,-134.65,M1->M2 x M3,304.16,596.31,256.1,165.0,358.9,1092.2,521.4
800,0.90,13.0,193.74,108.04,424.60,-122.29,292.16,495.92,292.16,495.92,-94.86,-122.29,M1->M2 x M3,304.16,596.31,256.1,165.0,358.9,1092.2,543.9
800,0.90,14.0,223.17,138.43,464.22,-109.83,292.15,496.84,292.15,496.84,-93.71,-109.83,M1->M2 x M3,304.16,596.31,256.1,165.0,358.9,1092.2,566.6
800,0.90,15.0,252.53,168.78,503.69,-97.26,292.20,498.80,292.20,498.80,-87.50,-97.26,M1->M2 x M3,304.16,596.31,256.1,165.0,358.9,1092.2,589.5
800,0.90,16.0,281.82,199.07,543.01,-84.57,292.37,501.83,292.37,501.83,-81.23,-84.57,M1->M2 x M3,304.16,596.31,256.1,165.0,358.9,1092.2,612.6
800,0.90,17.0,311.02,229.31,582.16,-71.76,292.67,505.93,292.67,505.93,-74.90,-74.90,M3->FP x M2,304.16,596.31,256.1,165.0,358.9,1092.2,635.9
800,0.90,18.0,340.13,259.48,621.14,-58.81,293.12,511.12,293.12,511.12,-68.51,-68.51,M3->FP x M2,304.16,596.31,256.1,165.0,358.9,1092.2,659.5
800,0.90,19.0,369.13,289.56,659.93,-45.72,293.71,517.40,293.71,517.40,-62.04,-62.04,M3->FP x M2,304.16,596.31,256.1,165.0,358.9,1092.2,683.3
800,0.90,20.0,398.02,319.56,698.51,-32.47,294.44,524.78,294.44,524.78,-55.49,-55.49,M3->FP x M2,304.16,596.31,256.1,165.0,358.9,1092.2,707.5
850,0.30,2.0,-4.32,-22.50,40.52,-56.89,79.71,750.28,79.71,750.28,-31.37,-56.89,M1->M2 x M3,99.72,179.43,415.3,55.0,126.9,929.7,260.4
850,0.30,3.0,60.00,45.91,111.96,-57.14,79.71,750.29,79.71,750.29,-31.50,-57.14,M1->M2 x M3,99.72,179.43,415.3,55.0,126.9,929.7,315.7
850,0.30,4.0,124.30,114.29,183.37,-47.61,79.71,752.50,79.71,752.50,-31.49,-47.61,M1->M2 x M3,99.72,179.43,415.3,55.0,126.9,929.7,371.2
850,0.30,5.0,188.57,182.64,254.72,-35.94,79.71,758.80,79.71,758.80,-25.68,-35.94,M1->M2 x M3,99.72,179.43,415.3,55.0,126.9,929.7,426.8
850,0.30,6.0,252.77,250.93,325.99,-24.23,79.96,769.10,79.96,769.10,-19.85,-24.23,M1->M2 x M3,99.72,179.43,415.3,55.0,126.9,929.7,482.6
850,0.30,7.0,316.90,319.14,397.17,-12.49,80.63,783.30,80.63,783.30,-14.00,-14.00,M3->FP x M2,99.72,179.43,415.3,55.0,126.9,929.7,538.6
850,0.30,8.0,380.93,387.26,468.22,-0.69,81.72,801.25,81.72,801.25,-8.12,-8.12,M3->FP x M2,99.72,179.43,415.3,55.0,126.9,929.7,594.9
850,0.30,9.0,444.85,455.26,539.13,10.21,83.21,822.76,83.21,822.76,-2.22,-2.22,M3->FP x M2,99.72,179.43,415.3,55.0,126.9,929.7,651.4
850,0.30,10.0,508.63,523.12,609.88,20.62,85.10,847.63,85.10,847.63,3.58,3.58,M3->FP x M2,99.72,179.43,415.3,55.0,126.9,929.7,708.3
850,0.30,11.0,572.26,590.82,680.44,30.56,87.36,875.66,87.36,875.66,9.34,9.34,M3->FP x M2,99.72,179.43,415.3,55.0,126.9,929.7,765.5
850,0.30,12.0,635.71,658.34,750.79,40.00,89.98,906.63,89.98,906.63,15.14,15.14,M3->FP x M2,99.72,179.43,415.3,55.0,126.9,929.7,823.1
850,0.30,13.0,698.97,725.67,820.92,48.93,92.93,940.36,92.93,940.36,20.98,20.98,M3->FP x M2,99.72,179.43,415.3,55.0,126.9,929.7,881.1
850,0.30,14.0,762.01,792.77,890.79,57.35,96.20,976.66,96.20,976.66,26.86,26.86,M3->FP x M2,99.72,179.43,415.3,55.0,126.9,929.7,939.6
850,0.30,15.0,824.83,859.62,960.40,65.26,99.77,1015.35,99.77,1015.35,32.80,32.80,M3->FP x M2,99.72,179.43,415.3,55.0,126.9,929.7,998.7
850,0.30,16.0,887.39,926.22,1029.71,72.69,103.61,1056.30,103.61,1056.30,38.80,38.80,M3->FP x M2,99.72,179.43,415.3,55.0,126.9,929.7,1058.2
850,0.30,17.0,949.68,992.53,1098.71,79.65,107.71,1099.37,107.49,1099.37,44.85,44.85,M3->FP x M2,99.72,179.43,415.3,55.0,126.9,929.7,1118.4
850,0.30,18.0,1011.68,1058.55,1167.37,86.17,112.06,1144.45,111.12,1144.45,50.97,50.97,M3->FP x M2,99.72,179.43,415.3,55.0,126.9,929.7,1179.3
850,0.30,19.0,1073.38,1124.24,1235.68,92.26,116.65,1189.35,114.50,1191.44,57.16,57.16,M3->FP x M2,99.72,179.43,415.3,55.0,126.9,929.7,1240.8
850,0.30,20.0,1134.74,1189.58,1303.61,97.95,121.45,1230.65,117.67,1240.27,63.43,63.43,M3->FP x M2,99.72,179.43,415.3,55.0,126.9,929.7,1303.1
850,0.35,2.0,-22.67,-46.64,27.97,-67.83,95.94,733.51,95.94,733.51,-36.86,-67.83,M1->M2 x M3,116.49,212.43,382.1,64.2,145.3,945.9,254.3
850,0.35,3.0,34.61,14.44,92.64,-67.66,95.94,733.51,95.94,733.51,-36.86,-67.66,M1->M2 x M3,116.49,212.43,382.1,64.2,145.3,945.9,302.6
850,0.35,4.0,91.87,75.50,157.28,-63.31,95.94,733.82,95.94,733.82,-36.84,-63.31,M1->M2 x M3,116.49,212.43,382.1,64.2,145.3,945.9,351.0
850,0.35,5.0,149.09,136.53,221.87,-51.63,95.94,736.83,95.94,736.83,-35.44,-51.63,M1->M2 x M3,116.49,212.43,382.1,64.2,145.3,945.9,399.6
850,0.35,6.0,206.27,197.52,286.39,-39.91,95.96,743.02,95.96,743.02,-29.60,-39.91,M1->M2 x M3,116.49,212.43,382.1,64.2,145.3,945.9,448.2
850,0.35,7.0,263.39,258.45,350.83,-28.14,96.24,752.34,96.24,752.34,-23.75,-28.14,M1->M2 x M3,116.49,212.43,382.1,64.2,145.3,945.9,497.1
850,0.35,8.0,320.43,319.30,415.15,-16.33,96.87,764.73,96.87,764.73,-17.87,-17.87,M3->FP x M2,116.49,212.43,382.1,64.2,145.3,945.9,546.1
850,0.35,9.0,377.37,380.06,479.36,-4.46,97.86,780.09,97.86,780.09,-11.96,-11.96,M3->FP x M2,116.49,212.43,382.1,64.2,145.3,945.9,595.5
850,0.35,10.0,434.20,440.70,543.41,6.87,99.20,798.30,99.20,798.30,-6.03,-6.03,M3->FP x M2,116.49,212.43,382.1,64.2,145.3,945.9,645.0
850,0.35,11.0,490.89,501.20,607.30,17.57,100.87,819.23,100.87,819.23,-0.05,-0.05,M3->FP x M2,116.49,212.43,382.1,64.2,145.3,945.9,694.9
850,0.35,12.0,547.43,561.55,671.01,27.89,102.88,842.76,102.88,842.76,5.75,5.75,M3->FP x M2,116.49,212.43,382.1,64.2,145.3,945.9,745.2
850,0.35,13.0,603.81,621.74,734.51,37.81,105.21,868.74,105.21,868.74,11.59,11.59,M3->FP x M2,116.49,212.43,382.1,64.2,145.3,945.9,795.8
850,0.35,14.0,660.00,681.73,797.79,47.30,107.86,897.05,107.86,897.05,17.48,17.48,M3->FP x M2,116.49,212.43,382.1,64.2,145.3,945.9,846.9
850,0.35,15.0,715.99,741.51,860.82,56.36,110.79,927.56,110.79,927.56,23.43,23.43,M3->FP x M2,116.49,212.43,382.1,64.2,145.3,945.9,898.3
850,0.35,16.0,771.77,801.07,923.59,64.98,114.02,960.16,114.02,960.16,29.42,29.42,M3->FP x M2,116.49,212.43,382.1,64.2,145.3,945.9,950.3
850,0.35,17.0,827.31,860.38,986.08,73.18,117.52,994.74,117.52,994.74,35.48,35.48,M3->FP x M2,116.49,212.43,382.1,64.2,145.3,945.9,1002.8
850,0.35,18.0,882.59,919.43,1048.28,80.96,121.28,1031.21,121.28,1031.21,41.61,41.61,M3->FP x M2,116.49,212.43,382.1,64.2,145.3,945.9,1055.9
850,0.35,19.0,937.61,978.21,1110.15,88.33,125.29,1069.50,125.28,1069.50,47.80,47.80,M3->FP x M2,116.49,212.43,382.1,64.2,145.3,945.9,1109.6
850,0.35,20.0,992.34,1036.68,1171.68,95.30,129.55,1109.52,129.20,1109.52,54.07,54.07,M3->FP x M2,116.49,212.43,382.1,64.2,145.3,945.9,1163.9
850,0.40,2.0,-37.74,-67.72,18.72,-78.49,112.76,716.69,112.76,716.69,-42.08,-78.49,M1->M2 x M3,133.31,246.07,357.3,73.3,164.0,962.8,252.3
850,0.40,3.0,14.25,-12.21,78.38,-78.52,112.76,716.69,112.76,716.69,-42.02,-78.52,M1->M2 x M3,133.31,246.07,357.3,73.3,164.0,962.8,295.3
850,0.40,4.0,66.22,43.29,138.02,-78.17,112.76,716.69,112.76,716.69,-41.86,-78.17,M1->M2 x M3,133.31,246.07,357.3,73.3,164.0,962.8,338.4
850,0.40,5.0,118.17,98.77,197.62,-67.34,112.76,717.53,112.76,717.53,-42.11,-67.34,M1->M2 x M3,133.31,246.07,357.3,73.3,164.0,962.8,381.6
850,0.40,6.0,170.09,154.22,257.16,-55.60,112.76,720.93,112.76,720.93,-39.52,-55.60,M1->M2 x M3,133.31,246.07,357.3,73.3,164.0,962.8,424.9
850,0.40,7.0,221.95,209.62,316.63,-43.83,112.80,726.92,112.80,726.92,-33.67,-43.83,M1->M2 x M3,133.31,246.07,357.3,73.3,164.0,962.8,468.4
850,0.40,8.0,273.75,264.96,375.99,-32.00,113.10,735.47,113.10,735.47,-27.78,-32.00,M1->M2 x M3,133.31,246.07,357.3,73.3,164.0,962.8,512.1
850,0.40,9.0,325.46,320.22,435.24,-20.11,113.72,746.54,113.72,746.54,-21.87,-21.87,M3->FP x M2,133.31,246.07,357.3,73.3,164.0,962.8,556.0
850,0.40,10.0,377.07,375.38,494.36,-8.16,114.63,760.05,114.63,760.05,-15.93,-15.93,M3->FP x M2,133.31,246.07,357.3,73.3,164.0,962.8,600.1
850,0.40,11.0,428.57,430.42,553.33,3.56,115.85,775.94,115.85,775.94,-9.95,-9.95,M3->FP x M2,133.31,246.07,357.3,73.3,164.0,962.8,644.5
850,0.40,12.0,479.94,485.34,612.12,14.50,117.37,794.12,117.37,794.12,-3.93,-3.93,M3->FP x M2,133.31,246.07,357.3,73.3,164.0,962.8,689.3
850,0.40,13.0,531.16,540.10,670.74,25.12,119.19,814.50,119.19,814.50,2.06,2.06,M3->FP x M2,133.31,246.07,357.3,73.3,164.0,962.8,734.3
850,0.40,14.0,582.22,594.70,729.14,35.41,121.29,836.98,121.29,836.98,7.95,7.95,M3->FP x M2,133.31,246.07,357.3,73.3,164.0,962.8,779.8
850,0.40,15.0,633.10,649.12,787.33,45.34,123.69,861.48,123.69,861.48,13.89,13.89,M3->FP x M2,133.31,246.07,357.3,73.3,164.0,962.8,825.6
850,0.40,16.0,683.79,703.35,845.28,54.91,126.36,887.92,126.36,887.92,19.90,19.90,M3->FP x M2,133.31,246.07,357.3,73.3,164.0,962.8,871.9
850,0.40,17.0,734.27,757.36,902.96,64.11,129.30,916.20,129.30,916.20,25.96,25.96,M3->FP x M2,133.31,246.07,357.3,73.3,164.0,962.8,918.6
850,0.40,18.0,784.52,811.13,960.38,72.94,132.51,946.25,132.51,946.25,32.09,32.09,M3->FP x M2,133.31,246.07,357.3,73.3,164.0,962.8,965.9
850,0.40,19.0,834.54,864.67,1017.50,81.39,135.98,978.02,135.98,978.02,38.28,38.28,M3->FP x M2,133.31,246.07,357.3,73.3,164.0,962.8,1013.7
850,0.40,20.0,884.31,917.93,1074.31,89.48,139.70,1011.43,139.70,1011.43,44.56,44.56,M3->FP x M2,133.31,246.07,357.3,73.3,164.0,962.8,1062.1
850,0.45,2.0,-46.06,-86.80,11.65,-89.50,130.07,699.82,130.07,699.82,-47.31,-89.50,M1->M2 x M3,150.18,280.25,338.0,82.5,183.0,980.1,253.0
850,0.45,3.0,-2.75,-35.70,67.50,-89.40,130.07,699.82,130.07,699.82,-47.25,-89.40,M1->M2 x M3,150.18,280.25,338.0,82.5,183.0,980.1,291.8
850,0.45,4.0,45.11,15.44,123.33,-89.43,130.07,699.82,130.07,699.82,-47.15,-89.43,M1->M2 x M3,150.18,280.25,338.0,82.5,183.0,980.1,330.8
850,0.45,5.0,92.96,66.54,179.13,-83.05,130.07,699.84,130.07,699.84,-47.32,-83.05,M1->M2 x M3,150.18,280.25,338.0,82.5,183.0,980.1,369.8
850,0.45,6.0,140.78,117.62,234.86,-71.30,130.07,701.23,130.07,701.23,-47.10,-71.30,M1->M2 x M3,150.18,280.25,338.0,82.5,183.0,980.1,409.0
850,0.45,7.0,188.56,168.66,290.53,-59.50,130.07,704.81,130.07,704.81,-43.72,-59.50,M1->M2 x M3,150.18,280.25,338.0,82.5,183.0,980.1,448.3
850,0.45,8.0,236.28,219.65,346.11,-47.66,130.14,710.58,130.14,710.58,-37.83,-47.66,M1->M2 x M3,150.18,280.25,338.0,82.5,183.0,980.1,487.8
850,0.45,9.0,283.92,270.58,401.58,-35.76,130.47,718.51,130.47,718.51,-31.92,-35.76,M1->M2 x M3,150.18,280.25,338.0,82.5,183.0,980.1,527.5
850,0.45,10.0,331.49,321.42,456.93,-23.79,131.06,728.57,131.06,728.57,-25.97,-25.97,M3->FP x M2,150.18,280.25,338.0,82.5,183.0,980.1,567.4
850,0.45,11.0,378.95,372.16,512.14,-11.75,131.92,740.72,131.92,740.72,-19.99,-19.99,M3->FP x M2,150.18,280.25,338.0,82.5,183.0,980.1,607.6
850,0.45,12.0,426.29,422.79,567.19,0.34,133.05,754.91,133.05,754.91,-13.96,-13.96,M3->FP x M2,150.18,280.25,338.0,82.5,183.0,980.1,648.0
850,0.45,13.0,473.51,473.30,622.08,11.48,134.45,771.07,134.45,771.07,-7.90,-7.90,M3->FP x M2,150.18,280.25,338.0,82.5,183.0,980.1,688.8
850,0.45,14.0,520.58,523.65,676.77,22.36,136.12,789.16,136.12,789.16,-1.78,-1.78,M3->FP x M2,150.18,280.25,338.0,82.5,183.0,980.1,729.9
850,0.45,15.0,567.49,573.85,731.25,32.95,138.05,809.09,138.05,809.09,4.23,4.23,M3->FP x M2,150.18,280.25,338.0,82.5,183.0,980.1,771.3
850,0.45,16.0,614.23,623.87,785.52,43.25,140.25,830.81,140.25,830.81,10.24,10.24,M3->FP x M2,150.18,280.25,338.0,82.5,183.0,980.1,813.1
850,0.45,17.0,660.78,673.71,839.54,53.25,142.70,854.25,142.70,854.25,16.30,16.30,M3->FP x M2,150.18,280.25,338.0,82.5,183.0,980.1,855.4
850,0.45,18.0,707.13,723.34,893.31,62.92,145.42,879.37,145.42,879.37,22.44,22.44,M3->FP x M2,150.18,280.25,338.0,82.5,183.0,980.1,898.1
850,0.45,19.0,753.27,772.74,946.81,72.27,148.39,906.09,148.39,906.09,28.64,28.64,M3->FP x M2,150.18,280.25,338.0,82.5,183.0,980.1,941.3
850,0.45,20.0,799.17,821.92,1000.02,81.30,151.61,934.38,151.61,934.38,34.91,34.91,M3->FP x M2,150.18,280.25,338.0,82.5,183.0,980.1,985.1
850,0.50,2.0,-52.57,-99.91,6.13,-100.24,147.78,682.90,147.78,682.90,-52.56,-100.24,M1->M2 x M3,167.10,314.88,322.5,91.7,202.3,997.8,255.5
850,0.50,3.0,-17.43,-56.99,58.99,-100.33,147.78,682.90,147.78,682.90,-52.60,-100.33,M1->M2 x M3,167.10,314.88,322.5,91.7,202.3,997.8,291.1
850,0.50,4.0,27.17,-9.40,111.84,-100.47,147.78,682.90,147.78,682.90,-52.47,-100.47,M1->M2 x M3,167.10,314.88,322.5,91.7,202.3,997.8,326.7
850,0.50,5.0,71.74,38.16,164.65,-98.72,147.78,682.90,147.78,682.90,-52.40,-98.72,M1->M2 x M3,167.10,314.88,322.5,91.7,202.3,997.8,362.5
850,0.50,6.0,116.28,85.69,217.42,-86.95,147.78,683.08,147.78,683.08,-52.71,-86.95,M1->M2 x M3,167.10,314.88,322.5,91.7,202.3,997.8,398.3
850,0.50,7.0,160.80,133.19,270.11,-75.14,147.78,684.84,147.78,684.84,-52.42,-75.14,M1->M2 x M3,167.10,314.88,322.5,91.7,202.3,997.8,434.3
850,0.50,8.0,205.26,180.65,322.73,-63.28,147.78,688.49,147.78,688.49,-47.99,-63.28,M1->M2 x M3,167.10,314.88,322.5,91.7,202.3,997.8,470.5
850,0.50,9.0,249.66,228.06,375.24,-51.36,147.89,694.04,147.89,694.04,-42.07,-51.36,M1->M2 x M3,167.10,314.88,322.5,91.7,202.3,997.8,506.8
850,0.50,10.0,293.98,275.39,427.65,-39.38,148.23,701.46,148.23,701.46,-36.12,-39.38,M1->M2 x M3,167.10,314.88,322.5,91.7,202.3,997.8,543.3
850,0.50,11.0,338.21,322.65,479.92,-27.32,148.80,710.75,148.80,710.75,-30.13,-30.13,M3->FP x M2,167.10,314.88,322.5,91.7,202.3,997.8,580.1
850,0.50,12.0,382.34,369.80,532.04,-15.19,149.62,721.86,149.62,721.86,-24.10,-24.10,M3->FP x M2,167.10,314.88,322.5,91.7,202.3,997.8,617.1
850,0.50,13.0,426.36,416.84,584.01,-2.96,150.69,734.76,150.69,734.76,-18.03,-18.03,M3->FP x M2,167.10,314.88,322.5,91.7,202.3,997.8,654.4
850,0.50,14.0,470.24,463.76,635.79,8.57,151.99,749.41,151.99,749.41,-11.91,-11.91,M3->FP x M2,167.10,314.88,322.5,91.7,202.3,997.8,692.0
850,0.50,15.0,513.99,510.53,687.38,19.67,153.54,765.77,153.54,765.77,-5.74,-5.74,M3->FP x M2,167.10,314.88,322.5,91.7,202.3,997.8,729.9
850,0.50,16.0,557.57,557.15,738.77,30.54,155.34,783.78,155.34,783.78,0.47,0.47,M3->FP x M2,167.10,314.88,322.5,91.7,202.3,997.8,768.2
850,0.50,17.0,600.98,603.60,789.92,41.16,157.38,803.41,157.38,803.41,6.54,6.54,M3->FP x M2,167.10,314.88,322.5,91.7,202.3,997.8,806.9
850,0.50,18.0,644.22,649.86,840.84,51.51,159.66,824.60,159.66,824.60,12.68,12.68,M3->FP x M2,167.10,314.88,322.5,91.7,202.3,997.8,846.0
850,0.50,19.0,687.25,695.93,891.50,61.59,162.19,847.32,162.19,847.32,18.88,18.88,M3->FP x M2,167.10,314.88,322.5,91.7,202.3,997.8,885.5
850,0.50,20.0,730.08,741.78,941.89,71.40,164.96,871.52,164.96,871.52,25.16,25.16,M3->FP x M2,167.10,314.88,322.5,91.7,202.3,997.8,925.6
850,0.55,2.0,-57.44,-111.50,1.72,-111.39,165.79,665.93,165.79,665.93,-57.89,-111.50,in->M1 x M3,184.07,349.86,309.9,100.8,221.8,1015.8,259.4
850,0.55,3.0,-30.39,-76.68,52.20,-111.41,165.79,665.93,165.79,665.93,-57.84,-111.41,M1->M2 x M3,184.07,349.86,309.9,100.8,221.8,1015.8,292.3
850,0.55,4.0,11.53,-32.09,102.67,-111.56,165.79,665.93,165.79,665.93,-57.78,-111.56,M1->M2 x M3,184.07,349.86,309.9,100.8,221.8,1015.8,325.3
850,0.55,5.0,53.42,12.56,153.11,-111.67,165.79,665.93,165.79,665.93,-57.97,-111.67,M1->M2 x M3,184.07,349.86,309.9,100.8,221.8,1015.8,358.3
850,0.55,6.0,95.29,57.14,203.50,-102.53,165.79,665.93,165.79,665.93,-57.60,-102.53,M1->M2 x M3,184.07,349.86,309.9,100.8,221.8,1015.8,391.4
850,0.55,7.0,137.13,101.69,253.83,-90.70,165.79,666.34,165.79,666.34,-57.75,-90.70,M1->M2 x M3,184.07,349.86,309.9,100.8,221.8,1015.8,424.7
850,0.55,8.0,178.93,146.22,304.08,-78.83,165.79,668.34,165.79,668.34,-57.73,-78.83,M1->M2 x M3,184.07,349.86,309.9,100.8,221.8,1015.8,458.1
850,0.55,9.0,220.67,190.70,354.24,-66.89,165.80,672.01,165.80,672.01,-52.31,-66.89,M1->M2 x M3,184.07,349.86,309.9,100.8,221.8,1015.8,491.7
850,0.55,10.0,262.35,235.12,404.29,-54.90,165.94,677.35,165.94,677.35,-46.35,-54.90,M1->M2 x M3,184.07,349.86,309.9,100.8,221.8,1015.8,525.4
850,0.55,11.0,303.95,279.47,454.22,-42.82,166.29,684.36,166.29,684.36,-40.36,-42.82,M1->M2 x M3,184.07,349.86,309.9,100.8,221.8,1015.8,559.4
850,0.55,12.0,345.45,323.74,504.01,-30.67,166.86,693.03,166.86,693.03,-34.33,-34.33,M3->FP x M2,184.07,349.86,309.9,100.8,221.8,1015.8,593.6
850,0.55,13.0,386.85,367.91,553.64,-18.43,167.65,703.33,167.65,703.33,-28.25,-28.25,M3->FP x M2,184.07,349.86,309.9,100.8,221.8,1015.8,628.1
850,0.55,14.0,428.13,411.96,603.11,-6.09,168.66,715.23,168.66,715.23,-22.13,-22.13,M3->FP x M2,184.07,349.86,309.9,100.8,221.8,1015.8,662.8
850,0.55,15.0,469.28,455.89,652.39,5.83,169.89,728.72,169.89,728.72,-15.95,-15.95,M3->FP x M2,184.07,349.86,309.9,100.8,221.8,1015.8,697.9
850,0.55,16.0,510.29,499.68,701.48,17.14,171.35,743.75,171.35,743.75,-9.71,-9.71,M3->FP x M2,184.07,349.86,309.9,100.8,221.8,1015.8,733.3
850,0.55,17.0,551.14,543.32,750.35,28.25,173.03,760.29,173.03,760.29,-3.42,-3.42,M3->FP x M2,184.07,349.86,309.9,100.8,221.8,1015.8,769.0
850,0.55,18.0,591.83,586.80,798.99,39.15,174.95,778.30,174.95,778.30,2.84,2.84,M3->FP x M2,184.07,349.86,309.9,100.8,221.8,1015.8,805.2
850,0.55,19.0,632.33,630.09,847.39,49.82,177.09,797.77,177.09,797.77,9.05,9.05,M3->FP x M2,184.07,349.86,309.9,100.8,221.8,1015.8,841.7
850,0.55,20.0,672.64,673.19,895.53,60.26,179.47,818.64,179.47,818.64,15.34,15.34,M3->FP x M2,184.07,349.86,309.9,100.8,221.8,1015.8,878.7
850,0.60,2.0,-63.13,-122.64,0.12,-122.77,184.01,648.92,184.01,648.92,-62.95,-122.77,M1->M2 x M3,201.08,385.09,299.3,110.0,241.4,1034.0,264.4
850,0.60,3.0,-42.08,-95.17,46.71,-122.91,184.01,648.92,184.01,648.92,-62.84,-122.91,M1->M2 x M3,201.08,385.09,299.3,110.0,241.4,1034.0,295.0
850,0.60,4.0,-2.38,-53.12,95.25,-123.01,184.01,648.92,184.01,648.92,-63.00,-123.01,M1->M2 x M3,201.08,385.09,299.3,110.0,241.4,1034.0,325.7
850,0.60,5.0,37.28,-10.98,143.76,-122.94,184.01,648.92,184.01,648.92,-63.15,-122.94,M1->M2 x M3,201.08,385.09,299.3,110.0,241.4,1034.0,356.5
850,0.60,6.0,76.92,31.13,192.23,-118.02,184.01,648.92,184.01,648.92,-63.21,-118.02,M1->M2 x M3,201.08,385.09,299.3,110.0,241.4,1034.0,387.4
850,0.60,7.0,116.54,73.18,240.64,-106.17,184.01,648.92,184.01,648.92,-63.18,-106.17,M1->M2 x M3,201.08,385.09,299.3,110.0,241.4,1034.0,418.4
850,0.60,8.0,156.12,115.22,288.98,-94.28,184.01,649.57,184.01,649.57,-63.08,-94.28,M1->M2 x M3,201.08,385.09,299.3,110.0,241.4,1034.0,449.5
850,0.60,9.0,195.65,157.22,337.23,-82.33,184.01,651.72,184.01,651.72,-62.60,-82.33,M1->M2 x M3,201.08,385.09,299.3,110.0,241.4,1034.0,480.8
850,0.60,10.0,235.12,199.17,385.37,-70.31,184.03,655.38,184.03,655.38,-56.64,-70.31,M1->M2 x M3,201.08,385.09,299.3,110.0,241.4,1034.0,512.3
850,0.60,11.0,274.53,241.06,433.40,-58.22,184.20,660.54,184.20,660.54,-50.64,-58.22,M1->M2 x M3,201.08,385.09,299.3,110.0,241.4,1034.0,543.9
850,0.60,12.0,313.85,282.88,481.30,-46.05,184.56,667.22,184.56,667.22,-44.61,-46.05,M1->M2 x M3,201.08,385.09,299.3,110.0,241.4,1034.0,575.8
850,0.60,13.0,353.07,324.61,529.05,-33.79,185.13,675.39,185.13,675.39,-38.53,-38.53,M3->FP x M2,201.08,385.09,299.3,110.0,241.4,1034.0,607.9
850,0.60,14.0,392.18,366.25,576.64,-21.44,185.89,685.04,185.89,685.04,-32.40,-32.40,M3->FP x M2,201.08,385.09,299.3,110.0,241.4,1034.0,640.3
850,0.60,15.0,431.18,407.77,624.05,-8.97,186.86,696.17,186.86,696.17,-26.22,-26.22,M3->FP x M2,201.08,385.09,299.3,110.0,241.4,1034.0,672.9
850,0.60,16.0,470.04,449.16,671.28,3.32,188.04,708.74,188.04,708.74,-19.98,-19.98,M3->FP x M2,201.08,385.09,299.3,110.0,241.4,1034.0,705.9
850,0.60,17.0,508.77,490.42,718.30,14.81,189.42,722.73,189.42,722.73,-13.67,-13.67,M3->FP x M2,201.08,385.09,299.3,110.0,241.4,1034.0,739.2
850,0.60,18.0,547.33,531.54,765.10,26.14,191.02,738.12,191.02,738.12,-7.31,-7.31,M3->FP x M2,201.08,385.09,299.3,110.0,241.4,1034.0,772.9
850,0.60,19.0,585.73,572.48,811.66,37.30,192.84,754.88,192.84,754.88,-0.86,-0.86,M3->FP x M2,201.08,385.09,299.3,110.0,241.4,1034.0,807.0
850,0.60,20.0,623.95,613.26,857.98,48.26,194.87,772.99,194.87,772.99,5.45,5.45,M3->FP x M2,201.08,385.09,299.3,110.0,241.4,1034.0,841.4
850,0.65,2.0,-67.58,-134.17,0.20,-134.02,202.34,631.86,202.34,631.86,-68.14,-134.17,in->M1 x M3,218.14,420.48,290.4,119.2,261.1,1052.3,270.2
850,0.65,3.0,-52.77,-112.72,42.20,-133.96,202.34,631.86,202.34,631.86,-68.22,-133.96,M1->M2 x M3,218.14,420.48,290.4,119.2,261.1,1052.3,298.9
850,0.65,4.0,-14.98,-72.88,89.16,-133.97,202.34,631.86,202.34,631.86,-68.43,-133.97,M1->M2 x M3,218.14,420.48,290.4,119.2,261.1,1052.3,327.7
850,0.65,5.0,22.81,-32.94,136.10,-134.13,202.34,631.86,202.34,631.86,-68.39,-134.13,M1->M2 x M3,218.14,420.48,290.4,119.2,261.1,1052.3,356.6
850,0.65,6.0,60.57,7.08,182.99,-133.37,202.34,631.86,202.34,631.86,-68.16,-133.37,M1->M2 x M3,218.14,420.48,290.4,119.2,261.1,1052.3,385.5
850,0.65,7.0,98.30,46.98,229.83,-121.51,202.34,631.86,202.34,631.86,-68.10,-121.51,M1->M2 x M3,218.14,420.48,290.4,119.2,261.1,1052.3,414.6
850,0.65,8.0,136.01,86.87,276.60,-109.60,202.34,631.87,202.34,631.87,-68.39,-109.60,M1->M2 x M3,218.14,420.48,290.4,119.2,261.1,1052.3,443.8
850,0.65,9.0,173.68,126.73,323.28,-97.63,202.34,632.75,202.34,632.75,-68.33,-97.63,M1->M2 x M3,218.14,420.48,290.4,119.2,261.1,1052.3,473.2
850,0.65,10.0,211.29,166.55,369.87,-85.60,202.34,635.00,202.34,635.00,-66.96,-85.60,M1->M2 x M3,218.14,420.48,290.4,119.2,261.1,1052.3,502.7
850,0.65,11.0,248.84,206.32,416.34,-73.49,202.37,638.63,202.37,638.63,-60.96,-73.49,M1->M2 x M3,218.14,420.48,290.4,119.2,261.1,1052.3,532.4
850,0.65,12.0,286.31,246.03,462.69,-61.30,202.57,643.64,202.57,643.64,-54.92,-61.30,M1->M2 x M3,218.14,420.48,290.4,119.2,261.1,1052.3,562.3
850,0.65,13.0,323.69,285.66,508.89,-49.03,202.95,650.03,202.95,650.03,-48.83,-49.03,M1->M2 x M3,218.14,420.48,290.4,119.2,261.1,1052.3,592.4
850,0.65,14.0,360.98,325.21,554.94,-36.65,203.51,657.80,203.51,657.80,-42.70,-42.70,M3->FP x M2,218.14,420.48,290.4,119.2,261.1,1052.3,622.8
850,0.65,15.0,398.16,364.66,600.82,-24.17,204.26,666.95,204.26,666.95,-36.51,-36.51,M3->FP x M2,218.14,420.48,290.4,119.2,261.1,1052.3,653.4
850,0.65,16.0,435.21,403.99,646.52,-11.57,205.19,677.45,205.19,677.45,-30.27,-30.27,M3->FP x M2,218.14,420.48,290.4,119.2,261.1,1052.3,684.3
850,0.65,17.0,472.13,443.21,692.02,1.06,206.33,689.30,206.33,689.30,-23.96,-23.96,M3->FP x M2,218.14,420.48,290.4,119.2,261.1,1052.3,715.6
850,0.65,18.0,508.91,482.28,737.31,12.74,207.66,702.48,207.66,702.48,-17.59,-17.59,M3->FP x M2,218.14,420.48,290.4,119.2,261.1,1052.3,747.2
850,0.65,19.0,545.54,521.22,782.38,24.28,209.19,716.96,209.19,716.96,-11.14,-11.14,M3->FP x M2,218.14,420.48,290.4,119.2,261.1,1052.3,779.1
850,0.65,20.0,581.99,559.99,827.20,35.68,210.92,732.74,210.92,732.74,-4.62,-4.62,M3->FP x M2,218.14,420.48,290.4,119.2,261.1,1052.3,811.5
850,0.70,2.0,-73.37,-144.46,0.35,-145.53,220.68,614.74,220.68,614.74,-73.55,-145.53,M1->M2 x M3,235.26,455.94,282.7,128.3,280.8,1070.7,276.5
850,0.70,3.0,-62.69,-129.53,38.47,-145.43,220.68,614.74,220.68,614.74,-73.72,-145.43,M1->M2 x M3,235.26,455.94,282.7,128.3,280.8,1070.7,303.6
850,0.70,4.0,-26.54,-91.61,84.12,-145.30,220.68,614.74,220.68,614.74,-73.43,-145.30,M1->M2 x M3,235.26,455.94,282.7,128.3,280.8,1070.7,330.8
850,0.70,5.0,9.66,-53.60,129.75,-145.26,220.68,614.74,220.68,614.74,-73.15,-145.26,M1->M2 x M3,235.26,455.94,282.7,128.3,280.8,1070.7,358.0
850,0.70,6.0,45.80,-15.48,175.34,-145.40,220.68,614.74,220.68,614.74,-73.39,-145.40,M1->M2 x M3,235.26,455.94,282.7,128.3,280.8,1070.7,385.4
850,0.70,7.0,81.93,22.61,220.88,-136.68,220.68,614.74,220.68,614.74,-73.64,-136.68,M1->M2 x M3,235.26,455.94,282.7,128.3,280.8,1070.7,412.8
850,0.70,8.0,118.03,60.62,266.34,-124.75,220.68,614.74,220.68,614.74,-73.72,-124.75,M1->M2 x M3,235.26,455.94,282.7,128.3,280.8,1070.7,440.3
850,0.70,9.0,154.10,98.61,311.73,-112.77,220.68,614.82,220.68,614.82,-73.53,-112.77,M1->M2 x M3,235.26,455.94,282.7,128.3,280.8,1070.7,468.0
850,0.70,10.0,190.12,136.57,357.03,-100.72,220.68,615.86,220.68,615.86,-73.37,-100.72,M1->M2 x M3,235.26,455.94,282.7,128.3,280.8,1070.7,495.9
850,0.70,11.0,226.08,174.49,402.21,-88.59,220.68,618.18,220.68,618.18,-71.28,-88.59,M1->M2 x M3,235.26,455.94,282.7,128.3,280.8,1070.7,523.9
850,0.70,12.0,261.97,212.35,447.27,-76.39,220.74,621.77,220.74,621.77,-65.23,-76.39,M1->M2 x M3,235.26,455.94,282.7,128.3,280.8,1070.7,552.1
850,0.70,13.0,297.78,250.15,492.20,-64.10,220.96,626.65,220.96,626.65,-59.14,-64.10,M1->M2 x M3,235.26,455.94,282.7,128.3,280.8,1070.7,580.5
850,0.70,14.0,333.50,287.87,536.97,-51.70,221.35,632.82,221.35,632.82,-53.01,-53.01,M3->FP x M2,235.26,455.94,282.7,128.3,280.8,1070.7,609.2
850,0.70,15.0,369.12,325.51,581.58,-39.20,221.91,640.28,221.91,640.28,-46.81,-46.81,M3->FP x M2,235.26,455.94,282.7,128.3,280.8,1070.7,638.1
850,0.70,16.0,404.63,363.04,626.02,-26.59,222.65,649.01,222.65,649.01,-40.56,-40.56,M3->FP x M2,235.26,455.94,282.7,128.3,280.8,1070.7,667.3
850,0.70,17.0,440.01,400.47,670.26,-13.85,223.56,659.02,223.56,659.02,-34.25,-34.25,M3->FP x M2,235.26,455.94,282.7,128.3,280.8,1070.7,696.8
850,0.70,18.0,475.26,437.77,714.30,-0.97,224.66,670.30,224.66,670.30,-27.87,-27.87,M3->FP x M2,235.26,455.94,282.7,128.3,280.8,1070.7,726.6
850,0.70,19.0,510.37,474.94,758.12,10.97,225.95,682.83,225.95,682.83,-21.42,-21.42,M3->FP x M2,235.26,455.94,282.7,128.3,280.8,1070.7,756.7
850,0.70,20.0,545.32,511.97,801.71,22.72,227.42,696.60,227.42,696.60,-14.90,-14.90,M3->FP x M2,235.26,455.94,282.7,128.3,280.8,1070.7,787.2
850,0.75,2.0,-78.96,-156.75,0.06,-156.92,238.94,597.59,238.94,597.59,-78.30,-156.92,M1->M2 x M3,252.41,491.35,276.1,137.5,300.5,1088.9,283.3
850,0.75,3.0,-71.99,-145.70,35.35,-156.57,238.94,597.59,238.94,597.59,-79.06,-156.57,M1->M2 x M3,252.41,491.35,276.1,137.5,300.5,1088.9,309.0
850,0.75,4.0,-37.26,-109.49,79.91,-156.92,238.94,597.59,238.94,597.59,-78.99,-156.92,M1->M2 x M3,252.41,491.35,276.1,137.5,300.5,1088.9,334.8
850,0.75,5.0,-2.44,-73.20,124.45,-156.74,238.94,597.59,238.94,597.59,-78.90,-156.74,M1->M2 x M3,252.41,491.35,276.1,137.5,300.5,1088.9,360.6
850,0.75,6.0,32.31,-36.80,168.95,-156.82,238.94,597.59,238.94,597.59,-78.46,-156.82,M1->M2 x M3,252.41,491.35,276.1,137.5,300.5,1088.9,386.5
850,0.75,7.0,67.04,-0.26,213.40,-151.66,238.94,597.59,238.94,597.59,-78.86,-151.66,M1->M2 x M3,252.41,491.35,276.1,137.5,300.5,1088.9,412.5
850,0.75,8.0,101.75,36.08,257.78,-139.71,238.94,597.59,238.94,597.59,-78.70,-139.71,M1->M2 x M3,252.41,491.35,276.1,137.5,300.5,1088.9,438.7
850,0.75,9.0,136.44,72.41,302.09,-127.71,238.94,597.59,238.94,597.59,-78.74,-127.71,M1->M2 x M3,252.41,491.35,276.1,137.5,300.5,1088.9,464.9
850,0.75,10.0,171.08,108.72,346.30,-115.64,238.94,597.73,238.94,597.73,-78.98,-115.64,M1->M2 x M3,252.41,491.35,276.1,137.5,300.5,1088.9,491.3
850,0.75,11.0,205.66,145.00,390.41,-103.50,238.94,598.91,238.94,598.91,-78.36,-103.50,M1->M2 x M3,252.41,491.35,276.1,137.5,300.5,1088.9,517.9
850,0.75,12.0,240.19,181.23,434.40,-91.28,238.94,601.28,238.94,601.28,-75.52,-91.28,M1->M2 x M3,252.41,491.35,276.1,137.5,300.5,1088.9,544.6
850,0.75,13.0,274.64,217.41,478.25,-78.97,239.03,604.84,239.03,604.84,-69.43,-78.97,M1->M2 x M3,252.41,491.35,276.1,137.5,300.5,1088.9,571.6
850,0.75,14.0,309.01,253.52,521.96,-66.56,239.27,609.61,239.27,609.61,-63.29,-66.56,M1->M2 x M3,252.41,491.35,276.1,137.5,300.5,1088.9,598.7
850,0.75,15.0,343.28,289.55,565.51,-54.04,239.67,615.60,239.67,615.60,-57.09,-57.09,M3->FP x M2,252.41,491.35,276.1,137.5,300.5,1088.9,626.1
850,0.75,16.0,377.45,325.49,608.89,-41.41,240.23,622.80,240.23,622.80,-50.84,-50.84,M3->FP x M2,252.41,491.35,276.1,137.5,300.5,1088.9,653.8
850,0.75,17.0,411.50,361.34,652.09,-28.65,240.96,631.22,240.96,631.22,-44.52,-44.52,M3->FP x M2,252.41,491.35,276.1,137.5,300.5,1088.9,681.8
850,0.75,18.0,445.43,397.08,695.08,-15.76,241.86,640.84,241.86,640.84,-38.14,-38.14,M3->FP x M2,252.41,491.35,276.1,137.5,300.5,1088.9,710.0
850,0.75,19.0,479.23,432.69,737.87,-2.72,242.94,651.66,242.94,651.66,-31.68,-31.68,M3->FP x M2,252.41,491.35,276.1,137.5,300.5,1088.9,738.6
850,0.75,20.0,512.87,468.17,780.43,9.54,244.19,663.69,244.19,663.69,-25.15,-25.15,M3->FP x M2,252.41,491.35,276.1,137.5,300.5,1088.9,767.5
850,0.80,2.0,-82.80,-168.12,0.04,-168.02,257.01,580.38,257.01,580.38,-84.27,-168.12,in->M1 x M3,269.62,526.63,270.3,146.7,320.2,1107.0,294.3
850,0.80,3.0,-80.79,-161.33,32.73,-167.94,257.01,580.38,257.01,580.38,-83.96,-167.94,M1->M2 x M3,269.62,526.63,270.3,146.7,320.2,1107.0,315.0
850,0.80,4.0,-47.30,-126.65,76.37,-167.87,257.01,580.38,257.01,580.38,-83.54,-167.87,M1->M2 x M3,269.62,526.63,270.3,146.7,320.2,1107.0,339.5
850,0.80,5.0,-13.72,-91.90,119.99,-167.84,257.01,580.38,257.01,580.38,-84.07,-167.84,M1->M2 x M3,269.62,526.63,270.3,146.7,320.2,1107.0,364.1
850,0.80,6.0,19.85,-57.04,163.57,-167.84,257.01,580.38,257.01,580.38,-84.10,-167.84,M1->M2 x M3,269.62,526.63,270.3,146.7,320.2,1107.0,388.8
850,0.80,7.0,53.36,-22.05,207.11,-166.41,257.01,580.38,257.01,580.38,-83.55,-166.41,M1->M2 x M3,269.62,526.63,270.3,146.7,320.2,1107.0,413.5
850,0.80,8.0,86.86,12.96,250.58,-154.45,257.01,580.38,257.01,580.38,-83.90,-154.45,M1->M2 x M3,269.62,526.63,270.3,146.7,320.2,1107.0,438.4
850,0.80,9.0,120.33,47.80,293.97,-142.43,257.01,580.38,257.01,580.38,-84.17,-142.43,M1->M2 x M3,269.62,526.63,270.3,146.7,320.2,1107.0,463.4
850,0.80,10.0,153.76,82.64,337.27,-130.34,257.01,580.38,257.01,580.38,-83.55,-130.34,M1->M2 x M3,269.62,526.63,270.3,146.7,320.2,1107.0,488.5
850,0.80,11.0,187.15,117.44,380.48,-118.19,257.01,580.62,257.01,580.62,-83.99,-118.19,M1->M2 x M3,269.62,526.63,270.3,146.7,320.2,1107.0,513.8
850,0.80,12.0,220.48,152.22,423.56,-105.95,257.01,581.90,257.01,581.90,-83.94,-105.95,M1->M2 x M3,269.62,526.63,270.3,146.7,320.2,1107.0,539.3
850,0.80,13.0,253.75,186.94,466.52,-93.62,257.02,584.30,257.02,584.30,-79.67,-93.62,M1->M2 x M3,269.62,526.63,270.3,146.7,320.2,1107.0,564.9
850,0.80,14.0,286.93,221.61,509.33,-81.19,257.14,587.84,257.14,587.84,-73.52,-81.19,M1->M2 x M3,269.62,526.63,270.3,146.7,320.2,1107.0,590.8
850,0.80,15.0,320.03,256.21,551.99,-68.66,257.40,592.53,257.40,592.53,-67.32,-68.66,M1->M2 x M3,269.62,526.63,270.3,146.7,320.2,1107.0,616.9
850,0.80,16.0,353.03,290.74,594.48,-56.01,257.82,598.38,257.82,598.38,-61.06,-61.06,M3->FP x M2,269.62,526.63,270.3,146.7,320.2,1107.0,643.2
850,0.80,17.0,385.93,325.17,636.80,-43.23,258.39,605.38,258.39,605.38,-54.74,-54.74,M3->FP x M2,269.62,526.63,270.3,146.7,320.2,1107.0,669.8
850,0.80,18.0,418.70,359.51,678.91,-30.32,259.11,613.55,259.11,613.55,-48.35,-48.35,M3->FP x M2,269.62,526.63,270.3,146.7,320.2,1107.0,696.7
850,0.80,19.0,451.35,393.73,720.82,-17.26,260.00,622.87,260.00,622.87,-41.89,-41.89,M3->FP x M2,269.62,526.63,270.3,146.7,320.2,1107.0,723.9
850,0.80,20.0,483.86,427.84,762.51,-4.04,261.06,633.34,261.06,633.34,-35.36,-35.36,M3->FP x M2,269.62,526.63,270.3,146.7,320.2,1107.0,751.5
850,0.85,2.0,-89.43,-178.59,0.37,-179.11,274.81,563.13,274.81,563.13,-89.40,-179.11,M1->M2 x M3,286.87,561.67,265.2,155.8,339.7,1124.8,313.8
850,0.85,3.0,-89.17,-176.47,30.50,-179.42,274.81,563.13,274.81,563.13,-88.88,-179.42,M1->M2 x M3,286.87,561.67,265.2,155.8,339.7,1124.8,321.3
850,0.85,4.0,-56.77,-143.18,73.37,-179.41,274.81,563.13,274.81,563.13,-89.17,-179.41,M1->M2 x M3,286.87,561.67,265.2,155.8,339.7,1124.8,344.7
850,0.85,5.0,-24.30,-109.82,116.21,-179.05,274.81,563.13,274.81,563.13,-89.14,-179.05,M1->M2 x M3,286.87,561.67,265.2,155.8,339.7,1124.8,368.2
850,0.85,6.0,8.23,-76.36,159.02,-179.30,274.81,563.13,274.81,563.13,-89.44,-179.30,M1->M2 x M3,286.87,561.67,265.2,155.8,339.7,1124.8,391.8
850,0.85,7.0,40.67,-42.77,201.77,-179.10,274.81,563.13,274.81,563.13,-89.48,-179.10,M1->M2 x M3,286.87,561.67,265.2,155.8,339.7,1124.8,415.5
850,0.85,8.0,73.10,-9.05,244.47,-168.92,274.81,563.13,274.81,563.13,-89.40,-168.92,M1->M2 x M3,286.87,561.67,265.2,155.8,339.7,1124.8,439.2
850,0.85,9.0,105.51,24.54,287.09,-156.89,274.81,563.13,274.81,563.13,-89.30,-156.89,M1->M2 x M3,286.87,561.67,265.2,155.8,339.7,1124.8,463.1
850,0.85,10.0,137.88,58.04,329.63,-144.78,274.81,563.13,274.81,563.13,-88.92,-144.78,M1->M2 x M3,286.87,561.67,265.2,155.8,339.7,1124.8,487.1
850,0.85,11.0,170.21,91.53,372.06,-132.61,274.81,563.13,274.81,563.13,-89.58,-132.61,M1->M2 x M3,286.87,561.67,265.2,155.8,339.7,1124.8,511.3
850,0.85,12.0,202.49,124.98,414.38,-120.36,274.81,563.46,274.81,563.46,-88.92,-120.36,M1->M2 x M3,286.87,561.67,265.2,155.8,339.7,1124.8,535.6
850,0.85,13.0,234.71,158.40,456.58,-108.01,274.81,564.82,274.81,564.82,-89.38,-108.01,M1->M2 x M3,286.87,561.67,265.2,155.8,339.7,1124.8,560.2
850,0.85,14.0,266.85,191.76,498.63,-95.57,274.83,567.26,274.83,567.26,-83.67,-95.57,M1->M2 x M3,286.87,561.67,265.2,155.8,339.7,1124.8,584.9
850,0.85,15.0,298.92,225.07,540.54,-83.01,274.97,570.79,274.97,570.79,-77.47,-83.01,M1->M2 x M3,286.87,561.67,265.2,155.8,339.7,1124.8,609.8
850,0.85,16.0,330.89,258.31,582.28,-70.34,275.26,575.42,275.26,575.42,-71.21,-71.21,M3->FP x M2,286.87,561.67,265.2,155.8,339.7,1124.8,635.0
850,0.85,17.0,362.77,291.48,623.84,-57.55,275.69,581.17,275.69,581.17,-64.88,-64.88,M3->FP x M2,286.87,561.67,265.2,155.8,339.7,1124.8,660.4
850,0.85,18.0,394.53,324.55,665.21,-44.62,276.27,588.02,276.27,588.02,-58.49,-58.49,M3->FP x M2,286.87,561.67,265.2,155.8,339.7,1124.8,686.1
850,0.85,19.0,426.17,357.52,706.38,-31.54,277.00,596.00,277.00,596.00,-52.03,-52.03,M3->FP x M2,286.87,561.67,265.2,155.8,339.7,1124.8,712.1
850,0.85,20.0,457.68,390.39,747.33,-18.31,277.88,605.10,277.88,605.10,-45.48,-45.48,M3->FP x M2,286.87,561.67,265.2,155.8,339.7,1124.8,738.5
850,0.90,2.0,-93.49,-190.40,0.14,-190.15,292.23,545.84,292.23,545.84,-94.52,-190.40,in->M1 x M3,304.16,596.38,260.6,165.0,359.0,1142.2,333.1
850,0.90,3.0,-92.63,-190.28,28.61,-190.29,292.23,545.84,292.23,545.84,-94.49,-190.29,M1->M2 x M3,304.16,596.38,260.6,165.0,359.0,1142.2,333.1
850,0.90,4.0,-65.78,-159.14,70.81,-190.43,292.23,545.84,292.23,545.84,-94.75,-190.43,M1->M2 x M3,304.16,596.38,260.6,165.0,359.0,1142.2,350.4
850,0.90,5.0,-34.28,-127.05,112.98,-190.49,292.23,545.84,292.23,545.84,-94.80,-190.49,M1->M2 x M3,304.16,596.38,260.6,165.0,359.0,1142.2,372.9
850,0.90,6.0,-2.69,-94.86,155.13,-190.43,292.23,545.84,292.23,545.84,-94.32,-190.43,M1->M2 x M3,304.16,596.38,260.6,165.0,359.0,1142.2,395.5
850,0.90,7.0,28.81,-62.56,197.23,-190.22,292.23,545.84,292.23,545.84,-94.46,-190.22,M1->M2 x M3,304.16,596.38,260.6,165.0,359.0,1142.2,418.2
850,0.90,8.0,60.29,-30.11,239.26,-183.10,292.23,545.84,292.23,545.84,-93.99,-183.10,M1->M2 x M3,304.16,596.38,260.6,165.0,359.0,1142.2,441.0
850,0.90,9.0,91.75,2.45,281.23,-171.05,292.23,545.84,292.23,545.84,-94.75,-171.05,M1->M2 x M3,304.16,596.38,260.6,165.0,359.0,1142.2,463.9
850,0.90,10.0,123.18,34.74,323.10,-158.93,292.23,545.84,292.23,545.84,-93.77,-158.93,M1->M2 x M3,304.16,596.38,260.6,165.0,359.0,1142.2,486.9
850,0.90,11.0,154.58,67.01,364.88,-146.74,292.23,545.84,292.23,545.84,-94.84,-146.74,M1->M2 x M3,304.16,596.38,260.6,165.0,359.0,1142.2,510.1
850,0.90,12.0,185.92,99.26,406.55,-134.47,292.23,545.84,292.23,545.84,-93.81,-134.47,M1->M2 x M3,304.16,596.38,260.6,165.0,359.0,1142.2,533.4
850,0.90,13.0,217.21,131.49,448.10,-122.11,292.23,546.26,292.23,546.26,-94.85,-122.11,M1->M2 x M3,304.16,596.38,260.6,165.0,359.0,1142.2,556.9
850,0.90,14.0,248.44,163.67,489.50,-109.65,292.23,547.70,292.23,547.70,-93.73,-109.65,M1->M2 x M3,304.16,596.38,260.6,165.0,359.0,1142.2,580.6
850,0.90,15.0,279.59,195.81,530.76,-97.08,292.27,550.18,292.27,550.18,-87.52,-97.08,M1->M2 x M3,304.16,596.38,260.6,165.0,359.0,1142.2,604.5
850,0.90,16.0,310.65,227.88,571.86,-84.39,292.44,553.71,292.44,553.71,-81.25,-84.39,M1->M2 x M3,304.16,596.38,260.6,165.0,359.0,1142.2,628.7
850,0.90,17.0,341.62,259.88,612.78,-71.58,292.75,558.31,292.75,558.31,-74.92,-74.92,M3->FP x M2,304.16,596.38,260.6,165.0,359.0,1142.2,653.1
850,0.90,18.0,372.48,291.81,653.52,-58.63,293.19,563.98,293.19,563.98,-68.52,-68.52,M3->FP x M2,304.16,596.38,260.6,165.0,359.0,1142.2,677.7
850,0.90,19.0,403.23,323.64,694.06,-45.54,293.78,570.74,293.78,570.74,-62.06,-62.06,M3->FP x M2,304.16,596.38,260.6,165.0,359.0,1142.2,702.7
850,0.90,20.0,433.86,355.38,734.38,-32.28,294.51,578.59,294.51,578.59,-55.51,-55.51,M3->FP x M2,304.16,596.38,260.6,165.0,359.0,1142.2,727.9
900,0.30,2.0,2.68,-15.83,47.55,-57.51,80.76,800.28,80.76,800.28,-31.53,-57.51,M1->M2 x M3,99.72,180.48,428.9,55.0,127.5,980.8,266.9
900,0.30,3.0,70.77,56.35,122.78,-57.44,80.76,800.34,80.76,800.34,-31.35,-57.44,M1->M2 x M3,99.72,180.48,428.9,55.0,127.5,980.8,325.2
900,0.30,4.0,138.85,128.50,197.98,-47.52,80.76,803.22,80.76,803.22,-31.47,-47.52,M1->M2 x M3,99.72,180.48,428.9,55.0,127.5,980.8,383.6
900,0.30,5.0,206.88,200.62,273.12,-35.85,80.76,810.33,80.76,810.33,-25.97,-35.85,M1->M2 x M3,99.72,180.48,428.9,55.0,127.5,980.8,442.1
900,0.30,6.0,274.86,272.68,348.18,-24.15,81.00,821.58,81.00,821.58,-20.14,-24.15,M1->M2 x M3,99.72,180.48,428.9,55.0,127.5,980.8,500.9
900,0.30,7.0,342.74,344.65,423.13,-12.40,81.67,836.87,81.67,836.87,-14.29,-14.29,M3->FP x M2,99.72,180.48,428.9,55.0,127.5,980.8,559.8
900,0.30,8.0,410.53,416.52,497.96,-0.60,82.74,856.04,82.74,856.04,-8.41,-8.41,M3->FP x M2,99.72,180.48,428.9,55.0,127.5,980.8,619.0
900,0.30,9.0,478.18,488.26,572.63,10.27,84.21,878.89,84.21,878.89,-2.51,-2.51,M3->FP x M2,99.72,180.48,428.9,55.0,127.5,980.8,678.5
900,0.30,10.0,545.70,559.86,647.12,20.66,86.08,905.22,86.08,905.22,3.30,3.30,M3->FP x M2,99.72,180.48,428.9,55.0,127.5,980.8,738.4
900,0.30,11.0,613.04,631.28,721.42,30.58,88.32,934.82,88.32,934.82,9.06,9.06,M3->FP x M2,99.72,180.48,428.9,55.0,127.5,980.8,798.6
900,0.30,12.0,680.20,702.51,795.50,39.99,90.91,967.48,90.91,967.48,14.86,14.86,M3->FP x M2,99.72,180.48,428.9,55.0,127.5,980.8,859.2
900,0.30,13.0,747.15,773.53,869.34,48.90,93.83,1003.00,93.83,1003.00,20.70,20.70,M3->FP x M2,99.72,180.48,428.9,55.0,127.5,980.8,920.3
900,0.30,14.0,813.88,844.31,942.91,57.30,97.07,1041.19,97.07,1041.19,26.59,26.59,M3->FP x M2,99.72,180.48,428.9,55.0,127.5,980.8,981.9
900,0.30,15.0,880.35,914.83,1016.20,65.20,100.61,1081.88,100.61,1081.88,32.52,32.52,M3->FP x M2,99.72,180.48,428.9,55.0,127.5,980.8,1044.1
900,0.30,16.0,946.56,985.08,1089.17,72.61,104.42,1124.92,104.42,1124.92,38.52,38.52,M3->FP x M2,99.72,180.48,428.9,55.0,127.5,980.8,1106.8
900,0.30,17.0,1012.48,1055.02,1161.82,79.55,108.49,1170.18,108.30,1170.18,44.58,44.58,M3->FP x M2,99.72,180.48,428.9,55.0,127.5,980.8,1170.2
900,0.30,18.0,1078.10,1124.64,1234.11,86.05,112.81,1217.54,111.94,1217.54,50.70,50.70,M3->FP x M2,99.72,180.48,428.9,55.0,127.5,980.8,1234.2
900,0.30,19.0,1143.38,1193.92,1306.02,92.13,117.36,1264.98,115.33,1266.90,56.89,56.89,M3->FP x M2,99.72,180.48,428.9,55.0,127.5,980.8,1299.0
900,0.30,20.0,1208.31,1262.84,1377.54,97.81,122.14,1308.70,118.50,1318.20,63.15,63.15,M3->FP x M2,99.72,180.48,428.9,55.0,127.5,980.8,1364.6
900,0.35,2.0,-16.44,-40.75,34.23,-67.96,97.00,783.50,97.00,783.50,-36.82,-67.96,M1->M2 x M3,116.50,213.49,393.8,64.2,145.9,997.0,260.0
900,0.35,3.0,44.20,23.69,102.28,-68.14,97.00,783.50,97.00,783.50,-36.75,-68.14,M1->M2 x M3,116.50,213.49,393.8,64.2,145.9,997.0,310.8
900,0.35,4.0,104.82,88.11,170.30,-63.20,97.00,784.11,97.00,784.11,-36.68,-63.20,M1->M2 x M3,116.50,213.49,393.8,64.2,145.9,997.0,361.7
900,0.35,5.0,165.40,152.50,238.26,-51.51,97.00,787.75,97.00,787.75,-35.73,-51.51,M1->M2 x M3,116.50,213.49,393.8,64.2,145.9,997.0,412.7
900,0.35,6.0,225.93,216.84,306.16,-39.79,97.01,794.69,97.01,794.69,-29.90,-39.79,M1->M2 x M3,116.50,213.49,393.8,64.2,145.9,997.0,463.9
900,0.35,7.0,286.39,281.12,373.95,-28.03,97.29,804.86,97.29,804.86,-24.04,-28.03,M1->M2 x M3,116.50,213.49,393.8,64.2,145.9,997.0,515.3
900,0.35,8.0,346.77,345.31,441.64,-16.21,97.92,818.19,97.92,818.19,-18.16,-18.16,M3->FP x M2,116.50,213.49,393.8,64.2,145.9,997.0,566.9
900,0.35,9.0,407.04,409.40,509.19,-4.34,98.90,834.58,98.90,834.58,-12.26,-12.26,M3->FP x M2,116.50,213.49,393.8,64.2,145.9,997.0,618.8
900,0.35,10.0,467.19,473.36,576.59,6.97,100.22,853.91,100.22,853.91,-6.32,-6.32,M3->FP x M2,116.50,213.49,393.8,64.2,145.9,997.0,670.9
900,0.35,11.0,527.19,537.17,643.81,17.66,101.88,876.06,101.88,876.06,-0.34,-0.34,M3->FP x M2,116.50,213.49,393.8,64.2,145.9,997.0,723.4
900,0.35,12.0,587.04,600.83,710.83,27.96,103.87,900.89,103.87,900.89,5.47,5.47,M3->FP x M2,116.50,213.49,393.8,64.2,145.9,997.0,776.2
900,0.35,13.0,646.70,664.30,777.64,37.85,106.18,928.26,106.18,928.26,11.31,11.31,M3->FP x M2,116.50,213.49,393.8,64.2,145.9,997.0,829.5
900,0.35,14.0,706.17,727.57,844.21,47.32,108.80,958.04,108.80,958.04,17.20,17.20,M3->FP x M2,116.50,213.49,393.8,64.2,145.9,997.0,883.2
900,0.35,15.0,765.42,790.61,910.52,56.35,111.71,990.11,111.71,990.11,23.15,23.15,M3->FP x M2,116.50,213.49,393.8,64.2,145.9,997.0,937.3
900,0.35,16.0,824.44,853.42,976.56,64.96,114.91,1024.34,114.91,1024.34,29.15,29.15,M3->FP x M2,116.50,213.49,393.8,64.2,145.9,997.0,992.0
900,0.35,17.0,883.21,915.96,1042.29,73.14,118.38,1060.64,118.38,1060.64,35.20,35.20,M3->FP x M2,116.50,213.49,393.8,64.2,145.9,997.0,1047.2
900,0.35,18.0,941.71,978.23,1107.71,80.90,122.11,1098.91,122.11,1098.91,41.33,41.33,M3->FP x M2,116.50,213.49,393.8,64.2,145.9,997.0,1103.0
900,0.35,19.0,999.92,1040.20,1172.80,88.25,126.10,1139.07,126.09,1139.07,47.52,47.52,M3->FP x M2,116.50,213.49,393.8,64.2,145.9,997.0,1159.5
900,0.35,20.0,1057.83,1101.85,1237.52,95.21,130.33,1181.05,130.02,1181.05,53.79,53.79,M3->FP x M2,116.50,213.49,393.8,64.2,145.9,997.0,1216.7
900,0.40,2.0,-32.09,-62.40,24.40,-78.93,113.79,766.68,113.79,766.68,-41.97,-78.93,M1->M2 x M3,133.32,247.11,367.5,73.3,164.6,1013.8,257.3
900,0.40,3.0,22.95,-3.83,87.13,-78.90,113.79,766.68,113.79,766.68,-42.16,-78.90,M1->M2 x M3,133.32,247.11,367.5,73.3,164.6,1013.8,302.5
900,0.40,4.0,77.97,54.71,149.84,-78.89,113.79,766.68,113.79,766.68,-41.98,-78.89,M1->M2 x M3,133.32,247.11,367.5,73.3,164.6,1013.8,347.7
900,0.40,5.0,132.97,113.24,212.51,-67.19,113.79,768.01,113.79,768.01,-42.02,-67.19,M1->M2 x M3,133.32,247.11,367.5,73.3,164.6,1013.8,393.1
900,0.40,6.0,187.93,171.73,275.11,-55.45,113.79,772.02,113.79,772.02,-39.81,-55.45,M1->M2 x M3,133.32,247.11,367.5,73.3,164.6,1013.8,438.7
900,0.40,7.0,242.82,230.17,337.62,-43.67,113.83,778.70,113.83,778.70,-33.95,-43.67,M1->M2 x M3,133.32,247.11,367.5,73.3,164.6,1013.8,484.4
900,0.40,8.0,297.65,288.54,400.03,-31.85,114.13,788.01,114.13,788.01,-28.07,-31.85,M1->M2 x M3,133.32,247.11,367.5,73.3,164.6,1013.8,530.3
900,0.40,9.0,352.38,346.82,462.32,-19.96,114.74,799.91,114.74,799.91,-22.16,-22.16,M3->FP x M2,133.32,247.11,367.5,73.3,164.6,1013.8,576.4
900,0.40,10.0,407.01,404.99,524.47,-8.01,115.64,814.33,115.64,814.33,-16.21,-16.21,M3->FP x M2,133.32,247.11,367.5,73.3,164.6,1013.8,622.8
900,0.40,11.0,461.51,463.04,586.46,3.70,116.85,831.20,116.85,831.20,-10.23,-10.23,M3->FP x M2,133.32,247.11,367.5,73.3,164.6,1013.8,669.5
900,0.40,12.0,515.87,520.95,648.27,14.62,118.36,850.42,118.36,850.42,-4.21,-4.21,M3->FP x M2,133.32,247.11,367.5,73.3,164.6,1013.8,716.5
900,0.40,13.0,570.08,578.70,709.89,25.23,120.16,871.90,120.16,871.90,1.78,1.78,M3->FP x M2,133.32,247.11,367.5,73.3,164.6,1013.8,763.8
900,0.40,14.0,624.11,636.28,771.28,35.49,122.25,895.56,122.25,895.56,7.68,7.68,M3->FP x M2,133.32,247.11,367.5,73.3,164.6,1013.8,811.6
900,0.40,15.0,677.95,693.66,832.44,45.41,124.63,921.31,124.63,921.31,13.62,13.62,M3->FP x M2,133.32,247.11,367.5,73.3,164.6,1013.8,859.8
900,0.40,16.0,731.58,750.83,893.35,54.95,127.28,949.05,127.28,949.05,19.62,19.62,M3->FP x M2,133.32,247.11,367.5,73.3,164.6,1013.8,908.4
900,0.40,17.0,784.99,807.77,953.99,64.13,130.20,978.72,130.20,978.72,25.69,25.69,M3->FP x M2,133.32,247.11,367.5,73.3,164.6,1013.8,957.5
900,0.40,18.0,838.17,864.46,1014.34,72.94,133.39,1010.22,133.39,1010.22,31.81,31.81,M3->FP x M2,133.32,247.11,367.5,73.3,164.6,1013.8,1007.2
900,0.40,19.0,891.08,920.90,1074.37,81.37,136.83,1043.50,136.83,1043.50,38.01,38.01,M3->FP x M2,133.32,247.11,367.5,73.3,164.6,1013.8,1057.4
900,0.40,20.0,943.73,977.05,1134.08,89.44,140.53,1078.51,140.53,1078.51,44.29,44.29,M3->FP x M2,133.32,247.11,367.5,73.3,164.6,1013.8,1108.2
900,0.45,2.0,-45.43,-81.91,16.89,-89.75,131.05,749.81,131.05,749.81,-47.23,-89.75,M1->M2 x M3,150.19,281.23,347.1,82.5,183.6,1031.0,257.4
900,0.45,3.0,5.26,-28.00,75.56,-89.62,131.05,749.81,131.05,749.81,-47.38,-89.62,M1->M2 x M3,150.19,281.23,347.1,82.5,183.6,1031.0,298.2
900,0.45,4.0,55.93,25.95,134.22,-89.61,131.05,749.81,131.05,749.81,-47.03,-89.61,M1->M2 x M3,150.19,281.23,347.1,82.5,183.6,1031.0,339.1
900,0.45,5.0,106.58,79.85,192.83,-82.86,131.05,749.95,131.05,749.95,-47.34,-82.86,M1->M2 x M3,150.19,281.23,347.1,82.5,183.6,1031.0,380.1
900,0.45,6.0,157.20,133.73,251.38,-71.11,131.05,751.87,131.05,751.87,-47.15,-71.11,M1->M2 x M3,150.19,281.23,347.1,82.5,183.6,1031.0,421.3
900,0.45,7.0,207.77,187.57,309.86,-59.32,131.05,756.04,131.05,756.04,-43.99,-59.32,M1->M2 x M3,150.19,281.23,347.1,82.5,183.6,1031.0,462.5
900,0.45,8.0,258.28,241.35,368.24,-47.47,131.11,762.45,131.11,762.45,-38.10,-47.47,M1->M2 x M3,150.19,281.23,347.1,82.5,183.6,1031.0,504.0
900,0.45,9.0,308.71,295.06,426.52,-35.57,131.44,771.08,131.44,771.08,-32.19,-35.57,M1->M2 x M3,150.19,281.23,347.1,82.5,183.6,1031.0,545.7
900,0.45,10.0,359.05,348.67,484.66,-23.60,132.02,781.89,132.02,781.89,-26.24,-26.24,M3->FP x M2,150.19,281.23,347.1,82.5,183.6,1031.0,587.6
900,0.45,11.0,409.27,402.18,542.65,-11.57,132.88,794.85,132.88,794.85,-20.25,-20.25,M3->FP x M2,150.19,281.23,347.1,82.5,183.6,1031.0,629.8
900,0.45,12.0,459.38,455.57,600.48,0.51,134.00,809.90,134.00,809.90,-14.23,-14.23,M3->FP x M2,150.19,281.23,347.1,82.5,183.6,1031.0,672.2
900,0.45,13.0,509.34,508.82,658.12,11.64,135.39,826.98,135.39,826.98,-8.16,-8.16,M3->FP x M2,150.19,281.23,347.1,82.5,183.6,1031.0,715.0
900,0.45,14.0,559.14,561.92,715.57,22.50,137.05,846.03,137.05,846.03,-2.05,-2.05,M3->FP x M2,150.19,281.23,347.1,82.5,183.6,1031.0,758.1
900,0.45,15.0,608.78,614.84,772.80,33.08,138.97,866.98,138.97,866.98,3.98,3.98,M3->FP x M2,150.19,281.23,347.1,82.5,183.6,1031.0,801.7
900,0.45,16.0,658.23,667.58,829.79,43.36,141.15,889.78,141.15,889.78,9.98,9.98,M3->FP x M2,150.19,281.23,347.1,82.5,183.6,1031.0,845.6
900,0.45,17.0,707.48,720.11,886.53,53.33,143.59,914.36,143.59,914.36,16.05,16.05,M3->FP x M2,150.19,281.23,347.1,82.5,183.6,1031.0,890.0
900,0.45,18.0,756.52,772.42,942.99,62.98,146.29,940.66,146.29,940.66,22.18,22.18,M3->FP x M2,150.19,281.23,347.1,82.5,183.6,1031.0,934.8
900,0.45,19.0,805.32,824.50,999.18,72.32,149.24,968.63,149.24,968.63,28.38,28.38,M3->FP x M2,150.19,281.23,347.1,82.5,183.6,1031.0,980.2
900,0.45,20.0,853.88,876.33,1055.05,81.32,152.44,998.23,152.44,998.23,34.66,34.66,M3->FP x M2,150.19,281.23,347.1,82.5,183.6,1031.0,1026.1
900,0.50,2.0,-52.58,-99.93,11.00,-100.73,148.68,732.89,148.68,732.89,-52.63,-100.73,M1->M2 x M3,167.11,315.78,330.7,91.7,202.8,1048.7,259.5
900,0.50,3.0,-9.96,-49.81,66.49,-100.58,148.68,732.89,148.68,732.89,-52.70,-100.58,M1->M2 x M3,167.11,315.78,330.7,91.7,202.8,1048.7,296.8
900,0.50,4.0,37.24,0.40,121.97,-100.54,148.68,732.89,148.68,732.89,-52.34,-100.54,M1->M2 x M3,167.11,315.78,330.7,91.7,202.8,1048.7,334.2
900,0.50,5.0,84.42,50.55,177.41,-98.50,148.68,732.89,148.68,732.89,-52.57,-98.50,M1->M2 x M3,167.11,315.78,330.7,91.7,202.8,1048.7,371.7
900,0.50,6.0,131.57,100.69,232.80,-86.73,148.68,733.34,148.68,733.34,-52.50,-86.73,M1->M2 x M3,167.11,315.78,330.7,91.7,202.8,1048.7,409.3
900,0.50,7.0,178.69,150.79,288.11,-74.92,148.68,735.62,148.68,735.62,-52.36,-74.92,M1->M2 x M3,167.11,315.78,330.7,91.7,202.8,1048.7,447.1
900,0.50,8.0,225.74,200.85,343.34,-63.06,148.68,739.84,148.68,739.84,-48.24,-63.06,M1->M2 x M3,167.11,315.78,330.7,91.7,202.8,1048.7,485.0
900,0.50,9.0,272.73,250.85,398.46,-51.14,148.78,745.99,148.78,745.99,-42.32,-51.14,M1->M2 x M3,167.11,315.78,330.7,91.7,202.8,1048.7,523.1
900,0.50,10.0,319.64,300.77,453.46,-39.16,149.12,754.07,149.12,754.07,-36.37,-39.16,M1->M2 x M3,167.11,315.78,330.7,91.7,202.8,1048.7,561.5
900,0.50,11.0,366.45,350.60,508.32,-27.11,149.69,764.04,149.69,764.04,-30.38,-30.38,M3->FP x M2,167.11,315.78,330.7,91.7,202.8,1048.7,600.0
900,0.50,12.0,413.15,400.32,563.03,-14.97,150.51,775.88,150.51,775.88,-24.35,-24.35,M3->FP x M2,167.11,315.78,330.7,91.7,202.8,1048.7,638.9
900,0.50,13.0,459.72,449.92,617.56,-2.74,151.56,789.56,151.56,789.56,-18.28,-18.28,M3->FP x M2,167.11,315.78,330.7,91.7,202.8,1048.7,678.0
900,0.50,14.0,506.15,499.39,671.91,8.76,152.86,805.02,152.86,805.02,-12.16,-12.16,M3->FP x M2,167.11,315.78,330.7,91.7,202.8,1048.7,717.4
900,0.50,15.0,552.43,548.70,726.06,19.85,154.40,822.24,154.40,822.24,-5.98,-5.98,M3->FP x M2,167.11,315.78,330.7,91.7,202.8,1048.7,757.2
900,0.50,16.0,598.54,597.84,779.98,30.70,156.19,841.15,156.19,841.15,0.24,0.24,M3->FP x M2,167.11,315.78,330.7,91.7,202.8,1048.7,797.4
900,0.50,17.0,644.46,646.80,833.66,41.30,158.22,861.73,158.22,861.73,6.31,6.31,M3->FP x M2,167.11,315.78,330.7,91.7,202.8,1048.7,838.0
900,0.50,18.0,690.20,695.57,887.09,51.63,160.49,883.92,160.49,883.92,12.44,12.44,M3->FP x M2,167.11,315.78,330.7,91.7,202.8,1048.7,879.0
900,0.50,19.0,735.72,744.12,940.25,61.70,163.01,907.68,163.01,907.68,18.65,18.65,M3->FP x M2,167.11,315.78,330.7,91.7,202.8,1048.7,920.5
900,0.50,20.0,781.01,792.45,993.13,71.48,165.76,932.98,165.76,932.98,24.93,24.93,M3->FP x M2,167.11,315.78,330.7,91.7,202.8,1048.7,962.5
900,0.55,2.0,-57.40,-111.72,6.29,-111.85,166.59,715.93,166.59,715.93,-57.95,-111.85,M1->M2 x M3,184.07,350.66,317.3,100.8,222.2,1066.6,263.1
900,0.55,3.0,-23.38,-69.92,59.25,-111.79,166.59,715.93,166.59,715.93,-57.75,-111.79,M1->M2 x M3,184.07,350.66,317.3,100.8,222.2,1066.6,297.5
900,0.55,4.0,21.00,-22.86,112.19,-111.74,166.59,715.93,166.59,715.93,-57.89,-111.74,M1->M2 x M3,184.07,350.66,317.3,100.8,222.2,1066.6,332.1
900,0.55,5.0,65.33,24.22,165.09,-111.73,166.59,715.93,166.59,715.93,-57.84,-111.73,M1->M2 x M3,184.07,350.66,317.3,100.8,222.2,1066.6,366.7
900,0.55,6.0,109.65,71.24,217.94,-102.29,166.59,715.93,166.59,715.93,-57.77,-102.29,M1->M2 x M3,184.07,350.66,317.3,100.8,222.2,1066.6,401.5
900,0.55,7.0,153.94,118.25,270.73,-90.46,166.59,716.73,166.59,716.73,-57.95,-90.46,M1->M2 x M3,184.07,350.66,317.3,100.8,222.2,1066.6,436.3
900,0.55,8.0,198.17,165.21,323.43,-78.59,166.59,719.24,166.59,719.24,-57.56,-78.59,M1->M2 x M3,184.07,350.66,317.3,100.8,222.2,1066.6,471.3
900,0.55,9.0,242.35,212.13,376.04,-66.65,166.59,723.45,166.59,723.45,-52.53,-66.65,M1->M2 x M3,184.07,350.66,317.3,100.8,222.2,1066.6,506.5
900,0.55,10.0,286.45,258.98,428.53,-54.65,166.73,729.37,166.73,729.37,-46.57,-54.65,M1->M2 x M3,184.07,350.66,317.3,100.8,222.2,1066.6,541.9
900,0.55,11.0,330.47,305.75,480.89,-42.58,167.09,737.00,167.09,737.00,-40.58,-42.58,M1->M2 x M3,184.07,350.66,317.3,100.8,222.2,1066.6,577.6
900,0.55,12.0,374.39,352.43,533.10,-30.43,167.65,746.30,167.65,746.30,-34.55,-34.55,M3->FP x M2,184.07,350.66,317.3,100.8,222.2,1066.6,613.4
900,0.55,13.0,418.19,399.00,585.16,-18.18,168.44,757.27,168.44,757.27,-28.47,-28.47,M3->FP x M2,184.07,350.66,317.3,100.8,222.2,1066.6,649.6
900,0.55,14.0,461.86,445.45,637.03,-5.84,169.44,769.88,169.44,769.88,-22.35,-22.35,M3->FP x M2,184.07,350.66,317.3,100.8,222.2,1066.6,686.0
900,0.55,15.0,505.40,491.76,688.71,6.05,170.67,784.10,170.67,784.10,-16.17,-16.17,M3->FP x M2,184.07,350.66,317.3,100.8,222.2,1066.6,722.7
900,0.55,16.0,548.77,537.92,740.18,17.34,172.12,799.90,172.12,799.90,-9.93,-9.93,M3->FP x M2,184.07,350.66,317.3,100.8,222.2,1066.6,759.8
900,0.55,17.0,591.99,583.92,791.42,28.44,173.80,817.25,173.80,817.25,-3.63,-3.63,M3->FP x M2,184.07,350.66,317.3,100.8,222.2,1066.6,797.3
900,0.55,18.0,635.02,629.75,842.43,39.32,175.71,836.12,175.71,836.12,2.63,2.63,M3->FP x M2,184.07,350.66,317.3,100.8,222.2,1066.6,835.2
900,0.55,19.0,677.86,675.38,893.17,49.98,177.84,856.47,177.84,856.47,8.84,8.84,M3->FP x M2,184.07,350.66,317.3,100.8,222.2,1066.6,873.5
900,0.55,20.0,720.49,720.80,943.65,60.40,180.21,878.28,180.21,878.28,15.13,15.13,M3->FP x M2,184.07,350.66,317.3,100.8,222.2,1066.6,912.3
900,0.60,2.0,-62.85,-123.01,2.48,-123.12,184.70,698.91,184.70,698.91,-62.90,-123.12,M1->M2 x M3,201.09,385.79,306.1,110.0,241.8,1084.7,267.7
900,0.60,3.0,-35.44,-88.75,53.37,-122.87,184.70,698.91,184.70,698.91,-62.91,-122.87,M1->M2 x M3,201.09,385.79,306.1,110.0,241.8,1084.7,299.8
900,0.60,4.0,6.58,-44.37,104.25,-122.88,184.70,698.91,184.70,698.91,-63.09,-122.88,M1->M2 x M3,201.09,385.79,306.1,110.0,241.8,1084.7,332.0
900,0.60,5.0,48.55,0.11,155.09,-123.24,184.70,698.91,184.70,698.91,-63.24,-123.24,M1->M2 x M3,201.09,385.79,306.1,110.0,241.8,1084.7,364.2
900,0.60,6.0,90.51,44.50,205.89,-117.75,184.70,698.91,184.70,698.91,-63.16,-117.75,M1->M2 x M3,201.09,385.79,306.1,110.0,241.8,1084.7,396.6
900,0.60,7.0,132.44,88.87,256.63,-105.91,184.70,698.96,184.70,698.96,-63.03,-105.91,M1->M2 x M3,201.09,385.79,306.1,110.0,241.8,1084.7,429.0
900,0.60,8.0,174.33,133.21,307.28,-94.02,184.70,700.08,184.70,700.08,-62.91,-94.02,M1->M2 x M3,201.09,385.79,306.1,110.0,241.8,1084.7,461.6
900,0.60,9.0,216.16,177.51,357.85,-82.06,184.70,702.73,184.70,702.73,-62.79,-82.06,M1->M2 x M3,201.09,385.79,306.1,110.0,241.8,1084.7,494.4
900,0.60,10.0,257.93,221.76,408.30,-70.05,184.71,706.91,184.71,706.91,-56.83,-70.05,M1->M2 x M3,201.09,385.79,306.1,110.0,241.8,1084.7,527.4
900,0.60,11.0,299.63,265.94,458.63,-57.96,184.88,712.63,184.88,712.63,-50.83,-57.96,M1->M2 x M3,201.09,385.79,306.1,110.0,241.8,1084.7,560.5
900,0.60,12.0,341.23,310.04,508.82,-45.79,185.25,719.88,185.25,719.88,-44.80,-45.79,M1->M2 x M3,201.09,385.79,306.1,110.0,241.8,1084.7,593.9
900,0.60,13.0,382.72,354.05,558.86,-33.53,185.81,728.65,185.81,728.65,-38.72,-38.72,M3->FP x M2,201.09,385.79,306.1,110.0,241.8,1084.7,627.6
900,0.60,14.0,424.10,397.95,608.72,-21.17,186.57,738.93,186.57,738.93,-32.59,-32.59,M3->FP x M2,201.09,385.79,306.1,110.0,241.8,1084.7,661.5
900,0.60,15.0,465.35,441.73,658.40,-8.71,187.54,750.70,187.54,750.70,-26.40,-26.40,M3->FP x M2,201.09,385.79,306.1,110.0,241.8,1084.7,695.7
900,0.60,16.0,506.46,485.37,707.88,3.56,188.71,763.95,188.71,763.95,-20.16,-20.16,M3->FP x M2,201.09,385.79,306.1,110.0,241.8,1084.7,730.3
900,0.60,17.0,547.42,528.86,757.14,15.04,190.09,778.64,190.09,778.64,-13.86,-13.86,M3->FP x M2,201.09,385.79,306.1,110.0,241.8,1084.7,765.1
900,0.60,18.0,588.20,572.20,806.18,26.36,191.68,794.77,191.68,794.77,-7.49,-7.49,M3->FP x M2,201.09,385.79,306.1,110.0,241.8,1084.7,800.4
900,0.60,19.0,628.81,615.35,854.97,37.50,193.49,812.30,193.49,812.30,-1.05,-1.05,M3->FP x M2,201.09,385.79,306.1,110.0,241.8,1084.7,836.1
900,0.60,20.0,669.23,658.33,903.49,48.45,195.52,831.21,195.52,831.21,5.27,5.27,M3->FP x M2,201.09,385.79,306.1,110.0,241.8,1084.7,872.2
900,0.65,2.0,-68.06,-134.18,0.20,-134.37,202.91,681.85,202.91,681.85,-68.18,-134.37,M1->M2 x M3,218.15,421.06,296.7,119.2,261.4,1102.9,273.2
900,0.65,3.0,-46.45,-106.59,48.54,-134.40,202.91,681.85,202.91,681.85,-68.17,-134.40,M1->M2 x M3,218.15,421.06,296.7,119.2,261.4,1102.9,303.3
900,0.65,4.0,-6.44,-64.52,97.72,-134.29,202.91,681.85,202.91,681.85,-68.37,-134.29,M1->M2 x M3,218.15,421.06,296.7,119.2,261.4,1102.9,333.4
900,0.65,5.0,33.54,-22.35,146.88,-134.38,202.91,681.85,202.91,681.85,-68.47,-134.38,M1->M2 x M3,218.15,421.06,296.7,119.2,261.4,1102.9,363.7
900,0.65,6.0,73.50,19.84,195.99,-133.09,202.91,681.85,202.91,681.85,-68.25,-133.09,M1->M2 x M3,218.15,421.06,296.7,119.2,261.4,1102.9,394.0
900,0.65,7.0,113.44,61.94,245.04,-121.23,202.91,681.85,202.91,681.85,-68.01,-121.23,M1->M2 x M3,218.15,421.06,296.7,119.2,261.4,1102.9,424.4
900,0.65,8.0,153.35,104.02,294.01,-109.32,202.91,682.01,202.91,682.01,-68.26,-109.32,M1->M2 x M3,218.15,421.06,296.7,119.2,261.4,1102.9,455.0
900,0.65,9.0,193.20,146.08,342.90,-97.35,202.91,683.36,202.91,683.36,-68.48,-97.35,M1->M2 x M3,218.15,421.06,296.7,119.2,261.4,1102.9,485.7
900,0.65,10.0,233.00,188.08,391.68,-85.32,202.91,686.11,202.91,686.11,-67.12,-85.32,M1->M2 x M3,218.15,421.06,296.7,119.2,261.4,1102.9,516.6
900,0.65,11.0,272.73,230.03,440.34,-73.21,202.94,690.25,202.94,690.25,-61.12,-73.21,M1->M2 x M3,218.15,421.06,296.7,119.2,261.4,1102.9,547.7
900,0.65,12.0,312.37,271.92,488.87,-61.03,203.14,695.79,203.14,695.79,-55.08,-61.03,M1->M2 x M3,218.15,421.06,296.7,119.2,261.4,1102.9,579.0
900,0.65,13.0,351.92,313.71,537.25,-48.75,203.52,702.73,203.52,702.73,-48.99,-48.99,M3->FP x M2,218.15,421.06,296.7,119.2,261.4,1102.9,610.5
900,0.65,14.0,391.36,355.42,585.46,-36.37,204.08,711.07,204.08,711.07,-42.86,-42.86,M3->FP x M2,218.15,421.06,296.7,119.2,261.4,1102.9,642.3
900,0.65,15.0,430.69,397.01,633.50,-23.89,204.82,720.80,204.82,720.80,-36.67,-36.67,M3->FP x M2,218.15,421.06,296.7,119.2,261.4,1102.9,674.4
900,0.65,16.0,469.88,438.48,681.34,-11.29,205.76,731.91,205.76,731.91,-30.43,-30.43,M3->FP x M2,218.15,421.06,296.7,119.2,261.4,1102.9,706.8
900,0.65,17.0,508.92,479.82,728.98,1.31,206.89,744.38,206.89,744.38,-24.12,-24.12,M3->FP x M2,218.15,421.06,296.7,119.2,261.4,1102.9,739.5
900,0.65,18.0,547.82,521.02,776.39,12.98,208.21,758.20,208.21,758.20,-17.74,-17.74,M3->FP x M2,218.15,421.06,296.7,119.2,261.4,1102.9,772.5
900,0.65,19.0,586.54,562.05,823.57,24.51,209.74,773.36,209.74,773.36,-11.30,-11.30,M3->FP x M2,218.15,421.06,296.7,119.2,261.4,1102.9,806.0
900,0.65,20.0,625.09,602.91,870.50,35.90,211.47,789.83,211.47,789.83,-4.78,-4.78,M3->FP x M2,218.15,421.06,296.7,119.2,261.4,1102.9,839.8
900,0.70,2.0,-73.35,-145.27,1.32,-145.53,221.13,664.74,221.13,664.74,-73.58,-145.53,M1->M2 x M3,235.26,456.39,288.6,128.3,281.1,1121.1,279.3
900,0.70,3.0,-56.65,-123.63,44.53,-145.36,221.13,664.74,221.13,664.74,-73.69,-145.36,M1->M2 x M3,235.26,456.39,288.6,128.3,281.1,1121.1,307.7
900,0.70,4.0,-18.37,-83.58,92.30,-145.53,221.13,664.74,221.13,664.74,-73.38,-145.53,M1->M2 x M3,235.26,456.39,288.6,128.3,281.1,1121.1,336.1
900,0.70,5.0,19.93,-43.44,140.05,-145.74,221.13,664.74,221.13,664.74,-73.18,-145.74,M1->M2 x M3,235.26,456.39,288.6,128.3,281.1,1121.1,364.6
900,0.70,6.0,58.18,-3.18,187.76,-145.61,221.13,664.74,221.13,664.74,-73.46,-145.61,M1->M2 x M3,235.26,456.39,288.6,128.3,281.1,1121.1,393.2
900,0.70,7.0,96.41,36.95,235.41,-136.40,221.13,664.74,221.13,664.74,-73.72,-136.40,M1->M2 x M3,235.26,456.39,288.6,128.3,281.1,1121.1,421.9
900,0.70,8.0,134.62,77.06,282.99,-124.47,221.13,664.74,221.13,664.74,-73.63,-124.47,M1->M2 x M3,235.26,456.39,288.6,128.3,281.1,1121.1,450.7
900,0.70,9.0,172.78,117.15,330.48,-112.49,221.13,665.05,221.13,665.05,-73.42,-112.49,M1->M2 x M3,235.26,456.39,288.6,128.3,281.1,1121.1,479.7
900,0.70,10.0,210.89,157.20,377.88,-100.44,221.13,666.57,221.13,666.57,-73.44,-100.44,M1->M2 x M3,235.26,456.39,288.6,128.3,281.1,1121.1,508.8
900,0.70,11.0,248.93,197.20,425.15,-88.32,221.13,669.38,221.13,669.38,-71.40,-88.32,M1->M2 x M3,235.26,456.39,288.6,128.3,281.1,1121.1,538.1
900,0.70,12.0,286.90,237.14,472.30,-76.11,221.19,673.47,221.19,673.47,-65.36,-76.11,M1->M2 x M3,235.26,456.39,288.6,128.3,281.1,1121.1,567.6
900,0.70,13.0,324.79,277.01,519.30,-63.82,221.41,678.86,221.41,678.86,-59.27,-63.82,M1->M2 x M3,235.26,456.39,288.6,128.3,281.1,1121.1,597.3
900,0.70,14.0,362.57,316.80,566.15,-51.42,221.80,685.56,221.80,685.56,-53.13,-53.13,M3->FP x M2,235.26,456.39,288.6,128.3,281.1,1121.1,627.3
900,0.70,15.0,400.24,356.49,612.82,-38.92,222.36,693.55,222.36,693.55,-46.94,-46.94,M3->FP x M2,235.26,456.39,288.6,128.3,281.1,1121.1,657.6
900,0.70,16.0,437.79,396.07,659.31,-26.31,223.09,702.84,223.09,702.84,-40.69,-40.69,M3->FP x M2,235.26,456.39,288.6,128.3,281.1,1121.1,688.1
900,0.70,17.0,475.21,435.53,705.59,-13.57,224.01,713.42,224.01,713.42,-34.38,-34.38,M3->FP x M2,235.26,456.39,288.6,128.3,281.1,1121.1,718.9
900,0.70,18.0,512.48,474.86,751.66,-0.69,225.10,725.27,225.10,725.27,-28.00,-28.00,M3->FP x M2,235.26,456.39,288.6,128.3,281.1,1121.1,750.1
900,0.70,19.0,549.60,514.04,797.50,11.22,226.39,738.40,226.39,738.40,-21.55,-21.55,M3->FP x M2,235.26,456.39,288.6,128.3,281.1,1121.1,781.6
900,0.70,20.0,586.55,553.06,843.10,22.95,227.86,752.79,227.86,752.79,-15.02,-15.02,M3->FP x M2,235.26,456.39,288.6,128.3,281.1,1121.1,813.5
900,0.75,2.0,-79.06,-156.57,0.00,-157.00,239.27,647.58,239.27,647.58,-78.28,-157.00,M1->M2 x M3,252.42,491.69,281.6,137.5,300.7,1139.3,285.9
900,0.75,3.0,-66.18,-140.00,41.17,-156.75,239.27,647.58,239.27,647.58,-79.03,-156.75,M1->M2 x M3,252.42,491.69,281.6,137.5,300.7,1139.3,312.8
900,0.75,4.0,-29.41,-101.75,87.77,-157.04,239.27,647.58,239.27,647.58,-79.03,-157.04,M1->M2 x M3,252.42,491.69,281.6,137.5,300.7,1139.3,339.7
900,0.75,5.0,7.43,-63.41,134.34,-156.70,239.27,647.58,239.27,647.58,-78.94,-156.70,M1->M2 x M3,252.42,491.69,281.6,137.5,300.7,1139.3,366.7
900,0.75,6.0,44.20,-24.95,180.87,-156.85,239.27,647.58,239.27,647.58,-78.41,-156.85,M1->M2 x M3,252.42,491.69,281.6,137.5,300.7,1139.3,393.8
900,0.75,7.0,80.96,13.54,227.35,-151.39,239.27,647.58,239.27,647.58,-78.92,-151.39,M1->M2 x M3,252.42,491.69,281.6,137.5,300.7,1139.3,421.0
900,0.75,8.0,117.69,51.91,273.76,-139.44,239.27,647.58,239.27,647.58,-78.76,-139.44,M1->M2 x M3,252.42,491.69,281.6,137.5,300.7,1139.3,448.3
900,0.75,9.0,154.38,90.25,320.09,-127.44,239.27,647.58,239.27,647.58,-78.66,-127.44,M1->M2 x M3,252.42,491.69,281.6,137.5,300.7,1139.3,475.7
900,0.75,10.0,191.03,128.57,366.32,-115.37,239.27,648.06,239.27,648.06,-78.89,-115.37,M1->M2 x M3,252.42,491.69,281.6,137.5,300.7,1139.3,503.3
900,0.75,11.0,227.62,166.85,412.43,-103.23,239.27,649.71,239.27,649.71,-78.34,-103.23,M1->M2 x M3,252.42,491.69,281.6,137.5,300.7,1139.3,531.1
900,0.75,12.0,264.14,205.08,458.42,-91.01,239.27,652.56,239.27,652.56,-75.62,-91.01,M1->M2 x M3,252.42,491.69,281.6,137.5,300.7,1139.3,559.1
900,0.75,13.0,300.59,243.25,504.27,-78.70,239.36,656.61,239.36,656.61,-69.52,-78.70,M1->M2 x M3,252.42,491.69,281.6,137.5,300.7,1139.3,587.2
900,0.75,14.0,336.93,281.34,549.97,-66.29,239.61,661.88,239.61,661.88,-63.38,-66.29,M1->M2 x M3,252.42,491.69,281.6,137.5,300.7,1139.3,615.6
900,0.75,15.0,373.18,319.34,595.50,-53.77,240.01,668.37,240.01,668.37,-57.18,-57.18,M3->FP x M2,252.42,491.69,281.6,137.5,300.7,1139.3,644.3
900,0.75,16.0,409.31,357.25,640.85,-41.14,240.57,676.09,240.57,676.09,-50.93,-50.93,M3->FP x M2,252.42,491.69,281.6,137.5,300.7,1139.3,673.2
900,0.75,17.0,445.32,395.05,686.00,-28.38,241.30,685.03,241.30,685.03,-44.61,-44.61,M3->FP x M2,252.42,491.69,281.6,137.5,300.7,1139.3,702.4
900,0.75,18.0,481.19,432.73,730.95,-15.48,242.20,695.18,242.20,695.18,-38.23,-38.23,M3->FP x M2,252.42,491.69,281.6,137.5,300.7,1139.3,732.0
900,0.75,19.0,516.92,470.28,775.67,-2.44,243.27,706.55,243.27,706.55,-31.78,-31.78,M3->FP x M2,252.42,491.69,281.6,137.5,300.7,1139.3,761.8
900,0.75,20.0,552.49,507.69,820.16,9.79,244.52,719.13,244.52,719.13,-25.24,-25.24,M3->FP x M2,252.42,491.69,281.6,137.5,300.7,1139.3,792.1
900,0.80,2.0,-83.09,-168.06,0.42,-168.19,257.24,630.38,257.24,630.38,-84.28,-168.19,M1->M2 x M3,269.62,526.86,275.4,146.7,320.3,1157.2,294.5
900,0.80,3.0,-75.19,-155.80,38.33,-168.16,257.24,630.38,257.24,630.38,-83.94,-168.16,M1->M2 x M3,269.62,526.86,275.4,146.7,320.3,1157.2,318.5
900,0.80,4.0,-39.72,-119.16,83.94,-168.14,257.24,630.38,257.24,630.38,-83.52,-168.14,M1->M2 x M3,269.62,526.86,275.4,146.7,320.3,1157.2,344.1
900,0.80,5.0,-4.18,-82.43,129.52,-168.16,257.24,630.38,257.24,630.38,-84.04,-168.16,M1->M2 x M3,269.62,526.86,275.4,146.7,320.3,1157.2,369.8
900,0.80,6.0,31.31,-45.59,175.06,-168.21,257.24,630.38,257.24,630.38,-84.13,-168.21,M1->M2 x M3,269.62,526.86,275.4,146.7,320.3,1157.2,395.6
900,0.80,7.0,66.78,-8.61,220.55,-166.16,257.24,630.38,257.24,630.38,-83.58,-166.16,M1->M2 x M3,269.62,526.86,275.4,146.7,320.3,1157.2,421.4
900,0.80,8.0,102.22,28.25,265.97,-154.20,257.24,630.38,257.24,630.38,-83.92,-154.20,M1->M2 x M3,269.62,526.86,275.4,146.7,320.3,1157.2,447.4
900,0.80,9.0,137.64,65.04,311.31,-142.18,257.24,630.38,257.24,630.38,-84.22,-142.18,M1->M2 x M3,269.62,526.86,275.4,146.7,320.3,1157.2,473.5
900,0.80,10.0,173.01,101.81,356.56,-130.09,257.24,630.38,257.24,630.38,-83.61,-130.09,M1->M2 x M3,269.62,526.86,275.4,146.7,320.3,1157.2,499.8
900,0.80,11.0,208.33,138.55,401.70,-117.94,257.24,631.02,257.24,631.02,-83.93,-117.94,M1->M2 x M3,269.62,526.86,275.4,146.7,320.3,1157.2,526.2
900,0.80,12.0,243.58,175.25,446.71,-105.70,257.24,632.77,257.24,632.77,-84.00,-105.70,M1->M2 x M3,269.62,526.86,275.4,146.7,320.3,1157.2,552.8
900,0.80,13.0,278.77,211.89,491.59,-93.37,257.25,635.66,257.25,635.66,-79.73,-93.37,M1->M2 x M3,269.62,526.86,275.4,146.7,320.3,1157.2,579.6
900,0.80,14.0,313.86,248.47,536.32,-80.94,257.37,639.68,257.37,639.68,-73.58,-80.94,M1->M2 x M3,269.62,526.86,275.4,146.7,320.3,1157.2,606.6
900,0.80,15.0,348.86,284.97,580.88,-68.41,257.63,644.86,257.63,644.86,-67.38,-68.41,M1->M2 x M3,269.62,526.86,275.4,146.7,320.3,1157.2,633.9
900,0.80,16.0,383.76,321.39,625.27,-55.76,258.05,651.19,258.05,651.19,-61.12,-61.12,M3->FP x M2,269.62,526.86,275.4,146.7,320.3,1157.2,661.4
900,0.80,17.0,418.54,357.71,669.47,-42.98,258.61,658.69,258.61,658.69,-54.80,-54.80,M3->FP x M2,269.62,526.86,275.4,146.7,320.3,1157.2,689.2
900,0.80,18.0,453.19,393.92,713.47,-30.07,259.34,667.35,259.34,667.35,-48.42,-48.42,M3->FP x M2,269.62,526.86,275.4,146.7,320.3,1157.2,717.3
900,0.80,19.0,487.70,430.01,757.24,-17.01,260.23,677.18,260.23,677.18,-41.96,-41.96,M3->FP x M2,269.62,526.86,275.4,146.7,320.3,1157.2,745.7
900,0.80,20.0,522.06,465.97,800.79,-3.79,261.29,688.17,261.29,688.17,-35.42,-35.42,M3->FP x M2,269.62,526.86,275.4,146.7,320.3,1157.2,774.5
900,0.85,2.0,-89.40,-179.13,0.31,-179.23,274.94,613.13,274.94,613.13,-89.41,-179.23,M1->M2 x M3,286.87,561.81,270.0,155.8,339.7,1174.9,313.9
900,0.85,3.0,-83.75,-171.10,35.92,-179.36,274.95,613.13,274.95,613.13,-88.87,-179.36,M1->M2 x M3,286.87,561.81,270.0,155.8,339.7,1174.9,324.6
900,0.85,4.0,-49.45,-135.91,80.68,-179.31,274.95,613.13,274.95,613.13,-89.18,-179.31,M1->M2 x M3,286.87,561.81,270.0,155.8,339.7,1174.9,349.0
900,0.85,5.0,-15.06,-100.63,125.42,-179.13,274.95,613.13,274.95,613.13,-89.13,-179.13,M1->M2 x M3,286.87,561.81,270.0,155.8,339.7,1174.9,373.6
900,0.85,6.0,19.33,-65.25,170.12,-179.37,274.95,613.13,274.95,613.13,-89.42,-179.37,M1->M2 x M3,286.87,561.81,270.0,155.8,339.7,1174.9,398.2
900,0.85,7.0,53.65,-29.74,214.77,-179.15,274.95,613.13,274.95,613.13,-89.45,-179.15,M1->M2 x M3,286.87,561.81,270.0,155.8,339.7,1174.9,422.9
900,0.85,8.0,87.96,5.86,259.35,-168.71,274.95,613.13,274.95,613.13,-89.43,-168.71,M1->M2 x M3,286.87,561.81,270.0,155.8,339.7,1174.9,447.7
900,0.85,9.0,122.25,41.24,303.86,-156.67,274.95,613.13,274.95,613.13,-89.32,-156.67,M1->M2 x M3,286.87,561.81,270.0,155.8,339.7,1174.9,472.6
900,0.85,10.0,156.50,76.62,348.27,-144.57,274.94,613.13,274.94,613.13,-88.95,-144.57,M1->M2 x M3,286.87,561.81,270.0,155.8,339.7,1174.9,497.7
900,0.85,11.0,190.70,111.97,392.57,-132.40,274.95,613.16,274.95,613.16,-89.54,-132.40,M1->M2 x M3,286.87,561.81,270.0,155.8,339.7,1174.9,522.9
900,0.85,12.0,224.84,147.28,436.76,-120.14,274.94,613.94,274.94,613.94,-88.89,-120.14,M1->M2 x M3,286.87,561.81,270.0,155.8,339.7,1174.9,548.3
900,0.85,13.0,258.91,182.56,480.81,-107.80,274.95,615.78,274.95,615.78,-89.34,-107.80,M1->M2 x M3,286.87,561.81,270.0,155.8,339.7,1174.9,573.9
900,0.85,14.0,292.90,217.77,524.72,-95.35,274.97,618.70,274.97,618.70,-83.71,-95.35,M1->M2 x M3,286.87,561.81,270.0,155.8,339.7,1174.9,599.8
900,0.85,15.0,326.81,252.92,568.46,-82.80,275.11,622.70,275.11,622.70,-77.51,-82.80,M1->M2 x M3,286.87,561.81,270.0,155.8,339.7,1174.9,625.8
900,0.85,16.0,360.61,287.99,612.03,-70.13,275.40,627.81,275.40,627.81,-71.25,-71.25,M3->FP x M2,286.87,561.81,270.0,155.8,339.7,1174.9,652.1
900,0.85,17.0,394.31,322.98,655.42,-57.34,275.83,634.03,275.83,634.03,-64.92,-64.92,M3->FP x M2,286.87,561.81,270.0,155.8,339.7,1174.9,678.6
900,0.85,18.0,427.89,357.87,698.61,-44.40,276.40,641.36,276.40,641.36,-58.53,-58.53,M3->FP x M2,286.87,561.81,270.0,155.8,339.7,1174.9,705.5
900,0.85,19.0,461.33,392.64,741.58,-31.33,277.13,649.81,277.13,649.81,-52.06,-52.06,M3->FP x M2,286.87,561.81,270.0,155.8,339.7,1174.9,732.6
900,0.85,20.0,494.64,427.30,784.33,-18.09,278.02,659.39,278.02,659.39,-45.52,-45.52,M3->FP x M2,286.87,561.81,270.0,155.8,339.7,1174.9,760.1
900,0.90,2.0,-93.09,-190.47,0.13,-190.23,292.29,595.84,292.29,595.84,-94.52,-190.47,in->M1 x M3,304.16,596.45,265.2,165.0,359.0,1192.3,333.1
900,0.90,3.0,-91.95,-185.93,33.86,-190.24,292.29,595.84,292.29,595.84,-94.49,-190.24,M1->M2 x M3,304.16,596.45,265.2,165.0,359.0,1192.3,333.1
900,0.90,4.0,-58.68,-152.06,77.90,-190.35,292.29,595.84,292.29,595.84,-94.74,-190.35,M1->M2 x M3,304.16,596.45,265.2,165.0,359.0,1192.3,354.4
900,0.90,5.0,-25.32,-118.11,121.91,-190.42,292.29,595.84,292.29,595.84,-94.79,-190.42,M1->M2 x M3,304.16,596.45,265.2,165.0,359.0,1192.3,377.9
900,0.90,6.0,8.09,-84.07,165.89,-190.46,292.29,595.84,292.29,595.84,-94.32,-190.46,M1->M2 x M3,304.16,596.45,265.2,165.0,359.0,1192.3,401.5
900,0.90,7.0,41.40,-49.90,209.82,-190.41,292.29,595.84,292.29,595.84,-94.47,-190.41,M1->M2 x M3,304.16,596.45,265.2,165.0,359.0,1192.3,425.2
900,0.90,8.0,74.71,-15.58,253.69,-182.94,292.29,595.84,292.29,595.84,-93.98,-182.94,M1->M2 x M3,304.16,596.45,265.2,165.0,359.0,1192.3,449.0
900,0.90,9.0,107.99,18.67,297.47,-170.89,292.29,595.84,292.29,595.84,-94.77,-170.89,M1->M2 x M3,304.16,596.45,265.2,165.0,359.0,1192.3,472.9
900,0.90,10.0,141.24,52.77,341.17,-158.77,292.29,595.84,292.29,595.84,-93.76,-158.77,M1->M2 x M3,304.16,596.45,265.2,165.0,359.0,1192.3,496.9
900,0.90,11.0,174.45,86.86,384.76,-146.58,292.29,595.84,292.29,595.84,-94.82,-146.58,M1->M2 x M3,304.16,596.45,265.2,165.0,359.0,1192.3,521.1
900,0.90,12.0,207.60,120.92,428.24,-134.31,292.29,595.92,292.29,595.92,-93.83,-134.31,M1->M2 x M3,304.16,596.45,265.2,165.0,359.0,1192.3,545.4
900,0.90,13.0,240.69,154.94,471.59,-121.95,292.29,596.82,292.29,596.82,-94.83,-121.95,M1->M2 x M3,304.16,596.45,265.2,165.0,359.0,1192.3,569.9
900,0.90,14.0,273.71,188.92,514.79,-109.49,292.29,598.73,292.29,598.73,-93.74,-109.49,M1->M2 x M3,304.16,596.45,265.2,165.0,359.0,1192.3,594.7
900,0.90,15.0,306.64,222.84,557.83,-96.92,292.33,601.69,292.33,601.69,-87.54,-96.92,M1->M2 x M3,304.16,596.45,265.2,165.0,359.0,1192.3,619.6
900,0.90,16.0,339.48,256.69,600.71,-84.23,292.51,605.69,292.51,605.69,-81.27,-84.23,M1->M2 x M3,304.16,596.45,265.2,165.0,359.0,1192.3,644.8
900,0.90,17.0,372.21,290.46,643.40,-71.42,292.81,610.75,292.81,610.75,-74.94,-74.94,M3->FP x M2,304.16,596.45,265.2,165.0,359.0,1192.3,670.2
900,0.90,18.0,404.84,324.14,685.89,-58.47,293.26,616.89,293.26,616.89,-68.54,-68.54,M3->FP x M2,304.16,596.45,265.2,165.0,359.0,1192.3,696.0
900,0.90,19.0,437.34,357.73,728.18,-45.37,293.84,624.10,293.84,624.10,-62.07,-62.07,M3->FP x M2,304.16,596.45,265.2,165.0,359.0,1192.3,722.0
900,0.90,20.0,469.70,391.21,770.25,-32.12,294.58,632.40,294.58,632.40,-55.53,-55.53,M3->FP x M2,304.16,596.45,265.2,165.0,359.0,1192.3,748.3
950,0.30,2.0,9.67,-9.14,54.57,-57.86,81.70,850.27,81.70,850.27,-31.57,-57.86,M1->M2 x M3,99.73,181.42,442.6,55.0,128.0,1031.7,273.4
950,0.30,3.0,81.55,66.82,133.60,-57.69,81.70,850.47,81.70,850.47,-31.56,-57.69,M1->M2 x M3,99.73,181.42,442.6,55.0,128.0,1031.7,334.6
950,0.30,4.0,153.40,142.75,212.60,-47.45,81.70,854.00,81.70,854.00,-31.21,-47.45,M1->M2 x M3,99.73,181.42,442.6,55.0,128.0,1031.7,395.9
950,0.30,5.0,225.20,218.64,291.52,-35.78,81.70,861.90,81.70,861.90,-26.22,-35.78,M1->M2 x M3,99.73,181.42,442.6,55.0,128.0,1031.7,457.4
950,0.30,6.0,296.94,294.46,370.36,-24.07,81.94,874.10,81.94,874.10,-20.40,-24.07,M1->M2 x M3,99.73,181.42,442.6,55.0,128.0,1031.7,519.1
950,0.30,7.0,368.59,370.20,449.09,-12.32,82.59,890.47,82.59,890.47,-14.55,-14.55,M3->FP x M2,99.73,181.42,442.6,55.0,128.0,1031.7,581.0
950,0.30,8.0,440.12,445.82,527.68,-0.53,83.65,910.85,83.65,910.85,-8.67,-8.67,M3->FP x M2,99.73,181.42,442.6,55.0,128.0,1031.7,643.2
950,0.30,9.0,511.52,521.30,606.10,10.32,85.11,935.03,85.11,935.03,-2.77,-2.77,M3->FP x M2,99.73,181.42,442.6,55.0,128.0,1031.7,705.7
950,0.30,10.0,582.76,596.63,684.35,20.70,86.96,962.82,86.96,962.82,3.05,3.05,M3->FP x M2,99.73,181.42,442.6,55.0,128.0,1031.7,768.5
950,0.30,11.0,653.83,671.77,762.38,30.59,89.18,994.00,89.18,994.00,8.81,8.81,M3->FP x M2,99.73,181.42,442.6,55.0,128.0,1031.7,831.7
950,0.30,12.0,724.69,746.71,840.19,39.99,91.74,1028.34,91.74,1028.34,14.61,14.61,M3->FP x M2,99.73,181.42,442.6,55.0,128.0,1031.7,895.4
950,0.30,13.0,795.34,821.42,917.73,48.88,94.64,1065.65,94.64,1065.65,20.45,20.45,M3->FP x M2,99.73,181.42,442.6,55.0,128.0,1031.7,959.5
950,0.30,14.0,865.74,895.88,995.00,57.26,97.85,1105.74,97.85,1105.74,26.34,26.34,M3->FP x M2,99.73,181.42,442.6,55.0,128.0,1031.7,1024.2
950,0.30,15.0,935.88,970.07,1071.97,65.14,101.36,1148.42,101.36,1148.42,32.28,32.28,M3->FP x M2,99.73,181.42,442.6,55.0,128.0,1031.7,1089.5
950,0.30,16.0,1005.74,1043.96,1148.60,72.54,105.15,1193.56,105.15,1193.56,38.27,38.27,M3->FP x M2,99.73,181.42,442.6,55.0,128.0,1031.7,1155.3
950,0.30,17.0,1075.29,1117.54,1224.89,79.46,109.19,1241.01,109.03,1241.01,44.33,44.33,M3->FP x M2,99.73,181.42,442.6,55.0,128.0,1031.7,1221.9
950,0.30,18.0,1144.51,1190.77,1300.81,85.95,113.48,1290.65,112.67,1290.65,50.45,50.45,M3->FP x M2,99.73,181.42,442.6,55.0,128.0,1031.7,1289.1
950,0.30,19.0,1213.38,1263.65,1376.33,92.01,118.01,1340.62,116.07,1342.40,56.64,56.64,M3->FP x M2,99.73,181.42,442.6,55.0,128.0,1031.7,1357.1
950,0.30,20.0,1281.88,1336.13,1451.43,97.68,122.76,1386.78,119.25,1396.16,62.91,62.91,M3->FP x M2,99.73,181.42,442.6,55.0,128.0,1031.7,1426.0
950,0.35,2.0,-10.21,-34.82,40.49,-68.34,97.94,833.50,97.94,833.50,-36.71,-68.34,M1->M2 x M3,116.50,214.44,405.5,64.2,146.4,1047.9,265.6
950,0.35,3.0,53.79,32.98,111.92,-68.19,97.94,833.50,97.94,833.50,-36.73,-68.19,M1->M2 x M3,116.50,214.44,405.5,64.2,146.4,1047.9,318.9
950,0.35,4.0,117.76,100.76,183.31,-63.09,97.94,834.46,97.94,834.46,-36.85,-63.09,M1->M2 x M3,116.50,214.44,405.5,64.2,146.4,1047.9,372.3
950,0.35,5.0,181.70,168.50,254.65,-51.41,97.94,838.73,97.94,838.73,-35.99,-51.41,M1->M2 x M3,116.50,214.44,405.5,64.2,146.4,1047.9,425.9
950,0.35,6.0,245.59,236.20,325.91,-39.68,97.96,846.40,97.96,846.40,-30.16,-39.68,M1->M2 x M3,116.50,214.44,405.5,64.2,146.4,1047.9,479.6
950,0.35,7.0,309.40,303.82,397.07,-27.92,98.23,857.41,98.23,857.41,-24.30,-27.92,M1->M2 x M3,116.50,214.44,405.5,64.2,146.4,1047.9,533.5
950,0.35,8.0,373.11,371.35,468.11,-16.11,98.85,871.67,98.85,871.67,-18.42,-18.42,M3->FP x M2,116.50,214.44,405.5,64.2,146.4,1047.9,587.6
950,0.35,9.0,436.71,438.77,539.01,-4.24,99.82,889.09,99.82,889.09,-12.52,-12.52,M3->FP x M2,116.50,214.44,405.5,64.2,146.4,1047.9,642.0
950,0.35,10.0,500.18,506.05,609.74,7.06,101.13,909.55,101.13,909.55,-6.58,-6.58,M3->FP x M2,116.50,214.44,405.5,64.2,146.4,1047.9,696.8
950,0.35,11.0,563.50,573.18,680.29,17.73,102.78,932.91,102.78,932.91,-0.60,-0.60,M3->FP x M2,116.50,214.44,405.5,64.2,146.4,1047.9,751.8
950,0.35,12.0,626.64,640.14,750.63,28.01,104.75,959.04,104.75,959.04,5.22,5.22,M3->FP x M2,116.50,214.44,405.5,64.2,146.4,1047.9,807.3
950,0.35,13.0,689.59,706.90,820.74,37.88,107.04,987.79,107.04,987.79,11.06,11.06,M3->FP x M2,116.50,214.44,405.5,64.2,146.4,1047.9,863.1
950,0.35,14.0,752.34,773.44,890.60,47.33,109.64,1019.05,109.64,1019.05,16.95,16.95,M3->FP x M2,116.50,214.44,405.5,64.2,146.4,1047.9,919.5
950,0.35,15.0,814.85,839.75,960.19,56.35,112.53,1052.67,112.53,1052.67,22.90,22.90,M3->FP x M2,116.50,214.44,405.5,64.2,146.4,1047.9,976.3
950,0.35,16.0,877.11,905.80,1029.49,64.94,115.71,1088.54,115.71,1088.54,28.90,28.90,M3->FP x M2,116.50,214.44,405.5,64.2,146.4,1047.9,1033.6
950,0.35,17.0,939.11,971.58,1098.47,73.10,119.15,1126.56,119.15,1126.56,34.96,34.96,M3->FP x M2,116.50,214.44,405.5,64.2,146.4,1047.9,1091.6
950,0.35,18.0,1000.83,1037.06,1167.12,80.84,122.87,1166.63,122.87,1166.63,41.08,41.08,M3->FP x M2,116.50,214.44,405.5,64.2,146.4,1047.9,1150.1
950,0.35,19.0,1062.23,1102.23,1235.41,88.18,126.83,1208.68,126.83,1208.68,47.27,47.27,M3->FP x M2,116.50,214.44,405.5,64.2,146.4,1047.9,1209.4
950,0.35,20.0,1123.32,1167.05,1303.33,95.12,131.03,1252.62,130.76,1252.62,53.54,53.54,M3->FP x M2,116.50,214.44,405.5,64.2,146.4,1047.9,1269.3
950,0.40,2.0,-26.44,-57.04,30.08,-79.02,114.71,816.68,114.71,816.68,-41.87,-79.02,M1->M2 x M3,133.32,248.03,377.8,73.3,165.1,1064.7,262.2
950,0.40,3.0,31.66,4.58,95.88,-79.13,114.71,816.68,114.71,816.68,-42.02,-79.13,M1->M2 x M3,133.32,248.03,377.8,73.3,165.1,1064.7,309.6
950,0.40,4.0,89.72,66.17,161.66,-78.76,114.71,816.72,114.71,816.72,-42.16,-78.76,M1->M2 x M3,133.32,248.03,377.8,73.3,165.1,1064.7,357.1
950,0.40,5.0,147.77,127.74,227.38,-67.05,114.71,818.56,114.71,818.56,-41.84,-67.05,M1->M2 x M3,133.32,248.03,377.8,73.3,165.1,1064.7,404.7
950,0.40,6.0,205.76,189.27,293.04,-55.32,114.71,823.17,114.71,823.17,-40.06,-55.32,M1->M2 x M3,133.32,248.03,377.8,73.3,165.1,1064.7,452.4
950,0.40,7.0,263.70,250.75,358.60,-43.54,114.75,830.52,114.75,830.52,-34.20,-43.54,M1->M2 x M3,133.32,248.03,377.8,73.3,165.1,1064.7,500.3
950,0.40,8.0,321.55,312.15,424.06,-31.71,115.05,840.59,115.05,840.59,-28.32,-31.71,M1->M2 x M3,133.32,248.03,377.8,73.3,165.1,1064.7,548.4
950,0.40,9.0,379.31,373.45,489.39,-19.82,115.65,853.32,115.65,853.32,-22.41,-22.41,M3->FP x M2,133.32,248.03,377.8,73.3,165.1,1064.7,596.8
950,0.40,10.0,436.95,434.64,554.57,-7.87,116.55,868.64,116.55,868.64,-16.47,-16.47,M3->FP x M2,133.32,248.03,377.8,73.3,165.1,1064.7,645.4
950,0.40,11.0,494.45,495.69,619.58,3.82,117.75,886.47,117.75,886.47,-10.49,-10.49,M3->FP x M2,133.32,248.03,377.8,73.3,165.1,1064.7,694.4
950,0.40,12.0,551.81,556.60,684.40,14.73,119.24,906.73,119.24,906.73,-4.47,-4.47,M3->FP x M2,133.32,248.03,377.8,73.3,165.1,1064.7,743.6
950,0.40,13.0,609.00,617.34,749.01,25.32,121.03,929.32,121.03,929.32,1.54,1.54,M3->FP x M2,133.32,248.03,377.8,73.3,165.1,1064.7,793.3
950,0.40,14.0,666.00,677.88,813.39,35.57,123.11,954.16,123.11,954.16,7.43,7.43,M3->FP x M2,133.32,248.03,377.8,73.3,165.1,1064.7,843.4
950,0.40,15.0,722.80,738.23,877.53,45.46,125.47,981.15,125.47,981.15,13.38,13.38,M3->FP x M2,133.32,248.03,377.8,73.3,165.1,1064.7,893.9
950,0.40,16.0,779.38,798.34,941.40,54.99,128.10,1010.21,128.10,1010.21,19.38,19.38,M3->FP x M2,133.32,248.03,377.8,73.3,165.1,1064.7,944.8
950,0.40,17.0,835.72,858.22,1004.98,64.15,131.01,1041.26,131.01,1041.26,25.44,25.44,M3->FP x M2,133.32,248.03,377.8,73.3,165.1,1064.7,996.3
950,0.40,18.0,891.81,917.83,1068.26,72.94,134.17,1074.21,134.17,1074.21,31.57,31.57,M3->FP x M2,133.32,248.03,377.8,73.3,165.1,1064.7,1048.4
950,0.40,19.0,947.62,977.16,1131.21,81.36,137.60,1109.02,137.60,1109.02,37.77,37.77,M3->FP x M2,133.32,248.03,377.8,73.3,165.1,1064.7,1101.0
950,0.40,20.0,1003.15,1036.19,1193.82,89.41,141.28,1145.61,141.28,1145.61,44.04,44.04,M3->FP x M2,133.32,248.03,377.8,73.3,165.1,1064.7,1154.3
950,0.45,2.0,-40.23,-76.98,22.11,-89.83,131.92,799.81,131.92,799.81,-47.16,-89.83,M1->M2 x M3,150.19,282.11,356.2,82.5,184.1,1081.9,261.8
950,0.45,3.0,13.27,-20.26,83.62,-89.94,131.92,799.81,131.92,799.81,-47.41,-89.94,M1->M2 x M3,150.19,282.11,356.2,82.5,184.1,1081.9,304.6
950,0.45,4.0,66.75,36.49,145.09,-90.04,131.92,799.81,131.92,799.81,-47.18,-90.04,M1->M2 x M3,150.19,282.11,356.2,82.5,184.1,1081.9,347.4
950,0.45,5.0,120.20,93.20,206.52,-82.70,131.92,800.16,131.92,800.16,-47.15,-82.70,M1->M2 x M3,150.19,282.11,356.2,82.5,184.1,1081.9,390.4
950,0.45,6.0,173.62,149.87,267.89,-70.95,131.92,802.59,131.92,802.59,-47.38,-70.95,M1->M2 x M3,150.19,282.11,356.2,82.5,184.1,1081.9,433.5
950,0.45,7.0,226.99,206.51,329.18,-59.15,131.92,807.32,131.92,807.32,-44.23,-59.15,M1->M2 x M3,150.19,282.11,356.2,82.5,184.1,1081.9,476.7
950,0.45,8.0,280.29,263.08,390.37,-47.31,131.98,814.37,131.98,814.37,-38.34,-47.31,M1->M2 x M3,150.19,282.11,356.2,82.5,184.1,1081.9,520.2
950,0.45,9.0,333.50,319.57,451.44,-35.40,132.30,823.69,132.30,823.69,-32.43,-35.40,M1->M2 x M3,150.19,282.11,356.2,82.5,184.1,1081.9,563.8
950,0.45,10.0,386.61,375.96,512.37,-23.44,132.89,835.25,132.89,835.25,-26.48,-26.48,M3->FP x M2,150.19,282.11,356.2,82.5,184.1,1081.9,607.7
950,0.45,11.0,439.60,432.24,573.14,-11.40,133.74,849.01,133.74,849.01,-20.49,-20.49,M3->FP x M2,150.19,282.11,356.2,82.5,184.1,1081.9,651.9
950,0.45,12.0,492.46,488.38,633.74,0.67,134.85,864.91,134.85,864.91,-14.47,-14.47,M3->FP x M2,150.19,282.11,356.2,82.5,184.1,1081.9,696.4
950,0.45,13.0,545.17,544.38,694.15,11.78,136.23,882.90,136.23,882.90,-8.40,-8.40,M3->FP x M2,150.19,282.11,356.2,82.5,184.1,1081.9,741.2
950,0.45,14.0,597.71,600.21,754.34,22.62,137.88,902.91,137.88,902.91,-2.29,-2.29,M3->FP x M2,150.19,282.11,356.2,82.5,184.1,1081.9,786.4
950,0.45,15.0,650.07,655.86,814.31,33.18,139.79,924.89,139.79,924.89,3.75,3.75,M3->FP x M2,150.19,282.11,356.2,82.5,184.1,1081.9,832.0
950,0.45,16.0,702.23,711.31,874.03,43.45,141.96,948.76,141.96,948.76,9.75,9.75,M3->FP x M2,150.19,282.11,356.2,82.5,184.1,1081.9,878.0
950,0.45,17.0,754.18,766.55,933.48,53.40,144.39,974.48,144.39,974.48,15.82,15.82,M3->FP x M2,150.19,282.11,356.2,82.5,184.1,1081.9,924.5
950,0.45,18.0,805.90,821.54,992.65,63.04,147.07,1001.97,147.07,1001.97,21.95,21.95,M3->FP x M2,150.19,282.11,356.2,82.5,184.1,1081.9,971.5
950,0.45,19.0,857.38,876.29,1051.51,72.36,150.01,1031.20,150.01,1031.20,28.15,28.15,M3->FP x M2,150.19,282.11,356.2,82.5,184.1,1081.9,1019.0
950,0.45,20.0,908.59,930.78,1110.05,81.35,153.19,1062.11,153.19,1062.11,34.43,34.43,M3->FP x M2,150.19,282.11,356.2,82.5,184.1,1081.9,1067.1
950,0.50,2.0,-52.32,-95.35,15.87,-101.10,149.48,782.89,149.48,782.89,-52.70,-101.10,M1->M2 x M3,167.11,316.59,338.9,91.7,203.2,1099.5,263.5
950,0.50,3.0,-2.49,-42.60,73.99,-101.13,149.48,782.89,149.48,782.89,-52.63,-101.13,M1->M2 x M3,167.11,316.59,338.9,91.7,203.2,1099.5,302.6
950,0.50,4.0,47.31,10.22,132.10,-101.13,149.48,782.89,149.48,782.89,-52.33,-101.13,M1->M2 x M3,167.11,316.59,338.9,91.7,203.2,1099.5,341.7
950,0.50,5.0,97.10,62.98,190.16,-98.31,149.48,782.89,149.48,782.89,-52.69,-98.31,M1->M2 x M3,167.11,316.59,338.9,91.7,203.2,1099.5,381.0
950,0.50,6.0,146.86,115.72,248.17,-86.54,149.48,783.70,149.48,783.70,-52.31,-86.54,M1->M2 x M3,167.11,316.59,338.9,91.7,203.2,1099.5,420.3
950,0.50,7.0,196.58,168.43,306.10,-74.73,149.48,786.48,149.48,786.48,-52.58,-74.73,M1->M2 x M3,167.11,316.59,338.9,91.7,203.2,1099.5,459.9
950,0.50,8.0,246.23,221.09,363.93,-62.87,149.48,791.24,149.48,791.24,-48.46,-62.87,M1->M2 x M3,167.11,316.59,338.9,91.7,203.2,1099.5,499.6
950,0.50,9.0,295.81,273.67,421.66,-50.95,149.58,797.99,149.58,797.99,-42.54,-50.95,M1->M2 x M3,167.11,316.59,338.9,91.7,203.2,1099.5,539.5
950,0.50,10.0,345.30,326.18,479.26,-38.97,149.92,806.70,149.92,806.70,-36.59,-38.97,M1->M2 x M3,167.11,316.59,338.9,91.7,203.2,1099.5,579.6
950,0.50,11.0,394.69,378.58,536.71,-26.91,150.49,817.36,150.49,817.36,-30.60,-30.60,M3->FP x M2,167.11,316.59,338.9,91.7,203.2,1099.5,620.0
950,0.50,12.0,443.95,430.87,594.00,-14.77,151.30,829.93,151.30,829.93,-24.57,-24.57,M3->FP x M2,167.11,316.59,338.9,91.7,203.2,1099.5,660.6
950,0.50,13.0,493.08,483.03,651.10,-2.55,152.35,844.37,152.35,844.37,-18.50,-18.50,M3->FP x M2,167.11,316.59,338.9,91.7,203.2,1099.5,701.6
950,0.50,14.0,542.06,535.05,708.01,8.93,153.64,860.65,153.64,860.65,-12.38,-12.38,M3->FP x M2,167.11,316.59,338.9,91.7,203.2,1099.5,742.9
950,0.50,15.0,590.87,586.89,764.70,20.00,155.18,878.72,155.18,878.72,-6.20,-6.20,M3->FP x M2,167.11,316.59,338.9,91.7,203.2,1099.5,784.5
950,0.50,16.0,639.51,638.56,821.16,30.84,156.95,898.54,156.95,898.54,0.03,0.03,M3->FP x M2,167.11,316.59,338.9,91.7,203.2,1099.5,826.6
950,0.50,17.0,687.94,690.04,877.37,41.42,158.97,920.06,158.97,920.06,6.10,6.10,M3->FP x M2,167.11,316.59,338.9,91.7,203.2,1099.5,869.1
950,0.50,18.0,736.17,741.31,933.32,51.74,161.23,943.25,161.23,943.25,12.23,12.23,M3->FP x M2,167.11,316.59,338.9,91.7,203.2,1099.5,912.0
950,0.50,19.0,784.18,792.34,988.98,61.79,163.74,968.06,163.74,968.06,18.44,18.44,M3->FP x M2,167.11,316.59,338.9,91.7,203.2,1099.5,955.5
950,0.50,20.0,831.95,843.14,1044.33,71.56,166.48,994.46,166.48,994.46,24.72,24.72,M3->FP x M2,167.11,316.59,338.9,91.7,203.2,1099.5,999.4
950,0.55,2.0,-57.37,-111.92,10.87,-112.24,167.31,765.92,167.31,765.92,-57.96,-112.24,M1->M2 x M3,184.08,351.38,324.7,100.8,222.6,1117.3,266.7
950,0.55,3.0,-16.36,-63.13,66.29,-112.21,167.31,765.92,167.31,765.92,-57.71,-112.21,M1->M2 x M3,184.08,351.38,324.7,100.8,222.6,1117.3,302.7
950,0.55,4.0,30.46,-13.61,121.70,-112.17,167.31,765.92,167.31,765.92,-57.97,-112.17,M1->M2 x M3,184.08,351.38,324.7,100.8,222.6,1117.3,338.9
950,0.55,5.0,77.25,35.91,177.06,-112.09,167.31,765.92,167.31,765.92,-57.71,-112.09,M1->M2 x M3,184.08,351.38,324.7,100.8,222.6,1117.3,375.1
950,0.55,6.0,124.01,85.38,232.38,-102.07,167.31,765.97,167.31,765.97,-57.92,-102.07,M1->M2 x M3,184.08,351.38,324.7,100.8,222.6,1117.3,411.5
950,0.55,7.0,170.74,134.82,287.62,-90.25,167.31,767.22,167.31,767.22,-57.83,-90.25,M1->M2 x M3,184.08,351.38,324.7,100.8,222.6,1117.3,447.9
950,0.55,8.0,217.42,184.23,342.78,-78.37,167.31,770.22,167.31,770.22,-57.76,-78.37,M1->M2 x M3,184.08,351.38,324.7,100.8,222.6,1117.3,484.6
950,0.55,9.0,264.03,233.58,397.83,-66.43,167.31,774.96,167.31,774.96,-52.72,-66.43,M1->M2 x M3,184.08,351.38,324.7,100.8,222.6,1117.3,521.4
950,0.55,10.0,310.56,282.86,452.76,-54.43,167.45,781.45,167.45,781.45,-46.77,-54.43,M1->M2 x M3,184.08,351.38,324.7,100.8,222.6,1117.3,558.4
950,0.55,11.0,357.00,332.05,507.55,-42.36,167.80,789.67,167.80,789.67,-40.78,-42.36,M1->M2 x M3,184.08,351.38,324.7,100.8,222.6,1117.3,595.7
950,0.55,12.0,403.32,381.14,562.19,-30.21,168.36,799.60,168.36,799.60,-34.74,-34.74,M3->FP x M2,184.08,351.38,324.7,100.8,222.6,1117.3,633.2
950,0.55,13.0,449.53,430.11,616.65,-17.96,169.14,811.24,169.14,811.24,-28.67,-28.67,M3->FP x M2,184.08,351.38,324.7,100.8,222.6,1117.3,671.0
950,0.55,14.0,495.59,478.96,670.93,-5.62,170.14,824.55,170.14,824.55,-22.54,-22.54,M3->FP x M2,184.08,351.38,324.7,100.8,222.6,1117.3,709.1
950,0.55,15.0,541.51,527.65,725.01,6.25,171.37,839.50,171.37,839.50,-16.36,-16.36,M3->FP x M2,184.08,351.38,324.7,100.8,222.6,1117.3,747.6
950,0.55,16.0,587.26,576.19,778.86,17.53,172.81,856.08,172.81,856.08,-10.13,-10.13,M3->FP x M2,184.08,351.38,324.7,100.8,222.6,1117.3,786.4
950,0.55,17.0,632.83,624.55,832.47,28.61,174.48,874.23,174.48,874.23,-3.83,-3.83,M3->FP x M2,184.08,351.38,324.7,100.8,222.6,1117.3,825.6
950,0.55,18.0,678.21,672.72,885.84,39.47,176.38,893.95,176.38,893.95,2.44,2.44,M3->FP x M2,184.08,351.38,324.7,100.8,222.6,1117.3,865.2
950,0.55,19.0,723.38,720.69,938.93,50.12,178.51,915.19,178.51,915.19,8.65,8.65,M3->FP x M2,184.08,351.38,324.7,100.8,222.6,1117.3,905.3
950,0.55,20.0,768.34,768.43,991.74,60.53,180.87,937.93,180.87,937.93,14.94,14.94,M3->FP x M2,184.08,351.38,324.7,100.8,222.6,1117.3,945.9
950,0.60,2.0,-62.58,-123.39,6.80,-123.38,185.32,748.91,185.32,748.91,-62.86,-123.39,in->M1 x M3,201.09,386.41,313.0,110.0,242.1,1135.3,271.0
950,0.60,3.0,-28.80,-82.31,60.03,-123.17,185.32,748.91,185.32,748.91,-62.97,-123.17,M1->M2 x M3,201.09,386.41,313.0,110.0,242.1,1135.3,304.6
950,0.60,4.0,15.53,-35.60,113.24,-123.24,185.32,748.91,185.32,748.91,-63.17,-123.24,M1->M2 x M3,201.09,386.41,313.0,110.0,242.1,1135.3,338.2
950,0.60,5.0,59.82,11.19,166.42,-123.34,185.32,748.91,185.32,748.91,-63.15,-123.34,M1->M2 x M3,201.09,386.41,313.0,110.0,242.1,1135.3,371.9
950,0.60,6.0,104.10,57.89,219.54,-117.52,185.32,748.91,185.32,748.91,-63.04,-117.52,M1->M2 x M3,201.09,386.41,313.0,110.0,242.1,1135.3,405.7
950,0.60,7.0,148.34,104.57,272.60,-105.67,185.32,749.12,185.32,749.12,-62.89,-105.67,M1->M2 x M3,201.09,386.41,313.0,110.0,242.1,1135.3,439.7
950,0.60,8.0,192.54,151.23,325.58,-93.78,185.32,750.69,185.32,750.69,-62.85,-93.78,M1->M2 x M3,201.09,386.41,313.0,110.0,242.1,1135.3,473.8
950,0.60,9.0,236.68,197.83,378.45,-81.83,185.32,753.83,185.32,753.83,-62.96,-81.83,M1->M2 x M3,201.09,386.41,313.0,110.0,242.1,1135.3,508.0
950,0.60,10.0,280.74,244.38,431.22,-69.81,185.33,758.52,185.33,758.52,-57.00,-69.81,M1->M2 x M3,201.09,386.41,313.0,110.0,242.1,1135.3,542.5
950,0.60,11.0,324.72,290.85,483.85,-57.72,185.50,764.77,185.50,764.77,-51.00,-57.72,M1->M2 x M3,201.09,386.41,313.0,110.0,242.1,1135.3,577.1
950,0.60,12.0,368.61,337.23,536.33,-45.55,185.86,772.58,185.86,772.58,-44.97,-45.55,M1->M2 x M3,201.09,386.41,313.0,110.0,242.1,1135.3,612.0
950,0.60,13.0,412.37,383.51,588.65,-33.29,186.42,781.94,186.42,781.94,-38.89,-38.89,M3->FP x M2,201.09,386.41,313.0,110.0,242.1,1135.3,647.2
950,0.60,14.0,456.02,429.67,640.79,-20.93,187.18,792.84,187.18,792.84,-32.76,-32.76,M3->FP x M2,201.09,386.41,313.0,110.0,242.1,1135.3,682.7
950,0.60,15.0,499.52,475.71,692.73,-8.47,188.14,805.26,188.14,805.26,-26.57,-26.57,M3->FP x M2,201.09,386.41,313.0,110.0,242.1,1135.3,718.4
950,0.60,16.0,542.88,521.59,744.47,3.77,189.31,819.17,189.31,819.17,-20.33,-20.33,M3->FP x M2,201.09,386.41,313.0,110.0,242.1,1135.3,754.6
950,0.60,17.0,586.06,567.32,795.97,15.24,190.69,834.57,190.69,834.57,-14.03,-14.03,M3->FP x M2,201.09,386.41,313.0,110.0,242.1,1135.3,791.0
950,0.60,18.0,629.07,612.88,847.24,26.55,192.28,851.43,192.28,851.43,-7.66,-7.66,M3->FP x M2,201.09,386.41,313.0,110.0,242.1,1135.3,827.9
950,0.60,19.0,671.89,658.25,898.24,37.67,194.08,869.73,194.08,869.73,-1.22,-1.22,M3->FP x M2,201.09,386.41,313.0,110.0,242.1,1135.3,865.2
950,0.60,20.0,714.50,703.42,948.98,48.61,196.10,889.44,196.10,889.44,5.11,5.11,M3->FP x M2,201.09,386.41,313.0,110.0,242.1,1135.3,903.0
950,0.65,2.0,-68.50,-134.60,3.45,-134.66,203.42,731.85,203.42,731.85,-68.20,-134.66,M1->M2 x M3,218.15,421.58,303.0,119.2,261.7,1153.4,276.2
950,0.65,3.0,-40.13,-100.44,54.87,-134.61,203.42,731.85,203.42,731.85,-68.13,-134.61,M1->M2 x M3,218.15,421.58,303.0,119.2,261.7,1153.4,307.7
950,0.65,4.0,2.10,-56.14,106.28,-134.60,203.42,731.85,203.42,731.85,-68.31,-134.60,M1->M2 x M3,218.15,421.58,303.0,119.2,261.7,1153.4,339.2
950,0.65,5.0,44.28,-11.75,157.65,-134.62,203.42,731.85,203.42,731.85,-68.50,-134.62,M1->M2 x M3,218.15,421.58,303.0,119.2,261.7,1153.4,370.7
950,0.65,6.0,86.44,32.61,208.97,-132.85,203.42,731.85,203.42,731.85,-68.34,-132.85,M1->M2 x M3,218.15,421.58,303.0,119.2,261.7,1153.4,402.4
950,0.65,7.0,128.58,76.91,260.23,-120.99,203.42,731.85,203.42,731.85,-68.11,-120.99,M1->M2 x M3,218.15,421.58,303.0,119.2,261.7,1153.4,434.2
950,0.65,8.0,170.68,121.20,311.42,-109.08,203.42,732.28,203.42,732.28,-68.14,-109.08,M1->M2 x M3,218.15,421.58,303.0,119.2,261.7,1153.4,466.1
950,0.65,9.0,212.73,165.44,362.50,-97.11,203.42,734.09,203.42,734.09,-68.43,-97.11,M1->M2 x M3,218.15,421.58,303.0,119.2,261.7,1153.4,498.2
950,0.65,10.0,254.71,209.64,413.48,-85.07,203.42,737.30,203.42,737.30,-67.26,-85.07,M1->M2 x M3,218.15,421.58,303.0,119.2,261.7,1153.4,530.5
950,0.65,11.0,296.62,253.77,464.33,-72.97,203.46,741.93,203.46,741.93,-61.26,-72.97,M1->M2 x M3,218.15,421.58,303.0,119.2,261.7,1153.4,563.0
950,0.65,12.0,338.44,297.82,515.04,-60.78,203.65,747.99,203.65,747.99,-55.22,-60.78,M1->M2 x M3,218.15,421.58,303.0,119.2,261.7,1153.4,595.7
950,0.65,13.0,380.15,341.78,565.59,-48.50,204.03,755.47,204.03,755.47,-49.13,-49.13,M3->FP x M2,218.15,421.58,303.0,119.2,261.7,1153.4,628.6
950,0.65,14.0,421.75,385.64,615.97,-36.13,204.58,764.36,204.58,764.36,-43.00,-43.00,M3->FP x M2,218.15,421.58,303.0,119.2,261.7,1153.4,661.9
950,0.65,15.0,463.21,429.38,666.16,-23.64,205.33,774.67,205.33,774.67,-36.81,-36.81,M3->FP x M2,218.15,421.58,303.0,119.2,261.7,1153.4,695.4
950,0.65,16.0,504.54,472.99,716.15,-11.05,206.26,786.37,206.26,786.37,-30.57,-30.57,M3->FP x M2,218.15,421.58,303.0,119.2,261.7,1153.4,729.2
950,0.65,17.0,545.72,516.46,765.92,1.54,207.39,799.47,207.39,799.47,-24.26,-24.26,M3->FP x M2,218.15,421.58,303.0,119.2,261.7,1153.4,763.4
950,0.65,18.0,586.72,559.76,815.45,13.20,208.71,813.93,208.71,813.93,-17.88,-17.88,M3->FP x M2,218.15,421.58,303.0,119.2,261.7,1153.4,797.9
950,0.65,19.0,627.55,602.90,864.74,24.72,210.23,829.76,210.23,829.76,-11.44,-11.44,M3->FP x M2,218.15,421.58,303.0,119.2,261.7,1153.4,832.9
950,0.65,20.0,668.19,645.86,913.77,36.09,211.96,846.94,211.96,846.94,-4.92,-4.92,M3->FP x M2,218.15,421.58,303.0,119.2,261.7,1153.4,868.2
950,0.70,2.0,-73.32,-145.78,0.67,-145.53,221.54,714.74,221.54,714.74,-73.60,-145.78,in->M1 x M3,235.26,456.80,294.4,128.3,281.3,1171.5,282.1
950,0.70,3.0,-50.60,-117.71,50.58,-145.66,221.54,714.74,221.54,714.74,-73.65,-145.66,M1->M2 x M3,235.26,456.80,294.4,128.3,281.3,1171.5,311.7
950,0.70,4.0,-10.20,-75.54,100.49,-145.91,221.54,714.74,221.54,714.74,-73.33,-145.91,M1->M2 x M3,235.26,456.80,294.4,128.3,281.3,1171.5,341.4
950,0.70,5.0,30.20,-33.27,150.36,-145.67,221.54,714.74,221.54,714.74,-73.23,-145.67,M1->M2 x M3,235.26,456.80,294.4,128.3,281.3,1171.5,371.2
950,0.70,6.0,70.56,9.08,200.18,-145.60,221.54,714.74,221.54,714.74,-73.52,-145.60,M1->M2 x M3,235.26,456.80,294.4,128.3,281.3,1171.5,401.0
950,0.70,7.0,110.90,51.31,249.94,-136.15,221.54,714.74,221.54,714.74,-73.79,-136.15,M1->M2 x M3,235.26,456.80,294.4,128.3,281.3,1171.5,431.0
950,0.70,8.0,151.20,93.52,299.63,-124.22,221.54,714.74,221.54,714.74,-73.54,-124.22,M1->M2 x M3,235.26,456.80,294.4,128.3,281.3,1171.5,461.0
950,0.70,9.0,191.46,135.70,349.23,-112.24,221.54,715.42,221.54,715.42,-73.36,-112.24,M1->M2 x M3,235.26,456.80,294.4,128.3,281.3,1171.5,491.3
950,0.70,10.0,231.66,177.84,398.72,-100.19,221.54,717.39,221.54,717.39,-73.54,-100.19,M1->M2 x M3,235.26,456.80,294.4,128.3,281.3,1171.5,521.7
950,0.70,11.0,271.79,219.93,448.09,-88.07,221.54,720.66,221.54,720.66,-71.51,-88.07,M1->M2 x M3,235.26,456.80,294.4,128.3,281.3,1171.5,552.3
950,0.70,12.0,311.84,261.95,497.32,-75.86,221.60,725.24,221.60,725.24,-65.47,-75.86,M1->M2 x M3,235.26,456.80,294.4,128.3,281.3,1171.5,583.1
950,0.70,13.0,351.79,303.89,546.40,-63.57,221.82,731.13,221.82,731.13,-59.38,-63.57,M1->M2 x M3,235.26,456.80,294.4,128.3,281.3,1171.5,614.1
950,0.70,14.0,391.64,345.74,595.31,-51.17,222.20,738.33,222.20,738.33,-53.24,-53.24,M3->FP x M2,235.26,456.80,294.4,128.3,281.3,1171.5,645.4
950,0.70,15.0,431.36,387.48,644.04,-38.67,222.76,746.85,222.76,746.85,-47.05,-47.05,M3->FP x M2,235.26,456.80,294.4,128.3,281.3,1171.5,677.0
950,0.70,16.0,470.96,429.11,692.58,-26.06,223.50,756.68,223.50,756.68,-40.80,-40.80,M3->FP x M2,235.26,456.80,294.4,128.3,281.3,1171.5,708.9
950,0.70,17.0,510.41,470.60,740.91,-13.32,224.41,767.82,224.41,767.82,-34.49,-34.49,M3->FP x M2,235.26,456.80,294.4,128.3,281.3,1171.5,741.1
950,0.70,18.0,549.71,511.95,789.01,-0.44,225.50,780.25,225.50,780.25,-28.11,-28.11,M3->FP x M2,235.26,456.80,294.4,128.3,281.3,1171.5,773.6
950,0.70,19.0,588.83,553.15,836.87,11.44,226.78,793.98,226.78,793.98,-21.66,-21.66,M3->FP x M2,235.26,456.80,294.4,128.3,281.3,1171.5,806.5
950,0.70,20.0,627.78,594.17,884.47,23.17,228.25,808.99,228.25,808.99,-15.13,-15.13,M3->FP x M2,235.26,456.80,294.4,128.3,281.3,1171.5,839.9
950,0.75,2.0,-78.55,-156.46,0.06,-156.99,239.57,697.58,239.57,697.58,-78.28,-156.99,M1->M2 x M3,252.42,492.00,287.0,137.5,300.9,1189.6,288.5
950,0.75,3.0,-60.38,-134.29,46.98,-157.00,239.57,697.58,239.57,697.58,-79.01,-157.00,M1->M2 x M3,252.42,492.00,287.0,137.5,300.9,1189.6,316.6
950,0.75,4.0,-21.56,-94.00,95.62,-156.97,239.57,697.58,239.57,697.58,-79.06,-156.97,M1->M2 x M3,252.42,492.00,287.0,137.5,300.9,1189.6,344.7
950,0.75,5.0,17.30,-53.61,144.23,-157.07,239.58,697.58,239.58,697.58,-78.98,-157.07,M1->M2 x M3,252.42,492.00,287.0,137.5,300.9,1189.6,372.8
950,0.75,6.0,56.09,-13.10,192.80,-156.82,239.57,697.58,239.57,697.58,-78.36,-156.82,M1->M2 x M3,252.42,492.00,287.0,137.5,300.9,1189.6,401.1
950,0.75,7.0,94.87,27.36,241.30,-151.14,239.57,697.58,239.57,697.58,-78.97,-151.14,M1->M2 x M3,252.42,492.00,287.0,137.5,300.9,1189.6,429.4
950,0.75,8.0,133.62,67.74,289.74,-139.20,239.58,697.58,239.58,697.58,-78.82,-139.20,M1->M2 x M3,252.42,492.00,287.0,137.5,300.9,1189.6,457.9
950,0.75,9.0,172.33,108.11,338.08,-127.20,239.57,697.62,239.57,697.62,-78.63,-127.20,M1->M2 x M3,252.42,492.00,287.0,137.5,300.9,1189.6,486.6
950,0.75,10.0,210.99,148.43,386.33,-115.13,239.57,698.52,239.57,698.52,-78.82,-115.13,M1->M2 x M3,252.42,492.00,287.0,137.5,300.9,1189.6,515.4
950,0.75,11.0,249.58,188.72,434.45,-102.99,239.57,700.62,239.57,700.62,-78.42,-102.99,M1->M2 x M3,252.42,492.00,287.0,137.5,300.9,1189.6,544.3
950,0.75,12.0,288.10,228.94,482.44,-90.77,239.58,703.93,239.58,703.93,-75.70,-90.77,M1->M2 x M3,252.42,492.00,287.0,137.5,300.9,1189.6,573.5
950,0.75,13.0,326.53,269.10,530.29,-78.46,239.66,708.45,239.66,708.45,-69.61,-78.46,M1->M2 x M3,252.42,492.00,287.0,137.5,300.9,1189.6,602.9
950,0.75,14.0,364.86,309.17,577.97,-66.05,239.91,714.20,239.91,714.20,-63.46,-66.05,M1->M2 x M3,252.42,492.00,287.0,137.5,300.9,1189.6,632.5
950,0.75,15.0,403.08,349.15,625.48,-53.53,240.31,721.19,240.31,721.19,-57.27,-57.27,M3->FP x M2,252.42,492.00,287.0,137.5,300.9,1189.6,662.4
950,0.75,16.0,441.18,389.02,672.80,-40.90,240.87,729.40,240.87,729.40,-51.01,-51.01,M3->FP x M2,252.42,492.00,287.0,137.5,300.9,1189.6,692.6
950,0.75,17.0,479.14,428.78,719.91,-28.14,241.60,738.85,241.60,738.85,-44.70,-44.70,M3->FP x M2,252.42,492.00,287.0,137.5,300.9,1189.6,723.1
950,0.75,18.0,516.96,468.40,766.80,-15.24,242.49,749.54,242.49,749.54,-38.31,-38.31,M3->FP x M2,252.42,492.00,287.0,137.5,300.9,1189.6,753.9
950,0.75,19.0,554.61,507.89,813.46,-2.20,243.57,761.45,243.57,761.45,-31.86,-31.86,M3->FP x M2,252.42,492.00,287.0,137.5,300.9,1189.6,785.1
950,0.75,20.0,592.10,547.21,859.87,10.00,244.82,774.58,244.82,774.58,-25.33,-25.33,M3->FP x M2,252.42,492.00,287.0,137.5,300.9,1189.6,816.6
950,0.80,2.0,-84.04,-168.33,0.93,-168.35,257.45,680.38,257.45,680.38,-84.29,-168.35,M1->M2 x M3,269.62,527.07,280.5,146.7,320.4,1207.4,295.3
950,0.80,3.0,-69.59,-150.27,43.93,-168.35,257.45,680.38,257.45,680.38,-83.93,-168.35,M1->M2 x M3,269.62,527.07,280.5,146.7,320.4,1207.4,322.0
950,0.80,4.0,-32.15,-111.65,91.51,-168.36,257.45,680.38,257.45,680.38,-83.50,-168.36,M1->M2 x M3,269.62,527.07,280.5,146.7,320.4,1207.4,348.7
950,0.80,5.0,5.35,-72.95,139.05,-168.30,257.45,680.38,257.45,680.38,-84.02,-168.30,M1->M2 x M3,269.62,527.07,280.5,146.7,320.4,1207.4,375.5
950,0.80,6.0,42.78,-34.13,186.55,-168.21,257.45,680.38,257.45,680.38,-84.16,-168.21,M1->M2 x M3,269.62,527.07,280.5,146.7,320.4,1207.4,402.3
950,0.80,7.0,80.20,4.80,233.99,-165.93,257.45,680.38,257.45,680.38,-83.61,-165.93,M1->M2 x M3,269.62,527.07,280.5,146.7,320.4,1207.4,429.3
950,0.80,8.0,117.59,43.55,281.37,-153.97,257.45,680.38,257.45,680.38,-83.96,-153.97,M1->M2 x M3,269.62,527.07,280.5,146.7,320.4,1207.4,456.4
950,0.80,9.0,154.95,82.28,328.65,-141.95,257.45,680.38,257.45,680.38,-84.26,-141.95,M1->M2 x M3,269.62,527.07,280.5,146.7,320.4,1207.4,483.6
950,0.80,10.0,192.26,120.99,375.84,-129.87,257.45,680.50,257.45,680.50,-83.65,-129.87,M1->M2 x M3,269.62,527.07,280.5,146.7,320.4,1207.4,511.0
950,0.80,11.0,229.51,159.66,422.91,-117.71,257.45,681.57,257.45,681.57,-83.88,-117.71,M1->M2 x M3,269.62,527.07,280.5,146.7,320.4,1207.4,538.6
950,0.80,12.0,266.69,198.28,469.86,-105.47,257.45,683.77,257.45,683.77,-84.06,-105.47,M1->M2 x M3,269.62,527.07,280.5,146.7,320.4,1207.4,566.3
950,0.80,13.0,303.79,236.85,516.66,-93.15,257.45,687.11,257.45,687.11,-79.79,-93.15,M1->M2 x M3,269.62,527.07,280.5,146.7,320.4,1207.4,594.2
950,0.80,14.0,340.79,275.34,563.30,-80.72,257.57,691.59,257.57,691.59,-73.64,-80.72,M1->M2 x M3,269.62,527.07,280.5,146.7,320.4,1207.4,622.4
950,0.80,15.0,377.70,313.74,609.77,-68.18,257.84,697.24,257.84,697.24,-67.44,-68.18,M1->M2 x M3,269.62,527.07,280.5,146.7,320.4,1207.4,650.9
950,0.80,16.0,414.49,352.05,656.06,-55.53,258.25,704.04,258.25,704.04,-61.18,-61.18,M3->FP x M2,269.62,527.07,280.5,146.7,320.4,1207.4,679.5
950,0.80,17.0,451.15,390.26,702.14,-42.75,258.82,712.02,258.82,712.02,-54.86,-54.86,M3->FP x M2,269.62,527.07,280.5,146.7,320.4,1207.4,708.5
950,0.80,18.0,487.67,428.34,748.01,-29.84,259.55,721.17,259.55,721.17,-48.47,-48.47,M3->FP x M2,269.62,527.07,280.5,146.7,320.4,1207.4,737.8
950,0.80,19.0,524.05,466.30,793.66,-16.78,260.43,731.50,260.43,731.50,-42.01,-42.01,M3->FP x M2,269.62,527.07,280.5,146.7,320.4,1207.4,767.5
950,0.80,20.0,560.26,504.11,839.06,-3.57,261.49,742.99,261.49,742.99,-35.47,-35.47,M3->FP x M2,269.62,527.07,280.5,146.7,320.4,1207.4,797.5
950,0.85,2.0,-89.31,-179.35,0.11,-179.34,275.07,663.13,275.07,663.13,-89.41,-179.35,in->M1 x M3,286.87,561.94,274.8,155.8,339.8,1225.1,314.0
950,0.85,3.0,-78.34,-165.72,41.34,-179.29,275.07,663.13,275.07,663.13,-88.87,-179.29,M1->M2 x M3,286.87,561.94,274.8,155.8,339.8,1225.1,327.8
950,0.85,4.0,-42.13,-128.62,88.00,-179.24,275.07,663.13,275.07,663.13,-89.19,-179.24,M1->M2 x M3,286.87,561.94,274.8,155.8,339.8,1225.1,353.3
950,0.85,5.0,-5.83,-91.44,134.63,-179.33,275.07,663.13,275.07,663.13,-89.11,-179.33,M1->M2 x M3,286.87,561.94,274.8,155.8,339.8,1225.1,378.9
950,0.85,6.0,30.42,-54.14,181.23,-179.22,275.07,663.13,275.07,663.13,-89.41,-179.22,M1->M2 x M3,286.87,561.94,274.8,155.8,339.8,1225.1,404.6
950,0.85,7.0,66.63,-16.71,227.76,-179.42,275.07,663.13,275.07,663.13,-89.44,-179.42,M1->M2 x M3,286.87,561.94,274.8,155.8,339.8,1225.1,430.3
950,0.85,8.0,102.83,20.68,274.23,-168.51,275.07,663.13,275.07,663.13,-89.45,-168.51,M1->M2 x M3,286.87,561.94,274.8,155.8,339.8,1225.1,456.2
950,0.85,9.0,138.99,57.95,320.62,-156.48,275.07,663.13,275.07,663.13,-89.35,-156.48,M1->M2 x M3,286.87,561.94,274.8,155.8,339.8,1225.1,482.1
950,0.85,10.0,175.11,95.19,366.90,-144.38,275.07,663.13,275.07,663.13,-88.98,-144.38,M1->M2 x M3,286.87,561.94,274.8,155.8,339.8,1225.1,508.3
950,0.85,11.0,211.18,132.41,413.08,-132.21,275.07,663.36,275.07,663.36,-89.52,-132.21,M1->M2 x M3,286.87,561.94,274.8,155.8,339.8,1225.1,534.6
950,0.85,12.0,247.18,169.59,459.13,-119.95,275.07,664.58,275.07,664.58,-88.85,-119.95,M1->M2 x M3,286.87,561.94,274.8,155.8,339.8,1225.1,561.0
950,0.85,13.0,283.11,206.72,505.04,-107.60,275.07,666.86,275.07,666.86,-89.31,-107.60,M1->M2 x M3,286.87,561.94,274.8,155.8,339.8,1225.1,587.7
950,0.85,14.0,318.95,243.78,550.80,-95.16,275.09,670.22,275.09,670.22,-83.75,-95.16,M1->M2 x M3,286.87,561.94,274.8,155.8,339.8,1225.1,614.6
950,0.85,15.0,354.70,280.77,596.38,-82.61,275.23,674.68,275.23,674.68,-77.54,-82.61,M1->M2 x M3,286.87,561.94,274.8,155.8,339.8,1225.1,641.7
950,0.85,16.0,390.34,317.68,641.79,-69.94,275.52,680.24,275.52,680.24,-71.28,-71.28,M3->FP x M2,286.87,561.94,274.8,155.8,339.8,1225.1,669.1
950,0.85,17.0,425.85,354.49,687.00,-57.14,275.95,686.92,275.95,686.92,-64.95,-64.95,M3->FP x M2,286.87,561.94,274.8,155.8,339.8,1225.1,696.8
950,0.85,18.0,461.24,391.18,732.00,-44.21,276.53,694.71,276.53,694.71,-58.56,-58.56,M3->FP x M2,286.87,561.94,274.8,155.8,339.8,1225.1,724.8
950,0.85,19.0,496.49,427.77,776.78,-31.13,277.25,703.63,277.25,703.63,-52.10,-52.10,M3->FP x M2,286.87,561.94,274.8,155.8,339.8,1225.1,753.1
950,0.85,20.0,531.59,464.22,821.32,-17.90,278.14,713.68,278.14,713.68,-45.56,-45.56,M3->FP x M2,286.87,561.94,274.8,155.8,339.8,1225.1,781.7
950,0.90,2.0,-94.26,-189.44,0.10,-190.30,292.35,645.84,292.35,645.84,-94.52,-190.30,M1->M2 x M3,304.16,596.51,269.7,165.0,359.1,1242.3,333.2
950,0.90,3.0,-86.70,-180.69,39.11,-190.19,292.35,645.84,292.35,645.84,-94.49,-190.19,M1->M2 x M3,304.16,596.51,269.7,165.0,359.1,1242.3,334.1
950,0.90,4.0,-51.57,-144.98,84.99,-190.28,292.35,645.84,292.35,645.84,-94.74,-190.28,M1->M2 x M3,304.16,596.51,269.7,165.0,359.1,1242.3,358.5
950,0.90,5.0,-16.37,-109.18,130.84,-190.33,292.35,645.84,292.35,645.84,-94.78,-190.33,M1->M2 x M3,304.16,596.51,269.7,165.0,359.1,1242.3,383.0
950,0.90,6.0,18.84,-73.27,176.66,-190.34,292.35,645.84,292.35,645.84,-94.31,-190.34,M1->M2 x M3,304.16,596.51,269.7,165.0,359.1,1242.3,407.5
950,0.90,7.0,53.99,-37.23,222.42,-190.52,292.35,645.84,292.35,645.84,-94.48,-190.52,M1->M2 x M3,304.16,596.51,269.7,165.0,359.1,1242.3,432.2
950,0.90,8.0,89.13,-1.05,268.11,-182.80,292.35,645.84,292.35,645.84,-93.97,-182.80,M1->M2 x M3,304.16,596.51,269.7,165.0,359.1,1242.3,456.9
950,0.90,9.0,124.23,34.89,313.72,-170.75,292.35,645.84,292.35,645.84,-94.78,-170.75,M1->M2 x M3,304.16,596.51,269.7,165.0,359.1,1242.3,481.8
950,0.90,10.0,159.30,70.81,359.24,-158.63,292.35,645.84,292.35,645.84,-93.75,-158.63,M1->M2 x M3,304.16,596.51,269.7,165.0,359.1,1242.3,506.8
950,0.90,11.0,194.32,106.71,404.64,-146.44,292.35,645.84,292.35,645.84,-94.81,-146.44,M1->M2 x M3,304.16,596.51,269.7,165.0,359.1,1242.3,532.0
950,0.90,12.0,229.28,142.58,449.93,-134.17,292.35,646.19,292.35,646.19,-93.84,-134.17,M1->M2 x M3,304.16,596.51,269.7,165.0,359.1,1242.3,557.4
950,0.90,13.0,264.16,178.40,495.07,-121.80,292.35,647.53,292.35,647.53,-94.81,-121.80,M1->M2 x M3,304.16,596.51,269.7,165.0,359.1,1242.3,582.9
950,0.90,14.0,298.97,214.17,540.07,-109.34,292.35,649.89,292.35,649.89,-93.76,-109.34,M1->M2 x M3,304.16,596.51,269.7,165.0,359.1,1242.3,608.7
950,0.90,15.0,333.69,249.87,584.90,-96.77,292.39,653.29,292.39,653.29,-87.55,-96.77,M1->M2 x M3,304.16,596.51,269.7,165.0,359.1,1242.3,634.7
950,0.90,16.0,368.31,285.50,629.55,-84.09,292.56,657.74,292.56,657.74,-81.28,-84.09,M1->M2 x M3,304.16,596.51,269.7,165.0,359.1,1242.3,660.9
950,0.90,17.0,402.81,321.04,674.01,-71.27,292.87,663.24,292.87,663.24,-74.96,-74.96,M3->FP x M2,304.16,596.51,269.7,165.0,359.1,1242.3,687.4
950,0.90,18.0,437.19,356.48,718.27,-58.32,293.31,669.82,293.31,669.82,-68.56,-68.56,M3->FP x M2,304.16,596.51,269.7,165.0,359.1,1242.3,714.2
950,0.90,19.0,471.44,391.82,762.30,-45.23,293.90,677.48,293.90,677.48,-62.09,-62.09,M3->FP x M2,304.16,596.51,269.7,165.0,359.1,1242.3,741.3
950,0.90,20.0,505.55,427.03,806.11,-31.98,294.64,686.23,294.64,686.23,-55.54,-55.54,M3->FP x M2,304.16,596.51,269.7,165.0,359.1,1242.3,768.7
1000,0.30,2.0,16.67,-2.41,61.59,-57.91,82.54,900.27,82.54,900.27,-31.53,-57.91,M1->M2 x M3,99.73,182.27,456.2,55.0,128.5,1082.5,279.9
1000,0.30,3.0,92.32,77.32,144.42,-58.15,82.54,900.66,82.54,900.66,-31.50,-58.15,M1->M2 x M3,99.73,182.27,456.2,55.0,128.5,1082.5,344.0
1000,0.30,4.0,167.95,157.03,227.20,-47.38,82.54,904.82,82.54,904.82,-31.40,-47.38,M1->M2 x M3,99.73,182.27,456.2,55.0,128.5,1082.5,408.3
1000,0.30,5.0,243.52,236.69,309.91,-35.71,82.54,913.52,82.54,913.52,-26.46,-35.71,M1->M2 x M3,99.73,182.27,456.2,55.0,128.5,1082.5,472.7
1000,0.30,6.0,319.02,316.28,392.53,-24.00,82.78,926.65,82.78,926.65,-20.63,-24.00,M1->M2 x M3,99.73,182.27,456.2,55.0,128.5,1082.5,537.3
1000,0.30,7.0,394.43,395.77,475.03,-12.26,83.43,944.10,83.43,944.10,-14.78,-14.78,M3->FP x M2,99.73,182.27,456.2,55.0,128.5,1082.5,602.1
1000,0.30,8.0,469.71,475.14,557.38,-0.46,84.48,965.68,84.48,965.68,-8.90,-8.90,M3->FP x M2,99.73,182.27,456.2,55.0,128.5,1082.5,667.3
1000,0.30,9.0,544.85,554.37,639.57,10.37,85.93,991.20,85.93,991.20,-3.00,-3.00,M3->FP x M2,99.73,182.27,456.2,55.0,128.5,1082.5,732.7
1000,0.30,10.0,619.83,633.43,721.56,20.73,87.75,1020.44,87.75,1020.44,2.83,2.83,M3->FP x M2,99.73,182.27,456.2,55.0,128.5,1082.5,798.6
1000,0.30,11.0,694.61,712.29,803.33,30.61,89.95,1053.19,89.95,1053.19,8.59,8.59,M3->FP x M2,99.73,182.27,456.2,55.0,128.5,1082.5,864.8
1000,0.30,12.0,769.19,790.94,884.85,39.99,92.49,1089.22,92.49,1089.22,14.39,14.39,M3->FP x M2,99.73,182.27,456.2,55.0,128.5,1082.5,931.5
1000,0.30,13.0,843.53,869.35,966.11,48.86,95.37,1128.32,95.37,1128.32,20.23,20.23,M3->FP x M2,99.73,182.27,456.2,55.0,128.5,1082.5,998.7
1000,0.30,14.0,917.61,947.49,1047.07,57.23,98.56,1170.30,98.56,1170.30,26.11,26.11,M3->FP x M2,99.73,182.27,456.2,55.0,128.5,1082.5,1066.5
1000,0.30,15.0,991.41,1025.34,1127.71,65.09,102.04,1214.99,102.04,1214.99,32.05,32.05,M3->FP x M2,99.73,182.27,456.2,55.0,128.5,1082.5,1134.8
1000,0.30,16.0,1064.92,1102.88,1208.01,72.47,105.80,1262.22,105.80,1262.22,38.05,38.05,M3->FP x M2,99.73,182.27,456.2,55.0,128.5,1082.5,1203.8
1000,0.30,17.0,1138.09,1180.09,1287.94,79.38,109.83,1311.87,109.69,1311.87,44.10,44.10,M3->FP x M2,99.73,182.27,456.2,55.0,128.5,1082.5,1273.5
1000,0.30,18.0,1210.92,1256.93,1367.48,85.85,114.09,1363.80,113.34,1363.80,50.23,50.23,M3->FP x M2,99.73,182.27,456.2,55.0,128.5,1082.5,1344.0
1000,0.30,19.0,1283.38,1333.40,1446.60,91.91,118.60,1416.27,116.74,1417.92,56.42,56.42,M3->FP x M2,99.73,182.27,456.2,55.0,128.5,1082.5,1415.3
1000,0.30,20.0,1355.46,1409.45,1525.28,97.57,123.33,1464.87,119.92,1474.15,62.68,62.68,M3->FP x M2,99.73,182.27,456.2,55.0,128.5,1082.5,1487.4
1000,0.35,2.0,-3.98,-28.87,46.74,-68.74,98.79,883.50,98.79,883.50,-36.81,-68.74,M1->M2 x M3,116.50,215.30,417.2,64.2,146.9,1098.8,271.2
1000,0.35,3.0,63.38,42.30,121.55,-68.75,98.79,883.50,98.79,883.50,-36.87,-68.75,M1->M2 x M3,116.50,215.30,417.2,64.2,146.9,1098.8,327.0
1000,0.35,4.0,130.71,113.43,196.32,-63.00,98.79,884.88,98.79,884.88,-36.74,-63.00,M1->M2 x M3,116.50,215.30,417.2,64.2,146.9,1098.8,382.9
1000,0.35,5.0,198.01,184.54,271.03,-51.31,98.79,889.77,98.79,889.77,-36.22,-51.31,M1->M2 x M3,116.50,215.30,417.2,64.2,146.9,1098.8,439.0
1000,0.35,6.0,265.24,255.58,345.65,-39.59,98.81,898.16,98.81,898.16,-30.39,-39.59,M1->M2 x M3,116.50,215.30,417.2,64.2,146.9,1098.8,495.2
1000,0.35,7.0,332.40,326.55,420.17,-27.83,99.08,909.99,99.08,909.99,-24.54,-27.83,M1->M2 x M3,116.50,215.30,417.2,64.2,146.9,1098.8,551.6
1000,0.35,8.0,399.45,397.42,494.57,-16.01,99.70,925.18,99.70,925.18,-18.66,-18.66,M3->FP x M2,116.50,215.30,417.2,64.2,146.9,1098.8,608.3
1000,0.35,9.0,466.38,468.17,568.81,-4.14,100.66,943.63,100.66,943.63,-12.75,-12.75,M3->FP x M2,116.50,215.30,417.2,64.2,146.9,1098.8,665.3
1000,0.35,10.0,533.17,538.78,642.88,7.14,101.96,965.20,101.96,965.20,-6.81,-6.81,M3->FP x M2,116.50,215.30,417.2,64.2,146.9,1098.8,722.6
1000,0.35,11.0,599.80,609.22,716.75,17.79,103.59,989.77,103.59,989.77,-0.84,-0.84,M3->FP x M2,116.50,215.30,417.2,64.2,146.9,1098.8,780.2
1000,0.35,12.0,666.24,679.47,790.40,28.06,105.55,1017.20,105.55,1017.20,4.99,4.99,M3->FP x M2,116.50,215.30,417.2,64.2,146.9,1098.8,838.3
1000,0.35,13.0,732.48,749.52,863.82,37.91,107.82,1047.34,107.82,1047.34,10.84,10.84,M3->FP x M2,116.50,215.30,417.2,64.2,146.9,1098.8,896.7
1000,0.35,14.0,798.50,819.34,936.97,47.35,110.40,1080.07,110.40,1080.07,16.73,16.73,M3->FP x M2,116.50,215.30,417.2,64.2,146.9,1098.8,955.7
1000,0.35,15.0,864.28,888.91,1009.83,56.35,113.27,1115.25,113.27,1115.25,22.67,22.67,M3->FP x M2,116.50,215.30,417.2,64.2,146.9,1098.8,1015.2
1000,0.35,16.0,929.79,958.21,1082.39,64.92,116.43,1152.76,116.43,1152.76,28.67,28.67,M3->FP x M2,116.50,215.30,417.2,64.2,146.9,1098.8,1075.2
1000,0.35,17.0,995.02,1027.22,1154.62,73.07,119.85,1192.50,119.85,1192.50,34.73,34.73,M3->FP x M2,116.50,215.30,417.2,64.2,146.9,1098.8,1135.9
1000,0.35,18.0,1059.94,1095.92,1226.50,80.79,123.54,1234.38,123.54,1234.38,40.86,40.86,M3->FP x M2,116.50,215.30,417.2,64.2,146.9,1098.8,1197.2
1000,0.35,19.0,1124.54,1164.28,1298.00,88.12,127.49,1278.31,127.49,1278.31,47.05,47.05,M3->FP x M2,116.50,215.30,417.2,64.2,146.9,1098.8,1259.2
1000,0.35,20.0,1188.80,1232.29,1369.11,95.05,131.67,1324.22,131.42,1324.22,53.32,53.32,M3->FP x M2,116.50,215.30,417.2,64.2,146.9,1098.8,1322.0
1000,0.40,2.0,-20.78,-51.66,35.75,-79.45,115.54,866.67,115.54,866.67,-41.82,-79.45,M1->M2 x M3,133.33,248.86,388.0,73.3,165.5,1115.5,267.2
1000,0.40,3.0,40.36,13.02,104.62,-79.31,115.54,866.67,115.54,866.67,-41.89,-79.31,M1->M2 x M3,133.33,248.86,388.0,73.3,165.5,1115.5,316.7
1000,0.40,4.0,101.47,77.66,173.46,-78.64,115.54,866.82,115.54,866.82,-42.15,-78.64,M1->M2 x M3,133.33,248.86,388.0,73.3,165.5,1115.5,366.4
1000,0.40,5.0,162.56,142.27,242.25,-66.93,115.54,869.17,115.54,869.17,-42.04,-66.93,M1->M2 x M3,133.33,248.86,388.0,73.3,165.5,1115.5,416.2
1000,0.40,6.0,223.60,206.85,310.96,-55.20,115.54,874.37,115.54,874.37,-40.29,-55.20,M1->M2 x M3,133.33,248.86,388.0,73.3,165.5,1115.5,466.1
1000,0.40,7.0,284.57,271.36,379.57,-43.42,115.58,882.39,115.58,882.39,-34.43,-43.42,M1->M2 x M3,133.33,248.86,388.0,73.3,165.5,1115.5,516.2
1000,0.40,8.0,345.45,335.78,448.07,-31.59,115.87,893.21,115.87,893.21,-28.55,-31.59,M1->M2 x M3,133.33,248.86,388.0,73.3,165.5,1115.5,566.6
1000,0.40,9.0,406.23,400.11,516.44,-19.70,116.47,906.75,116.47,906.75,-22.64,-22.64,M3->FP x M2,133.33,248.86,388.0,73.3,165.5,1115.5,617.2
1000,0.40,10.0,466.88,464.31,584.65,-7.75,117.36,922.96,117.36,922.96,-16.70,-16.70,M3->FP x M2,133.33,248.86,388.0,73.3,165.5,1115.5,668.0
1000,0.40,11.0,527.39,528.38,652.67,3.93,118.56,941.76,118.56,941.76,-10.72,-10.72,M3->FP x M2,133.33,248.86,388.0,73.3,165.5,1115.5,719.2
1000,0.40,12.0,587.74,592.28,720.50,14.82,120.04,963.06,120.04,963.06,-4.70,-4.70,M3->FP x M2,133.33,248.86,388.0,73.3,165.5,1115.5,770.8
1000,0.40,13.0,647.92,656.00,788.11,25.40,121.82,986.76,121.82,986.76,1.32,1.32,M3->FP x M2,133.33,248.86,388.0,73.3,165.5,1115.5,822.7
1000,0.40,14.0,707.89,719.52,855.48,35.63,123.88,1012.77,123.88,1012.77,7.21,7.21,M3->FP x M2,133.33,248.86,388.0,73.3,165.5,1115.5,875.1
1000,0.40,15.0,767.65,782.82,922.59,45.51,126.22,1041.01,126.22,1041.01,13.16,13.16,M3->FP x M2,133.33,248.86,388.0,73.3,165.5,1115.5,927.9
1000,0.40,16.0,827.17,845.88,989.42,55.02,128.84,1071.38,128.84,1071.38,19.16,19.16,M3->FP x M2,133.33,248.86,388.0,73.3,165.5,1115.5,981.3
1000,0.40,17.0,886.45,908.69,1055.95,64.17,131.73,1103.81,131.73,1103.81,25.23,25.23,M3->FP x M2,133.33,248.86,388.0,73.3,165.5,1115.5,1035.1
1000,0.40,18.0,945.45,971.22,1122.16,72.94,134.88,1138.23,134.88,1138.23,31.35,31.35,M3->FP x M2,133.33,248.86,388.0,73.3,165.5,1115.5,1089.6
1000,0.40,19.0,1004.17,1033.45,1188.02,81.34,138.29,1174.56,138.29,1174.56,37.55,37.55,M3->FP x M2,133.33,248.86,388.0,73.3,165.5,1115.5,1144.7
1000,0.40,20.0,1062.57,1095.37,1253.52,89.38,141.95,1212.74,141.95,1212.74,43.83,43.83,M3->FP x M2,133.33,248.86,388.0,73.3,165.5,1115.5,1200.4
1000,0.45,2.0,-35.03,-72.03,27.34,-90.14,132.70,849.80,132.70,849.80,-47.10,-90.14,M1->M2 x M3,150.20,282.90,365.3,82.5,184.5,1132.7,266.2
1000,0.45,3.0,21.28,-12.49,91.67,-90.30,132.70,849.80,132.70,849.80,-47.37,-90.30,M1->M2 x M3,150.20,282.90,365.3,82.5,184.5,1132.7,310.9
1000,0.45,4.0,77.56,47.06,155.96,-90.07,132.70,849.80,132.70,849.80,-47.32,-90.07,M1->M2 x M3,150.20,282.90,365.3,82.5,184.5,1132.7,355.7
1000,0.45,5.0,133.82,106.57,220.21,-82.55,132.70,850.44,132.70,850.44,-47.02,-82.55,M1->M2 x M3,150.20,282.90,365.3,82.5,184.5,1132.7,400.6
1000,0.45,6.0,190.04,166.05,284.39,-70.80,132.70,853.36,132.70,853.36,-47.29,-70.80,M1->M2 x M3,150.20,282.90,365.3,82.5,184.5,1132.7,445.7
1000,0.45,7.0,246.20,225.47,348.49,-59.00,132.70,858.66,132.70,858.66,-44.44,-59.00,M1->M2 x M3,150.20,282.90,365.3,82.5,184.5,1132.7,490.9
1000,0.45,8.0,302.29,284.83,412.48,-47.16,132.77,866.33,132.77,866.33,-38.56,-47.16,M1->M2 x M3,150.20,282.90,365.3,82.5,184.5,1132.7,536.3
1000,0.45,9.0,358.28,344.11,476.34,-35.25,133.09,876.33,133.09,876.33,-32.64,-35.25,M1->M2 x M3,150.20,282.90,365.3,82.5,184.5,1132.7,581.9
1000,0.45,10.0,414.17,403.27,540.06,-23.29,133.67,888.63,133.67,888.63,-26.69,-26.69,M3->FP x M2,150.20,282.90,365.3,82.5,184.5,1132.7,627.8
1000,0.45,11.0,469.93,462.32,603.62,-11.25,134.51,903.18,134.51,903.18,-20.71,-20.71,M3->FP x M2,150.20,282.90,365.3,82.5,184.5,1132.7,674.0
1000,0.45,12.0,525.54,521.22,666.99,0.81,135.62,919.94,135.62,919.94,-14.69,-14.69,M3->FP x M2,150.20,282.90,365.3,82.5,184.5,1132.7,720.5
1000,0.45,13.0,581.00,579.97,730.15,11.90,136.99,938.83,136.99,938.83,-8.62,-8.62,M3->FP x M2,150.20,282.90,365.3,82.5,184.5,1132.7,767.4
1000,0.45,14.0,636.28,638.54,793.10,22.73,138.63,959.81,138.63,959.81,-2.50,-2.50,M3->FP x M2,150.20,282.90,365.3,82.5,184.5,1132.7,814.6
1000,0.45,15.0,691.36,696.91,855.80,33.28,140.53,982.81,140.53,982.81,3.54,3.54,M3->FP x M2,150.20,282.90,365.3,82.5,184.5,1132.7,862.3
1000,0.45,16.0,746.24,755.08,918.24,43.53,142.69,1007.76,142.69,1007.76,9.54,9.54,M3->FP x M2,150.20,282.90,365.3,82.5,184.5,1132.7,910.4
1000,0.45,17.0,800.88,813.01,980.41,53.47,145.10,1034.61,145.10,1034.61,15.61,15.61,M3->FP x M2,150.20,282.90,365.3,82.5,184.5,1132.7,959.0
1000,0.45,18.0,855.29,870.69,1042.27,63.09,147.77,1063.30,147.77,1063.30,21.74,21.74,M3->FP x M2,150.20,282.90,365.3,82.5,184.5,1132.7,1008.1
1000,0.45,19.0,909.43,928.11,1103.82,72.39,150.70,1093.78,150.70,1093.78,27.94,27.94,M3->FP x M2,150.20,282.90,365.3,82.5,184.5,1132.7,1057.8
1000,0.45,20.0,963.29,985.25,1165.03,81.37,153.87,1126.01,153.87,1126.01,34.22,34.22,M3->FP x M2,150.20,282.90,365.3,82.5,184.5,1132.7,1108.1
1000,0.50,2.0,-47.48,-90.73,20.73,-101.22,150.20,832.88,150.20,832.88,-52.66,-101.22,M1->M2 x M3,167.12,317.31,347.1,91.7,203.6,1150.2,267.4
1000,0.50,3.0,4.97,-35.36,81.49,-101.10,150.20,832.88,150.20,832.88,-52.55,-101.10,M1->M2 x M3,167.12,317.31,347.1,91.7,203.6,1150.2,308.3
1000,0.50,4.0,57.38,20.06,142.22,-101.01,150.20,832.88,150.20,832.88,-52.44,-101.01,M1->M2 x M3,167.12,317.31,347.1,91.7,203.6,1150.2,349.2
1000,0.50,5.0,109.78,75.43,202.90,-98.14,150.20,832.90,150.20,832.90,-52.55,-98.14,M1->M2 x M3,167.12,317.31,347.1,91.7,203.6,1150.2,390.2
1000,0.50,6.0,162.15,130.78,263.53,-86.37,150.20,834.13,150.20,834.13,-52.40,-86.37,M1->M2 x M3,167.12,317.31,347.1,91.7,203.6,1150.2,431.3
1000,0.50,7.0,214.47,186.09,324.07,-74.56,150.20,837.40,150.20,837.40,-52.63,-74.56,M1->M2 x M3,167.12,317.31,347.1,91.7,203.6,1150.2,472.6
1000,0.50,8.0,266.72,241.34,384.52,-62.69,150.20,842.70,150.20,842.70,-48.66,-62.69,M1->M2 x M3,167.12,317.31,347.1,91.7,203.6,1150.2,514.1
1000,0.50,9.0,318.89,296.52,444.85,-50.78,150.30,850.03,150.30,850.03,-42.74,-50.78,M1->M2 x M3,167.12,317.31,347.1,91.7,203.6,1150.2,555.8
1000,0.50,10.0,370.96,351.61,505.04,-38.79,150.63,859.38,150.63,859.38,-36.78,-38.79,M1->M2 x M3,167.12,317.31,347.1,91.7,203.6,1150.2,597.7
1000,0.50,11.0,422.92,406.59,565.08,-26.74,151.20,870.70,151.20,870.70,-30.80,-30.80,M3->FP x M2,167.12,317.31,347.1,91.7,203.6,1150.2,639.9
1000,0.50,12.0,474.75,461.45,624.95,-14.60,152.01,883.99,152.01,883.99,-24.77,-24.77,M3->FP x M2,167.12,317.31,347.1,91.7,203.6,1150.2,682.4
1000,0.50,13.0,526.44,516.17,684.62,-2.37,153.06,899.20,153.06,899.20,-18.70,-18.70,M3->FP x M2,167.12,317.31,347.1,91.7,203.6,1150.2,725.1
1000,0.50,14.0,577.97,570.73,744.09,9.08,154.34,916.28,154.34,916.28,-12.57,-12.57,M3->FP x M2,167.12,317.31,347.1,91.7,203.6,1150.2,768.3
1000,0.50,15.0,629.32,625.11,803.33,20.14,155.87,935.21,155.87,935.21,-6.40,-6.40,M3->FP x M2,167.12,317.31,347.1,91.7,203.6,1150.2,811.8
1000,0.50,16.0,680.47,679.31,862.33,30.96,157.64,955.93,157.64,955.93,-0.17,-0.17,M3->FP x M2,167.12,317.31,347.1,91.7,203.6,1150.2,855.8
1000,0.50,17.0,731.42,733.30,921.06,41.53,159.65,978.41,159.65,978.41,5.91,5.91,M3->FP x M2,167.12,317.31,347.1,91.7,203.6,1150.2,900.1
1000,0.50,18.0,782.15,787.07,979.52,51.84,161.90,1002.60,161.90,1002.60,12.04,12.04,M3->FP x M2,167.12,317.31,347.1,91.7,203.6,1150.2,945.0
1000,0.50,19.0,832.64,840.59,1037.67,61.87,164.39,1028.46,164.39,1028.46,18.25,18.25,M3->FP x M2,167.12,317.31,347.1,91.7,203.6,1150.2,990.4
1000,0.50,20.0,882.88,893.86,1095.51,71.63,167.13,1055.96,167.13,1055.96,24.53,24.53,M3->FP x M2,167.12,317.31,347.1,91.7,203.6,1150.2,1036.3
1000,0.55,2.0,-57.34,-108.23,15.44,-112.28,167.95,815.92,167.95,815.92,-57.92,-112.28,M1->M2 x M3,184.08,352.03,332.2,100.8,223.0,1167.9,270.3
1000,0.55,3.0,-9.35,-56.33,73.33,-112.18,167.95,815.92,167.95,815.92,-57.77,-112.18,M1->M2 x M3,184.08,352.03,332.2,100.8,223.0,1167.9,307.9
1000,0.55,4.0,39.92,-4.33,131.20,-112.05,167.95,815.92,167.95,815.92,-57.89,-112.05,M1->M2 x M3,184.08,352.03,332.2,100.8,223.0,1167.9,345.7
1000,0.55,5.0,89.16,47.61,189.03,-112.13,167.95,815.92,167.95,815.92,-57.78,-112.13,M1->M2 x M3,184.08,352.03,332.2,100.8,223.0,1167.9,383.5
1000,0.55,6.0,138.38,99.54,246.81,-101.88,167.95,816.10,167.95,816.10,-57.91,-101.88,M1->M2 x M3,184.08,352.03,332.2,100.8,223.0,1167.9,421.4
1000,0.55,7.0,187.55,151.43,304.50,-90.05,167.95,817.80,167.95,817.80,-57.72,-90.05,M1->M2 x M3,184.08,352.03,332.2,100.8,223.0,1167.9,459.5
1000,0.55,8.0,236.66,203.27,362.11,-78.17,167.95,821.27,167.95,821.27,-57.94,-78.17,M1->M2 x M3,184.08,352.03,332.2,100.8,223.0,1167.9,497.8
1000,0.55,9.0,285.71,255.05,419.61,-66.24,167.95,826.53,167.95,826.53,-52.90,-66.24,M1->M2 x M3,184.08,352.03,332.2,100.8,223.0,1167.9,536.2
1000,0.55,10.0,334.66,306.76,476.97,-54.24,168.09,833.56,168.09,833.56,-46.95,-54.24,M1->M2 x M3,184.08,352.03,332.2,100.8,223.0,1167.9,574.9
1000,0.55,11.0,383.52,358.37,534.20,-42.17,168.44,842.37,168.44,842.37,-40.95,-42.17,M1->M2 x M3,184.08,352.03,332.2,100.8,223.0,1167.9,613.8
1000,0.55,12.0,432.26,409.87,591.25,-30.01,169.00,852.93,169.00,852.93,-34.92,-34.92,M3->FP x M2,184.08,352.03,332.2,100.8,223.0,1167.9,653.0
1000,0.55,13.0,480.86,461.25,648.13,-17.77,169.78,865.22,169.78,865.22,-28.84,-28.84,M3->FP x M2,184.08,352.03,332.2,100.8,223.0,1167.9,692.4
1000,0.55,14.0,529.32,512.49,704.82,-5.43,170.78,879.22,170.78,879.22,-22.72,-22.72,M3->FP x M2,184.08,352.03,332.2,100.8,223.0,1167.9,732.2
1000,0.55,15.0,577.62,563.57,761.28,6.42,171.99,894.91,171.99,894.91,-16.54,-16.54,M3->FP x M2,184.08,352.03,332.2,100.8,223.0,1167.9,772.4
1000,0.55,16.0,625.75,614.48,817.52,17.69,173.43,912.26,173.43,912.26,-10.30,-10.30,M3->FP x M2,184.08,352.03,332.2,100.8,223.0,1167.9,812.9
1000,0.55,17.0,673.68,665.20,873.51,28.76,175.10,931.22,175.10,931.22,-4.01,-4.01,M3->FP x M2,184.08,352.03,332.2,100.8,223.0,1167.9,853.8
1000,0.55,18.0,721.40,715.72,929.23,39.61,176.99,951.79,176.99,951.79,2.28,2.28,M3->FP x M2,184.08,352.03,332.2,100.8,223.0,1167.9,895.2
1000,0.55,19.0,768.91,766.02,984.66,50.24,179.11,973.92,179.11,973.92,8.48,8.48,M3->FP x M2,184.08,352.03,332.2,100.8,223.0,1167.9,937.1
1000,0.55,20.0,816.18,816.09,1039.80,60.64,181.46,997.60,181.46,997.60,14.77,14.77,M3->FP x M2,184.08,352.03,332.2,100.8,223.0,1167.9,979.4
1000,0.60,2.0,-62.30,-123.29,11.12,-123.43,185.87,798.90,185.87,798.90,-62.84,-123.43,M1->M2 x M3,201.10,386.97,319.8,110.0,242.4,1185.9,274.3
1000,0.60,3.0,-22.16,-75.85,66.69,-123.56,185.87,798.90,185.87,798.90,-63.02,-123.56,M1->M2 x M3,201.10,386.97,319.8,110.0,242.4,1185.9,309.3
1000,0.60,4.0,24.49,-26.80,122.23,-123.52,185.87,798.90,185.87,798.90,-63.23,-123.52,M1->M2 x M3,201.10,386.97,319.8,110.0,242.4,1185.9,344.4
1000,0.60,5.0,71.10,22.28,177.74,-123.34,185.87,798.90,185.87,798.90,-63.06,-123.34,M1->M2 x M3,201.10,386.97,319.8,110.0,242.4,1185.9,379.6
1000,0.60,6.0,117.69,71.30,233.19,-117.31,185.87,798.90,185.87,798.90,-62.93,-117.31,M1->M2 x M3,201.10,386.97,319.8,110.0,242.4,1185.9,414.9
1000,0.60,7.0,164.24,120.30,288.57,-105.46,185.87,799.38,185.87,799.38,-62.85,-105.46,M1->M2 x M3,201.10,386.97,319.8,110.0,242.4,1185.9,450.3
1000,0.60,8.0,210.75,169.26,343.86,-93.57,185.87,801.39,185.87,801.39,-62.99,-93.57,M1->M2 x M3,201.10,386.97,319.8,110.0,242.4,1185.9,485.8
1000,0.60,9.0,257.19,218.17,399.05,-81.62,185.87,804.99,185.87,804.99,-63.11,-81.62,M1->M2 x M3,201.10,386.97,319.8,110.0,242.4,1185.9,521.6
1000,0.60,10.0,303.55,267.01,454.12,-69.60,185.88,810.17,185.88,810.17,-57.15,-69.60,M1->M2 x M3,201.10,386.97,319.8,110.0,242.4,1185.9,557.5
1000,0.60,11.0,349.82,315.77,509.05,-57.51,186.05,816.95,186.05,816.95,-51.16,-57.51,M1->M2 x M3,201.10,386.97,319.8,110.0,242.4,1185.9,593.7
1000,0.60,12.0,395.99,364.44,563.82,-45.34,186.42,825.32,186.42,825.32,-45.12,-45.34,M1->M2 x M3,201.10,386.97,319.8,110.0,242.4,1185.9,630.1
1000,0.60,13.0,442.03,412.99,618.42,-33.08,186.97,835.26,186.97,835.26,-39.04,-39.04,M3->FP x M2,201.10,386.97,319.8,110.0,242.4,1185.9,666.8
1000,0.60,14.0,487.94,461.42,672.84,-20.72,187.73,846.76,187.73,846.76,-32.91,-32.91,M3->FP x M2,201.10,386.97,319.8,110.0,242.4,1185.9,703.8
1000,0.60,15.0,533.70,509.71,727.05,-8.26,188.69,859.82,188.69,859.82,-26.73,-26.73,M3->FP x M2,201.10,386.97,319.8,110.0,242.4,1185.9,741.2
1000,0.60,16.0,579.29,557.84,781.03,3.96,189.85,874.41,189.85,874.41,-20.49,-20.49,M3->FP x M2,201.10,386.97,319.8,110.0,242.4,1185.9,778.8
1000,0.60,17.0,624.71,605.80,834.78,15.43,191.23,890.51,191.23,890.51,-14.18,-14.18,M3->FP x M2,201.10,386.97,319.8,110.0,242.4,1185.9,816.9
1000,0.60,18.0,669.94,653.58,888.28,26.72,192.81,908.10,192.81,908.10,-7.81,-7.81,M3->FP x M2,201.10,386.97,319.8,110.0,242.4,1185.9,855.4
1000,0.60,19.0,714.97,701.16,941.50,37.83,194.61,927.17,194.61,927.17,-1.37,-1.37,M3->FP x M2,201.10,386.97,319.8,110.0,242.4,1185.9,894.3
1000,0.60,20.0,759.78,748.52,994.44,48.76,196.62,947.69,196.62,947.69,4.97,4.97,M3->FP x M2,201.10,386.97,319.8,110.0,242.4,1185.9,933.7
1000,0.65,2.0,-68.01,-134.62,7.57,-134.68,203.88,781.84,203.88,781.84,-68.23,-134.68,M1->M2 x M3,218.16,422.04,309.3,119.2,261.9,1203.9,279.3
1000,0.65,3.0,-33.82,-94.26,61.21,-134.69,203.88,781.84,203.88,781.84,-68.09,-134.69,M1->M2 x M3,218.16,422.04,309.3,119.2,261.9,1203.9,312.0
1000,0.65,4.0,10.62,-47.75,114.83,-134.49,203.88,781.84,203.88,781.84,-68.26,-134.49,M1->M2 x M3,218.16,422.04,309.3,119.2,261.9,1203.9,344.9
1000,0.65,5.0,55.01,-1.13,168.42,-134.51,203.88,781.84,203.88,781.84,-68.44,-134.51,M1->M2 x M3,218.16,422.04,309.3,119.2,261.9,1203.9,377.8
1000,0.65,6.0,99.38,45.40,221.96,-132.63,203.88,781.84,203.88,781.84,-68.41,-132.63,M1->M2 x M3,218.16,422.04,309.3,119.2,261.9,1203.9,410.8
1000,0.65,7.0,143.72,91.91,275.43,-120.76,203.88,781.85,203.88,781.85,-68.20,-120.76,M1->M2 x M3,218.16,422.04,309.3,119.2,261.9,1203.9,444.0
1000,0.65,8.0,188.02,138.38,328.81,-108.85,203.88,782.66,203.88,782.66,-68.03,-108.85,M1->M2 x M3,218.16,422.04,309.3,119.2,261.9,1203.9,477.3
1000,0.65,9.0,232.26,184.82,382.10,-96.89,203.88,784.89,203.88,784.89,-68.31,-96.89,M1->M2 x M3,218.16,422.04,309.3,119.2,261.9,1203.9,510.8
1000,0.65,10.0,276.43,231.20,435.27,-84.85,203.88,788.56,203.88,788.56,-67.39,-84.85,M1->M2 x M3,218.16,422.04,309.3,119.2,261.9,1203.9,544.4
1000,0.65,11.0,320.51,277.51,488.31,-72.74,203.92,793.68,203.92,793.68,-61.38,-72.74,M1->M2 x M3,218.16,422.04,309.3,119.2,261.9,1203.9,578.3
1000,0.65,12.0,364.50,323.74,541.19,-60.56,204.11,800.23,204.11,800.23,-55.34,-60.56,M1->M2 x M3,218.16,422.04,309.3,119.2,261.9,1203.9,612.4
1000,0.65,13.0,408.38,369.86,593.92,-48.28,204.49,808.23,204.49,808.23,-49.26,-49.26,M3->FP x M2,218.16,422.04,309.3,119.2,261.9,1203.9,646.7
1000,0.65,14.0,452.13,415.88,646.46,-35.90,205.04,817.67,205.04,817.67,-43.12,-43.12,M3->FP x M2,218.16,422.04,309.3,119.2,261.9,1203.9,681.4
1000,0.65,15.0,495.74,461.77,698.80,-23.42,205.78,828.55,205.78,828.55,-36.94,-36.94,M3->FP x M2,218.16,422.04,309.3,119.2,261.9,1203.9,716.3
1000,0.65,16.0,539.21,507.51,750.94,-10.82,206.72,840.85,206.72,840.85,-30.69,-30.69,M3->FP x M2,218.16,422.04,309.3,119.2,261.9,1203.9,751.6
1000,0.65,17.0,582.51,553.11,802.84,1.75,207.84,854.56,207.84,854.56,-24.38,-24.38,M3->FP x M2,218.16,422.04,309.3,119.2,261.9,1203.9,787.2
1000,0.65,18.0,625.63,598.53,854.50,13.39,209.16,869.67,209.16,869.67,-18.01,-18.01,M3->FP x M2,218.16,422.04,309.3,119.2,261.9,1203.9,823.3
1000,0.65,19.0,668.56,643.77,905.90,24.90,210.68,886.17,210.68,886.17,-11.56,-11.56,M3->FP x M2,218.16,422.04,309.3,119.2,261.9,1203.9,859.7
1000,0.65,20.0,711.29,688.82,957.02,36.26,212.40,904.05,212.40,904.05,-5.04,-5.04,M3->FP x M2,218.16,422.04,309.3,119.2,261.9,1203.9,896.6
1000,0.70,2.0,-73.30,-145.96,4.60,-145.67,221.90,764.73,221.90,764.73,-73.62,-145.96,in->M1 x M3,235.27,457.17,300.3,128.3,281.5,1221.9,284.9
1000,0.70,3.0,-44.56,-111.79,56.64,-145.95,221.90,764.73,221.90,764.73,-73.62,-145.95,M1->M2 x M3,235.27,457.17,300.3,128.3,281.5,1221.9,315.8
1000,0.70,4.0,-2.02,-67.49,108.66,-145.83,221.90,764.73,221.90,764.73,-73.29,-145.83,M1->M2 x M3,235.27,457.17,300.3,128.3,281.5,1221.9,346.7
1000,0.70,5.0,40.46,-23.08,160.65,-145.70,221.90,764.73,221.90,764.73,-73.28,-145.70,M1->M2 x M3,235.27,457.17,300.3,128.3,281.5,1221.9,377.7
1000,0.70,6.0,82.93,21.34,212.59,-146.03,221.90,764.73,221.90,764.73,-73.58,-146.03,M1->M2 x M3,235.27,457.17,300.3,128.3,281.5,1221.9,408.8
1000,0.70,7.0,125.38,65.67,264.47,-135.93,221.90,764.73,221.90,764.73,-73.72,-135.93,M1->M2 x M3,235.27,457.17,300.3,128.3,281.5,1221.9,440.0
1000,0.70,8.0,167.79,109.99,316.27,-124.00,221.90,764.81,221.90,764.81,-73.47,-124.00,M1->M2 x M3,235.27,457.17,300.3,128.3,281.5,1221.9,471.4
1000,0.70,9.0,210.14,154.27,367.96,-112.01,221.90,765.90,221.90,765.90,-73.45,-112.01,M1->M2 x M3,235.27,457.17,300.3,128.3,281.5,1221.9,502.9
1000,0.70,10.0,252.43,198.50,419.55,-99.96,221.90,768.30,221.90,768.30,-73.64,-99.96,M1->M2 x M3,235.27,457.17,300.3,128.3,281.5,1221.9,534.6
1000,0.70,11.0,294.65,242.67,471.01,-87.84,221.90,772.02,221.90,772.02,-71.61,-87.84,M1->M2 x M3,235.27,457.17,300.3,128.3,281.5,1221.9,566.5
1000,0.70,12.0,336.78,286.77,522.33,-75.64,221.96,777.06,221.96,777.06,-65.57,-75.64,M1->M2 x M3,235.27,457.17,300.3,128.3,281.5,1221.9,598.6
1000,0.70,13.0,378.80,330.78,573.48,-63.34,222.18,783.43,222.18,783.43,-59.48,-63.34,M1->M2 x M3,235.27,457.17,300.3,128.3,281.5,1221.9,630.9
1000,0.70,14.0,420.71,374.69,624.47,-50.95,222.57,791.13,222.57,791.13,-53.34,-53.34,M3->FP x M2,235.27,457.17,300.3,128.3,281.5,1221.9,663.5
1000,0.70,15.0,462.49,418.49,675.26,-38.45,223.12,800.17,223.12,800.17,-47.15,-47.15,M3->FP x M2,235.27,457.17,300.3,128.3,281.5,1221.9,696.5
1000,0.70,16.0,504.12,462.16,725.84,-25.83,223.86,810.53,223.86,810.53,-40.90,-40.90,M3->FP x M2,235.27,457.17,300.3,128.3,281.5,1221.9,729.7
1000,0.70,17.0,545.61,505.69,776.21,-13.09,224.77,822.23,224.77,822.23,-34.59,-34.59,M3->FP x M2,235.27,457.17,300.3,128.3,281.5,1221.9,763.2
1000,0.70,18.0,586.93,549.06,826.34,-0.21,225.86,835.24,225.86,835.24,-28.21,-28.21,M3->FP x M2,235.27,457.17,300.3,128.3,281.5,1221.9,797.1
1000,0.70,19.0,628.07,592.27,876.22,11.64,227.14,849.56,227.14,849.56,-21.76,-21.76,M3->FP x M2,235.27,457.17,300.3,128.3,281.5,1221.9,831.5
1000,0.70,20.0,669.02,635.30,925.83,23.36,228.61,865.19,228.61,865.19,-15.23,-15.23,M3->FP x M2,235.27,457.17,300.3,128.3,281.5,1221.9,866.2
1000,0.75,2.0,-78.55,-157.09,2.10,-156.99,239.85,747.58,239.85,747.58,-78.29,-157.09,in->M1 x M3,252.42,492.27,292.5,137.5,301.0,1239.8,291.1
1000,0.75,3.0,-54.57,-128.57,52.80,-157.22,239.85,747.58,239.85,747.58,-78.99,-157.22,M1->M2 x M3,252.42,492.27,292.5,137.5,301.0,1239.8,320.3
1000,0.75,4.0,-13.70,-86.23,103.47,-156.86,239.85,747.58,239.85,747.58,-79.04,-156.86,M1->M2 x M3,252.42,492.27,292.5,137.5,301.0,1239.8,349.6
1000,0.75,5.0,27.16,-43.79,154.12,-157.10,239.85,747.58,239.85,747.58,-79.01,-157.10,M1->M2 x M3,252.42,492.27,292.5,137.5,301.0,1239.8,378.9
1000,0.75,6.0,67.98,-1.23,204.72,-157.19,239.85,747.58,239.85,747.58,-78.32,-157.19,M1->M2 x M3,252.42,492.27,292.5,137.5,301.0,1239.8,408.3
1000,0.75,7.0,108.79,41.19,255.25,-150.93,239.85,747.58,239.85,747.58,-79.01,-150.93,M1->M2 x M3,252.42,492.27,292.5,137.5,301.0,1239.8,437.9
1000,0.75,8.0,149.56,83.59,305.71,-138.98,239.85,747.58,239.85,747.58,-78.87,-138.98,M1->M2 x M3,252.42,492.27,292.5,137.5,301.0,1239.8,467.6
1000,0.75,9.0,190.28,125.97,356.07,-126.98,239.85,747.79,239.85,747.79,-78.69,-126.98,M1->M2 x M3,252.42,492.27,292.5,137.5,301.0,1239.8,497.4
1000,0.75,10.0,230.95,168.31,406.33,-114.91,239.85,749.10,239.85,749.10,-78.75,-114.91,M1->M2 x M3,252.42,492.27,292.5,137.5,301.0,1239.8,527.4
1000,0.75,11.0,271.55,210.59,456.46,-102.77,239.85,751.62,239.85,751.62,-78.49,-102.77,M1->M2 x M3,252.42,492.27,292.5,137.5,301.0,1239.8,557.5
1000,0.75,12.0,312.06,252.81,506.46,-90.55,239.85,755.37,239.85,755.37,-75.77,-90.55,M1->M2 x M3,252.42,492.27,292.5,137.5,301.0,1239.8,587.9
1000,0.75,13.0,352.48,294.96,556.29,-78.24,239.93,760.35,239.93,760.35,-69.68,-78.24,M1->M2 x M3,252.42,492.27,292.5,137.5,301.0,1239.8,618.5
1000,0.75,14.0,392.79,337.01,605.96,-65.83,240.18,766.56,240.18,766.56,-63.54,-65.83,M1->M2 x M3,252.42,492.27,292.5,137.5,301.0,1239.8,649.4
1000,0.75,15.0,432.98,378.97,655.45,-53.31,240.58,774.02,240.58,774.02,-57.34,-57.34,M3->FP x M2,252.42,492.27,292.5,137.5,301.0,1239.8,680.5
1000,0.75,16.0,473.04,420.80,704.73,-40.68,241.14,782.73,241.14,782.73,-51.09,-51.09,M3->FP x M2,252.42,492.27,292.5,137.5,301.0,1239.8,712.0
1000,0.75,17.0,512.96,462.51,753.81,-27.92,241.87,792.69,241.87,792.69,-44.77,-44.77,M3->FP x M2,252.42,492.27,292.5,137.5,301.0,1239.8,743.7
1000,0.75,18.0,552.72,504.08,802.65,-15.02,242.76,803.90,242.76,803.90,-38.39,-38.39,M3->FP x M2,252.42,492.27,292.5,137.5,301.0,1239.8,775.8
1000,0.75,19.0,592.31,545.50,851.24,-1.98,243.83,816.35,243.83,816.35,-31.93,-31.93,M3->FP x M2,252.42,492.27,292.5,137.5,301.0,1239.8,808.3
1000,0.75,20.0,631.72,586.75,899.58,10.20,245.08,830.04,245.08,830.04,-25.40,-25.40,M3->FP x M2,252.42,492.27,292.5,137.5,301.0,1239.8,841.2
1000,0.80,2.0,-83.68,-168.35,0.01,-168.37,257.63,730.38,257.63,730.38,-84.30,-168.37,M1->M2 x M3,269.62,527.26,285.7,146.7,320.5,1257.6,297.7
1000,0.80,3.0,-63.99,-144.73,49.54,-168.33,257.63,730.38,257.63,730.38,-83.92,-168.33,M1->M2 x M3,269.62,527.26,285.7,146.7,320.5,1257.6,325.5
1000,0.80,4.0,-24.58,-104.14,99.07,-168.26,257.63,730.38,257.63,730.38,-83.48,-168.26,M1->M2 x M3,269.62,527.26,285.7,146.7,320.5,1257.6,353.3
1000,0.80,5.0,14.86,-63.46,148.58,-168.16,257.63,730.38,257.63,730.38,-84.00,-168.16,M1->M2 x M3,269.62,527.26,285.7,146.7,320.5,1257.6,381.2
1000,0.80,6.0,54.25,-22.66,198.03,-168.03,257.63,730.38,257.63,730.38,-84.19,-168.03,M1->M2 x M3,269.62,527.26,285.7,146.7,320.5,1257.6,409.1
1000,0.80,7.0,93.61,18.16,247.43,-165.73,257.63,730.38,257.63,730.38,-83.64,-165.73,M1->M2 x M3,269.62,527.26,285.7,146.7,320.5,1257.6,437.2
1000,0.80,8.0,132.95,58.85,296.76,-153.77,257.63,730.38,257.63,730.38,-83.99,-153.77,M1->M2 x M3,269.62,527.26,285.7,146.7,320.5,1257.6,465.4
1000,0.80,9.0,172.25,99.53,345.99,-141.75,257.63,730.38,257.63,730.38,-84.30,-141.75,M1->M2 x M3,269.62,527.26,285.7,146.7,320.5,1257.6,493.7
1000,0.80,10.0,211.50,140.18,395.12,-129.67,257.63,730.76,257.63,730.76,-83.69,-129.67,M1->M2 x M3,269.62,527.26,285.7,146.7,320.5,1257.6,522.2
1000,0.80,11.0,250.68,180.78,444.12,-117.51,257.63,732.25,257.63,732.25,-83.93,-117.51,M1->M2 x M3,269.62,527.26,285.7,146.7,320.5,1257.6,550.9
1000,0.80,12.0,289.79,221.33,493.00,-105.27,257.63,734.87,257.63,734.87,-84.11,-105.27,M1->M2 x M3,269.62,527.26,285.7,146.7,320.5,1257.6,579.8
1000,0.80,13.0,328.81,261.81,541.72,-92.94,257.64,738.63,257.64,738.63,-79.84,-92.94,M1->M2 x M3,269.62,527.26,285.7,146.7,320.5,1257.6,608.9
1000,0.80,14.0,367.72,302.21,590.27,-80.52,257.76,743.56,257.76,743.56,-73.69,-80.52,M1->M2 x M3,269.62,527.26,285.7,146.7,320.5,1257.6,638.2
1000,0.80,15.0,406.53,342.52,638.65,-67.98,258.02,749.65,258.02,749.65,-67.49,-67.98,M1->M2 x M3,269.62,527.26,285.7,146.7,320.5,1257.6,667.8
1000,0.80,16.0,445.21,382.72,686.83,-55.33,258.44,756.92,258.44,756.92,-61.23,-61.23,M3->FP x M2,269.62,527.26,285.7,146.7,320.5,1257.6,697.7
1000,0.80,17.0,483.76,422.81,734.81,-42.55,259.00,765.37,259.00,765.37,-54.91,-54.91,M3->FP x M2,269.62,527.26,285.7,146.7,320.5,1257.6,727.9
1000,0.80,18.0,522.16,462.77,782.55,-29.64,259.73,775.00,259.73,775.00,-48.52,-48.52,M3->FP x M2,269.62,527.26,285.7,146.7,320.5,1257.6,758.4
1000,0.80,19.0,560.40,502.59,830.07,-16.58,260.62,785.82,260.62,785.82,-42.06,-42.06,M3->FP x M2,269.62,527.26,285.7,146.7,320.5,1257.6,789.2
1000,0.80,20.0,598.46,542.25,877.32,-3.36,261.67,797.82,261.67,797.82,-35.53,-35.53,M3->FP x M2,269.62,527.26,285.7,146.7,320.5,1257.6,820.5
1000,0.85,2.0,-88.81,-179.40,0.09,-179.44,275.18,713.13,275.18,713.13,-89.42,-179.44,M1->M2 x M3,286.87,562.05,279.6,155.8,339.9,1275.2,314.0
1000,0.85,3.0,-72.92,-160.34,46.75,-179.23,275.18,713.13,275.18,713.13,-88.86,-179.23,M1->M2 x M3,286.87,562.05,279.6,155.8,339.9,1275.2,331.1
1000,0.85,4.0,-34.80,-121.33,95.31,-179.40,275.18,713.13,275.18,713.13,-89.20,-179.40,M1->M2 x M3,286.87,562.05,279.6,155.8,339.9,1275.2,357.6
1000,0.85,5.0,3.39,-82.24,143.84,-179.51,275.18,713.13,275.18,713.13,-89.10,-179.51,M1->M2 x M3,286.87,562.05,279.6,155.8,339.9,1275.2,384.2
1000,0.85,6.0,41.51,-43.03,192.33,-179.12,275.18,713.13,275.18,713.13,-89.39,-179.12,M1->M2 x M3,286.87,562.05,279.6,155.8,339.9,1275.2,410.9
1000,0.85,7.0,79.61,-3.67,240.76,-179.42,275.18,713.13,275.18,713.13,-89.42,-179.42,M1->M2 x M3,286.87,562.05,279.6,155.8,339.9,1275.2,437.7
1000,0.85,8.0,117.69,35.51,289.11,-168.34,275.18,713.13,275.18,713.13,-89.46,-168.34,M1->M2 x M3,286.87,562.05,279.6,155.8,339.9,1275.2,464.6
1000,0.85,9.0,155.73,74.65,337.38,-156.31,275.18,713.13,275.18,713.13,-89.37,-156.31,M1->M2 x M3,286.87,562.05,279.6,155.8,339.9,1275.2,491.6
1000,0.85,10.0,193.73,113.78,385.54,-144.21,275.18,713.13,275.18,713.13,-89.00,-144.21,M1->M2 x M3,286.87,562.05,279.6,155.8,339.9,1275.2,518.8
1000,0.85,11.0,231.67,152.86,433.59,-132.03,275.18,713.70,275.18,713.70,-89.49,-132.03,M1->M2 x M3,286.87,562.05,279.6,155.8,339.9,1275.2,546.2
1000,0.85,12.0,269.53,191.90,481.50,-119.78,275.18,715.33,275.18,715.33,-88.82,-119.78,M1->M2 x M3,286.87,562.05,279.6,155.8,339.9,1275.2,573.7
1000,0.85,13.0,307.31,230.89,529.27,-107.43,275.18,718.04,275.18,718.04,-89.28,-107.43,M1->M2 x M3,286.87,562.05,279.6,155.8,339.9,1275.2,601.5
1000,0.85,14.0,345.00,269.80,576.87,-94.99,275.20,721.83,275.20,721.83,-83.78,-94.99,M1->M2 x M3,286.87,562.05,279.6,155.8,339.9,1275.2,629.5
1000,0.85,15.0,382.59,308.63,624.30,-82.43,275.35,726.72,275.35,726.72,-77.57,-82.43,M1->M2 x M3,286.87,562.05,279.6,155.8,339.9,1275.2,657.7
1000,0.85,16.0,420.06,347.36,671.54,-69.77,275.63,732.72,275.63,732.72,-71.31,-71.31,M3->FP x M2,286.87,562.05,279.6,155.8,339.9,1275.2,686.2
1000,0.85,17.0,457.40,386.00,718.58,-56.97,276.06,739.84,276.06,739.84,-64.98,-64.98,M3->FP x M2,286.87,562.05,279.6,155.8,339.9,1275.2,715.0
1000,0.85,18.0,494.60,424.51,765.39,-44.04,276.64,748.08,276.64,748.08,-58.59,-58.59,M3->FP x M2,286.87,562.05,279.6,155.8,339.9,1275.2,744.1
1000,0.85,19.0,531.65,462.89,811.98,-30.96,277.36,757.46,277.36,757.46,-52.13,-52.13,M3->FP x M2,286.87,562.05,279.6,155.8,339.9,1275.2,773.5
1000,0.85,20.0,568.54,501.13,858.31,-17.73,278.25,767.98,278.25,767.98,-45.59,-45.59,M3->FP x M2,286.87,562.05,279.6,155.8,339.9,1275.2,803.3
1000,0.90,2.0,-94.49,-190.04,1.21,-190.36,292.40,695.84,292.40,695.84,-94.52,-190.36,M1->M2 x M3,304.16,596.56,274.3,165.0,359.1,1292.4,333.2
1000,0.90,3.0,-81.44,-175.45,44.36,-190.15,292.40,695.84,292.40,695.84,-94.50,-190.15,M1->M2 x M3,304.16,596.56,274.3,165.0,359.1,1292.4,337.1
1000,0.90,4.0,-44.47,-137.89,92.08,-190.21,292.40,695.84,292.40,695.84,-94.74,-190.21,M1->M2 x M3,304.16,596.56,274.3,165.0,359.1,1292.4,362.5
1000,0.90,5.0,-7.41,-100.24,139.77,-190.24,292.40,695.84,292.40,695.84,-94.78,-190.24,M1->M2 x M3,304.16,596.56,274.3,165.0,359.1,1292.4,388.0
1000,0.90,6.0,29.60,-62.47,187.42,-190.23,292.40,695.84,292.40,695.84,-94.30,-190.23,M1->M2 x M3,304.16,596.56,274.3,165.0,359.1,1292.4,413.5
1000,0.90,7.0,66.58,-24.57,235.01,-190.40,292.40,695.84,292.40,695.84,-94.49,-190.40,M1->M2 x M3,304.16,596.56,274.3,165.0,359.1,1292.4,439.2
1000,0.90,8.0,103.54,13.36,282.54,-182.67,292.40,695.84,292.40,695.84,-93.96,-182.67,M1->M2 x M3,304.16,596.56,274.3,165.0,359.1,1292.4,464.9
1000,0.90,9.0,140.47,51.12,329.97,-170.62,292.40,695.84,292.40,695.84,-94.79,-170.62,M1->M2 x M3,304.16,596.56,274.3,165.0,359.1,1292.4,490.8
1000,0.90,10.0,177.35,88.85,377.30,-158.50,292.40,695.84,292.40,695.84,-93.76,-158.50,M1->M2 x M3,304.16,596.56,274.3,165.0,359.1,1292.4,516.8
1000,0.90,11.0,214.19,126.56,424.52,-146.31,292.40,695.87,292.40,695.87,-94.80,-146.31,M1->M2 x M3,304.16,596.56,274.3,165.0,359.1,1292.4,543.0
1000,0.90,12.0,250.95,164.24,471.61,-134.04,292.40,696.62,292.40,696.62,-93.85,-134.04,M1->M2 x M3,304.16,596.56,274.3,165.0,359.1,1292.4,569.4
1000,0.90,13.0,287.64,201.86,518.56,-121.67,292.40,698.37,292.40,698.37,-94.80,-121.67,M1->M2 x M3,304.16,596.56,274.3,165.0,359.1,1292.4,595.9
1000,0.90,14.0,324.24,239.42,565.35,-109.21,292.40,701.15,292.40,701.15,-93.78,-109.21,M1->M2 x M3,304.16,596.56,274.3,165.0,359.1,1292.4,622.7
1000,0.90,15.0,360.74,276.91,611.97,-96.64,292.44,704.97,292.44,704.97,-87.57,-96.64,M1->M2 x M3,304.16,596.56,274.3,165.0,359.1,1292.4,649.7
1000,0.90,16.0,397.14,314.31,658.39,-83.96,292.62,709.84,292.62,709.84,-81.30,-83.96,M1->M2 x M3,304.16,596.56,274.3,165.0,359.1,1292.4,677.0
1000,0.90,17.0,433.41,351.62,704.62,-71.14,292.92,715.78,292.92,715.78,-74.97,-74.97,M3->FP x M2,304.16,596.56,274.3,165.0,359.1,1292.4,704.6
1000,0.90,18.0,469.55,388.82,750.64,-58.19,293.37,722.79,293.37,722.79,-68.57,-68.57,M3->FP x M2,304.16,596.56,274.3,165.0,359.1,1292.4,732.4
1000,0.90,19.0,505.55,425.90,796.42,-45.10,293.95,730.88,293.95,730.88,-62.10,-62.10,M3->FP x M2,304.16,596.56,274.3,165.0,359.1,1292.4,760.6
1000,0.90,20.0,541.39,462.86,841.97,-31.85,294.69,740.07,294.69,740.07,-55.56,-55.56,M3->FP x M2,304.16,596.56,274.3,165.0,359.1,1292.4,789.1
1050,0.30,2.0,23.66,4.34,68.61,-58.24,83.31,950.27,83.31,950.27,-31.62,-58.24,M1->M2 x M3,99.73,183.04,469.9,55.0,128.9,1133.3,286.4
1050,0.30,3.0,103.09,87.85,155.23,-58.09,83.31,950.89,83.31,950.89,-31.62,-58.09,M1->M2 x M3,99.73,183.04,469.9,55.0,128.9,1133.3,353.4
1050,0.30,4.0,182.49,171.34,241.80,-47.32,83.31,955.69,83.31,955.69,-31.61,-47.32,M1->M2 x M3,99.73,183.04,469.9,55.0,128.9,1133.3,420.6
1050,0.30,5.0,261.84,254.77,328.30,-35.65,83.31,965.17,83.31,965.17,-26.67,-35.65,M1->M2 x M3,99.73,183.04,469.9,55.0,128.9,1133.3,487.9
1050,0.30,6.0,341.11,338.12,414.69,-23.94,83.54,979.23,83.54,979.23,-20.84,-23.94,M1->M2 x M3,99.73,183.04,469.9,55.0,128.9,1133.3,555.5
1050,0.30,7.0,420.27,421.37,500.96,-12.19,84.19,997.75,84.19,997.75,-14.99,-14.99,M3->FP x M2,99.73,183.04,469.9,55.0,128.9,1133.3,623.3
1050,0.30,8.0,499.30,504.49,587.08,-0.40,85.23,1020.53,85.23,1020.53,-9.11,-9.11,M3->FP x M2,99.73,183.04,469.9,55.0,128.9,1133.3,691.4
1050,0.30,9.0,578.19,587.46,673.02,10.42,86.66,1047.38,86.66,1047.38,-3.21,-3.21,M3->FP x M2,99.73,183.04,469.9,55.0,128.9,1133.3,759.8
1050,0.30,10.0,656.89,670.25,758.75,20.76,88.47,1078.08,88.47,1078.08,2.63,2.63,M3->FP x M2,99.73,183.04,469.9,55.0,128.9,1133.3,828.6
1050,0.30,11.0,735.40,752.84,844.26,30.63,90.65,1112.39,90.65,1112.39,8.39,8.39,M3->FP x M2,99.73,183.04,469.9,55.0,128.9,1133.3,897.9
1050,0.30,12.0,813.68,835.19,929.50,39.99,93.18,1150.11,93.18,1150.11,14.18,14.18,M3->FP x M2,99.73,183.04,469.9,55.0,128.9,1133.3,967.6
1050,0.30,13.0,891.71,917.29,1014.47,48.85,96.03,1191.00,96.03,1191.00,20.02,20.02,M3->FP x M2,99.73,183.04,469.9,55.0,128.9,1133.3,1037.9
1050,0.30,14.0,969.48,999.12,1099.12,57.19,99.20,1234.88,99.20,1234.88,25.91,25.91,M3->FP x M2,99.73,183.04,469.9,55.0,128.9,1133.3,1108.7
1050,0.30,15.0,1046.94,1080.64,1183.44,65.04,102.66,1281.57,102.66,1281.57,31.85,31.85,M3->FP x M2,99.73,183.04,469.9,55.0,128.9,1133.3,1180.2
1050,0.30,16.0,1124.09,1161.82,1267.40,72.41,106.40,1330.90,106.40,1330.90,37.85,37.85,M3->FP x M2,99.73,183.04,469.9,55.0,128.9,1133.3,1252.3
1050,0.30,17.0,1200.90,1242.66,1350.97,79.31,110.40,1382.74,110.28,1382.74,43.90,43.90,M3->FP x M2,99.73,183.04,469.9,55.0,128.9,1133.3,1325.2
1050,0.30,18.0,1277.34,1323.12,1434.13,85.77,114.65,1436.96,113.94,1436.96,50.02,50.02,M3->FP x M2,99.73,183.04,469.9,55.0,128.9,1133.3,1398.8
1050,0.30,19.0,1353.39,1403.17,1516.85,91.81,119.13,1491.93,117.35,1493.47,56.22,56.22,M3->FP x M2,99.73,183.04,469.9,55.0,128.9,1133.3,1473.4
1050,0.30,20.0,1429.03,1482.79,1599.11,97.46,123.84,1542.98,120.54,1552.17,62.48,62.48,M3->FP x M2,99.73,183.04,469.9,55.0,128.9,1133.3,1548.8
1050,0.35,2.0,2.25,-22.89,52.99,-68.99,99.56,933.49,99.56,933.49,-36.89,-68.99,M1->M2 x M3,116.51,216.07,428.9,64.2,147.3,1149.6,276.8
1050,0.35,3.0,72.97,51.64,131.18,-68.96,99.56,933.49,99.56,933.49,-36.80,-68.96,M1->M2 x M3,116.51,216.07,428.9,64.2,147.3,1149.6,335.1
1050,0.35,4.0,143.66,126.14,209.32,-62.91,99.56,935.35,99.56,935.35,-36.72,-62.91,M1->M2 x M3,116.51,216.07,428.9,64.2,147.3,1149.6,393.5
1050,0.35,5.0,214.31,200.60,287.40,-51.23,99.56,940.84,99.56,940.84,-36.44,-51.23,M1->M2 x M3,116.51,216.07,428.9,64.2,147.3,1149.6,452.1
1050,0.35,6.0,284.90,275.00,365.39,-39.50,99.57,949.95,99.57,949.95,-30.60,-39.50,M1->M2 x M3,116.51,216.07,428.9,64.2,147.3,1149.6,510.8
1050,0.35,7.0,355.40,349.31,443.27,-27.74,99.85,962.60,99.85,962.60,-24.75,-27.74,M1->M2 x M3,116.51,216.07,428.9,64.2,147.3,1149.6,569.8
1050,0.35,8.0,425.79,423.52,521.01,-15.93,100.46,978.72,100.46,978.72,-18.87,-18.87,M3->FP x M2,116.51,216.07,428.9,64.2,147.3,1149.6,629.0
1050,0.35,9.0,496.05,497.60,598.60,-4.06,101.41,998.18,101.41,998.18,-12.96,-12.96,M3->FP x M2,116.51,216.07,428.9,64.2,147.3,1149.6,688.5
1050,0.35,10.0,566.16,571.53,676.00,7.21,102.70,1020.87,102.70,1020.87,-7.02,-7.02,M3->FP x M2,116.51,216.07,428.9,64.2,147.3,1149.6,748.4
1050,0.35,11.0,636.10,645.28,753.20,17.85,104.32,1046.65,104.32,1046.65,-1.05,-1.05,M3->FP x M2,116.51,216.07,428.9,64.2,147.3,1149.6,808.6
1050,0.35,12.0,705.85,718.84,830.17,28.10,106.27,1075.37,106.27,1075.37,4.79,4.79,M3->FP x M2,116.51,216.07,428.9,64.2,147.3,1149.6,869.2
1050,0.35,13.0,775.37,792.17,906.88,37.94,108.53,1106.90,108.53,1106.90,10.63,10.63,M3->FP x M2,116.51,216.07,428.9,64.2,147.3,1149.6,930.3
1050,0.35,14.0,844.67,865.27,983.32,47.36,111.09,1141.10,111.09,1141.10,16.53,16.53,M3->FP x M2,116.51,216.07,428.9,64.2,147.3,1149.6,991.9
1050,0.35,15.0,913.70,938.10,1059.46,56.35,113.94,1177.84,113.94,1177.84,22.47,22.47,M3->FP x M2,116.51,216.07,428.9,64.2,147.3,1149.6,1054.1
1050,0.35,16.0,982.46,1010.65,1135.28,64.90,117.08,1217.00,117.08,1217.00,28.47,28.47,M3->FP x M2,116.51,216.07,428.9,64.2,147.3,1149.6,1116.8
1050,0.35,17.0,1050.92,1082.89,1210.75,73.03,120.49,1258.46,120.49,1258.46,34.53,34.53,M3->FP x M2,116.51,216.07,428.9,64.2,147.3,1149.6,1180.2
1050,0.35,18.0,1119.06,1154.80,1285.85,80.75,124.16,1302.15,124.16,1302.15,40.65,40.65,M3->FP x M2,116.51,216.07,428.9,64.2,147.3,1149.6,1244.3
1050,0.35,19.0,1186.85,1226.36,1360.56,88.06,128.08,1347.96,128.08,1347.96,46.85,46.85,M3->FP x M2,116.51,216.07,428.9,64.2,147.3,1149.6,1309.1
1050,0.35,20.0,1254.29,1297.54,1434.85,94.98,132.25,1395.84,132.02,1395.84,53.12,53.12,M3->FP x M2,116.51,216.07,428.9,64.2,147.3,1149.6,1374.6
1050,0.40,2.0,-15.13,-46.24,41.43,-79.59,116.29,916.67,116.29,916.67,-41.89,-79.59,M1->M2 x M3,133.33,249.62,398.2,73.3,166.0,1166.3,272.1
1050,0.40,3.0,49.06,21.48,113.36,-79.72,116.29,916.67,116.29,916.67,-41.81,-79.72,M1->M2 x M3,133.33,249.62,398.2,73.3,166.0,1166.3,323.8
1050,0.40,4.0,113.23,89.17,185.26,-78.53,116.29,916.99,116.29,916.99,-42.00,-78.53,M1->M2 x M3,133.33,249.62,398.2,73.3,166.0,1166.3,375.7
1050,0.40,5.0,177.36,156.83,257.11,-66.82,116.29,919.84,116.29,919.84,-42.10,-66.82,M1->M2 x M3,133.33,249.62,398.2,73.3,166.0,1166.3,427.6
1050,0.40,6.0,241.44,224.44,328.87,-55.09,116.29,925.61,116.29,925.61,-40.50,-55.09,M1->M2 x M3,133.33,249.62,398.2,73.3,166.0,1166.3,479.8
1050,0.40,7.0,305.44,291.99,400.54,-43.31,116.33,934.29,116.33,934.29,-34.64,-43.31,M1->M2 x M3,133.33,249.62,398.2,73.3,166.0,1166.3,532.1
1050,0.40,8.0,369.35,359.45,472.08,-31.48,116.62,945.85,116.62,945.85,-28.76,-31.48,M1->M2 x M3,133.33,249.62,398.2,73.3,166.0,1166.3,584.7
1050,0.40,9.0,433.15,426.80,543.48,-19.59,117.21,960.21,117.21,960.21,-22.85,-22.85,M3->FP x M2,133.33,249.62,398.2,73.3,166.0,1166.3,637.5
1050,0.40,10.0,496.82,494.01,614.71,-7.64,118.10,977.31,118.10,977.31,-16.90,-16.90,M3->FP x M2,133.33,249.62,398.2,73.3,166.0,1166.3,690.6
1050,0.40,11.0,560.34,561.08,685.76,4.03,119.29,997.07,119.29,997.07,-10.92,-10.92,M3->FP x M2,133.33,249.62,398.2,73.3,166.0,1166.3,744.1
1050,0.40,12.0,623.68,627.98,756.59,14.91,120.76,1019.40,120.76,1019.40,-4.90,-4.90,M3->FP x M2,133.33,249.62,398.2,73.3,166.0,1166.3,797.9
1050,0.40,13.0,686.84,694.68,827.20,25.47,122.53,1044.20,122.53,1044.20,1.12,1.12,M3->FP x M2,133.33,249.62,398.2,73.3,166.0,1166.3,852.2
1050,0.40,14.0,749.78,761.18,897.56,35.69,124.58,1071.39,124.58,1071.39,7.02,7.02,M3->FP x M2,133.33,249.62,398.2,73.3,166.0,1166.3,906.8
1050,0.40,15.0,812.50,827.44,967.64,45.55,126.91,1100.88,126.91,1100.88,12.96,12.96,M3->FP x M2,133.33,249.62,398.2,73.3,166.0,1166.3,962.0
1050,0.40,16.0,874.97,893.45,1037.42,55.05,129.52,1132.57,129.52,1132.57,18.96,18.96,M3->FP x M2,133.33,249.62,398.2,73.3,166.0,1166.3,1017.7
1050,0.40,17.0,937.17,959.19,1106.89,64.18,132.39,1166.39,132.39,1166.39,25.03,25.03,M3->FP x M2,133.33,249.62,398.2,73.3,166.0,1166.3,1073.9
1050,0.40,18.0,999.09,1024.63,1176.03,72.94,135.53,1202.26,135.53,1202.26,31.16,31.16,M3->FP x M2,133.33,249.62,398.2,73.3,166.0,1166.3,1130.8
1050,0.40,19.0,1060.71,1089.77,1244.80,81.33,138.92,1240.11,138.92,1240.11,37.35,37.35,M3->FP x M2,133.33,249.62,398.2,73.3,166.0,1166.3,1188.3
1050,0.40,20.0,1122.00,1154.57,1313.20,89.35,142.56,1279.90,142.56,1279.90,43.63,43.63,M3->FP x M2,133.33,249.62,398.2,73.3,166.0,1166.3,1246.5
1050,0.45,2.0,-29.82,-67.05,32.57,-90.55,133.41,899.80,133.41,899.80,-47.04,-90.55,M1->M2 x M3,150.20,283.61,374.3,82.5,184.9,1183.4,270.6
1050,0.45,3.0,29.29,-4.69,99.71,-90.41,133.41,899.80,133.41,899.80,-47.28,-90.41,M1->M2 x M3,150.20,283.61,374.3,82.5,184.9,1183.4,317.2
1050,0.45,4.0,88.38,57.65,166.83,-90.57,133.41,899.80,133.41,899.80,-47.42,-90.57,M1->M2 x M3,150.20,283.61,374.3,82.5,184.9,1183.4,364.0
1050,0.45,5.0,147.45,119.96,233.89,-82.42,133.41,900.78,133.41,900.78,-47.18,-82.42,M1->M2 x M3,150.20,283.61,374.3,82.5,184.9,1183.4,410.8
1050,0.45,6.0,206.46,182.24,300.89,-70.66,133.41,904.20,133.41,904.20,-47.10,-70.66,M1->M2 x M3,150.20,283.61,374.3,82.5,184.9,1183.4,457.8
1050,0.45,7.0,265.42,244.46,367.79,-58.87,133.41,910.05,133.41,910.05,-44.64,-58.87,M1->M2 x M3,150.20,283.61,374.3,82.5,184.9,1183.4,505.0
1050,0.45,8.0,324.30,306.61,434.58,-47.02,133.48,918.32,133.48,918.32,-38.75,-47.02,M1->M2 x M3,150.20,283.61,374.3,82.5,184.9,1183.4,552.4
1050,0.45,9.0,383.07,368.67,501.24,-35.12,133.79,929.00,133.79,929.00,-32.84,-35.12,M1->M2 x M3,150.20,283.61,374.3,82.5,184.9,1183.4,600.0
1050,0.45,10.0,441.73,430.61,567.74,-23.15,134.37,942.03,134.37,942.03,-26.89,-26.89,M3->FP x M2,150.20,283.61,374.3,82.5,184.9,1183.4,647.9
1050,0.45,11.0,500.26,492.42,634.08,-11.11,135.21,957.37,135.21,957.37,-20.91,-20.91,M3->FP x M2,150.20,283.61,374.3,82.5,184.9,1183.4,696.1
1050,0.45,12.0,558.63,554.09,700.22,0.93,136.31,974.98,136.31,974.98,-14.88,-14.88,M3->FP x M2,150.20,283.61,374.3,82.5,184.9,1183.4,744.7
1050,0.45,13.0,616.83,615.58,766.14,12.01,137.68,994.78,137.68,994.78,-8.81,-8.81,M3->FP x M2,150.20,283.61,374.3,82.5,184.9,1183.4,793.6
1050,0.45,14.0,674.85,676.89,831.83,22.83,139.31,1016.72,139.31,1016.72,-2.70,-2.70,M3->FP x M2,150.20,283.61,374.3,82.5,184.9,1183.4,842.9
1050,0.45,15.0,732.65,737.98,897.27,33.37,141.20,1040.74,141.20,1040.74,3.35,3.35,M3->FP x M2,150.20,283.61,374.3,82.5,184.9,1183.4,892.6
1050,0.45,16.0,790.24,798.86,962.44,43.60,143.35,1066.77,143.35,1066.77,9.36,9.36,M3->FP x M2,150.20,283.61,374.3,82.5,184.9,1183.4,942.8
1050,0.45,17.0,847.59,859.49,1027.31,53.53,145.75,1094.76,145.75,1094.76,15.42,15.42,M3->FP x M2,150.20,283.61,374.3,82.5,184.9,1183.4,993.5
1050,0.45,18.0,904.67,919.86,1091.87,63.14,148.41,1124.65,148.41,1124.65,21.55,21.55,M3->FP x M2,150.20,283.61,374.3,82.5,184.9,1183.4,1044.8
1050,0.45,19.0,961.48,979.95,1156.10,72.42,151.32,1156.39,151.32,1156.39,27.76,27.76,M3->FP x M2,150.20,283.61,374.3,82.5,184.9,1183.4,1096.6
1050,0.45,20.0,1018.00,1039.74,1219.98,81.38,154.48,1189.93,154.48,1189.93,34.03,34.03,M3->FP x M2,150.20,283.61,374.3,82.5,184.9,1183.4,1149.1
1050,0.50,2.0,-42.63,-86.10,25.60,-101.26,150.85,882.88,150.85,882.88,-52.60,-101.26,M1->M2 x M3,167.12,317.97,355.2,91.7,204.0,1200.8,271.4
1050,0.50,3.0,12.43,-28.10,88.98,-101.20,150.85,882.88,150.85,882.88,-52.48,-101.20,M1->M2 x M3,167.12,317.97,355.2,91.7,204.0,1200.8,314.0
1050,0.50,4.0,67.46,29.92,152.33,-101.40,150.85,882.88,150.85,882.88,-52.54,-101.40,M1->M2 x M3,167.12,317.97,355.2,91.7,204.0,1200.8,356.6
1050,0.50,5.0,122.47,87.91,215.64,-97.98,150.85,882.97,150.85,882.97,-52.42,-97.98,M1->M2 x M3,167.12,317.97,355.2,91.7,204.0,1200.8,399.4
1050,0.50,6.0,177.44,145.86,278.88,-86.21,150.85,884.63,150.85,884.63,-52.55,-86.21,M1->M2 x M3,167.12,317.97,355.2,91.7,204.0,1200.8,442.3
1050,0.50,7.0,232.36,203.77,342.04,-74.40,150.85,888.38,150.85,888.38,-52.63,-74.40,M1->M2 x M3,167.12,317.97,355.2,91.7,204.0,1200.8,485.3
1050,0.50,8.0,287.21,261.62,405.09,-62.54,150.85,894.21,150.85,894.21,-48.84,-62.54,M1->M2 x M3,167.12,317.97,355.2,91.7,204.0,1200.8,528.6
1050,0.50,9.0,341.97,319.39,468.02,-50.62,150.95,902.11,150.95,902.11,-42.92,-50.62,M1->M2 x M3,167.12,317.97,355.2,91.7,204.0,1200.8,572.1
1050,0.50,10.0,396.62,377.07,530.81,-38.63,151.28,912.07,151.28,912.07,-36.96,-38.63,M1->M2 x M3,167.12,317.97,355.2,91.7,204.0,1200.8,615.8
1050,0.50,11.0,451.16,434.62,593.44,-26.58,151.85,924.07,151.85,924.07,-30.98,-30.98,M3->FP x M2,167.12,317.97,355.2,91.7,204.0,1200.8,659.8
1050,0.50,12.0,505.55,492.05,655.88,-14.44,152.65,938.07,152.65,938.07,-24.95,-24.95,M3->FP x M2,167.12,317.97,355.2,91.7,204.0,1200.8,704.1
1050,0.50,13.0,559.80,549.32,718.13,-2.21,153.70,954.04,153.70,954.04,-18.88,-18.88,M3->FP x M2,167.12,317.97,355.2,91.7,204.0,1200.8,748.7
1050,0.50,14.0,613.87,606.43,780.15,9.22,154.98,971.93,154.98,971.93,-12.75,-12.75,M3->FP x M2,167.12,317.97,355.2,91.7,204.0,1200.8,793.7
1050,0.50,15.0,667.76,663.36,841.94,20.27,156.50,991.71,156.50,991.71,-6.58,-6.58,M3->FP x M2,167.12,317.97,355.2,91.7,204.0,1200.8,839.1
1050,0.50,16.0,721.44,720.08,903.48,31.08,158.26,1013.34,158.26,1013.34,-0.35,-0.35,M3->FP x M2,167.12,317.97,355.2,91.7,204.0,1200.8,884.9
1050,0.50,17.0,774.90,776.58,964.73,41.63,160.26,1036.77,160.26,1036.77,5.73,5.73,M3->FP x M2,167.12,317.97,355.2,91.7,204.0,1200.8,931.2
1050,0.50,18.0,828.13,832.85,1025.70,51.93,162.51,1061.96,162.51,1061.96,11.87,11.87,M3->FP x M2,167.12,317.97,355.2,91.7,204.0,1200.8,978.0
1050,0.50,19.0,881.11,888.86,1086.35,61.95,164.99,1088.87,164.99,1088.87,18.08,18.08,M3->FP x M2,167.12,317.97,355.2,91.7,204.0,1200.8,1025.3
1050,0.50,20.0,933.81,944.60,1146.67,71.69,167.71,1117.48,167.71,1117.48,24.36,24.36,M3->FP x M2,167.12,317.97,355.2,91.7,204.0,1200.8,1073.2
1050,0.55,2.0,-54.07,-103.86,20.00,-112.32,168.53,865.91,168.53,865.91,-57.88,-112.32,M1->M2 x M3,184.09,352.62,339.6,100.8,223.3,1218.5,273.9
1050,0.55,3.0,-2.33,-49.50,80.36,-112.26,168.53,865.91,168.53,865.91,-57.82,-112.26,M1->M2 x M3,184.09,352.62,339.6,100.8,223.3,1218.5,313.1
1050,0.55,4.0,49.38,4.95,140.70,-112.45,168.53,865.91,168.53,865.91,-57.81,-112.45,M1->M2 x M3,184.09,352.62,339.6,100.8,223.3,1218.5,352.4
1050,0.55,5.0,101.07,59.34,200.99,-112.61,168.53,865.91,168.53,865.91,-57.88,-112.61,M1->M2 x M3,184.09,352.62,339.6,100.8,223.3,1218.5,391.8
1050,0.55,6.0,152.74,113.71,261.23,-101.70,168.53,866.32,168.53,866.32,-57.79,-101.70,M1->M2 x M3,184.09,352.62,339.6,100.8,223.3,1218.5,431.4
1050,0.55,7.0,204.35,168.05,321.38,-89.88,168.53,868.44,168.53,868.44,-57.86,-89.88,M1->M2 x M3,184.09,352.62,339.6,100.8,223.3,1218.5,471.1
1050,0.55,8.0,255.91,222.33,381.43,-78.00,168.53,872.38,168.53,872.38,-57.86,-78.00,M1->M2 x M3,184.09,352.62,339.6,100.8,223.3,1218.5,511.0
1050,0.55,9.0,307.39,276.55,441.37,-66.06,168.53,878.14,168.53,878.14,-53.06,-66.06,M1->M2 x M3,184.09,352.62,339.6,100.8,223.3,1218.5,551.0
1050,0.55,10.0,358.77,330.68,501.18,-54.06,168.67,885.71,168.67,885.71,-47.11,-54.06,M1->M2 x M3,184.09,352.62,339.6,100.8,223.3,1218.5,591.3
1050,0.55,11.0,410.04,384.71,560.83,-41.99,169.02,895.10,169.02,895.10,-41.11,-41.99,M1->M2 x M3,184.09,352.62,339.6,100.8,223.3,1218.5,631.9
1050,0.55,12.0,461.19,438.63,620.31,-29.83,169.58,906.27,169.58,906.27,-35.08,-35.08,M3->FP x M2,184.09,352.62,339.6,100.8,223.3,1218.5,672.7
1050,0.55,13.0,512.20,492.41,679.60,-17.59,170.35,919.22,170.35,919.22,-29.00,-29.00,M3->FP x M2,184.09,352.62,339.6,100.8,223.3,1218.5,713.8
1050,0.55,14.0,563.05,546.04,738.69,-5.25,171.35,933.91,171.35,933.91,-22.88,-22.88,M3->FP x M2,184.09,352.62,339.6,100.8,223.3,1218.5,755.3
1050,0.55,15.0,613.74,599.50,797.55,6.58,172.56,950.33,172.56,950.33,-16.70,-16.70,M3->FP x M2,184.09,352.62,339.6,100.8,223.3,1218.5,797.1
1050,0.55,16.0,664.23,652.78,856.16,17.84,174.00,968.44,174.00,968.44,-10.46,-10.46,M3->FP x M2,184.09,352.62,339.6,100.8,223.3,1218.5,839.4
1050,0.55,17.0,714.52,705.87,914.52,28.89,175.66,988.22,175.66,988.22,-4.17,-4.17,M3->FP x M2,184.09,352.62,339.6,100.8,223.3,1218.5,882.0
1050,0.55,18.0,764.60,758.73,972.60,39.74,177.54,1009.64,177.54,1009.64,2.12,2.12,M3->FP x M2,184.09,352.62,339.6,100.8,223.3,1218.5,925.2
1050,0.55,19.0,814.44,811.37,1030.38,50.35,179.66,1032.67,179.66,1032.67,8.33,8.33,M3->FP x M2,184.09,352.62,339.6,100.8,223.3,1218.5,968.8
1050,0.55,20.0,864.03,863.76,1087.85,60.74,182.00,1057.28,182.00,1057.28,14.62,14.62,M3->FP x M2,184.09,352.62,339.6,100.8,223.3,1218.5,1012.9
1050,0.60,2.0,-62.02,-120.67,15.44,-123.72,186.37,848.90,186.37,848.90,-62.86,-123.72,M1->M2 x M3,201.10,387.47,326.6,110.0,242.7,1236.4,277.6
1050,0.60,3.0,-15.52,-69.38,73.34,-123.64,186.37,848.90,186.37,848.90,-63.07,-123.64,M1->M2 x M3,201.10,387.47,326.6,110.0,242.7,1236.4,314.1
1050,0.60,4.0,33.44,-17.99,131.22,-123.42,186.37,848.90,186.37,848.90,-63.20,-123.42,M1->M2 x M3,201.10,387.47,326.6,110.0,242.7,1236.4,350.6
1050,0.60,5.0,82.37,33.40,189.05,-123.50,186.37,848.90,186.37,848.90,-62.99,-123.50,M1->M2 x M3,201.10,387.47,326.6,110.0,242.7,1236.4,387.2
1050,0.60,6.0,131.28,84.73,246.83,-117.12,186.37,848.90,186.37,848.90,-62.84,-117.12,M1->M2 x M3,201.10,387.47,326.6,110.0,242.7,1236.4,424.0
1050,0.60,7.0,180.15,136.04,304.53,-105.27,186.37,849.73,186.37,849.73,-62.96,-105.27,M1->M2 x M3,201.10,387.47,326.6,110.0,242.7,1236.4,460.9
1050,0.60,8.0,228.96,187.31,362.14,-93.38,186.37,852.16,186.37,852.16,-63.12,-93.38,M1->M2 x M3,201.10,387.47,326.6,110.0,242.7,1236.4,497.9
1050,0.60,9.0,277.70,238.52,419.64,-81.43,186.37,856.21,186.37,856.21,-63.25,-81.43,M1->M2 x M3,201.10,387.47,326.6,110.0,242.7,1236.4,535.2
1050,0.60,10.0,326.36,289.66,477.01,-69.41,186.39,861.88,186.39,861.88,-57.29,-69.41,M1->M2 x M3,201.10,387.47,326.6,110.0,242.7,1236.4,572.6
1050,0.60,11.0,374.92,340.71,534.24,-57.32,186.55,869.17,186.55,869.17,-51.29,-57.32,M1->M2 x M3,201.10,387.47,326.6,110.0,242.7,1236.4,610.3
1050,0.60,12.0,423.37,391.66,591.30,-45.15,186.91,878.08,186.91,878.08,-45.26,-45.26,M3->FP x M2,201.10,387.47,326.6,110.0,242.7,1236.4,648.2
1050,0.60,13.0,471.68,442.49,648.19,-32.89,187.47,888.59,187.47,888.59,-39.18,-39.18,M3->FP x M2,201.10,387.47,326.6,110.0,242.7,1236.4,686.4
1050,0.60,14.0,519.85,493.18,704.87,-20.53,188.23,900.70,188.23,900.70,-33.05,-33.05,M3->FP x M2,201.10,387.47,326.6,110.0,242.7,1236.4,725.0
1050,0.60,15.0,567.87,543.72,761.35,-8.06,189.18,914.39,189.18,914.39,-26.86,-26.86,M3->FP x M2,201.10,387.47,326.6,110.0,242.7,1236.4,763.9
1050,0.60,16.0,615.71,594.10,817.59,4.14,190.35,929.65,190.35,929.65,-20.62,-20.62,M3->FP x M2,201.10,387.47,326.6,110.0,242.7,1236.4,803.1
1050,0.60,17.0,663.36,644.30,873.58,15.59,191.72,946.45,191.72,946.45,-14.32,-14.32,M3->FP x M2,201.10,387.47,326.6,110.0,242.7,1236.4,842.8
1050,0.60,18.0,710.81,694.30,929.30,26.87,193.29,964.78,193.29,964.78,-7.95,-7.95,M3->FP x M2,201.10,387.47,326.6,110.0,242.7,1236.4,882.8
1050,0.60,19.0,758.05,744.08,984.74,37.98,195.09,984.61,195.09,984.61,-1.51,-1.51,M3->FP x M2,201.10,387.47,326.6,110.0,242.7,1236.4,923.4
1050,0.60,20.0,805.05,793.65,1039.88,48.89,197.10,1005.94,197.10,1005.94,4.83,4.83,M3->FP x M2,201.10,387.47,326.6,110.0,242.7,1236.4,964.4
1050,0.65,2.0,-67.53,-134.93,11.68,-134.70,204.30,831.84,204.30,831.84,-68.25,-134.93,in->M1 x M3,218.16,422.46,315.6,119.2,262.2,1254.3,282.3
1050,0.65,3.0,-27.50,-88.08,67.54,-134.66,204.30,831.84,204.30,831.84,-68.11,-134.66,M1->M2 x M3,218.16,422.46,315.6,119.2,262.2,1254.3,316.4
1050,0.65,4.0,19.14,-39.34,123.38,-134.63,204.30,831.84,204.30,831.84,-68.21,-134.63,M1->M2 x M3,218.16,422.46,315.6,119.2,262.2,1254.3,350.6
1050,0.65,5.0,65.74,9.48,179.19,-134.94,204.30,831.84,204.30,831.84,-68.38,-134.94,M1->M2 x M3,218.16,422.46,315.6,119.2,262.2,1254.3,384.9
1050,0.65,6.0,112.31,58.20,234.94,-132.43,204.30,831.84,204.30,831.84,-68.48,-132.43,M1->M2 x M3,218.16,422.46,315.6,119.2,262.2,1254.3,419.2
1050,0.65,7.0,158.86,106.91,290.62,-120.56,204.30,831.92,204.30,831.92,-68.28,-120.56,M1->M2 x M3,218.16,422.46,315.6,119.2,262.2,1254.3,453.8
1050,0.65,8.0,205.35,155.59,346.21,-108.65,204.30,833.12,204.30,833.12,-68.05,-108.65,M1->M2 x M3,218.16,422.46,315.6,119.2,262.2,1254.3,488.4
1050,0.65,9.0,251.78,204.22,401.69,-96.68,204.30,835.77,204.30,835.77,-68.20,-96.68,M1->M2 x M3,218.16,422.46,315.6,119.2,262.2,1254.3,523.3
1050,0.65,10.0,298.14,252.78,457.05,-84.65,204.30,839.89,204.30,839.89,-67.50,-84.65,M1->M2 x M3,218.16,422.46,315.6,119.2,262.2,1254.3,558.3
1050,0.65,11.0,344.40,301.27,512.28,-72.54,204.33,845.46,204.33,845.46,-61.50,-72.54,M1->M2 x M3,218.16,422.46,315.6,119.2,262.2,1254.3,593.6
1050,0.65,12.0,390.56,349.67,567.34,-60.36,204.53,852.51,204.53,852.51,-55.46,-60.36,M1->M2 x M3,218.16,422.46,315.6,119.2,262.2,1254.3,629.1
1050,0.65,13.0,436.60,397.96,622.24,-48.08,204.90,861.03,204.90,861.03,-49.37,-49.37,M3->FP x M2,218.16,422.46,315.6,119.2,262.2,1254.3,664.8
1050,0.65,14.0,482.51,446.13,676.94,-35.70,205.46,871.01,205.46,871.01,-43.24,-43.24,M3->FP x M2,218.16,422.46,315.6,119.2,262.2,1254.3,700.9
1050,0.65,15.0,528.27,494.17,731.44,-23.22,206.20,882.44,206.20,882.44,-37.05,-37.05,M3->FP x M2,218.16,422.46,315.6,119.2,262.2,1254.3,737.3
1050,0.65,16.0,573.87,542.05,785.72,-10.62,207.13,895.33,207.13,895.33,-30.81,-30.81,M3->FP x M2,218.16,422.46,315.6,119.2,262.2,1254.3,774.0
1050,0.65,17.0,619.30,589.77,839.75,1.93,208.25,909.66,208.25,909.66,-24.50,-24.50,M3->FP x M2,218.16,422.46,315.6,119.2,262.2,1254.3,811.1
1050,0.65,18.0,664.53,637.31,893.53,13.57,209.56,925.42,209.56,925.42,-18.12,-18.12,M3->FP x M2,218.16,422.46,315.6,119.2,262.2,1254.3,848.6
1050,0.65,19.0,709.57,684.65,947.04,25.07,211.08,942.59,211.08,942.59,-11.68,-11.68,M3->FP x M2,218.16,422.46,315.6,119.2,262.2,1254.3,886.5
1050,0.65,20.0,754.39,731.79,1000.26,36.42,212.80,961.18,212.80,961.18,-5.15,-5.15,M3->FP x M2,218.16,422.46,315.6,119.2,262.2,1254.3,924.9
1050,0.70,2.0,-73.66,-146.12,8.53,-145.89,222.23,814.73,222.23,814.73,-73.64,-146.12,in->M1 x M3,235.27,457.50,306.1,128.3,281.7,1272.2,287.7
1050,0.70,3.0,-38.51,-105.85,62.69,-146.08,222.23,814.73,222.23,814.73,-73.60,-146.08,M1->M2 x M3,235.27,457.50,306.1,128.3,281.7,1272.2,319.8
1050,0.70,4.0,6.13,-59.42,116.84,-145.74,222.23,814.73,222.23,814.73,-73.26,-145.74,M1->M2 x M3,235.27,457.50,306.1,128.3,281.7,1272.2,352.0
1050,0.70,5.0,50.73,-12.89,170.95,-146.06,222.23,814.73,222.23,814.73,-73.32,-146.06,M1->M2 x M3,235.27,457.50,306.1,128.3,281.7,1272.2,384.2
1050,0.70,6.0,95.31,33.61,225.00,-145.82,222.23,814.73,222.23,814.73,-73.63,-145.82,M1->M2 x M3,235.27,457.50,306.1,128.3,281.7,1272.2,416.6
1050,0.70,7.0,139.86,80.05,278.99,-135.72,222.23,814.73,222.23,814.73,-73.66,-135.72,M1->M2 x M3,235.27,457.50,306.1,128.3,281.7,1272.2,449.1
1050,0.70,8.0,184.37,126.47,332.90,-123.80,222.23,814.99,222.23,814.99,-73.40,-123.80,M1->M2 x M3,235.27,457.50,306.1,128.3,281.7,1272.2,481.7
1050,0.70,9.0,228.82,172.84,386.70,-111.81,222.23,816.48,222.23,816.48,-73.53,-111.81,M1->M2 x M3,235.27,457.50,306.1,128.3,281.7,1272.2,514.5
1050,0.70,10.0,273.21,219.17,440.38,-99.76,222.23,819.29,222.23,819.29,-73.73,-99.76,M1->M2 x M3,235.27,457.50,306.1,128.3,281.7,1272.2,547.5
1050,0.70,11.0,317.51,265.43,493.93,-87.64,222.23,823.43,222.23,823.43,-71.71,-87.64,M1->M2 x M3,235.27,457.50,306.1,128.3,281.7,1272.2,580.6
1050,0.70,12.0,361.71,311.60,547.33,-75.43,222.29,828.93,222.29,828.93,-65.66,-75.43,M1->M2 x M3,235.27,457.50,306.1,128.3,281.7,1272.2,614.1
1050,0.70,13.0,405.80,357.69,600.56,-63.14,222.51,835.77,222.51,835.77,-59.57,-63.14,M1->M2 x M3,235.27,457.50,306.1,128.3,281.7,1272.2,647.7
1050,0.70,14.0,449.77,403.66,653.61,-50.74,222.90,843.96,222.90,843.96,-53.43,-53.43,M3->FP x M2,235.27,457.50,306.1,128.3,281.7,1272.2,681.7
1050,0.70,15.0,493.61,449.51,706.46,-38.24,223.45,853.50,223.45,853.50,-47.24,-47.24,M3->FP x M2,235.27,457.50,306.1,128.3,281.7,1272.2,715.9
1050,0.70,16.0,537.29,495.22,759.10,-25.63,224.18,864.40,224.18,864.40,-40.99,-40.99,M3->FP x M2,235.27,457.50,306.1,128.3,281.7,1272.2,750.4
1050,0.70,17.0,580.81,540.79,811.50,-12.89,225.09,876.64,225.09,876.64,-34.68,-34.68,M3->FP x M2,235.27,457.50,306.1,128.3,281.7,1272.2,785.4
1050,0.70,18.0,624.15,586.18,863.66,-0.01,226.18,890.23,226.18,890.23,-28.30,-28.30,M3->FP x M2,235.27,457.50,306.1,128.3,281.7,1272.2,820.7
1050,0.70,19.0,667.30,631.40,915.55,11.82,227.46,905.15,227.46,905.15,-21.85,-21.85,M3->FP x M2,235.27,457.50,306.1,128.3,281.7,1272.2,856.4
1050,0.70,20.0,710.25,676.43,967.17,23.53,228.93,921.40,228.93,921.40,-15.32,-15.32,M3->FP x M2,235.27,457.50,306.1,128.3,281.7,1272.2,892.5
1050,0.75,2.0,-78.75,-157.10,5.88,-156.99,240.09,797.57,240.09,797.57,-78.30,-157.10,in->M1 x M3,252.43,492.52,297.9,137.5,301.2,1290.1,293.7
1050,0.75,3.0,-48.76,-122.84,58.61,-157.25,240.09,797.57,240.09,797.57,-78.98,-157.25,M1->M2 x M3,252.43,492.52,297.9,137.5,301.2,1290.1,324.0
1050,0.75,4.0,-5.85,-78.46,111.32,-157.02,240.09,797.57,240.09,797.57,-79.02,-157.02,M1->M2 x M3,252.43,492.52,297.9,137.5,301.2,1290.1,354.5
1050,0.75,5.0,37.02,-33.97,164.00,-156.96,240.09,797.57,240.09,797.57,-79.04,-156.96,M1->M2 x M3,252.43,492.52,297.9,137.5,301.2,1290.1,385.0
1050,0.75,6.0,79.87,10.59,216.63,-157.13,240.09,797.57,240.09,797.57,-78.28,-157.13,M1->M2 x M3,252.43,492.52,297.9,137.5,301.2,1290.1,415.6
1050,0.75,7.0,122.70,55.03,269.20,-150.73,240.09,797.57,240.09,797.57,-79.05,-150.73,M1->M2 x M3,252.43,492.52,297.9,137.5,301.2,1290.1,446.3
1050,0.75,8.0,165.49,99.45,321.68,-138.78,240.09,797.57,240.09,797.57,-78.92,-138.78,M1->M2 x M3,252.43,492.52,297.9,137.5,301.2,1290.1,477.2
1050,0.75,9.0,208.23,143.84,374.06,-126.78,240.09,798.07,240.09,798.07,-78.75,-126.78,M1->M2 x M3,252.43,492.52,297.9,137.5,301.2,1290.1,508.2
1050,0.75,10.0,250.91,188.19,426.33,-114.72,240.09,799.78,240.09,799.78,-78.69,-114.72,M1->M2 x M3,252.43,492.52,297.9,137.5,301.2,1290.1,539.4
1050,0.75,11.0,293.51,232.48,478.47,-102.57,240.09,802.71,240.09,802.71,-78.56,-102.57,M1->M2 x M3,252.43,492.52,297.9,137.5,301.2,1290.1,570.8
1050,0.75,12.0,336.02,276.69,530.46,-90.35,240.09,806.87,240.09,806.87,-75.84,-90.35,M1->M2 x M3,252.43,492.52,297.9,137.5,301.2,1290.1,602.4
1050,0.75,13.0,378.43,320.83,582.30,-78.04,240.18,812.29,240.18,812.29,-69.75,-78.04,M1->M2 x M3,252.43,492.52,297.9,137.5,301.2,1290.1,634.2
1050,0.75,14.0,420.72,364.87,633.95,-65.63,240.42,818.96,240.42,818.96,-63.60,-65.63,M1->M2 x M3,252.43,492.52,297.9,137.5,301.2,1290.1,666.3
1050,0.75,15.0,462.88,408.79,685.41,-53.11,240.82,826.89,240.82,826.89,-57.41,-57.41,M3->FP x M2,252.43,492.52,297.9,137.5,301.2,1290.1,698.7
1050,0.75,16.0,504.91,452.59,736.67,-40.48,241.38,836.08,241.38,836.08,-51.15,-51.15,M3->FP x M2,252.43,492.52,297.9,137.5,301.2,1290.1,731.4
1050,0.75,17.0,546.78,496.26,787.69,-27.72,242.11,846.54,242.11,846.54,-44.84,-44.84,M3->FP x M2,252.43,492.52,297.9,137.5,301.2,1290.1,764.4
1050,0.75,18.0,588.48,539.77,838.48,-14.82,243.01,858.26,243.01,858.26,-38.45,-38.45,M3->FP x M2,252.43,492.52,297.9,137.5,301.2,1290.1,797.8
1050,0.75,19.0,630.00,583.12,889.02,-1.78,244.07,871.25,244.07,871.25,-32.00,-32.00,M3->FP x M2,252.43,492.52,297.9,137.5,301.2,1290.1,831.5
1050,0.75,20.0,671.33,626.29,939.28,10.37,245.32,885.50,245.32,885.50,-25.47,-25.47,M3->FP x M2,252.43,492.52,297.9,137.5,301.2,1290.1,865.7
1050,0.80,2.0,-84.33,-168.04,3.63,-168.36,257.80,780.37,257.80,780.37,-84.31,-168.36,M1->M2 x M3,269.63,527.43,290.8,146.7,320.6,1307.8,300.1
1050,0.80,3.0,-58.39,-139.18,55.14,-168.28,257.80,780.37,257.80,780.37,-83.91,-168.28,M1->M2 x M3,269.63,527.43,290.8,146.7,320.6,1307.8,329.0
1050,0.80,4.0,-17.01,-96.63,106.64,-168.17,257.80,780.37,257.80,780.37,-83.46,-168.17,M1->M2 x M3,269.63,527.43,290.8,146.7,320.6,1307.8,357.9
1050,0.80,5.0,24.37,-53.97,158.10,-168.04,257.80,780.37,257.80,780.37,-83.98,-168.04,M1->M2 x M3,269.63,527.43,290.8,146.7,320.6,1307.8,386.8
1050,0.80,6.0,65.71,-11.19,209.52,-168.20,257.80,780.37,257.80,780.37,-84.21,-168.20,M1->M2 x M3,269.63,527.43,290.8,146.7,320.6,1307.8,415.9
1050,0.80,7.0,107.03,31.52,260.87,-165.55,257.80,780.37,257.80,780.37,-83.66,-165.55,M1->M2 x M3,269.63,527.43,290.8,146.7,320.6,1307.8,445.1
1050,0.80,8.0,148.32,74.16,312.14,-153.59,257.80,780.37,257.80,780.37,-84.02,-153.59,M1->M2 x M3,269.63,527.43,290.8,146.7,320.6,1307.8,474.4
1050,0.80,9.0,189.56,116.78,363.32,-141.57,257.80,780.39,257.80,780.39,-84.33,-141.57,M1->M2 x M3,269.63,527.43,290.8,146.7,320.6,1307.8,503.9
1050,0.80,10.0,230.75,159.37,414.39,-129.49,257.80,781.14,257.80,781.14,-83.73,-129.49,M1->M2 x M3,269.63,527.43,290.8,146.7,320.6,1307.8,533.5
1050,0.80,11.0,271.86,201.90,465.33,-117.33,257.80,783.01,257.80,783.01,-83.97,-117.33,M1->M2 x M3,269.63,527.43,290.8,146.7,320.6,1307.8,563.3
1050,0.80,12.0,312.89,244.38,516.13,-105.09,257.80,786.04,257.80,786.04,-84.16,-105.09,M1->M2 x M3,269.63,527.43,290.8,146.7,320.6,1307.8,593.3
1050,0.80,13.0,353.83,286.77,566.77,-92.76,257.81,790.22,257.81,790.22,-79.88,-92.76,M1->M2 x M3,269.63,527.43,290.8,146.7,320.6,1307.8,623.6
1050,0.80,14.0,394.65,329.09,617.24,-80.33,257.93,795.57,257.93,795.57,-73.74,-80.33,M1->M2 x M3,269.63,527.43,290.8,146.7,320.6,1307.8,654.0
1050,0.80,15.0,435.36,371.30,667.53,-67.80,258.19,802.10,258.19,802.10,-67.54,-67.80,M1->M2 x M3,269.63,527.43,290.8,146.7,320.6,1307.8,684.8
1050,0.80,16.0,475.94,413.40,717.60,-55.15,258.60,809.82,258.60,809.82,-61.28,-61.28,M3->FP x M2,269.63,527.43,290.8,146.7,320.6,1307.8,715.8
1050,0.80,17.0,516.37,455.37,767.46,-42.37,259.17,818.73,259.17,818.73,-54.96,-54.96,M3->FP x M2,269.63,527.43,290.8,146.7,320.6,1307.8,747.2
1050,0.80,18.0,556.64,497.20,817.09,-29.46,259.90,828.84,259.90,828.84,-48.57,-48.57,M3->FP x M2,269.63,527.43,290.8,146.7,320.6,1307.8,778.9
1050,0.80,19.0,596.74,538.88,866.47,-16.40,260.78,840.15,260.78,840.15,-42.11,-42.11,M3->FP x M2,269.63,527.43,290.8,146.7,320.6,1307.8,811.0
1050,0.80,20.0,636.66,580.40,915.58,-3.18,261.84,852.66,261.84,852.66,-35.57,-35.57,M3->FP x M2,269.63,527.43,290.8,146.7,320.6,1307.8,843.5
1050,0.85,2.0,-89.12,-179.53,1.70,-179.53,275.28,763.13,275.28,763.13,-89.42,-179.53,in->M1 x M3,286.87,562.15,284.5,155.8,339.9,1325.3,314.1
1050,0.85,3.0,-67.50,-154.95,52.17,-179.18,275.28,763.13,275.28,763.13,-88.85,-179.18,M1->M2 x M3,286.87,562.15,284.5,155.8,339.9,1325.3,334.4
1050,0.85,4.0,-27.48,-114.04,102.63,-179.55,275.28,763.13,275.28,763.13,-89.21,-179.55,M1->M2 x M3,286.87,562.15,284.5,155.8,339.9,1325.3,361.9
1050,0.85,5.0,12.59,-73.04,153.05,-179.47,275.28,763.13,275.28,763.13,-89.09,-179.47,M1->M2 x M3,286.87,562.15,284.5,155.8,339.9,1325.3,389.6
1050,0.85,6.0,52.60,-31.91,203.43,-179.31,275.28,763.13,275.28,763.13,-89.38,-179.31,M1->M2 x M3,286.87,562.15,284.5,155.8,339.9,1325.3,417.3
1050,0.85,7.0,92.59,9.30,253.75,-179.27,275.28,763.13,275.28,763.13,-89.40,-179.27,M1->M2 x M3,286.87,562.15,284.5,155.8,339.9,1325.3,445.1
1050,0.85,8.0,132.55,50.34,303.99,-168.19,275.28,763.13,275.28,763.13,-89.48,-168.19,M1->M2 x M3,286.87,562.15,284.5,155.8,339.9,1325.3,473.1
1050,0.85,9.0,172.48,91.36,354.13,-156.15,275.28,763.13,275.28,763.13,-89.39,-156.15,M1->M2 x M3,286.87,562.15,284.5,155.8,339.9,1325.3,501.1
1050,0.85,10.0,212.35,132.36,404.17,-144.05,275.28,763.22,275.28,763.22,-89.02,-144.05,M1->M2 x M3,286.87,562.15,284.5,155.8,339.9,1325.3,529.4
1050,0.85,11.0,252.15,173.32,454.09,-131.88,275.28,764.17,275.28,764.17,-89.47,-131.88,M1->M2 x M3,286.87,562.15,284.5,155.8,339.9,1325.3,557.8
1050,0.85,12.0,291.88,214.22,503.87,-119.62,275.28,766.19,275.28,766.19,-88.80,-119.62,M1->M2 x M3,286.87,562.15,284.5,155.8,339.9,1325.3,586.4
1050,0.85,13.0,331.52,255.06,553.49,-107.28,275.28,769.29,275.28,769.29,-89.25,-107.28,M1->M2 x M3,286.87,562.15,284.5,155.8,339.9,1325.3,615.3
1050,0.85,14.0,371.06,295.82,602.95,-94.83,275.30,773.49,275.30,773.49,-83.80,-94.83,M1->M2 x M3,286.87,562.15,284.5,155.8,339.9,1325.3,644.3
1050,0.85,15.0,410.48,336.49,652.22,-82.28,275.45,778.80,275.45,778.80,-77.60,-82.28,M1->M2 x M3,286.87,562.15,284.5,155.8,339.9,1325.3,673.7
1050,0.85,16.0,449.78,377.06,701.29,-69.61,275.73,785.22,275.73,785.22,-71.34,-71.34,M3->FP x M2,286.87,562.15,284.5,155.8,339.9,1325.3,703.3
1050,0.85,17.0,488.94,417.51,750.15,-56.81,276.16,792.78,276.16,792.78,-65.01,-65.01,M3->FP x M2,286.87,562.15,284.5,155.8,339.9,1325.3,733.2
1050,0.85,18.0,527.96,457.83,798.78,-43.88,276.74,801.47,276.74,801.47,-58.62,-58.62,M3->FP x M2,286.87,562.15,284.5,155.8,339.9,1325.3,763.4
1050,0.85,19.0,566.81,498.02,847.17,-30.81,277.46,811.30,277.46,811.30,-52.15,-52.15,M3->FP x M2,286.87,562.15,284.5,155.8,339.9,1325.3,794.0
1050,0.85,20.0,605.49,538.06,895.30,-17.57,278.35,822.27,278.35,822.27,-45.61,-45.61,M3->FP x M2,286.87,562.15,284.5,155.8,339.9,1325.3,824.9
1050,0.90,2.0,-94.37,-190.37,0.04,-190.41,292.45,745.84,292.45,745.84,-94.53,-190.41,M1->M2 x M3,304.16,596.61,278.8,165.0,359.1,1342.4,333.2
1050,0.90,3.0,-76.19,-170.22,49.61,-190.17,292.45,745.84,292.45,745.84,-94.50,-190.17,M1->M2 x M3,304.16,596.61,278.8,165.0,359.1,1342.4,340.2
1050,0.90,4.0,-37.37,-130.80,99.17,-190.15,292.45,745.84,292.45,745.84,-94.73,-190.15,M1->M2 x M3,304.16,596.61,278.8,165.0,359.1,1342.4,366.6
1050,0.90,5.0,1.54,-91.30,148.70,-190.17,292.45,745.84,292.45,745.84,-94.77,-190.17,M1->M2 x M3,304.16,596.61,278.8,165.0,359.1,1342.4,393.0
1050,0.90,6.0,40.36,-51.67,198.19,-190.14,292.45,745.84,292.45,745.84,-94.30,-190.14,M1->M2 x M3,304.16,596.61,278.8,165.0,359.1,1342.4,419.5
1050,0.90,7.0,79.17,-11.91,247.61,-190.29,292.45,745.84,292.45,745.84,-94.50,-190.29,M1->M2 x M3,304.16,596.61,278.8,165.0,359.1,1342.4,446.1
1050,0.90,8.0,117.96,27.76,296.96,-182.55,292.45,745.84,292.45,745.84,-93.95,-182.55,M1->M2 x M3,304.16,596.61,278.8,165.0,359.1,1342.4,472.9
1050,0.90,9.0,156.71,67.34,346.22,-170.50,292.45,745.84,292.45,745.84,-94.79,-170.50,M1->M2 x M3,304.16,596.61,278.8,165.0,359.1,1342.4,499.7
1050,0.90,10.0,195.41,106.90,395.37,-158.38,292.45,745.84,292.45,745.84,-93.77,-158.38,M1->M2 x M3,304.16,596.61,278.8,165.0,359.1,1342.4,526.8
1050,0.90,11.0,234.05,146.42,444.40,-146.19,292.45,746.04,292.45,746.04,-94.79,-146.19,M1->M2 x M3,304.16,596.61,278.8,165.0,359.1,1342.4,554.0
1050,0.90,12.0,272.63,185.90,493.30,-133.92,292.45,747.17,292.45,747.17,-93.87,-133.92,M1->M2 x M3,304.16,596.61,278.8,165.0,359.1,1342.4,581.3
1050,0.90,13.0,311.12,225.32,542.05,-121.56,292.45,749.32,292.45,749.32,-94.79,-121.56,M1->M2 x M3,304.16,596.61,278.8,165.0,359.1,1342.4,608.9
1050,0.90,14.0,349.51,264.67,590.63,-109.09,292.45,752.49,292.45,752.49,-93.79,-109.09,M1->M2 x M3,304.16,596.61,278.8,165.0,359.1,1342.4,636.7
1050,0.90,15.0,387.80,303.95,639.03,-96.52,292.49,756.71,292.49,756.71,-87.58,-96.52,M1->M2 x M3,304.16,596.61,278.8,165.0,359.1,1342.4,664.8
1050,0.90,16.0,425.97,343.13,687.24,-83.84,292.66,761.99,292.66,761.99,-81.31,-83.84,M1->M2 x M3,304.16,596.61,278.8,165.0,359.1,1342.4,693.1
1050,0.90,17.0,464.01,382.20,735.23,-71.03,292.97,768.34,292.97,768.34,-74.98,-74.98,M3->FP x M2,304.16,596.61,278.8,165.0,359.1,1342.4,721.7
1050,0.90,18.0,501.90,421.16,783.01,-58.08,293.41,775.77,293.41,775.77,-68.59,-68.59,M3->FP x M2,304.16,596.61,278.8,165.0,359.1,1342.4,750.6
1050,0.90,19.0,539.65,459.99,830.54,-44.98,294.00,784.28,294.00,784.28,-62.12,-62.12,M3->FP x M2,304.16,596.61,278.8,165.0,359.1,1342.4,779.9
1050,0.90,20.0,577.23,498.68,877.83,-31.73,294.73,793.90,294.73,793.90,-55.57,-55.57,M3->FP x M2,304.16,596.61,278.8,165.0,359.1,1342.4,809.5
1100,0.30,2.0,30.65,11.11,75.63,-58.67,84.00,1000.27,84.00,1000.27,-31.52,-58.67,M1->M2 x M3,99.73,183.73,483.5,55.0,129.3,1184.0,292.8
1100,0.30,3.0,113.87,98.40,166.04,-58.48,84.00,1001.17,84.00,1001.17,-31.48,-58.48,M1->M2 x M3,99.73,183.73,483.5,55.0,129.3,1184.0,362.8
1100,0.30,4.0,197.04,185.66,256.39,-47.27,84.00,1006.59,84.00,1006.59,-31.51,-47.27,M1->M2 x M3,99.73,183.73,483.5,55.0,129.3,1184.0,432.9
1100,0.30,5.0,280.16,272.86,346.67,-35.59,84.00,1016.84,84.00,1016.84,-26.86,-35.59,M1->M2 x M3,99.73,183.73,483.5,55.0,129.3,1184.0,503.1
1100,0.30,6.0,363.19,359.98,436.85,-23.89,84.24,1031.84,84.24,1031.84,-21.03,-23.89,M1->M2 x M3,99.73,183.73,483.5,55.0,129.3,1184.0,573.6
1100,0.30,7.0,446.11,446.99,526.89,-12.14,84.87,1051.42,84.87,1051.42,-15.18,-15.18,M3->FP x M2,99.73,183.73,483.5,55.0,129.3,1184.0,644.4
1100,0.30,8.0,528.90,533.87,616.77,-0.34,85.91,1075.40,85.91,1075.40,-9.31,-9.31,M3->FP x M2,99.73,183.73,483.5,55.0,129.3,1184.0,715.4
1100,0.30,9.0,611.52,620.58,706.46,10.46,87.33,1103.58,87.33,1103.58,-3.40,-3.40,M3->FP x M2,99.73,183.73,483.5,55.0,129.3,1184.0,786.8
1100,0.30,10.0,693.96,707.10,795.94,20.79,89.13,1135.73,89.13,1135.73,2.44,2.44,M3->FP x M2,99.73,183.73,483.5,55.0,129.3,1184.0,858.7
1100,0.30,11.0,776.18,793.40,885.17,30.64,91.29,1171.61,91.29,1171.61,8.20,8.20,M3->FP x M2,99.73,183.73,483.5,55.0,129.3,1184.0,930.9
1100,0.30,12.0,858.17,879.47,974.14,39.99,93.80,1211.01,93.80,1211.01,14.00,14.00,M3->FP x M2,99.73,183.73,483.5,55.0,129.3,1184.0,1003.7
1100,0.30,13.0,939.90,965.27,1062.81,48.83,96.64,1253.70,96.64,1253.70,19.84,19.84,M3->FP x M2,99.73,183.73,483.5,55.0,129.3,1184.0,1077.0
1100,0.30,14.0,1021.34,1050.77,1151.15,57.16,99.78,1299.48,99.78,1299.48,25.73,25.73,M3->FP x M2,99.73,183.73,483.5,55.0,129.3,1184.0,1150.9
1100,0.30,15.0,1102.47,1135.95,1239.14,65.00,103.23,1348.17,103.23,1348.17,31.67,31.67,M3->FP x M2,99.73,183.73,483.5,55.0,129.3,1184.0,1225.5
1100,0.30,16.0,1183.27,1220.79,1326.76,72.35,106.95,1399.60,106.95,1399.60,37.66,37.66,M3->FP x M2,99.73,183.73,483.5,55.0,129.3,1184.0,1300.8
1100,0.30,17.0,1263.70,1305.25,1413.97,79.24,110.93,1453.63,110.83,1453.63,43.72,43.72,M3->FP x M2,99.73,183.73,483.5,55.0,129.3,1184.0,1376.8
1100,0.30,18.0,1343.75,1389.32,1500.76,85.69,115.15,1510.14,114.48,1510.14,49.84,49.84,M3->FP x M2,99.73,183.73,483.5,55.0,129.3,1184.0,1453.7
1100,0.30,19.0,1423.39,1472.96,1587.08,91.73,119.62,1567.60,117.90,1569.03,56.03,56.03,M3->FP x M2,99.73,183.73,483.5,55.0,129.3,1184.0,1531.4
1100,0.30,20.0,1502.60,1556.16,1672.92,97.37,124.31,1621.10,121.09,1630.20,62.30,62.30,M3->FP x M2,99.73,183.73,483.5,55.0,129.3,1184.0,1610.1
1100,0.35,2.0,8.48,-16.88,59.24,-69.21,100.26,983.49,100.26,983.49,-36.80,-69.21,M1->M2 x M3,116.51,216.77,440.6,64.2,147.7,1200.3,282.4
1100,0.35,3.0,82.56,61.01,140.80,-69.08,100.26,983.52,100.26,983.52,-36.76,-69.08,M1->M2 x M3,116.51,216.77,440.6,64.2,147.7,1200.3,343.2
1100,0.35,4.0,156.61,138.86,222.31,-62.84,100.26,985.86,100.26,985.86,-36.88,-62.84,M1->M2 x M3,116.51,216.77,440.6,64.2,147.7,1200.3,404.1
1100,0.35,5.0,230.62,216.68,303.76,-51.15,100.26,991.95,100.26,991.95,-36.63,-51.15,M1->M2 x M3,116.51,216.77,440.6,64.2,147.7,1200.3,465.1
1100,0.35,6.0,304.56,294.43,385.12,-39.43,100.27,1001.77,100.27,1001.77,-30.80,-39.43,M1->M2 x M3,116.51,216.77,440.6,64.2,147.7,1200.3,526.4
1100,0.35,7.0,378.40,372.09,466.35,-27.66,100.54,1015.24,100.54,1015.24,-24.94,-27.66,M1->M2 x M3,116.51,216.77,440.6,64.2,147.7,1200.3,587.9
1100,0.35,8.0,452.13,449.64,547.45,-15.85,101.15,1032.27,101.15,1032.27,-19.06,-19.06,M3->FP x M2,116.51,216.77,440.6,64.2,147.7,1200.3,649.6
1100,0.35,9.0,525.72,527.05,628.38,-3.98,102.10,1052.75,102.10,1052.75,-13.16,-13.16,M3->FP x M2,116.51,216.77,440.6,64.2,147.7,1200.3,711.7
1100,0.35,10.0,599.16,604.30,709.11,7.28,103.38,1076.55,103.38,1076.55,-7.22,-7.22,M3->FP x M2,116.51,216.77,440.6,64.2,147.7,1200.3,774.1
1100,0.35,11.0,672.40,681.36,789.63,17.90,104.99,1103.54,104.99,1103.54,-1.24,-1.24,M3->FP x M2,116.51,216.77,440.6,64.2,147.7,1200.3,836.9
1100,0.35,12.0,745.45,758.22,869.91,28.14,106.92,1133.56,106.92,1133.56,4.61,4.61,M3->FP x M2,116.51,216.77,440.6,64.2,147.7,1200.3,900.2
1100,0.35,13.0,818.27,834.85,949.93,37.97,109.17,1166.48,109.17,1166.48,10.45,10.45,M3->FP x M2,116.51,216.77,440.6,64.2,147.7,1200.3,963.9
1100,0.35,14.0,890.83,911.22,1029.65,47.37,111.72,1202.15,111.72,1202.15,16.34,16.34,M3->FP x M2,116.51,216.77,440.6,64.2,147.7,1200.3,1028.2
1100,0.35,15.0,963.13,987.32,1109.07,56.35,114.55,1240.45,114.55,1240.45,22.28,22.28,M3->FP x M2,116.51,216.77,440.6,64.2,147.7,1200.3,1093.0
1100,0.35,16.0,1035.13,1063.11,1188.14,64.89,117.68,1281.25,117.68,1281.25,28.28,28.28,M3->FP x M2,116.51,216.77,440.6,64.2,147.7,1200.3,1158.4
1100,0.35,17.0,1106.82,1138.58,1266.85,73.01,121.07,1324.44,121.07,1324.44,34.34,34.34,M3->FP x M2,116.51,216.77,440.6,64.2,147.7,1200.3,1224.5
1100,0.35,18.0,1178.17,1213.71,1345.18,80.71,124.72,1369.93,124.72,1369.93,40.47,40.47,M3->FP x M2,116.51,216.77,440.6,64.2,147.7,1200.3,1291.3
1100,0.35,19.0,1249.16,1288.46,1423.09,88.00,128.63,1417.63,128.63,1417.63,46.66,46.66,M3->FP x M2,116.51,216.77,440.6,64.2,147.7,1200.3,1358.9
1100,0.35,20.0,1319.78,1362.82,1500.58,94.91,132.78,1467.47,132.57,1467.47,52.93,52.93,M3->FP x M2,116.51,216.77,440.6,64.2,147.7,1200.3,1427.3
1100,0.40,2.0,-9.48,-40.81,47.10,-79.82,116.97,966.66,116.97,966.66,-41.96,-79.82,M1->M2 x M3,133.34,250.30,408.5,73.3,166.3,1217.0,277.0
1100,0.40,3.0,57.76,29.96,122.10,-79.81,116.97,966.66,116.97,966.66,-41.91,-79.81,M1->M2 x M3,133.34,250.30,408.5,73.3,166.3,1217.0,330.9
1100,0.40,4.0,124.98,100.70,197.06,-78.43,116.97,967.21,116.97,967.21,-41.86,-78.43,M1->M2 x M3,133.34,250.30,408.5,73.3,166.3,1217.0,384.9
1100,0.40,5.0,192.15,171.41,271.96,-66.72,116.97,970.54,116.97,970.54,-41.93,-66.72,M1->M2 x M3,133.34,250.30,408.5,73.3,166.3,1217.0,439.1
1100,0.40,6.0,259.27,242.06,346.78,-54.99,116.97,976.89,116.97,976.89,-40.69,-54.99,M1->M2 x M3,133.34,250.30,408.5,73.3,166.3,1217.0,493.4
1100,0.40,7.0,326.31,312.65,421.49,-43.21,117.01,986.23,117.01,986.23,-34.83,-43.21,M1->M2 x M3,133.34,250.30,408.5,73.3,166.3,1217.0,548.0
1100,0.40,8.0,393.25,383.13,496.07,-31.38,117.30,998.51,117.30,998.51,-28.95,-31.38,M1->M2 x M3,133.34,250.30,408.5,73.3,166.3,1217.0,602.8
1100,0.40,9.0,460.08,453.50,570.51,-19.49,117.89,1013.68,117.89,1013.68,-23.03,-23.03,M3->FP x M2,133.34,250.30,408.5,73.3,166.3,1217.0,657.8
1100,0.40,10.0,526.76,523.74,644.76,-7.54,118.77,1031.67,118.77,1031.67,-17.09,-17.09,M3->FP x M2,133.34,250.30,408.5,73.3,166.3,1217.0,713.2
1100,0.40,11.0,593.28,593.81,718.83,4.12,119.95,1052.39,119.95,1052.39,-11.11,-11.11,M3->FP x M2,133.34,250.30,408.5,73.3,166.3,1217.0,768.9
1100,0.40,12.0,659.62,663.70,792.67,14.99,121.42,1075.75,121.42,1075.75,-5.09,-5.09,M3->FP x M2,133.34,250.30,408.5,73.3,166.3,1217.0,825.0
1100,0.40,13.0,725.76,733.39,866.27,25.54,123.18,1101.66,123.18,1101.66,0.94,0.94,M3->FP x M2,133.34,250.30,408.5,73.3,166.3,1217.0,881.5
1100,0.40,14.0,791.67,802.86,939.61,35.74,125.22,1130.03,125.22,1130.03,6.83,6.83,M3->FP x M2,133.34,250.30,408.5,73.3,166.3,1217.0,938.5
1100,0.40,15.0,857.35,872.08,1012.66,45.59,127.54,1160.76,127.54,1160.76,12.78,12.78,M3->FP x M2,133.34,250.30,408.5,73.3,166.3,1217.0,996.0
1100,0.40,16.0,922.77,941.04,1085.41,55.08,130.13,1193.77,130.13,1193.77,18.78,18.78,M3->FP x M2,133.34,250.30,408.5,73.3,166.3,1217.0,1054.1
1100,0.40,17.0,987.90,1009.71,1157.82,64.19,132.99,1228.97,132.99,1228.97,24.85,24.85,M3->FP x M2,133.34,250.30,408.5,73.3,166.3,1217.0,1112.7
1100,0.40,18.0,1052.73,1078.07,1229.88,72.94,136.11,1266.30,136.11,1266.30,30.98,30.98,M3->FP x M2,133.34,250.30,408.5,73.3,166.3,1217.0,1172.0
1100,0.40,19.0,1117.25,1146.10,1301.56,81.32,139.49,1305.69,139.49,1305.69,37.17,37.17,M3->FP x M2,133.34,250.30,408.5,73.3,166.3,1217.0,1231.9
1100,0.40,20.0,1181.42,1213.79,1372.85,89.33,143.12,1347.07,143.12,1347.07,43.45,43.45,M3->FP x M2,133.34,250.30,408.5,73.3,166.3,1217.0,1292.6
1100,0.45,2.0,-24.62,-62.06,37.79,-90.71,134.05,949.79,134.05,949.79,-47.02,-90.71,M1->M2 x M3,150.21,284.26,383.4,82.5,185.2,1234.1,274.9
1100,0.45,3.0,37.30,3.12,107.75,-90.57,134.05,949.79,134.05,949.79,-47.20,-90.57,M1->M2 x M3,150.21,284.26,383.4,82.5,185.2,1234.1,323.5
1100,0.45,4.0,99.20,68.26,177.69,-90.73,134.05,949.80,134.05,949.80,-47.42,-90.73,M1->M2 x M3,150.21,284.26,383.4,82.5,185.2,1234.1,372.2
1100,0.45,5.0,161.07,133.38,247.57,-82.29,134.05,951.18,134.05,951.18,-47.32,-82.29,M1->M2 x M3,150.21,284.26,383.4,82.5,185.2,1234.1,421.0
1100,0.45,6.0,222.89,198.46,317.37,-70.54,134.05,955.07,134.05,955.07,-47.06,-70.54,M1->M2 x M3,150.21,284.26,383.4,82.5,185.2,1234.1,470.0
1100,0.45,7.0,284.64,263.47,387.08,-58.74,134.05,961.47,134.05,961.47,-44.82,-58.74,M1->M2 x M3,150.21,284.26,383.4,82.5,185.2,1234.1,519.1
1100,0.45,8.0,346.30,328.41,456.67,-46.90,134.12,970.35,134.12,970.35,-38.93,-46.90,M1->M2 x M3,150.21,284.26,383.4,82.5,185.2,1234.1,568.5
1100,0.45,9.0,407.86,393.25,526.12,-35.00,134.44,981.69,134.44,981.69,-33.01,-35.00,M1->M2 x M3,150.21,284.26,383.4,82.5,185.2,1234.1,618.1
1100,0.45,10.0,469.29,457.97,595.42,-23.03,135.01,995.45,135.01,995.45,-27.07,-27.07,M3->FP x M2,150.21,284.26,383.4,82.5,185.2,1234.1,668.0
1100,0.45,11.0,530.58,522.55,664.53,-10.99,135.85,1011.58,135.85,1011.58,-21.08,-21.08,M3->FP x M2,150.21,284.26,383.4,82.5,185.2,1234.1,718.2
1100,0.45,12.0,591.71,586.97,733.43,1.04,136.95,1030.03,136.95,1030.03,-15.06,-15.06,M3->FP x M2,150.21,284.26,383.4,82.5,185.2,1234.1,768.8
1100,0.45,13.0,652.66,651.21,802.12,12.12,138.31,1050.74,138.31,1050.74,-8.99,-8.99,M3->FP x M2,150.21,284.26,383.4,82.5,185.2,1234.1,819.7
1100,0.45,14.0,713.41,715.25,870.56,22.92,139.93,1073.64,139.93,1073.64,-2.87,-2.87,M3->FP x M2,150.21,284.26,383.4,82.5,185.2,1234.1,871.1
1100,0.45,15.0,773.95,779.08,938.73,33.45,141.81,1098.68,141.81,1098.68,3.18,3.18,M3->FP x M2,150.21,284.26,383.4,82.5,185.2,1234.1,922.9
1100,0.45,16.0,834.24,842.66,1006.62,43.67,143.95,1125.79,143.95,1125.79,9.19,9.19,M3->FP x M2,150.21,284.26,383.4,82.5,185.2,1234.1,975.2
1100,0.45,17.0,894.29,906.00,1074.20,53.58,146.34,1154.92,146.34,1154.92,15.25,15.25,M3->FP x M2,150.21,284.26,383.4,82.5,185.2,1234.1,1028.0
1100,0.45,18.0,954.06,969.05,1141.46,63.18,148.99,1186.01,148.99,1186.01,21.38,21.38,M3->FP x M2,150.21,284.26,383.4,82.5,185.2,1234.1,1081.4
1100,0.45,19.0,1013.54,1031.81,1208.36,72.45,151.89,1219.01,151.89,1219.01,27.59,27.59,M3->FP x M2,150.21,284.26,383.4,82.5,185.2,1234.1,1135.4
1100,0.45,20.0,1072.71,1094.26,1274.90,81.40,155.04,1253.87,155.04,1253.87,33.86,33.86,M3->FP x M2,150.21,284.26,383.4,82.5,185.2,1234.1,1190.1
1100,0.50,2.0,-37.79,-81.44,30.46,-101.35,151.44,932.88,151.44,932.88,-52.55,-101.35,M1->M2 x M3,167.12,318.57,363.4,91.7,204.3,1251.4,275.3
1100,0.50,3.0,19.88,-20.83,96.47,-101.60,151.44,932.88,151.44,932.88,-52.41,-101.60,M1->M2 x M3,167.12,318.57,363.4,91.7,204.3,1251.4,319.6
1100,0.50,4.0,77.53,39.80,162.44,-101.66,151.44,932.88,151.44,932.88,-52.63,-101.66,M1->M2 x M3,167.12,318.57,363.4,91.7,204.3,1251.4,364.0
1100,0.50,5.0,135.15,100.40,228.37,-97.84,151.44,933.12,151.44,933.12,-52.31,-97.84,M1->M2 x M3,167.12,318.57,363.4,91.7,204.3,1251.4,408.6
1100,0.50,6.0,192.73,160.96,294.23,-86.07,151.44,935.19,151.44,935.19,-52.69,-86.07,M1->M2 x M3,167.12,318.57,363.4,91.7,204.3,1251.4,453.2
1100,0.50,7.0,250.25,221.48,360.00,-74.26,151.44,939.40,151.44,939.40,-52.63,-74.26,M1->M2 x M3,167.12,318.57,363.4,91.7,204.3,1251.4,498.1
1100,0.50,8.0,307.69,281.92,425.66,-62.39,151.44,945.75,151.44,945.75,-49.00,-62.39,M1->M2 x M3,167.12,318.57,363.4,91.7,204.3,1251.4,543.1
1100,0.50,9.0,365.04,342.28,491.19,-50.47,151.54,954.22,151.54,954.22,-43.08,-50.47,M1->M2 x M3,167.12,318.57,363.4,91.7,204.3,1251.4,588.3
1100,0.50,10.0,422.28,402.54,556.57,-38.49,151.88,964.79,151.88,964.79,-37.13,-38.49,M1->M2 x M3,167.12,318.57,363.4,91.7,204.3,1251.4,633.9
1100,0.50,11.0,479.39,462.67,621.78,-26.43,152.44,977.45,152.44,977.45,-31.14,-31.14,M3->FP x M2,167.12,318.57,363.4,91.7,204.3,1251.4,679.7
1100,0.50,12.0,536.36,522.67,686.81,-14.30,153.24,992.16,153.24,992.16,-25.11,-25.11,M3->FP x M2,167.12,318.57,363.4,91.7,204.3,1251.4,725.8
1100,0.50,13.0,593.16,582.50,751.62,-2.07,154.28,1008.89,154.28,1008.89,-19.04,-19.04,M3->FP x M2,167.12,318.57,363.4,91.7,204.3,1251.4,772.2
1100,0.50,14.0,649.78,642.16,816.20,9.35,155.55,1027.59,155.55,1027.59,-12.92,-12.92,M3->FP x M2,167.12,318.57,363.4,91.7,204.3,1251.4,819.1
1100,0.50,15.0,706.20,701.62,880.54,20.38,157.07,1048.23,157.07,1048.23,-6.74,-6.74,M3->FP x M2,167.12,318.57,363.4,91.7,204.3,1251.4,866.3
1100,0.50,16.0,762.41,760.86,944.61,31.18,158.82,1070.75,158.82,1070.75,-0.51,-0.51,M3->FP x M2,167.12,318.57,363.4,91.7,204.3,1251.4,914.0
1100,0.50,17.0,818.38,819.88,1008.38,41.73,160.82,1095.14,160.82,1095.14,5.58,5.58,M3->FP x M2,167.12,318.57,363.4,91.7,204.3,1251.4,962.2
1100,0.50,18.0,874.11,878.64,1071.86,52.01,163.06,1121.33,163.06,1121.33,11.71,11.71,M3->FP x M2,167.12,318.57,363.4,91.7,204.3,1251.4,1010.9
1100,0.50,19.0,929.57,937.14,1135.00,62.01,165.53,1149.30,165.53,1149.30,17.92,17.92,M3->FP x M2,167.12,318.57,363.4,91.7,204.3,1251.4,1060.2
1100,0.50,20.0,984.75,995.35,1197.80,71.74,168.25,1179.01,168.25,1179.01,24.20,24.20,M3->FP x M2,167.12,318.57,363.4,91.7,204.3,1251.4,1110.1
1100,0.55,2.0,-49.52,-99.48,24.57,-112.38,169.06,915.91,169.06,915.91,-57.84,-112.38,M1->M2 x M3,184.09,353.15,347.1,100.8,223.6,1269.1,277.4
1100,0.55,3.0,4.68,-42.65,87.40,-112.62,169.06,915.91,169.06,915.91,-57.87,-112.62,M1->M2 x M3,184.09,353.15,347.1,100.8,223.6,1269.1,318.3
1100,0.55,4.0,58.84,14.25,150.20,-112.74,169.06,915.91,169.06,915.91,-57.73,-112.74,M1->M2 x M3,184.09,353.15,347.1,100.8,223.6,1269.1,359.2
1100,0.55,5.0,112.99,71.09,212.95,-112.45,169.06,915.91,169.06,915.91,-57.96,-112.45,M1->M2 x M3,184.09,353.15,347.1,100.8,223.6,1269.1,400.2
1100,0.55,6.0,167.10,127.90,275.64,-101.54,169.06,916.61,169.06,916.61,-57.68,-101.54,M1->M2 x M3,184.09,353.15,347.1,100.8,223.6,1269.1,441.3
1100,0.55,7.0,221.16,184.68,338.25,-89.72,169.06,919.14,169.06,919.14,-57.98,-89.72,M1->M2 x M3,184.09,353.15,347.1,100.8,223.6,1269.1,482.6
1100,0.55,8.0,275.15,241.41,400.75,-77.84,169.06,923.53,169.06,923.53,-57.71,-77.84,M1->M2 x M3,184.09,353.15,347.1,100.8,223.6,1269.1,524.1
1100,0.55,9.0,329.07,298.06,463.13,-65.90,169.06,929.78,169.06,929.78,-53.21,-65.90,M1->M2 x M3,184.09,353.15,347.1,100.8,223.6,1269.1,565.8
1100,0.55,10.0,382.88,354.62,525.37,-53.90,169.20,937.89,169.20,937.89,-47.25,-53.90,M1->M2 x M3,184.09,353.15,347.1,100.8,223.6,1269.1,607.7
1100,0.55,11.0,436.57,411.07,587.45,-41.83,169.54,947.85,169.54,947.85,-41.26,-41.83,M1->M2 x M3,184.09,353.15,347.1,100.8,223.6,1269.1,649.9
1100,0.55,12.0,490.13,467.40,649.35,-29.67,170.10,959.63,170.10,959.63,-35.23,-35.23,M3->FP x M2,184.09,353.15,347.1,100.8,223.6,1269.1,692.4
1100,0.55,13.0,543.54,523.58,711.06,-17.43,170.88,973.23,170.88,973.23,-29.15,-29.15,M3->FP x M2,184.09,353.15,347.1,100.8,223.6,1269.1,735.2
1100,0.55,14.0,596.79,579.60,772.54,-5.09,171.87,988.61,171.87,988.61,-23.02,-23.02,M3->FP x M2,184.09,353.15,347.1,100.8,223.6,1269.1,778.4
1100,0.55,15.0,649.85,635.45,833.80,6.73,173.08,1005.76,173.08,1005.76,-16.84,-16.84,M3->FP x M2,184.09,353.15,347.1,100.8,223.6,1269.1,821.9
1100,0.55,16.0,702.72,691.11,894.79,17.97,174.51,1024.64,174.51,1024.64,-10.61,-10.61,M3->FP x M2,184.09,353.15,347.1,100.8,223.6,1269.1,865.9
1100,0.55,17.0,755.37,746.55,955.52,29.02,176.16,1045.23,176.16,1045.23,-4.31,-4.31,M3->FP x M2,184.09,353.15,347.1,100.8,223.6,1269.1,910.2
1100,0.55,18.0,807.79,801.76,1015.95,39.85,178.04,1067.50,178.04,1067.50,1.98,1.98,M3->FP x M2,184.09,353.15,347.1,100.8,223.6,1269.1,955.1
1100,0.55,19.0,859.96,856.74,1076.08,50.46,180.15,1091.42,180.15,1091.42,8.19,8.19,M3->FP x M2,184.09,353.15,347.1,100.8,223.6,1269.1,1000.5
1100,0.55,20.0,911.88,911.45,1135.87,60.83,182.49,1116.98,182.49,1116.98,14.48,14.48,M3->FP x M2,184.09,353.15,347.1,100.8,223.6,1269.1,1046.5
1100,0.60,2.0,-60.17,-116.51,19.76,-123.87,186.83,898.90,186.83,898.90,-62.89,-123.87,M1->M2 x M3,201.10,387.93,333.4,110.0,243.0,1286.8,280.8
1100,0.60,3.0,-8.89,-62.88,79.99,-123.79,186.83,898.90,186.83,898.90,-63.12,-123.79,M1->M2 x M3,201.10,387.93,333.4,110.0,243.0,1286.8,318.8
1100,0.60,4.0,42.39,-9.16,140.20,-123.64,186.83,898.90,186.83,898.90,-63.15,-123.64,M1->M2 x M3,201.10,387.93,333.4,110.0,243.0,1286.8,356.8
1100,0.60,5.0,93.64,44.52,200.36,-123.89,186.83,898.90,186.83,898.90,-62.92,-123.89,M1->M2 x M3,201.10,387.93,333.4,110.0,243.0,1286.8,394.9
1100,0.60,6.0,144.87,98.18,260.47,-116.94,186.83,898.94,186.83,898.94,-62.92,-116.94,M1->M2 x M3,201.10,387.93,333.4,110.0,243.0,1286.8,433.1
1100,0.60,7.0,196.05,151.80,320.49,-105.10,186.83,900.14,186.83,900.14,-63.06,-105.10,M1->M2 x M3,201.10,387.93,333.4,110.0,243.0,1286.8,471.4
1100,0.60,8.0,247.17,205.38,380.42,-93.20,186.83,902.98,186.83,902.98,-63.23,-93.20,M1->M2 x M3,201.10,387.93,333.4,110.0,243.0,1286.8,510.0
1100,0.60,9.0,298.22,258.89,440.23,-81.25,186.83,907.47,186.83,907.47,-63.12,-81.25,M1->M2 x M3,201.10,387.93,333.4,110.0,243.0,1286.8,548.7
1100,0.60,10.0,349.17,312.33,499.90,-69.23,186.84,913.62,186.84,913.62,-57.42,-69.23,M1->M2 x M3,201.10,387.93,333.4,110.0,243.0,1286.8,587.6
1100,0.60,11.0,400.02,365.67,559.42,-57.14,187.01,921.41,187.01,921.41,-51.42,-57.14,M1->M2 x M3,201.10,387.93,333.4,110.0,243.0,1286.8,626.8
1100,0.60,12.0,450.75,418.90,618.78,-44.97,187.37,930.86,187.37,930.86,-45.38,-45.38,M3->FP x M2,201.10,387.93,333.4,110.0,243.0,1286.8,666.3
1100,0.60,13.0,501.33,472.00,677.94,-32.71,187.92,941.94,187.92,941.94,-39.30,-39.30,M3->FP x M2,201.10,387.93,333.4,110.0,243.0,1286.8,706.0
1100,0.60,14.0,551.77,524.96,736.90,-20.35,188.68,954.65,188.68,954.65,-33.17,-33.17,M3->FP x M2,201.10,387.93,333.4,110.0,243.0,1286.8,746.1
1100,0.60,15.0,602.04,577.75,795.63,-7.89,189.63,968.97,189.63,968.97,-26.99,-26.99,M3->FP x M2,201.10,387.93,333.4,110.0,243.0,1286.8,786.6
1100,0.60,16.0,652.12,630.38,854.13,4.30,190.79,984.89,190.79,984.89,-20.75,-20.75,M3->FP x M2,201.10,387.93,333.4,110.0,243.0,1286.8,827.4
1100,0.60,17.0,702.01,682.81,912.36,15.74,192.16,1002.40,192.16,1002.40,-14.44,-14.44,M3->FP x M2,201.10,387.93,333.4,110.0,243.0,1286.8,868.6
1100,0.60,18.0,751.68,735.03,970.31,27.01,193.73,1021.46,193.73,1021.46,-8.08,-8.08,M3->FP x M2,201.10,387.93,333.4,110.0,243.0,1286.8,910.3
1100,0.60,19.0,801.13,787.03,1027.97,38.11,195.52,1042.07,195.52,1042.07,-1.63,-1.63,M3->FP x M2,201.10,387.93,333.4,110.0,243.0,1286.8,952.5
1100,0.60,20.0,850.33,838.78,1085.31,49.01,197.53,1064.21,197.53,1064.21,4.71,4.71,M3->FP x M2,201.10,387.93,333.4,110.0,243.0,1286.8,995.1
1100,0.65,2.0,-67.05,-132.76,15.79,-134.71,204.68,881.84,204.68,881.84,-68.27,-134.71,M1->M2 x M3,218.16,422.84,321.9,119.2,262.4,1304.7,285.3
1100,0.65,3.0,-21.18,-81.88,73.87,-134.87,204.68,881.84,204.68,881.84,-68.14,-134.87,M1->M2 x M3,218.16,422.84,321.9,119.2,262.4,1304.7,320.7
1100,0.65,4.0,27.66,-30.92,131.93,-134.97,204.68,881.84,204.68,881.84,-68.17,-134.97,M1->M2 x M3,218.16,422.84,321.9,119.2,262.4,1304.7,356.3
1100,0.65,5.0,76.47,20.09,189.95,-134.81,204.68,881.84,204.68,881.84,-68.33,-134.81,M1->M2 x M3,218.16,422.84,321.9,119.2,262.4,1304.7,391.9
1100,0.65,6.0,125.25,71.02,247.91,-132.24,204.68,881.84,204.68,881.84,-68.50,-132.24,M1->M2 x M3,218.16,422.84,321.9,119.2,262.4,1304.7,427.6
1100,0.65,7.0,174.00,121.93,305.80,-120.38,204.68,882.08,204.68,882.08,-68.35,-120.38,M1->M2 x M3,218.16,422.84,321.9,119.2,262.4,1304.7,463.5
1100,0.65,8.0,222.69,172.80,363.59,-108.47,204.68,883.66,204.68,883.66,-68.13,-108.47,M1->M2 x M3,218.16,422.84,321.9,119.2,262.4,1304.7,499.5
1100,0.65,9.0,271.31,223.62,421.28,-96.50,204.68,886.71,204.68,886.71,-68.10,-96.50,M1->M2 x M3,218.16,422.84,321.9,119.2,262.4,1304.7,535.8
1100,0.65,10.0,319.85,274.38,478.83,-84.47,204.68,891.25,204.68,891.25,-67.60,-84.47,M1->M2 x M3,218.16,422.84,321.9,119.2,262.4,1304.7,572.2
1100,0.65,11.0,368.30,325.04,536.24,-72.36,204.71,897.29,204.71,897.29,-61.60,-72.36,M1->M2 x M3,218.16,422.84,321.9,119.2,262.4,1304.7,608.8
1100,0.65,12.0,416.63,375.62,593.48,-60.17,204.90,904.82,204.90,904.82,-55.56,-60.17,M1->M2 x M3,218.16,422.84,321.9,119.2,262.4,1304.7,645.7
1100,0.65,13.0,464.83,426.07,650.55,-47.89,205.28,913.84,205.28,913.84,-49.48,-49.48,M3->FP x M2,218.16,422.84,321.9,119.2,262.4,1304.7,682.9
1100,0.65,14.0,512.89,476.40,707.41,-35.52,205.83,924.35,205.83,924.35,-43.34,-43.34,M3->FP x M2,218.16,422.84,321.9,119.2,262.4,1304.7,720.4
1100,0.65,15.0,560.80,526.58,764.07,-23.04,206.57,936.35,206.57,936.35,-37.15,-37.15,M3->FP x M2,218.16,422.84,321.9,119.2,262.4,1304.7,758.2
1100,0.65,16.0,608.54,576.60,820.48,-10.44,207.50,949.82,207.50,949.82,-30.91,-30.91,M3->FP x M2,218.16,422.84,321.9,119.2,262.4,1304.7,796.4
1100,0.65,17.0,656.09,626.44,876.65,2.10,208.62,964.77,208.62,964.77,-24.60,-24.60,M3->FP x M2,218.16,422.84,321.9,119.2,262.4,1304.7,834.9
1100,0.65,18.0,703.44,676.10,932.55,13.73,209.93,981.17,209.93,981.17,-18.23,-18.23,M3->FP x M2,218.16,422.84,321.9,119.2,262.4,1304.7,873.9
1100,0.65,19.0,750.58,725.55,988.17,25.22,211.45,999.02,211.45,999.02,-11.78,-11.78,M3->FP x M2,218.16,422.84,321.9,119.2,262.4,1304.7,913.3
1100,0.65,20.0,797.48,774.77,1043.49,36.56,213.16,1018.31,213.16,1018.31,-5.26,-5.26,M3->FP x M2,218.16,422.84,321.9,119.2,262.4,1304.7,953.3
1100,0.70,2.0,-72.99,-145.88,12.46,-146.08,222.53,864.73,222.53,864.73,-73.65,-146.08,M1->M2 x M3,235.27,457.80,312.0,128.3,281.9,1322.5,290.4
1100,0.70,3.0,-32.47,-99.90,68.75,-146.04,222.53,864.73,222.53,864.73,-73.57,-146.04,M1->M2 x M3,235.27,457.80,312.0,128.3,281.9,1322.5,323.8
1100,0.70,4.0,14.29,-51.35,125.01,-145.98,222.53,864.73,222.53,864.73,-73.23,-145.98,M1->M2 x M3,235.27,457.80,312.0,128.3,281.9,1322.5,357.2
1100,0.70,5.0,61.00,-2.68,181.24,-146.09,222.53,864.73,222.53,864.73,-73.36,-146.09,M1->M2 x M3,235.27,457.80,312.0,128.3,281.9,1322.5,390.8
1100,0.70,6.0,107.69,45.89,237.41,-145.96,222.53,864.73,222.53,864.73,-73.67,-145.96,M1->M2 x M3,235.27,457.80,312.0,128.3,281.9,1322.5,424.4
1100,0.70,7.0,154.35,94.44,293.51,-135.54,222.53,864.73,222.53,864.73,-73.61,-135.54,M1->M2 x M3,235.27,457.80,312.0,128.3,281.9,1322.5,458.1
1100,0.70,8.0,200.96,142.96,349.52,-123.61,222.53,865.26,222.53,865.26,-73.36,-123.61,M1->M2 x M3,235.27,457.80,312.0,128.3,281.9,1322.5,492.0
1100,0.70,9.0,247.51,191.43,405.42,-111.63,222.53,867.12,222.53,867.12,-73.60,-111.63,M1->M2 x M3,235.27,457.80,312.0,128.3,281.9,1322.5,526.1
1100,0.70,10.0,293.98,239.85,461.21,-99.58,222.53,870.33,222.53,870.33,-73.78,-99.58,M1->M2 x M3,235.27,457.80,312.0,128.3,281.9,1322.5,560.3
1100,0.70,11.0,340.37,288.19,516.85,-87.45,222.53,874.90,222.53,874.90,-71.79,-87.45,M1->M2 x M3,235.27,457.80,312.0,128.3,281.9,1322.5,594.8
1100,0.70,12.0,386.65,336.44,572.33,-75.25,222.59,880.83,222.59,880.83,-65.74,-75.25,M1->M2 x M3,235.27,457.80,312.0,128.3,281.9,1322.5,629.5
1100,0.70,13.0,432.81,384.60,627.64,-62.95,222.81,888.13,222.81,888.13,-59.65,-62.95,M1->M2 x M3,235.27,457.80,312.0,128.3,281.9,1322.5,664.5
1100,0.70,14.0,478.84,432.63,682.75,-50.56,223.19,896.81,223.19,896.81,-53.51,-53.51,M3->FP x M2,235.27,457.80,312.0,128.3,281.9,1322.5,699.7
1100,0.70,15.0,524.73,480.54,737.66,-38.06,223.75,906.85,223.75,906.85,-47.32,-47.32,M3->FP x M2,235.27,457.80,312.0,128.3,281.9,1322.5,735.3
1100,0.70,16.0,570.45,528.29,792.35,-25.44,224.48,918.27,224.48,918.27,-41.07,-41.07,M3->FP x M2,235.27,457.80,312.0,128.3,281.9,1322.5,771.2
1100,0.70,17.0,616.00,575.89,846.79,-12.70,225.39,931.06,225.39,931.06,-34.76,-34.76,M3->FP x M2,235.27,457.80,312.0,128.3,281.9,1322.5,807.5
1100,0.70,18.0,661.37,623.31,900.97,0.16,226.48,945.22,226.48,945.22,-28.38,-28.38,M3->FP x M2,235.27,457.80,312.0,128.3,281.9,1322.5,844.2
1100,0.70,19.0,706.53,670.54,954.88,11.98,227.75,960.74,227.75,960.74,-21.93,-21.93,M3->FP x M2,235.27,457.80,312.0,128.3,281.9,1322.5,881.2
1100,0.70,20.0,751.48,717.57,1008.50,23.68,229.22,977.62,229.22,977.62,-15.40,-15.40,M3->FP x M2,235.27,457.80,312.0,128.3,281.9,1322.5,918.8
1100,0.75,2.0,-78.66,-157.38,9.65,-156.98,240.31,847.57,240.31,847.57,-78.31,-157.38,in->M1 x M3,252.43,492.74,303.4,137.5,301.3,1340.3,296.2
1100,0.75,3.0,-42.95,-117.11,64.42,-157.36,240.31,847.57,240.31,847.57,-78.96,-157.36,M1->M2 x M3,252.43,492.74,303.4,137.5,301.3,1340.3,327.8
1100,0.75,4.0,1.99,-70.68,119.17,-157.25,240.31,847.57,240.31,847.57,-79.00,-157.25,M1->M2 x M3,252.43,492.74,303.4,137.5,301.3,1340.3,359.4
1100,0.75,5.0,46.89,-24.15,173.89,-157.09,240.31,847.57,240.31,847.57,-79.05,-157.09,M1->M2 x M3,252.43,492.74,303.4,137.5,301.3,1340.3,391.1
1100,0.75,6.0,91.77,22.41,228.55,-156.96,240.31,847.57,240.31,847.57,-78.30,-156.96,M1->M2 x M3,252.43,492.74,303.4,137.5,301.3,1340.3,422.8
1100,0.75,7.0,136.62,68.87,283.14,-150.55,240.31,847.57,240.31,847.57,-79.04,-150.55,M1->M2 x M3,252.43,492.74,303.4,137.5,301.3,1340.3,454.7
1100,0.75,8.0,181.43,115.31,337.64,-138.61,240.32,847.60,240.32,847.60,-78.96,-138.61,M1->M2 x M3,252.43,492.74,303.4,137.5,301.3,1340.3,486.8
1100,0.75,9.0,226.18,161.72,392.04,-126.60,240.31,848.45,240.31,848.45,-78.80,-126.60,M1->M2 x M3,252.43,492.74,303.4,137.5,301.3,1340.3,519.0
1100,0.75,10.0,270.87,208.07,446.33,-114.54,240.31,850.52,240.31,850.52,-78.64,-114.54,M1->M2 x M3,252.43,492.74,303.4,137.5,301.3,1340.3,551.4
1100,0.75,11.0,315.47,254.37,500.47,-102.40,240.31,853.85,240.31,853.85,-78.62,-102.40,M1->M2 x M3,252.43,492.74,303.4,137.5,301.3,1340.3,584.0
1100,0.75,12.0,359.97,300.58,554.47,-90.17,240.31,858.42,240.31,858.42,-75.90,-90.17,M1->M2 x M3,252.43,492.74,303.4,137.5,301.3,1340.3,616.8
1100,0.75,13.0,404.37,346.71,608.29,-77.86,240.40,864.27,240.40,864.27,-69.81,-77.86,M1->M2 x M3,252.43,492.74,303.4,137.5,301.3,1340.3,649.8
1100,0.75,14.0,448.65,392.72,661.93,-65.45,240.65,871.38,240.65,871.38,-63.67,-65.45,M1->M2 x M3,252.43,492.74,303.4,137.5,301.3,1340.3,683.2
1100,0.75,15.0,492.78,438.62,715.37,-52.93,241.04,879.77,241.04,879.77,-57.47,-57.47,M3->FP x M2,252.43,492.74,303.4,137.5,301.3,1340.3,716.8
1100,0.75,16.0,536.77,484.39,768.59,-40.30,241.61,889.44,241.61,889.44,-51.21,-51.21,M3->FP x M2,252.43,492.74,303.4,137.5,301.3,1340.3,750.7
1100,0.75,17.0,580.59,530.01,821.58,-27.54,242.33,900.39,242.33,900.39,-44.90,-44.90,M3->FP x M2,252.43,492.74,303.4,137.5,301.3,1340.3,785.0
1100,0.75,18.0,624.24,575.46,874.31,-14.64,243.23,912.63,243.23,912.63,-38.52,-38.52,M3->FP x M2,252.43,492.74,303.4,137.5,301.3,1340.3,819.7
1100,0.75,19.0,667.70,620.74,926.78,-1.60,244.29,926.15,244.29,926.15,-32.06,-32.06,M3->FP x M2,252.43,492.74,303.4,137.5,301.3,1340.3,854.7
1100,0.75,20.0,710.95,665.83,978.97,10.53,245.54,940.96,245.54,940.96,-25.53,-25.53,M3->FP x M2,252.43,492.74,303.4,137.5,301.3,1340.3,890.2
1100,0.80,2.0,-83.68,-168.15,7.26,-168.34,257.95,830.37,257.95,830.37,-84.31,-168.34,M1->M2 x M3,269.63,527.58,295.9,146.7,320.7,1358.0,302.5
1100,0.80,3.0,-52.79,-133.63,60.74,-168.23,257.95,830.37,257.95,830.37,-83.90,-168.23,M1->M2 x M3,269.63,527.58,295.9,146.7,320.7,1358.0,332.4
1100,0.80,4.0,-9.44,-89.10,114.20,-168.09,257.95,830.37,257.95,830.37,-83.45,-168.09,M1->M2 x M3,269.63,527.58,295.9,146.7,320.7,1358.0,362.4
1100,0.80,5.0,33.89,-44.47,167.63,-168.25,257.95,830.37,257.95,830.37,-83.96,-168.25,M1->M2 x M3,269.63,527.58,295.9,146.7,320.7,1358.0,392.5
1100,0.80,6.0,77.18,0.29,221.00,-168.44,257.95,830.37,257.95,830.37,-84.23,-168.44,M1->M2 x M3,269.63,527.58,295.9,146.7,320.7,1358.0,422.7
1100,0.80,7.0,120.45,44.89,274.31,-165.39,257.95,830.37,257.95,830.37,-83.69,-165.39,M1->M2 x M3,269.63,527.58,295.9,146.7,320.7,1358.0,453.0
1100,0.80,8.0,163.69,89.48,327.53,-153.42,257.95,830.37,257.95,830.37,-84.05,-153.42,M1->M2 x M3,269.63,527.58,295.9,146.7,320.7,1358.0,483.4
1100,0.80,9.0,206.87,134.04,380.65,-141.41,257.95,830.50,257.95,830.50,-84.30,-141.41,M1->M2 x M3,269.63,527.58,295.9,146.7,320.7,1358.0,514.0
1100,0.80,10.0,249.99,178.56,433.66,-129.32,257.95,831.61,257.95,831.61,-83.76,-129.32,M1->M2 x M3,269.63,527.58,295.9,146.7,320.7,1358.0,544.7
1100,0.80,11.0,293.04,223.03,486.54,-117.16,257.95,833.86,257.95,833.86,-84.01,-117.16,M1->M2 x M3,269.63,527.58,295.9,146.7,320.7,1358.0,575.7
1100,0.80,12.0,335.99,267.43,539.26,-104.93,257.95,837.27,257.95,837.27,-84.20,-104.93,M1->M2 x M3,269.63,527.58,295.9,146.7,320.7,1358.0,606.8
1100,0.80,13.0,378.85,311.75,591.83,-92.60,257.96,841.85,257.96,841.85,-79.93,-92.60,M1->M2 x M3,269.63,527.58,295.9,146.7,320.7,1358.0,638.2
1100,0.80,14.0,421.58,355.97,644.21,-80.17,258.08,847.62,258.08,847.62,-73.78,-80.17,M1->M2 x M3,269.63,527.58,295.9,146.7,320.7,1358.0,669.8
1100,0.80,15.0,464.19,400.08,696.40,-67.63,258.34,854.58,258.34,854.58,-67.58,-67.63,M1->M2 x M3,269.63,527.58,295.9,146.7,320.7,1358.0,701.8
1100,0.80,16.0,506.66,444.08,748.37,-54.98,258.75,862.74,258.75,862.74,-61.32,-61.32,M3->FP x M2,269.63,527.58,295.9,146.7,320.7,1358.0,734.0
1100,0.80,17.0,548.98,487.93,800.12,-42.20,259.32,872.11,259.32,872.11,-55.00,-55.00,M3->FP x M2,269.63,527.58,295.9,146.7,320.7,1358.0,766.5
1100,0.80,18.0,591.12,531.64,851.62,-29.29,260.05,882.68,260.05,882.68,-48.61,-48.61,M3->FP x M2,269.63,527.58,295.9,146.7,320.7,1358.0,799.5
1100,0.80,19.0,633.09,575.19,902.86,-16.23,260.93,894.48,260.93,894.48,-42.15,-42.15,M3->FP x M2,269.63,527.58,295.9,146.7,320.7,1358.0,832.7
1100,0.80,20.0,674.87,618.56,953.83,-3.02,261.99,907.49,261.99,907.49,-35.61,-35.61,M3->FP x M2,269.63,527.58,295.9,146.7,320.7,1358.0,866.4
1100,0.85,2.0,-89.02,-179.49,5.21,-179.60,275.37,813.13,275.37,813.13,-89.43,-179.60,M1->M2 x M3,286.87,562.24,289.3,155.8,340.0,1375.4,314.1
1100,0.85,3.0,-62.08,-149.57,57.59,-179.19,275.37,813.13,275.37,813.13,-88.84,-179.19,M1->M2 x M3,286.87,562.24,289.3,155.8,340.0,1375.4,337.6
1100,0.85,4.0,-20.16,-106.75,109.94,-179.53,275.37,813.13,275.37,813.13,-89.22,-179.53,M1->M2 x M3,286.87,562.24,289.3,155.8,340.0,1375.4,366.2
1100,0.85,5.0,21.79,-63.83,162.26,-179.38,275.37,813.13,275.37,813.13,-89.08,-179.38,M1->M2 x M3,286.87,562.24,289.3,155.8,340.0,1375.4,394.9
1100,0.85,6.0,63.69,-20.79,214.53,-179.49,275.37,813.13,275.37,813.13,-89.37,-179.49,M1->M2 x M3,286.87,562.24,289.3,155.8,340.0,1375.4,423.7
1100,0.85,7.0,105.57,22.25,266.74,-179.19,275.37,813.13,275.37,813.13,-89.39,-179.19,M1->M2 x M3,286.87,562.24,289.3,155.8,340.0,1375.4,452.5
1100,0.85,8.0,147.42,65.17,318.86,-168.05,275.37,813.13,275.37,813.13,-89.50,-168.05,M1->M2 x M3,286.87,562.24,289.3,155.8,340.0,1375.4,481.5
1100,0.85,9.0,189.22,108.08,370.89,-156.01,275.37,813.13,275.37,813.13,-89.40,-156.01,M1->M2 x M3,286.87,562.24,289.3,155.8,340.0,1375.4,510.6
1100,0.85,10.0,230.96,150.95,422.81,-143.91,275.37,813.42,275.37,813.42,-89.04,-143.91,M1->M2 x M3,286.87,562.24,289.3,155.8,340.0,1375.4,539.9
1100,0.85,11.0,272.63,193.77,474.59,-131.74,275.37,814.73,275.37,814.73,-89.45,-131.74,M1->M2 x M3,286.87,562.24,289.3,155.8,340.0,1375.4,569.4
1100,0.85,12.0,314.22,236.54,526.23,-119.48,275.37,817.13,275.37,817.13,-88.77,-119.48,M1->M2 x M3,286.87,562.24,289.3,155.8,340.0,1375.4,599.1
1100,0.85,13.0,355.72,279.23,577.71,-107.13,275.37,820.61,275.37,820.61,-89.23,-107.13,M1->M2 x M3,286.87,562.24,289.3,155.8,340.0,1375.4,629.0
1100,0.85,14.0,397.11,321.84,629.02,-94.69,275.39,825.21,275.39,825.21,-83.83,-94.69,M1->M2 x M3,286.87,562.24,289.3,155.8,340.0,1375.4,659.2
1100,0.85,15.0,438.37,364.35,680.13,-82.14,275.54,830.92,275.54,830.92,-77.62,-82.14,M1->M2 x M3,286.87,562.24,289.3,155.8,340.0,1375.4,689.6
1100,0.85,16.0,479.50,406.75,731.04,-69.47,275.82,837.76,275.82,837.76,-71.36,-71.36,M3->FP x M2,286.87,562.24,289.3,155.8,340.0,1375.4,720.3
1100,0.85,17.0,520.49,449.02,781.72,-56.67,276.25,845.73,276.25,845.73,-65.04,-65.04,M3->FP x M2,286.87,562.24,289.3,155.8,340.0,1375.4,751.4
1100,0.85,18.0,561.31,491.16,832.17,-43.74,276.83,854.86,276.83,854.86,-58.64,-58.64,M3->FP x M2,286.87,562.24,289.3,155.8,340.0,1375.4,782.7
1100,0.85,19.0,601.97,533.15,882.36,-30.66,277.55,865.14,277.55,865.14,-52.18,-52.18,M3->FP x M2,286.87,562.24,289.3,155.8,340.0,1375.4,814.4
1100,0.85,20.0,642.44,574.98,932.28,-17.43,278.44,876.58,278.44,876.58,-45.64,-45.64,M3->FP x M2,286.87,562.24,289.3,155.8,340.0,1375.4,846.5
1100,0.90,2.0,-94.78,-190.55,3.45,-190.46,292.49,795.84,292.49,795.84,-94.53,-190.55,in->M1 x M3,304.16,596.65,283.4,165.0,359.1,1392.5,333.2
1100,0.90,3.0,-70.93,-164.97,54.86,-190.23,292.49,795.84,292.49,795.84,-94.50,-190.23,M1->M2 x M3,304.16,596.65,283.4,165.0,359.1,1392.5,343.3
1100,0.90,4.0,-30.26,-123.71,106.26,-190.20,292.49,795.84,292.49,795.84,-94.73,-190.20,M1->M2 x M3,304.16,596.65,283.4,165.0,359.1,1392.5,370.6
1100,0.90,5.0,10.46,-82.35,157.63,-190.21,292.49,795.84,292.49,795.84,-94.77,-190.21,M1->M2 x M3,304.16,596.65,283.4,165.0,359.1,1392.5,398.0
1100,0.90,6.0,51.12,-40.87,208.95,-190.25,292.49,795.84,292.49,795.84,-94.29,-190.25,M1->M2 x M3,304.16,596.65,283.4,165.0,359.1,1392.5,425.5
1100,0.90,7.0,91.76,0.75,260.20,-190.35,292.49,795.84,292.49,795.84,-94.50,-190.35,M1->M2 x M3,304.16,596.65,283.4,165.0,359.1,1392.5,453.1
1100,0.90,8.0,132.38,42.17,311.38,-182.44,292.49,795.84,292.49,795.84,-93.94,-182.44,M1->M2 x M3,304.16,596.65,283.4,165.0,359.1,1392.5,480.8
1100,0.90,9.0,172.95,83.57,362.46,-170.39,292.49,795.84,292.49,795.84,-94.80,-170.39,M1->M2 x M3,304.16,596.65,283.4,165.0,359.1,1392.5,508.7
1100,0.90,10.0,213.47,124.94,413.43,-158.27,292.49,795.84,292.49,795.84,-93.77,-158.27,M1->M2 x M3,304.16,596.65,283.4,165.0,359.1,1392.5,536.7
1100,0.90,11.0,253.92,166.28,464.28,-146.08,292.49,796.33,292.49,796.33,-94.78,-146.08,M1->M2 x M3,304.16,596.65,283.4,165.0,359.1,1392.5,564.9
1100,0.90,12.0,294.30,207.56,514.98,-133.81,292.49,797.82,292.49,797.82,-93.88,-133.81,M1->M2 x M3,304.16,596.65,283.4,165.0,359.1,1392.5,593.3
1100,0.90,13.0,334.59,248.78,565.53,-121.45,292.49,800.34,292.49,800.34,-94.78,-121.45,M1->M2 x M3,304.16,596.65,283.4,165.0,359.1,1392.5,621.9
1100,0.90,14.0,374.78,289.93,615.91,-108.99,292.49,803.89,292.49,803.89,-93.80,-108.99,M1->M2 x M3,304.16,596.65,283.4,165.0,359.1,1392.5,650.7
1100,0.90,15.0,414.85,330.99,666.09,-96.42,292.53,808.50,292.53,808.50,-87.59,-96.42,M1->M2 x M3,304.16,596.65,283.4,165.0,359.1,1392.5,679.8
1100,0.90,16.0,454.80,371.94,716.08,-83.73,292.71,814.17,292.71,814.17,-81.32,-83.73,M1->M2 x M3,304.16,596.65,283.4,165.0,359.1,1392.5,709.2
1100,0.90,17.0,494.60,412.79,765.84,-70.92,293.01,820.92,293.01,820.92,-74.99,-74.99,M3->FP x M2,304.16,596.65,283.4,165.0,359.1,1392.5,738.9
1100,0.90,18.0,534.26,453.50,815.38,-57.97,293.46,828.76,293.46,828.76,-68.60,-68.60,M3->FP x M2,304.16,596.65,283.4,165.0,359.1,1392.5,768.9
1100,0.90,19.0,573.75,494.08,864.66,-44.87,294.04,837.70,294.04,837.70,-62.13,-62.13,M3->FP x M2,304.16,596.65,283.4,165.0,359.1,1392.5,799.2
1100,0.90,20.0,613.07,534.51,913.68,-31.62,294.78,847.75,294.78,847.75,-55.58,-55.58,M3->FP x M2,304.16,596.65,283.4,165.0,359.1,1392.5,829.9
1150,0.30,2.0,37.65,17.90,82.64,-58.88,84.63,1050.26,84.63,1050.26,-31.51,-58.88,M1->M2 x M3,99.74,184.37,497.1,55.0,129.6,1234.6,299.3
1150,0.30,3.0,124.64,108.97,176.84,-58.86,84.63,1051.49,84.63,1051.49,-31.60,-58.86,M1->M2 x M3,99.74,184.37,497.1,55.0,129.6,1234.6,372.1
1150,0.30,4.0,211.59,200.01,270.98,-47.22,84.63,1057.52,84.63,1057.52,-31.57,-47.22,M1->M2 x M3,99.74,184.37,497.1,55.0,129.6,1234.6,445.1
1150,0.30,5.0,298.48,290.98,365.05,-35.54,84.64,1068.55,84.64,1068.55,-27.04,-35.54,M1->M2 x M3,99.74,184.37,497.1,55.0,129.6,1234.6,518.3
1150,0.30,6.0,385.27,381.86,459.00,-23.84,84.87,1084.46,84.87,1084.46,-21.21,-23.84,M1->M2 x M3,99.74,184.37,497.1,55.0,129.6,1234.6,591.8
1150,0.30,7.0,471.95,472.63,552.81,-12.09,85.50,1105.10,85.50,1105.10,-15.36,-15.36,M3->FP x M2,99.74,184.37,497.1,55.0,129.6,1234.6,665.5
1150,0.30,8.0,558.49,563.26,646.45,-0.29,86.53,1130.28,86.53,1130.28,-9.48,-9.48,M3->FP x M2,99.74,184.37,497.1,55.0,129.6,1234.6,739.5
1150,0.30,9.0,644.85,653.71,739.89,10.50,87.94,1159.79,87.94,1159.79,-3.58,-3.58,M3->FP x M2,99.74,184.37,497.1,55.0,129.6,1234.6,813.9
1150,0.30,10.0,731.02,743.96,833.11,20.81,89.73,1193.38,89.73,1193.38,2.27,2.27,M3->FP x M2,99.74,184.37,497.1,55.0,129.6,1234.6,888.7
1150,0.30,11.0,816.97,833.99,926.08,30.65,91.88,1230.84,91.88,1230.84,8.03,8.03,M3->FP x M2,99.74,184.37,497.1,55.0,129.6,1234.6,964.0
1150,0.30,12.0,902.66,923.76,1018.76,39.99,94.37,1271.92,94.37,1271.92,13.83,13.83,M3->FP x M2,99.74,184.37,497.1,55.0,129.6,1234.6,1039.8
1150,0.30,13.0,988.09,1013.25,1111.13,48.81,97.19,1316.40,97.19,1316.40,19.67,19.67,M3->FP x M2,99.74,184.37,497.1,55.0,129.6,1234.6,1116.1
1150,0.30,14.0,1073.21,1102.44,1203.17,57.14,100.32,1364.08,100.32,1364.08,25.56,25.56,M3->FP x M2,99.74,184.37,497.1,55.0,129.6,1234.6,1193.1
1150,0.30,15.0,1158.00,1191.28,1294.84,64.96,103.74,1414.77,103.74,1414.77,31.50,31.50,M3->FP x M2,99.74,184.37,497.1,55.0,129.6,1234.6,1270.8
1150,0.30,16.0,1242.44,1279.77,1386.11,72.30,107.44,1468.31,107.44,1468.31,37.50,37.50,M3->FP x M2,99.74,184.37,497.1,55.0,129.6,1234.6,1349.2
1150,0.30,17.0,1326.51,1367.86,1476.96,79.18,111.41,1524.54,111.32,1524.54,43.55,43.55,M3->FP x M2,99.74,184.37,497.1,55.0,129.6,1234.6,1428.4
1150,0.30,18.0,1410.16,1455.54,1567.36,85.62,115.62,1583.34,114.98,1583.34,49.67,49.67,M3->FP x M2,99.74,184.37,497.1,55.0,129.6,1234.6,1508.5
1150,0.30,19.0,1493.39,1542.78,1657.29,91.65,120.07,1643.28,118.40,1644.61,55.87,55.87,M3->FP x M2,99.74,184.37,497.1,55.0,129.6,1234.6,1589.5
1150,0.30,20.0,1576.17,1629.54,1746.71,97.28,124.74,1699.23,121.60,1708.26,62.13,62.13,M3->FP x M2,99.74,184.37,497.1,55.0,129.6,1234.6,1671.5
1150,0.35,2.0,14.70,-10.86,65.49,-69.23,100.90,1033.49,100.90,1033.49,-36.72,-69.23,M1->M2 x M3,116.51,217.41,452.3,64.2,148.0,1250.9,287.9
1150,0.35,3.0,92.15,70.39,150.42,-69.16,100.90,1033.58,100.90,1033.58,-36.88,-69.16,M1->M2 x M3,116.51,217.41,452.3,64.2,148.0,1250.9,351.2
1150,0.35,4.0,169.56,151.61,235.31,-62.77,100.90,1036.40,100.90,1036.40,-36.77,-62.77,M1->M2 x M3,116.51,217.41,452.3,64.2,148.0,1250.9,414.6
1150,0.35,5.0,246.93,232.78,320.12,-51.08,100.90,1043.09,100.90,1043.09,-36.81,-51.08,M1->M2 x M3,116.51,217.41,452.3,64.2,148.0,1250.9,478.2
1150,0.35,6.0,324.21,313.88,404.84,-39.36,100.91,1053.61,100.91,1053.61,-30.97,-39.36,M1->M2 x M3,116.51,217.41,452.3,64.2,148.0,1250.9,542.0
1150,0.35,7.0,401.40,394.89,489.43,-27.59,101.18,1067.89,101.18,1067.89,-25.12,-27.59,M1->M2 x M3,116.51,217.41,452.3,64.2,148.0,1250.9,606.0
1150,0.35,8.0,478.47,475.78,573.87,-15.78,101.79,1085.84,101.79,1085.84,-19.24,-19.24,M3->FP x M2,116.51,217.41,452.3,64.2,148.0,1250.9,670.3
1150,0.35,9.0,555.39,556.52,658.14,-3.91,102.73,1107.33,102.73,1107.33,-13.33,-13.33,M3->FP x M2,116.51,217.41,452.3,64.2,148.0,1250.9,734.9
1150,0.35,10.0,632.15,637.09,742.21,7.34,104.00,1132.25,104.00,1132.25,-7.39,-7.39,M3->FP x M2,116.51,217.41,452.3,64.2,148.0,1250.9,799.9
1150,0.35,11.0,708.71,717.47,826.06,17.95,105.60,1160.44,105.60,1160.44,-1.42,-1.42,M3->FP x M2,116.51,217.41,452.3,64.2,148.0,1250.9,865.3
1150,0.35,12.0,785.05,797.63,909.65,28.18,107.52,1191.76,107.52,1191.76,4.44,4.44,M3->FP x M2,116.51,217.41,452.3,64.2,148.0,1250.9,931.1
1150,0.35,13.0,861.16,877.54,992.96,37.99,109.75,1226.06,109.75,1226.06,10.28,10.28,M3->FP x M2,116.51,217.41,452.3,64.2,148.0,1250.9,997.5
1150,0.35,14.0,937.00,957.19,1075.97,47.38,112.29,1263.20,112.29,1263.20,16.17,16.17,M3->FP x M2,116.51,217.41,452.3,64.2,148.0,1250.9,1064.3
1150,0.35,15.0,1012.56,1036.55,1158.66,56.34,115.11,1303.06,115.11,1303.06,22.11,22.11,M3->FP x M2,116.51,217.41,452.3,64.2,148.0,1250.9,1131.8
1150,0.35,16.0,1087.81,1115.59,1240.99,64.87,118.22,1345.51,118.22,1345.51,28.11,28.11,M3->FP x M2,116.51,217.41,452.3,64.2,148.0,1250.9,1199.9
1150,0.35,17.0,1162.72,1194.29,1322.94,72.98,121.60,1390.43,121.60,1390.43,34.17,34.17,M3->FP x M2,116.51,217.41,452.3,64.2,148.0,1250.9,1268.7
1150,0.35,18.0,1237.29,1272.63,1404.49,80.67,125.24,1437.73,125.24,1437.73,40.30,40.30,M3->FP x M2,116.51,217.41,452.3,64.2,148.0,1250.9,1338.3
1150,0.35,19.0,1311.47,1350.58,1485.61,87.96,129.13,1487.32,129.13,1487.32,46.49,46.49,M3->FP x M2,116.51,217.41,452.3,64.2,148.0,1250.9,1408.7
1150,0.35,20.0,1385.26,1428.12,1566.28,94.86,133.26,1539.13,133.07,1539.13,52.76,52.76,M3->FP x M2,116.51,217.41,452.3,64.2,148.0,1250.9,1479.9
1150,0.40,2.0,-3.83,-35.36,52.77,-80.15,117.59,1016.66,117.59,1016.66,-42.02,-80.15,M1->M2 x M3,133.34,250.93,418.7,73.3,166.7,1267.6,281.8
1150,0.40,3.0,66.46,38.46,130.83,-80.05,117.59,1016.66,117.59,1016.66,-41.99,-80.05,M1->M2 x M3,133.34,250.93,418.7,73.3,166.7,1267.6,337.9
1150,0.40,4.0,136.73,112.25,208.85,-78.34,117.59,1017.48,117.59,1017.48,-41.85,-78.34,M1->M2 x M3,133.34,250.93,418.7,73.3,166.7,1267.6,394.2
1150,0.40,5.0,206.95,186.00,286.81,-66.63,117.59,1021.29,117.59,1021.29,-41.80,-66.63,M1->M2 x M3,133.34,250.93,418.7,73.3,166.7,1267.6,450.5
1150,0.40,6.0,277.11,259.70,364.68,-54.89,117.59,1028.20,117.59,1028.20,-40.86,-54.89,M1->M2 x M3,133.34,250.93,418.7,73.3,166.7,1267.6,507.1
1150,0.40,7.0,347.19,333.32,442.44,-43.11,117.63,1038.18,117.63,1038.18,-35.00,-43.11,M1->M2 x M3,133.34,250.93,418.7,73.3,166.7,1267.6,563.8
1150,0.40,8.0,417.16,406.84,520.06,-31.28,117.92,1051.19,117.92,1051.19,-29.12,-31.28,M1->M2 x M3,133.34,250.93,418.7,73.3,166.7,1267.6,620.8
1150,0.40,9.0,487.00,480.23,597.52,-19.40,118.51,1067.17,118.51,1067.17,-23.21,-23.21,M3->FP x M2,133.34,250.93,418.7,73.3,166.7,1267.6,678.1
1150,0.40,10.0,556.69,553.48,674.81,-7.44,119.39,1086.04,119.39,1086.04,-17.26,-17.26,M3->FP x M2,133.34,250.93,418.7,73.3,166.7,1267.6,735.8
1150,0.40,11.0,626.22,626.56,751.89,4.21,120.56,1107.71,120.56,1107.71,-11.28,-11.28,M3->FP x M2,133.34,250.93,418.7,73.3,166.7,1267.6,793.7
1150,0.40,12.0,695.55,699.44,828.73,15.06,122.02,1132.11,122.02,1132.11,-5.26,-5.26,M3->FP x M2,133.34,250.93,418.7,73.3,166.7,1267.6,852.1
1150,0.40,13.0,764.68,772.12,905.33,25.60,123.77,1159.12,123.77,1159.12,0.78,0.78,M3->FP x M2,133.34,250.93,418.7,73.3,166.7,1267.6,910.9
1150,0.40,14.0,833.57,844.56,981.65,35.79,125.80,1188.67,125.80,1188.67,6.67,6.67,M3->FP x M2,133.34,250.93,418.7,73.3,166.7,1267.6,970.2
1150,0.40,15.0,902.20,916.74,1057.67,45.63,128.11,1220.65,128.11,1220.65,12.62,12.62,M3->FP x M2,133.34,250.93,418.7,73.3,166.7,1267.6,1030.1
1150,0.40,16.0,970.56,988.64,1133.37,55.10,130.69,1254.98,130.69,1254.98,18.62,18.62,M3->FP x M2,133.34,250.93,418.7,73.3,166.7,1267.6,1090.4
1150,0.40,17.0,1038.63,1060.24,1208.73,64.21,133.54,1291.57,133.54,1291.57,24.68,24.68,M3->FP x M2,133.34,250.93,418.7,73.3,166.7,1267.6,1151.5
1150,0.40,18.0,1106.38,1131.52,1283.71,72.94,136.65,1330.36,136.65,1330.36,30.81,30.81,M3->FP x M2,133.34,250.93,418.7,73.3,166.7,1267.6,1213.1
1150,0.40,19.0,1173.79,1202.46,1358.31,81.30,140.01,1371.28,140.01,1371.28,37.01,37.01,M3->FP x M2,133.34,250.93,418.7,73.3,166.7,1267.6,1275.5
1150,0.40,20.0,1240.84,1273.02,1432.49,89.31,143.63,1414.26,143.63,1414.26,43.28,43.28,M3->FP x M2,133.34,250.93,418.7,73.3,166.7,1267.6,1338.6
1150,0.45,2.0,-19.42,-57.04,43.01,-90.96,134.64,999.79,134.64,999.79,-47.07,-90.96,M1->M2 x M3,150.21,284.85,392.5,82.5,185.6,1284.6,279.3
1150,0.45,3.0,45.31,10.94,115.79,-90.98,134.64,999.79,134.64,999.79,-47.12,-90.98,M1->M2 x M3,150.21,284.85,392.5,82.5,185.6,1284.6,329.8
1150,0.45,4.0,110.02,78.89,188.55,-90.72,134.64,999.84,134.64,999.84,-47.33,-90.72,M1->M2 x M3,150.21,284.85,392.5,82.5,185.6,1284.6,380.4
1150,0.45,5.0,174.69,146.81,261.24,-82.18,134.64,1001.63,134.64,1001.63,-47.42,-82.18,M1->M2 x M3,150.21,284.85,392.5,82.5,185.6,1284.6,431.2
1150,0.45,6.0,239.31,214.69,333.86,-70.43,134.64,1005.99,134.64,1005.99,-47.22,-70.43,M1->M2 x M3,150.21,284.85,392.5,82.5,185.6,1284.6,482.1
1150,0.45,7.0,303.85,282.50,406.37,-58.63,134.64,1012.92,134.64,1012.92,-44.98,-58.63,M1->M2 x M3,150.21,284.85,392.5,82.5,185.6,1284.6,533.2
1150,0.45,8.0,368.30,350.23,478.76,-46.79,134.71,1022.40,134.71,1022.40,-39.09,-46.79,M1->M2 x M3,150.21,284.85,392.5,82.5,185.6,1284.6,584.6
1150,0.45,9.0,432.64,417.85,551.00,-34.88,135.02,1034.40,135.02,1034.40,-33.18,-34.88,M1->M2 x M3,150.21,284.85,392.5,82.5,185.6,1284.6,636.2
1150,0.45,10.0,496.85,485.34,623.08,-22.92,135.60,1048.88,135.60,1048.88,-27.23,-27.23,M3->FP x M2,150.21,284.85,392.5,82.5,185.6,1284.6,688.1
1150,0.45,11.0,560.91,552.69,694.96,-10.87,136.43,1065.80,136.43,1065.80,-21.24,-21.24,M3->FP x M2,150.21,284.85,392.5,82.5,185.6,1284.6,740.3
1150,0.45,12.0,624.80,619.87,766.64,1.15,137.52,1085.09,137.52,1085.09,-15.22,-15.22,M3->FP x M2,150.21,284.85,392.5,82.5,185.6,1284.6,792.9
1150,0.45,13.0,688.49,686.86,838.08,12.21,138.88,1106.70,138.88,1106.70,-9.15,-9.15,M3->FP x M2,150.21,284.85,392.5,82.5,185.6,1284.6,845.8
1150,0.45,14.0,751.98,753.64,909.26,23.01,140.49,1130.57,140.49,1130.57,-3.03,-3.03,M3->FP x M2,150.21,284.85,392.5,82.5,185.6,1284.6,899.2
1150,0.45,15.0,815.24,820.19,980.17,33.52,142.36,1156.63,142.36,1156.63,3.02,3.02,M3->FP x M2,150.21,284.85,392.5,82.5,185.6,1284.6,953.1
1150,0.45,16.0,878.25,886.49,1050.78,43.73,144.50,1184.82,144.50,1184.82,9.03,9.03,M3->FP x M2,150.21,284.85,392.5,82.5,185.6,1284.6,1007.5
1150,0.45,17.0,940.99,952.52,1121.07,53.63,146.88,1215.09,146.88,1215.09,15.10,15.10,M3->FP x M2,150.21,284.85,392.5,82.5,185.6,1284.6,1062.4
1150,0.45,18.0,1003.44,1018.26,1191.02,63.22,149.52,1247.38,149.52,1247.38,21.23,21.23,M3->FP x M2,150.21,284.85,392.5,82.5,185.6,1284.6,1118.0
1150,0.45,19.0,1065.59,1083.69,1260.61,72.48,152.41,1281.64,152.41,1281.64,27.43,27.43,M3->FP x M2,150.21,284.85,392.5,82.5,185.6,1284.6,1174.1
1150,0.45,20.0,1127.41,1148.79,1329.81,81.41,155.55,1317.83,155.55,1317.83,33.71,33.71,M3->FP x M2,150.21,284.85,392.5,82.5,185.6,1284.6,1231.0
1150,0.50,2.0,-32.94,-76.77,35.32,-101.66,151.98,982.87,151.98,982.87,-52.54,-101.66,M1->M2 x M3,167.13,319.11,371.6,91.7,204.6,1302.0,279.2
1150,0.50,3.0,27.34,-13.53,103.95,-101.90,151.98,982.87,151.98,982.87,-52.35,-101.90,M1->M2 x M3,167.13,319.11,371.6,91.7,204.6,1302.0,325.3
1150,0.50,4.0,87.60,49.70,172.55,-101.57,151.98,982.87,151.98,982.87,-52.71,-101.57,M1->M2 x M3,167.13,319.11,371.6,91.7,204.6,1302.0,371.4
1150,0.50,5.0,147.83,112.91,241.10,-97.71,151.98,983.31,151.98,983.31,-52.34,-97.71,M1->M2 x M3,167.13,319.11,371.6,91.7,204.6,1302.0,417.7
1150,0.50,6.0,208.02,176.08,309.58,-85.94,151.98,985.79,151.98,985.79,-52.60,-85.94,M1->M2 x M3,167.13,319.11,371.6,91.7,204.6,1302.0,464.2
1150,0.50,7.0,268.14,239.19,377.96,-74.13,151.98,990.46,151.98,990.46,-52.49,-74.13,M1->M2 x M3,167.13,319.11,371.6,91.7,204.6,1302.0,510.8
1150,0.50,8.0,328.18,302.24,446.22,-62.26,151.98,997.32,151.98,997.32,-49.15,-62.26,M1->M2 x M3,167.13,319.11,371.6,91.7,204.6,1302.0,557.6
1150,0.50,9.0,388.12,365.19,514.35,-50.34,152.08,1006.35,152.08,1006.35,-43.23,-50.34,M1->M2 x M3,167.13,319.11,371.6,91.7,204.6,1302.0,604.6
1150,0.50,10.0,447.94,428.03,582.33,-38.36,152.41,1017.54,152.41,1017.54,-37.28,-38.36,M1->M2 x M3,167.13,319.11,371.6,91.7,204.6,1302.0,651.9
1150,0.50,11.0,507.63,490.74,650.12,-26.30,152.98,1030.85,152.98,1030.85,-31.29,-31.29,M3->FP x M2,167.13,319.11,371.6,91.7,204.6,1302.0,699.5
1150,0.50,12.0,567.16,553.30,717.72,-14.16,153.77,1046.27,153.77,1046.27,-25.26,-25.26,M3->FP x M2,167.13,319.11,371.6,91.7,204.6,1302.0,747.4
1150,0.50,13.0,626.52,615.69,785.10,-1.94,154.81,1063.75,154.81,1063.75,-19.19,-19.19,M3->FP x M2,167.13,319.11,371.6,91.7,204.6,1302.0,795.7
1150,0.50,14.0,685.69,677.90,852.24,9.46,156.08,1083.25,156.08,1083.25,-13.06,-13.06,M3->FP x M2,167.13,319.11,371.6,91.7,204.6,1302.0,844.4
1150,0.50,15.0,744.65,739.89,919.12,20.49,157.59,1104.74,157.59,1104.74,-6.89,-6.89,M3->FP x M2,167.13,319.11,371.6,91.7,204.6,1302.0,893.6
1150,0.50,16.0,803.38,801.67,985.72,31.28,159.34,1128.18,159.34,1128.18,-0.66,-0.66,M3->FP x M2,167.13,319.11,371.6,91.7,204.6,1302.0,943.1
1150,0.50,17.0,861.86,863.19,1052.02,41.81,161.33,1153.51,161.33,1153.51,5.44,5.44,M3->FP x M2,167.13,319.11,371.6,91.7,204.6,1302.0,993.2
1150,0.50,18.0,920.09,924.46,1118.00,52.08,163.56,1180.71,163.56,1180.71,11.57,11.57,M3->FP x M2,167.13,319.11,371.6,91.7,204.6,1302.0,1043.9
1150,0.50,19.0,978.03,985.44,1183.64,62.08,166.03,1209.74,166.03,1209.74,17.78,17.78,M3->FP x M2,167.13,319.11,371.6,91.7,204.6,1302.0,1095.1
1150,0.50,20.0,1035.68,1046.13,1248.92,71.79,168.74,1240.56,168.74,1240.56,24.06,24.06,M3->FP x M2,167.13,319.11,371.6,91.7,204.6,1302.0,1146.9
1150,0.55,2.0,-44.97,-95.09,29.13,-112.66,169.54,965.91,169.54,965.91,-57.81,-112.66,M1->M2 x M3,184.09,353.63,354.5,100.8,223.9,1319.5,281.0
1150,0.55,3.0,11.68,-35.79,94.43,-112.96,169.54,965.91,169.54,965.91,-57.92,-112.96,M1->M2 x M3,184.09,353.63,354.5,100.8,223.9,1319.5,323.4
1150,0.55,4.0,68.30,23.55,159.69,-112.86,169.54,965.91,169.54,965.91,-57.67,-112.86,M1->M2 x M3,184.09,353.63,354.5,100.8,223.9,1319.5,365.9
1150,0.55,5.0,124.90,82.84,224.91,-112.75,169.54,965.91,169.54,965.91,-57.92,-112.75,M1->M2 x M3,184.09,353.63,354.5,100.8,223.9,1319.5,408.5
1150,0.55,6.0,181.46,142.11,290.05,-101.40,169.54,966.95,169.54,966.95,-57.58,-101.40,M1->M2 x M3,184.09,353.63,354.5,100.8,223.9,1319.5,451.3
1150,0.55,7.0,237.97,201.34,355.11,-89.57,169.54,969.88,169.54,969.88,-57.86,-89.57,M1->M2 x M3,184.09,353.63,354.5,100.8,223.9,1319.5,494.2
1150,0.55,8.0,294.40,260.50,420.06,-77.69,169.54,974.72,169.54,974.72,-57.58,-77.69,M1->M2 x M3,184.09,353.63,354.5,100.8,223.9,1319.5,537.3
1150,0.55,9.0,350.74,319.58,484.89,-65.75,169.54,981.46,169.54,981.46,-53.34,-65.75,M1->M2 x M3,184.09,353.63,354.5,100.8,223.9,1319.5,580.6
1150,0.55,10.0,406.98,378.57,549.56,-53.75,169.68,990.09,169.68,990.09,-47.38,-53.75,M1->M2 x M3,184.09,353.63,354.5,100.8,223.9,1319.5,624.2
1150,0.55,11.0,463.09,437.44,614.07,-41.68,170.03,1000.62,170.03,1000.62,-41.39,-41.68,M1->M2 x M3,184.09,353.63,354.5,100.8,223.9,1319.5,668.0
1150,0.55,12.0,519.06,496.18,678.39,-29.53,170.58,1013.01,170.58,1013.01,-35.36,-35.36,M3->FP x M2,184.09,353.63,354.5,100.8,223.9,1319.5,712.1
1150,0.55,13.0,574.88,554.77,742.50,-17.28,171.35,1027.25,171.35,1027.25,-29.28,-29.28,M3->FP x M2,184.09,353.63,354.5,100.8,223.9,1319.5,756.6
1150,0.55,14.0,630.52,613.18,806.39,-4.94,172.34,1043.32,172.34,1043.32,-23.16,-23.16,M3->FP x M2,184.09,353.63,354.5,100.8,223.9,1319.5,801.4
1150,0.55,15.0,685.96,671.42,870.03,6.86,173.55,1061.19,173.55,1061.19,-16.98,-16.98,M3->FP x M2,184.09,353.63,354.5,100.8,223.9,1319.5,846.7
1150,0.55,16.0,741.20,729.44,933.41,18.10,174.98,1080.84,174.98,1080.84,-10.74,-10.74,M3->FP x M2,184.09,353.63,354.5,100.8,223.9,1319.5,892.3
1150,0.55,17.0,796.21,787.25,996.50,29.13,176.63,1102.24,176.63,1102.24,-4.44,-4.44,M3->FP x M2,184.09,353.63,354.5,100.8,223.9,1319.5,938.4
1150,0.55,18.0,850.98,844.81,1059.29,39.95,178.50,1125.37,178.50,1125.37,1.86,1.86,M3->FP x M2,184.09,353.63,354.5,100.8,223.9,1319.5,985.1
1150,0.55,19.0,905.49,902.12,1121.76,50.55,180.61,1150.19,180.61,1150.19,8.07,8.07,M3->FP x M2,184.09,353.63,354.5,100.8,223.9,1319.5,1032.2
1150,0.55,20.0,959.72,959.15,1183.88,60.91,182.94,1176.69,182.94,1176.69,14.35,14.35,M3->FP x M2,184.09,353.63,354.5,100.8,223.9,1319.5,1080.0
1150,0.60,2.0,-55.86,-112.34,24.08,-123.90,187.24,948.89,187.24,948.89,-62.91,-123.90,M1->M2 x M3,201.11,388.35,340.2,110.0,243.2,1337.2,284.1
1150,0.60,3.0,-2.25,-56.38,86.64,-124.01,187.24,948.89,187.24,948.89,-63.16,-124.01,M1->M2 x M3,201.11,388.35,340.2,110.0,243.2,1337.2,323.5
1150,0.60,4.0,51.34,-0.32,149.18,-123.99,187.24,948.89,187.24,948.89,-63.09,-123.99,M1->M2 x M3,201.11,388.35,340.2,110.0,243.2,1337.2,362.9
1150,0.60,5.0,104.92,55.66,211.67,-123.75,187.24,948.89,187.24,948.89,-62.86,-123.75,M1->M2 x M3,201.11,388.35,340.2,110.0,243.2,1337.2,402.5
1150,0.60,6.0,158.46,111.63,274.10,-116.79,187.24,949.05,187.24,949.05,-62.99,-116.79,M1->M2 x M3,201.11,388.35,340.2,110.0,243.2,1337.2,442.2
1150,0.60,7.0,211.95,167.57,336.44,-104.94,187.24,950.62,187.24,950.62,-63.15,-104.94,M1->M2 x M3,201.11,388.35,340.2,110.0,243.2,1337.2,482.0
1150,0.60,8.0,265.38,223.46,398.68,-93.05,187.24,953.86,187.24,953.86,-63.17,-93.05,M1->M2 x M3,201.11,388.35,340.2,110.0,243.2,1337.2,522.0
1150,0.60,9.0,318.73,279.27,460.80,-81.09,187.24,958.78,187.24,958.78,-63.01,-81.09,M1->M2 x M3,201.11,388.35,340.2,110.0,243.2,1337.2,562.2
1150,0.60,10.0,371.98,335.01,522.78,-69.08,187.26,965.39,187.26,965.39,-57.53,-69.08,M1->M2 x M3,201.11,388.35,340.2,110.0,243.2,1337.2,602.7
1150,0.60,11.0,425.12,390.64,584.60,-56.98,187.43,973.68,187.43,973.68,-51.53,-56.98,M1->M2 x M3,201.11,388.35,340.2,110.0,243.2,1337.2,643.4
1150,0.60,12.0,478.13,446.15,646.24,-44.81,187.78,983.66,187.78,983.66,-45.50,-45.50,M3->FP x M2,201.11,388.35,340.2,110.0,243.2,1337.2,684.4
1150,0.60,13.0,530.99,501.52,707.69,-32.55,188.34,995.30,188.34,995.30,-39.42,-39.42,M3->FP x M2,201.11,388.35,340.2,110.0,243.2,1337.2,725.6
1150,0.60,14.0,583.69,556.74,768.92,-20.19,189.09,1008.61,189.09,1008.61,-33.29,-33.29,M3->FP x M2,201.11,388.35,340.2,110.0,243.2,1337.2,767.3
1150,0.60,15.0,636.21,611.80,829.91,-7.73,190.04,1023.56,190.04,1023.56,-27.10,-27.10,M3->FP x M2,201.11,388.35,340.2,110.0,243.2,1337.2,809.2
1150,0.60,16.0,688.54,666.66,890.66,4.44,191.20,1040.15,191.20,1040.15,-20.86,-20.86,M3->FP x M2,201.11,388.35,340.2,110.0,243.2,1337.2,851.6
1150,0.60,17.0,740.66,721.33,951.13,15.88,192.56,1058.35,192.56,1058.35,-14.56,-14.56,M3->FP x M2,201.11,388.35,340.2,110.0,243.2,1337.2,894.5
1150,0.60,18.0,792.55,775.77,1011.31,27.14,194.14,1078.15,194.14,1078.15,-8.19,-8.19,M3->FP x M2,201.11,388.35,340.2,110.0,243.2,1337.2,937.7
1150,0.60,19.0,844.21,829.98,1071.18,38.23,195.92,1099.53,195.92,1099.53,-1.75,-1.75,M3->FP x M2,201.11,388.35,340.2,110.0,243.2,1337.2,981.5
1150,0.60,20.0,895.60,883.93,1130.73,49.12,197.92,1122.48,197.92,1122.48,4.60,4.60,M3->FP x M2,201.11,388.35,340.2,110.0,243.2,1337.2,1025.8
1150,0.65,2.0,-65.90,-128.77,19.89,-134.76,205.02,931.83,205.02,931.83,-68.29,-134.76,M1->M2 x M3,218.17,423.19,328.2,119.2,262.6,1355.0,288.2
1150,0.65,3.0,-14.86,-75.68,80.20,-135.13,205.02,931.83,205.02,931.83,-68.17,-135.13,M1->M2 x M3,218.17,423.19,328.2,119.2,262.6,1355.0,325.1
1150,0.65,4.0,36.18,-22.49,140.47,-135.10,205.02,931.83,205.02,931.83,-68.13,-135.10,M1->M2 x M3,218.17,423.19,328.2,119.2,262.6,1355.0,361.9
1150,0.65,5.0,87.20,30.71,200.71,-134.81,205.02,931.83,205.02,931.83,-68.28,-134.81,M1->M2 x M3,218.17,423.19,328.2,119.2,262.6,1355.0,398.9
1150,0.65,6.0,138.19,83.84,260.88,-132.08,205.02,931.83,205.02,931.83,-68.44,-132.08,M1->M2 x M3,218.17,423.19,328.2,119.2,262.6,1355.0,436.0
1150,0.65,7.0,189.13,136.96,320.98,-120.22,205.02,932.31,205.02,932.31,-68.42,-120.22,M1->M2 x M3,218.17,423.19,328.2,119.2,262.6,1355.0,473.3
1150,0.65,8.0,240.02,190.03,380.97,-108.30,205.02,934.25,205.02,934.25,-68.21,-108.30,M1->M2 x M3,218.17,423.19,328.2,119.2,262.6,1355.0,510.7
1150,0.65,9.0,290.84,243.04,440.86,-96.34,205.02,937.70,205.02,937.70,-68.01,-96.34,M1->M2 x M3,218.17,423.19,328.2,119.2,262.6,1355.0,548.2
1150,0.65,10.0,341.56,295.98,500.60,-84.30,205.02,942.66,205.02,942.66,-67.70,-84.30,M1->M2 x M3,218.17,423.19,328.2,119.2,262.6,1355.0,586.1
1150,0.65,11.0,392.19,348.83,560.20,-72.19,205.05,949.15,205.05,949.15,-61.70,-72.19,M1->M2 x M3,218.17,423.19,328.2,119.2,262.6,1355.0,624.1
1150,0.65,12.0,442.69,401.57,619.62,-60.01,205.25,957.15,205.25,957.15,-55.66,-60.01,M1->M2 x M3,218.17,423.19,328.2,119.2,262.6,1355.0,662.4
1150,0.65,13.0,493.06,454.19,678.85,-47.73,205.62,966.67,205.62,966.67,-49.57,-49.57,M3->FP x M2,218.17,423.19,328.2,119.2,262.6,1355.0,701.0
1150,0.65,14.0,543.28,506.67,737.88,-35.35,206.18,977.71,206.18,977.71,-43.44,-43.44,M3->FP x M2,218.17,423.19,328.2,119.2,262.6,1355.0,739.9
1150,0.65,15.0,593.33,559.00,796.68,-22.87,206.91,990.26,206.91,990.26,-37.25,-37.25,M3->FP x M2,218.17,423.19,328.2,119.2,262.6,1355.0,779.1
1150,0.65,16.0,643.20,611.16,855.24,-10.27,207.84,1004.32,207.84,1004.32,-31.00,-31.00,M3->FP x M2,218.17,423.19,328.2,119.2,262.6,1355.0,818.8
1150,0.65,17.0,692.88,663.13,913.54,2.25,208.96,1019.88,208.96,1019.88,-24.70,-24.70,M3->FP x M2,218.17,423.19,328.2,119.2,262.6,1355.0,858.8
1150,0.65,18.0,742.34,714.90,971.56,13.88,210.27,1036.92,210.27,1036.92,-18.32,-18.32,M3->FP x M2,218.17,423.19,328.2,119.2,262.6,1355.0,899.2
1150,0.65,19.0,791.58,766.45,1029.29,25.36,211.78,1055.45,211.78,1055.45,-11.88,-11.88,M3->FP x M2,218.17,423.19,328.2,119.2,262.6,1355.0,940.2
1150,0.65,20.0,840.58,817.77,1086.70,36.69,213.50,1075.44,213.50,1075.44,-5.35,-5.35,M3->FP x M2,218.17,423.19,328.2,119.2,262.6,1355.0,981.6
1150,0.70,2.0,-72.33,-144.53,16.39,-146.26,222.80,914.72,222.80,914.72,-73.67,-146.26,M1->M2 x M3,235.28,458.08,317.8,128.3,282.0,1372.8,293.2
1150,0.70,3.0,-26.42,-93.94,74.80,-146.00,222.80,914.72,222.80,914.72,-73.55,-146.00,M1->M2 x M3,235.28,458.08,317.8,128.3,282.0,1372.8,327.8
1150,0.70,4.0,22.44,-43.26,133.18,-146.25,222.80,914.72,222.80,914.72,-73.20,-146.25,M1->M2 x M3,235.28,458.08,317.8,128.3,282.0,1372.8,362.5
1150,0.70,5.0,71.26,7.51,191.53,-145.96,222.80,914.72,222.80,914.72,-73.39,-145.96,M1->M2 x M3,235.28,458.08,317.8,128.3,282.0,1372.8,397.3
1150,0.70,6.0,120.06,58.18,249.82,-146.30,222.80,914.72,222.80,914.72,-73.72,-146.30,M1->M2 x M3,235.28,458.08,317.8,128.3,282.0,1372.8,432.1
1150,0.70,7.0,168.83,108.83,308.03,-135.37,222.80,914.74,222.80,914.74,-73.56,-135.37,M1->M2 x M3,235.28,458.08,317.8,128.3,282.0,1372.8,467.2
1150,0.70,8.0,217.54,159.45,366.14,-123.44,222.80,915.61,222.80,915.61,-73.41,-123.44,M1->M2 x M3,235.28,458.08,317.8,128.3,282.0,1372.8,502.3
1150,0.70,9.0,266.19,210.02,424.15,-111.46,222.80,917.83,222.80,917.83,-73.66,-111.46,M1->M2 x M3,235.28,458.08,317.8,128.3,282.0,1372.8,537.7
1150,0.70,10.0,314.75,260.53,482.02,-99.41,222.80,921.43,222.80,921.43,-73.71,-99.41,M1->M2 x M3,235.28,458.08,317.8,128.3,282.0,1372.8,573.2
1150,0.70,11.0,363.22,310.96,539.75,-87.28,222.80,926.40,222.80,926.40,-71.86,-87.28,M1->M2 x M3,235.28,458.08,317.8,128.3,282.0,1372.8,609.0
1150,0.70,12.0,411.58,361.29,597.32,-75.08,222.86,932.77,222.86,932.77,-65.82,-75.08,M1->M2 x M3,235.28,458.08,317.8,128.3,282.0,1372.8,645.0
1150,0.70,13.0,459.82,411.52,654.70,-62.78,223.08,940.52,223.08,940.52,-59.73,-62.78,M1->M2 x M3,235.28,458.08,317.8,128.3,282.0,1372.8,681.3
1150,0.70,14.0,507.91,461.62,711.89,-50.39,223.47,949.67,223.47,949.67,-53.59,-53.59,M3->FP x M2,235.28,458.08,317.8,128.3,282.0,1372.8,717.8
1150,0.70,15.0,555.85,511.57,768.85,-37.89,224.02,960.22,224.02,960.22,-47.40,-47.40,M3->FP x M2,235.28,458.08,317.8,128.3,282.0,1372.8,754.7
1150,0.70,16.0,603.62,561.37,825.58,-25.27,224.75,972.16,224.75,972.16,-41.15,-41.15,M3->FP x M2,235.28,458.08,317.8,128.3,282.0,1372.8,792.0
1150,0.70,17.0,651.20,611.01,882.07,-12.53,225.66,985.49,225.66,985.49,-34.83,-34.83,M3->FP x M2,235.28,458.08,317.8,128.3,282.0,1372.8,829.6
1150,0.70,18.0,698.59,660.45,938.28,0.32,226.75,1000.22,226.75,1000.22,-28.46,-28.46,M3->FP x M2,235.28,458.08,317.8,128.3,282.0,1372.8,867.6
1150,0.70,19.0,745.76,709.69,994.20,12.13,228.02,1016.33,228.02,1016.33,-22.00,-22.00,M3->FP x M2,235.28,458.08,317.8,128.3,282.0,1372.8,906.1
1150,0.70,20.0,792.71,758.72,1049.83,23.83,229.48,1033.83,229.48,1033.83,-15.48,-15.48,M3->FP x M2,235.28,458.08,317.8,128.3,282.0,1372.8,945.1
1150,0.75,2.0,-78.65,-156.96,13.43,-157.08,240.52,897.57,240.52,897.57,-78.32,-157.08,M1->M2 x M3,252.43,492.95,308.9,137.5,301.4,1390.5,298.8
1150,0.75,3.0,-37.14,-111.36,70.23,-157.31,240.52,897.57,240.52,897.57,-78.95,-157.31,M1->M2 x M3,252.43,492.95,308.9,137.5,301.4,1390.5,331.5
1150,0.75,4.0,9.83,-62.89,127.02,-157.47,240.52,897.57,240.52,897.57,-78.98,-157.47,M1->M2 x M3,252.43,492.95,308.9,137.5,301.4,1390.5,364.3
1150,0.75,5.0,56.75,-14.31,183.77,-157.34,240.52,897.57,240.52,897.57,-79.03,-157.34,M1->M2 x M3,252.43,492.95,308.9,137.5,301.4,1390.5,397.1
1150,0.75,6.0,103.66,34.23,240.46,-157.24,240.52,897.57,240.52,897.57,-78.33,-157.24,M1->M2 x M3,252.43,492.95,308.9,137.5,301.4,1390.5,430.1
1150,0.75,7.0,150.53,82.72,297.08,-150.39,240.52,897.57,240.52,897.57,-79.00,-150.39,M1->M2 x M3,252.43,492.95,308.9,137.5,301.4,1390.5,463.2
1150,0.75,8.0,197.36,131.18,353.60,-138.44,240.52,897.70,240.52,897.70,-79.00,-138.44,M1->M2 x M3,252.43,492.95,308.9,137.5,301.4,1390.5,496.4
1150,0.75,9.0,244.13,179.60,410.02,-126.44,240.52,898.90,240.52,898.90,-78.84,-126.44,M1->M2 x M3,252.43,492.95,308.9,137.5,301.4,1390.5,529.8
1150,0.75,10.0,290.82,227.97,466.32,-114.37,240.52,901.34,240.52,901.34,-78.59,-114.37,M1->M2 x M3,252.43,492.95,308.9,137.5,301.4,1390.5,563.4
1150,0.75,11.0,337.43,276.26,522.47,-102.23,240.52,905.04,240.52,905.04,-78.67,-102.23,M1->M2 x M3,252.43,492.95,308.9,137.5,301.4,1390.5,597.2
1150,0.75,12.0,383.93,324.48,578.47,-90.01,240.52,910.02,240.52,910.02,-75.96,-90.01,M1->M2 x M3,252.43,492.95,308.9,137.5,301.4,1390.5,631.2
1150,0.75,13.0,430.32,372.59,634.28,-77.70,240.61,916.28,240.61,916.28,-69.86,-77.70,M1->M2 x M3,252.43,492.95,308.9,137.5,301.4,1390.5,665.5
1150,0.75,14.0,476.57,420.59,689.91,-65.29,240.85,923.82,240.85,923.82,-63.72,-65.29,M1->M2 x M3,252.43,492.95,308.9,137.5,301.4,1390.5,700.0
1150,0.75,15.0,522.68,468.46,745.32,-52.77,241.25,932.67,241.25,932.67,-57.52,-57.52,M3->FP x M2,252.43,492.95,308.9,137.5,301.4,1390.5,734.9
1150,0.75,16.0,568.63,516.19,800.51,-40.13,241.81,942.81,241.81,942.81,-51.27,-51.27,M3->FP x M2,252.43,492.95,308.9,137.5,301.4,1390.5,770.1
1150,0.75,17.0,614.41,563.76,855.45,-27.37,242.53,954.26,242.53,954.26,-44.95,-44.95,M3->FP x M2,252.43,492.95,308.9,137.5,301.4,1390.5,805.6
1150,0.75,18.0,660.00,611.16,910.14,-14.48,243.43,967.01,243.43,967.01,-38.57,-38.57,M3->FP x M2,252.43,492.95,308.9,137.5,301.4,1390.5,841.6
1150,0.75,19.0,705.39,658.37,964.54,-1.44,244.49,981.06,244.49,981.06,-32.12,-32.12,M3->FP x M2,252.43,492.95,308.9,137.5,301.4,1390.5,877.9
1150,0.75,20.0,750.56,705.39,1018.65,10.68,245.74,996.43,245.74,996.43,-25.58,-25.58,M3->FP x M2,252.43,492.95,308.9,137.5,301.4,1390.5,914.7
1150,0.80,2.0,-83.26,-168.42,10.90,-168.33,258.09,880.37,258.09,880.37,-84.32,-168.42,in->M1 x M3,269.63,527.72,301.0,146.7,320.8,1408.1,304.9
1150,0.80,3.0,-47.19,-128.08,66.34,-168.19,258.09,880.37,258.09,880.37,-83.91,-168.19,M1->M2 x M3,269.63,527.72,301.0,146.7,320.8,1408.1,335.9
1150,0.80,4.0,-1.87,-81.58,121.76,-168.25,258.09,880.37,258.09,880.37,-83.43,-168.25,M1->M2 x M3,269.63,527.72,301.0,146.7,320.8,1408.1,367.0
1150,0.80,5.0,43.40,-34.97,177.15,-168.44,258.09,880.37,258.09,880.37,-83.95,-168.44,M1->M2 x M3,269.63,527.72,301.0,146.7,320.8,1408.1,398.2
1150,0.80,6.0,88.65,11.71,232.48,-168.49,258.09,880.37,258.09,880.37,-84.25,-168.49,M1->M2 x M3,269.63,527.72,301.0,146.7,320.8,1408.1,429.5
1150,0.80,7.0,133.87,58.27,287.74,-165.23,258.09,880.37,258.09,880.37,-83.71,-165.23,M1->M2 x M3,269.63,527.72,301.0,146.7,320.8,1408.1,460.9
1150,0.80,8.0,179.05,104.80,342.92,-153.27,258.09,880.37,258.09,880.37,-84.07,-153.27,M1->M2 x M3,269.63,527.72,301.0,146.7,320.8,1408.1,492.4
1150,0.80,9.0,224.18,151.31,397.98,-141.25,258.09,880.71,258.09,880.71,-84.27,-141.25,M1->M2 x M3,269.63,527.72,301.0,146.7,320.8,1408.1,524.1
1150,0.80,10.0,269.24,197.77,452.93,-129.17,258.09,882.16,258.09,882.16,-83.79,-129.17,M1->M2 x M3,269.63,527.72,301.0,146.7,320.8,1408.1,555.9
1150,0.80,11.0,314.21,244.16,507.74,-117.01,258.09,884.77,258.09,884.77,-84.04,-117.01,M1->M2 x M3,269.63,527.72,301.0,146.7,320.8,1408.1,588.0
1150,0.80,12.0,359.09,290.49,562.40,-104.77,258.09,888.56,258.09,888.56,-84.24,-104.77,M1->M2 x M3,269.63,527.72,301.0,146.7,320.8,1408.1,620.3
1150,0.80,13.0,403.87,336.72,616.88,-92.44,258.10,893.53,258.10,893.53,-79.96,-92.44,M1->M2 x M3,269.63,527.72,301.0,146.7,320.8,1408.1,652.8
1150,0.80,14.0,448.51,382.86,671.17,-80.02,258.22,899.70,258.22,899.70,-73.82,-80.02,M1->M2 x M3,269.63,527.72,301.0,146.7,320.8,1408.1,685.6
1150,0.80,15.0,493.03,428.87,725.27,-67.48,258.48,907.08,258.48,907.08,-67.62,-67.62,M3->FP x M2,269.63,527.72,301.0,146.7,320.8,1408.1,718.7
1150,0.80,16.0,537.39,474.76,779.14,-54.83,258.89,915.68,258.89,915.68,-61.36,-61.36,M3->FP x M2,269.63,527.72,301.0,146.7,320.8,1408.1,752.1
1150,0.80,17.0,581.59,520.50,832.77,-42.05,259.46,925.49,259.46,925.49,-55.04,-55.04,M3->FP x M2,269.63,527.72,301.0,146.7,320.8,1408.1,785.9
1150,0.80,18.0,625.61,566.08,886.15,-29.14,260.18,936.53,260.18,936.53,-48.65,-48.65,M3->FP x M2,269.63,527.72,301.0,146.7,320.8,1408.1,820.0
1150,0.80,19.0,669.44,611.49,939.26,-16.08,261.07,948.81,261.07,948.81,-42.19,-42.19,M3->FP x M2,269.63,527.72,301.0,146.7,320.8,1408.1,854.5
1150,0.80,20.0,713.07,656.72,992.08,-2.86,262.12,962.33,262.12,962.33,-35.65,-35.65,M3->FP x M2,269.63,527.72,301.0,146.7,320.8,1408.1,889.4
1150,0.85,2.0,-89.28,-179.61,8.73,-179.58,275.45,863.13,275.45,863.13,-89.43,-179.61,in->M1 x M3,286.87,562.33,294.1,155.8,340.0,1425.5,314.2
1150,0.85,3.0,-56.67,-144.17,63.00,-179.29,275.45,863.13,275.45,863.13,-88.84,-179.29,M1->M2 x M3,286.87,562.33,294.1,155.8,340.0,1425.5,340.9
1150,0.85,4.0,-12.83,-99.45,117.25,-179.46,275.45,863.13,275.45,863.13,-89.23,-179.46,M1->M2 x M3,286.87,562.33,294.1,155.8,340.0,1425.5,370.5
1150,0.85,5.0,31.00,-54.63,171.47,-179.46,275.45,863.13,275.45,863.13,-89.07,-179.46,M1->M2 x M3,286.87,562.33,294.1,155.8,340.0,1425.5,400.2
1150,0.85,6.0,74.78,-9.67,225.63,-179.62,275.45,863.13,275.45,863.13,-89.36,-179.62,M1->M2 x M3,286.87,562.33,294.1,155.8,340.0,1425.5,430.0
1150,0.85,7.0,118.55,35.20,279.73,-179.37,275.45,863.13,275.45,863.13,-89.38,-179.37,M1->M2 x M3,286.87,562.33,294.1,155.8,340.0,1425.5,459.9
1150,0.85,8.0,162.28,80.01,333.74,-167.92,275.45,863.13,275.45,863.13,-89.51,-167.92,M1->M2 x M3,286.87,562.33,294.1,155.8,340.0,1425.5,490.0
1150,0.85,9.0,205.96,124.79,387.65,-155.88,275.45,863.13,275.45,863.13,-89.42,-155.88,M1->M2 x M3,286.87,562.33,294.1,155.8,340.0,1425.5,520.1
1150,0.85,10.0,249.58,169.54,441.44,-143.78,275.45,863.72,275.45,863.72,-89.06,-143.78,M1->M2 x M3,286.87,562.33,294.1,155.8,340.0,1425.5,550.5
1150,0.85,11.0,293.12,214.23,495.09,-131.61,275.46,865.38,275.46,865.38,-89.43,-131.61,M1->M2 x M3,286.87,562.33,294.1,155.8,340.0,1425.5,581.1
1150,0.85,12.0,336.57,258.86,548.60,-119.35,275.45,868.13,275.45,868.13,-88.75,-119.35,M1->M2 x M3,286.87,562.33,294.1,155.8,340.0,1425.5,611.8
1150,0.85,13.0,379.92,303.41,601.93,-107.00,275.45,871.99,275.45,871.99,-89.20,-107.00,M1->M2 x M3,286.87,562.33,294.1,155.8,340.0,1425.5,642.8
1150,0.85,14.0,423.16,347.86,655.09,-94.56,275.48,876.96,275.48,876.96,-83.85,-94.56,M1->M2 x M3,286.87,562.33,294.1,155.8,340.0,1425.5,674.0
1150,0.85,15.0,466.26,392.21,708.04,-82.01,275.62,883.07,275.62,883.07,-77.65,-82.01,M1->M2 x M3,286.87,562.33,294.1,155.8,340.0,1425.5,705.6
1150,0.85,16.0,509.22,436.45,760.78,-69.34,275.90,890.31,275.90,890.31,-71.38,-71.38,M3->FP x M2,286.87,562.33,294.1,155.8,340.0,1425.5,737.4
1150,0.85,17.0,552.03,480.54,813.29,-56.54,276.33,898.70,276.33,898.70,-65.06,-65.06,M3->FP x M2,286.87,562.33,294.1,155.8,340.0,1425.5,769.5
1150,0.85,18.0,594.67,524.50,865.55,-43.61,276.91,908.26,276.91,908.26,-58.67,-58.67,M3->FP x M2,286.87,562.33,294.1,155.8,340.0,1425.5,802.0
1150,0.85,19.0,637.13,568.29,917.55,-30.53,277.64,918.98,277.64,918.98,-52.20,-52.20,M3->FP x M2,286.87,562.33,294.1,155.8,340.0,1425.5,834.9
1150,0.85,20.0,679.40,611.91,969.26,-17.30,278.52,930.88,278.52,930.88,-45.66,-45.66,M3->FP x M2,286.87,562.33,294.1,155.8,340.0,1425.5,868.2
1150,0.90,2.0,-94.37,-190.47,6.85,-190.51,292.53,845.84,292.53,845.84,-94.53,-190.51,M1->M2 x M3,304.16,596.69,287.9,165.0,359.2,1442.5,333.3
1150,0.90,3.0,-65.68,-159.73,60.11,-190.29,292.53,845.84,292.53,845.84,-94.50,-190.29,M1->M2 x M3,304.16,596.69,287.9,165.0,359.2,1442.5,346.3
1150,0.90,4.0,-23.16,-116.62,113.35,-190.28,292.53,845.84,292.53,845.84,-94.72,-190.28,M1->M2 x M3,304.16,596.69,287.9,165.0,359.2,1442.5,374.6
1150,0.90,5.0,19.39,-73.41,166.56,-190.30,292.53,845.84,292.53,845.84,-94.77,-190.30,M1->M2 x M3,304.16,596.69,287.9,165.0,359.2,1442.5,403.0
1150,0.90,6.0,61.88,-30.07,219.71,-190.36,292.53,845.84,292.53,845.84,-94.29,-190.36,M1->M2 x M3,304.16,596.69,287.9,165.0,359.2,1442.5,431.5
1150,0.90,7.0,104.35,13.33,272.80,-190.47,292.53,845.84,292.53,845.84,-94.51,-190.47,M1->M2 x M3,304.16,596.69,287.9,165.0,359.2,1442.5,460.1
1150,0.90,8.0,146.79,56.57,325.80,-182.34,292.53,845.84,292.53,845.84,-93.94,-182.34,M1->M2 x M3,304.16,596.69,287.9,165.0,359.2,1442.5,488.8
1150,0.90,9.0,189.19,99.79,378.71,-170.29,292.53,845.84,292.53,845.84,-94.81,-170.29,M1->M2 x M3,304.16,596.69,287.9,165.0,359.2,1442.5,517.7
1150,0.90,10.0,231.53,142.98,431.50,-158.18,292.53,845.89,292.53,845.89,-93.78,-158.18,M1->M2 x M3,304.16,596.69,287.9,165.0,359.2,1442.5,546.7
1150,0.90,11.0,273.79,186.13,484.16,-145.99,292.53,846.72,292.53,846.72,-94.77,-145.99,M1->M2 x M3,304.16,596.69,287.9,165.0,359.2,1442.5,575.9
1150,0.90,12.0,315.98,229.22,536.67,-133.71,292.53,848.56,292.53,848.56,-93.89,-133.71,M1->M2 x M3,304.16,596.69,287.9,165.0,359.2,1442.5,605.3
1150,0.90,13.0,358.07,272.25,589.02,-121.35,292.53,851.43,292.53,851.43,-94.77,-121.35,M1->M2 x M3,304.16,596.69,287.9,165.0,359.2,1442.5,634.9
1150,0.90,14.0,400.05,315.18,641.18,-108.89,292.53,855.35,292.53,855.35,-93.81,-108.89,M1->M2 x M3,304.16,596.69,287.9,165.0,359.2,1442.5,664.8
1150,0.90,15.0,441.90,358.03,693.16,-96.32,292.57,860.33,292.57,860.33,-87.60,-96.32,M1->M2 x M3,304.16,596.69,287.9,165.0,359.2,1442.5,694.9
1150,0.90,16.0,483.62,400.76,744.92,-83.63,292.74,866.39,292.74,866.39,-81.33,-83.63,M1->M2 x M3,304.16,596.69,287.9,165.0,359.2,1442.5,725.3
1150,0.90,17.0,525.20,443.37,796.45,-70.82,293.05,873.53,293.05,873.53,-75.00,-75.00,M3->FP x M2,304.16,596.69,287.9,165.0,359.2,1442.5,756.0
1150,0.90,18.0,566.62,485.85,847.75,-57.87,293.49,881.77,293.49,881.77,-68.61,-68.61,M3->FP x M2,304.16,596.69,287.9,165.0,359.2,1442.5,787.1
1150,0.90,19.0,607.86,528.18,898.78,-44.78,294.08,891.12,294.08,891.12,-62.14,-62.14,M3->FP x M2,304.16,596.69,287.9,165.0,359.2,1442.5,818.5
1150,0.90,20.0,648.92,570.34,949.54,-31.52,294.82,901.59,294.82,901.59,-55.59,-55.59,M3->FP x M2,304.16,596.69,287.9,165.0,359.2,1442.5,850.3
1200,0.30,2.0,44.64,24.71,89.66,-58.95,85.22,1100.26,85.22,1100.26,-31.58,-58.95,M1->M2 x M3,99.74,184.96,510.8,55.0,130.0,1285.2,305.7
1200,0.30,3.0,135.41,119.56,187.64,-58.81,85.22,1101.83,85.22,1101.83,-31.54,-58.81,M1->M2 x M3,99.74,184.96,510.8,55.0,130.0,1285.2,381.5
1200,0.30,4.0,226.14,214.37,285.57,-47.17,85.22,1108.48,85.22,1108.48,-31.42,-47.17,M1->M2 x M3,99.74,184.96,510.8,55.0,130.0,1285.2,457.4
1200,0.30,5.0,316.80,309.11,383.41,-35.50,85.22,1120.28,85.22,1120.28,-27.20,-35.50,M1->M2 x M3,99.74,184.96,510.8,55.0,130.0,1285.2,533.5
1200,0.30,6.0,407.36,403.76,481.14,-23.79,85.45,1137.10,85.45,1137.10,-21.37,-23.79,M1->M2 x M3,99.74,184.96,510.8,55.0,130.0,1285.2,609.9
1200,0.30,7.0,497.79,498.29,578.72,-12.04,86.08,1158.80,86.08,1158.80,-15.52,-15.52,M3->FP x M2,99.74,184.96,510.8,55.0,130.0,1285.2,686.5
1200,0.30,8.0,588.08,592.67,676.12,-0.24,87.10,1185.18,87.10,1185.18,-9.64,-9.64,M3->FP x M2,99.74,184.96,510.8,55.0,130.0,1285.2,763.5
1200,0.30,9.0,678.19,686.86,773.32,10.53,88.50,1216.01,88.50,1216.01,-3.74,-3.74,M3->FP x M2,99.74,184.96,510.8,55.0,130.0,1285.2,840.9
1200,0.30,10.0,768.09,780.85,870.28,20.84,90.28,1251.05,90.28,1251.05,2.12,2.12,M3->FP x M2,99.74,184.96,510.8,55.0,130.0,1285.2,918.7
1200,0.30,11.0,857.75,874.59,966.97,30.66,92.41,1290.07,92.41,1290.07,7.88,7.88,M3->FP x M2,99.74,184.96,510.8,55.0,130.0,1285.2,997.0
1200,0.30,12.0,947.16,968.07,1063.37,39.98,94.89,1332.84,94.89,1332.84,13.68,13.68,M3->FP x M2,99.74,184.96,510.8,55.0,130.0,1285.2,1075.8
1200,0.30,13.0,1036.27,1061.26,1159.45,48.80,97.70,1379.11,97.70,1379.11,19.52,19.52,M3->FP x M2,99.74,184.96,510.8,55.0,130.0,1285.2,1155.2
1200,0.30,14.0,1125.07,1154.12,1255.17,57.11,100.81,1428.70,100.81,1428.70,25.41,25.41,M3->FP x M2,99.74,184.96,510.8,55.0,130.0,1285.2,1235.3
1200,0.30,15.0,1213.53,1246.64,1350.52,64.92,104.22,1481.39,104.22,1481.39,31.35,31.35,M3->FP x M2,99.74,184.96,510.8,55.0,130.0,1285.2,1316.1
1200,0.30,16.0,1301.62,1338.77,1445.45,72.26,107.90,1537.03,107.90,1537.03,37.34,37.34,M3->FP x M2,99.74,184.96,510.8,55.0,130.0,1285.2,1397.6
1200,0.30,17.0,1389.31,1430.49,1539.94,79.13,111.85,1595.46,111.77,1595.46,43.40,43.40,M3->FP x M2,99.74,184.96,510.8,55.0,130.0,1285.2,1480.0
1200,0.30,18.0,1476.58,1521.78,1633.96,85.56,116.04,1656.55,115.44,1656.55,49.52,49.52,M3->FP x M2,99.74,184.96,510.8,55.0,130.0,1285.2,1563.3
1200,0.30,19.0,1563.40,1612.60,1727.48,91.58,120.48,1718.96,118.86,1720.20,55.71,55.71,M3->FP x M2,99.74,184.96,510.8,55.0,130.0,1285.2,1647.5
1200,0.30,20.0,1649.74,1702.94,1820.48,97.20,125.13,1777.36,122.06,1786.33,61.98,61.98,M3->FP x M2,99.74,184.96,510.8,55.0,130.0,1285.2,1732.8
1200,0.35,2.0,20.93,-4.81,71.73,-69.30,101.48,1083.48,101.48,1083.48,-36.65,-69.30,M1->M2 x M3,116.52,218.00,464.0,64.2,148.4,1301.5,293.4
1200,0.35,3.0,101.74,79.79,160.04,-69.58,101.48,1083.69,101.48,1083.69,-36.81,-69.58,M1->M2 x M3,116.52,218.00,464.0,64.2,148.4,1301.5,359.2
1200,0.35,4.0,182.51,164.37,248.30,-62.70,101.48,1086.98,101.48,1086.98,-36.81,-62.70,M1->M2 x M3,116.52,218.00,464.0,64.2,148.4,1301.5,425.1
1200,0.35,5.0,263.23,248.90,336.48,-51.01,101.48,1094.26,101.48,1094.26,-36.82,-51.01,M1->M2 x M3,116.52,218.00,464.0,64.2,148.4,1301.5,491.2
1200,0.35,6.0,343.87,333.35,424.55,-39.29,101.50,1105.48,101.50,1105.48,-31.14,-39.29,M1->M2 x M3,116.52,218.00,464.0,64.2,148.4,1301.5,557.5
1200,0.35,7.0,424.41,417.71,512.50,-27.53,101.76,1120.56,101.76,1120.56,-25.28,-27.53,M1->M2 x M3,116.52,218.00,464.0,64.2,148.4,1301.5,624.1
1200,0.35,8.0,504.81,501.93,600.30,-15.71,102.37,1139.42,102.37,1139.42,-19.40,-19.40,M3->FP x M2,116.52,218.00,464.0,64.2,148.4,1301.5,690.9
1200,0.35,9.0,585.07,586.00,687.90,-3.84,103.30,1161.93,103.30,1161.93,-13.49,-13.49,M3->FP x M2,116.52,218.00,464.0,64.2,148.4,1301.5,758.1
1200,0.35,10.0,665.14,669.90,775.31,7.39,104.57,1187.95,104.57,1187.95,-7.55,-7.55,M3->FP x M2,116.52,218.00,464.0,64.2,148.4,1301.5,825.6
1200,0.35,11.0,745.01,753.59,862.47,18.00,106.16,1217.34,106.16,1217.34,-1.58,-1.58,M3->FP x M2,116.52,218.00,464.0,64.2,148.4,1301.5,893.6
1200,0.35,12.0,824.66,837.05,949.37,28.21,108.07,1249.96,108.07,1249.96,4.28,4.28,M3->FP x M2,116.52,218.00,464.0,64.2,148.4,1301.5,962.0
1200,0.35,13.0,904.05,920.25,1035.98,38.01,110.29,1285.65,110.29,1285.65,10.12,10.12,M3->FP x M2,116.52,218.00,464.0,64.2,148.4,1301.5,1031.0
1200,0.35,14.0,983.17,1003.17,1122.28,47.39,112.82,1324.27,112.82,1324.27,16.02,16.02,M3->FP x M2,116.52,218.00,464.0,64.2,148.4,1301.5,1100.5
1200,0.35,15.0,1061.99,1085.79,1208.23,56.34,115.63,1365.69,115.63,1365.69,21.96,21.96,M3->FP x M2,116.52,218.00,464.0,64.2,148.4,1301.5,1170.7
1200,0.35,16.0,1140.48,1168.08,1293.82,64.86,118.72,1409.78,118.72,1409.78,27.96,27.96,M3->FP x M2,116.52,218.00,464.0,64.2,148.4,1301.5,1241.5
1200,0.35,17.0,1218.63,1250.01,1379.01,72.95,122.08,1456.43,122.08,1456.43,34.02,34.02,M3->FP x M2,116.52,218.00,464.0,64.2,148.4,1301.5,1313.0
1200,0.35,18.0,1296.40,1331.57,1463.78,80.63,125.71,1505.54,125.71,1505.54,40.14,40.14,M3->FP x M2,116.52,218.00,464.0,64.2,148.4,1301.5,1385.3
1200,0.35,19.0,1373.79,1412.71,1548.11,87.91,129.58,1557.02,129.58,1557.02,46.34,46.34,M3->FP x M2,116.52,218.00,464.0,64.2,148.4,1301.5,1458.4
1200,0.35,20.0,1450.75,1493.43,1631.97,94.80,133.70,1610.80,133.53,1610.80,52.61,52.61,M3->FP x M2,116.52,218.00,464.0,64.2,148.4,1301.5,1532.5
1200,0.40,2.0,1.82,-29.89,58.44,-80.20,118.16,1066.66,118.16,1066.66,-42.08,-80.20,M1->M2 x M3,133.34,251.50,428.9,73.3,167.0,1318.2,286.7
1200,0.40,3.0,75.16,46.98,139.56,-80.18,118.16,1066.66,118.16,1066.66,-42.07,-80.18,M1->M2 x M3,133.34,251.50,428.9,73.3,167.0,1318.2,345.0
1200,0.40,4.0,148.48,123.82,220.64,-78.25,118.16,1067.79,118.16,1067.79,-41.96,-78.25,M1->M2 x M3,133.34,251.50,428.9,73.3,167.0,1318.2,403.4
1200,0.40,5.0,221.75,200.62,301.65,-66.55,118.16,1072.07,118.16,1072.07,-41.93,-66.55,M1->M2 x M3,133.34,251.50,428.9,73.3,167.0,1318.2,462.0
1200,0.40,6.0,294.95,277.36,382.57,-54.81,118.16,1079.54,118.16,1079.54,-41.02,-54.81,M1->M2 x M3,133.34,251.50,428.9,73.3,167.0,1318.2,520.7
1200,0.40,7.0,368.06,354.01,463.38,-43.03,118.20,1090.16,118.20,1090.16,-35.16,-43.03,M1->M2 x M3,133.34,251.50,428.9,73.3,167.0,1318.2,579.7
1200,0.40,8.0,441.06,430.56,544.04,-31.20,118.49,1103.90,118.49,1103.90,-29.27,-31.20,M1->M2 x M3,133.34,251.50,428.9,73.3,167.0,1318.2,638.9
1200,0.40,9.0,513.92,506.97,624.54,-19.31,119.07,1120.67,119.07,1120.67,-23.36,-23.36,M3->FP x M2,133.34,251.50,428.9,73.3,167.0,1318.2,698.4
1200,0.40,10.0,586.63,583.23,704.84,-7.36,119.95,1140.42,119.95,1140.42,-17.42,-17.42,M3->FP x M2,133.34,251.50,428.9,73.3,167.0,1318.2,758.3
1200,0.40,11.0,659.16,659.32,784.93,4.28,121.12,1163.05,121.12,1163.05,-11.44,-11.44,M3->FP x M2,133.34,251.50,428.9,73.3,167.0,1318.2,818.5
1200,0.40,12.0,731.49,735.20,864.79,15.13,122.57,1188.48,122.57,1188.48,-5.42,-5.42,M3->FP x M2,133.34,251.50,428.9,73.3,167.0,1318.2,879.2
1200,0.40,13.0,803.60,810.86,944.38,25.65,124.31,1216.59,124.31,1216.59,0.62,0.62,M3->FP x M2,133.34,251.50,428.9,73.3,167.0,1318.2,940.3
1200,0.40,14.0,875.46,886.27,1023.68,35.83,126.33,1247.32,126.33,1247.32,6.52,6.52,M3->FP x M2,133.34,251.50,428.9,73.3,167.0,1318.2,1001.9
1200,0.40,15.0,947.05,961.41,1102.67,45.66,128.63,1280.54,128.63,1280.54,12.47,12.47,M3->FP x M2,133.34,251.50,428.9,73.3,167.0,1318.2,1064.1
1200,0.40,16.0,1018.36,1036.26,1181.32,55.12,131.20,1316.19,131.20,1316.19,18.47,18.47,M3->FP x M2,133.34,251.50,428.9,73.3,167.0,1318.2,1126.8
1200,0.40,17.0,1089.35,1110.80,1259.62,64.22,134.04,1354.18,134.04,1354.18,24.53,24.53,M3->FP x M2,133.34,251.50,428.9,73.3,167.0,1318.2,1190.2
1200,0.40,18.0,1160.02,1184.99,1337.53,72.94,137.14,1394.43,137.14,1394.43,30.66,30.66,M3->FP x M2,133.34,251.50,428.9,73.3,167.0,1318.2,1254.3
1200,0.40,19.0,1230.33,1258.82,1415.03,81.29,140.49,1436.88,140.49,1436.88,36.86,36.86,M3->FP x M2,133.34,251.50,428.9,73.3,167.0,1318.2,1319.1
1200,0.40,20.0,1300.27,1332.28,1492.10,89.28,144.09,1481.46,144.09,1481.46,43.13,43.13,M3->FP x M2,133.34,251.50,428.9,73.3,167.0,1318.2,1384.7
1200,0.45,2.0,-14.21,-52.01,48.23,-91.01,135.18,1049.79,135.18,1049.79,-47.12,-91.01,M1->M2 x M3,150.21,285.40,401.6,82.5,185.9,1335.2,283.6
1200,0.45,3.0,53.32,18.78,123.83,-91.11,135.18,1049.79,135.18,1049.79,-47.06,-91.11,M1->M2 x M3,150.21,285.40,401.6,82.5,185.9,1335.2,336.1
1200,0.45,4.0,120.84,89.53,199.40,-91.17,135.18,1049.93,135.18,1049.93,-47.24,-91.17,M1->M2 x M3,150.21,285.40,401.6,82.5,185.9,1335.2,388.7
1200,0.45,5.0,188.31,160.26,274.91,-82.08,135.18,1052.11,135.18,1052.11,-47.43,-82.08,M1->M2 x M3,150.21,285.40,401.6,82.5,185.9,1335.2,441.4
1200,0.45,6.0,255.73,230.94,350.33,-70.33,135.18,1056.94,135.18,1056.94,-47.36,-70.33,M1->M2 x M3,150.21,285.40,401.6,82.5,185.9,1335.2,494.2
1200,0.45,7.0,323.07,301.55,425.65,-58.53,135.18,1064.40,135.18,1064.40,-45.13,-58.53,M1->M2 x M3,150.21,285.40,401.6,82.5,185.9,1335.2,547.3
1200,0.45,8.0,390.31,372.06,500.84,-46.68,135.25,1074.47,135.25,1074.47,-39.24,-46.68,M1->M2 x M3,150.21,285.40,401.6,82.5,185.9,1335.2,600.6
1200,0.45,9.0,457.43,442.47,575.87,-34.78,135.56,1087.13,135.56,1087.13,-33.33,-34.78,M1->M2 x M3,150.21,285.40,401.6,82.5,185.9,1335.2,654.2
1200,0.45,10.0,524.41,512.74,650.73,-22.81,136.13,1102.33,136.13,1102.33,-27.38,-27.38,M3->FP x M2,150.21,285.40,401.6,82.5,185.9,1335.2,708.1
1200,0.45,11.0,591.24,582.85,725.39,-10.77,136.96,1120.03,136.96,1120.03,-21.39,-21.39,M3->FP x M2,150.21,285.40,401.6,82.5,185.9,1335.2,762.3
1200,0.45,12.0,657.88,652.78,799.83,1.24,138.05,1140.16,138.05,1140.16,-15.37,-15.37,M3->FP x M2,150.21,285.40,401.6,82.5,185.9,1335.2,816.9
1200,0.45,13.0,724.32,722.52,874.03,12.30,139.40,1162.67,139.40,1162.67,-9.30,-9.30,M3->FP x M2,150.21,285.40,401.6,82.5,185.9,1335.2,871.9
1200,0.45,14.0,790.55,792.04,947.96,23.08,141.01,1187.50,141.01,1187.50,-3.18,-3.18,M3->FP x M2,150.21,285.40,401.6,82.5,185.9,1335.2,927.4
1200,0.45,15.0,856.53,861.31,1021.60,33.59,142.87,1214.58,142.87,1214.58,2.88,2.88,M3->FP x M2,150.21,285.40,401.6,82.5,185.9,1335.2,983.3
1200,0.45,16.0,922.25,930.32,1094.93,43.79,145.00,1243.86,145.00,1243.86,8.89,8.89,M3->FP x M2,150.21,285.40,401.6,82.5,185.9,1335.2,1039.8
1200,0.45,17.0,987.69,999.05,1167.93,53.68,147.38,1275.27,147.38,1275.27,14.95,14.95,M3->FP x M2,150.21,285.40,401.6,82.5,185.9,1335.2,1096.9
1200,0.45,18.0,1052.83,1067.48,1240.57,63.25,150.01,1308.76,150.01,1308.76,21.09,21.09,M3->FP x M2,150.21,285.40,401.6,82.5,185.9,1335.2,1154.5
1200,0.45,19.0,1117.64,1135.58,1312.83,72.50,152.89,1344.29,152.89,1344.29,27.29,27.29,M3->FP x M2,150.21,285.40,401.6,82.5,185.9,1335.2,1212.9
1200,0.45,20.0,1182.12,1203.33,1384.70,81.43,156.01,1381.80,156.01,1381.80,33.57,33.57,M3->FP x M2,150.21,285.40,401.6,82.5,185.9,1335.2,1271.9
1200,0.50,2.0,-28.10,-72.09,40.18,-101.95,152.48,1032.87,152.48,1032.87,-52.57,-101.95,M1->M2 x M3,167.13,319.61,379.8,91.7,204.9,1352.5,283.1
1200,0.50,3.0,34.80,-6.23,111.43,-101.88,152.48,1032.87,152.48,1032.87,-52.30,-101.88,M1->M2 x M3,167.13,319.61,379.8,91.7,204.9,1352.5,330.9
1200,0.50,4.0,97.67,59.62,182.66,-101.85,152.48,1032.87,152.48,1032.87,-52.63,-101.85,M1->M2 x M3,167.13,319.61,379.8,91.7,204.9,1352.5,378.8
1200,0.50,5.0,160.51,125.43,253.82,-97.59,152.48,1033.56,152.48,1033.56,-52.43,-97.59,M1->M2 x M3,167.13,319.61,379.8,91.7,204.9,1352.5,426.9
1200,0.50,6.0,223.30,191.21,324.92,-85.82,152.48,1036.44,152.48,1036.44,-52.57,-85.82,M1->M2 x M3,167.13,319.61,379.8,91.7,204.9,1352.5,475.1
1200,0.50,7.0,286.03,256.93,395.91,-74.01,152.48,1041.56,152.48,1041.56,-52.36,-74.01,M1->M2 x M3,167.13,319.61,379.8,91.7,204.9,1352.5,523.4
1200,0.50,8.0,348.67,322.57,466.78,-62.14,152.48,1048.92,152.48,1048.92,-49.29,-62.14,M1->M2 x M3,167.13,319.61,379.8,91.7,204.9,1352.5,572.0
1200,0.50,9.0,411.20,388.11,537.51,-50.22,152.58,1058.50,152.58,1058.50,-43.37,-50.22,M1->M2 x M3,167.13,319.61,379.8,91.7,204.9,1352.5,620.9
1200,0.50,10.0,473.60,453.53,608.07,-38.24,152.91,1070.29,152.91,1070.29,-37.41,-38.24,M1->M2 x M3,167.13,319.61,379.8,91.7,204.9,1352.5,670.0
1200,0.50,11.0,535.86,518.82,678.45,-26.18,153.47,1084.26,153.47,1084.26,-31.42,-31.42,M3->FP x M2,167.13,319.61,379.8,91.7,204.9,1352.5,719.4
1200,0.50,12.0,597.96,583.95,748.62,-14.04,154.27,1100.38,154.27,1100.38,-25.40,-25.40,M3->FP x M2,167.13,319.61,379.8,91.7,204.9,1352.5,769.1
1200,0.50,13.0,659.88,648.90,818.57,-1.82,155.30,1118.62,155.30,1118.62,-19.32,-19.32,M3->FP x M2,167.13,319.61,379.8,91.7,204.9,1352.5,819.2
1200,0.50,14.0,721.59,713.65,888.27,9.57,156.56,1138.93,156.56,1138.93,-13.20,-13.20,M3->FP x M2,167.13,319.61,379.8,91.7,204.9,1352.5,869.8
1200,0.50,15.0,783.09,778.18,957.69,20.58,158.07,1161.27,158.07,1161.27,-7.03,-7.03,M3->FP x M2,167.13,319.61,379.8,91.7,204.9,1352.5,920.8
1200,0.50,16.0,844.35,842.48,1026.82,31.36,159.81,1185.60,159.81,1185.60,-0.79,-0.79,M3->FP x M2,167.13,319.61,379.8,91.7,204.9,1352.5,972.2
1200,0.50,17.0,905.35,906.52,1095.65,41.89,161.80,1211.89,161.80,1211.89,5.30,5.30,M3->FP x M2,167.13,319.61,379.8,91.7,204.9,1352.5,1024.2
1200,0.50,18.0,966.07,970.29,1164.13,52.14,164.02,1240.10,164.02,1240.10,11.44,11.44,M3->FP x M2,167.13,319.61,379.8,91.7,204.9,1352.5,1076.8
1200,0.50,19.0,1026.50,1033.76,1232.26,62.13,166.48,1270.18,166.48,1270.18,17.65,17.65,M3->FP x M2,167.13,319.61,379.8,91.7,204.9,1352.5,1129.9
1200,0.50,20.0,1086.61,1096.91,1300.02,71.84,169.18,1302.11,169.18,1302.11,23.93,23.93,M3->FP x M2,167.13,319.61,379.8,91.7,204.9,1352.5,1183.8
1200,0.55,2.0,-40.41,-90.68,33.70,-112.91,169.98,1015.90,169.98,1015.90,-57.78,-112.91,M1->M2 x M3,184.10,354.08,361.9,100.8,224.1,1370.0,284.5
1200,0.55,3.0,18.69,-28.92,101.46,-113.07,169.98,1015.90,169.98,1015.90,-57.96,-113.07,M1->M2 x M3,184.10,354.08,361.9,100.8,224.1,1370.0,328.5
1200,0.55,4.0,77.76,32.87,169.18,-112.77,169.98,1015.90,169.98,1015.90,-57.60,-112.77,M1->M2 x M3,184.10,354.08,361.9,100.8,224.1,1370.0,372.6
1200,0.55,5.0,136.81,94.62,236.86,-113.05,169.98,1015.95,169.98,1015.95,-57.84,-113.05,M1->M2 x M3,184.10,354.08,361.9,100.8,224.1,1370.0,416.8
1200,0.55,6.0,195.82,156.33,304.46,-101.26,169.98,1017.34,169.98,1017.34,-57.59,-101.26,M1->M2 x M3,184.10,354.08,361.9,100.8,224.1,1370.0,461.2
1200,0.55,7.0,254.77,218.00,371.97,-89.43,169.98,1020.67,169.98,1020.67,-57.76,-89.43,M1->M2 x M3,184.10,354.08,361.9,100.8,224.1,1370.0,505.7
1200,0.55,8.0,313.65,279.61,439.37,-77.56,169.98,1025.94,169.98,1025.94,-57.61,-77.56,M1->M2 x M3,184.10,354.08,361.9,100.8,224.1,1370.0,550.4
1200,0.55,9.0,372.42,341.12,506.63,-65.62,169.99,1033.16,169.99,1033.16,-53.46,-65.62,M1->M2 x M3,184.10,354.08,361.9,100.8,224.1,1370.0,595.4
1200,0.55,10.0,431.09,402.54,573.74,-53.62,170.12,1042.32,170.12,1042.32,-47.51,-53.62,M1->M2 x M3,184.10,354.08,361.9,100.8,224.1,1370.0,640.6
1200,0.55,11.0,489.62,463.83,640.68,-41.55,170.47,1053.40,170.47,1053.40,-41.51,-41.55,M1->M2 x M3,184.10,354.08,361.9,100.8,224.1,1370.0,686.0
1200,0.55,12.0,548.00,524.98,707.42,-29.39,171.02,1066.40,171.02,1066.40,-35.48,-35.48,M3->FP x M2,184.10,354.08,361.9,100.8,224.1,1370.0,731.8
1200,0.55,13.0,606.22,585.97,773.94,-17.15,171.79,1081.28,171.79,1081.28,-29.40,-29.40,M3->FP x M2,184.10,354.08,361.9,100.8,224.1,1370.0,778.0
1200,0.55,14.0,664.25,646.78,840.23,-4.80,172.78,1098.03,172.78,1098.03,-23.28,-23.28,M3->FP x M2,184.10,354.08,361.9,100.8,224.1,1370.0,824.5
1200,0.55,15.0,722.08,707.39,906.26,6.98,173.98,1116.63,173.98,1116.63,-17.10,-17.10,M3->FP x M2,184.10,354.08,361.9,100.8,224.1,1370.0,871.4
1200,0.55,16.0,779.69,767.79,972.02,18.21,175.40,1137.05,175.40,1137.05,-10.86,-10.86,M3->FP x M2,184.10,354.08,361.9,100.8,224.1,1370.0,918.8
1200,0.55,17.0,837.06,827.96,1037.48,29.23,177.05,1159.26,177.05,1159.26,-4.56,-4.56,M3->FP x M2,184.10,354.08,361.9,100.8,224.1,1370.0,966.6
1200,0.55,18.0,894.17,887.87,1102.62,40.05,178.92,1183.24,178.92,1183.24,1.74,1.74,M3->FP x M2,184.10,354.08,361.9,100.8,224.1,1370.0,1015.0
1200,0.55,19.0,951.02,947.51,1167.43,50.63,181.02,1208.96,181.02,1208.96,7.95,7.95,M3->FP x M2,184.10,354.08,361.9,100.8,224.1,1370.0,1063.9
1200,0.55,20.0,1007.57,1006.86,1231.88,60.99,183.35,1236.40,183.35,1236.40,14.23,14.23,M3->FP x M2,184.10,354.08,361.9,100.8,224.1,1370.0,1113.4
1200,0.60,2.0,-51.56,-108.16,28.40,-124.01,187.63,998.89,187.63,998.89,-62.93,-124.01,M1->M2 x M3,201.11,388.74,347.1,110.0,243.4,1387.6,287.3
1200,0.60,3.0,4.38,-49.87,93.29,-123.97,187.63,998.89,187.63,998.89,-63.19,-123.97,M1->M2 x M3,201.11,388.74,347.1,110.0,243.4,1387.6,328.2
1200,0.60,4.0,60.30,8.51,158.16,-124.04,187.63,998.89,187.63,998.89,-63.05,-124.04,M1->M2 x M3,201.11,388.74,347.1,110.0,243.4,1387.6,369.1
1200,0.60,5.0,116.19,66.81,222.98,-123.86,187.63,998.89,187.63,998.89,-62.82,-123.86,M1->M2 x M3,201.11,388.74,347.1,110.0,243.4,1387.6,410.1
1200,0.60,6.0,172.05,125.10,287.73,-116.64,187.63,999.22,187.63,999.22,-63.06,-116.64,M1->M2 x M3,201.11,388.74,347.1,110.0,243.4,1387.6,451.3
1200,0.60,7.0,227.85,183.35,352.39,-104.79,187.63,1001.14,187.63,1001.14,-63.23,-104.79,M1->M2 x M3,201.11,388.74,347.1,110.0,243.4,1387.6,492.6
1200,0.60,8.0,283.59,241.54,416.95,-92.90,187.63,1004.77,187.63,1004.77,-63.07,-92.90,M1->M2 x M3,201.11,388.74,347.1,110.0,243.4,1387.6,534.1
1200,0.60,9.0,339.24,299.66,481.37,-80.95,187.63,1010.12,187.63,1010.12,-62.90,-80.95,M1->M2 x M3,201.11,388.74,347.1,110.0,243.4,1387.6,575.8
1200,0.60,10.0,394.79,357.69,545.66,-68.93,187.64,1017.19,187.64,1017.19,-57.64,-68.93,M1->M2 x M3,201.11,388.74,347.1,110.0,243.4,1387.6,617.7
1200,0.60,11.0,450.22,415.61,609.77,-56.84,187.81,1025.97,187.81,1025.97,-51.64,-56.84,M1->M2 x M3,201.11,388.74,347.1,110.0,243.4,1387.6,659.9
1200,0.60,12.0,505.51,473.41,673.70,-44.67,188.16,1036.47,188.16,1036.47,-45.60,-45.60,M3->FP x M2,201.11,388.74,347.1,110.0,243.4,1387.6,702.4
1200,0.60,13.0,560.64,531.06,737.43,-32.41,188.72,1048.68,188.72,1048.68,-39.52,-39.52,M3->FP x M2,201.11,388.74,347.1,110.0,243.4,1387.6,745.2
1200,0.60,14.0,615.61,588.54,800.93,-20.05,189.47,1062.58,189.47,1062.58,-33.39,-33.39,M3->FP x M2,201.11,388.74,347.1,110.0,243.4,1387.6,788.4
1200,0.60,15.0,670.38,645.85,864.18,-7.58,190.42,1078.16,190.42,1078.16,-27.21,-27.21,M3->FP x M2,201.11,388.74,347.1,110.0,243.4,1387.6,831.9
1200,0.60,16.0,724.96,702.96,927.18,4.57,191.57,1095.41,191.57,1095.41,-20.97,-20.97,M3->FP x M2,201.11,388.74,347.1,110.0,243.4,1387.6,875.9
1200,0.60,17.0,779.31,759.86,989.89,16.00,192.93,1114.31,192.93,1114.31,-14.66,-14.66,M3->FP x M2,201.11,388.74,347.1,110.0,243.4,1387.6,920.3
1200,0.60,18.0,833.42,816.52,1052.30,27.26,194.50,1134.84,194.50,1134.84,-8.29,-8.29,M3->FP x M2,201.11,388.74,347.1,110.0,243.4,1387.6,965.2
1200,0.60,19.0,887.29,872.94,1114.38,38.34,196.29,1157.00,196.29,1157.00,-1.85,-1.85,M3->FP x M2,201.11,388.74,347.1,110.0,243.4,1387.6,1010.6
1200,0.60,20.0,940.88,929.09,1176.13,49.22,198.28,1180.76,198.28,1180.76,4.50,4.50,M3->FP x M2,201.11,388.74,347.1,110.0,243.4,1387.6,1056.5
1200,0.65,2.0,-61.80,-124.77,24.00,-134.95,205.34,981.83,205.34,981.83,-68.31,-134.95,M1->M2 x M3,218.17,423.51,334.5,119.2,262.8,1405.3,291.2
1200,0.65,3.0,-8.54,-69.46,86.52,-135.20,205.34,981.83,205.34,981.83,-68.19,-135.20,M1->M2 x M3,218.17,423.51,334.5,119.2,262.8,1405.3,329.4
1200,0.65,4.0,44.71,-14.05,149.02,-135.02,205.34,981.83,205.34,981.83,-68.10,-135.02,M1->M2 x M3,218.17,423.51,334.5,119.2,262.8,1405.3,367.6
1200,0.65,5.0,97.93,41.33,211.47,-135.14,205.34,981.83,205.34,981.83,-68.23,-135.14,M1->M2 x M3,218.17,423.51,334.5,119.2,262.8,1405.3,405.9
1200,0.65,6.0,151.12,96.68,273.85,-131.92,205.34,981.83,205.34,981.83,-68.39,-131.92,M1->M2 x M3,218.17,423.51,334.5,119.2,262.8,1405.3,444.4
1200,0.65,7.0,204.27,151.99,336.15,-120.06,205.34,982.61,205.34,982.61,-68.48,-120.06,M1->M2 x M3,218.17,423.51,334.5,119.2,262.8,1405.3,483.0
1200,0.65,8.0,257.36,207.26,398.35,-108.15,205.34,984.90,205.34,984.90,-68.28,-108.15,M1->M2 x M3,218.17,423.51,334.5,119.2,262.8,1405.3,521.8
1200,0.65,9.0,310.36,262.47,460.43,-96.18,205.34,988.73,205.34,988.73,-68.05,-96.18,M1->M2 x M3,218.17,423.51,334.5,119.2,262.8,1405.3,560.7
1200,0.65,10.0,363.28,317.59,522.37,-84.15,205.34,994.11,205.34,994.11,-67.79,-84.15,M1->M2 x M3,218.17,423.51,334.5,119.2,262.8,1405.3,599.9
1200,0.65,11.0,416.08,372.62,584.15,-72.04,205.37,1001.03,205.37,1001.03,-61.79,-72.04,M1->M2 x M3,218.17,423.51,334.5,119.2,262.8,1405.3,639.3
1200,0.65,12.0,468.75,427.53,645.75,-59.85,205.57,1009.50,205.57,1009.50,-55.74,-59.85,M1->M2 x M3,218.17,423.51,334.5,119.2,262.8,1405.3,679.0
1200,0.65,13.0,521.29,482.32,707.15,-47.57,205.94,1019.52,205.94,1019.52,-49.66,-49.66,M3->FP x M2,218.17,423.51,334.5,119.2,262.8,1405.3,719.0
1200,0.65,14.0,573.66,536.96,768.34,-35.20,206.49,1031.08,206.49,1031.08,-43.52,-43.52,M3->FP x M2,218.17,423.51,334.5,119.2,262.8,1405.3,759.4
1200,0.65,15.0,625.86,591.43,829.29,-22.71,207.23,1044.19,207.23,1044.19,-37.34,-37.34,M3->FP x M2,218.17,423.51,334.5,119.2,262.8,1405.3,800.0
1200,0.65,16.0,677.87,645.72,890.00,-10.11,208.15,1058.83,208.15,1058.83,-31.09,-31.09,M3->FP x M2,218.17,423.51,334.5,119.2,262.8,1405.3,841.1
1200,0.65,17.0,729.67,699.82,950.43,2.39,209.27,1074.99,209.27,1074.99,-24.78,-24.78,M3->FP x M2,218.17,423.51,334.5,119.2,262.8,1405.3,882.6
1200,0.65,18.0,781.25,753.71,1010.57,14.01,210.58,1092.68,210.58,1092.68,-18.41,-18.41,M3->FP x M2,218.17,423.51,334.5,119.2,262.8,1405.3,924.5
1200,0.65,19.0,832.59,807.36,1070.40,25.49,212.09,1111.88,212.09,1111.88,-11.96,-11.96,M3->FP x M2,218.17,423.51,334.5,119.2,262.8,1405.3,967.0
1200,0.65,20.0,883.68,860.77,1129.91,36.81,213.80,1132.59,213.80,1132.59,-5.44,-5.44,M3->FP x M2,218.17,423.51,334.5,119.2,262.8,1405.3,1009.9
1200,0.70,2.0,-71.33,-140.69,20.32,-146.40,223.06,964.72,223.06,964.72,-73.68,-146.40,M1->M2 x M3,235.28,458.33,323.7,128.3,282.1,1423.1,296.0
1200,0.70,3.0,-20.38,-87.98,80.85,-145.98,223.06,964.72,223.06,964.72,-73.53,-145.98,M1->M2 x M3,235.28,458.33,323.7,128.3,282.1,1423.1,331.8
1200,0.70,4.0,30.59,-35.17,141.35,-146.39,223.06,964.72,223.06,964.72,-73.17,-146.39,M1->M2 x M3,235.28,458.33,323.7,128.3,282.1,1423.1,367.8
1200,0.70,5.0,81.53,17.69,201.82,-146.10,223.05,964.72,223.05,964.72,-73.42,-146.10,M1->M2 x M3,235.28,458.33,323.7,128.3,282.1,1423.1,403.8
1200,0.70,6.0,132.44,70.48,262.22,-146.21,223.06,964.72,223.06,964.72,-73.75,-146.21,M1->M2 x M3,235.28,458.33,323.7,128.3,282.1,1423.1,439.9
1200,0.70,7.0,183.31,123.24,322.54,-135.22,223.06,964.82,223.06,964.82,-73.52,-135.22,M1->M2 x M3,235.28,458.33,323.7,128.3,282.1,1423.1,476.2
1200,0.70,8.0,234.13,175.96,382.76,-123.29,223.06,966.01,223.06,966.01,-73.46,-123.29,M1->M2 x M3,235.28,458.33,323.7,128.3,282.1,1423.1,512.6
1200,0.70,9.0,284.87,228.63,442.87,-111.30,223.05,968.59,223.05,968.59,-73.72,-111.30,M1->M2 x M3,235.28,458.33,323.7,128.3,282.1,1423.1,549.2
1200,0.70,10.0,335.53,281.23,502.84,-99.25,223.06,972.57,223.06,972.57,-73.64,-99.25,M1->M2 x M3,235.28,458.33,323.7,128.3,282.1,1423.1,586.1
1200,0.70,11.0,386.08,333.74,562.66,-87.13,223.05,977.94,223.05,977.94,-71.93,-87.13,M1->M2 x M3,235.28,458.33,323.7,128.3,282.1,1423.1,623.1
1200,0.70,12.0,436.52,386.15,622.31,-74.92,223.11,984.73,223.11,984.73,-65.89,-74.92,M1->M2 x M3,235.28,458.33,323.7,128.3,282.1,1423.1,660.4
1200,0.70,13.0,486.82,438.44,681.76,-62.63,223.33,992.93,223.33,992.93,-59.80,-62.63,M1->M2 x M3,235.28,458.33,323.7,128.3,282.1,1423.1,698.0
1200,0.70,14.0,536.98,490.61,741.01,-50.23,223.72,1002.55,223.72,1002.55,-53.66,-53.66,M3->FP x M2,235.28,458.33,323.7,128.3,282.1,1423.1,735.9
1200,0.70,15.0,586.97,542.62,800.04,-37.73,224.27,1013.59,224.27,1013.59,-47.46,-47.46,M3->FP x M2,235.28,458.33,323.7,128.3,282.1,1423.1,774.1
1200,0.70,16.0,636.78,594.46,858.82,-25.12,225.00,1026.05,225.00,1026.05,-41.22,-41.22,M3->FP x M2,235.28,458.33,323.7,128.3,282.1,1423.1,812.7
1200,0.70,17.0,686.40,646.13,917.34,-12.37,225.91,1039.93,225.91,1039.93,-34.90,-34.90,M3->FP x M2,235.28,458.33,323.7,128.3,282.1,1423.1,851.7
1200,0.70,18.0,735.81,697.59,975.58,0.46,226.99,1055.22,226.99,1055.22,-28.52,-28.52,M3->FP x M2,235.28,458.33,323.7,128.3,282.1,1423.1,891.1
1200,0.70,19.0,785.00,748.85,1033.52,12.27,228.27,1071.93,228.27,1071.93,-22.07,-22.07,M3->FP x M2,235.28,458.33,323.7,128.3,282.1,1423.1,931.0
1200,0.70,20.0,833.94,799.88,1091.15,23.96,229.73,1090.06,229.73,1090.06,-15.54,-15.54,M3->FP x M2,235.28,458.33,323.7,128.3,282.1,1423.1,971.3
1200,0.75,2.0,-77.84,-156.04,17.20,-157.20,240.71,947.57,240.71,947.57,-78.33,-157.20,M1->M2 x M3,252.43,493.14,314.3,137.5,301.5,1440.7,301.4
1200,0.75,3.0,-31.34,-105.62,76.04,-157.27,240.70,947.57,240.70,947.57,-78.94,-157.27,M1->M2 x M3,252.43,493.14,314.3,137.5,301.5,1440.7,335.2
1200,0.75,4.0,17.66,-55.10,134.86,-157.39,240.70,947.57,240.70,947.57,-78.96,-157.39,M1->M2 x M3,252.43,493.14,314.3,137.5,301.5,1440.7,369.2
1200,0.75,5.0,66.61,-4.47,193.65,-157.49,240.71,947.57,240.71,947.57,-79.01,-157.49,M1->M2 x M3,252.43,493.14,314.3,137.5,301.5,1440.7,403.2
1200,0.75,6.0,115.55,46.07,252.37,-157.50,240.70,947.57,240.70,947.57,-78.35,-157.50,M1->M2 x M3,252.43,493.14,314.3,137.5,301.5,1440.7,437.3
1200,0.75,7.0,164.45,96.58,311.01,-150.24,240.70,947.57,240.70,947.57,-78.97,-150.24,M1->M2 x M3,252.43,493.14,314.3,137.5,301.5,1440.7,471.6
1200,0.75,8.0,213.30,147.06,369.56,-138.29,240.71,947.89,240.71,947.89,-79.04,-138.29,M1->M2 x M3,252.43,493.14,314.3,137.5,301.5,1440.7,506.0
1200,0.75,9.0,262.08,197.49,428.00,-126.29,240.70,949.41,240.70,949.41,-78.88,-126.29,M1->M2 x M3,252.43,493.14,314.3,137.5,301.5,1440.7,540.6
1200,0.75,10.0,310.78,247.87,486.31,-114.22,240.70,952.20,240.70,952.20,-78.54,-114.22,M1->M2 x M3,252.43,493.14,314.3,137.5,301.5,1440.7,575.3
1200,0.75,11.0,359.39,298.17,544.47,-102.08,240.70,956.28,240.70,956.28,-78.72,-102.08,M1->M2 x M3,252.43,493.14,314.3,137.5,301.5,1440.7,610.3
1200,0.75,12.0,407.89,348.37,602.46,-89.86,240.71,961.64,240.71,961.64,-76.01,-89.86,M1->M2 x M3,252.43,493.14,314.3,137.5,301.5,1440.7,645.6
1200,0.75,13.0,456.26,398.48,660.27,-77.55,240.79,968.31,240.79,968.31,-69.92,-77.55,M1->M2 x M3,252.43,493.14,314.3,137.5,301.5,1440.7,681.1
1200,0.75,14.0,504.50,448.46,717.88,-65.14,241.03,976.29,241.03,976.29,-63.77,-65.14,M1->M2 x M3,252.43,493.14,314.3,137.5,301.5,1440.7,716.9
1200,0.75,15.0,552.58,498.30,775.27,-52.62,241.43,985.58,241.43,985.58,-57.58,-57.58,M3->FP x M2,252.43,493.14,314.3,137.5,301.5,1440.7,753.0
1200,0.75,16.0,600.50,547.99,832.42,-39.98,241.99,996.19,241.99,996.19,-51.32,-51.32,M3->FP x M2,252.43,493.14,314.3,137.5,301.5,1440.7,789.4
1200,0.75,17.0,648.23,597.52,889.33,-27.22,242.72,1008.12,242.72,1008.12,-45.01,-45.01,M3->FP x M2,252.43,493.14,314.3,137.5,301.5,1440.7,826.3
1200,0.75,18.0,695.76,646.86,945.95,-14.33,243.61,1021.38,243.61,1021.38,-38.62,-38.62,M3->FP x M2,252.43,493.14,314.3,137.5,301.5,1440.7,863.5
1200,0.75,19.0,743.08,696.01,1002.30,-1.29,244.68,1035.97,244.68,1035.97,-32.17,-32.17,M3->FP x M2,252.43,493.14,314.3,137.5,301.5,1440.7,901.1
1200,0.75,20.0,790.18,744.95,1058.33,10.81,245.92,1051.89,245.92,1051.89,-25.63,-25.63,M3->FP x M2,252.43,493.14,314.3,137.5,301.5,1440.7,939.3
1200,0.80,2.0,-84.21,-168.11,14.53,-168.32,258.22,930.37,258.22,930.37,-84.32,-168.32,M1->M2 x M3,269.63,527.85,306.1,146.7,320.8,1458.2,307.3
1200,0.80,3.0,-41.59,-122.52,71.94,-168.21,258.22,930.37,258.22,930.37,-83.91,-168.21,M1->M2 x M3,269.63,527.85,306.1,146.7,320.8,1458.2,339.4
1200,0.80,4.0,5.69,-74.05,129.33,-168.40,258.22,930.37,258.22,930.37,-83.42,-168.40,M1->M2 x M3,269.63,527.85,306.1,146.7,320.8,1458.2,371.6
1200,0.80,5.0,52.91,-25.47,186.67,-168.61,258.22,930.37,258.22,930.37,-83.94,-168.61,M1->M2 x M3,269.63,527.85,306.1,146.7,320.8,1458.2,403.9
1200,0.80,6.0,100.11,23.14,243.96,-168.37,258.22,930.37,258.22,930.37,-84.27,-168.37,M1->M2 x M3,269.63,527.85,306.1,146.7,320.8,1458.2,436.2
1200,0.80,7.0,147.29,71.64,301.18,-165.10,258.22,930.37,258.22,930.37,-83.73,-165.10,M1->M2 x M3,269.63,527.85,306.1,146.7,320.8,1458.2,468.7
1200,0.80,8.0,194.42,120.13,358.30,-153.14,258.22,930.37,258.22,930.37,-84.09,-153.14,M1->M2 x M3,269.63,527.85,306.1,146.7,320.8,1458.2,501.4
1200,0.80,9.0,241.49,168.57,415.31,-141.12,258.22,930.99,258.22,930.99,-84.25,-141.12,M1->M2 x M3,269.63,527.85,306.1,146.7,320.8,1458.2,534.2
1200,0.80,10.0,288.48,216.97,472.20,-129.03,258.22,932.77,258.22,932.77,-83.82,-129.03,M1->M2 x M3,269.63,527.85,306.1,146.7,320.8,1458.2,567.2
1200,0.80,11.0,335.39,265.30,528.94,-116.87,258.22,935.73,258.22,935.73,-84.07,-116.87,M1->M2 x M3,269.63,527.85,306.1,146.7,320.8,1458.2,600.4
1200,0.80,12.0,382.20,313.55,585.52,-104.64,258.22,939.89,258.22,939.89,-84.27,-104.64,M1->M2 x M3,269.63,527.85,306.1,146.7,320.8,1458.2,633.8
1200,0.80,13.0,428.89,361.70,641.93,-92.31,258.23,945.24,258.23,945.24,-80.00,-92.31,M1->M2 x M3,269.63,527.85,306.1,146.7,320.8,1458.2,667.5
1200,0.80,14.0,475.45,409.75,698.14,-79.88,258.34,951.81,258.34,951.81,-73.85,-79.88,M1->M2 x M3,269.63,527.85,306.1,146.7,320.8,1458.2,701.4
1200,0.80,15.0,521.86,457.67,754.13,-67.34,258.61,959.60,258.61,959.60,-67.65,-67.65,M3->FP x M2,269.63,527.85,306.1,146.7,320.8,1458.2,735.7
1200,0.80,16.0,568.12,505.44,809.90,-54.69,259.02,968.62,259.02,968.62,-61.39,-61.39,M3->FP x M2,269.63,527.85,306.1,146.7,320.8,1458.2,770.3
1200,0.80,17.0,614.20,553.07,865.42,-41.91,259.59,978.88,259.59,978.88,-55.07,-55.07,M3->FP x M2,269.63,527.85,306.1,146.7,320.8,1458.2,805.2
1200,0.80,18.0,660.09,600.53,920.67,-29.00,260.31,990.39,260.31,990.39,-48.68,-48.68,M3->FP x M2,269.63,527.85,306.1,146.7,320.8,1458.2,840.5
1200,0.80,19.0,705.79,647.80,975.65,-15.94,261.20,1003.15,261.20,1003.15,-42.22,-42.22,M3->FP x M2,269.63,527.85,306.1,146.7,320.8,1458.2,876.2
1200,0.80,20.0,751.27,694.88,1030.32,-2.72,262.25,1017.17,262.25,1017.17,-35.69,-35.69,M3->FP x M2,269.63,527.85,306.1,146.7,320.8,1458.2,912.4
1200,0.85,2.0,-89.14,-179.45,12.24,-179.56,275.53,913.13,275.53,913.13,-89.43,-179.56,M1->M2 x M3,286.87,562.40,298.9,155.8,340.1,1475.5,314.2
1200,0.85,3.0,-51.25,-138.78,68.42,-179.38,275.53,913.13,275.53,913.13,-88.83,-179.38,M1->M2 x M3,286.87,562.40,298.9,155.8,340.1,1475.5,344.2
1200,0.85,4.0,-5.51,-92.15,124.56,-179.40,275.53,913.13,275.53,913.13,-89.23,-179.40,M1->M2 x M3,286.87,562.40,298.9,155.8,340.1,1475.5,374.8
1200,0.85,5.0,40.20,-45.42,180.68,-179.59,275.53,913.13,275.53,913.13,-89.06,-179.59,M1->M2 x M3,286.87,562.40,298.9,155.8,340.1,1475.5,405.5
1200,0.85,6.0,85.88,1.45,236.73,-179.52,275.53,913.13,275.53,913.13,-89.35,-179.52,M1->M2 x M3,286.87,562.40,298.9,155.8,340.1,1475.5,436.4
1200,0.85,7.0,131.53,48.16,292.72,-179.54,275.53,913.13,275.53,913.13,-89.37,-179.54,M1->M2 x M3,286.87,562.40,298.9,155.8,340.1,1475.5,467.3
1200,0.85,8.0,177.14,94.85,348.61,-167.80,275.53,913.13,275.53,913.13,-89.52,-167.80,M1->M2 x M3,286.87,562.40,298.9,155.8,340.1,1475.5,498.4
1200,0.85,9.0,222.70,141.51,404.40,-155.76,275.53,913.19,275.53,913.19,-89.43,-155.76,M1->M2 x M3,286.87,562.40,298.9,155.8,340.1,1475.5,529.6
1200,0.85,10.0,268.19,188.13,460.07,-143.66,275.53,914.09,275.53,914.09,-89.07,-143.66,M1->M2 x M3,286.87,562.40,298.9,155.8,340.1,1475.5,561.1
1200,0.85,11.0,313.60,234.69,515.59,-131.49,275.53,916.09,275.53,916.09,-89.41,-131.49,M1->M2 x M3,286.87,562.40,298.9,155.8,340.1,1475.5,592.7
1200,0.85,12.0,358.92,281.18,570.96,-119.23,275.53,919.19,275.53,919.19,-88.73,-119.23,M1->M2 x M3,286.87,562.40,298.9,155.8,340.1,1475.5,624.5
1200,0.85,13.0,404.12,327.59,626.15,-106.89,275.53,923.40,275.53,923.40,-89.18,-106.89,M1->M2 x M3,286.87,562.40,298.9,155.8,340.1,1475.5,656.6
1200,0.85,14.0,449.21,373.89,681.16,-94.44,275.55,928.75,275.55,928.75,-83.87,-94.44,M1->M2 x M3,286.87,562.40,298.9,155.8,340.1,1475.5,688.9
1200,0.85,15.0,494.15,420.08,735.95,-81.89,275.70,935.24,275.70,935.24,-77.67,-81.89,M1->M2 x M3,286.87,562.40,298.9,155.8,340.1,1475.5,721.5
1200,0.85,16.0,538.95,466.14,790.53,-69.22,275.98,942.88,275.98,942.88,-71.41,-71.41,M3->FP x M2,286.87,562.40,298.9,155.8,340.1,1475.5,754.4
1200,0.85,17.0,583.58,512.06,844.86,-56.42,276.41,951.69,276.41,951.69,-65.08,-65.08,M3->FP x M2,286.87,562.40,298.9,155.8,340.1,1475.5,787.7
1200,0.85,18.0,628.03,557.83,898.93,-43.49,276.98,961.67,276.98,961.67,-58.69,-58.69,M3->FP x M2,286.87,562.40,298.9,155.8,340.1,1475.5,821.3
1200,0.85,19.0,672.29,603.42,952.73,-30.41,277.71,972.83,277.71,972.83,-52.22,-52.22,M3->FP x M2,286.87,562.40,298.9,155.8,340.1,1475.5,855.3
1200,0.85,20.0,716.35,648.84,1006.24,-17.18,278.60,985.19,278.60,985.19,-45.68,-45.68,M3->FP x M2,286.87,562.40,298.9,155.8,340.1,1475.5,889.8
1200,0.90,2.0,-94.20,-190.20,10.26,-190.55,292.57,895.84,292.57,895.84,-94.53,-190.55,M1->M2 x M3,304.16,596.73,292.5,165.0,359.2,1492.6,333.3
1200,0.90,3.0,-60.42,-154.49,65.36,-190.34,292.57,895.84,292.57,895.84,-94.51,-190.34,M1->M2 x M3,304.16,596.73,292.5,165.0,359.2,1492.6,349.4
1200,0.90,4.0,-16.06,-109.53,120.44,-190.34,292.57,895.84,292.57,895.84,-94.72,-190.34,M1->M2 x M3,304.16,596.73,292.5,165.0,359.2,1492.6,378.7
1200,0.90,5.0,28.31,-64.46,175.48,-190.38,292.57,895.84,292.57,895.84,-94.76,-190.38,M1->M2 x M3,304.16,596.73,292.5,165.0,359.2,1492.6,408.1
1200,0.90,6.0,72.64,-19.27,230.47,-190.46,292.57,895.84,292.57,895.84,-94.28,-190.46,M1->M2 x M3,304.16,596.73,292.5,165.0,359.2,1492.6,437.5
1200,0.90,7.0,116.94,25.91,285.39,-190.59,292.57,895.84,292.57,895.84,-94.51,-190.59,M1->M2 x M3,304.16,596.73,292.5,165.0,359.2,1492.6,467.1
1200,0.90,8.0,161.21,70.98,340.23,-182.26,292.57,895.84,292.57,895.84,-93.93,-182.26,M1->M2 x M3,304.16,596.73,292.5,165.0,359.2,1492.6,496.8
1200,0.90,9.0,205.43,116.02,394.95,-170.20,292.57,895.84,292.57,895.84,-94.81,-170.20,M1->M2 x M3,304.16,596.73,292.5,165.0,359.2,1492.6,526.6
1200,0.90,10.0,249.58,161.03,449.56,-158.09,292.57,896.04,292.57,896.04,-93.79,-158.09,M1->M2 x M3,304.16,596.73,292.5,165.0,359.2,1492.6,556.6
1200,0.90,11.0,293.66,205.99,504.03,-145.90,292.57,897.19,292.57,897.19,-94.76,-145.90,M1->M2 x M3,304.16,596.73,292.5,165.0,359.2,1492.6,586.8
1200,0.90,12.0,337.65,250.89,558.35,-133.62,292.57,899.36,292.57,899.36,-93.89,-133.62,M1->M2 x M3,304.16,596.73,292.5,165.0,359.2,1492.6,617.2
1200,0.90,13.0,381.54,295.71,612.50,-121.26,292.57,902.58,292.57,902.58,-94.76,-121.26,M1->M2 x M3,304.16,596.73,292.5,165.0,359.2,1492.6,647.9
1200,0.90,14.0,425.31,340.44,666.46,-108.80,292.57,906.85,292.57,906.85,-93.82,-108.80,M1->M2 x M3,304.16,596.73,292.5,165.0,359.2,1492.6,678.8
1200,0.90,15.0,468.96,385.07,720.22,-96.23,292.61,912.19,292.61,912.19,-87.61,-96.23,M1->M2 x M3,304.16,596.73,292.5,165.0,359.2,1492.6,709.9
1200,0.90,16.0,512.45,429.58,773.76,-83.54,292.78,918.62,292.78,918.62,-81.34,-83.54,M1->M2 x M3,304.16,596.73,292.5,165.0,359.2,1492.6,741.4
1200,0.90,17.0,555.80,473.96,827.06,-70.73,293.09,926.15,293.09,926.15,-75.01,-75.01,M3->FP x M2,304.16,596.73,292.5,165.0,359.2,1492.6,773.2
1200,0.90,18.0,598.97,518.19,880.11,-57.78,293.53,934.79,293.53,934.79,-68.62,-68.62,M3->FP x M2,304.16,596.73,292.5,165.0,359.2,1492.6,805.3
1200,0.90,19.0,641.96,562.27,932.89,-44.69,294.12,944.55,294.12,944.55,-62.15,-62.15,M3->FP x M2,304.16,596.73,292.5,165.0,359.2,1492.6,837.8
1200,0.90,20.0,684.76,606.18,985.39,-31.43,294.85,955.44,294.85,955.44,-55.60,-55.60,M3->FP x M2,304.16,596.73,292.5,165.0,359.2,1492.6,870.7
