4D+02, Kr= 1.6967D+01, nECoords =  -6
  Elt   2: Reference   : Flat     with Kc= 0.0000D+00, Kr=-1.0000D+22, nECoords =  -6
  Elt   3: Reflector   : Aspheric with Kc= 5.2949D+00, Kr=-2.0732D+00, nECoords =  -6
  Elt   4: Reflector   : Aspheric with Kc= 6.9068D-02, Kr=-1.8475D+00, nECoords =  -6
  Elt   5: FocalPlane  : Flat     with Kc= 0.0000D+00, Kr=-1.0000D+22, nECoords =  -6
  Number of output coordinates is   5
  Computed StopPos = -6.296129474396D-06 -1.027929033074D+00  1.778460100539D+00
 OPD: Rays being traced =          277
 Compute time was    0.0000 sec
  All rays are obscured or lost.
 **Warning: Computing pupil diffraction grid spacing failed!
            Diffraction result is incorrect.
 RMS OPD error is   9.999900000D+36 m 
 P-V OPD error is   0.000000000D+00 m 
 Average OPD is     9.9999000000000000D+36 m 
 One or more rays become undefined at element   3
 A total of      277 rays were lost
   Surface miss:        277
  Input file /tmp/tpf257e74e_1cca_406e_ad51_93275557b72c.in being loaded.
 Default used for  SegXgrid
 Default used for nECoord(   1)
 Default used for TElt(   1)
 Default used for nECoord(   2)
 Default used for TElt(   2)
 Default used for nECoord(   3)
 Default used for TElt(   3)
 Default used for nECoord(   4)
 Default used for TElt(   4)
 Default used for nECoord(   5)
 Default used for TElt(   5)
 Optical Train Summary:
  Tracing rays past   5 elements.
  Aperture grid type = Circular  with   21 grid points.
  Elt   1: Reflector   : Aspheric with Kc=-4.0114D+02, Kr= 1.6967D+01, nECoords =  -6
  Elt   2: Reference   : Flat     with Kc= 0.0000D+00, Kr=-1.0000D+22, nECoords =  -6
  Elt   3: Reflector   : Aspheric with Kc= 5.2949D+00, Kr=-2.0732D+00, nECoords =  -6
  Elt   4: Reflector   : Aspheric with Kc= 6.9068D-02, Kr=-1.8475D+00, nECoords =  -6
  Elt   5: FocalPlane  : Flat     with Kc= 0.0000D+00, Kr=-1.0000D+22, nECoords =  -6
  Number of output coordinates is   5
  Computed StopPos =  7.237830624147D-02 -9.831269061112D-01  1.897956990302D+00
 OPD: Rays being traced =          277
 Compute time was    0.0000 sec
  All rays are obscured or lost.
 **Warning: Computing pupil diffraction grid spacing failed!
            Diffraction result is incorrect.
 RMS OPD error is   9.999900000D+36 m 
 P-V OPD error is   0.000000000D+00 m 
 Average OPD is     9.9999000000000000D+36 m 
 One or more rays become undefined at element   3
 A total of      277 rays were lost
   Surface miss:        277
  Input file /tmp/tpf257e74e_1cca_406e_ad51_93275557b72c.in being loaded.
 Default used for  SegXgrid
 Default used for nECoord(   1)
 Default used for TElt(   1)
 Default used for nECoord(   2)
 Default used for TElt(   2)
 Default used for nECoord(   3)
 Default used for TElt(   3)
 Default used for nECoord(   4)
 Default used for TElt(   4)
 Default used for nECoord(   5)
 Default used for TElt(   5)
 Optical Train Summary:
  Tracing rays past   5 elements.
  Aperture grid type = Circular  with   21 grid points.
  Elt   1: Reflector   : Aspheric with Kc=-4.0114D+02, Kr= 1.6967D+01, nECoords =  -6
  Elt   2: Reference   : Flat     with Kc= 0.0000D+00, Kr=-1.0000D+22, nECoords =  -6
  Elt   3: Reflector   : Aspheric with Kc= 5.2949D+00, Kr=-2.0732D+00, nECoords =  -6
  Elt   4: Reflector   : Aspheric with Kc= 6.9068D-02, Kr=-1.8475D+00, nECoords =  -6
  Elt   5: FocalPlane  : Flat     with Kc= 0.0000D+00, Kr=-1.0000D+22, nECoords =  -6
  Number of output coordinates is   5
  Computed StopPos =  7.573267583139D-02 -1.023292183382D+00  1.779392279554D+00
 OPD: Rays being traced =          277
 Compute time was    0.0000 sec
  All rays are obscured or lost.
 **Warning: Computing pupil diffraction grid spacing failed!
            Diffraction result is incorrect.
 RMS OPD error is   9.999900000D+36 m 
 P-V OPD error is   0.000000000D+00 m 
 Average OPD is     9.9999000000000000D+36 m 
 One or more rays become undefined at element   3
 A total of      277 rays were lost
   Surface miss:        277
  Input file /tmp/tpf257e74e_1cca_406e_ad51_93275557b72c.in being loaded.
 Default used for  SegXgrid
 Default used for nECoord(   1)
 Default used for TElt(   1)
 Default used for nECoord(   2)
 Default used for TElt(   2)
 Default used for nECoord(   3)
 Default used for TElt(   3)
 Default used for nECoord(   4)
 Default used for TElt(   4)
 Default used for nECoord(   5)
 Default used for TElt(   5)
 Optical Train Summary:
  Tracing rays past   5 elements.
  Aperture grid type = Circular  with   21 grid points.
  Elt   1: Reflector   : Aspheric with Kc=-4.0114D+02, Kr= 1.6967D+01, nECoords =  -6
  Elt   2: Reference   : Flat     with Kc= 0.0000D+00, Kr=-1.0000D+22, nECoords =  -6
  Elt   3: Reflector   : Aspheric with Kc= 5.2949D+00, Kr=-2.0732D+00, nECoords =  -6
  Elt   4: Reflector   : Aspheric with Kc= 6.9068D-02, Kr=-1.8475D+00, nECoords =  -6
  Elt   5: FocalPlane  : Flat     with Kc= 0.0000D+00, Kr=-1.0000D+22, nECoords =  -6
  Number of output coordinates is   5
  Computed StopPos =  2.890817116264D-01 -2.378279110945D+00  5.799136000000D-01
 OPD: Rays being traced =          277
 Compute time was    0.0000 sec
  All rays are obscured or lost.
 **Warning: Computing pupil diffraction grid spacing failed!
            Diffraction result is incorrect.
 RMS OPD error is   9.999900000D+36 m 
 P-V OPD error is   0.000000000D+00 m 
 Average OPD is     9.9999000000000000D+36 m 
 One or more rays become undefined at element   1
 A total of      277 rays were lost
   Bracket/iter:        277
  Input file /tmp/tpf257e74e_1cca_406e_ad51_93275557b72c.in being loaded.
 Default used for  SegXgrid
 Default used for nECoord(   1)
 Default used for TElt(   1)
 Default used for nECoord(   2)
 Default used for TElt(   2)
 Default used for nECoord(   3)
 Default used for TElt(   3)
 Default used for nECoord(   4)
 Default used for TElt(   4)
 Default used for nECoord(   5)
 Default used for TElt(   5)
 Optical Train Summary:
  Tracing rays past   5 elements.
  Aperture grid type = Circular  with   21 grid points.
  Elt   1: Reflector   : Aspheric with Kc=-4.0114D+02, Kr= 1.6967D+01, nECoords =  -6
  Elt   2: Reference   : Flat     with Kc= 0.0000D+00, Kr=-1.0000D+22, nECoords =  -6
  Elt   3: Reflector   : Aspheric with Kc= 5.2949D+00, Kr=-2.0732D+00, nECoords =  -6
  Elt   4: Reflector   : Aspheric with Kc= 6.9068D-02, Kr=-1.8475D+00, nECoords =  -6
  Elt   5: FocalPlane  : Flat     with Kc= 0.0000D+00, Kr=-1.0000D+22, nECoords =  -6
  Number of output coordinates is   5
  Computed StopPos = -1.062651956211D-21 -9.876252700912D-01  1.898682573976D+00
 OPD: Rays being traced =          277
 Compute time was    0.0000 sec
  All rays are obscured or lost.
 **Warning: Computing pupil diffraction grid spacing failed!
            Diffraction result is incorrect.
 RMS OPD error is   9.999900000D+36 m 
 P-V OPD error is   0.000000000D+00 m 
 Average OPD is     9.9999000000000000D+36 m 
 One or more rays become undefined at element   3
 A total of      277 rays were lost
   Surface miss:        277
  Input file /tmp/tpf257e74e_1cca_406e_ad51_93275557b72c.in being loaded.
 Default used for  SegXgrid
 Default used for nECoord(   1)
 Default used for TElt(   1)
 Default used for nECoord(   2)
 Default used for TElt(   2)
 Default used for nECoord(   3)
 Default used for TElt(   3)
 Default used for nECoord(   4)
 Default used for TElt(   4)
 Default used for nECoord(   5)
 Default used for TElt(   5)
 Optical Train Summary:
  Tracing rays past   5 elements.
  Aperture grid type = Circular  with   21 grid points.
  Elt   1: Reflector   : Aspheric with Kc=-4.0114D+02, Kr= 1.6967D+01, nECoords =  -6
  Elt   2: Reference   : Flat     with Kc= 0.0000D+00, Kr=-1.0000D+22, nECoords =  -6
  Elt   3: Reflector   : Aspheric with Kc= 5.2949D+00, Kr=-2.0732D+00, nECoords =  -6
  Elt   4: Reflector   : Aspheric with Kc= 6.9068D-02, Kr=-1.8475D+00, nECoords =  -6
  Elt   5: FocalPlane  : Flat     with Kc= 0.0000D+00, Kr=-1.0000D+22, nECoords =  -6
  Number of output coordinates is   5
  Computed StopPos =  4.496188419895D-24 -1.027929033092D+00  1.778460100567D+00
 OPD: Rays being traced =          277
 Compute time was    0.0000 sec
  All rays are obscured or lost.
 **Warning: Computing pupil diffraction grid spacing failed!
            Diffraction result is incorrect.
 RMS OPD error is   9.999900000D+36 m 
 P-V OPD error is   0.000000000D+00 m 
 Average OPD is     9.9999000000000000D+36 m 
 One or more rays become undefined at element   3
 A total of      277 rays were lost
   Surface miss:        277
  Input file /tmp/tpf257e74e_1cca_406e_ad51_93275557b72c.in being loaded.
 Default used for  SegXgrid
 Default used for nECoord(   1)
 Default used for TElt(   1)
 Default used for nECoord(   2)
 Default used for TElt(   2)
 Default used for nECoord(   3)
 Default used for TElt(   3)
 Default used for nECoord(   4)
 Default used for TElt(   4)
 Default used for nECoord(   5)
 Default used for TElt(   5)
 Optical Train Summary:
  Tracing rays past   5 elements.
  Aperture grid type = Circular  with   21 grid points.
  Elt   1: Reflector   : Aspheric with Kc=-4.0114D+02, Kr= 1.6967D+01, nECoords =  -6
  Elt   2: Reference   : Flat     with Kc= 0.0000D+00, Kr=-1.0000D+22, nECoords =  -6
  Elt   3: Reflector   : Aspheric with Kc= 5.2949D+00, Kr=-2.0732D+00, nECoords =  -6
  Elt   4: Reflector   : Aspheric with Kc= 6.9068D-02, Kr=-1.8475D+00, nECoords =  -6
  Elt   5: FocalPlane  : Flat     with Kc= 0.0000D+00, Kr=-1.0000D+22, nECoords =  -6
  Number of output coordinates is   5
  Computed StopPos =  6.350721225024D-24 -2.378279110945D+00  5.799136000000D-01
 OPD: Rays being traced =          277
 Compute time was    0.0000 sec
  All rays are obscured or lost.
 **Warning: Computing pupil diffraction grid spacing failed!
            Diffraction result is incorrect.
 RMS OPD error is   9.999900000D+36 m 
 P-V OPD error is   0.000000000D+00 m 
 Average OPD is     9.9999000000000000D+36 m 
 One or more rays become undefined at element   1
 A total of      277 rays were lost
   Bracket/iter:        277
  Input file /tmp/tpf257e74e_1cca_406e_ad51_93275557b72c.in being loaded.
 Default used for  SegXgrid
 Default used for nECoord(   1)
 Default used for TElt(   1)
 Default used for nECoord(   2)
 Default used for TElt(   2)
 Default used for nECoord(   3)
 Default used for TElt(   3)
 Default used for nECoord(   4)
 Default used for TElt(   4)
 Default used for nECoord(   5)
 Default used for TElt(   5)
 Optical Train Summary:
  Tracing rays past   5 elements.
  Aperture grid type = Circular  with   21 grid points.
  Elt   1: Reflector   : Aspheric with Kc=-4.0114D+02, Kr= 1.6967D+01, nECoords =  -6
  Elt   2: Reference   : Flat     with Kc= 0.0000D+00, Kr=-1.0000D+22, nECoords =  -6
  Elt   3: Reflector   : Aspheric with Kc= 5.2949D+00, Kr=-2.0732D+00, nECoords =  -6
  Elt   4: Reflector   : Aspheric with Kc= 6.9068D-02, Kr=-1.8475D+00, nECoords =  -6
  Elt   5: FocalPlane  : Flat     with Kc= 0.0000D+00, Kr=-1.0000D+22, nECoords =  -6
  Number of output coordinates is   5
  Computed StopPos = -7.237830605778D-02 -9.831269057373D-01  1.897956991697D+00
 OPD: Rays being traced =          277
 Compute time was    0.0000 sec
  All rays are obscured or lost.
 **Warning: Computing pupil diffraction grid spacing failed!
            Diffraction result is incorrect.
 RMS OPD error is   9.999900000D+36 m 
 P-V OPD error is   0.000000000D+00 m 
 Average OPD is     9.9999000000000000D+36 m 
 One or more rays become undefined at element   3
 A total of      277 rays were lost
   Surface miss:        277
  Input file /tmp/tpf257e74e_1cca_406e_ad51_93275557b72c.in being loaded.
 Default used for  SegXgrid
 Default used for nECoord(   1)
 Default used for TElt(   1)
 Default used for nECoord(   2)
 Default used for TElt(   2)
 Default used for nECoord(   3)
 Default used for TElt(   3)
 Default used for nECoord(   4)
 Default used for TElt(   4)
 Default used for nECoord(   5)
 Default used for TElt(   5)
 Optical Train Summary:
  Tracing rays past   5 elements.
  Aperture grid type = Circular  with   21 grid points.
  Elt   1: Reflector   : Aspheric with Kc=-4.0114D+02, Kr= 1.6967D+01, nECoords =  -6
  Elt   2: Reference   : Flat     with Kc= 0.0000D+00, Kr=-1.0000D+22, nECoords =  -6
  Elt   3: Reflector   : Aspheric with Kc= 5.2949D+00, Kr=-2.0732D+00, nECoords =  -6
  Elt   4: Reflector   : Aspheric with Kc= 6.9068D-02, Kr=-1.8475D+00, nECoords =  -6
  Elt   5: FocalPlane  : Flat     with Kc= 0.0000D+00, Kr=-1.0000D+22, nECoords =  -6
  Number of output coordinates is   5
  Computed StopPos = -7.573267126994D-02 -1.023292169030D+00  1.779392314202D+00
 OPD: Rays being traced =          277
 Compute time was    0.0000 sec
  All rays are obscured or lost.
 **Warning: Computing pupil diffraction grid spacing failed!
            Diffraction result is incorrect.
 RMS OPD error is   9.999900000D+36 m 
 P-V OPD error is   0.000000000D+00 m 
 Average OPD is     9.9999000000000000D+36 m 
 One or more rays become undefined at element   3
 A total of      277 rays were lost
   Surface miss:        277
  Input file /tmp/tpf257e74e_1cca_406e_ad51_93275557b72c.in being loaded.
 Default used for  SegXgrid
 Default used for nECoord(   1)
 Default used for TElt(   1)
 Default used for nECoord(   2)
 Default used for TElt(   2)
 Default used for nECoord(   3)
 Default used for TElt(   3)
 Default used for nECoord(   4)
 Default used for TElt(   4)
 Default used for nECoord(   5)
 Default used for TElt(   5)
 Optical Train Summary:
  Tracing rays past   5 elements.
  Aperture grid type = Circular  with   21 grid points.
  Elt   1: Reflector   : Aspheric with Kc=-4.0114D+02, Kr= 1.6967D+01, nECoords =  -6
  Elt   2: Reference   : Flat     with Kc= 0.0000D+00, Kr=-1.0000D+22, nECoords =  -6
  Elt   3: Reflector   : Aspheric with Kc= 5.2949D+00, Kr=-2.0732D+00, nECoords =  -6
  Elt   4: Reflector   : Aspheric with Kc= 6.9068D-02, Kr=-1.8475D+00, nECoords =  -6
  Elt   5: FocalPlane  : Flat     with Kc= 0.0000D+00, Kr=-1.0000D+22, nECoords =  -6
  Number of output coordinates is   5
  Computed StopPos = -2.890817116264D-01 -2.378279110945D+00  5.799136000000D-01
 OPD: Rays being traced =          277
 Compute time was    0.0000 sec
  All rays are obscured or lost.
 **Warning: Computing pupil diffraction grid spacing failed!
            Diffraction result is incorrect.
 RMS OPD error is   9.999900000D+36 m 
 P-V OPD error is   0.000000000D+00 m 
 Average OPD is     9.9999000000000000D+36 m 
 One or more rays become undefined at element   1
 A total of      277 rays were lost
   Bracket/iter:        277
  Input file /tmp/tpe7022f19_210d_4017_a383_932487846409.in being loaded.
 Default used for  SegXgrid
 Default used for nECoord(   1)
 Default used for TElt(   1)
 Default used for nECoord(   2)
 Default used for TElt(   2)
 Default used for nECoord(   3)
 Default used for TElt(   3)
 Default used for nECoord(   4)
 Default used for TElt(   4)
 Default used for nECoord(   5)
 Default used for TElt(   5)
 Optical Train Summary:
  Tracing rays past   5 elements.
  Aperture grid type = Circular  with   41 grid points.
  Elt   1: Reflector   : Aspheric with Kc=-4.0114D+02, Kr= 1.6967D+01, nECoords =  -6
  Elt   2: Reference   : Flat     with Kc= 0.0000D+00, Kr=-1.0000D+22, nECoords =  -6
  Elt   3: Reflector   : Aspheric with Kc= 5.2949D+00, Kr=-2.0732D+00, nECoords =  -6
  Elt   4: Reflector   : Aspheric with Kc= 6.9068D-02, Kr=-1.8475D+00, nECoords =  -6
  Elt   5: FocalPlane  : Flat     with Kc= 0.0000D+00, Kr=-1.0000D+22, nECoords =  -6
  Number of output coordinates is   5
  Computed StopPos =  4.496188419895D-24 -1.027929033092D+00  1.778460100567D+00
 OPD: Rays being traced =         1185
 Compute time was    0.0039 sec
  All rays are obscured or lost.
 **Warning: Computing pupil diffraction grid spacing failed!
            Diffraction result is incorrect.
 RMS OPD error is   9.999900000D+36 m 
 P-V OPD error is   0.000000000D+00 m 
 Average OPD is     9.9999000000000000D+36 m 
 One or more rays become undefined at element   3
 A total of     1185 rays were lost
   Surface miss:       1185
  Input file /tmp/tp6a031114_853d_43aa_8112_2eccfb1064ba.in being loaded.
 Default used for  SegXgrid
 Default used for nECoord(   1)
 Default used for TElt(   1)
 Default used for nECoord(   2)
 Default used for TElt(   2)
 Default used for nECoord(   3)
 Default used for TElt(   3)
 Default used for nECoord(   4)
 Default used for TElt(   4)
 Default used for nECoord(   5)
 Default used for TElt(   5)
 Optical Train Summary:
  Tracing rays past   5 elements.
  Aperture grid type = Circular  with   41 grid points.
  Elt   1: Reflector   : Aspheric with Kc=-4.0114D+02, Kr= 1.6967D+01, nECoords =  -6
  Elt   2: Reference   : Flat     with Kc= 0.0000D+00, Kr=-1.0000D+22, nECoords =  -6
  Elt   3: Reflector   : Aspheric with Kc= 5.2949D+00, Kr=-2.0732D+00, nECoords =  -6
  Elt   4: Reflector   : Aspheric with Kc= 6.9068D-02, Kr=-1.8475D+00, nECoords =  -6
  Elt   5: FocalPlane  : Flat     with Kc= 0.0000D+00, Kr=-1.0000D+22, nECoords =  -6
  Number of output coordinates is   5
  Computed StopPos =  4.496188419895D-24 -1.027929033092D+00  1.778460100567D+00
 OPD: Rays being traced =         1185
 Compute time was    0.0039 sec
 OPD: nPassRays =    1184,    DAvgCumL =  25.56807107D-01 m 
 RMS OPD error is   6.961545675D-03 m 
 P-V OPD error is   2.626010700D-02 m 
 Average OPD is     3.8507137536320842D-03 m 
  Input file /tmp/tp2690dd45_c4da_4a45_b893_2686c3d595f9.in being loaded.
 Default used for  SegXgrid
 Default used for nECoord(   1)
 Default used for TElt(   1)
 Default used for nECoord(   2)
 Default used for TElt(   2)
 Default used for nECoord(   3)
 Default used for TElt(   3)
 Default used for nECoord(   4)
 Default used for TElt(   4)
 Default used for nECoord(   5)
 Default used for TElt(   5)
 Optical Train Summary:
  Tracing rays past   5 elements.
  Aperture grid type = Circular  with   21 grid points.
  Elt   1: Reflector   : Aspheric with Kc=-4.0114D+02, Kr= 1.6967D+01, nECoords =  -6
  Elt   2: Reference   : Flat     with Kc= 0.0000D+00, Kr=-1.0000D+22, nECoords =  -6
  Elt   3: Reflector   : Aspheric with Kc= 5.2949D+00, Kr=-2.0732D+00, nECoords =  -6
  Elt   4: Reflector   : Aspheric with Kc= 6.9068D-02, Kr=-1.8475D+00, nECoords =  -6
  Elt   5: FocalPlane  : Flat     with Kc= 0.0000D+00, Kr=-1.0000D+22, nECoords =  -6
  Number of output coordinates is   5
  Computed StopPos =  4.496188419895D-24 -1.027929033092D+00  1.778460100567D+00
 OPD: Rays being traced =          277
 Compute time was    0.0000 sec
  All rays are obscured or lost.
 **Warning: Computing pupil diffraction grid spacing failed!
            Diffraction result is incorrect.
 RMS OPD error is   9.999900000D+36 m 
 P-V OPD error is   0.000000000D+00 m 
 Average OPD is     9.9999000000000000D+36 m 
 One or more rays become undefined at element   3
 A total of      277 rays were lost
   Surface miss:        277
  Input file /tmp/tp2690dd45_c4da_4a45_b893_2686c3d595f9.in being loaded.
 Default used for  SegXgrid
 Default used for nECoord(   1)
 Default used for TElt(   1)
 Default used for nECoord(   2)
 Default used for TElt(   2)
 Default used for nECoord(   3)
 Default used for TElt(   3)
 Default used for nECoord(   4)
 Default used for TElt(   4)
 Default used for nECoord(   5)
 Default used for TElt(   5)
 Optical Train Summary:
  Tracing rays past   5 elements.
  Aperture grid type = Circular  with   21 grid points.
  Elt   1: Reflector   : Aspheric with Kc=-4.0114D+02, Kr= 1.6967D+01, nECoords =  -6
  Elt   2: Reference   : Flat     with Kc= 0.0000D+00, Kr=-1.0000D+22, nECoords =  -6
  Elt   3: Reflector   : Aspheric with Kc= 5.2949D+00, Kr=-2.0732D+00, nECoords =  -6
  Elt   4: Reflector   : Aspheric with Kc= 6.9068D-02, Kr=-1.8475D+00, nECoords =  -6
  Elt   5: FocalPlane  : Flat     with Kc= 0.0000D+00, Kr=-1.0000D+22, nECoords =  -6
  Number of output coordinates is   5
  Computed StopPos = -6.296129474396D-06 -1.027929033074D+00  1.778460100539D+00
 OPD: Rays being traced =          277
 Compute time was    0.0000 sec
  All rays are obscured or lost.
 **Warning: Computing pupil diffraction grid spacing failed!
            Diffraction result is incorrect.
 RMS OPD error is   9.999900000D+36 m 
 P-V OPD error is   0.000000000D+00 m 
 Average OPD is     9.9999000000000000D+36 m 
 One or more rays become undefined at element   3
 A total of      277 rays were lost
   Surface miss:        277
  Input file /tmp/tp2690dd45_c4da_4a45_b893_2686c3d595f9.in being loaded.
 Default used for  SegXgrid
 Default used for nECoord(   1)
 Default used for TElt(   1)
 Default used for nECoord(   2)
 Default used for TElt(   2)
 Default used for nECoord(   3)
 Default used for TElt(   3)
 Default used for nECoord(   4)
 Default used for TElt(   4)
 Default used for nECoord(   5)
 Default used for TElt(   5)
 Optical Train Summary:
  Tracing rays past   5 elements.
  Aperture grid type = Circular  with   21 grid points.
  Elt   1: Reflector   : Aspheric with Kc=-4.0114D+02, Kr= 1.6967D+01, nECoords =  -6
  Elt   2: Reference   : Flat     with Kc= 0.0000D+00, Kr=-1.0000D+22, nECoords =  -6
  Elt   3: Reflector   : Aspheric with Kc= 5.2949D+00, Kr=-2.0732D+00, nECoords =  -6
  Elt   4: Reflector   : Aspheric with Kc= 6.9068D-02, Kr=-1.8475D+00, nECoords =  -6
  Elt   5: FocalPlane  : Flat     with Kc= 0.0000D+00, Kr=-1.0000D+22, nECoords =  -6
  Number of output coordinates is   5
  Computed StopPos =  7.237830624147D-02 -9.831269061112D-01  1.897956990302D+00
 OPD: Rays being traced =          277
 Compute time was    0.0000 sec
  All rays are obscured or lost.
 **Warning: Computing pupil diffraction grid spacing failed!
            Diffraction result is incorrect.
 RMS OPD error is   9.999900000D+36 m 
 P-V OPD error is   0.000000000D+00 m 
 Average OPD is     9.9999000000000000D+36 m 
 One or more rays become undefined at element   3
 A total of      277 rays were lost
   Surface miss:        277
  Input file /tmp/tp2690dd45_c4da_4a45_b893_2686c3d595f9.in being loaded.
 Default used for  SegXgrid
 Default used for nECoord(   1)
 Default used for TElt(   1)
 Default used for nECoord(   2)
 Default used for TElt(   2)
 Default used for nECoord(   3)
 Default used for TElt(   3)
 Default used for nECoord(   4)
 Default used for TElt(   4)
 Default used for nECoord(   5)
 Default used for TElt(   5)
 Optical Train Summary:
  Tracing rays past   5 elements.
  Aperture grid type = Circular  with   21 grid points.
  Elt   1: Reflector   : Aspheric with Kc=-4.0114D+02, Kr= 1.6967D+01, nECoords =  -6
  Elt   2: Reference   : Flat     with Kc= 0.0000D+00, Kr=-1.0000D+22, nECoords =  -6
  Elt   3: Reflector   : Aspheric with Kc= 5.2949D+00, Kr=-2.0732D+00, nECoords =  -6
  Elt   4: Reflector   : Aspheric with Kc= 6.9068D-02, Kr=-1.8475D+00, nECoords =  -6
  Elt   5: FocalPlane  : Flat     with Kc= 0.0000D+00, Kr=-1.0000D+22, nECoords =  -6
  Number of output coordinates is   5
  Computed StopPos =  7.573267583139D-02 -1.023292183382D+00  1.779392279554D+00
 OPD: Rays being traced =          277
 Compute time was    0.0000 sec
  All rays are obscured or lost.
 **Warning: Computing pupil diffraction grid spacing failed!
            Diffraction result is incorrect.
 RMS OPD error is   9.999900000D+36 m 
 P-V OPD error is   0.000000000D+00 m 
 Average OPD is     9.9999000000000000D+36 m 
 One or more rays become undefined at element   3
 A total of      277 rays were lost
   Surface miss:        277
  Input file /tmp/tp2690dd45_c4da_4a45_b893_2686c3d595f9.in being loaded.
 Default used for  SegXgrid
 Default used for nECoord(   1)
 Default used for TElt(   1)
 Default used for nECoord(   2)
 Default used for TElt(   2)
 Default used for nECoord(   3)
 Default used for TElt(   3)
 Default used for nECoord(   4)
 Default used for TElt(   4)
 Default used for nECoord(   5)
 Default used for TElt(   5)
 Optical Train Summary:
  Tracing rays past   5 elements.
  Aperture grid type = Circular  with   21 grid points.
  Elt   1: Reflector   : Aspheric with Kc=-4.0114D+02, Kr= 1.6967D+01, nECoords =  -6
  Elt   2: Reference   : Flat     with Kc= 0.0000D+00, Kr=-1.0000D+22, nECoords =  -6
  Elt   3: Reflector   : Aspheric with Kc= 5.2949D+00, Kr=-2.0732D+00, nECoords =  -6
  Elt   4: Reflector   : Aspheric with Kc= 6.9068D-02, Kr=-1.8475D+00, nECoords =  -6
  Elt   5: FocalPlane  : Flat     with Kc= 0.0000D+00, Kr=-1.0000D+22, nECoords =  -6
  Number of output coordinates is   5
  Computed StopPos =  2.890817116264D-01 -2.378279110945D+00  5.799136000000D-01
 OPD: Rays being traced =          277
 Compute time was    0.0000 sec
  All rays are obscured or lost.
 **Warning: Computing pupil diffraction grid spacing failed!
            Diffraction result is incorrect.
 RMS OPD error is   9.999900000D+36 m 
 P-V OPD error is   0.000000000D+00 m 
 Average OPD is     9.9999000000000000D+36 m 
 One or more rays become undefined at element   1
 A total of      277 rays were lost
   Bracket/iter:        277
  Input file /tmp/tp2690dd45_c4da_4a45_b893_2686c3d595f9.in being loaded.
 Default used for  SegXgrid
 Default used for nECoord(   1)
 Default used for TElt(   1)
 Default used for nECoord(   2)
 Default used for TElt(   2)
 Default used for nECoord(   3)
 Default used for TElt(   3)
 Default used for nECoord(   4)
 Default used for TElt(   4)
 Default used for nECoord(   5)
 Default used for TElt(   5)
 Optical Train Summary:
  Tracing rays past   5 elements.
  Aperture grid type = Circular  with   21 grid points.
  Elt   1: Reflector   : Aspheric with Kc=-4.0114D+02, Kr= 1.6967D+01, nECoords =  -6
  Elt   2: Reference   : Flat     with Kc= 0.0000D+00, Kr=-1.0000D+22, nECoords =  -6
  Elt   3: Reflector   : Aspheric with Kc= 5.2949D+00, Kr=-2.0732D+00, nECoords =  -6
  Elt   4: Reflector   : Aspheric with Kc= 6.9068D-02, Kr=-1.8475D+00, nECoords =  -6
  Elt   5: FocalPlane  : Flat     with Kc= 0.0000D+00, Kr=-1.0000D+22, nECoords =  -6
  Number of output coordinates is   5
  Computed StopPos = -1.062651956211D-21 -9.876252700912D-01  1.898682573976D+00
 OPD: Rays being traced =          277
 Compute time was    0.0000 sec
  All rays are obscured or lost.
 **Warning: Computing pupil diffraction grid spacing failed!
            Diffraction result is incorrect.
 RMS OPD error is   9.999900000D+36 m 
 P-V OPD error is   0.000000000D+00 m 
 Average OPD is     9.9999000000000000D+36 m 
 One or more rays become undefined at element   3
 A total of      277 rays were lost
   Surface miss:        277
  Input file /tmp/tp2690dd45_c4da_4a45_b893_2686c3d595f9.in being loaded.
 Default used for  SegXgrid
 Default used for nECoord(   1)
 Default used for TElt(   1)
 Default used for nECoord(   2)
 Default used for TElt(   2)
 Default used for nECoord(   3)
 Default used for TElt(   3)
 Default used for nECoord(   4)
 Default used for TElt(   4)
 Default used for nECoord(   5)
 Default used for TElt(   5)
 Optical Train Summary:
  Tracing rays past   5 elements.
  Aperture grid type = Circular  with   21 grid points.
  Elt   1: Reflector   : Aspheric with Kc=-4.0114D+02, Kr= 1.6967D+01, nECoords =  -6
  Elt   2: Reference   : Flat     with Kc= 0.0000D+00, Kr=-1.0000D+22, nECoords =  -6
  Elt   3: Reflector   : Aspheric with Kc= 5.2949D+00, Kr=-2.0732D+00, nECoords =  -6
  Elt   4: Reflector   : Aspheric with Kc= 6.9068D-02, Kr=-1.8475D+00, nECoords =  -6
  Elt   5: FocalPlane  : Flat     with Kc= 0.0000D+00, Kr=-1.0000D+22, nECoords =  -6
  Number of output coordinates is   5
  Computed StopPos =  4.496188419895D-24 -1.027929033092D+00  1.778460100567D+00
 OPD: Rays being traced =          277
 Compute time was    0.0000 sec
  All rays are obscured or lost.
 **Warning: Computing pupil diffraction grid spacing failed!
            Diffraction result is incorrect.
 RMS OPD error is   9.999900000D+36 m 
 P-V OPD error is   0.000000000D+00 m 
 Average OPD is     9.9999000000000000D+36 m 
 One or more rays become undefined at element   3
 A total of      277 rays were lost
   Surface miss:        277
  Input file /tmp/tp2690dd45_c4da_4a45_b893_2686c3d595f9.in being loaded.
 Default used for  SegXgrid
 Default used for nECoord(   1)
 Default used for TElt(   1)
 Default used for nECoord(   2)
 Default used for TElt(   2)
 Default used for nECoord(   3)
 Default used for TElt(   3)
 Default used for nECoord(   4)
 Default used for TElt(   4)
 Default used for nECoord(   5)
 Default used for TElt(   5)
 Optical Train Summary:
  Tracing rays past   5 elements.
  Aperture grid type = Circular  with   21 grid points.
  Elt   1: Reflector   : Aspheric with Kc=-4.0114D+02, Kr= 1.6967D+01, nECoords =  -6
  Elt   2: Reference   : Flat     with Kc= 0.0000D+00, Kr=-1.0000D+22, nECoords =  -6
  Elt   3: Reflector   : Aspheric with Kc= 5.2949D+00, Kr=-2.0732D+00, nECoords =  -6
  Elt   4: Reflector   : Aspheric with Kc= 6.9068D-02, Kr=-1.8475D+00, nECoords =  -6
  Elt   5: FocalPlane  : Flat     with Kc= 0.0000D+00, Kr=-1.0000D+22, nECoords =  -6
  Number of output coordinates is   5
  Computed StopPos =  6.350721225024D-24 -2.378279110945D+00  5.799136000000D-01
 OPD: Rays being traced =          277
 Compute time was    0.0000 sec
  All rays are obscured or lost.
 **Warning: Computing pupil diffraction grid spacing failed!
            Diffraction result is incorrect.
 RMS OPD error is   9.999900000D+36 m 
 P-V OPD error is   0.000000000D+00 m 
 Average OPD is     9.9999000000000000D+36 m 
 One or more rays become undefined at element   1
 A total of      277 rays were lost
   Bracket/iter:        277
  Input file /tmp/tp2690dd45_c4da_4a45_b893_2686c3d595f9.in being loaded.
 Default used for  SegXgrid
 Default used for nECoord(   1)
 Default used for TElt(   1)
 Default used for nECoord(   2)
 Default used for TElt(   2)
 Default used for nECoord(   3)
 Default used for TElt(   3)
 Default used for nECoord(   4)
 Default used for TElt(   4)
 Default used for nECoord(   5)
 Default used for TElt(   5)
 Optical Train Summary:
  Tracing rays past   5 elements.
  Aperture grid type = Circular  with   21 grid points.
  Elt   1: Reflector   : Aspheric with Kc=-4.0114D+02, Kr= 1.6967D+01, nECoords =  -6
  Elt   2: Reference   : Flat     with Kc= 0.0000D+00, Kr=-1.0000D+22, nECoords =  -6
  Elt   3: Reflector   : Aspheric with Kc= 5.2949D+00, Kr=-2.0732D+00, nECoords =  -6
  Elt   4: Reflector   : Aspheric with Kc= 6.9068D-02, Kr=-1.8475D+00, nECoords =  -6
  Elt   5: FocalPlane  : Flat     with Kc= 0.0000D+00, Kr=-1.0000D+22, nECoords =  -6
  Number of output coordinates is   5
  Computed StopPos = -7.237830605778D-02 -9.831269057373D-01  1.897956991697D+00
 OPD: Rays being traced =          277
 Compute time was    0.0000 sec
  All rays are obscured or lost.
 **Warning: Computing pupil diffraction grid spacing failed!
            Diffraction result is incorrect.
 RMS OPD error is   9.999900000D+36 m 
 P-V OPD error is   0.000000000D+00 m 
 Average OPD is     9.9999000000000000D+36 m 
 One or more rays become undefined at element   3
 A total of      277 rays were lost
   Surface miss:        277
  Input file /tmp/tp2690dd45_c4da_4a45_b893_2686c3d595f9.in being loaded.
 Default used for  SegXgrid
 Default used for nECoord(   1)
 Default used for TElt(   1)
 Default used for nECoord(   2)
 Default used for TElt(   2)
 Default used for nECoord(   3)
 Default used for TElt(   3)
 Default used for nECoord(   4)
 Default used for TElt(   4)
 Default used for nECoord(   5)
 Default used for TElt(   5)
 Optical Train Summary:
  Tracing rays past   5 elements.
  Aperture grid type = Circular  with   21 grid points.
  Elt   1: Reflector   : Aspheric with Kc=-4.0114D+02, Kr= 1.6967D+01, nECoords =  -6
  Elt   2: Reference   : Flat     with Kc= 0.0000D+00, Kr=-1.0000D+22, nECoords =  -6
  Elt   3: Reflector   : Aspheric with Kc= 5.2949D+00, Kr=-2.0732D+00, nECoords =  -6
  Elt   4: Reflector   : Aspheric with Kc= 6.9068D-02, Kr=-1.8475D+00, nECoords =  -6
  Elt   5: FocalPlane  : Flat     with Kc= 0.0000D+00, Kr=-1.0000D+22, nECoords =  -6
  Number of output coordinates is   5
  Computed StopPos = -7.573267126994D-02 -1.023292169030D+00  1.779392314202D+00
 OPD: Rays being traced =          277
 Compute time was    0.0000 sec
  All rays are obscured or lost.
 **Warning: Computing pupil diffraction grid spacing failed!
            Diffraction result is incorrect.
 RMS OPD error is   9.999900000D+36 m 
 P-V OPD error is   0.000000000D+00 m 
 Average OPD is     9.9999000000000000D+36 m 
 One or more rays become undefined at element   3
 A total of      277 rays were lost
   Surface miss:        277
  Input file /tmp/tp2690dd45_c4da_4a45_b893_2686c3d595f9.in being loaded.
 Default used for  SegXgrid
 Default used for nECoord(   1)
 Default used for TElt(   1)
 Default used for nECoord(   2)
 Default used for TElt(   2)
 Default used for nECoord(   3)
 Default used for TElt(   3)
 Default used for nECoord(   4)
 Default used for TElt(   4)
 Default used for nECoord(   5)
 Default used for TElt(   5)
 Optical Train Summary:
  Tracing rays past   5 elements.
  Aperture grid type = Circular  with   21 grid points.
  Elt   1: Reflector   : Aspheric with Kc=-4.0114D+02, Kr= 1.6967D+01, nECoords =  -6
  Elt   2: Reference   : Flat     with Kc= 0.0000D+00, Kr=-1.0000D+22, nECoords =  -6
  Elt   3: Reflector   : Aspheric with Kc= 5.2949D+00, Kr=-2.0732D+00, nECoords =  -6
  Elt   4: Reflector   : Aspheric with Kc= 6.9068D-02, Kr=-1.8475D+00, nECoords =  -6
  Elt   5: FocalPlane  : Flat     with Kc= 0.0000D+00, Kr=-1.0000D+22, nECoords =  -6
  Number of output coordinates is   5
  Computed StopPos = -2.890817116264D-01 -2.378279110945D+00  5.799136000000D-01
 OPD: Rays being traced =          277
 Compute time was    0.0000 sec
  All rays are obscured or lost.
 **Warning: Computing pupil diffraction grid spacing failed!
            Diffraction result is incorrect.
 RMS OPD error is   9.999900000D+36 m 
 P-V OPD error is   0.000000000D+00 m 
 Average OPD is     9.9999000000000000D+36 m 
 One or more rays become undefined at element   1
 A total of      277 rays were lost
   Bracket/iter:        277
  Input file /tmp/tp5b83ee58_6efb_47e6_bc28_a7179ac18808.in being loaded.
 Default used for  SegXgrid
 Default used for nECoord(   1)
 Default used for TElt(   1)
 Default used for nECoord(   2)
 Default used for TElt(   2)
 Default used for nECoord(   3)
 Default used for TElt(   3)
 Default used for nECoord(   4)
 Default used for TElt(   4)
 Default used for nECoord(   5)
 Default used for TElt(   5)
 Optical Train Summary:
  Tracing rays past   5 elements.
  Aperture grid type = Circular  with   41 grid points.
  Elt   1: Reflector   : Aspheric with Kc=-4.0114D+02, Kr= 1.6967D+01, nECoords =  -6
  Elt   2: Reference   : Flat     with Kc= 0.0000D+00, Kr=-1.0000D+22, nECoords =  -6
  Elt   3: Reflector   : Aspheric with Kc= 5.2949D+00, Kr=-2.0732D+00, nECoords =  -6
  Elt   4: Reflector   : Aspheric with Kc= 6.9068D-02, Kr=-1.8475D+00, nECoords =  -6
  Elt   5: FocalPlane  : Flat     with Kc= 0.0000D+00, Kr=-1.0000D+22, nECoords =  -6
  Number of output coordinates is   5
  Computed StopPos =  4.496188419895D-24 -1.027929033092D+00  1.778460100567D+00
 OPD: Rays being traced =         1185
 Compute time was    0.0000 sec
  All rays are obscured or lost.
 **Warning: Computing pupil diffraction grid spacing failed!
            Diffraction result is incorrect.
 RMS OPD error is   9.999900000D+36 m 
 P-V OPD error is   0.000000000D+00 m 
 Average OPD is     9.9999000000000000D+36 m 
 One or more rays become undefined at element   3
 A total of     1185 rays were lost
   Surface miss:       1185
  Input file /tmp/tp13a3779a_dd71_422b_8cc9_fc226c2cc75d.in being loaded.
 Default used for  SegXgrid
 Default used for nECoord(   1)
 Default used for TElt(   1)
 Default used for nECoord(   2)
 Default used for TElt(   2)
 Default used for nECoord(   3)
 Default used for TElt(   3)
 Default used for nECoord(   4)
 Default used for TElt(   4)
 Default used for nECoord(   5)
 Default used for TElt(   5)
 Optical Train Summary:
  Tracing rays past   5 elements.
  Aperture grid type = Circular  with   41 grid points.
  Elt   1: Reflector   : Aspheric with Kc=-4.0114D+02, Kr= 1.6967D+01, nECoords =  -6
  Elt   2: Reference   : Flat     with Kc= 0.0000D+00, Kr=-1.0000D+22, nECoords =  -6
  Elt   3: Reflector   : Aspheric with Kc= 5.2949D+00, Kr=-2.0732D+00, nECoords =  -6
  Elt   4: Reflector   : Aspheric with Kc= 6.9068D-02, Kr=-1.8475D+00, nECoords =  -6
  Elt   5: FocalPlane  : Flat     with Kc= 0.0000D+00, Kr=-1.0000D+22, nECoords =  -6
  Number of output coordinates is   5
  Computed StopPos =  4.496188419895D-24 -1.027929033092D+00  1.778460100567D+00
 OPD: Rays being traced =         1185
 Compute time was    0.0000 sec
 OPD: nPassRays =    1184,    DAvgCumL =  25.56807107D-01 m 
 RMS OPD error is   6.961545675D-03 m 
 P-V OPD error is   2.626010700D-02 m 
 Average OPD is     3.8507137536320842D-03 m 
  Input file /tmp/tpab65f41e_e551_4df0_89b5_754b29c691f2.in being loaded.
 Default used for  SegXgrid
 Default used for nECoord(   1)
 Default used for TElt(   1)
 Default used for nECoord(   2)
 Default used for TElt(   2)
 Default used for nECoord(   3)
 Default used for TElt(   3)
 Default used for nECoord(   4)
 Default used for TElt(   4)
 Default used for nECoord(   5)
 Default used for TElt(   5)
 Optical Train Summary:
  Tracing rays past   5 elements.
  Aperture grid type = Circular  with   21 grid points.
  Elt   1: Reflector   : Aspheric with Kc=-4.0114D+02, Kr= 1.6967D+01, nECoords =  -6
  Elt   2: Reference   : Flat     with Kc= 0.0000D+00, Kr=-1.0000D+22, nECoords =  -6
  Elt   3: Reflector   : Aspheric with Kc= 5.2949D+00, Kr=-2.0732D+00, nECoords =  -6
  Elt   4: Reflector   : Aspheric with Kc= 6.9068D-02, Kr=-1.8475D+00, nECoords =  -6
  Elt   5: FocalPlane  : Flat     with Kc= 0.0000D+00, Kr=-1.0000D+22, nECoords =  -6
  Number of output coordinates is   5
  Computed StopPos =  4.496188419895D-24 -1.027929033092D+00  1.778460100567D+00
 OPD: Rays being traced =          277
 Compute time was    0.0000 sec
  All rays are obscured or lost.
 **Warning: Computing pupil diffraction grid spacing failed!
            Diffraction result is incorrect.
 RMS OPD error is   9.999900000D+36 m 
 P-V OPD error is   0.000000000D+00 m 
 Average OPD is     9.9999000000000000D+36 m 
 One or more rays become undefined at element   3
 A total of      277 rays were lost
   Surface miss:        277
  Input file /tmp/tpab65f41e_e551_4df0_89b5_754b29c691f2.in being loaded.
 Default used for  SegXgrid
 Default used for nECoord(   1)
 Default used for TElt(   1)
 Default used for nECoord(   2)
 Default used for TElt(   2)
 Default used for nECoord(   3)
 Default used for TElt(   3)
 Default used for nECoord(   4)
 Default used for TElt(   4)
 Default used for nECoord(   5)
 Default used for TElt(   5)
 Optical Train Summary:
  Tracing rays past   5 elements.
  Aperture grid type = Circular  with   21 grid points.
  Elt   1: Reflector   : Aspheric with Kc=-4.0114D+02, Kr= 1.6967D+01, nECoords =  -6
  Elt   2: Reference   : Flat     with Kc= 0.0000D+00, Kr=-1.0000D+22, nECoords =  -6
  Elt   3: Reflector   : Aspheric with Kc= 5.2949D+00, Kr=-2.0732D+00, nECoords =  -6
  Elt   4: Reflector   : Aspheric with Kc= 6.9068D-02, Kr=-1.8475D+00, nECoords =  -6
  Elt   5: FocalPlane  : Flat     with Kc= 0.0000D+00, Kr=-1.0000D+22, nECoords =  -6
  Number of output coordinates is   5
  Computed StopPos = -6.296129474396D-06 -1.027929033074D+00  1.778460100539D+00
 OPD: Rays being traced =          277
 Compute time was    0.0000 sec
  All rays are obscured or lost.
 **Warning: Computing pupil diffraction grid spacing failed!
            Diffraction result is incorrect.
 RMS OPD error is   9.999900000D+36 m 
 P-V OPD error is   0.000000000D+00 m 
 Average OPD is     9.9999000000000000D+36 m 
 One or more rays become undefined at element   3
 A total of      277 rays were lost
   Surface miss:        277
  Input file /tmp/tpab65f41e_e551_4df0_89b5_754b29c691f2.in being loaded.
 Default used for  SegXgrid
 Default used for nECoord(   1)
 Default used for TElt(   1)
 Default used for nECoord(   2)
 Default used for TElt(   2)
 Default used for nECoord(   3)
 Default used for TElt(   3)
 Default used for nECoord(   4)
 Default used for TElt(   4)
 Default used for nECoord(   5)
 Default used for TElt(   5)
 Optical Train Summary:
  Tracing rays past   5 elements.
  Aperture grid type = Circular  with   21 grid points.
  Elt   1: Reflector   : Aspheric with Kc=-4.0114D+02, Kr= 1.6967D+01, nECoords =  -6
  Elt   2: Reference   : Flat     with Kc= 0.0000D+00, Kr=-1.0000D+22, nECoords =  -6
  Elt   3: Reflector   : Aspheric with Kc= 5.2949D+00, Kr=-2.0732D+00, nECoords =  -6
  Elt   4: Reflector   : Aspheric with Kc= 6.9068D-02, Kr=-1.8475D+00, nECoords =  -6
  Elt   5: FocalPlane  : Flat     with Kc= 0.0000D+00, Kr=-1.0000D+22, nECoords =  -6
  Number of output coordinates is   5
  Computed StopPos =  7.237830624147D-02 -9.831269061112D-01  1.897956990302D+00
 OPD: Rays being traced =          277
 Compute time was    0.0039 sec
  All rays are obscured or lost.
 **Warning: Computing pupil diffraction grid spacing failed!
            Diffraction result is incorrect.
 RMS OPD error is   9.999900000D+36 m 
 P-V OPD error is   0.000000000D+00 m 
 Average OPD is     9.9999000000000000D+36 m 
 One or more rays become undefined at element   3
 A total of      277 rays were lost
   Surface miss:        277
  Input file /tmp/tpab65f41e_e551_4df0_89b5_754b29c691f2.in being loaded.
 Default used for  SegXgrid
 Default used for nECoord(   1)
 Default used for TElt(   1)
 Default used for nECoord(   2)
 Default used for TElt(   2)
 Default used for nECoord(   3)
 Default used for TElt(   3)
 Default used for nECoord(   4)
 Default used for TElt(   4)
 Default used for nECoord(   5)
 Default used for TElt(   5)
 Optical Train Summary:
  Tracing rays past   5 elements.
  Aperture grid type = Circular  with   21 grid points.
  Elt   1: Reflector   : Aspheric with Kc=-4.0114D+02, Kr= 1.6967D+01, nECoords =  -6
  Elt   2: Reference   : Flat     with Kc= 0.0000D+00, Kr=-1.0000D+22, nECoords =  -6
  Elt   3: Reflector   : Aspheric with Kc= 5.2949D+00, Kr=-2.0732D+00, nECoords =  -6
  Elt   4: Reflector   : Aspheric with Kc= 6.9068D-02, Kr=-1.8475D+00, nECoords =  -6
  Elt   5: FocalPlane  : Flat     with Kc= 0.0000D+00, Kr=-1.0000D+22, nECoords =  -6
  Number of output coordinates is   5
  Computed StopPos =  7.573267583139D-02 -1.023292183382D+00  1.779392279554D+00
 OPD: Rays being traced =          277
 Compute time was    0.0039 sec
  All rays are obscured or lost.
 **Warning: Computing pupil diffraction grid spacing failed!
            Diffraction result is incorrect.
 RMS OPD error is   9.999900000D+36 m 
 P-V OPD error is   0.000000000D+00 m 
 Average OPD is     9.9999000000000000D+36 m 
 One or more rays become undefined at element   3
 A total of      277 rays were lost
   Surface miss:        277
  Input file /tmp/tpab65f41e_e551_4df0_89b5_754b29c691f2.in being loaded.
 Default used for  SegXgrid
 Default used for nECoord(   1)
 Default used for TElt(   1)
 Default used for nECoord(   2)
 Default used for TElt(   2)
 Default used for nECoord(   3)
 Default used for TElt(   3)
 Default used for nECoord(   4)
 Default used for TElt(   4)
 Default used for nECoord(   5)
 Default used for TElt(   5)
 Optical Train Summary:
  Tracing rays past   5 elements.
  Aperture grid type = Circular  with   21 grid points.
  Elt   1: Reflector   : Aspheric with Kc=-4.0114D+02, Kr= 1.6967D+01, nECoords =  -6
  Elt   2: Reference   : Flat     with Kc= 0.0000D+00, Kr=-1.0000D+22, nECoords =  -6
  Elt   3: Reflector   : Aspheric with Kc= 5.2949D+00, Kr=-2.0732D+00, nECoords =  -6
  Elt   4: Reflector   : Aspheric with Kc= 6.9068D-02, Kr=-1.8475D+00, nECoords =  -6
  Elt   5: FocalPlane  : Flat     with Kc= 0.0000D+00, Kr=-1.0000D+22, nECoords =  -6
  Number of output coordinates is   5
  Computed StopPos =  2.890817116264D-01 -2.378279110945D+00  5.799136000000D-01
 OPD: Rays being traced =          277
 Compute time was    0.0000 sec
  All rays are obscured or lost.
 **Warning: Computing pupil diffraction grid spacing failed!
            Diffraction result is incorrect.
 RMS OPD error is   9.999900000D+36 m 
 P-V OPD error is   0.000000000D+00 m 
 Average OPD is     9.9999000000000000D+36 m 
 One or more rays become undefined at element   1
 A total of      277 rays were lost
   Bracket/iter:        277
  Input file /tmp/tpab65f41e_e551_4df0_89b5_754b29c691f2.in being loaded.
 Default used for  SegXgrid
 Default used for nECoord(   1)
 Default used for TElt(   1)
 Default used for nECoord(   2)
 Default used for TElt(   2)
 Default used for nECoord(   3)
 Default used for TElt(   3)
 Default used for nECoord(   4)
 Default used for TElt(   4)
 Default used for nECoord(   5)
 Default used for TElt(   5)
 Optical Train Summary:
  Tracing rays past   5 elements.
  Aperture grid type = Circular  with   21 grid points.
  Elt   1: Reflector   : Aspheric with Kc=-4.0114D+02, Kr= 1.6967D+01, nECoords =  -6
  Elt   2: Reference   : Flat     with Kc= 0.0000D+00, Kr=-1.0000D+22, nECoords =  -6
  Elt   3: Reflector   : Aspheric with Kc= 5.2949D+00, Kr=-2.0732D+00, nECoords =  -6
  Elt   4: Reflector   : Aspheric with Kc= 6.9068D-02, Kr=-1.8475D+00, nECoords =  -6
  Elt   5: FocalPlane  : Flat     with Kc= 0.0000D+00, Kr=-1.0000D+22, nECoords =  -6
  Number of output coordinates is   5
  Computed StopPos = -1.062651956211D-21 -9.876252700912D-01  1.898682573976D+00
 OPD: Rays being traced =          277
 Compute time was    0.0000 sec
  All rays are obscured or lost.
 **Warning: Computing pupil diffraction grid spacing failed!
            Diffraction result is incorrect.
 RMS OPD error is   9.999900000D+36 m 
 P-V OPD error is   0.000000000D+00 m 
 Average OPD is     9.9999000000000000D+36 m 
 One or more rays become undefined at element   3
 A total of      277 rays were lost
   Surface miss:        277
  Input file /tmp/tpab65f41e_e551_4df0_89b5_754b29c691f2.in being loaded.
 Default used for  SegXgrid
 Default used for nECoord(   1)
 Default used for TElt(   1)
 Default used for nECoord(   2)
 Default used for TElt(   2)
 Default used for nECoord(   3)
 Default used for TElt(   3)
 Default used for nECoord(   4)
 Default used for TElt(   4)
 Default used for nECoord(   5)
 Default used for TElt(   5)
 Optical Train Summary:
  Tracing rays past   5 elements.
  Aperture grid type = Circular  with   21 grid points.
  Elt   1: Reflector   : Aspheric with Kc=-4.0114D+02, Kr= 1.6967D+01, nECoords =  -6
  Elt   2: Reference   : Flat     with Kc= 0.0000D+00, Kr=-1.0000D+22, nECoords =  -6
  Elt   3: Reflector   : Aspheric with Kc= 5.2949D+00, Kr=-2.0732D+00, nECoords =  -6
  Elt   4: Reflector   : Aspheric with Kc= 6.9068D-02, Kr=-1.8475D+00, nECoords =  -6
  Elt   5: FocalPlane  : Flat     with Kc= 0.0000D+00, Kr=-1.0000D+22, nECoords =  -6
  Number of output coordinates is   5
  Computed StopPos =  4.496188419895D-24 -1.027929033092D+00  1.778460100567D+00
 OPD: Rays being traced =          277
 Compute time was    0.0000 sec
  All rays are obscured or lost.
 **Warning: Computing pupil diffraction grid spacing failed!
            Diffraction result is incorrect.
 RMS OPD error is   9.999900000D+36 m 
 P-V OPD error is   0.000000000D+00 m 
 Average OPD is     9.9999000000000000D+36 m 
 One or more rays become undefined at element   3
 A total of      277 rays were lost
   Surface miss:        277
  Input file /tmp/tpab65f41e_e551_4df0_89b5_754b29c691f2.in being loaded.
 Default used for  SegXgrid
 Default used for nECoord(   1)
 Default used for TElt(   1)
 Default used for nECoord(   2)
 Default used for TElt(   2)
 Default used for nECoord(   3)
 Default used for TElt(   3)
 Default used for nECoord(   4)
 Default used for TElt(   4)
 Default used for nECoord(   5)
 Default used for TElt(   5)
 Optical Train Summary:
  Tracing rays past   5 elements.
  Aperture grid type = Circular  with   21 grid points.
  Elt   1: Reflector   : Aspheric with Kc=-4.0114D+02, Kr= 1.6967D+01, nECoords =  -6
  Elt   2: Reference   : Flat     with Kc= 0.0000D+00, Kr=-1.0000D+22, nECoords =  -6
  Elt   3: Reflector   : Aspheric with Kc= 5.2949D+00, Kr=-2.0732D+00, nECoords =  -6
  Elt   4: Reflector   : Aspheric with Kc= 6.9068D-02, Kr=-1.8475D+00, nECoords =  -6
  Elt   5: FocalPlane  : Flat     with Kc= 0.0000D+00, Kr=-1.0000D+22, nECoords =  -6
  Number of output coordinates is   5
  Computed StopPos =  6.350721225024D-24 -2.378279110945D+00  5.799136000000D-01
 OPD: Rays being traced =          277
 Compute time was    0.0000 sec
  All rays are obscured or lost.
 **Warning: Computing pupil diffraction grid spacing failed!
            Diffraction result is incorrect.
 RMS OPD error is   9.999900000D+36 m 
 P-V OPD error is   0.000000000D+00 m 
 Average OPD is     9.9999000000000000D+36 m 
 One or more rays become undefined at element   1
 A total of      277 rays were lost
   Bracket/iter:        277
  Input file /tmp/tpab65f41e_e551_4df0_89b5_754b29c691f2.in being loaded.
 Default used for  SegXgrid
 Default used for nECoord(   1)
 Default used for TElt(   1)
 Default used for nECoord(   2)
 Default used for TElt(   2)
 Default used for nECoord(   3)
 Default used for TElt(   3)
 Default used for nECoord(   4)
 Default used for TElt(   4)
 Default used for nECoord(   5)
 Default used for TElt(   5)
 Optical Train Summary:
  Tracing rays past   5 elements.
  Aperture grid type = Circular  with   21 grid points.
  Elt   1: Reflector   : Aspheric with Kc=-4.0114D+02, Kr= 1.6967D+01, nECoords =  -6
  Elt   2: Reference   : Flat     with Kc= 0.0000D+00, Kr=-1.0000D+22, nECoords =  -6
  Elt   3: Reflector   : Aspheric with Kc= 5.2949D+00, Kr=-2.0732D+00, nECoords =  -6
  Elt   4: Reflector   : Aspheric with Kc= 6.9068D-02, Kr=-1.8475D+00, nECoords =  -6
  Elt   5: FocalPlane  : Flat     with Kc= 0.0000D+00, Kr=-1.0000D+22, nECoords =  -6
  Number of output coordinates is   5
  Computed StopPos = -7.237830605778D-02 -9.831269057373D-01  1.897956991697D+00
 OPD: Rays being traced =          277
 Compute time was    0.0000 sec
  All rays are obscured or lost.
 **Warning: Computing pupil diffraction grid spacing failed!
            Diffraction result is incorrect.
 RMS OPD error is   9.999900000D+36 m 
 P-V OPD error is   0.000000000D+00 m 
 Average OPD is     9.9999000000000000D+36 m 
 One or more rays become undefined at element   3
 A total of      277 rays were lost
   Surface miss:        277
  Input file /tmp/tpab65f41e_e551_4df0_89b5_754b29c691f2.in being loaded.
 Default used for  SegXgrid
 Default used for nECoord(   1)
 Default used for TElt(   1)
 Default used for nECoord(   2)
 Default used for TElt(   2)
 Default used for nECoord(   3)
 Default used for TElt(   3)
 Default used for nECoord(   4)
 Default used for TElt(   4)
 Default used for nECoord(   5)
 Default used for TElt(   5)
 Optical Train Summary:
  Tracing rays past   5 elements.
  Aperture grid type = Circular  with   21 grid points.
  Elt   1: Reflector   : Aspheric with Kc=-4.0114D+02, Kr= 1.6967D+01, nECoords =  -6
  Elt   2: Reference   : Flat     with Kc= 0.0000D+00, Kr=-1.0000D+22, nECoords =  -6
  Elt   3: Reflector   : Aspheric with Kc= 5.2949D+00, Kr=-2.0732D+00, nECoords =  -6
  Elt   4: Reflector   : Aspheric with Kc= 6.9068D-02, Kr=-1.8475D+00, nECoords =  -6
  Elt   5: FocalPlane  : Flat     with Kc= 0.0000D+00, Kr=-1.0000D+22, nECoords =  -6
  Number of output coordinates is   5
  Computed StopPos = -7.573267126994D-02 -1.023292169030D+00  1.779392314202D+00
 OPD: Rays being traced =          277
 Compute time was    0.0000 sec
  All rays are obscured or lost.
 **Warning: Computing pupil diffraction grid spacing failed!
            Diffraction result is incorrect.
 RMS OPD error is   9.999900000D+36 m 
 P-V OPD error is   0.000000000D+00 m 
 Average OPD is     9.9999000000000000D+36 m 
 One or more rays become undefined at element   3
 A total of      277 rays were lost
   Surface miss:        277
  Input file /tmp/tpab65f41e_e551_4df0_89b5_754b29c691f2.in being loaded.
 Default used for  SegXgrid
 Default used for nECoord(   1)
 Default used for TElt(   1)
 Default used for nECoord(   2)
 Default used for TElt(   2)
 Default used for nECoord(   3)
 Default used for TElt(   3)
 Default used for nECoord(   4)
 Default used for TElt(   4)
 Default used for nECoord(   5)
 Default used for TElt(   5)
 Optical Train Summary:
  Tracing rays past   5 elements.
  Aperture grid type = Circular  with   21 grid points.
  Elt   1: Reflector   : Aspheric with Kc=-4.0114D+02, Kr= 1.6967D+01, nECoords =  -6
  Elt   2: Reference   : Flat     with Kc= 0.0000D+00, Kr=-1.0000D+22, nECoords =  -6
  Elt   3: Reflector   : Aspheric with Kc= 5.2949D+00, Kr=-2.0732D+00, nECoords =  -6
  Elt   4: Reflector   : Aspheric with Kc= 6.9068D-02, Kr=-1.8475D+00, nECoords =  -6
  Elt   5: FocalPlane  : Flat     with Kc= 0.0000D+00, Kr=-1.0000D+22, nECoords =  -6
  Number of output coordinates is   5
  Computed StopPos = -2.890817116264D-01 -2.378279110945D+00  5.799136000000D-01
 OPD: Rays being traced =          277
 Compute time was    0.0000 sec
  All rays are obscured or lost.
 **Warning: Computing pupil diffraction grid spacing failed!
            Diffraction result is incorrect.
 RMS OPD error is   9.999900000D+36 m 
 P-V OPD error is   0.000000000D+00 m 
 Average OPD is     9.9999000000000000D+36 m 
 One or more rays become undefined at element   1
 A total of      277 rays were lost
   Bracket/iter:        277
  Input file /tmp/tp693bd9d2_b913_414d_b227_86a17cf31e7e.in being loaded.
 Default used for  SegXgrid
 Default used for nECoord(   1)
 Default used for TElt(   1)
 Default used for nECoord(   2)
 Default used for TElt(   2)
 Default used for nECoord(   3)
 Default used for TElt(   3)
 Default used for nECoord(   4)
 Default used for TElt(   4)
 Default used for nECoord(   5)
 Default used for TElt(   5)
 Optical Train Summary:
  Tracing rays past   5 elements.
  Aperture grid type = Circular  with   41 grid points.
  Elt   1: Reflector   : Aspheric with Kc=-4.0114D+02, Kr= 1.6967D+01, nECoords =  -6
  Elt   2: Reference   : Flat     with Kc= 0.0000D+00, Kr=-1.0000D+22, nECoords =  -6
  Elt   3: Reflector   : Aspheric with Kc= 5.2949D+00, Kr=-2.0732D+00, nECoords =  -6
  Elt   4: Reflector   : Aspheric with Kc= 6.9068D-02, Kr=-1.8475D+00, nECoords =  -6
  Elt   5: FocalPlane  : Flat     with Kc= 0.0000D+00, Kr=-1.0000D+22, nECoords =  -6
  Number of output coordinates is   5
  Computed StopPos =  4.496188419895D-24 -1.027929033092D+00  1.778460100567D+00
 OPD: Rays being traced =         1185
 Compute time was    0.0000 sec
  All rays are obscured or lost.
 **Warning: Computing pupil diffraction grid spacing failed!
            Diffraction result is incorrect.
 RMS OPD error is   9.999900000D+36 m 
 P-V OPD error is   0.000000000D+00 m 
 Average OPD is     9.9999000000000000D+36 m 
 One or more rays become undefined at element   3
 A total of     1185 rays were lost
   Surface miss:       1185
  Input file /tmp/tp0bf98343_c7ad_4130_a811_1ccf62142f7b.in being loaded.
 Default used for  SegXgrid
 Default used for nECoord(   1)
 Default used for TElt(   1)
 Default used for nECoord(   2)
 Default used for TElt(   2)
 Default used for nECoord(   3)
 Default used for TElt(   3)
 Default used for nECoord(   4)
 Default used for TElt(   4)
 Default used for nECoord(   5)
 Default used for TElt(   5)
 Optical Train Summary:
  Tracing rays past   5 elements.
  Aperture grid type = Circular  with   41 grid points.
  Elt   1: Reflector   : Aspheric with Kc=-4.0114D+02, Kr= 1.6967D+01, nECoords =  -6
  Elt   2: Reference   : Flat     with Kc= 0.0000D+00, Kr=-1.0000D+22, nECoords =  -6
  Elt   3: Reflector   : Aspheric with Kc= 5.2949D+00, Kr=-2.0732D+00, nECoords =  -6
  Elt   4: Reflector   : Aspheric with Kc= 6.9068D-02, Kr=-1.8475D+00, nECoords =  -6
  Elt   5: FocalPlane  : Flat     with Kc= 0.0000D+00, Kr=-1.0000D+22, nECoords =  -6
  Number of output coordinates is   5
  Computed StopPos =  4.496188419895D-24 -1.027929033092D+00  1.778460100567D+00
 OPD: Rays being traced =         1185
 Compute time was    0.0000 sec
 OPD: nPassRays =    1184,    DAvgCumL =  25.56807107D-01 m 
 RMS OPD error is   6.961545675D-03 m 
 P-V OPD error is   2.626010700D-02 m 
 Average OPD is     3.8507137536320842D-03 m 
  Input file /tmp/tpb46fab17_c263_45dc_81b4_af85b131f9f2.in being loaded.
 Default used for  SegXgrid
 Default used for nECoord(   1)
 Default used for TElt(   1)
 Default used for nECoord(   2)
 Default used for TElt(   2)
 Default used for nECoord(   3)
 Default used for TElt(   3)
 Default used for nECoord(   4)
 Default used for TElt(   4)
 Default used for nECoord(   5)
 Default used for TElt(   5)
 Optical Train Summary:
  Tracing rays past   5 elements.
  Aperture grid type = Circular  with   21 grid points.
  Elt   1: Reflector   : Aspheric with Kc=-4.0114D+02, Kr= 1.6967D+01, nECoords =  -6
  Elt   2: Reference   : Flat     with Kc= 0.0000D+00, Kr=-1.0000D+22, nECoords =  -6
  Elt   3: Reflector   : Aspheric with Kc= 5.2949D+00, Kr=-2.0732D+00, nECoords =  -6
  Elt   4: Reflector   : Aspheric with Kc= 6.9068D-02, Kr=-1.8475D+00, nECoords =  -6
  Elt   5: FocalPlane  : Flat     with Kc= 0.0000D+00, Kr=-1.0000D+22, nECoords =  -6
  Number of output coordinates is   5
  Computed StopPos =  4.496188419895D-24 -1.027929033092D+00  1.778460100567D+00
 OPD: Rays being traced =          277
 Compute time was    0.0000 sec
  All rays are obscured or lost.
 **Warning: Computing pupil diffraction grid spacing failed!
            Diffraction result is incorrect.
 RMS OPD error is   9.999900000D+36 m 
 P-V OPD error is   0.000000000D+00 m 
 Average OPD is     9.9999000000000000D+36 m 
 One or more rays become undefined at element   3
 A total of      277 rays were lost
   Surface miss:        277
  Input file /tmp/tpb46fab17_c263_45dc_81b4_af85b131f9f2.in being loaded.
 Default used for  SegXgrid
 Default used for nECoord(   1)
 Default used for TElt(   1)
 Default used for nECoord(   2)
 Default used for TElt(   2)
 Default used for nECoord(   3)
 Default used for TElt(   3)
 Default used for nECoord(   4)
 Default used for TElt(   4)
 Default used for nECoord(   5)
 Default used for TElt(   5)
 Optical Train Summary:
  Tracing rays past   5 elements.
  Aperture grid type = Circular  with   21 grid points.
  Elt   1: Reflector   : Aspheric with Kc=-4.0114D+02, Kr= 1.6967D+01, nECoords =  -6
  Elt   2: Reference   : Flat     with Kc= 0.0000D+00, Kr=-1.0000D+22, nECoords =  -6
  Elt   3: Reflector   : Aspheric with Kc= 5.2949D+00, Kr=-2.0732D+00, nECoords =  -6
  Elt   4: Reflector   : Aspheric with Kc= 6.9068D-02, Kr=-1.8475D+00, nECoords =  -6
  Elt   5: FocalPlane  : Flat     with Kc= 0.0000D+00, Kr=-1.0000D+22, nECoords =  -6
  Number of output coordinates is   5
  Computed StopPos = -6.296129474396D-06 -1.027929033074D+00  1.778460100539D+00
 OPD: Rays being traced =          277
 Compute time was    0.0000 sec
  All rays are obscured or lost.
 **Warning: Computing pupil diffraction grid spacing failed!
            Diffraction result is incorrect.
 RMS OPD error is   9.999900000D+36 m 
 P-V OPD error is   0.000000000D+00 m 
 Average OPD is     9.9999000000000000D+36 m 
 One or more rays become undefined at element   3
 A total of      277 rays were lost
   Surface miss:        277
  Input file /tmp/tpb46fab17_c263_45dc_81b4_af85b131f9f2.in being loaded.
 Default used for  SegXgrid
 Default used for nECoord(   1)
 Default used for TElt(   1)
 Default used for nECoord(   2)
 Default used for TElt(   2)
 Default used for nECoord(   3)
 Default used for TElt(   3)
 Default used for nECoord(   4)
 Default used for TElt(   4)
 Default used for nECoord(   5)
 Default used for TElt(   5)
 Optical Train Summary:
  Tracing rays past   5 elements.
  Aperture grid type = Circular  with   21 grid points.
  Elt   1: Reflector   : Aspheric with Kc=-4.0114D+02, Kr= 1.6967D+01, nECoords =  -6
  Elt   2: Reference   : Flat     with Kc= 0.0000D+00, Kr=-1.0000D+22, nECoords =  -6
  Elt   3: Reflector   : Aspheric with Kc= 5.2949D+00, Kr=-2.0732D+00, nECoords =  -6
  Elt   4: Reflector   : Aspheric with Kc= 6.9068D-02, Kr=-1.8475D+00, nECoords =  -6
  Elt   5: FocalPlane  : Flat     with Kc= 0.0000D+00, Kr=-1.0000D+22, nECoords =  -6
  Number of output coordinates is   5
  Computed StopPos =  7.237830624147D-02 -9.831269061112D-01  1.897956990302D+00
 OPD: Rays being traced =          277
 Compute time was    0.0000 sec
  All rays are obscured or lost.
 **Warning: Computing pupil diffraction grid spacing failed!
            Diffraction result is incorrect.
 RMS OPD error is   9.999900000D+36 m 
 P-V OPD error is   0.000000000D+00 m 
 Average OPD is     9.9999000000000000D+36 m 
 One or more rays become undefined at element   3
 A total of      277 rays were lost
   Surface miss:        277
  Input file /tmp/tpb46fab17_c263_45dc_81b4_af85b131f9f2.in being loaded.
 Default used for  SegXgrid
 Default used for nECoord(   1)
 Default used for TElt(   1)
 Default used for nECoord(   2)
 Default used for TElt(   2)
 Default used for nECoord(   3)
 Default used for TElt(   3)
 Default used for nECoord(   4)
 Default used for TElt(   4)
 Default used for nECoord(   5)
 Default used for TElt(   5)
 Optical Train Summary:
  Tracing rays past   5 elements.
  Aperture grid type = Circular  with   21 grid points.
  Elt   1: Reflector   : Aspheric with Kc=-4.0114D+02, Kr= 1.6967D+01, nECoords =  -6
  Elt   2: Reference   : Flat     with Kc= 0.0000D+00, Kr=-1.0000D+22, nECoords =  -6
  Elt   3: Reflector   : Aspheric with Kc= 5.2949D+00, Kr=-2.0732D+00, nECoords =  -6
  Elt   4: Reflector   : Aspheric with Kc= 6.9068D-02, Kr=-1.8475D+00, nECoords =  -6
  Elt   5: FocalPlane  : Flat     with Kc= 0.0000D+00, Kr=-1.0000D+22, nECoords =  -6
  Number of output coordinates is   5
  Computed StopPos =  7.573267583139D-02 -1.023292183382D+00  1.779392279554D+00
 OPD: Rays being traced =          277
 Compute time was    0.0000 sec
  All rays are obscured or lost.
 **Warning: Computing pupil diffraction grid spacing failed!
            Diffraction result is incorrect.
 RMS OPD error is   9.999900000D+36 m 
 P-V OPD error is   0.000000000D+00 m 
 Average OPD is     9.9999000000000000D+36 m 
 One or more rays become undefined at element   3
 A total of      277 rays were lost
   Surface miss:        277
  Input file /tmp/tpb46fab17_c263_45dc_81b4_af85b131f9f2.in being loaded.
 Default used for  SegXgrid
 Default used for nECoord(   1)
 Default used for TElt(   1)
 Default used for nECoord(   2)
 Default used for TElt(   2)
 Default used for nECoord(   3)
 Default used for TElt(   3)
 Default used for nECoord(   4)
 Default used for TElt(   4)
 Default used for nECoord(   5)
 Default used for TElt(   5)
 Optical Train Summary:
  Tracing rays past   5 elements.
  Aperture grid type = Circular  with   21 grid points.
  Elt   1: Reflector   : Aspheric with Kc=-4.0114D+02, Kr= 1.6967D+01, nECoords =  -6
  Elt   2: Reference   : Flat     with Kc= 0.0000D+00, Kr=-1.0000D+22, nECoords =  -6
  Elt   3: Reflector   : Aspheric with Kc= 5.2949D+00, Kr=-2.0732D+00, nECoords =  -6
  Elt   4: Reflector   : Aspheric with Kc= 6.9068D-02, Kr=-1.8475D+00, nECoords =  -6
  Elt   5: FocalPlane  : Flat     with Kc= 0.0000D+00, Kr=-1.0000D+22, nECoords =  -6
  Number of output coordinates is   5
  Computed StopPos =  2.890817116264D-01 -2.378279110945D+00  5.799136000000D-01
 OPD: Rays being traced =          277
 Compute time was    0.0039 sec
  All rays are obscured or lost.
 **Warning: Computing pupil diffraction grid spacing failed!
            Diffraction result is incorrect.
 RMS OPD error is   9.999900000D+36 m 
 P-V OPD error is   0.000000000D+00 m 
 Average OPD is     9.9999000000000000D+36 m 
 One or more rays become undefined at element   1
 A total of      277 rays were lost
   Bracket/iter:        277
  Input file /tmp/tpb46fab17_c263_45dc_81b4_af85b131f9f2.in being loaded.
 Default used for  SegXgrid
 Default used for nECoord(   1)
 Default used for TElt(   1)
 Default used for nECoord(   2)
 Default used for TElt(   2)
 Default used for nECoord(   3)
 Default used for TElt(   3)
 Default used for nECoord(   4)
 Default used for TElt(   4)
 Default used for nECoord(   5)
 Default used for TElt(   5)
 Optical Train Summary:
  Tracing rays past   5 elements.
  Aperture grid type = Circular  with   21 grid points.
  Elt   1: Reflector   : Aspheric with Kc=-4.0114D+02, Kr= 1.6967D+01, nECoords =  -6
  Elt   2: Reference   : Flat     with Kc= 0.0000D+00, Kr=-1.0000D+22, nECoords =  -6
  Elt   3: Reflector   : Aspheric with Kc= 5.2949D+00, Kr=-2.0732D+00, nECoords =  -6
  Elt   4: Reflector   : Aspheric with Kc= 6.9068D-02, Kr=-1.8475D+00, nECoords =  -6
  Elt   5: FocalPlane  : Flat     with Kc= 0.0000D+00, Kr=-1.0000D+22, nECoords =  -6
  Number of output coordinates is   5
  Computed StopPos = -1.062651956211D-21 -9.876252700912D-01  1.898682573976D+00
 OPD: Rays being traced =          277
 Compute time was    0.0000 sec
  All rays are obscured or lost.
 **Warning: Computing pupil diffraction grid spacing failed!
            Diffraction result is incorrect.
 RMS OPD error is   9.999900000D+36 m 
 P-V OPD error is   0.000000000D+00 m 
 Average OPD is     9.9999000000000000D+36 m 
 One or more rays become undefined at element   3
 A total of      277 rays were lost
   Surface miss:        277
  Input file /tmp/tpb46fab17_c263_45dc_81b4_af85b131f9f2.in being loaded.
 Default used for  SegXgrid
 Default used for nECoord(   1)
 Default used for TElt(   1)
 Default used for nECoord(   2)
 Default used for TElt(   2)
 Default used for nECoord(   3)
 Default used for TElt(   3)
 Default used for nECoord(   4)
 Default used for TElt(   4)
 Default used for nECoord(   5)
 Default used for TElt(   5)
 Optical Train Summary:
  Tracing rays past   5 elements.
  Aperture grid type = Circular  with   21 grid points.
  Elt   1: Reflector   : Aspheric with Kc=-4.0114D+02, Kr= 1.6967D+01, nECoords =  -6
  Elt   2: Reference   : Flat     with Kc= 0.0000D+00, Kr=-1.0000D+22, nECoords =  -6
  Elt   3: Reflector   : Aspheric with Kc= 5.2949D+00, Kr=-2.0732D+00, nECoords =  -6
  Elt   4: Reflector   : Aspheric with Kc= 6.9068D-02, Kr=-1.8475D+00, nECoords =  -6
  Elt   5: FocalPlane  : Flat     with Kc= 0.0000D+00, Kr=-1.0000D+22, nECoords =  -6
  Number of output coordinates is   5
  Computed StopPos =  4.496188419895D-24 -1.027929033092D+00  1.778460100567D+00
 OPD: Rays being traced =          277
 Compute time was    0.0000 sec
  All rays are obscured or lost.
 **Warning: Computing pupil diffraction grid spacing failed!
            Diffraction result is incorrect.
 RMS OPD error is   9.999900000D+36 m 
 P-V OPD error is   0.000000000D+00 m 
 Average OPD is     9.9999000000000000D+36 m 
 One or more rays become undefined at element   3
 A total of      277 rays were lost
   Surface miss:        277
  Input file /tmp/tpb46fab17_c263_45dc_81b4_af85b131f9f2.in being loaded.
 Default used for  SegXgrid
 Default used for nECoord(   1)
 Default used for TElt(   1)
 Default used for nECoord(   2)
 Default used for TElt(   2)
 Default used for nECoord(   3)
 Default used for TElt(   3)
 Default used for nECoord(   4)
 Default used for TElt(   4)
 Default used for nECoord(   5)
 Default used for TElt(   5)
 Optical Train Summary:
  Tracing rays past   5 elements.
  Aperture grid type = Circular  with   21 grid points.
  Elt   1: Reflector   : Aspheric with Kc=-4.0114D+02, Kr= 1.6967D+01, nECoords =  -6
  Elt   2: Reference   : Flat     with Kc= 0.0000D+00, Kr=-1.0000D+22, nECoords =  -6
  Elt   3: Reflector   : Aspheric with Kc= 5.2949D+00, Kr=-2.0732D+00, nECoords =  -6
  Elt   4: Reflector   : Aspheric with Kc= 6.9068D-02, Kr=-1.8475D+00, nECoords =  -6
  Elt   5: FocalPlane  : Flat     with Kc= 0.0000D+00, Kr=-1.0000D+22, nECoords =  -6
  Number of output coordinates is   5
  Computed StopPos =  6.350721225024D-24 -2.378279110945D+00  5.799136000000D-01
 OPD: Rays being traced =          277
 Compute time was    0.0000 sec
  All rays are obscured or lost.
 **Warning: Computing pupil diffraction grid spacing failed!
            Diffraction result is incorrect.
 RMS OPD error is   9.999900000D+36 m 
 P-V OPD error is   0.000000000D+00 m 
 Average OPD is     9.9999000000000000D+36 m 
 One or more rays become undefined at element   1
 A total of      277 rays were lost
   Bracket/iter:        277
  Input file /tmp/tpb46fab17_c263_45dc_81b4_af85b131f9f2.in being loaded.
 Default used for  SegXgrid
 Default used for nECoord(   1)
 Default used for TElt(   1)
 Default used for nECoord(   2)
 Default used for TElt(   2)
 Default used for nECoord(   3)
 Default used for TElt(   3)
 Default used for nECoord(   4)
 Default used for TElt(   4)
 Default used for nECoord(   5)
 Default used for TElt(   5)
 Optical Train Summary:
  Tracing rays past   5 elements.
  Aperture grid type = Circular  with   21 grid points.
  Elt   1: Reflector   : Aspheric with Kc=-4.0114D+02, Kr= 1.6967D+01, nECoords =  -6
  Elt   2: Reference   : Flat     with Kc= 0.0000D+00, Kr=-1.0000D+22, nECoords =  -6
  Elt   3: Reflector   : Aspheric with Kc= 5.2949D+00, Kr=-2.0732D+00, nECoords =  -6
  Elt   4: Reflector   : Aspheric with Kc= 6.9068D-02, Kr=-1.8475D+00, nECoords =  -6
  Elt   5: FocalPlane  : Flat     with Kc= 0.0000D+00, Kr=-1.0000D+22, nECoords =  -6
  Number of output coordinates is   5
  Computed StopPos = -7.237830605778D-02 -9.831269057373D-01  1.897956991697D+00
 OPD: Rays being traced =          277
 Compute time was    0.0000 sec
  All rays are obscured or lost.
 **Warning: Computing pupil diffraction grid spacing failed!
            Diffraction result is incorrect.
 RMS OPD error is   9.999900000D+36 m 
 P-V OPD error is   0.000000000D+00 m 
 Average OPD is     9.9999000000000000D+36 m 
 One or more rays become undefined at element   3
 A total of      277 rays were lost
   Surface miss:        277
  Input file /tmp/tpb46fab17_c263_45dc_81b4_af85b131f9f2.in being loaded.
 Default used for  SegXgrid
 Default used for nECoord(   1)
 Default used for TElt(   1)
 Default used for nECoord(   2)
 Default used for TElt(   2)
 Default used for nECoord(   3)
 Default used for TElt(   3)
 Default used for nECoord(   4)
 Default used for TElt(   4)
 Default used for nECoord(   5)
 Default used for TElt(   5)
 Optical Train Summary:
  Tracing rays past   5 elements.
  Aperture grid type = Circular  with   21 grid points.
  Elt   1: Reflector   : Aspheric with Kc=-4.0114D+02, Kr= 1.6967D+01, nECoords =  -6
  Elt   2: Reference   : Flat     with Kc= 0.0000D+00, Kr=-1.0000D+22, nECoords =  -6
  Elt   3: Reflector   : Aspheric with Kc= 5.2949D+00, Kr=-2.0732D+00, nECoords =  -6
  Elt   4: Reflector   : Aspheric with Kc= 6.9068D-02, Kr=-1.8475D+00, nECoords =  -6
  Elt   5: FocalPlane  : Flat     with Kc= 0.0000D+00, Kr=-1.0000D+22, nECoords =  -6
  Number of output coordinates is   5
  Computed StopPos = -7.573267126994D-02 -1.023292169030D+00  1.779392314202D+00
 OPD: Rays being traced =          277
 Compute time was    0.0000 sec
  All rays are obscured or lost.
 **Warning: Computing pupil diffraction grid spacing failed!
            Diffraction result is incorrect.
 RMS OPD error is   9.999900000D+36 m 
 P-V OPD error is   0.000000000D+00 m 
 Average OPD is     9.9999000000000000D+36 m 
 One or more rays become undefined at element   3
 A total of      277 rays were lost
   Surface miss:        277
  Input file /tmp/tpb46fab17_c263_45dc_81b4_af85b131f9f2.in being loaded.
 Default used for  SegXgrid
 Default used for nECoord(   1)
 Default used for TElt(   1)
 Default used for nECoord(   2)
 Default used for TElt(   2)
 Default used for nECoord(   3)
 Default used for TElt(   3)
 Default used for nECoord(   4)
 Default used for TElt(   4)
 Default used for nECoord(   5)
 Default used for TElt(   5)
 Optical Train Summary:
  Tracing rays past   5 elements.
  Aperture grid type = Circular  with   21 grid points.
  Elt   1: Reflector   : Aspheric with Kc=-4.0114D+02, Kr= 1.6967D+01, nECoords =  -6
  Elt   2: Reference   : Flat     with Kc= 0.0000D+00, Kr=-1.0000D+22, nECoords =  -6
  Elt   3: Reflector   : Aspheric with Kc= 5.2949D+00, Kr=-2.0732D+00, nECoords =  -6
  Elt   4: Reflector   : Aspheric with Kc= 6.9068D-02, Kr=-1.8475D+00, nECoords =  -6
  Elt   5: FocalPlane  : Flat     with Kc= 0.0000D+00, Kr=-1.0000D+22, nECoords =  -6
  Number of output coordinates is   5
  Computed StopPos = -2.890817116264D-01 -2.378279110945D+00  5.799136000000D-01
 OPD: Rays being traced =          277
 Compute time was    0.0000 sec
  All rays are obscured or lost.
 **Warning: Computing pupil diffraction grid spacing failed!
            Diffraction result is incorrect.
 RMS OPD error is   9.999900000D+36 m 
 P-V OPD error is   0.000000000D+00 m 
 Average OPD is     9.9999000000000000D+36 m 
 One or more rays become undefined at element   1
 A total of      277 rays were lost
   Bracket/iter:        277
  Input file /tmp/tpbb27ca36_66d1_4174_9c51_58860c3cc5fe.in being loaded.
 Default used for  SegXgrid
 Default used for nECoord(   1)
 Default used for TElt(   1)
 Default used for nECoord(   2)
 Default used for TElt(   2)
 Default used for nECoord(   3)
 Default used for TElt(   3)
 Default used for nECoord(   4)
 Default used for TElt(   4)
 Default used for nECoord(   5)
 Default used for TElt(   5)
 Optical Train Summary:
  Tracing rays past   5 elements.
  Aperture grid type = Circular  with   41 grid points.
  Elt   1: Reflector   : Aspheric with Kc=-4.0114D+02, Kr= 1.6967D+01, nECoords =  -6
  Elt   2: Reference   : Flat     with Kc= 0.0000D+00, Kr=-1.0000D+22, nECoords =  -6
  Elt   3: Reflector   : Aspheric with Kc= 5.2949D+00, Kr=-2.0732D+00, nECoords =  -6
  Elt   4: Reflector   : Aspheric with Kc= 6.9068D-02, Kr=-1.8475D+00, nECoords =  -6
  Elt   5: FocalPlane  : Flat     with Kc= 0.0000D+00, Kr=-1.0000D+22, nECoords =  -6
  Number of output coordinates is   5
  Computed StopPos =  4.496188419895D-24 -1.027929033092D+00  1.778460100567D+00
 OPD: Rays being traced =         1185
 Compute time was    0.0000 sec
  All rays are obscured or lost.
 **Warning: Computing pupil diffraction grid spacing failed!
            Diffraction result is incorrect.
 RMS OPD error is   9.999900000D+36 m 
 P-V OPD error is   0.000000000D+00 m 
 Average OPD is     9.9999000000000000D+36 m 
 One or more rays become undefined at element   3
 A total of     1185 rays were lost
   Surface miss:       1185
  Input file /tmp/tp0a1b153f_4d21_44bf_94a4_c147691e5956.in being loaded.
 Default used for  SegXgrid
 Default used for nECoord(   1)
 Default used for TElt(   1)
 Default used for nECoord(   2)
 Default used for TElt(   2)
 Default used for nECoord(   3)
 Default used for TElt(   3)
 Default used for nECoord(   4)
 Default used for TElt(   4)
 Default used for nECoord(   5)
 Default used for TElt(   5)
 Optical Train Summary:
  Tracing rays past   5 elements.
  Aperture grid type = Circular  with   41 grid points.
  Elt   1: Reflector   : Aspheric with Kc=-4.0114D+02, Kr= 1.6967D+01, nECoords =  -6
  Elt   2: Reference   : Flat     with Kc= 0.0000D+00, Kr=-1.0000D+22, nECoords =  -6
  Elt   3: Reflector   : Aspheric with Kc= 5.2949D+00, Kr=-2.0732D+00, nECoords =  -6
  Elt   4: Reflector   : Aspheric with Kc= 6.9068D-02, Kr=-1.8475D+00, nECoords =  -6
  Elt   5: FocalPlane  : Flat     with Kc= 0.0000D+00, Kr=-1.0000D+22, nECoords =  -6
  Number of output coordinates is   5
  Computed StopPos =  4.496188419895D-24 -1.027929033092D+00  1.778460100567D+00
 OPD: Rays being traced =         1185
 Compute time was    0.0000 sec
 OPD: nPassRays =    1184,    DAvgCumL =  25.56807107D-01 m 
 RMS OPD error is   6.961545675D-03 m 
 P-V OPD error is   2.626010700D-02 m 
 Average OPD is     3.8507137536320842D-03 m 
  Input file /tmp/tp1e788751_8b46_4b4f_acee_101a364c8b0f.in being loaded.
 Default used for  SegXgrid
 Default used for nECoord(   1)
 Default used for TElt(   1)
 Default used for nECoord(   2)
 Default used for TElt(   2)
 Default used for nECoord(   3)
 Default used for TElt(   3)
 Default used for nECoord(   4)
 Default used for TElt(   4)
 Default used for nECoord(   5)
 Default used for TElt(   5)
 Optical Train Summary:
  Tracing rays past   5 elements.
  Aperture grid type = Circular  with   21 grid points.
  Elt   1: Reflector   : Aspheric with Kc=-4.0114D+02, Kr= 1.6967D+01, nECoords =  -6
  Elt   2: Reference   : Flat     with Kc= 0.0000D+00, Kr=-1.0000D+22, nECoords =  -6
  Elt   3: Reflector   : Aspheric with Kc= 5.2949D+00, Kr=-2.0732D+00, nECoords =  -6
  Elt   4: Reflector   : Aspheric with Kc= 6.9068D-02, Kr=-1.8475D+00, nECoords =  -6
  Elt   5: FocalPlane  : Flat     with Kc= 0.0000D+00, Kr=-1.0000D+22, nECoords =  -6
  Number of output coordinates is   5
  Computed StopPos =  4.496188419895D-24 -1.027929033092D+00  1.778460100567D+00
 OPD: Rays being traced =          277
 Compute time was    0.0000 sec
  All rays are obscured or lost.
 **Warning: Computing pupil diffraction grid spacing failed!
            Diffraction result is incorrect.
 RMS OPD error is   9.999900000D+36 m 
 P-V OPD error is   0.000000000D+00 m 
 Average OPD is     9.9999000000000000D+36 m 
 One or more rays become undefined at element   3
 A total of      277 rays were lost
   Surface miss:        277
  Input file /tmp/tp1e788751_8b46_4b4f_acee_101a364c8b0f.in being loaded.
 Default used for  SegXgrid
 Default used for nECoord(   1)
 Default used for TElt(   1)
 Default used for nECoord(   2)
 Default used for TElt(   2)
 Default used for nECoord(   3)
 Default used for TElt(   3)
 Default used for nECoord(   4)
 Default used for TElt(   4)
 Default used for nECoord(   5)
 Default used for TElt(   5)
 Optical Train Summary:
  Tracing rays past   5 elements.
  Aperture grid type = Circular  with   21 grid points.
  Elt   1: Reflector   : Aspheric with Kc=-4.0114D+02, Kr= 1.6967D+01, nECoords =  -6
  Elt   2: Reference   : Flat     with Kc= 0.0000D+00, Kr=-1.0000D+22, nECoords =  -6
  Elt   3: Reflector   : Aspheric with Kc= 5.2949D+00, Kr=-2.0732D+00, nECoords =  -6
  Elt   4: Reflector   : Aspheric with Kc= 6.9068D-02, Kr=-1.8475D+00, nECoords =  -6
  Elt   5: FocalPlane  : Flat     with Kc= 0.0000D+00, Kr=-1.0000D+22, nECoords =  -6
  Number of output coordinates is   5
  Computed StopPos = -6.296129474396D-06 -1.027929033074D+00  1.778460100539D+00
 OPD: Rays being traced =          277
 Compute time was    0.0039 sec
  All rays are obscured or lost.
 **Warning: Computing pupil diffraction grid spacing failed!
            Diffraction result is incorrect.
 RMS OPD error is   9.999900000D+36 m 
 P-V OPD error is   0.000000000D+00 m 
 Average OPD is     9.9999000000000000D+36 m 
 One or more rays become undefined at element   3
 A total of      277 rays were lost
   Surface miss:        277
  Input file /tmp/tp1e788751_8b46_4b4f_acee_101a364c8b0f.in being loaded.
 Default used for  SegXgrid
 Default used for nECoord(   1)
 Default used for TElt(   1)
 Default used for nECoord(   2)
 Default used for TElt(   2)
 Default used for nECoord(   3)
 Default used for TElt(   3)
 Default used for nECoord(   4)
 Default used for TElt(   4)
 Default used for nECoord(   5)
 Default used for TElt(   5)
 Optical Train Summary:
  Tracing rays past   5 elements.
  Aperture grid type = Circular  with   21 grid points.
  Elt   1: Reflector   : Aspheric with Kc=-4.0114D+02, Kr= 1.6967D+01, nECoords =  -6
  Elt   2: Reference   : Flat     with Kc= 0.0000D+00, Kr=-1.0000D+22, nECoords =  -6
  Elt   3: Reflector   : Aspheric with Kc= 5.2949D+00, Kr=-2.0732D+00, nECoords =  -6
  Elt   4: Reflector   : Aspheric with Kc= 6.9068D-02, Kr=-1.8475D+00, nECoords =  -6
  Elt   5: FocalPlane  : Flat     with Kc= 0.0000D+00, Kr=-1.0000D+22, nECoords =  -6
  Number of output coordinates is   5
  Computed StopPos =  7.237830624147D-02 -9.831269061112D-01  1.897956990302D+00
 OPD: Rays being traced =          277
 Compute time was    0.0000 sec
  All rays are obscured or lost.
 **Warning: Computing pupil diffraction grid spacing failed!
            Diffraction result is incorrect.
 RMS OPD error is   9.999900000D+36 m 
 P-V OPD error is   0.000000000D+00 m 
 Average OPD is     9.9999000000000000D+36 m 
 One or more rays become undefined at element   3
 A total of      277 rays were lost
   Surface miss:        277
  Input file /tmp/tp1e788751_8b46_4b4f_acee_101a364c8b0f.in being loaded.
 Default used for  SegXgrid
 Default used for nECoord(   1)
 Default used for TElt(   1)
 Default used for nECoord(   2)
 Default used for TElt(   2)
 Default used for nECoord(   3)
 Default used for TElt(   3)
 Default used for nECoord(   4)
 Default used for TElt(   4)
 Default used for nECoord(   5)
 Default used for TElt(   5)
 Optical Train Summary:
  Tracing rays past   5 elements.
  Aperture grid type = Circular  with   21 grid points.
  Elt   1: Reflector   : Aspheric with Kc=-4.0114D+02, Kr= 1.6967D+01, nECoords =  -6
  Elt   2: Reference   : Flat     with Kc= 0.0000D+00, Kr=-1.0000D+22, nECoords =  -6
  Elt   3: Reflector   : Aspheric with Kc= 5.2949D+00, Kr=-2.0732D+00, nECoords =  -6
  Elt   4: Reflector   : Aspheric with Kc= 6.9068D-02, Kr=-1.8475D+00, nECoords =  -6
  Elt   5: FocalPlane  : Flat     with Kc= 0.0000D+00, Kr=-1.0000D+22, nECoords =  -6
  Number of output coordinates is   5
  Computed StopPos =  7.573267583139D-02 -1.023292183382D+00  1.779392279554D+00
 OPD: Rays being traced =          277
 Compute time was    0.0000 sec
  All rays are obscured or lost.
 **Warning: Computing pupil diffraction grid spacing failed!
            Diffraction result is incorrect.
 RMS OPD error is   9.999900000D+36 m 
 P-V OPD error is   0.000000000D+00 m 
 Average OPD is     9.9999000000000000D+36 m 
 One or more rays become undefined at element   3
 A total of      277 rays were lost
   Surface miss:        277
  Input file /tmp/tp1e788751_8b46_4b4f_acee_101a364c8b0f.in being loaded.
 Default used for  SegXgrid
 Default used for nECoord(   1)
 Default used for TElt(   1)
 Default used for nECoord(   2)
 Default used for TElt(   2)
 Default used for nECoord(   3)
 Default used for TElt(   3)
 Default used for nECoord(   4)
 Default used for TElt(   4)
 Default used for nECoord(   5)
 Default used for TElt(   5)
 Optical Train Summary:
  Tracing rays past   5 elements.
  Aperture grid type = Circular  with   21 grid points.
  Elt   1: Reflector   : Aspheric with Kc=-4.0114D+02, Kr= 1.6967D+01, nECoords =  -6
  Elt   2: Reference   : Flat     with Kc= 0.0000D+00, Kr=-1.0000D+22, nECoords =  -6
  Elt   3: Reflector   : Aspheric with Kc= 5.2949D+00, Kr=-2.0732D+00, nECoords =  -6
  Elt   4: Reflector   : Aspheric with Kc= 6.9068D-02, Kr=-1.8475D+00, nECoords =  -6
  Elt   5: FocalPlane  : Flat     with Kc= 0.0000D+00, Kr=-1.0000D+22, nECoords =  -6
  Number of output coordinates is   5
  Computed StopPos =  2.890817116264D-01 -2.378279110945D+00  5.799136000000D-01
 OPD: Rays being traced =          277
 Compute time was    0.0000 sec
  All rays are obscured or lost.
 **Warning: Computing pupil diffraction grid spacing failed!
            Diffraction result is incorrect.
 RMS OPD error is   9.999900000D+36 m 
 P-V OPD error is   0.000000000D+00 m 
 Average OPD is     9.9999000000000000D+36 m 
 One or more rays become undefined at element   1
 A total of      277 rays were lost
   Bracket/iter:        277
  Input file /tmp/tp1e788751_8b46_4b4f_acee_101a364c8b0f.in being loaded.
 Default used for  SegXgrid
 Default used for nECoord(   1)
 Default used for TElt(   1)
 Default used for nECoord(   2)
 Default used for TElt(   2)
 Default used for nECoord(   3)
 Default used for TElt(   3)
 Default used for nECoord(   4)
 Default used for TElt(   4)
 Default used for nECoord(   5)
 Default used for TElt(   5)
 Optical Train Summary:
  Tracing rays past   5 elements.
  Aperture grid type = Circular  with   21 grid points.
  Elt   1: Reflector   : Aspheric with Kc=-4.0114D+02, Kr= 1.6967D+01, nECoords =  -6
  Elt   2: Reference   : Flat     with Kc= 0.0000D+00, Kr=-1.0000D+22, nECoords =  -6
  Elt   3: Reflector   : Aspheric with Kc= 5.2949D+00, Kr=-2.0732D+00, nECoords =  -6
  Elt   4: Reflector   : Aspheric with Kc= 6.9068D-02, Kr=-1.8475D+00, nECoords =  -6
  Elt   5: FocalPlane  : Flat     with Kc= 0.0000D+00, Kr=-1.0000D+22, nECoords =  -6
  Number of output coordinates is   5
  Computed StopPos = -1.062651956211D-21 -9.876252700912D-01  1.898682573976D+00
 OPD: Rays being traced =          277
 Compute time was    0.0000 sec
  All rays are obscured or lost.
 **Warning: Computing pupil diffraction grid spacing failed!
            Diffraction result is incorrect.
 RMS OPD error is   9.999900000D+36 m 
 P-V OPD error is   0.000000000D+00 m 
 Average OPD is     9.9999000000000000D+36 m 
 One or more rays become undefined at element   3
 A total of      277 rays were lost
   Surface miss:        277
  Input file /tmp/tp1e788751_8b46_4b4f_acee_101a364c8b0f.in being loaded.
 Default used for  SegXgrid
 Default used for nECoord(   1)
 Default used for TElt(   1)
 Default used for nECoord(   2)
 Default used for TElt(   2)
 Default used for nECoord(   3)
 Default used for TElt(   3)
 Default used for nECoord(   4)
 Default used for TElt(   4)
 Default used for nECoord(   5)
 Default used for TElt(   5)
 Optical Train Summary:
  Tracing rays past   5 elements.
  Aperture grid type = Circular  with   21 grid points.
  Elt   1: Reflector   : Aspheric with Kc=-4.0114D+02, Kr= 1.6967D+01, nECoords =  -6
  Elt   2: Reference   : Flat     with Kc= 0.0000D+00, Kr=-1.0000D+22, nECoords =  -6
  Elt   3: Reflector   : Aspheric with Kc= 5.2949D+00, Kr=-2.0732D+00, nECoords =  -6
  Elt   4: Reflector   : Aspheric with Kc= 6.9068D-02, Kr=-1.8475D+00, nECoords =  -6
  Elt   5: FocalPlane  : Flat     with Kc= 0.0000D+00, Kr=-1.0000D+22, nECoords =  -6
  Number of output coordinates is   5
  Computed StopPos =  4.496188419895D-24 -1.027929033092D+00  1.778460100567D+00
 OPD: Rays being traced =          277
 Compute time was    0.0000 sec
  All rays are obscured or lost.
 **Warning: Computing pupil diffraction grid spacing failed!
            Diffraction result is incorrect.
 RMS OPD error is   9.999900000D+36 m 
 P-V OPD error is   0.000000000D+00 m 
 Average OPD is     9.9999000000000000D+36 m 
 One or more rays become undefined at element   3
 A total of      277 rays were lost
   Surface miss:        277
  Input file /tmp/tp1e788751_8b46_4b4f_acee_101a364c8b0f.in being loaded.
 Default used for  SegXgrid
 Default used for nECoord(   1)
 Default used for TElt(   1)
 Default used for nECoord(   2)
 Default used for TElt(   2)
 Default used for nECoord(   3)
 Default used for TElt(   3)
 Default used for nECoord(   4)
 Default used for TElt(   4)
 Default used for nECoord(   5)
 Default used for TElt(   5)
 Optical Train Summary:
  Tracing rays past   5 elements.
  Aperture grid type = Circular  with   21 grid points.
  Elt   1: Reflector   : Aspheric with Kc=-4.0114D+02, Kr= 1.6967D+01, nECoords =  -6
  Elt   2: Reference   : Flat     with Kc= 0.0000D+00, Kr=-1.0000D+22, nECoords =  -6
  Elt   3: Reflector   : Aspheric with Kc= 5.2949D+00, Kr=-2.0732D+00, nECoords =  -6
  Elt   4: Reflector   : Aspheric with Kc= 6.9068D-02, Kr=-1.8475D+00, nECoords =  -6
  Elt   5: FocalPlane  : Flat     with Kc= 0.0000D+00, Kr=-1.0000D+22, nECoords =  -6
  Number of output coordinates is   5
  Computed StopPos =  6.350721225024D-24 -2.378279110945D+00  5.799136000000D-01
 OPD: Rays being traced =          277
 Compute time was    0.0000 sec
  All rays are obscured or lost.
 **Warning: Computing pupil diffraction grid spacing failed!
            Diffraction result is incorrect.
 RMS OPD error is   9.999900000D+36 m 
 P-V OPD error is   0.000000000D+00 m 
 Average OPD is     9.9999000000000000D+36 m 
 One or more rays become undefined at element   1
 A total of      277 rays were lost
   Bracket/iter:        277
  Input file /tmp/tp1e788751_8b46_4b4f_acee_101a364c8b0f.in being loaded.
 Default used for  SegXgrid
 Default used for nECoord(   1)
 Default used for TElt(   1)
 Default used for nECoord(   2)
 Default used for TElt(   2)
 Default used for nECoord(   3)
 Default used for TElt(   3)
 Default used for nECoord(   4)
 Default used for TElt(   4)
 Default used for nECoord(   5)
 Default used for TElt(   5)
 Optical Train Summary:
  Tracing rays past   5 elements.
  Aperture grid type = Circular  with   21 grid points.
  Elt   1: Reflector   : Aspheric with Kc=-4.0114D+02, Kr= 1.6967D+01, nECoords =  -6
  Elt   2: Reference   : Flat     with Kc= 0.0000D+00, Kr=-1.0000D+22, nECoords =  -6
  Elt   3: Reflector   : Aspheric with Kc= 5.2949D+00, Kr=-2.0732D+00, nECoords =  -6
  Elt   4: Reflector   : Aspheric with Kc= 6.9068D-02, Kr=-1.8475D+00, nECoords =  -6
  Elt   5: FocalPlane  : Flat     with Kc= 0.0000D+00, Kr=-1.0000D+22, nECoords =  -6
  Number of output coordinates is   5
  Computed StopPos = -7.237830605778D-02 -9.831269057373D-01  1.897956991697D+00
 OPD: Rays being traced =          277
 Compute time was    0.0000 sec
  All rays are obscured or lost.
 **Warning: Computing pupil diffraction grid spacing failed!
            Diffraction result is incorrect.
 RMS OPD error is   9.999900000D+36 m 
 P-V OPD error is   0.000000000D+00 m 
 Average OPD is     9.9999000000000000D+36 m 
 One or more rays become undefined at element   3
 A total of      277 rays were lost
   Surface miss:        277
  Input file /tmp/tp1e788751_8b46_4b4f_acee_101a364c8b0f.in being loaded.
 Default used for  SegXgrid
 Default used for nECoord(   1)
 Default used for TElt(   1)
 Default used for nECoord(   2)
 Default used for TElt(   2)
 Default used for nECoord(   3)
 Default used for TElt(   3)
 Default used for nECoord(   4)
 Default used for TElt(   4)
 Default used for nECoord(   5)
 Default used for TElt(   5)
 Optical Train Summary:
  Tracing rays past   5 elements.
  Aperture grid type = Circular  with   21 grid points.
  Elt   1: Reflector   : Aspheric with Kc=-4.0114D+02, Kr= 1.6967D+01, nECoords =  -6
  Elt   2: Reference   : Flat     with Kc= 0.0000D+00, Kr=-1.0000D+22, nECoords =  -6
  Elt   3: Reflector   : Aspheric with Kc= 5.2949D+00, Kr=-2.0732D+00, nECoords =  -6
  Elt   4: Reflector   : Aspheric with Kc= 6.9068D-02, Kr=-1.8475D+00, nECoords =  -6
  Elt   5: FocalPlane  : Flat     with Kc= 0.0000D+00, Kr=-1.0000D+22, nECoords =  -6
  Number of output coordinates is   5
  Computed StopPos = -7.573267126994D-02 -1.023292169030D+00  1.779392314202D+00
 OPD: Rays being traced =          277
 Compute time was    0.0000 sec
  All rays are obscured or lost.
 **Warning: Computing pupil diffraction grid spacing failed!
            Diffraction result is incorrect.
 RMS OPD error is   9.999900000D+36 m 
 P-V OPD error is   0.000000000D+00 m 
 Average OPD is     9.9999000000000000D+36 m 
 One or more rays become undefined at element   3
 A total of      277 rays were lost
   Surface miss:        277
  Input file /tmp/tp1e788751_8b46_4b4f_acee_101a364c8b0f.in being loaded.
 Default used for  SegXgrid
 Default used for nECoord(   1)
 Default used for TElt(   1)
 Default used for nECoord(   2)
 Default used for TElt(   2)
 Default used for nECoord(   3)
 Default used for TElt(   3)
 Default used for nECoord(   4)
 Default used for TElt(   4)
 Default used for nECoord(   5)
 Default used for TElt(   5)
 Optical Train Summary:
  Tracing rays past   5 elements.
  Aperture grid type = Circular  with   21 grid points.
  Elt   1: Reflector   : Aspheric with Kc=-4.0114D+02, Kr= 1.6967D+01, nECoords =  -6
  Elt   2: Reference   : Flat     with Kc= 0.0000D+00, Kr=-1.0000D+22, nECoords =  -6
  Elt   3: Reflector   : Aspheric with Kc= 5.2949D+00, Kr=-2.0732D+00, nECoords =  -6
  Elt   4: Reflector   : Aspheric with Kc= 6.9068D-02, Kr=-1.8475D+00, nECoords =  -6
  Elt   5: FocalPlane  : Flat     with Kc= 0.0000D+00, Kr=-1.0000D+22, nECoords =  -6
  Number of output coordinates is   5
  Computed StopPos = -2.890817116264D-01 -2.378279110945D+00  5.799136000000D-01
 OPD: Rays being traced =          277
 Compute time was    0.0000 sec
  All rays are obscured or lost.
 **Warning: Computing pupil diffraction grid spacing failed!
            Diffraction result is incorrect.
 RMS OPD error is   9.999900000D+36 m 
 P-V OPD error is   0.000000000D+00 m 
 Average OPD is     9.9999000000000000D+36 m 
 One or more rays become undefined at element   1
 A total of      277 rays were lost
   Bracket/iter:        277
  Input file /tmp/tpc4972c1a_7673_49da_86d5_3f59ffca3144.in being loaded.
 Default used for  SegXgrid
 Default used for nECoord(   1)
 Default used for TElt(   1)
 Default used for nECoord(   2)
 Default used for TElt(   2)
 Default used for nECoord(   3)
 Default used for TElt(   3)
 Default used for nECoord(   4)
 Default used for TElt(   4)
 Default used for nECoord(   5)
 Default used for TElt(   5)
 Optical Train Summary:
  Tracing rays past   5 elements.
  Aperture grid type = Circular  with   41 grid points.
  Elt   1: Reflector   : Aspheric with Kc=-4.0114D+02, Kr= 1.6967D+01, nECoords =  -6
  Elt   2: Reference   : Flat     with Kc= 0.0000D+00, Kr=-1.0000D+22, nECoords =  -6
  Elt   3: Reflector   : Aspheric with Kc= 5.2949D+00, Kr=-2.0732D+00, nECoords =  -6
  Elt   4: Reflector   : Aspheric with Kc= 6.9068D-02, Kr=-1.8475D+00, nECoords =  -6
  Elt   5: FocalPlane  : Flat     with Kc= 0.0000D+00, Kr=-1.0000D+22, nECoords =  -6
  Number of output coordinates is   5
  Computed StopPos =  4.496188419895D-24 -1.027929033092D+00  1.778460100567D+00
 OPD: Rays being traced =         1185
 Compute time was    0.0000 sec
  All rays are obscured or lost.
 **Warning: Computing pupil diffraction grid spacing failed!
            Diffraction result is incorrect.
 RMS OPD error is   9.999900000D+36 m 
 P-V OPD error is   0.000000000D+00 m 
 Average OPD is     9.9999000000000000D+36 m 
 One or more rays become undefined at element   3
 A total of     1185 rays were lost
   Surface miss:       1185
  Input file /tmp/tpb6e548c7_a753_4df1_a9ea_37f42520fbe8.in being loaded.
 Default used for  SegXgrid
 Default used for nECoord(   1)
 Default used for TElt(   1)
 Default used for nECoord(   2)
 Default used for TElt(   2)
 Default used for nECoord(   3)
 Default used for TElt(   3)
 Default used for nECoord(   4)
 Default used for TElt(   4)
 Default used for nECoord(   5)
 Default used for TElt(   5)
 Optical Train Summary:
  Tracing rays past   5 elements.
  Aperture grid type = Circular  with   41 grid points.
  Elt   1: Reflector   : Aspheric with Kc=-4.0114D+02, Kr= 1.6967D+01, nECoords =  -6
  Elt   2: Reference   : Flat     with Kc= 0.0000D+00, Kr=-1.0000D+22, nECoords =  -6
  Elt   3: Reflector   : Aspheric with Kc= 5.2949D+00, Kr=-2.0732D+00, nECoords =  -6
  Elt   4: Reflector   : Aspheric with Kc= 6.9068D-02, Kr=-1.8475D+00, nECoords =  -6
  Elt   5: FocalPlane  : Flat     with Kc= 0.0000D+00, Kr=-1.0000D+22, nECoords =  -6
  Number of output coordinates is   5
  Computed StopPos =  4.496188419895D-24 -1.027929033092D+00  1.778460100567D+00
 OPD: Rays being traced =         1185
 Compute time was    0.0000 sec
 OPD: nPassRays =    1184,    DAvgCumL =  25.56807107D-01 m 
 RMS OPD error is   6.961545675D-03 m 
 P-V OPD error is   2.626010700D-02 m 
 Average OPD is     3.8507137536320842D-03 m 
  Input file /tmp/tp3f02e84d_d9e6_4eac_9566_05f9c2199fb5.in being loaded.
 Default used for  SegXgrid
 Default used for nECoord(   1)
 Default used for TElt(   1)
 Default used for nECoord(   2)
 Default used for TElt(   2)
 Default used for nECoord(   3)
 Default used for TElt(   3)
 Default used for nECoord(   4)
 Default used for TElt(   4)
 Default used for nECoord(   5)
 Default used for TElt(   5)
 Optical Train Summary:
  Tracing rays past   5 elements.
  Aperture grid type = Circular  with   21 grid points.
  Elt   1: Reflector   : Aspheric with Kc=-4.0114D+02, Kr= 1.6967D+01, nECoords =  -6
  Elt   2: Reference   : Flat     with Kc= 0.0000D+00, Kr=-1.0000D+22, nECoords =  -6
  Elt   3: Reflector   : Aspheric with Kc= 5.2949D+00, Kr=-2.0732D+00, nECoords =  -6
  Elt   4: Reflector   : Aspheric with Kc= 6.9068D-02, Kr=-1.8475D+00, nECoords =  -6
  Elt   5: FocalPlane  : Flat     with Kc= 0.0000D+00, Kr=-1.0000D+22, nECoords =  -6
  Number of output coordinates is   5
  Computed StopPos =  4.496188419895D-24 -1.027929033092D+00  1.778460100567D+00
 OPD: Rays being traced =          277
 Compute time was    0.0000 sec
  All rays are obscured or lost.
 **Warning: Computing pupil diffraction grid spacing failed!
            Diffraction result is incorrect.
 RMS OPD error is   9.999900000D+36 m 
 P-V OPD error is   0.000000000D+00 m 
 Average OPD is     9.9999000000000000D+36 m 
 One or more rays become undefined at element   3
 A total of      277 rays were lost
   Surface miss:        277
  Input file /tmp/tp3f02e84d_d9e6_4eac_9566_05f9c2199fb5.in being loaded.
 Default used for  SegXgrid
 Default used for nECoord(   1)
 Default used for TElt(   1)
 Default used for nECoord(   2)
 Default used for TElt(   2)
 Default used for nECoord(   3)
 Default used for TElt(   3)
 Default used for nECoord(   4)
 Default used for TElt(   4)
 Default used for nECoord(   5)
 Default used for TElt(   5)
 Optical Train Summary:
  Tracing rays past   5 elements.
  Aperture grid type = Circular  with   21 grid points.
  Elt   1: Reflector   : Aspheric with Kc=-4.0114D+02, Kr= 1.6967D+01, nECoords =  -6
  Elt   2: Reference   : Flat     with Kc= 0.0000D+00, Kr=-1.0000D+22, nECoords =  -6
  Elt   3: Reflector   : Aspheric with Kc= 5.2949D+00, Kr=-2.0732D+00, nECoords =  -6
  Elt   4: Reflector   : Aspheric with Kc= 6.9068D-02, Kr=-1.8475D+00, nECoords =  -6
  Elt   5: FocalPlane  : Flat     with Kc= 0.0000D+00, Kr=-1.0000D+22, nECoords =  -6
  Number of output coordinates is   5
  Computed StopPos = -6.296129474396D-06 -1.027929033074D+00  1.778460100539D+00
 OPD: Rays being traced =          277
 Compute time was    0.0000 sec
  All rays are obscured or lost.
 **Warning: Computing pupil diffraction grid spacing failed!
            Diffraction result is incorrect.
 RMS OPD error is   9.999900000D+36 m 
 P-V OPD error is   0.000000000D+00 m 
 Average OPD is     9.9999000000000000D+36 m 
 One or more rays become undefined at element   3
 A total of      277 rays were lost
   Surface miss:        277
  Input file /tmp/tp3f02e84d_d9e6_4eac_9566_05f9c2199fb5.in being loaded.
 Default used for  SegXgrid
 Default used for nECoord(   1)
 Default used for TElt(   1)
 Default used for nECoord(   2)
 Default used for TElt(   2)
 Default used for nECoord(   3)
 Default used for TElt(   3)
 Default used for nECoord(   4)
 Default used for TElt(   4)
 Default used for nECoord(   5)
 Default used for TElt(   5)
 Optical Train Summary:
  Tracing rays past   5 elements.
  Aperture grid type = Circular  with   21 grid points.
  Elt   1: Reflector   : Aspheric with Kc=-4.0114D+02, Kr= 1.6967D+01, nECoords =  -6
  Elt   2: Reference   : Flat     with Kc= 0.0000D+00, Kr=-1.0000D+22, nECoords =  -6
  Elt   3: Reflector   : Aspheric with Kc= 5.2949D+00, Kr=-2.0732D+00, nECoords =  -6
  Elt   4: Reflector   : Aspheric with Kc= 6.9068D-02, Kr=-1.8475D+00, nECoords =  -6
  Elt   5: FocalPlane  : Flat     with Kc= 0.0000D+00, Kr=-1.0000D+22, nECoords =  -6
  Number of output coordinates is   5
  Computed StopPos =  7.237830624147D-02 -9.831269061112D-01  1.897956990302D+00
 OPD: Rays being traced =          277
 Compute time was    0.0000 sec
  All rays are obscured or lost.
 **Warning: Computing pupil diffraction grid spacing failed!
            Diffraction result is incorrect.
 RMS OPD error is   9.999900000D+36 m 
 P-V OPD error is   0.000000000D+00 m 
 Average OPD is     9.9999000000000000D+36 m 
 One or more rays become undefined at element   3
 A total of      277 rays were lost
   Surface miss:        277
  Input file /tmp/tp3f02e84d_d9e6_4eac_9566_05f9c2199fb5.in being loaded.
 Default used for  SegXgrid
 Default used for nECoord(   1)
 Default used for TElt(   1)
 Default used for nECoord(   2)
 Default used for TElt(   2)
 Default used for nECoord(   3)
 Default used for TElt(   3)
 Default used for nECoord(   4)
 Default used for TElt(   4)
 Default used for nECoord(   5)
 Default used for TElt(   5)
 Optical Train Summary:
  Tracing rays past   5 elements.
  Aperture grid type = Circular  with   21 grid points.
  Elt   1: Reflector   : Aspheric with Kc=-4.0114D+02, Kr= 1.6967D+01, nECoords =  -6
  Elt   2: Reference   : Flat     with Kc= 0.0000D+00, Kr=-1.0000D+22, nECoords =  -6
  Elt   3: Reflector   : Aspheric with Kc= 5.2949D+00, Kr=-2.0732D+00, nECoords =  -6
  Elt   4: Reflector   : Aspheric with Kc= 6.9068D-02, Kr=-1.8475D+00, nECoords =  -6
  Elt   5: FocalPlane  : Flat     with Kc= 0.0000D+00, Kr=-1.0000D+22, nECoords =  -6
  Number of output coordinates is   5
  Computed StopPos =  7.573267583139D-02 -1.023292183382D+00  1.779392279554D+00
 OPD: Rays being traced =          277
 Compute time was    0.0000 sec
  All rays are obscured or lost.
 **Warning: Computing pupil diffraction grid spacing failed!
            Diffraction result is incorrect.
 RMS OPD error is   9.999900000D+36 m 
 P-V OPD error is   0.000000000D+00 m 
 Average OPD is     9.9999000000000000D+36 m 
 One or more rays become undefined at element   3
 A total of      277 rays were lost
   Surface miss:        277
  Input file /tmp/tp3f02e84d_d9e6_4eac_9566_05f9c2199fb5.in being loaded.
 Default used for  SegXgrid
 Default used for nECoord(   1)
 Default used for TElt(   1)
 Default used for nECoord(   2)
 Default used for TElt(   2)
 Default used for nECoord(   3)
 Default used for TElt(   3)
 Default used for nECoord(   4)
 Default used for TElt(   4)
 Default used for nECoord(   5)
 Default used for TElt(   5)
 Optical Train Summary:
  Tracing rays past   5 elements.
  Aperture grid type = Circular  with   21 grid points.
  Elt   1: Reflector   : Aspheric with Kc=-4.0114D+02, Kr= 1.6967D+01, nECoords =  -6
  Elt   2: Reference   : Flat     with Kc= 0.0000D+00, Kr=-1.0000D+22, nECoords =  -6
  Elt   3: Reflector   : Aspheric with Kc= 5.2949D+00, Kr=-2.0732D+00, nECoords =  -6
  Elt   4: Reflector   : Aspheric with Kc= 6.9068D-02, Kr=-1.8475D+00, nECoords =  -6
  Elt   5: FocalPlane  : Flat     with Kc= 0.0000D+00, Kr=-1.0000D+22, nECoords =  -6
  Number of output coordinates is   5
  Computed StopPos =  2.890817116264D-01 -2.378279110945D+00  5.799136000000D-01
 OPD: Rays being traced =          277
 Compute time was    0.0000 sec
  All rays are obscured or lost.
 **Warning: Computing pupil diffraction grid spacing failed!
            Diffraction result is incorrect.
 RMS OPD error is   9.999900000D+36 m 
 P-V OPD error is   0.000000000D+00 m 
 Average OPD is     9.9999000000000000D+36 m 
 One or more rays become undefined at element   1
 A total of      277 rays were lost
   Bracket/iter:        277
  Input file /tmp/tp3f02e84d_d9e6_4eac_9566_05f9c2199fb5.in being loaded.
 Default used for  SegXgrid
 Default used for nECoord(   1)
 Default used for TElt(   1)
 Default used for nECoord(   2)
 Default used for TElt(   2)
 Default used for nECoord(   3)
 Default used for TElt(   3)
 Default used for nECoord(   4)
 Default used for TElt(   4)
 Default used for nECoord(   5)
 Default used for TElt(   5)
 Optical Train Summary:
  Tracing rays past   5 elements.
  Aperture grid type = Circular  with   21 grid points.
  Elt   1: Reflector   : Aspheric with Kc=-4.0114D+02, Kr= 1.6967D+01, nECoords =  -6
  Elt   2: Reference   : Flat     with Kc= 0.0000D+00, Kr=-1.0000D+22, nECoords =  -6
  Elt   3: Reflector   : Aspheric with Kc= 5.2949D+00, Kr=-2.0732D+00, nECoords =  -6
  Elt   4: Reflector   : Aspheric with Kc= 6.9068D-02, Kr=-1.8475D+00, nECoords =  -6
  Elt   5: FocalPlane  : Flat     with Kc= 0.0000D+00, Kr=-1.0000D+22, nECoords =  -6
  Number of output coordinates is   5
  Computed StopPos = -1.062651956211D-21 -9.876252700912D-01  1.898682573976D+00
 OPD: Rays being traced =          277
 Compute time was    0.0000 sec
  All rays are obscured or lost.
 **Warning: Computing pupil diffraction grid spacing failed!
            Diffraction result is incorrect.
 RMS OPD error is   9.999900000D+36 m 
 P-V OPD error is   0.000000000D+00 m 
 Average OPD is     9.9999000000000000D+36 m 
 One or more rays become undefined at element   3
 A total of      277 rays were lost
   Surface miss:        277
  Input file /tmp/tp3f02e84d_d9e6_4eac_9566_05f9c2199fb5.in being loaded.
 Default used for  SegXgrid
 Default used for nECoord(   1)
 Default used for TElt(   1)
 Default used for nECoord(   2)
 Default used for TElt(   2)
 Default used for nECoord(   3)
 Default used for TElt(   3)
 Default used for nECoord(   4)
 Default used for TElt(   4)
 Default used for nECoord(   5)
 Default used for TElt(   5)
 Optical Train Summary:
  Tracing rays past   5 elements.
  Aperture grid type = Circular  with   21 grid points.
  Elt   1: Reflector   : Aspheric with Kc=-4.0114D+02, Kr= 1.6967D+01, nECoords =  -6
  Elt   2: Reference   : Flat     with Kc= 0.0000D+00, Kr=-1.0000D+22, nECoords =  -6
  Elt   3: Reflector   : Aspheric with Kc= 5.2949D+00, Kr=-2.0732D+00, nECoords =  -6
  Elt   4: Reflector   : Aspheric with Kc= 6.9068D-02, Kr=-1.8475D+00, nECoords =  -6
  Elt   5: FocalPlane  : Flat     with Kc= 0.0000D+00, Kr=-1.0000D+22, nECoords =  -6
  Number of output coordinates is   5
  Computed StopPos =  4.496188419895D-24 -1.027929033092D+00  1.778460100567D+00
 OPD: Rays being traced =          277
 Compute time was    0.0000 sec
  All rays are obscured or lost.
 **Warning: Computing pupil diffraction grid spacing failed!
            Diffraction result is incorrect.
 RMS OPD error is   9.999900000D+36 m 
 P-V OPD error is   0.000000000D+00 m 
 Average OPD is     9.9999000000000000D+36 m 
 One or more rays become undefined at element   3
 A total of      277 rays were lost
   Surface miss:        277
  Input file /tmp/tp3f02e84d_d9e6_4eac_9566_05f9c2199fb5.in being loaded.
 Default used for  SegXgrid
 Default used for nECoord(   1)
 Default used for TElt(   1)
 Default used for nECoord(   2)
 Default used for TElt(   2)
 Default used for nECoord(   3)
 Default used for TElt(   3)
 Default used for nECoord(   4)
 Default used for TElt(   4)
 Default used for nECoord(   5)
 Default used for TElt(   5)
 Optical Train Summary:
  Tracing rays past   5 elements.
  Aperture grid type = Circular  with   21 grid points.
  Elt   1: Reflector   : Aspheric with Kc=-4.0114D+02, Kr= 1.6967D+01, nECoords =  -6
  Elt   2: Reference   : Flat     with Kc= 0.0000D+00, Kr=-1.0000D+22, nECoords =  -6
  Elt   3: Reflector   : Aspheric with Kc= 5.2949D+00, Kr=-2.0732D+00, nECoords =  -6
  Elt   4: Reflector   : Aspheric with Kc= 6.9068D-02, Kr=-1.8475D+00, nECoords =  -6
  Elt   5: FocalPlane  : Flat     with Kc= 0.0000D+00, Kr=-1.0000D+22, nECoords =  -6
  Number of output coordinates is   5
  Computed StopPos =  6.350721225024D-24 -2.378279110945D+00  5.799136000000D-01
 OPD: Rays being traced =          277
 Compute time was    0.0000 sec
  All rays are obscured or lost.
 **Warning: Computing pupil diffraction grid spacing failed!
            Diffraction result is incorrect.
 RMS OPD error is   9.999900000D+36 m 
 P-V OPD error is   0.000000000D+00 m 
 Average OPD is     9.9999000000000000D+36 m 
 One or more rays become undefined at element   1
 A total of      277 rays were lost
   Bracket/iter:        277
  Input file /tmp/tp3f02e84d_d9e6_4eac_9566_05f9c2199fb5.in being loaded.
 Default used for  SegXgrid
 Default used for nECoord(   1)
 Default used for TElt(   1)
 Default used for nECoord(   2)
 Default used for TElt(   2)
 Default used for nECoord(   3)
 Default used for TElt(   3)
 Default used for nECoord(   4)
 Default used for TElt(   4)
 Default used for nECoord(   5)
 Default used for TElt(   5)
 Optical Train Summary:
  Tracing rays past   5 elements.
  Aperture grid type = Circular  with   21 grid points.
  Elt   1: Reflector   : Aspheric with Kc=-4.0114D+02, Kr= 1.6967D+01, nECoords =  -6
  Elt   2: Reference   : Flat     with Kc= 0.0000D+00, Kr=-1.0000D+22, nECoords =  -6
  Elt   3: Reflector   : Aspheric with Kc= 5.2949D+00, Kr=-2.0732D+00, nECoords =  -6
  Elt   4: Reflector   : Aspheric with Kc= 6.9068D-02, Kr=-1.8475D+00, nECoords =  -6
  Elt   5: FocalPlane  : Flat     with Kc= 0.0000D+00, Kr=-1.0000D+22, nECoords =  -6
  Number of output coordinates is   5
  Computed StopPos = -7.237830605778D-02 -9.831269057373D-01  1.897956991697D+00
 OPD: Rays being traced =          277
 Compute time was    0.0000 sec
  All rays are obscured or lost.
 **Warning: Computing pupil diffraction grid spacing failed!
            Diffraction result is incorrect.
 RMS OPD error is   9.999900000D+36 m 
 P-V OPD error is   0.000000000D+00 m 
 Average OPD is     9.9999000000000000D+36 m 
 One or more rays become undefined at element   3
 A total of      277 rays were lost
   Surface miss:        277
  Input file /tmp/tp3f02e84d_d9e6_4eac_9566_05f9c2199fb5.in being loaded.
 Default used for  SegXgrid
 Default used for nECoord(   1)
 Default used for TElt(   1)
 Default used for nECoord(   2)
 Default used for TElt(   2)
 Default used for nECoord(   3)
 Default used for TElt(   3)
 Default used for nECoord(   4)
 Default used for TElt(   4)
 Default used for nECoord(   5)
 Default used for TElt(   5)
 Optical Train Summary:
  Tracing rays past   5 elements.
  Aperture grid type = Circular  with   21 grid points.
  Elt   1: Reflector   : Aspheric with Kc=-4.0114D+02, Kr= 1.6967D+01, nECoords =  -6
  Elt   2: Reference   : Flat     with Kc= 0.0000D+00, Kr=-1.0000D+22, nECoords =  -6
  Elt   3: Reflector   : Aspheric with Kc= 5.2949D+00, Kr=-2.0732D+00, nECoords =  -6
  Elt   4: Reflector   : Aspheric with Kc= 6.9068D-02, Kr=-1.8475D+00, nECoords =  -6
  Elt   5: FocalPlane  : Flat     with Kc= 0.0000D+00, Kr=-1.0000D+22, nECoords =  -6
  Number of output coordinates is   5
  Computed StopPos = -7.573267126994D-02 -1.023292169030D+00  1.779392314202D+00
 OPD: Rays being traced =          277
 Compute time was    0.0000 sec
  All rays are obscured or lost.
 **Warning: Computing pupil diffraction grid spacing failed!
            Diffraction result is incorrect.
 RMS OPD error is   9.999900000D+36 m 
 P-V OPD error is   0.000000000D+00 m 
 Average OPD is     9.9999000000000000D+36 m 
 One or more rays become undefined at element   3
 A total of      277 rays were lost
   Surface miss:        277
  Input file /tmp/tp3f02e84d_d9e6_4eac_9566_05f9c2199fb5.in being loaded.
 Default used for  SegXgrid
 Default used for nECoord(   1)
 Default used for TElt(   1)
 Default used for nECoord(   2)
 Default used for TElt(   2)
 Default used for nECoord(   3)
 Default used for TElt(   3)
 Default used for nECoord(   4)
 Default used for TElt(   4)
 Default used for nECoord(   5)
 Default used for TElt(   5)
 Optical Train Summary:
  Tracing rays past   5 elements.
  Aperture grid type = Circular  with   21 grid points.
  Elt   1: Reflector   : Aspheric with Kc=-4.0114D+02, Kr= 1.6967D+01, nECoords =  -6
  Elt   2: Reference   : Flat     with Kc= 0.0000D+00, Kr=-1.0000D+22, nECoords =  -6
  Elt   3: Reflector   : Aspheric with Kc= 5.2949D+00, Kr=-2.0732D+00, nECoords =  -6
  Elt   4: Reflector   : Aspheric with Kc= 6.9068D-02, Kr=-1.8475D+00, nECoords =  -6
  Elt   5: FocalPlane  : Flat     with Kc= 0.0000D+00, Kr=-1.0000D+22, nECoords =  -6
  Number of output coordinates is   5
  Computed StopPos = -2.890817116264D-01 -2.378279110945D+00  5.799136000000D-01
 OPD: Rays being traced =          277
 Compute time was    0.0000 sec
  All rays are obscured or lost.
 **Warning: Computing pupil diffraction grid spacing failed!
            Diffraction result is incorrect.
 RMS OPD error is   9.999900000D+36 m 
 P-V OPD error is   0.000000000D+00 m 
 Average OPD is     9.9999000000000000D+36 m 
 One or more rays become undefined at element   1
 A total of      277 rays were lost
   Bracket/iter:        277
  Input file /tmp/tp8028e33c_c1ce_401d_809e_4878ab8063ac.in being loaded.
 Default used for  SegXgrid
 Default used for nECoord(   1)
 Default used for TElt(   1)
 Default used for nECoord(   2)
 Default used for TElt(   2)
 Default used for nECoord(   3)
 Default used for TElt(   3)
 Default used for nECoord(   4)
 Default used for TElt(   4)
 Default used for nECoord(   5)
 Default used for TElt(   5)
 Optical Train Summary:
  Tracing rays past   5 elements.
  Aperture grid type = Circular  with   41 grid points.
  Elt   1: Reflector   : Aspheric with Kc=-4.0114D+02, Kr= 1.6967D+01, nECoords =  -6
  Elt   2: Reference   : Flat     with Kc= 0.0000D+00, Kr=-1.0000D+22, nECoords =  -6
  Elt   3: Reflector   : Aspheric with Kc= 5.2949D+00, Kr=-2.0732D+00, nECoords =  -6
  Elt   4: Reflector   : Aspheric with Kc= 6.9068D-02, Kr=-1.8475D+00, nECoords =  -6
  Elt   5: FocalPlane  : Flat     with Kc= 0.0000D+00, Kr=-1.0000D+22, nECoords =  -6
  Number of output coordinates is   5
  Computed StopPos =  4.496188419895D-24 -1.027929033092D+00  1.778460100567D+00
 OPD: Rays being traced =         1185
 Compute time was    0.0000 sec
  All rays are obscured or lost.
 **Warning: Computing pupil diffraction grid spacing failed!
            Diffraction result is incorrect.
 RMS OPD error is   9.999900000D+36 m 
 P-V OPD error is   0.000000000D+00 m 
 Average OPD is     9.9999000000000000D+36 m 
 One or more rays become undefined at element   3
 A total of     1185 rays were lost
   Surface miss:       1185
  Input file /tmp/tp3f277e7a_5d78_4ce3_bad2_4d8afb2af75f.in being loaded.
 Default used for  SegXgrid
 Default used for nECoord(   1)
 Default used for TElt(   1)
 Default used for nECoord(   2)
 Default used for TElt(   2)
 Default used for nECoord(   3)
 Default used for TElt(   3)
 Default used for nECoord(   4)
 Default used for TElt(   4)
 Default used for nECoord(   5)
 Default used for TElt(   5)
 Optical Train Summary:
  Tracing rays past   5 elements.
  Aperture grid type = Circular  with   41 grid points.
  Elt   1: Reflector   : Aspheric with Kc=-4.0114D+02, Kr= 1.6967D+01, nECoords =  -6
  Elt   2: Reference   : Flat     with Kc= 0.0000D+00, Kr=-1.0000D+22, nECoords =  -6
  Elt   3: Reflector   : Aspheric with Kc= 5.2949D+00, Kr=-2.0732D+00, nECoords =  -6
  Elt   4: Reflector   : Aspheric with Kc= 6.9068D-02, Kr=-1.8475D+00, nECoords =  -6
  Elt   5: FocalPlane  : Flat     with Kc= 0.0000D+00, Kr=-1.0000D+22, nECoords =  -6
  Number of output coordinates is   5
  Computed StopPos =  4.496188419895D-24 -1.027929033092D+00  1.778460100567D+00
 OPD: Rays being traced =         1185
 Compute time was    0.0000 sec
 OPD: nPassRays =    1184,    DAvgCumL =  25.56807107D-01 m 
 RMS OPD error is   6.961545675D-03 m 
 P-V OPD error is   2.626010700D-02 m 
 Average OPD is     3.8507137536320842D-03 m 
  Input file /tmp/tpcee8d00d_66dc_4869_bc59_f21bca6be308.in being loaded.
 Default used for  SegXgrid
 Default used for nECoord(   1)
 Default used for TElt(   1)
 Default used for nECoord(   2)
 Default used for TElt(   2)
 Default used for nECoord(   3)
 Default used for TElt(   3)
 Default used for nECoord(   4)
 Default used for TElt(   4)
 Default used for nECoord(   5)
 Default used for TElt(   5)
 Optical Train Summary:
  Tracing rays past   5 elements.
  Aperture grid type = Circular  with   21 grid points.
  Elt   1: Reflector   : Aspheric with Kc=-4.0114D+02, Kr= 1.6967D+01, nECoords =  -6
  Elt   2: Reference   : Flat     with Kc= 0.0000D+00, Kr=-1.0000D+22, nECoords =  -6
  Elt   3: Reflector   : Aspheric with Kc= 5.2949D+00, Kr=-2.0732D+00, nECoords =  -6
  Elt   4: Reflector   : Aspheric with Kc= 6.9068D-02, Kr=-1.8475D+00, nECoords =  -6
  Elt   5: FocalPlane  : Flat     with Kc= 0.0000D+00, Kr=-1.0000D+22, nECoords =  -6
  Number of output coordinates is   5
  Computed StopPos =  4.496188419895D-24 -1.027929033092D+00  1.778460100567D+00
 OPD: Rays being traced =          277
 Compute time was    0.0000 sec
  All rays are obscured or lost.
 **Warning: Computing pupil diffraction grid spacing failed!
            Diffraction result is incorrect.
 RMS OPD error is   9.999900000D+36 m 
 P-V OPD error is   0.000000000D+00 m 
 Average OPD is     9.9999000000000000D+36 m 
 One or more rays become undefined at element   3
 A total of      277 rays were lost
   Surface miss:        277
  Input file /tmp/tpcee8d00d_66dc_4869_bc59_f21bca6be308.in being loaded.
 Default used for  SegXgrid
 Default used for nECoord(   1)
 Default used for TElt(   1)
 Default used for nECoord(   2)
 Default used for TElt(   2)
 Default used for nECoord(   3)
 Default used for TElt(   3)
 Default used for nECoord(   4)
 Default used for TElt(   4)
 Default used for nECoord(   5)
 Default used for TElt(   5)
 Optical Train Summary:
  Tracing rays past   5 elements.
  Aperture grid type = Circular  with   21 grid points.
  Elt   1: Reflector   : Aspheric with Kc=-4.0114D+02, Kr= 1.6967D+01, nECoords =  -6
  Elt   2: Reference   : Flat     with Kc= 0.0000D+00, Kr=-1.0000D+22, nECoords =  -6
  Elt   3: Reflector   : Aspheric with Kc= 5.2949D+00, Kr=-2.0732D+00, nECoords =  -6
  Elt   4: Reflector   : Aspheric with Kc= 6.9068D-02, Kr=-1.8475D+00, nECoords =  -6
  Elt   5: FocalPlane  : Flat     with Kc= 0.0000D+00, Kr=-1.0000D+22, nECoords =  -6
  Number of output coordinates is   5
  Computed StopPos = -6.296129474396D-06 -1.027929033074D+00  1.778460100539D+00
 OPD: Rays being traced =          277
 Compute time was    0.0000 sec
  All rays are obscured or lost.
 **Warning: Computing pupil diffraction grid spacing failed!
            Diffraction result is incorrect.
 RMS OPD error is   9.999900000D+36 m 
 P-V OPD error is   0.000000000D+00 m 
 Average OPD is     9.9999000000000000D+36 m 
 One or more rays become undefined at element   3
 A total of      277 rays were lost
   Surface miss:        277
  Input file /tmp/tpcee8d00d_66dc_4869_bc59_f21bca6be308.in being loaded.
 Default used for  SegXgrid
 Default used for nECoord(   1)
 Default used for TElt(   1)
 Default used for nECoord(   2)
 Default used for TElt(   2)
 Default used for nECoord(   3)
 Default used for TElt(   3)
 Default used for nECoord(   4)
 Default used for TElt(   4)
 Default used for nECoord(   5)
 Default used for TElt(   5)
 Optical Train Summary:
  Tracing rays past   5 elements.
  Aperture grid type = Circular  with   21 grid points.
  Elt   1: Reflector   : Aspheric with Kc=-4.0114D+02, Kr= 1.6967D+01, nECoords =  -6
  Elt   2: Reference   : Flat     with Kc= 0.0000D+00, Kr=-1.0000D+22, nECoords =  -6
  Elt   3: Reflector   : Aspheric with Kc= 5.2949D+00, Kr=-2.0732D+00, nECoords =  -6
  Elt   4: Reflector   : Aspheric with Kc= 6.9068D-02, Kr=-1.8475D+00, nECoords =  -6
  Elt   5: FocalPlane  : Flat     with Kc= 0.0000D+00, Kr=-1.0000D+22, nECoords =  -6
  Number of output coordinates is   5
  Computed StopPos =  7.237830624147D-02 -9.831269061112D-01  1.897956990302D+00
 OPD: Rays being traced =          277
 Compute time was    0.0000 sec
  All rays are obscured or lost.
 **Warning: Computing pupil diffraction grid spacing failed!
            Diffraction result is incorrect.
 RMS OPD error is   9.999900000D+36 m 
 P-V OPD error is   0.000000000D+00 m 
 Average OPD is     9.9999000000000000D+36 m 
 One or more rays become undefined at element   3
 A total of      277 rays were lost
   Surface miss:        277
  Input file /tmp/tpcee8d00d_66dc_4869_bc59_f21bca6be308.in being loaded.
 Default used for  SegXgrid
 Default used for nECoord(   1)
 Default used for TElt(   1)
 Default used for nECoord(   2)
 Default used for TElt(   2)
 Default used for nECoord(   3)
 Default used for TElt(   3)
 Default used for nECoord(   4)
 Default used for TElt(   4)
 Default used for nECoord(   5)
 Default used for TElt(   5)
 Optical Train Summary:
  Tracing rays past   5 elements.
  Aperture grid type = Circular  with   21 grid points.
  Elt   1: Reflector   : Aspheric with Kc=-4.0114D+02, Kr= 1.6967D+01, nECoords =  -6
  Elt   2: Reference   : Flat     with Kc= 0.0000D+00, Kr=-1.0000D+22, nECoords =  -6
  Elt   3: Reflector   : Aspheric with Kc= 5.2949D+00, Kr=-2.0732D+00, nECoords =  -6
  Elt   4: Reflector   : Aspheric with Kc= 6.9068D-02, Kr=-1.8475D+00, nECoords =  -6
  Elt   5: FocalPlane  : Flat     with Kc= 0.0000D+00, Kr=-1.0000D+22, nECoords =  -6
  Number of output coordinates is   5
  Computed StopPos =  7.573267583139D-02 -1.023292183382D+00  1.779392279554D+00
 OPD: Rays being traced =          277
 Compute time was    0.0039 sec
  All rays are obscured or lost.
 **Warning: Computing pupil diffraction grid spacing failed!
            Diffraction result is incorrect.
 RMS OPD error is   9.999900000D+36 m 
 P-V OPD error is   0.000000000D+00 m 
 Average OPD is     9.9999000000000000D+36 m 
 One or more rays become undefined at element   3
 A total of      277 rays were lost
   Surface miss:        277
  Input file /tmp/tpcee8d00d_66dc_4869_bc59_f21bca6be308.in being loaded.
 Default used for  SegXgrid
 Default used for nECoord(   1)
 Default used for TElt(   1)
 Default used for nECoord(   2)
 Default used for TElt(   2)
 Default used for nECoord(   3)
 Default used for TElt(   3)
 Default used for nECoord(   4)
 Default used for TElt(   4)
 Default used for nECoord(   5)
 Default used for TElt(   5)
 Optical Train Summary:
  Tracing rays past   5 elements.
  Aperture grid type = Circular  with   21 grid points.
  Elt   1: Reflector   : Aspheric with Kc=-4.0114D+02, Kr= 1.6967D+01, nECoords =  -6
  Elt   2: Reference   : Flat     with Kc= 0.0000D+00, Kr=-1.0000D+22, nECoords =  -6
  Elt   3: Reflector   : Aspheric with Kc= 5.2949D+00, Kr=-2.0732D+00, nECoords =  -6
  Elt   4: Reflector   : Aspheric with Kc= 6.9068D-02, Kr=-1.8475D+00, nECoords =  -6
  Elt   5: FocalPlane  : Flat     with Kc= 0.0000D+00, Kr=-1.0000D+22, nECoords =  -6
  Number of output coordinates is   5
  Computed StopPos =  2.890817116264D-01 -2.378279110945D+00  5.799136000000D-01
 OPD: Rays being traced =          277
 Compute time was    0.0000 sec
  All rays are obscured or lost.
 **Warning: Computing pupil diffraction grid spacing failed!
            Diffraction result is incorrect.
 RMS OPD error is   9.999900000D+36 m 
 P-V OPD error is   0.000000000D+00 m 
 Average OPD is     9.9999000000000000D+36 m 
 One or more rays become undefined at element   1
 A total of      277 rays were lost
   Bracket/iter:        277
  Input file /tmp/tpcee8d00d_66dc_4869_bc59_f21bca6be308.in being loaded.
 Default used for  SegXgrid
 Default used for nECoord(   1)
 Default used for TElt(   1)
 Default used for nECoord(   2)
 Default used for TElt(   2)
 Default used for nECoord(   3)
 Default used for TElt(   3)
 Default used for nECoord(   4)
 Default used for TElt(   4)
 Default used for nECoord(   5)
 Default used for TElt(   5)
 Optical Train Summary:
  Tracing rays past   5 elements.
  Aperture grid type = Circular  with   21 grid points.
  Elt   1: Reflector   : Aspheric with Kc=-4.0114D+02, Kr= 1.6967D+01, nECoords =  -6
  Elt   2: Reference   : Flat     with Kc= 0.0000D+00, Kr=-1.0000D+22, nECoords =  -6
  Elt   3: Reflector   : Aspheric with Kc= 5.2949D+00, Kr=-2.0732D+00, nECoords =  -6
  Elt   4: Reflector   : Aspheric with Kc= 6.9068D-02, Kr=-1.8475D+00, nECoords =  -6
  Elt   5: FocalPlane  : Flat     with Kc= 0.0000D+00, Kr=-1.0000D+22, nECoords =  -6
  Number of output coordinates is   5
  Computed StopPos = -1.062651956211D-21 -9.876252700912D-01  1.898682573976D+00
 OPD: Rays being traced =          277
 Compute time was    0.0000 sec
  All rays are obscured or lost.
 **Warning: Computing pupil diffraction grid spacing failed!
            Diffraction result is incorrect.
 RMS OPD error is   9.999900000D+36 m 
 P-V OPD error is   0.000000000D+00 m 
 Average OPD is     9.9999000000000000D+36 m 
 One or more rays become undefined at element   3
 A total of      277 rays were lost
   Surface miss:        277
  Input file /tmp/tpcee8d00d_66dc_4869_bc59_f21bca6be308.in being loaded.
 Default used for  SegXgrid
 Default used for nECoord(   1)
 Default used for TElt(   1)
 Default used for nECoord(   2)
 Default used for TElt(   2)
 Default used for nECoord(   3)
 Default used for TElt(   3)
 Default used for nECoord(   4)
 Default used for TElt(   4)
 Default used for nECoord(   5)
 Default used for TElt(   5)
 Optical Train Summary:
  Tracing rays past   5 elements.
  Aperture grid type = Circular  with   21 grid points.
  Elt   1: Reflector   : Aspheric with Kc=-4.0114D+02, Kr= 1.6967D+01, nECoords =  -6
  Elt   2: Reference   : Flat     with Kc= 0.0000D+00, Kr=-1.0000D+22, nECoords =  -6
  Elt   3: Reflector   : Aspheric with Kc= 5.2949D+00, Kr=-2.0732D+00, nECoords =  -6
  Elt   4: Reflector   : Aspheric with Kc= 6.9068D-02, Kr=-1.8475D+00, nECoords =  -6
  Elt   5: FocalPlane  : Flat     with Kc= 0.0000D+00, Kr=-1.0000D+22, nECoords =  -6
  Number of output coordinates is   5
  Computed StopPos =  4.496188419895D-24 -1.027929033092D+00  1.778460100567D+00
 OPD: Rays being traced =          277
 Compute time was    0.0000 sec
  All rays are obscured or lost.
 **Warning: Computing pupil diffraction grid spacing failed!
            Diffraction result is incorrect.
 RMS OPD error is   9.999900000D+36 m 
 P-V OPD error is   0.000000000D+00 m 
 Average OPD is     9.9999000000000000D+36 m 
 One or more rays become undefined at element   3
 A total of      277 rays were lost
   Surface miss:        277
  Input file /tmp/tpcee8d00d_66dc_4869_bc59_f21bca6be308.in being loaded.
 Default used for  SegXgrid
 Default used for nECoord(   1)
 Default used for TElt(   1)
 Default used for nECoord(   2)
 Default used for TElt(   2)
 Default used for nECoord(   3)
 Default used for TElt(   3)
 Default used for nECoord(   4)
 Default used for TElt(   4)
 Default used for nECoord(   5)
 Default used for TElt(   5)
 Optical Train Summary:
  Tracing rays past   5 elements.
  Aperture grid type = Circular  with   21 grid points.
  Elt   1: Reflector   : Aspheric with Kc=-4.0114D+02, Kr= 1.6967D+01, nECoords =  -6
  Elt   2: Reference   : Flat     with Kc= 0.0000D+00, Kr=-1.0000D+22, nECoords =  -6
  Elt   3: Reflector   : Aspheric with Kc= 5.2949D+00, Kr=-2.0732D+00, nECoords =  -6
  Elt   4: Reflector   : Aspheric with Kc= 6.9068D-02, Kr=-1.8475D+00, nECoords =  -6
  Elt   5: FocalPlane  : Flat     with Kc= 0.0000D+00, Kr=-1.0000D+22, nECoords =  -6
  Number of output coordinates is   5
  Computed StopPos =  6.350721225024D-24 -2.378279110945D+00  5.799136000000D-01
 OPD: Rays being traced =          277
 Compute time was    0.0000 sec
  All rays are obscured or lost.
 **Warning: Computing pupil diffraction grid spacing failed!
            Diffraction result is incorrect.
 RMS OPD error is   9.999900000D+36 m 
 P-V OPD error is   0.000000000D+00 m 
 Average OPD is     9.9999000000000000D+36 m 
 One or more rays become undefined at element   1
 A total of      277 rays were lost
   Bracket/iter:        277
  Input file /tmp/tpcee8d00d_66dc_4869_bc59_f21bca6be308.in being loaded.
 Default used for  SegXgrid
 Default used for nECoord(   1)
 Default used for TElt(   1)
 Default used for nECoord(   2)
 Default used for TElt(   2)
 Default used for nECoord(   3)
 Default used for TElt(   3)
 Default used for nECoord(   4)
 Default used for TElt(   4)
 Default used for nECoord(   5)
 Default used for TElt(   5)
 Optical Train Summary:
  Tracing rays past   5 elements.
  Aperture grid type = Circular  with   21 grid points.
  Elt   1: Reflector   : Aspheric with Kc=-4.0114D+02, Kr= 1.6967D+01, nECoords =  -6
  Elt   2: Reference   : Flat     with Kc= 0.0000D+00, Kr=-1.0000D+22, nECoords =  -6
  Elt   3: Reflector   : Aspheric with Kc= 5.2949D+00, Kr=-2.0732D+00, nECoords =  -6
  Elt   4: Reflector   : Aspheric with Kc= 6.9068D-02, Kr=-1.8475D+00, nECoords =  -6
  Elt   5: FocalPlane  : Flat     with Kc= 0.0000D+00, Kr=-1.0000D+22, nECoords =  -6
  Number of output coordinates is   5
  Computed StopPos = -7.237830605778D-02 -9.831269057373D-01  1.897956991697D+00
 OPD: Rays being traced =          277
 Compute time was    0.0000 sec
  All rays are obscured or lost.
 **Warning: Computing pupil diffraction grid spacing failed!
            Diffraction result is incorrect.
 RMS OPD error is   9.999900000D+36 m 
 P-V OPD error is   0.000000000D+00 m 
 Average OPD is     9.9999000000000000D+36 m 
 One or more rays become undefined at element   3
 A total of      277 rays were lost
   Surface miss:        277
  Input file /tmp/tpcee8d00d_66dc_4869_bc59_f21bca6be308.in being loaded.
 Default used for  SegXgrid
 Default used for nECoord(   1)
 Default used for TElt(   1)
 Default used for nECoord(   2)
 Default used for TElt(   2)
 Default used for nECoord(   3)
 Default used for TElt(   3)
 Default used for nECoord(   4)
 Default used for TElt(   4)
 Default used for nECoord(   5)
 Default used for TElt(   5)
 Optical Train Summary:
  Tracing rays past   5 elements.
  Aperture grid type = Circular  with   21 grid points.
  Elt   1: Reflector   : Aspheric with Kc=-4.0114D+02, Kr= 1.6967D+01, nECoords =  -6
  Elt   2: Reference   : Flat     with Kc= 0.0000D+00, Kr=-1.0000D+22, nECoords =  -6
  Elt   3: Reflector   : Aspheric with Kc= 5.2949D+00, Kr=-2.0732D+00, nECoords =  -6
  Elt   4: Reflector   : Aspheric with Kc= 6.9068D-02, Kr=-1.8475D+00, nECoords =  -6
  Elt   5: FocalPlane  : Flat     with Kc= 0.0000D+00, Kr=-1.0000D+22, nECoords =  -6
  Number of output coordinates is   5
  Computed StopPos = -7.573267126994D-02 -1.023292169030D+00  1.779392314202D+00
 OPD: Rays being traced =          277
 Compute time was    0.0000 sec
  All rays are obscured or lost.
 **Warning: Computing pupil diffraction grid spacing failed!
            Diffraction result is incorrect.
 RMS OPD error is   9.999900000D+36 m 
 P-V OPD error is   0.000000000D+00 m 
 Average OPD is     9.9999000000000000D+36 m 
 One or more rays become undefined at element   3
 A total of      277 rays were lost
   Surface miss:        277
  Input file /tmp/tpcee8d00d_66dc_4869_bc59_f21bca6be308.in being loaded.
 Default used for  SegXgrid
 Default used for nECoord(   1)
 Default used for TElt(   1)
 Default used for nECoord(   2)
 Default used for TElt(   2)
 Default used for nECoord(   3)
 Default used for TElt(   3)
 Default used for nECoord(   4)
 Default used for TElt(   4)
 Default used for nECoord(   5)
 Default used for TElt(   5)
 Optical Train Summary:
  Tracing rays past   5 elements.
  Aperture grid type = Circular  with   21 grid points.
  Elt   1: Reflector   : Aspheric with Kc=-4.0114D+02, Kr= 1.6967D+01, nECoords =  -6
  Elt   2: Reference   : Flat     with Kc= 0.0000D+00, Kr=-1.0000D+22, nECoords =  -6
  Elt   3: Reflector   : Aspheric with Kc= 5.2949D+00, Kr=-2.0732D+00, nECoords =  -6
  Elt   4: Reflector   : Aspheric with Kc= 6.9068D-02, Kr=-1.8475D+00, nECoords =  -6
  Elt   5: FocalPlane  : Flat     with Kc= 0.0000D+00, Kr=-1.0000D+22, nECoords =  -6
  Number of output coordinates is   5
  Computed StopPos = -2.890817116264D-01 -2.378279110945D+00  5.799136000000D-01
 OPD: Rays being traced =          277
 Compute time was    0.0000 sec
  All rays are obscured or lost.
 **Warning: Computing pupil diffraction grid spacing failed!
            Diffraction result is incorrect.
 RMS OPD error is   9.999900000D+36 m 
 P-V OPD error is   0.000000000D+00 m 
 Average OPD is     9.9999000000000000D+36 m 
 One or more rays become undefined at element   1
 A total of      277 rays were lost
   Bracket/iter:        277
  Input file /tmp/tp6bbb43a6_5084_4abb_88dd_9470e7cc3b20.in being loaded.
 Default used for  SegXgrid
 Default used for nECoord(   1)
 Default used for TElt(   1)
 Default used for nECoord(   2)
 Default used for TElt(   2)
 Default used for nECoord(   3)
 Default used for TElt(   3)
 Default used for nECoord(   4)
 Default used for TElt(   4)
 Default used for nECoord(   5)
 Default used for TElt(   5)
 Optical Train Summary:
  Tracing rays past   5 elements.
  Aperture grid type = Circular  with   41 grid points.
  Elt   1: Reflector   : Aspheric with Kc=-4.0114D+02, Kr= 1.6967D+01, nECoords =  -6
  Elt   2: Reference   : Flat     with Kc= 0.0000D+00, Kr=-1.0000D+22, nECoords =  -6
  Elt   3: Reflector   : Aspheric with Kc= 5.2949D+00, Kr=-2.0732D+00, nECoords =  -6
  Elt   4: Reflector   : Aspheric with Kc= 6.9068D-02, Kr=-1.8475D+00, nECoords =  -6
  Elt   5: FocalPlane  : Flat     with Kc= 0.0000D+00, Kr=-1.0000D+22, nECoords =  -6
  Number of output coordinates is   5
  Computed StopPos =  4.496188419895D-24 -1.027929033092D+00  1.778460100567D+00
 OPD: Rays being traced =         1185
 Compute time was    0.0000 sec
  All rays are obscured or lost.
 **Warning: Computing pupil diffraction grid spacing failed!
            Diffraction result is incorrect.
 RMS OPD error is   9.999900000D+36 m 
 P-V OPD error is   0.000000000D+00 m 
 Average OPD is     9.9999000000000000D+36 m 
 One or more rays become undefined at element   3
 A total of     1185 rays were lost
   Surface miss:       1185
  Input file /tmp/tp2e8b11e2_ec98_43df_9ad3_5e58fba96963.in being loaded.
 Default used for  SegXgrid
 Default used for nECoord(   1)
 Default used for TElt(   1)
 Default used for nECoord(   2)
 Default used for TElt(   2)
 Default used for nECoord(   3)
 Default used for TElt(   3)
 Default used for nECoord(   4)
 Default used for TElt(   4)
 Default used for nECoord(   5)
 Default used for TElt(   5)
 Optical Train Summary:
  Tracing rays past   5 elements.
  Aperture grid type = Circular  with   41 grid points.
  Elt   1: Reflector   : Aspheric with Kc=-4.0114D+02, Kr= 1.6967D+01, nECoords =  -6
  Elt   2: Reference   : Flat     with Kc= 0.0000D+00, Kr=-1.0000D+22, nECoords =  -6
  Elt   3: Reflector   : Aspheric with Kc= 5.2949D+00, Kr=-2.0732D+00, nECoords =  -6
  Elt   4: Reflector   : Aspheric with Kc= 6.9068D-02, Kr=-1.8475D+00, nECoords =  -6
  Elt   5: FocalPlane  : Flat     with Kc= 0.0000D+00, Kr=-1.0000D+22, nECoords =  -6
  Number of output coordinates is   5
  Computed StopPos =  4.496188419895D-24 -1.027929033092D+00  1.778460100567D+00
 OPD: Rays being traced =         1185
 Compute time was    0.0000 sec
 OPD: nPassRays =    1184,    DAvgCumL =  25.56807107D-01 m 
 RMS OPD error is   6.961545675D-03 m 
 P-V OPD error is   2.626010700D-02 m 
 Average OPD is     3.8507137536320842D-03 m 
  Input file /tmp/tp2de3d1bb_a713_483b_a9df_9718c55b8b53.in being loaded.
 Default used for  SegXgrid
 Default used for nECoord(   1)
 Default used for TElt(   1)
 Default used for nECoord(   2)
 Default used for TElt(   2)
 Default used for nECoord(   3)
 Default used for TElt(   3)
 Default used for nECoord(   4)
 Default used for TElt(   4)
 Default used for nECoord(   5)
 Default used for TElt(   5)
 Optical Train Summary:
  Tracing rays past   5 elements.
  Aperture grid type = Circular  with   21 grid points.
  Elt   1: Reflector   : Aspheric with Kc=-4.0114D+02, Kr= 1.6967D+01, nECoords =  -6
  Elt   2: Reference   : Flat     with Kc= 0.0000D+00, Kr=-1.0000D+22, nECoords =  -6
  Elt   3: Reflector   : Aspheric with Kc= 5.2949D+00, Kr=-2.0732D+00, nECoords =  -6
  Elt   4: Reflector   : Aspheric with Kc= 6.9068D-02, Kr=-1.8475D+00, nECoords =  -6
  Elt   5: FocalPlane  : Flat     with Kc= 0.0000D+00, Kr=-1.0000D+22, nECoords =  -6
  Number of output coordinates is   5
  Computed StopPos =  4.496188419895D-24 -1.027929033092D+00  1.778460100567D+00
 OPD: Rays being traced =          277
 Compute time was    0.0000 sec
  All rays are obscured or lost.
 **Warning: Computing pupil diffraction grid spacing failed!
            Diffraction result is incorrect.
 RMS OPD error is   9.999900000D+36 m 
 P-V OPD error is   0.000000000D+00 m 
 Average OPD is     9.9999000000000000D+36 m 
 One or more rays become undefined at element   3
 A total of      277 rays were lost
   Surface miss:        277
  Input file /tmp/tp2de3d1bb_a713_483b_a9df_9718c55b8b53.in being loaded.
 Default used for  SegXgrid
 Default used for nECoord(   1)
 Default used for TElt(   1)
 Default used for nECoord(   2)
 Default used for TElt(   2)
 Default used for nECoord(   3)
 Default used for TElt(   3)
 Default used for nECoord(   4)
 Default used for TElt(   4)
 Default used for nECoord(   5)
 Default used for TElt(   5)
 Optical Train Summary:
  Tracing rays past   5 elements.
  Aperture grid type = Circular  with   21 grid points.
  Elt   1: Reflector   : Aspheric with Kc=-4.0114D+02, Kr= 1.6967D+01, nECoords =  -6
  Elt   2: Reference   : Flat     with Kc= 0.0000D+00, Kr=-1.0000D+22, nECoords =  -6
  Elt   3: Reflector   : Aspheric with Kc= 5.2949D+00, Kr=-2.0732D+00, nECoords =  -6
  Elt   4: Reflector   : Aspheric with Kc= 6.9068D-02, Kr=-1.8475D+00, nECoords =  -6
  Elt   5: FocalPlane  : Flat     with Kc= 0.0000D+00, Kr=-1.0000D+22, nECoords =  -6
  Number of output coordinates is   5
  Computed StopPos = -6.296129474396D-06 -1.027929033074D+00  1.778460100539D+00
 OPD: Rays being traced =          277
 Compute time was    0.0000 sec
  All rays are obscured or lost.
 **Warning: Computing pupil diffraction grid spacing failed!
            Diffraction result is incorrect.
 RMS OPD error is   9.999900000D+36 m 
 P-V OPD error is   0.000000000D+00 m 
 Average OPD is     9.9999000000000000D+36 m 
 One or more rays become undefined at element   3
 A total of      277 rays were lost
   Surface miss:        277
  Input file /tmp/tp2de3d1bb_a713_483b_a9df_9718c55b8b53.in being loaded.
 Default used for  SegXgrid
 Default used for nECoord(   1)
 Default used for TElt(   1)
 Default used for nECoord(   2)
 Default used for TElt(   2)
 Default used for nECoord(   3)
 Default used for TElt(   3)
 Default used for nECoord(   4)
 Default used for TElt(   4)
 Default used for nECoord(   5)
 Default used for TElt(   5)
 Optical Train Summary:
  Tracing rays past   5 elements.
  Aperture grid type = Circular  with   21 grid points.
  Elt   1: Reflector   : Aspheric with Kc=-4.0114D+02, Kr= 1.6967D+01, nECoords =  -6
  Elt   2: Reference   : Flat     with Kc= 0.0000D+00, Kr=-1.0000D+22, nECoords =  -6
  Elt   3: Reflector   : Aspheric with Kc= 5.2949D+00, Kr=-2.0732D+00, nECoords =  -6
  Elt   4: Reflector   : Aspheric with Kc= 6.9068D-02, Kr=-1.8475D+00, nECoords =  -6
  Elt   5: FocalPlane  : Flat     with Kc= 0.0000D+00, Kr=-1.0000D+22, nECoords =  -6
  Number of output coordinates is   5
  Computed StopPos =  7.237830624147D-02 -9.831269061112D-01  1.897956990302D+00
 OPD: Rays being traced =          277
 Compute time was    0.0039 sec
  All rays are obscured or lost.
 **Warning: Computing pupil diffraction grid spacing failed!
            Diffraction result is incorrect.
 RMS OPD error is   9.999900000D+36 m 
 P-V OPD error is   0.000000000D+00 m 
 Average OPD is     9.9999000000000000D+36 m 
 One or more rays become undefined at element   3
 A total of      277 rays were lost
   Surface miss:        277
  Input file /tmp/tp2de3d1bb_a713_483b_a9df_9718c55b8b53.in being loaded.
 Default used for  SegXgrid
 Default used for nECoord(   1)
 Default used for TElt(   1)
 Default used for nECoord(   2)
 Default used for TElt(   2)
 Default used for nECoord(   3)
 Default used for TElt(   3)
 Default used for nECoord(   4)
 Default used for TElt(   4)
 Default used for nECoord(   5)
 Default used for TElt(   5)
 Optical Train Summary:
  Tracing rays past   5 elements.
  Aperture grid type = Circular  with   21 grid points.
  Elt   1: Reflector   : Aspheric with Kc=-4.0114D+02, Kr= 1.6967D+01, nECoords =  -6
  Elt   2: Reference   : Flat     with Kc= 0.0000D+00, Kr=-1.0000D+22, nECoords =  -6
  Elt   3: Reflector   : Aspheric with Kc= 5.2949D+00, Kr=-2.0732D+00, nECoords =  -6
  Elt   4: Reflector   : Aspheric with Kc= 6.9068D-02, Kr=-1.8475D+00, nECoords =  -6
  Elt   5: FocalPlane  : Flat     with Kc= 0.0000D+00, Kr=-1.0000D+22, nECoords =  -6
  Number of output coordinates is   5
  Computed StopPos =  7.573267583139D-02 -1.023292183382D+00  1.779392279554D+00
 OPD: Rays being traced =          277
 Compute time was    0.0039 sec
  All rays are obscured or lost.
 **Warning: Computing pupil diffraction grid spacing failed!
            Diffraction result is incorrect.
 RMS OPD error is   9.999900000D+36 m 
 P-V OPD error is   0.000000000D+00 m 
 Average OPD is     9.9999000000000000D+36 m 
 One or more rays become undefined at element   3
 A total of      277 rays were lost
   Surface miss:        277
  Input file /tmp/tp2de3d1bb_a713_483b_a9df_9718c55b8b53.in being loaded.
 Default used for  SegXgrid
 Default used for nECoord(   1)
 Default used for TElt(   1)
 Default used for nECoord(   2)
 Default used for TElt(   2)
 Default used for nECoord(   3)
 Default used for TElt(   3)
 Default used for nECoord(   4)
 Default used for TElt(   4)
 Default used for nECoord(   5)
 Default used for TElt(   5)
 Optical Train Summary:
  Tracing rays past   5 elements.
  Aperture grid type = Circular  with   21 grid points.
  Elt   1: Reflector   : Aspheric with Kc=-4.0114D+02, Kr= 1.6967D+01, nECoords =  -6
  Elt   2: Reference   : Flat     with Kc= 0.0000D+00, Kr=-1.0000D+22, nECoords =  -6
  Elt   3: Reflector   : Aspheric with Kc= 5.2949D+00, Kr=-2.0732D+00, nECoords =  -6
  Elt   4: Reflector   : Aspheric with Kc= 6.9068D-02, Kr=-1.8475D+00, nECoords =  -6
  Elt   5: FocalPlane  : Flat     with Kc= 0.0000D+00, Kr=-1.0000D+22, nECoords =  -6
  Number of output coordinates is   5
  Computed StopPos =  2.890817116264D-01 -2.378279110945D+00  5.799136000000D-01
 OPD: Rays being traced =          277
 Compute time was    0.0000 sec
  All rays are obscured or lost.
 **Warning: Computing pupil diffraction grid spacing failed!
            Diffraction result is incorrect.
 RMS OPD error is   9.999900000D+36 m 
 P-V OPD error is   0.000000000D+00 m 
 Average OPD is     9.9999000000000000D+36 m 
 One or more rays become undefined at element   1
 A total of      277 rays were lost
   Bracket/iter:        277
  Input file /tmp/tp2de3d1bb_a713_483b_a9df_9718c55b8b53.in being loaded.
 Default used for  SegXgrid
 Default used for nECoord(   1)
 Default used for TElt(   1)
 Default used for nECoord(   2)
 Default used for TElt(   2)
 Default used for nECoord(   3)
 Default used for TElt(   3)
 Default used for nECoord(   4)
 Default used for TElt(   4)
 Default used for nECoord(   5)
 Default used for TElt(   5)
 Optical Train Summary:
  Tracing rays past   5 elements.
  Aperture grid type = Circular  with   21 grid points.
  Elt   1: Reflector   : Aspheric with Kc=-4.0114D+02, Kr= 1.6967D+01, nECoords =  -6
  Elt   2: Reference   : Flat     with Kc= 0.0000D+00, Kr=-1.0000D+22, nECoords =  -6
  Elt   3: Reflector   : Aspheric with Kc= 5.2949D+00, Kr=-2.0732D+00, nECoords =  -6
  Elt   4: Reflector   : Aspheric with Kc= 6.9068D-02, Kr=-1.8475D+00, nECoords =  -6
  Elt   5: FocalPlane  : Flat     with Kc= 0.0000D+00, Kr=-1.0000D+22, nECoords =  -6
  Number of output coordinates is   5
  Computed StopPos = -1.062651956211D-21 -9.876252700912D-01  1.898682573976D+00
 OPD: Rays being traced =          277
 Compute time was    0.0000 sec
  All rays are obscured or lost.
 **Warning: Computing pupil diffraction grid spacing failed!
            Diffraction result is incorrect.
 RMS OPD error is   9.999900000D+36 m 
 P-V OPD error is   0.000000000D+00 m 
 Average OPD is     9.9999000000000000D+36 m 
 One or more rays become undefined at element   3
 A total of      277 rays were lost
   Surface miss:        277
  Input file /tmp/tp2de3d1bb_a713_483b_a9df_9718c55b8b53.in being loaded.
 Default used for  SegXgrid
 Default used for nECoord(   1)
 Default used for TElt(   1)
 Default used for nECoord(   2)
 Default used for TElt(   2)
 Default used for nECoord(   3)
 Default used for TElt(   3)
 Default used for nECoord(   4)
 Default used for TElt(   4)
 Default used for nECoord(   5)
 Default used for TElt(   5)
 Optical Train Summary:
  Tracing rays past   5 elements.
  Aperture grid type = Circular  with   21 grid points.
  Elt   1: Reflector   : Aspheric with Kc=-4.0114D+02, Kr= 1.6967D+01, nECoords =  -6
  Elt   2: Reference   : Flat     with Kc= 0.0000D+00, Kr=-1.0000D+22, nECoords =  -6
  Elt   3: Reflector   : Aspheric with Kc= 5.2949D+00, Kr=-2.0732D+00, nECoords =  -6
  Elt   4: Reflector   : Aspheric with Kc= 6.9068D-02, Kr=-1.8475D+00, nECoords =  -6
  Elt   5: FocalPlane  : Flat     with Kc= 0.0000D+00, Kr=-1.0000D+22, nECoords =  -6
  Number of output coordinates is   5
  Computed StopPos =  4.496188419895D-24 -1.027929033092D+00  1.778460100567D+00
 OPD: Rays being traced =          277
 Compute time was    0.0039 sec
  All rays are obscured or lost.
 **Warning: Computing pupil diffraction grid spacing failed!
            Diffraction result is incorrect.
 RMS OPD error is   9.999900000D+36 m 
 P-V OPD error is   0.000000000D+00 m 
 Average OPD is     9.9999000000000000D+36 m 
 One or more rays become undefined at element   3
 A total of      277 rays were lost
   Surface miss:        277
  Input file /tmp/tp2de3d1bb_a713_483b_a9df_9718c55b8b53.in being loaded.
 Default used for  SegXgrid
 Default used for nECoord(   1)
 Default used for TElt(   1)
 Default used for nECoord(   2)
 Default used for TElt(   2)
 Default used for nECoord(   3)
 Default used for TElt(   3)
 Default used for nECoord(   4)
 Default used for TElt(   4)
 Default used for nECoord(   5)
 Default used for TElt(   5)
 Optical Train Summary:
  Tracing rays past   5 elements.
  Aperture grid type = Circular  with   21 grid points.
  Elt   1: Reflector   : Aspheric with Kc=-4.0114D+02, Kr= 1.6967D+01, nECoords =  -6
  Elt   2: Reference   : Flat     with Kc= 0.0000D+00, Kr=-1.0000D+22, nECoords =  -6
  Elt   3: Reflector   : Aspheric with Kc= 5.2949D+00, Kr=-2.0732D+00, nECoords =  -6
  Elt   4: Reflector   : Aspheric with Kc= 6.9068D-02, Kr=-1.8475D+00, nECoords =  -6
  Elt   5: FocalPlane  : Flat     with Kc= 0.0000D+00, Kr=-1.0000D+22, nECoords =  -6
  Number of output coordinates is   5
  Computed StopPos =  6.350721225024D-24 -2.378279110945D+00  5.799136000000D-01
 OPD: Rays being traced =          277
 Compute time was    0.0000 sec
  All rays are obscured or lost.
 **Warning: Computing pupil diffraction grid spacing failed!
            Diffraction result is incorrect.
 RMS OPD error is   9.999900000D+36 m 
 P-V OPD error is   0.000000000D+00 m 
 Average OPD is     9.9999000000000000D+36 m 
 One or more rays become undefined at element   1
 A total of      277 rays were lost
   Bracket/iter:        277
  Input file /tmp/tp2de3d1bb_a713_483b_a9df_9718c55b8b53.in being loaded.
 Default used for  SegXgrid
 Default used for nECoord(   1)
 Default used for TElt(   1)
 Default used for nECoord(   2)
 Default used for TElt(   2)
 Default used for nECoord(   3)
 Default used for TElt(   3)
 Default used for nECoord(   4)
 Default used for TElt(   4)
 Default used for nECoord(   5)
 Default used for TElt(   5)
 Optical Train Summary:
  Tracing rays past   5 elements.
  Aperture grid type = Circular  with   21 grid points.
  Elt   1: Reflector   : Aspheric with Kc=-4.0114D+02, Kr= 1.6967D+01, nECoords =  -6
  Elt   2: Reference   : Flat     with Kc= 0.0000D+00, Kr=-1.0000D+22, nECoords =  -6
  Elt   3: Reflector   : Aspheric with Kc= 5.2949D+00, Kr=-2.0732D+00, nECoords =  -6
  Elt   4: Reflector   : Aspheric with Kc= 6.9068D-02, Kr=-1.8475D+00, nECoords =  -6
  Elt   5: FocalPlane  : Flat     with Kc= 0.0000D+00, Kr=-1.0000D+22, nECoords =  -6
  Number of output coordinates is   5
  Computed StopPos = -7.237830605778D-02 -9.831269057373D-01  1.897956991697D+00
 OPD: Rays being traced =          277
 Compute time was    0.0000 sec
  All rays are obscured or lost.
 **Warning: Computing pupil diffraction grid spacing failed!
            Diffraction result is incorrect.
 RMS OPD error is   9.999900000D+36 m 
 P-V OPD error is   0.000000000D+00 m 
 Average OPD is     9.9999000000000000D+36 m 
 One or more rays become undefined at element   3
 A total of      277 rays were lost
   Surface miss:        277
  Input file /tmp/tp2de3d1bb_a713_483b_a9df_9718c55b8b53.in being loaded.
 Default used for  SegXgrid
 Default used for nECoord(   1)
 Default used for TElt(   1)
 Default used for nECoord(   2)
 Default used for TElt(   2)
 Default used for nECoord(   3)
 Default used for TElt(   3)
 Default used for nECoord(   4)
 Default used for TElt(   4)
 Default used for nECoord(   5)
 Default used for TElt(   5)
 Optical Train Summary:
  Tracing rays past   5 elements.
  Aperture grid type = Circular  with   21 grid points.
  Elt   1: Reflector   : Aspheric with Kc=-4.0114D+02, Kr= 1.6967D+01, nECoords =  -6
  Elt   2: Reference   : Flat     with Kc= 0.0000D+00, Kr=-1.0000D+22, nECoords =  -6
  Elt   3: Reflector   : Aspheric with Kc= 5.2949D+00, Kr=-2.0732D+00, nECoords =  -6
  Elt   4: Reflector   : Aspheric with Kc= 6.9068D-02, Kr=-1.8475D+00, nECoords =  -6
  Elt   5: FocalPlane  : Flat     with Kc= 0.0000D+00, Kr=-1.0000D+22, nECoords =  -6
  Number of output coordinates is   5
  Computed StopPos = -7.573267126994D-02 -1.023292169030D+00  1.779392314202D+00
 OPD: Rays being traced =          277
 Compute time was    0.0000 sec
  All rays are obscured or lost.
 **Warning: Computing pupil diffraction grid spacing failed!
            Diffraction result is incorrect.
 RMS OPD error is   9.999900000D+36 m 
 P-V OPD error is   0.000000000D+00 m 
 Average OPD is     9.9999000000000000D+36 m 
 One or more rays become undefined at element   3
 A total of      277 rays were lost
   Surface miss:        277
  Input file /tmp/tp2de3d1bb_a713_483b_a9df_9718c55b8b53.in being loaded.
 Default used for  SegXgrid
 Default used for nECoord(   1)
 Default used for TElt(   1)
 Default used for nECoord(   2)
 Default used for TElt(   2)
 Default used for nECoord(   3)
 Default used for TElt(   3)
 Default used for nECoord(   4)
 Default used for TElt(   4)
 Default used for nECoord(   5)
 Default used for TElt(   5)
 Optical Train Summary:
  Tracing rays past   5 elements.
  Aperture grid type = Circular  with   21 grid points.
  Elt   1: Reflector   : Aspheric with Kc=-4.0114D+02, Kr= 1.6967D+01, nECoords =  -6
  Elt   2: Reference   : Flat     with Kc= 0.0000D+00, Kr=-1.0000D+22, nECoords =  -6
  Elt   3: Reflector   : Aspheric with Kc= 5.2949D+00, Kr=-2.0732D+00, nECoords =  -6
  Elt   4: Reflector   : Aspheric with Kc= 6.9068D-02, Kr=-1.8475D+00, nECoords =  -6
  Elt   5: FocalPlane  : Flat     with Kc= 0.0000D+00, Kr=-1.0000D+22, nECoords =  -6
  Number of output coordinates is   5
  Computed StopPos = -2.890817116264D-01 -2.378279110945D+00  5.799136000000D-01
 OPD: Rays being traced =          277
 Compute time was    0.0000 sec
  All rays are obscured or lost.
 **Warning: Computing pupil diffraction grid spacing failed!
            Diffraction result is incorrect.
 RMS OPD error is   9.999900000D+36 m 
 P-V OPD error is   0.000000000D+00 m 
 Average OPD is     9.9999000000000000D+36 m 
 One or more rays become undefined at element   1
 A total of      277 rays were lost
   Bracket/iter:        277
  Input file /tmp/tp900d72f6_c69f_407e_a018_ecd6c4c2ce21.in being loaded.
 Default used for  SegXgrid
 Default used for nECoord(   1)
 Default used for TElt(   1)
 Default used for nECoord(   2)
 Default used for TElt(   2)
 Default used for nECoord(   3)
 Default used for TElt(   3)
 Default used for nECoord(   4)
 Default used for TElt(   4)
 Default used for nECoord(   5)
 Default used for TElt(   5)
 Optical Train Summary:
  Tracing rays past   5 elements.
  Aperture grid type = Circular  with   41 grid points.
  Elt   1: Reflector   : Aspheric with Kc=-4.0114D+02, Kr= 1.6967D+01, nECoords =  -6
  Elt   2: Reference   : Flat     with Kc= 0.0000D+00, Kr=-1.0000D+22, nECoords =  -6
  Elt   3: Reflector   : Aspheric with Kc= 5.2949D+00, Kr=-2.0732D+00, nECoords =  -6
  Elt   4: Reflector   : Aspheric with Kc= 6.9068D-02, Kr=-1.8475D+00, nECoords =  -6
  Elt   5: FocalPlane  : Flat     with Kc= 0.0000D+00, Kr=-1.0000D+22, nECoords =  -6
  Number of output coordinates is   5
  Computed StopPos =  4.496188419895D-24 -1.027929033092D+00  1.778460100567D+00
 OPD: Rays being traced =         1185
 Compute time was    0.0000 sec
  All rays are obscured or lost.
 **Warning: Computing pupil diffraction grid spacing failed!
            Diffraction result is incorrect.
 RMS OPD error is   9.999900000D+36 m 
 P-V OPD error is   0.000000000D+00 m 
 Average OPD is     9.9999000000000000D+36 m 
 One or more rays become undefined at element   3
 A total of     1185 rays were lost
   Surface miss:       1185
  Input file /tmp/tpefa37402_dfbb_4f31_be0c_7dcfbcfdd420.in being loaded.
 Default used for  SegXgrid
 Default used for nECoord(   1)
 Default used for TElt(   1)
 Default used for nECoord(   2)
 Default used for TElt(   2)
 Default used for nECoord(   3)
 Default used for TElt(   3)
 Default used for nECoord(   4)
 Default used for TElt(   4)
 Default used for nECoord(   5)
 Default used for TElt(   5)
 Optical Train Summary:
  Tracing rays past   5 elements.
  Aperture grid type = Circular  with   41 grid points.
  Elt   1: Reflector   : Aspheric with Kc=-4.0114D+02, Kr= 1.6967D+01, nECoords =  -6
  Elt   2: Reference   : Flat     with Kc= 0.0000D+00, Kr=-1.0000D+22, nECoords =  -6
  Elt   3: Reflector   : Aspheric with Kc= 5.2949D+00, Kr=-2.0732D+00, nECoords =  -6
  Elt   4: Reflector   : Aspheric with Kc= 6.9068D-02, Kr=-1.8475D+00, nECoords =  -6
  Elt   5: FocalPlane  : Flat     with Kc= 0.0000D+00, Kr=-1.0000D+22, nECoords =  -6
  Number of output coordinates is   5
  Computed StopPos =  4.496188419895D-24 -1.027929033092D+00  1.778460100567D+00
 OPD: Rays being traced =         1185
 Compute time was    0.0039 sec
 OPD: nPassRays =    1184,    DAvgCumL =  25.56807107D-01 m 
 RMS OPD error is   6.961545675D-03 m 
 P-V OPD error is   2.626010700D-02 m 
 Average OPD is     3.8507137536320842D-03 m 
  Input file /tmp/tp1fccbd12_01b1_4eb2_94ed_ec71ea8c88e8.in being loaded.
 Default used for  SegXgrid
 Default used for nECoord(   1)
 Default used for TElt(   1)
 Default used for nECoord(   2)
 Default used for TElt(   2)
 Default used for nECoord(   3)
 Default used for TElt(   3)
 Default used for nECoord(   4)
 Default used for TElt(   4)
 Default used for nECoord(   5)
 Default used for TElt(   5)
 Optical Train Summary:
  Tracing rays past   5 elements.
  Aperture grid type = Circular  with   21 grid points.
  Elt   1: Reflector   : Aspheric with Kc=-4.0114D+02, Kr= 1.6967D+01, nECoords =  -6
  Elt   2: Reference   : Flat     with Kc= 0.0000D+00, Kr=-1.0000D+22, nECoords =  -6
  Elt   3: Reflector   : Aspheric with Kc= 5.2949D+00, Kr=-2.0732D+00, nECoords =  -6
  Elt   4: Reflector   : Aspheric with Kc= 6.9068D-02, Kr=-1.8475D+00, nECoords =  -6
  Elt   5: FocalPlane  : Flat     with Kc= 0.0000D+00, Kr=-1.0000D+22, nECoords =  -6
  Number of output coordinates is   5
  Computed StopPos =  4.496188419895D-24 -1.027929033092D+00  1.778460100567D+00
 OPD: Rays being traced =          277
 Compute time was    0.0000 sec
  All rays are obscured or lost.
 **Warning: Computing pupil diffraction grid spacing failed!
            Diffraction result is incorrect.
 RMS OPD error is   9.999900000D+36 m 
 P-V OPD error is   0.000000000D+00 m 
 Average OPD is     9.9999000000000000D+36 m 
 One or more rays become undefined at element   3
 A total of      277 rays were lost
   Surface miss:        277
  Input file /tmp/tp1fccbd12_01b1_4eb2_94ed_ec71ea8c88e8.in being loaded.
 Default used for  SegXgrid
 Default used for nECoord(   1)
 Default used for TElt(   1)
 Default used for nECoord(   2)
 Default used for TElt(   2)
 Default used for nECoord(   3)
 Default used for TElt(   3)
 Default used for nECoord(   4)
 Default used for TElt(   4)
 Default used for nECoord(   5)
 Default used for TElt(   5)
 Optical Train Summary:
  Tracing rays past   5 elements.
  Aperture grid type = Circular  with   21 grid points.
  Elt   1: Reflector   : Aspheric with Kc=-4.0114D+02, Kr= 1.6967D+01, nECoords =  -6
  Elt   2: Reference   : Flat     with Kc= 0.0000D+00, Kr=-1.0000D+22, nECoords =  -6
  Elt   3: Reflector   : Aspheric with Kc= 5.2949D+00, Kr=-2.0732D+00, nECoords =  -6
  Elt   4: Reflector   : Aspheric with Kc= 6.9068D-02, Kr=-1.8475D+00, nECoords =  -6
  Elt   5: FocalPlane  : Flat     with Kc= 0.0000D+00, Kr=-1.0000D+22, nECoords =  -6
  Number of output coordinates is   5
  Computed StopPos = -6.296129474396D-06 -1.027929033074D+00  1.778460100539D+00
 OPD: Rays being traced =          277
 Compute time was    0.0000 sec
  All rays are obscured or lost.
 **Warning: Computing pupil diffraction grid spacing failed!
            Diffraction result is incorrect.
 RMS OPD error is   9.999900000D+36 m 
 P-V OPD error is   0.000000000D+00 m 
 Average OPD is     9.9999000000000000D+36 m 
 One or more rays become undefined at element   3
 A total of      277 rays were lost
   Surface miss:        277
  Input file /tmp/tp1fccbd12_01b1_4eb2_94ed_ec71ea8c88e8.in being loaded.
 Default used for  SegXgrid
 Default used for nECoord(   1)
 Default used for TElt(   1)
 Default used for nECoord(   2)
 Default used for TElt(   2)
 Default used for nECoord(   3)
 Default used for TElt(   3)
 Default used for nECoord(   4)
 Default used for TElt(   4)
 Default used for nECoord(   5)
 Default used for TElt(   5)
 Optical Train Summary:
  Tracing rays past   5 elements.
  Aperture grid type = Circular  with   21 grid points.
  Elt   1: Reflector   : Aspheric with Kc=-4.0114D+02, Kr= 1.6967D+01, nECoords =  -6
  Elt   2: Reference   : Flat     with Kc= 0.0000D+00, Kr=-1.0000D+22, nECoords =  -6
  Elt   3: Reflector   : Aspheric with Kc= 5.2949D+00, Kr=-2.0732D+00, nECoords =  -6
  Elt   4: Reflector   : Aspheric with Kc= 6.9068D-02, Kr=-1.8475D+00, nECoords =  -6
  Elt   5: FocalPlane  : Flat     with Kc= 0.0000D+00, Kr=-1.0000D+22, nECoords =  -6
  Number of output coordinates is   5
  Computed StopPos =  7.237830624147D-02 -9.831269061112D-01  1.897956990302D+00
 OPD: Rays being traced =          277
 Compute time was    0.0000 sec
  All rays are obscured or lost.
 **Warning: Computing pupil diffraction grid spacing failed!
            Diffraction result is incorrect.
 RMS OPD error is   9.999900000D+36 m 
 P-V OPD error is   0.000000000D+00 m 
 Average OPD is     9.9999000000000000D+36 m 
 One or more rays become undefined at element   3
 A total of      277 rays were lost
   Surface miss:        277
  Input file /tmp/tp1fccbd12_01b1_4eb2_94ed_ec71ea8c88e8.in being loaded.
 Default used for  SegXgrid
 Default used for nECoord(   1)
 Default used for TElt(   1)
 Default used for nECoord(   2)
 Default used for TElt(   2)
 Default used for nECoord(   3)
 Default used for TElt(   3)
 Default used for nECoord(   4)
 Default used for TElt(   4)
 Default used for nECoord(   5)
 Default used for TElt(   5)
 Optical Train Summary:
  Tracing rays past   5 elements.
  Aperture grid type = Circular  with   21 grid points.
  Elt   1: Reflector   : Aspheric with Kc=-4.0114D+02, Kr= 1.6967D+01, nECoords =  -6
  Elt   2: Reference   : Flat     with Kc= 0.0000D+00, Kr=-1.0000D+22, nECoords =  -6
  Elt   3: Reflector   : Aspheric with Kc= 5.2949D+00, Kr=-2.0732D+00, nECoords =  -6
  Elt   4: Reflector   : Aspheric with Kc= 6.9068D-02, Kr=-1.8475D+00, nECoords =  -6
  Elt   5: FocalPlane  : Flat     with Kc= 0.0000D+00, Kr=-1.0000D+22, nECoords =  -6
  Number of output coordinates is   5
  Computed StopPos =  7.573267583139D-02 -1.023292183382D+00  1.779392279554D+00
 OPD: Rays being traced =          277
 Compute time was    0.0000 sec
  All rays are obscured or lost.
 **Warning: Computing pupil diffraction grid spacing failed!
            Diffraction result is incorrect.
 RMS OPD error is   9.999900000D+36 m 
 P-V OPD error is   0.000000000D+00 m 
 Average OPD is     9.9999000000000000D+36 m 
 One or more rays become undefined at element   3
 A total of      277 rays were lost
   Surface miss:        277
  Input file /tmp/tp1fccbd12_01b1_4eb2_94ed_ec71ea8c88e8.in being loaded.
 Default used for  SegXgrid
 Default used for nECoord(   1)
 Default used for TElt(   1)
 Default used for nECoord(   2)
 Default used for TElt(   2)
 Default used for nECoord(   3)
 Default used for TElt(   3)
 Default used for nECoord(   4)
 Default used for TElt(   4)
 Default used for nECoord(   5)
 Default used for TElt(   5)
 Optical Train Summary:
  Tracing rays past   5 elements.
  Aperture grid type = Circular  with   21 grid points.
  Elt   1: Reflector   : Aspheric with Kc=-4.0114D+02, Kr= 1.6967D+01, nECoords =  -6
  Elt   2: Reference   : Flat     with Kc= 0.0000D+00, Kr=-1.0000D+22, nECoords =  -6
  Elt   3: Reflector   : Aspheric with Kc= 5.2949D+00, Kr=-2.0732D+00, nECoords =  -6
  Elt   4: Reflector   : Aspheric with Kc= 6.9068D-02, Kr=-1.8475D+00, nECoords =  -6
  Elt   5: FocalPlane  : Flat     with Kc= 0.0000D+00, Kr=-1.0000D+22, nECoords =  -6
  Number of output coordinates is   5
  Computed StopPos =  2.890817116264D-01 -2.378279110945D+00  5.799136000000D-01
 OPD: Rays being traced =          277
 Compute time was    0.0000 sec
  All rays are obscured or lost.
 **Warning: Computing pupil diffraction grid spacing failed!
            Diffraction result is incorrect.
 RMS OPD error is   9.999900000D+36 m 
 P-V OPD error is   0.000000000D+00 m 
 Average OPD is     9.9999000000000000D+36 m 
 One or more rays become undefined at element   1
 A total of      277 rays were lost
   Bracket/iter:        277
  Input file /tmp/tp1fccbd12_01b1_4eb2_94ed_ec71ea8c88e8.in being loaded.
 Default used for  SegXgrid
 Default used for nECoord(   1)
 Default used for TElt(   1)
 Default used for nECoord(   2)
 Default used for TElt(   2)
 Default used for nECoord(   3)
 Default used for TElt(   3)
 Default used for nECoord(   4)
 Default used for TElt(   4)
 Default used for nECoord(   5)
 Default used for TElt(   5)
 Optical Train Summary:
  Tracing rays past   5 elements.
  Aperture grid type = Circular  with   21 grid points.
  Elt   1: Reflector   : Aspheric with Kc=-4.0114D+02, Kr= 1.6967D+01, nECoords =  -6
  Elt   2: Reference   : Flat     with Kc= 0.0000D+00, Kr=-1.0000D+22, nECoords =  -6
  Elt   3: Reflector   : Aspheric with Kc= 5.2949D+00, Kr=-2.0732D+00, nECoords =  -6
  Elt   4: Reflector   : Aspheric with Kc= 6.9068D-02, Kr=-1.8475D+00, nECoords =  -6
  Elt   5: FocalPlane  : Flat     with Kc= 0.0000D+00, Kr=-1.0000D+22, nECoords =  -6
  Number of output coordinates is   5
  Computed StopPos = -1.062651956211D-21 -9.876252700912D-01  1.898682573976D+00
 OPD: Rays being traced =          277
 Compute time was    0.0000 sec
  All rays are obscured or lost.
 **Warning: Computing pupil diffraction grid spacing failed!
            Diffraction result is incorrect.
 RMS OPD error is   9.999900000D+36 m 
 P-V OPD error is   0.000000000D+00 m 
 Average OPD is     9.9999000000000000D+36 m 
 One or more rays become undefined at element   3
 A total of      277 rays were lost
   Surface miss:        277
  Input file /tmp/tp1fccbd12_01b1_4eb2_94ed_ec71ea8c88e8.in being loaded.
 Default used for  SegXgrid
 Default used for nECoord(   1)
 Default used for TElt(   1)
 Default used for nECoord(   2)
 Default used for TElt(   2)
 Default used for nECoord(   3)
 Default used for TElt(   3)
 Default used for nECoord(   4)
 Default used for TElt(   4)
 Default used for nECoord(   5)
 Default used for TElt(   5)
 Optical Train Summary:
  Tracing rays past   5 elements.
  Aperture grid type = Circular  with   21 grid points.
  Elt   1: Reflector   : Aspheric with Kc=-4.0114D+02, Kr= 1.6967D+01, nECoords =  -6
  Elt   2: Reference   : Flat     with Kc= 0.0000D+00, Kr=-1.0000D+22, nECoords =  -6
  Elt   3: Reflector   : Aspheric with Kc= 5.2949D+00, Kr=-2.0732D+00, nECoords =  -6
  Elt   4: Reflector   : Aspheric with Kc= 6.9068D-02, Kr=-1.8475D+00, nECoords =  -6
  Elt   5: FocalPlane  : Flat     with Kc= 0.0000D+00, Kr=-1.0000D+22, nECoords =  -6
  Number of output coordinates is   5
  Computed StopPos =  4.496188419895D-24 -1.027929033092D+00  1.778460100567D+00
 OPD: Rays being traced =          277
 Compute time was    0.0000 sec
  All rays are obscured or lost.
 **Warning: Computing pupil diffraction grid spacing failed!
            Diffraction result is incorrect.
 RMS OPD error is   9.999900000D+36 m 
 P-V OPD error is   0.000000000D+00 m 
 Average OPD is     9.9999000000000000D+36 m 
 One or more rays become undefined at element   3
 A total of      277 rays were lost
   Surface miss:        277
  Input file /tmp/tp1fccbd12_01b1_4eb2_94ed_ec71ea8c88e8.in being loaded.
 Default used for  SegXgrid
 Default used for nECoord(   1)
 Default used for TElt(   1)
 Default used for nECoord(   2)
 Default used for TElt(   2)
 Default used for nECoord(   3)
 Default used for TElt(   3)
 Default used for nECoord(   4)
 Default used for TElt(   4)
 Default used for nECoord(   5)
 Default used for TElt(   5)
 Optical Train Summary:
  Tracing rays past   5 elements.
  Aperture grid type = Circular  with   21 grid points.
  Elt   1: Reflector   : Aspheric with Kc=-4.0114D+02, Kr= 1.6967D+01, nECoords =  -6
  Elt   2: Reference   : Flat     with Kc= 0.0000D+00, Kr=-1.0000D+22, nECoords =  -6
  Elt   3: Reflector   : Aspheric with Kc= 5.2949D+00, Kr=-2.0732D+00, nECoords =  -6
  Elt   4: Reflector   : Aspheric with Kc= 6.9068D-02, Kr=-1.8475D+00, nECoords =  -6
  Elt   5: FocalPlane  : Flat     with Kc= 0.0000D+00, Kr=-1.0000D+22, nECoords =  -6
  Number of output coordinates is   5
  Computed StopPos =  6.350721225024D-24 -2.378279110945D+00  5.799136000000D-01
 OPD: Rays being traced =          277
 Compute time was    0.0000 sec
  All rays are obscured or lost.
 **Warning: Computing pupil diffraction grid spacing failed!
            Diffraction result is incorrect.
 RMS OPD error is   9.999900000D+36 m 
 P-V OPD error is   0.000000000D+00 m 
 Average OPD is     9.9999000000000000D+36 m 
 One or more rays become undefined at element   1
 A total of      277 rays were lost
   Bracket/iter:        277
  Input file /tmp/tp1fccbd12_01b1_4eb2_94ed_ec71ea8c88e8.in being loaded.
 Default used for  SegXgrid
 Default used for nECoord(   1)
 Default used for TElt(   1)
 Default used for nECoord(   2)
 Default used for TElt(   2)
 Default used for nECoord(   3)
 Default used for TElt(   3)
 Default used for nECoord(   4)
 Default used for TElt(   4)
 Default used for nECoord(   5)
 Default used for TElt(   5)
 Optical Train Summary:
  Tracing rays past   5 elements.
  Aperture grid type = Circular  with   21 grid points.
  Elt   1: Reflector   : Aspheric with Kc=-4.0114D+02, Kr= 1.6967D+01, nECoords =  -6
  Elt   2: Reference   : Flat     with Kc= 0.0000D+00, Kr=-1.0000D+22, nECoords =  -6
  Elt   3: Reflector   : Aspheric with Kc= 5.2949D+00, Kr=-2.0732D+00, nECoords =  -6
  Elt   4: Reflector   : Aspheric with Kc= 6.9068D-02, Kr=-1.8475D+00, nECoords =  -6
  Elt   5: FocalPlane  : Flat     with Kc= 0.0000D+00, Kr=-1.0000D+22, nECoords =  -6
  Number of output coordinates is   5
  Computed StopPos = -7.237830605778D-02 -9.831269057373D-01  1.897956991697D+00
 OPD: Rays being traced =          277
 Compute time was    0.0000 sec
  All rays are obscured or lost.
 **Warning: Computing pupil diffraction grid spacing failed!
            Diffraction result is incorrect.
 RMS OPD error is   9.999900000D+36 m 
 P-V OPD error is   0.000000000D+00 m 
 Average OPD is     9.9999000000000000D+36 m 
 One or more rays become undefined at element   3
 A total of      277 rays were lost
   Surface miss:        277
  Input file /tmp/tp1fccbd12_01b1_4eb2_94ed_ec71ea8c88e8.in being loaded.
 Default used for  SegXgrid
 Default used for nECoord(   1)
 Default used for TElt(   1)
 Default used for nECoord(   2)
 Default used for TElt(   2)
 Default used for nECoord(   3)
    it  1: 1000000000.000 nm   (lam 1.7e+04 -- step rejected)
 Default used for TElt(   3)
 Default used for nECoord(   4)
 Default used for TElt(   4)
 Default used for nECoord(   5)
 Default used for TElt(   5)
 Optical Train Summary:
  Tracing rays past   5 elements.
  Aperture grid type = Circular  with   21 grid points.
  Elt   1: Reflector   : Aspheric with Kc=-4.0114D+02, Kr= 1.6967D+01, nECoords =  -6
  Elt   2: Reference   : Flat     with Kc= 0.0000D+00, Kr=-1.0000D+22, nECoords =  -6
  Elt   3: Reflector   : Aspheric with Kc= 5.2949D+00, Kr=-2.0732D+00, nECoords =  -6
  Elt   4: Reflector   : Aspheric with Kc= 6.9068D-02, Kr=-1.8475D+00, nECoords =  -6
  Elt   5: FocalPlane  : Flat     with Kc= 0.0000D+00, Kr=-1.0000D+22, nECoords =  -6
  Number of output coordinates is   5
  Computed StopPos = -7.573267126994D-02 -1.023292169030D+00  1.779392314202D+00
 OPD: Rays being traced =          277
 Compute time was    0.0039 sec
  All rays are obscured or lost.
 **Warning: Computing pupil diffraction grid spacing failed!
            Diffraction result is incorrect.
 RMS OPD error is   9.999900000D+36 m 
 P-V OPD error is   0.000000000D+00 m 
 Average OPD is     9.9999000000000000D+36 m 
 One or more rays become undefined at element   3
 A total of      277 rays were lost
   Surface miss:        277
  Input file /tmp/tp1fccbd12_01b1_4eb2_94ed_ec71ea8c88e8.in being loaded.
 Default used for  SegXgrid
 Default used for nECoord(   1)
 Default used for TElt(   1)
 Default used for nECoord(   2)
 Default used for TElt(   2)
 Default used for nECoord(   3)
 Default used for TElt(   3)
 Default used for nECoord(   4)
 Default used for TElt(   4)
 Default used for nECoord(   5)
 Default used for TElt(   5)
 Optical Train Summary:
  Tracing rays past   5 elements.
  Aperture grid type = Circular  with   21 grid points.
  Elt   1: Reflector   : Aspheric with Kc=-4.0114D+02, Kr= 1.6967D+01, nECoords =  -6
  Elt   2: Reference   : Flat     with Kc= 0.0000D+00, Kr=-1.0000D+22, nECoords =  -6
  Elt   3: Reflector   : Aspheric with Kc= 5.2949D+00, Kr=-2.0732D+00, nECoords =  -6
  Elt   4: Reflector   : Aspheric with Kc= 6.9068D-02, Kr=-1.8475D+00, nECoords =  -6
  Elt   5: FocalPlane  : Flat     with Kc= 0.0000D+00, Kr=-1.0000D+22, nECoords =  -6
  Number of output coordinates is   5
  Computed StopPos = -2.890817116264D-01 -2.378279110945D+00  5.799136000000D-01
 OPD: Rays being traced =          277
 Compute time was    0.0000 sec
  All rays are obscured or lost.
 **Warning: Computing pupil diffraction grid spacing failed!
            Diffraction result is incorrect.
 RMS OPD error is   9.999900000D+36 m 
 P-V OPD error is   0.000000000D+00 m 
 Average OPD is     9.9999000000000000D+36 m 
 One or more rays become undefined at element   1
 A total of      277 rays were lost
   Bracket/iter:        277
  Input file /tmp/tpbfb0f16c_3c86_4b3b_b176_8d0fca74f370.in being loaded.
 Default used for  SegXgrid
 Default used for nECoord(   1)
 Default used for TElt(   1)
 Default used for nECoord(   2)
 Default used for TElt(   2)
 Default used for nECoord(   3)
 Default used for TElt(   3)
 Default used for nECoord(   4)
 Default used for TElt(   4)
 Default used for nECoord(   5)
 Default used for TElt(   5)
 Optical Train Summary:
  Tracing rays past   5 elements.
  Aperture grid type = Circular  with   41 grid points.
  Elt   1: Reflector   : Aspheric with Kc=-4.0114D+02, Kr= 1.6967D+01, nECoords =  -6
  Elt   2: Reference   : Flat     with Kc= 0.0000D+00, Kr=-1.0000D+22, nECoords =  -6
  Elt   3: Reflector   : Aspheric with Kc= 5.2949D+00, Kr=-2.0732D+00, nECoords =  -6
  Elt   4: Reflector   : Aspheric with Kc= 6.9068D-02, Kr=-1.8475D+00, nECoords =  -6
  Elt   5: FocalPlane  : Flat     with Kc= 0.0000D+00, Kr=-1.0000D+22, nECoords =  -6
  Number of output coordinates is   5
  Computed StopPos =  4.496188419895D-24 -1.027929033092D+00  1.778460100567D+00
 OPD: Rays being traced =         1185
 Compute time was    0.0000 sec
  All rays are obscured or lost.
 **Warning: Computing pupil diffraction grid spacing failed!
            Diffraction result is incorrect.
 RMS OPD error is   9.999900000D+36 m 
 P-V OPD error is   0.000000000D+00 m 
 Average OPD is     9.9999000000000000D+36 m 
 One or more rays become undefined at element   3
 A total of     1185 rays were lost
   Surface miss:       1185
  Input file /tmp/tp4a111e1d_3d19_48a6_80b4_b96e5d0c1d4d.in being loaded.
 Default used for  SegXgrid
 Default used for nECoord(   1)
 Default used for TElt(   1)
 Default used for nECoord(   2)
 Default used for TElt(   2)
 Default used for nECoord(   3)
 Default used for TElt(   3)
 Default used for nECoord(   4)
 Default used for TElt(   4)
 Default used for nECoord(   5)
 Default used for TElt(   5)
 Optical Train Summary:
  Tracing rays past   5 elements.
  Aperture grid type = Circular  with   41 grid points.
  Elt   1: Reflector   : Aspheric with Kc=-4.0114D+02, Kr= 1.6967D+01, nECoords =  -6
  Elt   2: Reference   : Flat     with Kc= 0.0000D+00, Kr=-1.0000D+22, nECoords =  -6
  Elt   3: Reflector   : Aspheric with Kc= 5.2949D+00, Kr=-2.0732D+00, nECoords =  -6
  Elt   4: Reflector   : Aspheric with Kc= 6.9068D-02, Kr=-1.8475D+00, nECoords =  -6
  Elt   5: FocalPlane  : Flat     with Kc= 0.0000D+00, Kr=-1.0000D+22, nECoords =  -6
  Number of output coordinates is   5
  Computed StopPos =  4.496188419895D-24 -1.027929033092D+00  1.778460100567D+00
 OPD: Rays being traced =         1185
 Compute time was    0.0000 sec
 OPD: nPassRays =    1184,    DAvgCumL =  25.56807107D-01 m 
 RMS OPD error is   6.961545675D-03 m 
 P-V OPD error is   2.626010700D-02 m 
 Average OPD is     3.8507137536320842D-03 m 
  Input file /tmp/tp03a18c19_9c1d_43f8_99dc_ab03cf338695.in being loaded.
 Default used for  SegXgrid
 Default used for nECoord(   1)
 Default used for TElt(   1)
 Default used for nECoord(   2)
 Default used for TElt(   2)
 Default used for nECoord(   3)
 Default used for TElt(   3)
 Default used for nECoord(   4)
 Default used for TElt(   4)
 Default used for nECoord(   5)
 Default used for TElt(   5)
 Optical Train Summary:
  Tracing rays past   5 elements.
  Aperture grid type = Circular  with   41 grid points.
  Elt   1: Reflector   : Aspheric with Kc=-4.0114D+02, Kr= 1.6967D+01, nECoords =  -6
  Elt   2: Reference   : Flat     with Kc= 0.0000D+00, Kr=-1.0000D+22, nECoords =  -6
  Elt   3: Reflector   : Aspheric with Kc= 5.2949D+00, Kr=-2.0732D+00, nECoords =  -6
  Elt   4: Reflector   : Aspheric with Kc= 6.9068D-02, Kr=-1.8475D+00, nECoords =  -6
  Elt   5: FocalPlane  : Flat     with Kc= 0.0000D+00, Kr=-1.0000D+22, nECoords =  -6
  Number of output coordinates is   5
  Computed StopPos =  7.237830624147D-02 -9.831269061112D-01  1.897956990302D+00
 OPD: Rays being traced =         1185
 Compute time was    0.0000 sec
  All rays are obscured or lost.
 **Warning: Computing pupil diffraction grid spacing failed!
            Diffraction result is incorrect.
 RMS OPD error is   9.999900000D+36 m 
 P-V OPD error is   0.000000000D+00 m 
 Average OPD is     9.9999000000000000D+36 m 
 One or more rays become undefined at element   3
 A total of     1185 rays were lost
   Surface miss:       1185
 OPD: Rays being traced =         1185
 Compute time was    0.0000 sec
 OPD: nPassRays =    1184,    DAvgCumL =  24.19663665D-01 m 
 RMS OPD error is   5.362209342D-03 m 
 P-V OPD error is   2.171700017D-02 m 
 Average OPD is     2.4110949875692971D-03 m 
  Input file /tmp/tp03a18c19_9c1d_43f8_99dc_ab03cf338695.in being loaded.
 Default used for  SegXgrid
 Default used for nECoord(   1)
 Default used for TElt(   1)
 Default used for nECoord(   2)
 Default used for TElt(   2)
 Default used for nECoord(   3)
 Default used for TElt(   3)
 Default used for nECoord(   4)
 Default used for TElt(   4)
 Default used for nECoord(   5)
 Default used for TElt(   5)
 Optical Train Summary:
  Tracing rays past   5 elements.
  Aperture grid type = Circular  with   41 grid points.
  Elt   1: Reflector   : Aspheric with Kc=-4.0114D+02, Kr= 1.6967D+01, nECoords =  -6
  Elt   2: Reference   : Flat     with Kc= 0.0000D+00, Kr=-1.0000D+22, nECoords =  -6
  Elt   3: Reflector   : Aspheric with Kc= 5.2949D+00, Kr=-2.0732D+00, nECoords =  -6
  Elt   4: Reflector   : Aspheric with Kc= 6.9068D-02, Kr=-1.8475D+00, nECoords =  -6
  Elt   5: FocalPlane  : Flat     with Kc= 0.0000D+00, Kr=-1.0000D+22, nECoords =  -6
  Number of output coordinates is   5
  Computed StopPos =  7.359483900860D-02 -9.909241935718D-01  1.870535797593D+00
 OPD: Rays being traced =         1185
 Compute time was    0.0000 sec
  All rays are obscured or lost.
 **Warning: Computing pupil diffraction grid spacing failed!
            Diffraction result is incorrect.
 RMS OPD error is   9.999900000D+36 m 
 P-V OPD error is   0.000000000D+00 m 
 Average OPD is     9.9999000000000000D+36 m 
 One or more rays become undefined at element   3
 A total of     1185 rays were lost
   Surface miss:       1185
 OPD: Rays being traced =         1185
 Compute time was    0.0000 sec
 OPD: nPassRays =    1184,    DAvgCumL =  24.45977388D-01 m 
 RMS OPD error is   5.739086360D-03 m 
 P-V OPD error is   2.423596425D-02 m 
 Average OPD is     2.6642938068814348D-03 m 
  Input file /tmp/tp03a18c19_9c1d_43f8_99dc_ab03cf338695.in being loaded.
 Default used for  SegXgrid
 Default used for nECoord(   1)
 Default used for TElt(   1)
 Default used for nECoord(   2)
 Default used for TElt(   2)
 Default used for nECoord(   3)
 Default used for TElt(   3)
 Default used for nECoord(   4)
 Default used for TElt(   4)
 Default used for nECoord(   5)
 Default used for TElt(   5)
 Optical Train Summary:
  Tracing rays past   5 elements.
  Aperture grid type = Circular  with   41 grid points.
  Elt   1: Reflector   : Aspheric with Kc=-4.0114D+02, Kr= 1.6967D+01, nECoords =  -6
  Elt   2: Reference   : Flat     with Kc= 0.0000D+00, Kr=-1.0000D+22, nECoords =  -6
  Elt   3: Reflector   : Aspheric with Kc= 5.2949D+00, Kr=-2.0732D+00, nECoords =  -6
  Elt   4: Reflector   : Aspheric with Kc= 6.9068D-02, Kr=-1.8475D+00, nECoords =  -6
  Elt   5: FocalPlane  : Flat     with Kc= 0.0000D+00, Kr=-1.0000D+22, nECoords =  -6
  Number of output coordinates is   5
  Computed StopPos =  7.451192825108D-02 -9.988850503935D-01  1.845122612237D+00
 OPD: Rays being traced =         1185
 Compute time was    0.0000 sec
  All rays are obscured or lost.
 **Warning: Computing pupil diffraction grid spacing failed!
            Diffraction result is incorrect.
 RMS OPD error is   9.999900000D+36 m 
 P-V OPD error is   0.000000000D+00 m 
 Average OPD is     9.9999000000000000D+36 m 
 One or more rays become undefined at element   3
 A total of     1185 rays were lost
   Surface miss:       1185
 OPD: Rays being traced =         1185
 Compute time was    0.0000 sec
 OPD: nPassRays =    1184,    DAvgCumL =  24.74710105D-01 m 
 RMS OPD error is   6.295807192D-03 m 
 P-V OPD error is   2.733620861D-02 m 
 Average OPD is     2.9398382898185465D-03 m 
  Input file /tmp/tp03a18c19_9c1d_43f8_99dc_ab03cf338695.in being loaded.
 Default used for  SegXgrid
 Default used for nECoord(   1)
 Default used for TElt(   1)
 Default used for nECoord(   2)
 Default used for TElt(   2)
 Default used for nECoord(   3)
 Default used for TElt(   3)
 Default used for nECoord(   4)
 Default used for TElt(   4)
 Default used for nECoord(   5)
 Default used for TElt(   5)
 Optical Train Summary:
  Tracing rays past   5 elements.
  Aperture grid type = Circular  with   41 grid points.
  Elt   1: Reflector   : Aspheric with Kc=-4.0114D+02, Kr= 1.6967D+01, nECoords =  -6
  Elt   2: Reference   : Flat     with Kc= 0.0000D+00, Kr=-1.0000D+22, nECoords =  -6
  Elt   3: Reflector   : Aspheric with Kc= 5.2949D+00, Kr=-2.0732D+00, nECoords =  -6
  Elt   4: Reflector   : Aspheric with Kc= 6.9068D-02, Kr=-1.8475D+00, nECoords =  -6
  Elt   5: FocalPlane  : Flat     with Kc= 0.0000D+00, Kr=-1.0000D+22, nECoords =  -6
  Number of output coordinates is   5
  Computed StopPos =  7.515705883515D-02 -1.006958913974D+00  1.821560424424D+00
 OPD: Rays being traced =         1185
 Compute time was    0.0000 sec
  All rays are obscured or lost.
 **Warning: Computing pupil diffraction grid spacing failed!
            Diffraction result is incorrect.
 RMS OPD error is   9.999900000D+36 m 
 P-V OPD error is   0.000000000D+00 m 
 Average OPD is     9.9999000000000000D+36 m 
 One or more rays become undefined at element   3
 A total of     1185 rays were lost
   Surface miss:       1185
 OPD: Rays being traced =         1185
 Compute time was    0.0000 sec
 OPD: nPassRays =    1184,    DAvgCumL =  25.05946008D-01 m 
 RMS OPD error is   7.012193079D-03 m 
 P-V OPD error is   3.069767300D-02 m 
 Average OPD is     3.2387709474584886D-03 m 
  Input file /tmp/tp03a18c19_9c1d_43f8_99dc_ab03cf338695.in being loaded.
 Default used for  SegXgrid
 Default used for nECoord(   1)
 Default used for TElt(   1)
 Default used for nECoord(   2)
 Default used for TElt(   2)
 Default used for nECoord(   3)
 Default used for TElt(   3)
 Default used for nECoord(   4)
 Default used for TElt(   4)
 Default used for nECoord(   5)
 Default used for TElt(   5)
 Optical Train Summary:
  Tracing rays past   5 elements.
  Aperture grid type = Circular  with   41 grid points.
  Elt   1: Reflector   : Aspheric with Kc=-4.0114D+02, Kr= 1.6967D+01, nECoords =  -6
  Elt   2: Reference   : Flat     with Kc= 0.0000D+00, Kr=-1.0000D+22, nECoords =  -6
  Elt   3: Reflector   : Aspheric with Kc= 5.2949D+00, Kr=-2.0732D+00, nECoords =  -6
  Elt   4: Reflector   : Aspheric with Kc= 6.9068D-02, Kr=-1.8475D+00, nECoords =  -6
  Elt   5: FocalPlane  : Flat     with Kc= 0.0000D+00, Kr=-1.0000D+22, nECoords =  -6
  Number of output coordinates is   5
  Computed StopPos =  7.555626919051D-02 -1.015105993763D+00  1.799696077996D+00
 OPD: Rays being traced =         1185
 Compute time was    0.0000 sec
  All rays are obscured or lost.
 **Warning: Computing pupil diffraction grid spacing failed!
            Diffraction result is incorrect.
 RMS OPD error is   9.999900000D+36 m 
 P-V OPD error is   0.000000000D+00 m 
 Average OPD is     9.9999000000000000D+36 m 
 One or more rays become undefined at element   3
 A total of     1185 rays were lost
   Surface miss:       1185
 OPD: Rays being traced =         1185
 Compute time was    0.0039 sec
 OPD: nPassRays =    1184,    DAvgCumL =  25.39776679D-01 m 
 RMS OPD error is   7.865854048D-03 m 
 P-V OPD error is   3.429043648D-02 m 
 Average OPD is     3.5620788945692626D-03 m 
  Input file /tmp/tp03a18c19_9c1d_43f8_99dc_ab03cf338695.in being loaded.
 Default used for  SegXgrid
 Default used for nECoord(   1)
 Default used for TElt(   1)
 Default used for nECoord(   2)
 Default used for TElt(   2)
 Default used for nECoord(   3)
 Default used for TElt(   3)
 Default used for nECoord(   4)
 Default used for TElt(   4)
 Default used for nECoord(   5)
 Default used for TElt(   5)
 Optical Train Summary:
  Tracing rays past   5 elements.
  Aperture grid type = Circular  with   41 grid points.
  Elt   1: Reflector   : Aspheric with Kc=-4.0114D+02, Kr= 1.6967D+01, nECoords =  -6
  Elt   2: Reference   : Flat     with Kc= 0.0000D+00, Kr=-1.0000D+22, nECoords =  -6
  Elt   3: Reflector   : Aspheric with Kc= 5.2949D+00, Kr=-2.0732D+00, nECoords =  -6
  Elt   4: Reflector   : Aspheric with Kc= 6.9068D-02, Kr=-1.8475D+00, nECoords =  -6
  Elt   5: FocalPlane  : Flat     with Kc= 0.0000D+00, Kr=-1.0000D+22, nECoords =  -6
  Number of output coordinates is   5
  Computed StopPos =  7.573267583139D-02 -1.023292183382D+00  1.779392279554D+00
 OPD: Rays being traced =         1185
 Compute time was    0.0000 sec
  All rays are obscured or lost.
 **Warning: Computing pupil diffraction grid spacing failed!
            Diffraction result is incorrect.
 RMS OPD error is   9.999900000D+36 m 
 P-V OPD error is   0.000000000D+00 m 
 Average OPD is     9.9999000000000000D+36 m 
 One or more rays become undefined at element   3
 A total of     1185 rays were lost
   Surface miss:       1185
 OPD: Rays being traced =         1185
 Compute time was    0.0000 sec
 OPD: nPassRays =    1184,    DAvgCumL =  25.76301998D-01 m 
 RMS OPD error is   8.836817848D-03 m 
 P-V OPD error is   3.804876878D-02 m 
 Average OPD is     3.9106977107620849D-03 m 
  Input file /tmp/tp03a18c19_9c1d_43f8_99dc_ab03cf338695.in being loaded.
 Default used for  SegXgrid
 Default used for nECoord(   1)
 Default used for TElt(   1)
 Default used for nECoord(   2)
 Default used for TElt(   2)
 Default used for nECoord(   3)
 Default used for TElt(   3)
 Default used for nECoord(   4)
 Default used for TElt(   4)
 Default used for nECoord(   5)
 Default used for TElt(   5)
 Optical Train Summary:
  Tracing rays past   5 elements.
  Aperture grid type = Circular  with   41 grid points.
  Elt   1: Reflector   : Aspheric with Kc=-4.0114D+02, Kr= 1.6967D+01, nECoords =  -6
  Elt   2: Reference   : Flat     with Kc= 0.0000D+00, Kr=-1.0000D+22, nECoords =  -6
  Elt   3: Reflector   : Aspheric with Kc= 5.2949D+00, Kr=-2.0732D+00, nECoords =  -6
  Elt   4: Reflector   : Aspheric with Kc= 6.9068D-02, Kr=-1.8475D+00, nECoords =  -6
  Elt   5: FocalPlane  : Flat     with Kc= 0.0000D+00, Kr=-1.0000D+22, nECoords =  -6
  Number of output coordinates is   5
  Computed StopPos =  2.780166083009D+02 -9.412907253964D+02 -2.108859823619D+03
 OPD: Rays being traced =         1185
 Compute time was    0.0000 sec
  All rays are obscured or lost.
 **Warning: Computing pupil diffraction grid spacing failed!
            Diffraction result is incorrect.
 RMS OPD error is   9.999900000D+36 m 
 P-V OPD error is   0.000000000D+00 m 
 Average OPD is     9.9999000000000000D+36 m 
 One or more rays become undefined at element   1
 One or more rays become undefined at element   3
 A total of     1185 rays were lost
   Surface miss:        834
   Bracket/iter:        351
 OPD: Rays being traced =         1185
 Compute time was    0.0000 sec
 OPD: nPassRays =     833,    DAvgCumL =  22.19011181D+00 m 
 RMS OPD error is   7.765230701D+02 m 
 P-V OPD error is   1.776854762D+04 m 
 Average OPD is     3.8740522219334167D+01 m 
 One or more rays become undefined at element   1
 A total of      351 rays were lost
   Bracket/iter:        351
  Input file /tmp/tp03a18c19_9c1d_43f8_99dc_ab03cf338695.in being loaded.
 Default used for  SegXgrid
 Default used for nECoord(   1)
 Default used for TElt(   1)
 Default used for nECoord(   2)
 Default used for TElt(   2)
 Default used for nECoord(   3)
 Default used for TElt(   3)
 Default used for nECoord(   4)
 Default used for TElt(   4)
 Default used for nECoord(   5)
 Default used for TElt(   5)
 Optical Train Summary:
  Tracing rays past   5 elements.
  Aperture grid type = Circular  with   41 grid points.
  Elt   1: Reflector   : Aspheric with Kc=-4.0114D+02, Kr= 1.6967D+01, nECoords =  -6
  Elt   2: Reference   : Flat     with Kc= 0.0000D+00, Kr=-1.0000D+22, nECoords =  -6
  Elt   3: Reflector   : Aspheric with Kc= 5.2949D+00, Kr=-2.0732D+00, nECoords =  -6
  Elt   4: Reflector   : Aspheric with Kc= 6.9068D-02, Kr=-1.8475D+00, nECoords =  -6
  Elt   5: FocalPlane  : Flat     with Kc= 0.0000D+00, Kr=-1.0000D+22, nECoords =  -6
  Number of output coordinates is   5
  Computed StopPos =  2.191655394611D-01 -1.689469927300D+00  1.575623483853D+00
 OPD: Rays being traced =         1185
 Compute time was    0.0039 sec
  All rays are obscured or lost.
 **Warning: Computing pupil diffraction grid spacing failed!
            Diffraction result is incorrect.
 RMS OPD error is   9.999900000D+36 m 
 P-V OPD error is   0.000000000D+00 m 
 Average OPD is     9.9999000000000000D+36 m 
 One or more rays become undefined at element   1
 One or more rays become undefined at element   3
 A total of     1185 rays were lost
   Surface miss:        589
   Bracket/iter:        596
 OPD: Rays being traced =         1185
 Compute time was    0.0000 sec
 OPD: nPassRays =     588,    DAvgCumL = -52.14052940D+00 m 
 RMS OPD error is   9.974436732D+02 m 
 P-V OPD error is   2.843242071D+04 m 
 Average OPD is    -4.0296179909349163D+01 m 
 One or more rays become undefined at element   1
 A total of      596 rays were lost
   Bracket/iter:        596
  Input file /tmp/tp03a18c19_9c1d_43f8_99dc_ab03cf338695.in being loaded.
 Default used for  SegXgrid
 Default used for nECoord(   1)
 Default used for TElt(   1)
 Default used for nECoord(   2)
 Default used for TElt(   2)
 Default used for nECoord(   3)
 Default used for TElt(   3)
 Default used for nECoord(   4)
 Default used for TElt(   4)
 Default used for nECoord(   5)
 Default used for TElt(   5)
 Optical Train Summary:
  Tracing rays past   5 elements.
  Aperture grid type = Circular  with   41 grid points.
  Elt   1: Reflector   : Aspheric with Kc=-4.0114D+02, Kr= 1.6967D+01, nECoords =  -6
  Elt   2: Reference   : Flat     with Kc= 0.0000D+00, Kr=-1.0000D+22, nECoords =  -6
  Elt   3: Reflector   : Aspheric with Kc= 5.2949D+00, Kr=-2.0732D+00, nECoords =  -6
  Elt   4: Reflector   : Aspheric with Kc= 6.9068D-02, Kr=-1.8475D+00, nECoords =  -6
  Elt   5: FocalPlane  : Flat     with Kc= 0.0000D+00, Kr=-1.0000D+22, nECoords =  -6
  Number of output coordinates is   5
  Computed StopPos =  2.890817116264D-01 -2.229349805937D+00  5.799136000000D-01
 OPD: Rays being traced =         1185
 Compute time was    0.0000 sec
  All rays are obscured or lost.
 **Warning: Computing pupil diffraction grid spacing failed!
            Diffraction result is incorrect.
 RMS OPD error is   9.999900000D+36 m 
 P-V OPD error is   0.000000000D+00 m 
 Average OPD is     9.9999000000000000D+36 m 
 One or more rays become undefined at element   1
 One or more rays become undefined at element   3
 A total of     1185 rays were lost
   Surface miss:        407
   Bracket/iter:        778
 OPD: Rays being traced =         1185
 Compute time was    0.0000 sec
 OPD: nPassRays =     407,    DAvgCumL = -68.44165523D+00 m 
 RMS OPD error is   7.773295028D+02 m 
 P-V OPD error is   1.774447175D+04 m 
 Average OPD is    -6.8441655227766120D+01 m 
 One or more rays become undefined at element   1
 A total of      778 rays were lost
   Bracket/iter:        778
  Input file /tmp/tp03a18c19_9c1d_43f8_99dc_ab03cf338695.in being loaded.
 Default used for  SegXgrid
 Default used for nECoord(   1)
 Default used for TElt(   1)
 Default used for nECoord(   2)
 Default used for TElt(   2)
 Default used for nECoord(   3)
 Default used for TElt(   3)
 Default used for nECoord(   4)
 Default used for TElt(   4)
 Default used for nECoord(   5)
 Default used for TElt(   5)
 Optical Train Summary:
  Tracing rays past   5 elements.
  Aperture grid type = Circular  with   41 grid points.
  Elt   1: Reflector   : Aspheric with Kc=-4.0114D+02, Kr= 1.6967D+01, nECoords =  -6
  Elt   2: Reference   : Flat     with Kc= 0.0000D+00, Kr=-1.0000D+22, nECoords =  -6
  Elt   3: Reflector   : Aspheric with Kc= 5.2949D+00, Kr=-2.0732D+00, nECoords =  -6
  Elt   4: Reflector   : Aspheric with Kc= 6.9068D-02, Kr=-1.8475D+00, nECoords =  -6
  Elt   5: FocalPlane  : Flat     with Kc= 0.0000D+00, Kr=-1.0000D+22, nECoords =  -6
  Number of output coordinates is   5
  Computed StopPos =  2.890817116264D-01 -2.302755735250D+00  5.799136000000D-01
 OPD: Rays being traced =         1185
 Compute time was    0.0039 sec
  All rays are obscured or lost.
 **Warning: Computing pupil diffraction grid spacing failed!
            Diffraction result is incorrect.
 RMS OPD error is   9.999900000D+36 m 
 P-V OPD error is   0.000000000D+00 m 
 Average OPD is     9.9999000000000000D+36 m 
 One or more rays become undefined at element   1
 One or more rays become undefined at element   3
 A total of     1185 rays were lost
   Surface miss:        133
   Bracket/iter:       1052
 OPD: Rays being traced =         1185
 Compute time was    0.0000 sec
 OPD: nPassRays =     133,    DAvgCumL = -21.32313156D+00 m 
 RMS OPD error is   4.352662366D+00 m 
 P-V OPD error is   1.635614691D+01 m 
 Average OPD is    -2.1323131555411077D+01 m 
 One or more rays become undefined at element   1
 A total of     1052 rays were lost
   Bracket/iter:       1052
  Input file /tmp/tp03a18c19_9c1d_43f8_99dc_ab03cf338695.in being loaded.
 Default used for  SegXgrid
 Default used for nECoord(   1)
 Default used for TElt(   1)
 Default used for nECoord(   2)
 Default used for TElt(   2)
 Default used for nECoord(   3)
 Default used for TElt(   3)
 Default used for nECoord(   4)
 Default used for TElt(   4)
 Default used for nECoord(   5)
 Default used for TElt(   5)
 Optical Train Summary:
  Tracing rays past   5 elements.
  Aperture grid type = Circular  with   41 grid points.
  Elt   1: Reflector   : Aspheric with Kc=-4.0114D+02, Kr= 1.6967D+01, nECoords =  -6
  Elt   2: Reference   : Flat     with Kc= 0.0000D+00, Kr=-1.0000D+22, nECoords =  -6
  Elt   3: Reflector   : Aspheric with Kc= 5.2949D+00, Kr=-2.0732D+00, nECoords =  -6
  Elt   4: Reflector   : Aspheric with Kc= 6.9068D-02, Kr=-1.8475D+00, nECoords =  -6
  Elt   5: FocalPlane  : Flat     with Kc= 0.0000D+00, Kr=-1.0000D+22, nECoords =  -6
  Number of output coordinates is   5
  Computed StopPos =  2.890817116264D-01 -2.378279110945D+00  5.799136000000D-01
 OPD: Rays being traced =         1185
 Compute time was    0.0000 sec
  All rays are obscured or lost.
 **Warning: Computing pupil diffraction grid spacing failed!
            Diffraction result is incorrect.
 RMS OPD error is   9.999900000D+36 m 
 P-V OPD error is   0.000000000D+00 m 
 Average OPD is     9.9999000000000000D+36 m 
 One or more rays become undefined at element   1
 A total of     1185 rays were lost
   Bracket/iter:       1185
 OPD: Rays being traced =         1185
 Compute time was    0.0000 sec
  All rays are obscured or lost.
 **Warning: Computing pupil diffraction grid spacing failed!
            Diffraction result is incorrect.
 RMS OPD error is   9.999900000D+36 m 
 P-V OPD error is   0.000000000D+00 m 
 Average OPD is     9.9999000000000000D+36 m 
 One or more rays become undefined at element   1
 A total of     1185 rays were lost
   Bracket/iter:       1185
  Input file /tmp/tp03a18c19_9c1d_43f8_99dc_ab03cf338695.in being loaded.
 Default used for  SegXgrid
 Default used for nECoord(   1)
 Default used for TElt(   1)
 Default used for nECoord(   2)
 Default used for TElt(   2)
 Default used for nECoord(   3)
 Default used for TElt(   3)
 Default used for nECoord(   4)
 Default used for TElt(   4)
 Default used for nECoord(   5)
 Default used for TElt(   5)
 Optical Train Summary:
  Tracing rays past   5 elements.
  Aperture grid type = Circular  with   41 grid points.
  Elt   1: Reflector   : Aspheric with Kc=-4.0114D+02, Kr= 1.6967D+01, nECoords =  -6
  Elt   2: Reference   : Flat     with Kc= 0.0000D+00, Kr=-1.0000D+22, nECoords =  -6
  Elt   3: Reflector   : Aspheric with Kc= 5.2949D+00, Kr=-2.0732D+00, nECoords =  -6
  Elt   4: Reflector   : Aspheric with Kc= 6.9068D-02, Kr=-1.8475D+00, nECoords =  -6
  Elt   5: FocalPlane  : Flat     with Kc= 0.0000D+00, Kr=-1.0000D+22, nECoords =  -6
  Number of output coordinates is   5
  Computed StopPos =  5.801081715459D-02 -9.847532284410D-01  1.898199035732D+00
 OPD: Rays being traced =         1185
 Compute time was    0.0039 sec
  All rays are obscured or lost.
 **Warning: Computing pupil diffraction grid spacing failed!
            Diffraction result is incorrect.
 RMS OPD error is   9.999900000D+36 m 
 P-V OPD error is   0.000000000D+00 m 
 Average OPD is     9.9999000000000000D+36 m 
 One or more rays become undefined at element   3
 A total of     1185 rays were lost
   Surface miss:       1185
 OPD: Rays being traced =         1185
 Compute time was    0.0000 sec
 OPD: nPassRays =    1184,    DAvgCumL =  24.12323550D-01 m 
 RMS OPD error is   4.470027807D-03 m 
 P-V OPD error is   1.835598258D-02 m 
 Average OPD is     2.3963922527240051D-03 m 
  Input file /tmp/tp03a18c19_9c1d_43f8_99dc_ab03cf338695.in being loaded.
 Default used for  SegXgrid
 Default used for nECoord(   1)
 Default used for TElt(   1)
 Default used for nECoord(   2)
 Default used for TElt(   2)
 Default used for nECoord(   3)
 Default used for TElt(   3)
 Default used for nECoord(   4)
 Default used for TElt(   4)
 Default used for nECoord(   5)
 Default used for TElt(   5)
 Optical Train Summary:
  Tracing rays past   5 elements.
  Aperture grid type = Circular  with   41 grid points.
  Elt   1: Reflector   : Aspheric with Kc=-4.0114D+02, Kr= 1.6967D+01, nECoords =  -6
  Elt   2: Reference   : Flat     with Kc= 0.0000D+00, Kr=-1.0000D+22, nECoords =  -6
  Elt   3: Reflector   : Aspheric with Kc= 5.2949D+00, Kr=-2.0732D+00, nECoords =  -6
  Elt   4: Reflector   : Aspheric with Kc= 6.9068D-02, Kr=-1.8475D+00, nECoords =  -6
  Elt   5: FocalPlane  : Flat     with Kc= 0.0000D+00, Kr=-1.0000D+22, nECoords =  -6
  Number of output coordinates is   5
  Computed StopPos =  5.899452068152D-02 -9.925799503287D-01  1.870586484328D+00
 OPD: Rays being traced =         1185
 Compute time was    0.0000 sec
  All rays are obscured or lost.
 **Warning: Computing pupil diffraction grid spacing failed!
            Diffraction result is incorrect.
 RMS OPD error is   9.999900000D+36 m 
 P-V OPD error is   0.000000000D+00 m 
 Average OPD is     9.9999000000000000D+36 m 
 One or more rays become undefined at element   3
 A total of     1185 rays were lost
   Surface miss:       1185
 OPD: Rays being traced =         1185
 Compute time was    0.0000 sec
 OPD: nPassRays =    1184,    DAvgCumL =  24.38679152D-01 m 
 RMS OPD error is   4.878202042D-03 m 
 P-V OPD error is   2.112363769D-02 m 
 Average OPD is     2.6481474562002989D-03 m 
  Input file /tmp/tp03a18c19_9c1d_43f8_99dc_ab03cf338695.in being loaded.
 Default used for  SegXgrid
 Default used for nECoord(   1)
 Default used for TElt(   1)
 Default used for nECoord(   2)
 Default used for TElt(   2)
 Default used for nECoord(   3)
 Default used for TElt(   3)
 Default used for nECoord(   4)
 Default used for TElt(   4)
 Default used for nECoord(   5)
 Default used for TElt(   5)
 Optical Train Summary:
  Tracing rays past   5 elements.
  Aperture grid type = Circular  with   41 grid points.
  Elt   1: Reflector   : Aspheric with Kc=-4.0114D+02, Kr= 1.6967D+01, nECoords =  -6
  Elt   2: Reference   : Flat     with Kc= 0.0000D+00, Kr=-1.0000D+22, nECoords =  -6
  Elt   3: Reflector   : Aspheric with Kc= 5.2949D+00, Kr=-2.0732D+00, nECoords =  -6
  Elt   4: Reflector   : Aspheric with Kc= 6.9068D-02, Kr=-1.8475D+00, nECoords =  -6
  Elt   5: FocalPlane  : Flat     with Kc= 0.0000D+00, Kr=-1.0000D+22, nECoords =  -6
  Number of output coordinates is   5
  Computed StopPos =  5.973373254087D-02 -1.000559972427D+00  1.845025931467D+00
 OPD: Rays being traced =         1185
 Compute time was    0.0000 sec
  All rays are obscured or lost.
 **Warning: Computing pupil diffraction grid spacing failed!
            Diffraction result is incorrect.
 RMS OPD error is   9.999900000D+36 m 
 P-V OPD error is   0.000000000D+00 m 
 Average OPD is     9.9999000000000000D+36 m 
 One or more rays become undefined at element   3
 A total of     1185 rays were lost
   Surface miss:       1185
 OPD: Rays being traced =         1185
 Compute time was    0.0000 sec
 OPD: nPassRays =    1184,    DAvgCumL =  24.67461399D-01 m 
 RMS OPD error is   5.485830869D-03 m 
 P-V OPD error is   2.421955300D-02 m 
 Average OPD is     2.9222332540471685D-03 m 
  Input file /tmp/tp03a18c19_9c1d_43f8_99dc_ab03cf338695.in being loaded.
 Default used for  SegXgrid
 Default used for nECoord(   1)
 Default used for TElt(   1)
 Default used for nECoord(   2)
 Default used for TElt(   2)
 Default used for nECoord(   3)
 Default used for TElt(   3)
 Default used for nECoord(   4)
 Default used for TElt(   4)
 Default used for nECoord(   5)
 Default used for TElt(   5)
 Optical Train Summary:
  Tracing rays past   5 elements.
  Aperture grid type = Circular  with   41 grid points.
  Elt   1: Reflector   : Aspheric with Kc=-4.0114D+02, Kr= 1.6967D+01, nECoords =  -6
  Elt   2: Reference   : Flat     with Kc= 0.0000D+00, Kr=-1.0000D+22, nECoords =  -6
  Elt   3: Reflector   : Aspheric with Kc= 5.2949D+00, Kr=-2.0732D+00, nECoords =  -6
  Elt   4: Reflector   : Aspheric with Kc= 6.9068D-02, Kr=-1.8475D+00, nECoords =  -6
  Elt   5: FocalPlane  : Flat     with Kc= 0.0000D+00, Kr=-1.0000D+22, nECoords =  -6
  Number of output coordinates is   5
  Computed StopPos =  6.025136143710D-02 -1.008642935834D+00  1.821352957751D+00
 OPD: Rays being traced =         1185
 Compute time was    0.0039 sec
  All rays are obscured or lost.
 **Warning: Computing pupil diffraction grid spacing failed!
            Diffraction result is incorrect.
 RMS OPD error is   9.999900000D+36 m 
 P-V OPD error is   0.000000000D+00 m 
 Average OPD is     9.9999000000000000D+36 m 
 One or more rays become undefined at element   3
 A total of     1185 rays were lost
   Surface miss:       1185
 OPD: Rays being traced =         1185
 Compute time was    0.0000 sec
 OPD: nPassRays =    1184,    DAvgCumL =  24.98754561D-01 m 
 RMS OPD error is   6.260790837D-03 m 
 P-V OPD error is   2.756491946D-02 m 
 Average OPD is     3.2197149144838344D-03 m 
  Input file /tmp/tp03a18c19_9c1d_43f8_99dc_ab03cf338695.in being loaded.
 Default used for  SegXgrid
 Default used for nECoord(   1)
 Default used for TElt(   1)
 Default used for nECoord(   2)
 Default used for TElt(   2)
 Default used for nECoord(   3)
 Default used for TElt(   3)
 Default used for nECoord(   4)
 Default used for TElt(   4)
 Default used for nECoord(   5)
 Default used for TElt(   5)
 Optical Train Summary:
  Tracing rays past   5 elements.
  Aperture grid type = Circular  with   41 grid points.
  Elt   1: Reflector   : Aspheric with Kc=-4.0114D+02, Kr= 1.6967D+01, nECoords =  -6
  Elt   2: Reference   : Flat     with Kc= 0.0000D+00, Kr=-1.0000D+22, nECoords =  -6
  Elt   3: Reflector   : Aspheric with Kc= 5.2949D+00, Kr=-2.0732D+00, nECoords =  -6
  Elt   4: Reflector   : Aspheric with Kc= 6.9068D-02, Kr=-1.8475D+00, nECoords =  -6
  Elt   5: FocalPlane  : Flat     with Kc= 0.0000D+00, Kr=-1.0000D+22, nECoords =  -6
  Number of output coordinates is   5
  Computed StopPos =  6.056876861516D-02 -1.016788541494D+00  1.799410499703D+00
 OPD: Rays being traced =         1185
 Compute time was    0.0000 sec
  All rays are obscured or lost.
 **Warning: Computing pupil diffraction grid spacing failed!
            Diffraction result is incorrect.
 RMS OPD error is   9.999900000D+36 m 
 P-V OPD error is   0.000000000D+00 m 
 Average OPD is     9.9999000000000000D+36 m 
 One or more rays become undefined at element   3
 A total of     1185 rays were lost
   Surface miss:       1185
 OPD: Rays being traced =         1185
 Compute time was    0.0000 sec
 OPD: nPassRays =    1184,    DAvgCumL =  25.32650237D-01 m 
 RMS OPD error is   7.172623386D-03 m 
 P-V OPD error is   3.117027716D-02 m 
 Average OPD is     3.5416004840171378D-03 m 
  Input file /tmp/tp03a18c19_9c1d_43f8_99dc_ab03cf338695.in being loaded.
 Default used for  SegXgrid
 Default used for nECoord(   1)
 Default used for TElt(   1)
 Default used for nECoord(   2)
 Default used for TElt(   2)
 Default used for nECoord(   3)
 Default used for TElt(   3)
 Default used for nECoord(   4)
 Default used for TElt(   4)
 Default used for nECoord(   5)
 Default used for TElt(   5)
 Optical Train Summary:
  Tracing rays past   5 elements.
  Aperture grid type = Circular  with   41 grid points.
  Elt   1: Reflector   : Aspheric with Kc=-4.0114D+02, Kr= 1.6967D+01, nECoords =  -6
  Elt   2: Reference   : Flat     with Kc= 0.0000D+00, Kr=-1.0000D+22, nECoords =  -6
  Elt   3: Reflector   : Aspheric with Kc= 5.2949D+00, Kr=-2.0732D+00, nECoords =  -6
  Elt   4: Reflector   : Aspheric with Kc= 6.9068D-02, Kr=-1.8475D+00, nECoords =  -6
  Elt   5: FocalPlane  : Flat     with Kc= 0.0000D+00, Kr=-1.0000D+22, nECoords =  -6
  Number of output coordinates is   5
  Computed StopPos =  6.070536393879D-02 -1.024964007374D+00  1.779053515757D+00
 OPD: Rays being traced =         1185
 Compute time was    0.0000 sec
  All rays are obscured or lost.
 **Warning: Computing pupil diffraction grid spacing failed!
            Diffraction result is incorrect.
 RMS OPD error is   9.999900000D+36 m 
 P-V OPD error is   0.000000000D+00 m 
 Average OPD is     9.9999000000000000D+36 m 
 One or more rays become undefined at element   3
 A total of     1185 rays were lost
   Surface miss:       1185
 OPD: Rays being traced =         1185
 Compute time was    0.0000 sec
 OPD: nPassRays =    1184,    DAvgCumL =  25.69248267D-01 m 
 RMS OPD error is   8.197423145D-03 m 
 P-V OPD error is   3.511250501D-02 m 
 Average OPD is     3.8888445143896353D-03 m 
  Input file /tmp/tp03a18c19_9c1d_43f8_99dc_ab03cf338695.in being loaded.
 Default used for  SegXgrid
 Default used for nECoord(   1)
 Default used for TElt(   1)
 Default used for nECoord(   2)
 Default used for TElt(   2)
 Default used for nECoord(   3)
 Default used for TElt(   3)
 Default used for nECoord(   4)
 Default used for TElt(   4)
 Default used for nECoord(   5)
 Default used for TElt(   5)
 Optical Train Summary:
  Tracing rays past   5 elements.
  Aperture grid type = Circular  with   41 grid points.
  Elt   1: Reflector   : Aspheric with Kc=-4.0114D+02, Kr= 1.6967D+01, nECoords =  -6
  Elt   2: Reference   : Flat     with Kc= 0.0000D+00, Kr=-1.0000D+22, nECoords =  -6
  Elt   3: Reflector   : Aspheric with Kc= 5.2949D+00, Kr=-2.0732D+00, nECoords =  -6
  Elt   4: Reflector   : Aspheric with Kc= 6.9068D-02, Kr=-1.8475D+00, nECoords =  -6
  Elt   5: FocalPlane  : Flat     with Kc= 0.0000D+00, Kr=-1.0000D+22, nECoords =  -6
  Number of output coordinates is   5
  Computed StopPos =  2.640607699269D+02 -1.119659112961D+03 -2.509484837625D+03
 OPD: Rays being traced =         1185
 Compute time was    0.0000 sec
  All rays are obscured or lost.
 **Warning: Computing pupil diffraction grid spacing failed!
            Diffraction result is incorrect.
 RMS OPD error is   9.999900000D+36 m 
 P-V OPD error is   0.000000000D+00 m 
 Average OPD is     9.9999000000000000D+36 m 
 One or more rays become undefined at element   1
 One or more rays become undefined at element   3
 A total of     1185 rays were lost
   Surface miss:        875
   Bracket/iter:        310
 OPD: Rays being traced =         1185
 Compute time was    0.0000 sec
 OPD: nPassRays =     874,    DAvgCumL = -40.22059250D-01 m 
 RMS OPD error is   4.568498919D+02 m 
 P-V OPD error is   1.616678809D+04 m 
 Average OPD is     1.3871913967305732D+01 m 
 One or more rays become undefined at element   1
 A total of      310 rays were lost
   Bracket/iter:        310
  Input file /tmp/tp03a18c19_9c1d_43f8_99dc_ab03cf338695.in being loaded.
 Default used for  SegXgrid
 Default used for nECoord(   1)
 Default used for TElt(   1)
 Default used for nECoord(   2)
 Default used for TElt(   2)
 Default used for nECoord(   3)
 Default used for TElt(   3)
 Default used for nECoord(   4)
 Default used for TElt(   4)
 Default used for nECoord(   5)
 Default used for TElt(   5)
 Optical Train Summary:
  Tracing rays past   5 elements.
  Aperture grid type = Circular  with   41 grid points.
  Elt   1: Reflector   : Aspheric with Kc=-4.0114D+02, Kr= 1.6967D+01, nECoords =  -6
  Elt   2: Reference   : Flat     with Kc= 0.0000D+00, Kr=-1.0000D+22, nECoords =  -6
  Elt   3: Reflector   : Aspheric with Kc= 5.2949D+00, Kr=-2.0732D+00, nECoords =  -6
  Elt   4: Reflector   : Aspheric with Kc= 6.9068D-02, Kr=-1.8475D+00, nECoords =  -6
  Elt   5: FocalPlane  : Flat     with Kc= 0.0000D+00, Kr=-1.0000D+22, nECoords =  -6
  Number of output coordinates is   5
  Computed StopPos =  2.050786294162D-01 -1.691103469269D+00  1.575374926559D+00
 OPD: Rays being traced =         1185
 Compute time was    0.0000 sec
  All rays are obscured or lost.
 **Warning: Computing pupil diffraction grid spacing failed!
            Diffraction result is incorrect.
 RMS OPD error is   9.999900000D+36 m 
 P-V OPD error is   0.000000000D+00 m 
 Average OPD is     9.9999000000000000D+36 m 
 One or more rays become undefined at element   1
 One or more rays become undefined at element   3
 A total of     1185 rays were lost
   Surface miss:        591
   Bracket/iter:        594
 OPD: Rays being traced =         1185
 Compute time was    0.0039 sec
 OPD: nPassRays =     590,    DAvgCumL =  77.81179066D-01 m 
 RMS OPD error is   7.845568675D+02 m 
 P-V OPD error is   2.072778839D+04 m 
 Average OPD is     1.9367948256137460D+01 m 
 One or more rays become undefined at element   1
 A total of      594 rays were lost
   Bracket/iter:        594
  Input file /tmp/tp03a18c19_9c1d_43f8_99dc_ab03cf338695.in being loaded.
 Default used for  SegXgrid
 Default used for nECoord(   1)
 Default used for TElt(   1)
 Default used for nECoord(   2)
 Default used for TElt(   2)
 Default used for nECoord(   3)
 Default used for TElt(   3)
 Default used for nECoord(   4)
 Default used for TElt(   4)
 Default used for nECoord(   5)
 Default used for TElt(   5)
 Optical Train Summary:
  Tracing rays past   5 elements.
  Aperture grid type = Circular  with   41 grid points.
  Elt   1: Reflector   : Aspheric with Kc=-4.0114D+02, Kr= 1.6967D+01, nECoords =  -6
  Elt   2: Reference   : Flat     with Kc= 0.0000D+00, Kr=-1.0000D+22, nECoords =  -6
  Elt   3: Reflector   : Aspheric with Kc= 5.2949D+00, Kr=-2.0732D+00, nECoords =  -6
  Elt   4: Reflector   : Aspheric with Kc= 6.9068D-02, Kr=-1.8475D+00, nECoords =  -6
  Elt   5: FocalPlane  : Flat     with Kc= 0.0000D+00, Kr=-1.0000D+22, nECoords =  -6
  Number of output coordinates is   5
  Computed StopPos =  2.307872071293D-01 -2.229349805937D+00  5.799136000000D-01
 OPD: Rays being traced =         1185
 Compute time was    0.0000 sec
  All rays are obscured or lost.
 **Warning: Computing pupil diffraction grid spacing failed!
            Diffraction result is incorrect.
 RMS OPD error is   9.999900000D+36 m 
 P-V OPD error is   0.000000000D+00 m 
 Average OPD is     9.9999000000000000D+36 m 
 One or more rays become undefined at element   1
 One or more rays become undefined at element   3
 A total of     1185 rays were lost
   Surface miss:        427
   Bracket/iter:        758
 OPD: Rays being traced =         1185
 Compute time was    0.0000 sec
 OPD: nPassRays =     427,    DAvgCumL = -27.78094591D+00 m 
 RMS OPD error is   6.900506557D+02 m 
 P-V OPD error is   1.836057314D+04 m 
 Average OPD is    -2.7780945913962142D+01 m 
 One or more rays become undefined at element   1
 A total of      758 rays were lost
   Bracket/iter:        758
  Input file /tmp/tp03a18c19_9c1d_43f8_99dc_ab03cf338695.in being loaded.
 Default used for  SegXgrid
 Default used for nECoord(   1)
 Default used for TElt(   1)
 Default used for nECoord(   2)
 Default used for TElt(   2)
 Default used for nECoord(   3)
 Default used for TElt(   3)
 Default used for nECoord(   4)
 Default used for TElt(   4)
 Default used for nECoord(   5)
 Default used for TElt(   5)
 Optical Train Summary:
  Tracing rays past   5 elements.
  Aperture grid type = Circular  with   41 grid points.
  Elt   1: Reflector   : Aspheric with Kc=-4.0114D+02, Kr= 1.6967D+01, nECoords =  -6
  Elt   2: Reference   : Flat     with Kc= 0.0000D+00, Kr=-1.0000D+22, nECoords =  -6
  Elt   3: Reflector   : Aspheric with Kc= 5.2949D+00, Kr=-2.0732D+00, nECoords =  -6
  Elt   4: Reflector   : Aspheric with Kc= 6.9068D-02, Kr=-1.8475D+00, nECoords =  -6
  Elt   5: FocalPlane  : Flat     with Kc= 0.0000D+00, Kr=-1.0000D+22, nECoords =  -6
  Number of output coordinates is   5
  Computed StopPos =  2.307872071293D-01 -2.302755735250D+00  5.799136000000D-01
 OPD: Rays being traced =         1185
 Compute time was    0.0000 sec
  All rays are obscured or lost.
 **Warning: Computing pupil diffraction grid spacing failed!
            Diffraction result is incorrect.
 RMS OPD error is   9.999900000D+36 m 
 P-V OPD error is   0.000000000D+00 m 
 Average OPD is     9.9999000000000000D+36 m 
 One or more rays become undefined at element   1
 One or more rays become undefined at element   3
 A total of     1185 rays were lost
   Surface miss:        150
   Bracket/iter:       1035
 OPD: Rays being traced =         1185
 Compute time was    0.0000 sec
 OPD: nPassRays =     150,    DAvgCumL = -21.22610973D+00 m 
 RMS OPD error is   4.770607720D+00 m 
 P-V OPD error is   1.813114571D+01 m 
 Average OPD is    -2.1226109727445362D+01 m 
 One or more rays become undefined at element   1
 A total of     1035 rays were lost
   Bracket/iter:       1035
  Input file /tmp/tp03a18c19_9c1d_43f8_99dc_ab03cf338695.in being loaded.
 Default used for  SegXgrid
 Default used for nECoord(   1)
 Default used for TElt(   1)
 Default used for nECoord(   2)
 Default used for TElt(   2)
 Default used for nECoord(   3)
 Default used for TElt(   3)
 Default used for nECoord(   4)
 Default used for TElt(   4)
 Default used for nECoord(   5)
 Default used for TElt(   5)
 Optical Train Summary:
  Tracing rays past   5 elements.
  Aperture grid type = Circular  with   41 grid points.
  Elt   1: Reflector   : Aspheric with Kc=-4.0114D+02, Kr= 1.6967D+01, nECoords =  -6
  Elt   2: Reference   : Flat     with Kc= 0.0000D+00, Kr=-1.0000D+22, nECoords =  -6
  Elt   3: Reflector   : Aspheric with Kc= 5.2949D+00, Kr=-2.0732D+00, nECoords =  -6
  Elt   4: Reflector   : Aspheric with Kc= 6.9068D-02, Kr=-1.8475D+00, nECoords =  -6
  Elt   5: FocalPlane  : Flat     with Kc= 0.0000D+00, Kr=-1.0000D+22, nECoords =  -6
  Number of output coordinates is   5
  Computed StopPos =  2.307872071293D-01 -2.378279110945D+00  5.799136000000D-01
 OPD: Rays being traced =         1185
 Compute time was    0.0000 sec
  All rays are obscured or lost.
 **Warning: Computing pupil diffraction grid spacing failed!
            Diffraction result is incorrect.
 RMS OPD error is   9.999900000D+36 m 
 P-V OPD error is   0.000000000D+00 m 
 Average OPD is     9.9999000000000000D+36 m 
 One or more rays become undefined at element   1
 A total of     1185 rays were lost
   Bracket/iter:       1185
 OPD: Rays being traced =         1185
 Compute time was    0.0039 sec
  All rays are obscured or lost.
 **Warning: Computing pupil diffraction grid spacing failed!
            Diffraction result is incorrect.
 RMS OPD error is   9.999900000D+36 m 
 P-V OPD error is   0.000000000D+00 m 
 Average OPD is     9.9999000000000000D+36 m 
 One or more rays become undefined at element   1
 A total of     1185 rays were lost
   Bracket/iter:       1185
  Input file /tmp/tp03a18c19_9c1d_43f8_99dc_ab03cf338695.in being loaded.
 Default used for  SegXgrid
 Default used for nECoord(   1)
 Default used for TElt(   1)
 Default used for nECoord(   2)
 Default used for TElt(   2)
 Default used for nECoord(   3)
 Default used for TElt(   3)
 Default used for nECoord(   4)
 Default used for TElt(   4)
 Default used for nECoord(   5)
 Default used for TElt(   5)
 Optical Train Summary:
  Tracing rays past   5 elements.
  Aperture grid type = Circular  with   41 grid points.
  Elt   1: Reflector   : Aspheric with Kc=-4.0114D+02, Kr= 1.6967D+01, nECoords =  -6
  Elt   2: Reference   : Flat     with Kc= 0.0000D+00, Kr=-1.0000D+22, nECoords =  -6
  Elt   3: Reflector   : Aspheric with Kc= 5.2949D+00, Kr=-2.0732D+00, nECoords =  -6
  Elt   4: Reflector   : Aspheric with Kc= 6.9068D-02, Kr=-1.8475D+00, nECoords =  -6
  Elt   5: FocalPlane  : Flat     with Kc= 0.0000D+00, Kr=-1.0000D+22, nECoords =  -6
  Number of output coordinates is   5
  Computed StopPos =  4.356937817283D-02 -9.860128428348D-01  1.898402038620D+00
 OPD: Rays being traced =         1185
 Compute time was    0.0000 sec
  All rays are obscured or lost.
 **Warning: Computing pupil diffraction grid spacing failed!
            Diffraction result is incorrect.
 RMS OPD error is   9.999900000D+36 m 
 P-V OPD error is   0.000000000D+00 m 
 Average OPD is     9.9999000000000000D+36 m 
 One or more rays become undefined at element   3
 A total of     1185 rays were lost
   Surface miss:       1185
 OPD: Rays being traced =         1185
 Compute time was    0.0039 sec
 OPD: nPassRays =    1184,    DAvgCumL =  24.06643125D-01 m 
 RMS OPD error is   3.649973824D-03 m 
 P-V OPD error is   1.535962582D-02 m 
 Average OPD is     2.3851056719210576D-03 m 
  Input file /tmp/tp03a18c19_9c1d_43f8_99dc_ab03cf338695.in being loaded.
 Default used for  SegXgrid
 Default used for nECoord(   1)
 Default used for TElt(   1)
 Default used for nECoord(   2)
 Default used for TElt(   2)
 Default used for nECoord(   3)
 Default used for TElt(   3)
 Default used for nECoord(   4)
 Default used for TElt(   4)
 Default used for nECoord(   5)
 Default used for TElt(   5)
 Optical Train Summary:
  Tracing rays past   5 elements.
  Aperture grid type = Circular  with   41 grid points.
  Elt   1: Reflector   : Aspheric with Kc=-4.0114D+02, Kr= 1.6967D+01, nECoords =  -6
  Elt   2: Reference   : Flat     with Kc= 0.0000D+00, Kr=-1.0000D+22, nECoords =  -6
  Elt   3: Reflector   : Aspheric with Kc= 5.2949D+00, Kr=-2.0732D+00, nECoords =  -6
  Elt   4: Reflector   : Aspheric with Kc= 6.9068D-02, Kr=-1.8475D+00, nECoords =  -6
  Elt   5: FocalPlane  : Flat     with Kc= 0.0000D+00, Kr=-1.0000D+22, nECoords =  -6
  Number of output coordinates is   5
  Computed StopPos =  4.431358060332D-02 -9.938633118525D-01  1.870637217167D+00
 OPD: Rays being traced =         1185
 Compute time was    0.0000 sec
  All rays are obscured or lost.
 **Warning: Computing pupil diffraction grid spacing failed!
            Diffraction result is incorrect.
 RMS OPD error is   9.999900000D+36 m 
 P-V OPD error is   0.000000000D+00 m 
 Average OPD is     9.9999000000000000D+36 m 
 One or more rays become undefined at element   3
 A total of     1185 rays were lost
   Surface miss:       1185
 OPD: Rays being traced =         1185
 Compute time was    0.0000 sec
 OPD: nPassRays =    1184,    DAvgCumL =  24.33031145D-01 m 
 RMS OPD error is   4.105690893D-03 m 
 P-V OPD error is   1.814308619D-02 m 
 Average OPD is     2.6357538938616989D-03 m 
  Input file /tmp/tp03a18c19_9c1d_43f8_99dc_ab03cf338695.in being loaded.
 Default used for  SegXgrid
 Default used for nECoord(   1)
 Default used for TElt(   1)
 Default used for nECoord(   2)
 Default used for TElt(   2)
 Default used for nECoord(   3)
 Default used for TElt(   3)
 Default used for nECoord(   4)
 Default used for TElt(   4)
 Default used for nECoord(   5)
 Default used for TElt(   5)
 Optical Train Summary:
  Tracing rays past   5 elements.
  Aperture grid type = Circular  with   41 grid points.
  Elt   1: Reflector   : Aspheric with Kc=-4.0114D+02, Kr= 1.6967D+01, nECoords =  -6
  Elt   2: Reference   : Flat     with Kc= 0.0000D+00, Kr=-1.0000D+22, nECoords =  -6
  Elt   3: Reflector   : Aspheric with Kc= 5.2949D+00, Kr=-2.0732D+00, nECoords =  -6
  Elt   4: Reflector   : Aspheric with Kc= 6.9068D-02, Kr=-1.8475D+00, nECoords =  -6
  Elt   5: FocalPlane  : Flat     with Kc= 0.0000D+00, Kr=-1.0000D+22, nECoords =  -6
  Number of output coordinates is   5
  Computed StopPos =  4.487153431826D-02 -1.001859189603D+00  1.844958570814D+00
 OPD: Rays being traced =         1185
 Compute time was    0.0000 sec
  All rays are obscured or lost.
 **Warning: Computing pupil diffraction grid spacing failed!
            Diffraction result is incorrect.
 RMS OPD error is   9.999900000D+36 m 
 P-V OPD error is   0.000000000D+00 m 
 Average OPD is     9.9999000000000000D+36 m 
 One or more rays become undefined at element   3
 A total of     1185 rays were lost
   Surface miss:       1185
 OPD: Rays being traced =         1185
 Compute time was    0.0039 sec
 OPD: nPassRays =    1184,    DAvgCumL =  24.61851754D-01 m 
 RMS OPD error is   4.779622248D-03 m 
 P-V OPD error is   2.122038197D-02 m 
 Average OPD is     2.9087182318161715D-03 m 
  Input file /tmp/tp03a18c19_9c1d_43f8_99dc_ab03cf338695.in being loaded.
 Default used for  SegXgrid
 Default used for nECoord(   1)
 Default used for TElt(   1)
 Default used for nECoord(   2)
 Default used for TElt(   2)
 Default used for nECoord(   3)
 Default used for TElt(   3)
 Default used for nECoord(   4)
 Default used for TElt(   4)
 Default used for nECoord(   5)
 Default used for TElt(   5)
 Optical Train Summary:
  Tracing rays past   5 elements.
  Aperture grid type = Circular  with   41 grid points.
  Elt   1: Reflector   : Aspheric with Kc=-4.0114D+02, Kr= 1.6967D+01, nECoords =  -6
  Elt   2: Reference   : Flat     with Kc= 0.0000D+00, Kr=-1.0000D+22, nECoords =  -6
  Elt   3: Reflector   : Aspheric with Kc= 5.2949D+00, Kr=-2.0732D+00, nECoords =  -6
  Elt   4: Reflector   : Aspheric with Kc= 6.9068D-02, Kr=-1.8475D+00, nECoords =  -6
  Elt   5: FocalPlane  : Flat     with Kc= 0.0000D+00, Kr=-1.0000D+22, nECoords =  -6
  Number of output coordinates is   5
  Computed StopPos =  4.526083886961D-02 -1.009949768028D+00  1.821197436143D+00
 OPD: Rays being traced =         1185
 Compute time was    0.0000 sec
  All rays are obscured or lost.
 **Warning: Computing pupil diffraction grid spacing failed!
            Diffraction result is incorrect.
 RMS OPD error is   9.999900000D+36 m 
 P-V OPD error is   0.000000000D+00 m 
 Average OPD is     9.9999000000000000D+36 m 
 One or more rays become undefined at element   3
 A total of     1185 rays were lost
   Surface miss:       1185
 OPD: Rays being traced =         1185
 Compute time was    0.0000 sec
 OPD: nPassRays =    1184,    DAvgCumL =  24.93189285D-01 m 
 RMS OPD error is   5.622780279D-03 m 
 P-V OPD error is   2.472195541D-02 m 
 Average OPD is     3.2050818615538628D-03 m 
  Input file /tmp/tp03a18c19_9c1d_43f8_99dc_ab03cf338695.in being loaded.
 Default used for  SegXgrid
 Default used for nECoord(   1)
 Default used for TElt(   1)
 Default used for nECoord(   2)
 Default used for TElt(   2)
 Default used for nECoord(   3)
 Default used for TElt(   3)
 Default used for nECoord(   4)
 Default used for TElt(   4)
 Default used for nECoord(   5)
 Default used for TElt(   5)
 Optical Train Summary:
  Tracing rays past   5 elements.
  Aperture grid type = Circular  with   41 grid points.
  Elt   1: Reflector   : Aspheric with Kc=-4.0114D+02, Kr= 1.6967D+01, nECoords =  -6
  Elt   2: Reference   : Flat     with Kc= 0.0000D+00, Kr=-1.0000D+22, nECoords =  -6
  Elt   3: Reflector   : Aspheric with Kc= 5.2949D+00, Kr=-2.0732D+00, nECoords =  -6
  Elt   4: Reflector   : Aspheric with Kc= 6.9068D-02, Kr=-1.8475D+00, nECoords =  -6
  Elt   5: FocalPlane  : Flat     with Kc= 0.0000D+00, Kr=-1.0000D+22, nECoords =  -6
  Number of output coordinates is   5
  Computed StopPos =  4.549795093245D-02 -1.018094856180D+00  1.799192118746D+00
 OPD: Rays being traced =         1185
 Compute time was    0.0000 sec
  All rays are obscured or lost.
 **Warning: Computing pupil diffraction grid spacing failed!
            Diffraction result is incorrect.
 RMS OPD error is   9.999900000D+36 m 
 P-V OPD error is   0.000000000D+00 m 
 Average OPD is     9.9999000000000000D+36 m 
 One or more rays become undefined at element   3
 A total of     1185 rays were lost
   Surface miss:       1185
 OPD: Rays being traced =         1185
 Compute time was    0.0000 sec
 OPD: nPassRays =    1184,    DAvgCumL =  25.27135351D-01 m 
 RMS OPD error is   6.596570043D-03 m 
 P-V OPD error is   2.846411043D-02 m 
 Average OPD is     3.5258693395491753D-03 m 
  Input file /tmp/tp03a18c19_9c1d_43f8_99dc_ab03cf338695.in being loaded.
 Default used for  SegXgrid
 Default used for nECoord(   1)
 Default used for TElt(   1)
 Default used for nECoord(   2)
 Default used for TElt(   2)
 Default used for nECoord(   3)
 Default used for TElt(   3)
 Default used for nECoord(   4)
 Default used for TElt(   4)
 Default used for nECoord(   5)
 Default used for TElt(   5)
 Optical Train Summary:
  Tracing rays past   5 elements.
  Aperture grid type = Circular  with   41 grid points.
  Elt   1: Reflector   : Aspheric with Kc=-4.0114D+02, Kr= 1.6967D+01, nECoords =  -6
  Elt   2: Reference   : Flat     with Kc= 0.0000D+00, Kr=-1.0000D+22, nECoords =  -6
  Elt   3: Reflector   : Aspheric with Kc= 5.2949D+00, Kr=-2.0732D+00, nECoords =  -6
  Elt   4: Reflector   : Aspheric with Kc= 6.9068D-02, Kr=-1.8475D+00, nECoords =  -6
  Elt   5: FocalPlane  : Flat     with Kc= 0.0000D+00, Kr=-1.0000D+22, nECoords =  -6
  Number of output coordinates is   5
  Computed StopPos =  4.559788975363D-02 -1.026262349101D+00  1.778792475175D+00
 OPD: Rays being traced =         1185
 Compute time was    0.0000 sec
  All rays are obscured or lost.
 **Warning: Computing pupil diffraction grid spacing failed!
            Diffraction result is incorrect.
 RMS OPD error is   9.999900000D+36 m 
 P-V OPD error is   0.000000000D+00 m 
 Average OPD is     9.9999000000000000D+36 m 
 One or more rays become undefined at element   3
 A total of     1185 rays were lost
   Surface miss:       1185
 OPD: Rays being traced =         1185
 Compute time was    0.0000 sec
 OPD: nPassRays =    1184,    DAvgCumL =  25.63789763D-01 m 
 RMS OPD error is   7.674867069D-03 m 
 P-V OPD error is   3.239322484D-02 m 
 Average OPD is     3.8720502134640912D-03 m 
  Input file /tmp/tp03a18c19_9c1d_43f8_99dc_ab03cf338695.in being loaded.
 Default used for  SegXgrid
 Default used for nECoord(   1)
 Default used for TElt(   1)
 Default used for nECoord(   2)
 Default used for TElt(   2)
 Default used for nECoord(   3)
 Default used for TElt(   3)
 Default used for nECoord(   4)
 Default used for TElt(   4)
 Default used for nECoord(   5)
 Default used for TElt(   5)
 Optical Train Summary:
  Tracing rays past   5 elements.
  Aperture grid type = Circular  with   41 grid points.
  Elt   1: Reflector   : Aspheric with Kc=-4.0114D+02, Kr= 1.6967D+01, nECoords =  -6
  Elt   2: Reference   : Flat     with Kc= 0.0000D+00, Kr=-1.0000D+22, nECoords =  -6
  Elt   3: Reflector   : Aspheric with Kc= 5.2949D+00, Kr=-2.0732D+00, nECoords =  -6
  Elt   4: Reflector   : Aspheric with Kc= 6.9068D-02, Kr=-1.8475D+00, nECoords =  -6
  Elt   5: FocalPlane  : Flat     with Kc= 0.0000D+00, Kr=-1.0000D+22, nECoords =  -6
  Number of output coordinates is   5
  Computed StopPos =  2.757867720020D-01 -1.678911152784D+00  1.571511296506D+00
 OPD: Rays being traced =         1185
 Compute time was    0.0039 sec
  All rays are obscured or lost.
 **Warning: Computing pupil diffraction grid spacing failed!
            Diffraction result is incorrect.
 RMS OPD error is   9.999900000D+36 m 
 P-V OPD error is   0.000000000D+00 m 
 Average OPD is     9.9999000000000000D+36 m 
 One or more rays become undefined at element   1
 One or more rays become undefined at element   3
 A total of     1185 rays were lost
   Surface miss:        587
   Bracket/iter:        598
 OPD: Rays being traced =         1185
 Compute time was    0.0000 sec
 OPD: nPassRays =     586,    DAvgCumL = -13.69409275D+00 m 
 RMS OPD error is   2.821272897D+02 m 
 P-V OPD error is   6.465219502D+03 m 
 Average OPD is    -3.7555205653814072D+00 m 
 One or more rays become undefined at element   1
 A total of      598 rays were lost
   Bracket/iter:        598
  Input file /tmp/tp03a18c19_9c1d_43f8_99dc_ab03cf338695.in being loaded.
 Default used for  SegXgrid
 Default used for nECoord(   1)
 Default used for TElt(   1)
 Default used for nECoord(   2)
 Default used for TElt(   2)
 Default used for nECoord(   3)
 Default used for TElt(   3)
 Default used for nECoord(   4)
 Default used for TElt(   4)
 Default used for nECoord(   5)
 Default used for TElt(   5)
 Optical Train Summary:
  Tracing rays past   5 elements.
  Aperture grid type = Circular  with   41 grid points.
  Elt   1: Reflector   : Aspheric with Kc=-4.0114D+02, Kr= 1.6967D+01, nECoords =  -6
  Elt   2: Reference   : Flat     with Kc= 0.0000D+00, Kr=-1.0000D+22, nECoords =  -6
  Elt   3: Reflector   : Aspheric with Kc= 5.2949D+00, Kr=-2.0732D+00, nECoords =  -6
  Elt   4: Reflector   : Aspheric with Kc= 6.9068D-02, Kr=-1.8475D+00, nECoords =  -6
  Elt   5: FocalPlane  : Flat     with Kc= 0.0000D+00, Kr=-1.0000D+22, nECoords =  -6
  Number of output coordinates is   5
  Computed StopPos =  1.933300374579D-01 -1.692449245480D+00  1.575305287084D+00
 OPD: Rays being traced =         1185
 Compute time was    0.0000 sec
  All rays are obscured or lost.
 **Warning: Computing pupil diffraction grid spacing failed!
            Diffraction result is incorrect.
 RMS OPD error is   9.999900000D+36 m 
 P-V OPD error is   0.000000000D+00 m 
 Average OPD is     9.9999000000000000D+36 m 
 One or more rays become undefined at element   1
 One or more rays become undefined at element   3
 A total of     1185 rays were lost
   Surface miss:        589
   Bracket/iter:        596
 OPD: Rays being traced =         1185
 Compute time was    0.0039 sec
 OPD: nPassRays =     588,    DAvgCumL = -18.85208585D+00 m 
 RMS OPD error is   3.246465261D+02 m 
 P-V OPD error is   8.546470887D+03 m 
 Average OPD is    -7.5082801090325804D+00 m 
 One or more rays become undefined at element   1
 A total of      596 rays were lost
   Bracket/iter:        596
  Input file /tmp/tp03a18c19_9c1d_43f8_99dc_ab03cf338695.in being loaded.
 Default used for  SegXgrid
 Default used for nECoord(   1)
 Default used for TElt(   1)
 Default used for nECoord(   2)
 Default used for TElt(   2)
 Default used for nECoord(   3)
 Default used for TElt(   3)
 Default used for nECoord(   4)
 Default used for TElt(   4)
 Default used for nECoord(   5)
 Default used for TElt(   5)
 Optical Train Summary:
  Tracing rays past   5 elements.
  Aperture grid type = Circular  with   41 grid points.
  Elt   1: Reflector   : Aspheric with Kc=-4.0114D+02, Kr= 1.6967D+01, nECoords =  -6
  Elt   2: Reference   : Flat     with Kc= 0.0000D+00, Kr=-1.0000D+22, nECoords =  -6
  Elt   3: Reflector   : Aspheric with Kc= 5.2949D+00, Kr=-2.0732D+00, nECoords =  -6
  Elt   4: Reflector   : Aspheric with Kc= 6.9068D-02, Kr=-1.8475D+00, nECoords =  -6
  Elt   5: FocalPlane  : Flat     with Kc= 0.0000D+00, Kr=-1.0000D+22, nECoords =  -6
  Number of output coordinates is   5
  Computed StopPos =  1.728127041546D-01 -2.229349805937D+00  5.799136000000D-01
 OPD: Rays being traced =         1185
 Compute time was    0.0000 sec
  All rays are obscured or lost.
 **Warning: Computing pupil diffraction grid spacing failed!
            Diffraction result is incorrect.
 RMS OPD error is   9.999900000D+36 m 
 P-V OPD error is   0.000000000D+00 m 
 Average OPD is     9.9999000000000000D+36 m 
 One or more rays become undefined at element   1
 One or more rays become undefined at element   3
 A total of     1185 rays were lost
   Surface miss:        443
   Bracket/iter:        742
 OPD: Rays being traced =         1185
 Compute time was    0.0039 sec
 OPD: nPassRays =     443,    DAvgCumL = -26.92167090D+00 m 
 RMS OPD error is   6.845633338D+02 m 
 P-V OPD error is   1.848224972D+04 m 
 Average OPD is    -2.6921670901102413D+01 m 
 One or more rays become undefined at element   1
 A total of      742 rays were lost
   Bracket/iter:        742
  Input file /tmp/tp03a18c19_9c1d_43f8_99dc_ab03cf338695.in being loaded.
 Default used for  SegXgrid
 Default used for nECoord(   1)
 Default used for TElt(   1)
 Default used for nECoord(   2)
 Default used for TElt(   2)
 Default used for nECoord(   3)
 Default used for TElt(   3)
 Default used for nECoord(   4)
 Default used for TElt(   4)
 Default used for nECoord(   5)
 Default used for TElt(   5)
 Optical Train Summary:
  Tracing rays past   5 elements.
  Aperture grid type = Circular  with   41 grid points.
  Elt   1: Reflector   : Aspheric with Kc=-4.0114D+02, Kr= 1.6967D+01, nECoords =  -6
  Elt   2: Reference   : Flat     with Kc= 0.0000D+00, Kr=-1.0000D+22, nECoords =  -6
  Elt   3: Reflector   : Aspheric with Kc= 5.2949D+00, Kr=-2.0732D+00, nECoords =  -6
  Elt   4: Reflector   : Aspheric with Kc= 6.9068D-02, Kr=-1.8475D+00, nECoords =  -6
  Elt   5: FocalPlane  : Flat     with Kc= 0.0000D+00, Kr=-1.0000D+22, nECoords =  -6
  Number of output coordinates is   5
  Computed StopPos =  1.728127041546D-01 -2.302755735250D+00  5.799136000000D-01
 OPD: Rays being traced =         1185
 Compute time was    0.0000 sec
  All rays are obscured or lost.
 **Warning: Computing pupil diffraction grid spacing failed!
            Diffraction result is incorrect.
 RMS OPD error is   9.999900000D+36 m 
 P-V OPD error is   0.000000000D+00 m 
 Average OPD is     9.9999000000000000D+36 m 
 One or more rays become undefined at element   1
 One or more rays become undefined at element   3
 A total of     1185 rays were lost
   Surface miss:        161
   Bracket/iter:       1024
 OPD: Rays being traced =         1185
 Compute time was    0.0039 sec
 OPD: nPassRays =     161,    DAvgCumL = -21.25733073D+00 m 
 RMS OPD error is   5.092797130D+00 m 
 P-V OPD error is   1.899464644D+01 m 
 Average OPD is    -2.1257330725737635D+01 m 
 One or more rays become undefined at element   1
 A total of     1024 rays were lost
   Bracket/iter:       1024
  Input file /tmp/tp03a18c19_9c1d_43f8_99dc_ab03cf338695.in being loaded.
 Default used for  SegXgrid
 Default used for nECoord(   1)
 Default used for TElt(   1)
 Default used for nECoord(   2)
 Default used for TElt(   2)
 Default used for nECoord(   3)
 Default used for TElt(   3)
 Default used for nECoord(   4)
 Default used for TElt(   4)
 Default used for nECoord(   5)
 Default used for TElt(   5)
 Optical Train Summary:
  Tracing rays past   5 elements.
  Aperture grid type = Circular  with   41 grid points.
  Elt   1: Reflector   : Aspheric with Kc=-4.0114D+02, Kr= 1.6967D+01, nECoords =  -6
  Elt   2: Reference   : Flat     with Kc= 0.0000D+00, Kr=-1.0000D+22, nECoords =  -6
  Elt   3: Reflector   : Aspheric with Kc= 5.2949D+00, Kr=-2.0732D+00, nECoords =  -6
  Elt   4: Reflector   : Aspheric with Kc= 6.9068D-02, Kr=-1.8475D+00, nECoords =  -6
  Elt   5: FocalPlane  : Flat     with Kc= 0.0000D+00, Kr=-1.0000D+22, nECoords =  -6
  Number of output coordinates is   5
  Computed StopPos =  1.728127041546D-01 -2.378279110945D+00  5.799136000000D-01
 OPD: Rays being traced =         1185
 Compute time was    0.0039 sec
  All rays are obscured or lost.
 **Warning: Computing pupil diffraction grid spacing failed!
            Diffraction result is incorrect.
 RMS OPD error is   9.999900000D+36 m 
 P-V OPD error is   0.000000000D+00 m 
 Average OPD is     9.9999000000000000D+36 m 
 One or more rays become undefined at element   1
 A total of     1185 rays were lost
   Bracket/iter:       1185
 OPD: Rays being traced =         1185
 Compute time was    0.0000 sec
  All rays are obscured or lost.
 **Warning: Computing pupil diffraction grid spacing failed!
            Diffraction result is incorrect.
 RMS OPD error is   9.999900000D+36 m 
 P-V OPD error is   0.000000000D+00 m 
 Average OPD is     9.9999000000000000D+36 m 
 One or more rays become undefined at element   1
 A total of     1185 rays were lost
   Bracket/iter:       1185
  Input file /tmp/tp03a18c19_9c1d_43f8_99dc_ab03cf338695.in being loaded.
 Default used for  SegXgrid
 Default used for nECoord(   1)
 Default used for TElt(   1)
 Default used for nECoord(   2)
 Default used for TElt(   2)
 Default used for nECoord(   3)
 Default used for TElt(   3)
 Default used for nECoord(   4)
 Default used for TElt(   4)
 Default used for nECoord(   5)
 Default used for TElt(   5)
 Optical Train Summary:
  Tracing rays past   5 elements.
  Aperture grid type = Circular  with   41 grid points.
  Elt   1: Reflector   : Aspheric with Kc=-4.0114D+02, Kr= 1.6967D+01, nECoords =  -6
  Elt   2: Reference   : Flat     with Kc= 0.0000D+00, Kr=-1.0000D+22, nECoords =  -6
  Elt   3: Reflector   : Aspheric with Kc= 5.2949D+00, Kr=-2.0732D+00, nECoords =  -6
  Elt   4: Reflector   : Aspheric with Kc= 6.9068D-02, Kr=-1.8475D+00, nECoords =  -6
  Elt   5: FocalPlane  : Flat     with Kc= 0.0000D+00, Kr=-1.0000D+22, nECoords =  -6
  Number of output coordinates is   5
  Computed StopPos =  2.907476123263D-02 -9.869096359567D-01  1.898555140612D+00
 OPD: Rays being traced =         1185
 Compute time was    0.0000 sec
  All rays are obscured or lost.
 **Warning: Computing pupil diffraction grid spacing failed!
            Diffraction result is incorrect.
 RMS OPD error is   9.999900000D+36 m 
 P-V OPD error is   0.000000000D+00 m 
 Average OPD is     9.9999000000000000D+36 m 
 One or more rays become undefined at element   3
 A total of     1185 rays were lost
   Surface miss:       1185
 OPD: Rays being traced =         1185
 Compute time was    0.0000 sec
 OPD: nPassRays =    1184,    DAvgCumL =  24.02600891D-01 m 
 RMS OPD error is   2.941396669D-03 m 
 P-V OPD error is   1.248797091D-02 m 
 Average OPD is     2.3771216009401798D-03 m 
  Input file /tmp/tp03a18c19_9c1d_43f8_99dc_ab03cf338695.in being loaded.
 Default used for  SegXgrid
 Default used for nECoord(   1)
 Default used for TElt(   1)
 Default used for nECoord(   2)
 Default used for TElt(   2)
 Default used for nECoord(   3)
 Default used for TElt(   3)
 Default used for nECoord(   4)
 Default used for TElt(   4)
 Default used for nECoord(   5)
 Default used for TElt(   5)
 Optical Train Summary:
  Tracing rays past   5 elements.
  Aperture grid type = Circular  with   41 grid points.
  Elt   1: Reflector   : Aspheric with Kc=-4.0114D+02, Kr= 1.6967D+01, nECoords =  -6
  Elt   2: Reference   : Flat     with Kc= 0.0000D+00, Kr=-1.0000D+22, nECoords =  -6
  Elt   3: Reflector   : Aspheric with Kc= 5.2949D+00, Kr=-2.0732D+00, nECoords =  -6
  Elt   4: Reflector   : Aspheric with Kc= 6.9068D-02, Kr=-1.8475D+00, nECoords =  -6
  Elt   5: FocalPlane  : Flat     with Kc= 0.0000D+00, Kr=-1.0000D+22, nECoords =  -6
  Number of output coordinates is   5
  Computed StopPos =  2.957410601043D-02 -9.947777443618D-01  1.870678975106D+00
 OPD: Rays being traced =         1185
 Compute time was    0.0000 sec
  All rays are obscured or lost.
 **Warning: Computing pupil diffraction grid spacing failed!
            Diffraction result is incorrect.
 RMS OPD error is   9.999900000D+36 m 
 P-V OPD error is   0.000000000D+00 m 
 Average OPD is     9.9999000000000000D+36 m 
 One or more rays become undefined at element   3
 A total of     1185 rays were lost
   Surface miss:       1185
 OPD: Rays being traced =         1185
 Compute time was    0.0000 sec
 OPD: nPassRays =    1184,    DAvgCumL =  24.29011983D-01 m 
 RMS OPD error is   3.462376477D-03 m 
 P-V OPD error is   1.539759812D-02 m 
 Average OPD is     2.6269876944564770D-03 m 
  Input file /tmp/tp03a18c19_9c1d_43f8_99dc_ab03cf338695.in being loaded.
 Default used for  SegXgrid
 Default used for nECoord(   1)
 Default used for TElt(   1)
 Default used for nECoord(   2)
 Default used for TElt(   2)
 Default used for nECoord(   3)
 Default used for TElt(   3)
 Default used for nECoord(   4)
 Default used for TElt(   4)
 Default used for nECoord(   5)
 Default used for TElt(   5)
 Optical Train Summary:
  Tracing rays past   5 elements.
  Aperture grid type = Circular  with   41 grid points.
  Elt   1: Reflector   : Aspheric with Kc=-4.0114D+02, Kr= 1.6967D+01, nECoords =  -6
  Elt   2: Reference   : Flat     with Kc= 0.0000D+00, Kr=-1.0000D+22, nECoords =  -6
  Elt   3: Reflector   : Aspheric with Kc= 5.2949D+00, Kr=-2.0732D+00, nECoords =  -6
  Elt   4: Reflector   : Aspheric with Kc= 6.9068D-02, Kr=-1.8475D+00, nECoords =  -6
  Elt   5: FocalPlane  : Flat     with Kc= 0.0000D+00, Kr=-1.0000D+22, nECoords =  -6
  Number of output coordinates is   5
  Computed StopPos =  2.994783984585D-02 -1.002785260828D+00  1.844914780229D+00
 OPD: Rays being traced =         1185
 Compute time was    0.0039 sec
  All rays are obscured or lost.
 **Warning: Computing pupil diffraction grid spacing failed!
            Diffraction result is incorrect.
 RMS OPD error is   9.999900000D+36 m 
 P-V OPD error is   0.000000000D+00 m 
 Average OPD is     9.9999000000000000D+36 m 
 One or more rays become undefined at element   3
 A total of     1185 rays were lost
   Surface miss:       1185
 OPD: Rays being traced =         1185
 Compute time was    0.0000 sec
 OPD: nPassRays =    1184,    DAvgCumL =  24.57859908D-01 m 
 RMS OPD error is   4.213935888D-03 m 
 P-V OPD error is   1.863232532D-02 m 
 Average OPD is     2.8991580900864155D-03 m 
  Input file /tmp/tp03a18c19_9c1d_43f8_99dc_ab03cf338695.in being loaded.
 Default used for  SegXgrid
 Default used for nECoord(   1)
 Default used for TElt(   1)
 Default used for nECoord(   2)
 Default used for TElt(   2)
 Default used for nECoord(   3)
 Default used for TElt(   3)
 Default used for nECoord(   4)
 Default used for TElt(   4)
 Default used for nECoord(   5)
 Default used for TElt(   5)
 Optical Train Summary:
  Tracing rays past   5 elements.
  Aperture grid type = Circular  with   41 grid points.
  Elt   1: Reflector   : Aspheric with Kc=-4.0114D+02, Kr= 1.6967D+01, nECoords =  -6
  Elt   2: Reference   : Flat     with Kc= 0.0000D+00, Kr=-1.0000D+22, nECoords =  -6
  Elt   3: Reflector   : Aspheric with Kc= 5.2949D+00, Kr=-2.0732D+00, nECoords =  -6
  Elt   4: Reflector   : Aspheric with Kc= 6.9068D-02, Kr=-1.8475D+00, nECoords =  -6
  Elt   5: FocalPlane  : Flat     with Kc= 0.0000D+00, Kr=-1.0000D+22, nECoords =  -6
  Number of output coordinates is   5
  Computed StopPos =  3.020796761463D-02 -1.010881612017D+00  1.821089478397D+00
 OPD: Rays being traced =         1185
 Compute time was    0.0000 sec
  All rays are obscured or lost.
 **Warning: Computing pupil diffraction grid spacing failed!
            Diffraction result is incorrect.
 RMS OPD error is   9.999900000D+36 m 
 P-V OPD error is   0.000000000D+00 m 
 Average OPD is     9.9999000000000000D+36 m 
 One or more rays become undefined at element   3
 A total of     1185 rays were lost
   Surface miss:       1185
 OPD: Rays being traced =         1185
 Compute time was    0.0039 sec
 OPD: nPassRays =    1184,    DAvgCumL =  24.89229043D-01 m 
 RMS OPD error is   5.127596011D-03 m 
 P-V OPD error is   2.214255965D-02 m 
 Average OPD is     3.1947288612851981D-03 m 
  Input file /tmp/tp03a18c19_9c1d_43f8_99dc_ab03cf338695.in being loaded.
 Default used for  SegXgrid
 Default used for nECoord(   1)
 Default used for TElt(   1)
 Default used for nECoord(   2)
 Default used for TElt(   2)
 Default used for nECoord(   3)
 Default used for TElt(   3)
 Default used for nECoord(   4)
 Default used for TElt(   4)
 Default used for nECoord(   5)
 Default used for TElt(   5)
 Optical Train Summary:
  Tracing rays past   5 elements.
  Aperture grid type = Circular  with   41 grid points.
  Elt   1: Reflector   : Aspheric with Kc=-4.0114D+02, Kr= 1.6967D+01, nECoords =  -6
  Elt   2: Reference   : Flat     with Kc= 0.0000D+00, Kr=-1.0000D+22, nECoords =  -6
  Elt   3: Reflector   : Aspheric with Kc= 5.2949D+00, Kr=-2.0732D+00, nECoords =  -6
  Elt   4: Reflector   : Aspheric with Kc= 6.9068D-02, Kr=-1.8475D+00, nECoords =  -6
  Elt   5: FocalPlane  : Flat     with Kc= 0.0000D+00, Kr=-1.0000D+22, nECoords =  -6
  Number of output coordinates is   5
  Computed StopPos =  3.036566214656D-02 -1.019026652610D+00  1.799038181515D+00
 OPD: Rays being traced =         1185
 Compute time was    0.0000 sec
  All rays are obscured or lost.
 **Warning: Computing pupil diffraction grid spacing failed!
            Diffraction result is incorrect.
 RMS OPD error is   9.999900000D+36 m 
 P-V OPD error is   0.000000000D+00 m 
 Average OPD is     9.9999000000000000D+36 m 
 One or more rays become undefined at element   3
 A total of     1185 rays were lost
   Surface miss:       1185
 OPD: Rays being traced =         1185
 Compute time was    0.0039 sec
 OPD: nPassRays =    1184,    DAvgCumL =  25.23211013D-01 m 
 RMS OPD error is   6.159726438D-03 m 
 P-V OPD error is   2.587050062D-02 m 
 Average OPD is     3.5147364776742444D-03 m 
  Input file /tmp/tp03a18c19_9c1d_43f8_99dc_ab03cf338695.in being loaded.
 Default used for  SegXgrid
 Default used for nECoord(   1)
 Default used for TElt(   1)
 Default used for nECoord(   2)
 Default used for TElt(   2)
 Default used for nECoord(   3)
 Default used for TElt(   3)
 Default used for nECoord(   4)
 Default used for TElt(   4)
 Default used for nECoord(   5)
 Default used for TElt(   5)
 Optical Train Summary:
  Tracing rays past   5 elements.
  Aperture grid type = Circular  with   41 grid points.
  Elt   1: Reflector   : Aspheric with Kc=-4.0114D+02, Kr= 1.6967D+01, nECoords =  -6
  Elt   2: Reference   : Flat     with Kc= 0.0000D+00, Kr=-1.0000D+22, nECoords =  -6
  Elt   3: Reflector   : Aspheric with Kc= 5.2949D+00, Kr=-2.0732D+00, nECoords =  -6
  Elt   4: Reflector   : Aspheric with Kc= 6.9068D-02, Kr=-1.8475D+00, nECoords =  -6
  Elt   5: FocalPlane  : Flat     with Kc= 0.0000D+00, Kr=-1.0000D+22, nECoords =  -6
  Number of output coordinates is   5
  Computed StopPos =  3.043114290309D-02 -1.027188656156D+00  1.778607356907D+00
 OPD: Rays being traced =         1185
 Compute time was    0.0039 sec
  All rays are obscured or lost.
 **Warning: Computing pupil diffraction grid spacing failed!
            Diffraction result is incorrect.
 RMS OPD error is   9.999900000D+36 m 
 P-V OPD error is   0.000000000D+00 m 
 Average OPD is     9.9999000000000000D+36 m 
 One or more rays become undefined at element   3
 A total of     1185 rays were lost
   Surface miss:       1185
 OPD: Rays being traced =         1185
 Compute time was    0.0000 sec
 OPD: nPassRays =    1184,    DAvgCumL =  25.59905606D-01 m 
 RMS OPD error is   7.285092280D-03 m 
 P-V OPD error is   2.985514604D-02 m 
 Average OPD is     3.8601613247788917D-03 m 
  Input file /tmp/tp03a18c19_9c1d_43f8_99dc_ab03cf338695.in being loaded.
 Default used for  SegXgrid
 Default used for nECoord(   1)
 Default used for TElt(   1)
 Default used for nECoord(   2)
 Default used for TElt(   2)
 Default used for nECoord(   3)
 Default used for TElt(   3)
 Default used for nECoord(   4)
 Default used for TElt(   4)
 Default used for nECoord(   5)
 Default used for TElt(   5)
 Optical Train Summary:
  Tracing rays past   5 elements.
  Aperture grid type = Circular  with   41 grid points.
  Elt   1: Reflector   : Aspheric with Kc=-4.0114D+02, Kr= 1.6967D+01, nECoords =  -6
  Elt   2: Reference   : Flat     with Kc= 0.0000D+00, Kr=-1.0000D+22, nECoords =  -6
  Elt   3: Reflector   : Aspheric with Kc= 5.2949D+00, Kr=-2.0732D+00, nECoords =  -6
  Elt   4: Reflector   : Aspheric with Kc= 6.9068D-02, Kr=-1.8475D+00, nECoords =  -6
  Elt   5: FocalPlane  : Flat     with Kc= 0.0000D+00, Kr=-1.0000D+22, nECoords =  -6
  Number of output coordinates is   5
  Computed StopPos =  7.591236151008D-02 -1.698015757772D+00  1.568382943477D+00
 OPD: Rays being traced =         1185
 Compute time was    0.0000 sec
  All rays are obscured or lost.
 **Warning: Computing pupil diffraction grid spacing failed!
            Diffraction result is incorrect.
 RMS OPD error is   9.999900000D+36 m 
 P-V OPD error is   0.000000000D+00 m 
 Average OPD is     9.9999000000000000D+36 m 
 One or more rays become undefined at element   1
 One or more rays become undefined at element   3
 A total of     1185 rays were lost
   Surface miss:        620
   Bracket/iter:        565
 OPD: Rays being traced =         1185
 Compute time was    0.0000 sec
 OPD: nPassRays =     619,    DAvgCumL = -42.73662696D+00 m 
 RMS OPD error is   2.396088235D+02 m 
 P-V OPD error is   4.022928155D+03 m 
 Average OPD is    -3.2652150557358709D+01 m 
 One or more rays become undefined at element   1
 A total of      565 rays were lost
   Bracket/iter:        565
  Input file /tmp/tp03a18c19_9c1d_43f8_99dc_ab03cf338695.in being loaded.
 Default used for  SegXgrid
 Default used for nECoord(   1)
 Default used for TElt(   1)
 Default used for nECoord(   2)
 Default used for TElt(   2)
 Default used for nECoord(   3)
 Default used for TElt(   3)
 Default used for nECoord(   4)
 Default used for TElt(   4)
 Default used for nECoord(   5)
 Default used for TElt(   5)
 Optical Train Summary:
  Tracing rays past   5 elements.
  Aperture grid type = Circular  with   41 grid points.
  Elt   1: Reflector   : Aspheric with Kc=-4.0114D+02, Kr= 1.6967D+01, nECoords =  -6
  Elt   2: Reference   : Flat     with Kc= 0.0000D+00, Kr=-1.0000D+22, nECoords =  -6
  Elt   3: Reflector   : Aspheric with Kc= 5.2949D+00, Kr=-2.0732D+00, nECoords =  -6
  Elt   4: Reflector   : Aspheric with Kc= 6.9068D-02, Kr=-1.8475D+00, nECoords =  -6
  Elt   5: FocalPlane  : Flat     with Kc= 0.0000D+00, Kr=-1.0000D+22, nECoords =  -6
  Number of output coordinates is   5
  Computed StopPos =  1.787019158048D-01 -1.694131100597D+00  1.575444103460D+00
 OPD: Rays being traced =         1185
 Compute time was    0.0000 sec
  All rays are obscured or lost.
 **Warning: Computing pupil diffraction grid spacing failed!
            Diffraction result is incorrect.
 RMS OPD error is   9.999900000D+36 m 
 P-V OPD error is   0.000000000D+00 m 
 Average OPD is     9.9999000000000000D+36 m 
 One or more rays become undefined at element   1
 One or more rays become undefined at element   3
 A total of     1185 rays were lost
   Surface miss:        587
   Bracket/iter:        598
 OPD: Rays being traced =         1185
 Compute time was    0.0039 sec
 OPD: nPassRays =     586,    DAvgCumL = -48.21959978D-01 m 
 RMS OPD error is   3.968458444D+02 m 
 P-V OPD error is   9.193736024D+03 m 
 Average OPD is     6.2807253466436777D+00 m 
 One or more rays become undefined at element   1
 A total of      598 rays were lost
   Bracket/iter:        598
  Input file /tmp/tp03a18c19_9c1d_43f8_99dc_ab03cf338695.in being loaded.
 Default used for  SegXgrid
 Default used for nECoord(   1)
 Default used for TElt(   1)
 Default used for nECoord(   2)
 Default used for TElt(   2)
 Default used for nECoord(   3)
 Default used for TElt(   3)
 Default used for nECoord(   4)
 Default used for TElt(   4)
 Default used for nECoord(   5)
 Default used for TElt(   5)
 Optical Train Summary:
  Tracing rays past   5 elements.
  Aperture grid type = Circular  with   41 grid points.
  Elt   1: Reflector   : Aspheric with Kc=-4.0114D+02, Kr= 1.6967D+01, nECoords =  -6
  Elt   2: Reference   : Flat     with Kc= 0.0000D+00, Kr=-1.0000D+22, nECoords =  -6
  Elt   3: Reflector   : Aspheric with Kc= 5.2949D+00, Kr=-2.0732D+00, nECoords =  -6
  Elt   4: Reflector   : Aspheric with Kc= 6.9068D-02, Kr=-1.8475D+00, nECoords =  -6
  Elt   5: FocalPlane  : Flat     with Kc= 0.0000D+00, Kr=-1.0000D+22, nECoords =  -6
  Number of output coordinates is   5
  Computed StopPos =  1.150766663399D-01 -2.229349805937D+00  5.799136000000D-01
 OPD: Rays being traced =         1185
 Compute time was    0.0000 sec
  All rays are obscured or lost.
 **Warning: Computing pupil diffraction grid spacing failed!
            Diffraction result is incorrect.
 RMS OPD error is   9.999900000D+36 m 
 P-V OPD error is   0.000000000D+00 m 
 Average OPD is     9.9999000000000000D+36 m 
 One or more rays become undefined at element   1
 One or more rays become undefined at element   3
 A total of     1185 rays were lost
   Surface miss:        457
   Bracket/iter:        728
 OPD: Rays being traced =         1185
 Compute time was    0.0000 sec
 OPD: nPassRays =     457,    DAvgCumL = -98.51911826D+00 m 
 RMS OPD error is   1.929939442D+03 m 
 P-V OPD error is   4.595444341D+04 m 
 Average OPD is    -9.8519118259286913D+01 m 
 One or more rays become undefined at element   1
 A total of      728 rays were lost
   Bracket/iter:        728
  Input file /tmp/tp03a18c19_9c1d_43f8_99dc_ab03cf338695.in being loaded.
 Default used for  SegXgrid
 Default used for nECoord(   1)
 Default used for TElt(   1)
 Default used for nECoord(   2)
 Default used for TElt(   2)
 Default used for nECoord(   3)
 Default used for TElt(   3)
 Default used for nECoord(   4)
 Default used for TElt(   4)
 Default used for nECoord(   5)
 Default used for TElt(   5)
 Optical Train Summary:
  Tracing rays past   5 elements.
  Aperture grid type = Circular  with   41 grid points.
  Elt   1: Reflector   : Aspheric with Kc=-4.0114D+02, Kr= 1.6967D+01, nECoords =  -6
  Elt   2: Reference   : Flat     with Kc= 0.0000D+00, Kr=-1.0000D+22, nECoords =  -6
  Elt   3: Reflector   : Aspheric with Kc= 5.2949D+00, Kr=-2.0732D+00, nECoords =  -6
  Elt   4: Reflector   : Aspheric with Kc= 6.9068D-02, Kr=-1.8475D+00, nECoords =  -6
  Elt   5: FocalPlane  : Flat     with Kc= 0.0000D+00, Kr=-1.0000D+22, nECoords =  -6
  Number of output coordinates is   5
  Computed StopPos =  1.150766663399D-01 -2.302755735250D+00  5.799136000000D-01
 OPD: Rays being traced =         1185
 Compute time was    0.0039 sec
  All rays are obscured or lost.
 **Warning: Computing pupil diffraction grid spacing failed!
            Diffraction result is incorrect.
 RMS OPD error is   9.999900000D+36 m 
 P-V OPD error is   0.000000000D+00 m 
 Average OPD is     9.9999000000000000D+36 m 
 One or more rays become undefined at element   1
 One or more rays become undefined at element   3
 A total of     1185 rays were lost
   Surface miss:        171
   Bracket/iter:       1014
 OPD: Rays being traced =         1185
 Compute time was    0.0000 sec
 OPD: nPassRays =     171,    DAvgCumL = -21.21803219D+00 m 
 RMS OPD error is   5.336665153D+00 m 
 P-V OPD error is   1.952559119D+01 m 
 Average OPD is    -2.1218032185956201D+01 m 
 One or more rays become undefined at element   1
 A total of     1014 rays were lost
   Bracket/iter:       1014
  Input file /tmp/tp03a18c19_9c1d_43f8_99dc_ab03cf338695.in being loaded.
 Default used for  SegXgrid
 Default used for nECoord(   1)
 Default used for TElt(   1)
 Default used for nECoord(   2)
 Default used for TElt(   2)
 Default used for nECoord(   3)
 Default used for TElt(   3)
 Default used for nECoord(   4)
 Default used for TElt(   4)
 Default used for nECoord(   5)
 Default used for TElt(   5)
 Optical Train Summary:
  Tracing rays past   5 elements.
  Aperture grid type = Circular  with   41 grid points.
  Elt   1: Reflector   : Aspheric with Kc=-4.0114D+02, Kr= 1.6967D+01, nECoords =  -6
  Elt   2: Reference   : Flat     with Kc= 0.0000D+00, Kr=-1.0000D+22, nECoords =  -6
  Elt   3: Reflector   : Aspheric with Kc= 5.2949D+00, Kr=-2.0732D+00, nECoords =  -6
  Elt   4: Reflector   : Aspheric with Kc= 6.9068D-02, Kr=-1.8475D+00, nECoords =  -6
  Elt   5: FocalPlane  : Flat     with Kc= 0.0000D+00, Kr=-1.0000D+22, nECoords =  -6
  Number of output coordinates is   5
  Computed StopPos =  1.150766663399D-01 -2.378279110945D+00  5.799136000000D-01
 OPD: Rays being traced =         1185
 Compute time was    0.0000 sec
  All rays are obscured or lost.
 **Warning: Computing pupil diffraction grid spacing failed!
            Diffraction result is incorrect.
 RMS OPD error is   9.999900000D+36 m 
 P-V OPD error is   0.000000000D+00 m 
 Average OPD is     9.9999000000000000D+36 m 
 One or more rays become undefined at element   1
 A total of     1185 rays were lost
   Bracket/iter:       1185
 OPD: Rays being traced =         1185
 Compute time was    0.0039 sec
  All rays are obscured or lost.
 **Warning: Computing pupil diffraction grid spacing failed!
            Diffraction result is incorrect.
 RMS OPD error is   9.999900000D+36 m 
 P-V OPD error is   0.000000000D+00 m 
 Average OPD is     9.9999000000000000D+36 m 
 One or more rays become undefined at element   1
 A total of     1185 rays were lost
   Bracket/iter:       1185
  Input file /tmp/tp03a18c19_9c1d_43f8_99dc_ab03cf338695.in being loaded.
 Default used for  SegXgrid
 Default used for nECoord(   1)
 Default used for TElt(   1)
 Default used for nECoord(   2)
 Default used for TElt(   2)
 Default used for nECoord(   3)
 Default used for TElt(   3)
 Default used for nECoord(   4)
 Default used for TElt(   4)
 Default used for nECoord(   5)
 Default used for TElt(   5)
 Optical Train Summary:
  Tracing rays past   5 elements.
  Aperture grid type = Circular  with   41 grid points.
  Elt   1: Reflector   : Aspheric with Kc=-4.0114D+02, Kr= 1.6967D+01, nECoords =  -6
  Elt   2: Reference   : Flat     with Kc= 0.0000D+00, Kr=-1.0000D+22, nECoords =  -6
  Elt   3: Reflector   : Aspheric with Kc= 5.2949D+00, Kr=-2.0732D+00, nECoords =  -6
  Elt   4: Reflector   : Aspheric with Kc= 6.9068D-02, Kr=-1.8475D+00, nECoords =  -6
  Elt   5: FocalPlane  : Flat     with Kc= 0.0000D+00, Kr=-1.0000D+22, nECoords =  -6
  Number of output coordinates is   5
  Computed StopPos =  1.454579904367D-02 -9.874465133399D-01  1.898650299083D+00
 OPD: Rays being traced =         1185
 Compute time was    0.0039 sec
  All rays are obscured or lost.
 **Warning: Computing pupil diffraction grid spacing failed!
            Diffraction result is incorrect.
 RMS OPD error is   9.999900000D+36 m 
 P-V OPD error is   0.000000000D+00 m 
 Average OPD is     9.9999000000000000D+36 m 
 One or more rays become undefined at element   3
 A total of     1185 rays were lost
   Surface miss:       1185
 OPD: Rays being traced =         1185
 Compute time was    0.0000 sec
 OPD: nPassRays =    1184,    DAvgCumL =  24.00181611D-01 m 
 RMS OPD error is   2.425547080D-03 m 
 P-V OPD error is   9.983590706D-03 m 
 Average OPD is     2.3723617073616414D-03 m 
  Input file /tmp/tp03a18c19_9c1d_43f8_99dc_ab03cf338695.in being loaded.
 Default used for  SegXgrid
 Default used for nECoord(   1)
 Default used for TElt(   1)
 Default used for nECoord(   2)
 Default used for TElt(   2)
 Default used for nECoord(   3)
 Default used for TElt(   3)
 Default used for nECoord(   4)
 Default used for TElt(   4)
 Default used for nECoord(   5)
 Default used for TElt(   5)
 Optical Train Summary:
  Tracing rays past   5 elements.
  Aperture grid type = Circular  with   41 grid points.
  Elt   1: Reflector   : Aspheric with Kc=-4.0114D+02, Kr= 1.6967D+01, nECoords =  -6
  Elt   2: Reference   : Flat     with Kc= 0.0000D+00, Kr=-1.0000D+22, nECoords =  -6
  Elt   3: Reflector   : Aspheric with Kc= 5.2949D+00, Kr=-2.0732D+00, nECoords =  -6
  Elt   4: Reflector   : Aspheric with Kc= 6.9068D-02, Kr=-1.8475D+00, nECoords =  -6
  Elt   5: FocalPlane  : Flat     with Kc= 0.0000D+00, Kr=-1.0000D+22, nECoords =  -6
  Number of output coordinates is   5
  Computed StopPos =  1.479645926418D-02 -9.953254182286D-01  1.870706491935D+00
 OPD: Rays being traced =         1185
 Compute time was    0.0039 sec
  All rays are obscured or lost.
 **Warning: Computing pupil diffraction grid spacing failed!
            Diffraction result is incorrect.
 RMS OPD error is   9.999900000D+36 m 
 P-V OPD error is   0.000000000D+00 m 
 Average OPD is     9.9999000000000000D+36 m 
 One or more rays become undefined at element   3
 A total of     1185 rays were lost
   Surface miss:       1185
 OPD: Rays being traced =         1185
 Compute time was    0.0000 sec
 OPD: nPassRays =    1184,    DAvgCumL =  24.26606515D-01 m 
 RMS OPD error is   3.016914162D-03 m 
 P-V OPD error is   1.291788121D-02 m 
 Average OPD is     2.6217619782402130D-03 m 
  Input file /tmp/tp03a18c19_9c1d_43f8_99dc_ab03cf338695.in being loaded.
 Default used for  SegXgrid
 Default used for nECoord(   1)
 Default used for TElt(   1)
 Default used for nECoord(   2)
 Default used for TElt(   2)
 Default used for nECoord(   3)
 Default used for TElt(   3)
 Default used for nECoord(   4)
 Default used for TElt(   4)
 Default used for nECoord(   5)
 Default used for TElt(   5)
 Optical Train Summary:
  Tracing rays past   5 elements.
  Aperture grid type = Circular  with   41 grid points.
  Elt   1: Reflector   : Aspheric with Kc=-4.0114D+02, Kr= 1.6967D+01, nECoords =  -6
  Elt   2: Reference   : Flat     with Kc= 0.0000D+00, Kr=-1.0000D+22, nECoords =  -6
  Elt   3: Reflector   : Aspheric with Kc= 5.2949D+00, Kr=-2.0732D+00, nECoords =  -6
  Elt   4: Reflector   : Aspheric with Kc= 6.9068D-02, Kr=-1.8475D+00, nECoords =  -6
  Elt   5: FocalPlane  : Flat     with Kc= 0.0000D+00, Kr=-1.0000D+22, nECoords =  -6
  Number of output coordinates is   5
  Computed StopPos =  1.498387662114D-02 -1.003340108193D+00  1.844890271880D+00
 OPD: Rays being traced =         1185
 Compute time was    0.0000 sec
  All rays are obscured or lost.
 **Warning: Computing pupil diffraction grid spacing failed!
            Diffraction result is incorrect.
 RMS OPD error is   9.999900000D+36 m 
 P-V OPD error is   0.000000000D+00 m 
 Average OPD is     9.9999000000000000D+36 m 
 One or more rays become undefined at element   3
 A total of     1185 rays were lost
   Surface miss:       1185
 OPD: Rays being traced =         1185
 Compute time was    0.0000 sec
 OPD: nPassRays =    1184,    DAvgCumL =  24.55470795D-01 m 
 RMS OPD error is   3.839338327D-03 m 
 P-V OPD error is   1.615020008D-02 m 
 Average OPD is     2.8934588755423767D-03 m 
  Input file /tmp/tp03a18c19_9c1d_43f8_99dc_ab03cf338695.in being loaded.
 Default used for  SegXgrid
 Default used for nECoord(   1)
 Default used for TElt(   1)
 Default used for nECoord(   2)
 Default used for TElt(   2)
 Default used for nECoord(   3)
 Default used for TElt(   3)
 Default used for nECoord(   4)
 Default used for TElt(   4)
 Default used for nECoord(   5)
 Default used for TElt(   5)
 Optical Train Summary:
  Tracing rays past   5 elements.
  Aperture grid type = Circular  with   41 grid points.
  Elt   1: Reflector   : Aspheric with Kc=-4.0114D+02, Kr= 1.6967D+01, nECoords =  -6
  Elt   2: Reference   : Flat     with Kc= 0.0000D+00, Kr=-1.0000D+22, nECoords =  -6
  Elt   3: Reflector   : Aspheric with Kc= 5.2949D+00, Kr=-2.0732D+00, nECoords =  -6
  Elt   4: Reflector   : Aspheric with Kc= 6.9068D-02, Kr=-1.8475D+00, nECoords =  -6
  Elt   5: FocalPlane  : Flat     with Kc= 0.0000D+00, Kr=-1.0000D+22, nECoords =  -6
  Number of output coordinates is   5
  Computed StopPos =  1.511413365808D-02 -1.011440064675D+00  1.821025969004D+00
 OPD: Rays being traced =         1185
 Compute time was    0.0039 sec
  All rays are obscured or lost.
 **Warning: Computing pupil diffraction grid spacing failed!
            Diffraction result is incorrect.
 RMS OPD error is   9.999900000D+36 m 
 P-V OPD error is   0.000000000D+00 m 
 Average OPD is     9.9999000000000000D+36 m 
 One or more rays become undefined at element   3
 A total of     1185 rays were lost
   Surface miss:       1185
 OPD: Rays being traced =         1185
 Compute time was    0.0000 sec
 OPD: nPassRays =    1184,    DAvgCumL =  24.86858856D-01 m 
 RMS OPD error is   4.809843070D-03 m 
 P-V OPD error is   1.967707441D-02 m 
 Average OPD is     3.1885562528269863D-03 m 
  Input file /tmp/tp03a18c19_9c1d_43f8_99dc_ab03cf338695.in being loaded.
 Default used for  SegXgrid
 Default used for nECoord(   1)
 Default used for TElt(   1)
 Default used for nECoord(   2)
 Default used for TElt(   2)
 Default used for nECoord(   3)
 Default used for TElt(   3)
 Default used for nECoord(   4)
 Default used for TElt(   4)
 Default used for nECoord(   5)
 Default used for TElt(   5)
 Optical Train Summary:
  Tracing rays past   5 elements.
  Aperture grid type = Circular  with   41 grid points.
  Elt   1: Reflector   : Aspheric with Kc=-4.0114D+02, Kr= 1.6967D+01, nECoords =  -6
  Elt   2: Reference   : Flat     with Kc= 0.0000D+00, Kr=-1.0000D+22, nECoords =  -6
  Elt   3: Reflector   : Aspheric with Kc= 5.2949D+00, Kr=-2.0732D+00, nECoords =  -6
  Elt   4: Reflector   : Aspheric with Kc= 6.9068D-02, Kr=-1.8475D+00, nECoords =  -6
  Elt   5: FocalPlane  : Flat     with Kc= 0.0000D+00, Kr=-1.0000D+22, nECoords =  -6
  Number of output coordinates is   5
  Computed StopPos =  1.519288022663D-02 -1.019585199827D+00  1.798946669051D+00
 OPD: Rays being traced =         1185
 Compute time was    0.0000 sec
  All rays are obscured or lost.
 **Warning: Computing pupil diffraction grid spacing failed!
            Diffraction result is incorrect.
 RMS OPD error is   9.999900000D+36 m 
 P-V OPD error is   0.000000000D+00 m 
 Average OPD is     9.9999000000000000D+36 m 
 One or more rays become undefined at element   3
 A total of     1185 rays were lost
   Surface miss:       1185
 OPD: Rays being traced =         1185
 Compute time was    0.0000 sec
 OPD: nPassRays =    1184,    DAvgCumL =  25.20862332D-01 m 
 RMS OPD error is   5.885193524D-03 m 
 P-V OPD error is   2.348254093D-02 m 
 Average OPD is     3.5080977748302104D-03 m 
  Input file /tmp/tp03a18c19_9c1d_43f8_99dc_ab03cf338695.in being loaded.
 Default used for  SegXgrid
 Default used for nECoord(   1)
 Default used for TElt(   1)
 Default used for nECoord(   2)
 Default used for TElt(   2)
 Default used for nECoord(   3)
 Default used for TElt(   3)
 Default used for nECoord(   4)
 Default used for TElt(   4)
 Default used for nECoord(   5)
 Default used for TElt(   5)
 Optical Train Summary:
  Tracing rays past   5 elements.
  Aperture grid type = Circular  with   41 grid points.
  Elt   1: Reflector   : Aspheric with Kc=-4.0114D+02, Kr= 1.6967D+01, nECoords =  -6
  Elt   2: Reference   : Flat     with Kc= 0.0000D+00, Kr=-1.0000D+22, nECoords =  -6
  Elt   3: Reflector   : Aspheric with Kc= 5.2949D+00, Kr=-2.0732D+00, nECoords =  -6
  Elt   4: Reflector   : Aspheric with Kc= 6.9068D-02, Kr=-1.8475D+00, nECoords =  -6
  Elt   5: FocalPlane  : Flat     with Kc= 0.0000D+00, Kr=-1.0000D+22, nECoords =  -6
  Number of output coordinates is   5
  Computed StopPos =  1.522528707834D-02 -1.027743995345D+00  1.778496843602D+00
 OPD: Rays being traced =         1185
 Compute time was    0.0000 sec
  All rays are obscured or lost.
 **Warning: Computing pupil diffraction grid spacing failed!
            Diffraction result is incorrect.
 RMS OPD error is   9.999900000D+36 m 
 P-V OPD error is   0.000000000D+00 m 
 Average OPD is     9.9999000000000000D+36 m 
 One or more rays become undefined at element   3
 A total of     1185 rays were lost
   Surface miss:       1185
 OPD: Rays being traced =         1185
 Compute time was    0.0000 sec
 OPD: nPassRays =    1184,    DAvgCumL =  25.57580997D-01 m 
 RMS OPD error is   7.043500227D-03 m 
 P-V OPD error is   2.755008247D-02 m 
 Average OPD is     3.8530703798031743D-03 m 
  Input file /tmp/tp03a18c19_9c1d_43f8_99dc_ab03cf338695.in being loaded.
 Default used for  SegXgrid
 Default used for nECoord(   1)
 Default used for TElt(   1)
 Default used for nECoord(   2)
 Default used for TElt(   2)
 Default used for nECoord(   3)
 Default used for TElt(   3)
 Default used for nECoord(   4)
 Default used for TElt(   4)
 Default used for nECoord(   5)
 Default used for TElt(   5)
 Optical Train Summary:
  Tracing rays past   5 elements.
  Aperture grid type = Circular  with   41 grid points.
  Elt   1: Reflector   : Aspheric with Kc=-4.0114D+02, Kr= 1.6967D+01, nECoords =  -6
  Elt   2: Reference   : Flat     with Kc= 0.0000D+00, Kr=-1.0000D+22, nECoords =  -6
  Elt   3: Reflector   : Aspheric with Kc= 5.2949D+00, Kr=-2.0732D+00, nECoords =  -6
  Elt   4: Reflector   : Aspheric with Kc= 6.9068D-02, Kr=-1.8475D+00, nECoords =  -6
  Elt   5: FocalPlane  : Flat     with Kc= 0.0000D+00, Kr=-1.0000D+22, nECoords =  -6
  Number of output coordinates is   5
  Computed StopPos =  3.792152862181D-02 -1.697757088703D+00  1.565584923299D+00
 OPD: Rays being traced =         1185
 Compute time was    0.0000 sec
  All rays are obscured or lost.
 **Warning: Computing pupil diffraction grid spacing failed!
            Diffraction result is incorrect.
 RMS OPD error is   9.999900000D+36 m 
 P-V OPD error is   0.000000000D+00 m 
 Average OPD is     9.9999000000000000D+36 m 
 One or more rays become undefined at element   1
 One or more rays become undefined at element   3
 A total of     1185 rays were lost
   Surface miss:        653
   Bracket/iter:        532
 OPD: Rays being traced =         1185
 Compute time was    0.0039 sec
 OPD: nPassRays =     652,    DAvgCumL =  38.11297277D+00 m 
 RMS OPD error is   1.169605310D+03 m 
 P-V OPD error is   3.347069713D+04 m 
 Average OPD is     4.8523304101329749D+01 m 
 One or more rays become undefined at element   1
 A total of      532 rays were lost
   Bracket/iter:        532
  Input file /tmp/tp03a18c19_9c1d_43f8_99dc_ab03cf338695.in being loaded.
 Default used for  SegXgrid
 Default used for nECoord(   1)
 Default used for TElt(   1)
 Default used for nECoord(   2)
 Default used for TElt(   2)
 Default used for nECoord(   3)
 Default used for TElt(   3)
 Default used for nECoord(   4)
 Default used for TElt(   4)
 Default used for nECoord(   5)
 Default used for TElt(   5)
 Optical Train Summary:
  Tracing rays past   5 elements.
  Aperture grid type = Circular  with   41 grid points.
  Elt   1: Reflector   : Aspheric with Kc=-4.0114D+02, Kr= 1.6967D+01, nECoords =  -6
  Elt   2: Reference   : Flat     with Kc= 0.0000D+00, Kr=-1.0000D+22, nECoords =  -6
  Elt   3: Reflector   : Aspheric with Kc= 5.2949D+00, Kr=-2.0732D+00, nECoords =  -6
  Elt   4: Reflector   : Aspheric with Kc= 6.9068D-02, Kr=-1.8475D+00, nECoords =  -6
  Elt   5: FocalPlane  : Flat     with Kc= 0.0000D+00, Kr=-1.0000D+22, nECoords =  -6
  Number of output coordinates is   5
  Computed StopPos =  1.572378033461D-01 -1.696418611016D+00  1.575742700572D+00
 OPD: Rays being traced =         1185
 Compute time was    0.0000 sec
  All rays are obscured or lost.
 **Warning: Computing pupil diffraction grid spacing failed!
            Diffraction result is incorrect.
 RMS OPD error is   9.999900000D+36 m 
 P-V OPD error is   0.000000000D+00 m 
 Average OPD is     9.9999000000000000D+36 m 
 One or more rays become undefined at element   1
 One or more rays become undefined at element   3
 A total of     1185 rays were lost
   Surface miss:        589
   Bracket/iter:        596
 OPD: Rays being traced =         1185
 Compute time was    0.0039 sec
 OPD: nPassRays =     588,    DAvgCumL = -90.73998936D+00 m 
 RMS OPD error is   1.442527624D+03 m 
 P-V OPD error is   3.571037877D+04 m 
 Average OPD is    -7.9858273936373578D+01 m 
 One or more rays become undefined at element   1
 A total of      596 rays were lost
   Bracket/iter:        596
  Input file /tmp/tp03a18c19_9c1d_43f8_99dc_ab03cf338695.in being loaded.
 Default used for  SegXgrid
 Default used for nECoord(   1)
 Default used for TElt(   1)
 Default used for nECoord(   2)
 Default used for TElt(   2)
 Default used for nECoord(   3)
 Default used for TElt(   3)
 Default used for nECoord(   4)
 Default used for TElt(   4)
 Default used for nECoord(   5)
 Default used for TElt(   5)
 Optical Train Summary:
  Tracing rays past   5 elements.
  Aperture grid type = Circular  with   41 grid points.
  Elt   1: Reflector   : Aspheric with Kc=-4.0114D+02, Kr= 1.6967D+01, nECoords =  -6
  Elt   2: Reference   : Flat     with Kc= 0.0000D+00, Kr=-1.0000D+22, nECoords =  -6
  Elt   3: Reflector   : Aspheric with Kc= 5.2949D+00, Kr=-2.0732D+00, nECoords =  -6
  Elt   4: Reflector   : Aspheric with Kc= 6.9068D-02, Kr=-1.8475D+00, nECoords =  -6
  Elt   5: FocalPlane  : Flat     with Kc= 0.0000D+00, Kr=-1.0000D+22, nECoords =  -6
  Number of output coordinates is   5
  Computed StopPos =  5.749887899172D-02 -2.229349805937D+00  5.799136000000D-01
 OPD: Rays being traced =         1185
 Compute time was    0.0000 sec
  All rays are obscured or lost.
 **Warning: Computing pupil diffraction grid spacing failed!
            Diffraction result is incorrect.
 RMS OPD error is   9.999900000D+36 m 
 P-V OPD error is   0.000000000D+00 m 
 Average OPD is     9.9999000000000000D+36 m 
 One or more rays become undefined at element   1
 One or more rays become undefined at element   3
 A total of     1185 rays were lost
   Surface miss:        464
   Bracket/iter:        721
 OPD: Rays being traced =         1185
 Compute time was    0.0000 sec
 OPD: nPassRays =     464,    DAvgCumL =  28.53263063D+00 m 
 RMS OPD error is   5.036138384D+02 m 
 P-V OPD error is   9.616209033D+03 m 
 Average OPD is     2.8532630629307807D+01 m 
 One or more rays become undefined at element   1
 A total of      721 rays were lost
   Bracket/iter:        721
  Input file /tmp/tp03a18c19_9c1d_43f8_99dc_ab03cf338695.in being loaded.
 Default used for  SegXgrid
 Default used for nECoord(   1)
 Default used for TElt(   1)
 Default used for nECoord(   2)
 Default used for TElt(   2)
 Default used for nECoord(   3)
 Default used for TElt(   3)
 Default used for nECoord(   4)
 Default used for TElt(   4)
 Default used for nECoord(   5)
 Default used for TElt(   5)
 Optical Train Summary:
  Tracing rays past   5 elements.
  Aperture grid type = Circular  with   41 grid points.
  Elt   1: Reflector   : Aspheric with Kc=-4.0114D+02, Kr= 1.6967D+01, nECoords =  -6
  Elt   2: Reference   : Flat     with Kc= 0.0000D+00, Kr=-1.0000D+22, nECoords =  -6
  Elt   3: Reflector   : Aspheric with Kc= 5.2949D+00, Kr=-2.0732D+00, nECoords =  -6
  Elt   4: Reflector   : Aspheric with Kc= 6.9068D-02, Kr=-1.8475D+00, nECoords =  -6
  Elt   5: FocalPlane  : Flat     with Kc= 0.0000D+00, Kr=-1.0000D+22, nECoords =  -6
  Number of output coordinates is   5
  Computed StopPos =  5.749887899172D-02 -2.302755735250D+00  5.799136000000D-01
 OPD: Rays being traced =         1185
 Compute time was    0.0000 sec
  All rays are obscured or lost.
 **Warning: Computing pupil diffraction grid spacing failed!
            Diffraction result is incorrect.
 RMS OPD error is   9.999900000D+36 m 
 P-V OPD error is   0.000000000D+00 m 
 Average OPD is     9.9999000000000000D+36 m 
 One or more rays become undefined at element   1
 One or more rays become undefined at element   3
 A total of     1185 rays were lost
   Surface miss:        177
   Bracket/iter:       1008
 OPD: Rays being traced =         1185
 Compute time was    0.0000 sec
 OPD: nPassRays =     177,    DAvgCumL = -21.19581002D+00 m 
 RMS OPD error is   5.490638527D+00 m 
 P-V OPD error is   1.973372597D+01 m 
 Average OPD is    -2.1195810020053031D+01 m 
 One or more rays become undefined at element   1
 A total of     1008 rays were lost
   Bracket/iter:       1008
  Input file /tmp/tp03a18c19_9c1d_43f8_99dc_ab03cf338695.in being loaded.
 Default used for  SegXgrid
 Default used for nECoord(   1)
 Default used for TElt(   1)
 Default used for nECoord(   2)
 Default used for TElt(   2)
 Default used for nECoord(   3)
 Default used for TElt(   3)
 Default used for nECoord(   4)
 Default used for TElt(   4)
 Default used for nECoord(   5)
 Default used for TElt(   5)
 Optical Train Summary:
  Tracing rays past   5 elements.
  Aperture grid type = Circular  with   41 grid points.
  Elt   1: Reflector   : Aspheric with Kc=-4.0114D+02, Kr= 1.6967D+01, nECoords =  -6
  Elt   2: Reference   : Flat     with Kc= 0.0000D+00, Kr=-1.0000D+22, nECoords =  -6
  Elt   3: Reflector   : Aspheric with Kc= 5.2949D+00, Kr=-2.0732D+00, nECoords =  -6
  Elt   4: Reflector   : Aspheric with Kc= 6.9068D-02, Kr=-1.8475D+00, nECoords =  -6
  Elt   5: FocalPlane  : Flat     with Kc= 0.0000D+00, Kr=-1.0000D+22, nECoords =  -6
  Number of output coordinates is   5
  Computed StopPos =  5.749887899172D-02 -2.378279110945D+00  5.799136000000D-01
 OPD: Rays being traced =         1185
 Compute time was    0.0039 sec
  All rays are obscured or lost.
 **Warning: Computing pupil diffraction grid spacing failed!
            Diffraction result is incorrect.
 RMS OPD error is   9.999900000D+36 m 
 P-V OPD error is   0.000000000D+00 m 
 Average OPD is     9.9999000000000000D+36 m 
 One or more rays become undefined at element   1
 A total of     1185 rays were lost
   Bracket/iter:       1185
 OPD: Rays being traced =         1185
 Compute time was    0.0000 sec
  All rays are obscured or lost.
 **Warning: Computing pupil diffraction grid spacing failed!
            Diffraction result is incorrect.
 RMS OPD error is   9.999900000D+36 m 
 P-V OPD error is   0.000000000D+00 m 
 Average OPD is     9.9999000000000000D+36 m 
 One or more rays become undefined at element   1
 A total of     1185 rays were lost
   Bracket/iter:       1185
  Input file /tmp/tp03a18c19_9c1d_43f8_99dc_ab03cf338695.in being loaded.
 Default used for  SegXgrid
 Default used for nECoord(   1)
 Default used for TElt(   1)
 Default used for nECoord(   2)
 Default used for TElt(   2)
 Default used for nECoord(   3)
 Default used for TElt(   3)
 Default used for nECoord(   4)
 Default used for TElt(   4)
 Default used for nECoord(   5)
 Default used for TElt(   5)
 Optical Train Summary:
  Tracing rays past   5 elements.
  Aperture grid type = Circular  with   41 grid points.
  Elt   1: Reflector   : Aspheric with Kc=-4.0114D+02, Kr= 1.6967D+01, nECoords =  -6
  Elt   2: Reference   : Flat     with Kc= 0.0000D+00, Kr=-1.0000D+22, nECoords =  -6
  Elt   3: Reflector   : Aspheric with Kc= 5.2949D+00, Kr=-2.0732D+00, nECoords =  -6
  Elt   4: Reflector   : Aspheric with Kc= 6.9068D-02, Kr=-1.8475D+00, nECoords =  -6
  Elt   5: FocalPlane  : Flat     with Kc= 0.0000D+00, Kr=-1.0000D+22, nECoords =  -6
  Number of output coordinates is   5
  Computed StopPos = -1.062651956211D-21 -9.876252700912D-01  1.898682573976D+00
 OPD: Rays being traced =         1185
 Compute time was    0.0000 sec
  All rays are obscured or lost.
 **Warning: Computing pupil diffraction grid spacing failed!
            Diffraction result is incorrect.
 RMS OPD error is   9.999900000D+36 m 
 P-V OPD error is   0.000000000D+00 m 
 Average OPD is     9.9999000000000000D+36 m 
 One or more rays become undefined at element   3
 A total of     1185 rays were lost
   Surface miss:       1185
 OPD: Rays being traced =         1185
 Compute time was    0.0039 sec
 OPD: nPassRays =    1184,    DAvgCumL =  23.99376192D-01 m 
 RMS OPD error is   2.228453258D-03 m 
 P-V OPD error is   8.349161454D-03 m 
 Average OPD is     2.3707801121421795D-03 m 
  Input file /tmp/tp03a18c19_9c1d_43f8_99dc_ab03cf338695.in being loaded.
 Default used for  SegXgrid
 Default used for nECoord(   1)
 Default used for TElt(   1)
 Default used for nECoord(   2)
 Default used for TElt(   2)
 Default used for nECoord(   3)
 Default used for TElt(   3)
 Default used for nECoord(   4)
 Default used for TElt(   4)
 Default used for nECoord(   5)
 Default used for TElt(   5)
 Optical Train Summary:
  Tracing rays past   5 elements.
  Aperture grid type = Circular  with   41 grid points.
  Elt   1: Reflector   : Aspheric with Kc=-4.0114D+02, Kr= 1.6967D+01, nECoords =  -6
  Elt   2: Reference   : Flat     with Kc= 0.0000D+00, Kr=-1.0000D+22, nECoords =  -6
  Elt   3: Reflector   : Aspheric with Kc= 5.2949D+00, Kr=-2.0732D+00, nECoords =  -6
  Elt   4: Reflector   : Aspheric with Kc= 6.9068D-02, Kr=-1.8475D+00, nECoords =  -6
  Elt   5: FocalPlane  : Flat     with Kc= 0.0000D+00, Kr=-1.0000D+22, nECoords =  -6
  Number of output coordinates is   5
  Computed StopPos = -1.861153829592D-20 -9.955078096128D-01  1.870716079374D+00
 OPD: Rays being traced =         1185
 Compute time was    0.0000 sec
  All rays are obscured or lost.
 **Warning: Computing pupil diffraction grid spacing failed!
            Diffraction result is incorrect.
 RMS OPD error is   9.999900000D+36 m 
 P-V OPD error is   0.000000000D+00 m 
 Average OPD is     9.9999000000000000D+36 m 
 One or more rays become undefined at element   3
 A total of     1185 rays were lost
   Surface miss:       1185
 OPD: Rays being traced =         1185
 Compute time was    0.0000 sec
 OPD: nPassRays =    1184,    DAvgCumL =  24.25805694D-01 m 
 RMS OPD error is   2.854022191D-03 m 
 P-V OPD error is   1.136375429D-02 m 
 Average OPD is     2.6200256870118200D-03 m 
  Input file /tmp/tp03a18c19_9c1d_43f8_99dc_ab03cf338695.in being loaded.
 Default used for  SegXgrid
 Default used for nECoord(   1)
 Default used for TElt(   1)
 Default used for nECoord(   2)
 Default used for TElt(   2)
 Default used for nECoord(   3)
 Default used for TElt(   3)
 Default used for nECoord(   4)
 Default used for TElt(   4)
 Default used for nECoord(   5)
 Default used for TElt(   5)
 Optical Train Summary:
  Tracing rays past   5 elements.
  Aperture grid type = Circular  with   41 grid points.
  Elt   1: Reflector   : Aspheric with Kc=-4.0114D+02, Kr= 1.6967D+01, nECoords =  -6
  Elt   2: Reference   : Flat     with Kc= 0.0000D+00, Kr=-1.0000D+22, nECoords =  -6
  Elt   3: Reflector   : Aspheric with Kc= 5.2949D+00, Kr=-2.0732D+00, nECoords =  -6
  Elt   4: Reflector   : Aspheric with Kc= 6.9068D-02, Kr=-1.8475D+00, nECoords =  -6
  Elt   5: FocalPlane  : Flat     with Kc= 0.0000D+00, Kr=-1.0000D+22, nECoords =  -6
  Number of output coordinates is   5
  Computed StopPos =  2.595381924254D-24 -1.003524922880D+00  1.844882400322D+00
 OPD: Rays being traced =         1185
 Compute time was    0.0039 sec
  All rays are obscured or lost.
 **Warning: Computing pupil diffraction grid spacing failed!
            Diffraction result is incorrect.
 RMS OPD error is   9.999900000D+36 m 
 P-V OPD error is   0.000000000D+00 m 
 Average OPD is     9.9999000000000000D+36 m 
 One or more rays become undefined at element   3
 A total of     1185 rays were lost
   Surface miss:       1185
 OPD: Rays being traced =         1185
 Compute time was    0.0000 sec
 OPD: nPassRays =    1184,    DAvgCumL =  24.54675420D-01 m 
 RMS OPD error is   3.706865732D-03 m 
 P-V OPD error is   1.468563519D-02 m 
 Average OPD is     2.8915652320214546D-03 m 
  Input file /tmp/tp03a18c19_9c1d_43f8_99dc_ab03cf338695.in being loaded.
 Default used for  SegXgrid
 Default used for nECoord(   1)
 Default used for TElt(   1)
 Default used for nECoord(   2)
 Default used for TElt(   2)
 Default used for nECoord(   3)
 Default used for TElt(   3)
 Default used for nECoord(   4)
 Default used for TElt(   4)
 Default used for nECoord(   5)
 Default used for TElt(   5)
 Optical Train Summary:
  Tracing rays past   5 elements.
  Aperture grid type = Circular  with   41 grid points.
  Elt   1: Reflector   : Aspheric with Kc=-4.0114D+02, Kr= 1.6967D+01, nECoords =  -6
  Elt   2: Reference   : Flat     with Kc= 0.0000D+00, Kr=-1.0000D+22, nECoords =  -6
  Elt   3: Reflector   : Aspheric with Kc= 5.2949D+00, Kr=-2.0732D+00, nECoords =  -6
  Elt   4: Reflector   : Aspheric with Kc= 6.9068D-02, Kr=-1.8475D+00, nECoords =  -6
  Elt   5: FocalPlane  : Flat     with Kc= 0.0000D+00, Kr=-1.0000D+22, nECoords =  -6
  Number of output coordinates is   5
  Computed StopPos = -4.206308863846D-21 -1.011626105037D+00  1.821005012846D+00
 OPD: Rays being traced =         1185
 Compute time was    0.0000 sec
  All rays are obscured or lost.
 **Warning: Computing pupil diffraction grid spacing failed!
            Diffraction result is incorrect.
 RMS OPD error is   9.999900000D+36 m 
 P-V OPD error is   0.000000000D+00 m 
 Average OPD is     9.9999000000000000D+36 m 
 One or more rays become undefined at element   3
 A total of     1185 rays were lost
   Surface miss:       1185
 OPD: Rays being traced =         1185
 Compute time was    0.0000 sec
 OPD: nPassRays =    1184,    DAvgCumL =  24.86069785D-01 m 
 RMS OPD error is   4.699793578D-03 m 
 P-V OPD error is   1.828918532D-02 m 
 Average OPD is     3.1865052008885988D-03 m 
  Input file /tmp/tp03a18c19_9c1d_43f8_99dc_ab03cf338695.in being loaded.
 Default used for  SegXgrid
 Default used for nECoord(   1)
 Default used for TElt(   1)
 Default used for nECoord(   2)
 Default used for TElt(   2)
 Default used for nECoord(   3)
 Default used for TElt(   3)
 Default used for nECoord(   4)
 Default used for TElt(   4)
 Default used for nECoord(   5)
 Default used for TElt(   5)
 Optical Train Summary:
  Tracing rays past   5 elements.
  Aperture grid type = Circular  with   41 grid points.
  Elt   1: Reflector   : Aspheric with Kc=-4.0114D+02, Kr= 1.6967D+01, nECoords =  -6
  Elt   2: Reference   : Flat     with Kc= 0.0000D+00, Kr=-1.0000D+22, nECoords =  -6
  Elt   3: Reflector   : Aspheric with Kc= 5.2949D+00, Kr=-2.0732D+00, nECoords =  -6
  Elt   4: Reflector   : Aspheric with Kc= 6.9068D-02, Kr=-1.8475D+00, nECoords =  -6
  Elt   5: FocalPlane  : Flat     with Kc= 0.0000D+00, Kr=-1.0000D+22, nECoords =  -6
  Number of output coordinates is   5
  Computed StopPos = -7.163389007480D-24 -1.019771292462D+00  1.798916308745D+00
 OPD: Rays being traced =         1185
 Compute time was    0.0039 sec
  All rays are obscured or lost.
 **Warning: Computing pupil diffraction grid spacing failed!
            Diffraction result is incorrect.
 RMS OPD error is   9.999900000D+36 m 
 P-V OPD error is   0.000000000D+00 m 
 Average OPD is     9.9999000000000000D+36 m 
 One or more rays become undefined at element   3
 A total of     1185 rays were lost
   Surface miss:       1185
 OPD: Rays being traced =         1185
 Compute time was    0.0000 sec
 OPD: nPassRays =    1184,    DAvgCumL =  25.20080423D-01 m 
 RMS OPD error is   5.791316398D-03 m 
 P-V OPD error is   2.215564348D-02 m 
 Average OPD is     3.5058916645040222D-03 m 
  Input file /tmp/tp03a18c19_9c1d_43f8_99dc_ab03cf338695.in being loaded.
 Default used for  SegXgrid
 Default used for nECoord(   1)
 Default used for TElt(   1)
 Default used for nECoord(   2)
 Default used for TElt(   2)
 Default used for nECoord(   3)
 Default used for TElt(   3)
 Default used for nECoord(   4)
 Default used for TElt(   4)
 Default used for nECoord(   5)
 Default used for TElt(   5)
 Optical Train Summary:
  Tracing rays past   5 elements.
  Aperture grid type = Circular  with   41 grid points.
  Elt   1: Reflector   : Aspheric with Kc=-4.0114D+02, Kr= 1.6967D+01, nECoords =  -6
  Elt   2: Reference   : Flat     with Kc= 0.0000D+00, Kr=-1.0000D+22, nECoords =  -6
  Elt   3: Reflector   : Aspheric with Kc= 5.2949D+00, Kr=-2.0732D+00, nECoords =  -6
  Elt   4: Reflector   : Aspheric with Kc= 6.9068D-02, Kr=-1.8475D+00, nECoords =  -6
  Elt   5: FocalPlane  : Flat     with Kc= 0.0000D+00, Kr=-1.0000D+22, nECoords =  -6
  Number of output coordinates is   5
  Computed StopPos =  4.496188419895D-24 -1.027929033092D+00  1.778460100567D+00
 OPD: Rays being traced =         1185
 Compute time was    0.0000 sec
  All rays are obscured or lost.
 **Warning: Computing pupil diffraction grid spacing failed!
            Diffraction result is incorrect.
 RMS OPD error is   9.999900000D+36 m 
 P-V OPD error is   0.000000000D+00 m 
 Average OPD is     9.9999000000000000D+36 m 
 One or more rays become undefined at element   3
 A total of     1185 rays were lost
   Surface miss:       1185
 OPD: Rays being traced =         1185
 Compute time was    0.0000 sec
 OPD: nPassRays =    1184,    DAvgCumL =  25.56807107D-01 m 
 RMS OPD error is   6.961545675D-03 m 
 P-V OPD error is   2.626010700D-02 m 
 Average OPD is     3.8507137536320842D-03 m 
  Input file /tmp/tp03a18c19_9c1d_43f8_99dc_ab03cf338695.in being loaded.
 Default used for  SegXgrid
 Default used for nECoord(   1)
 Default used for TElt(   1)
 Default used for nECoord(   2)
 Default used for TElt(   2)
 Default used for nECoord(   3)
 Default used for TElt(   3)
 Default used for nECoord(   4)
 Default used for TElt(   4)
 Default used for nECoord(   5)
 Default used for TElt(   5)
 Optical Train Summary:
  Tracing rays past   5 elements.
  Aperture grid type = Circular  with   41 grid points.
  Elt   1: Reflector   : Aspheric with Kc=-4.0114D+02, Kr= 1.6967D+01, nECoords =  -6
  Elt   2: Reference   : Flat     with Kc= 0.0000D+00, Kr=-1.0000D+22, nECoords =  -6
  Elt   3: Reflector   : Aspheric with Kc= 5.2949D+00, Kr=-2.0732D+00, nECoords =  -6
  Elt   4: Reflector   : Aspheric with Kc= 6.9068D-02, Kr=-1.8475D+00, nECoords =  -6
  Elt   5: FocalPlane  : Flat     with Kc= 0.0000D+00, Kr=-1.0000D+22, nECoords =  -6
  Number of output coordinates is   5
  Computed StopPos =  3.350414714283D-08 -5.587695375225D+02 -1.249639246616D+03
 OPD: Rays being traced =         1185
 Compute time was    0.0000 sec
  All rays are obscured or lost.
 **Warning: Computing pupil diffraction grid spacing failed!
            Diffraction result is incorrect.
 RMS OPD error is   9.999900000D+36 m 
 P-V OPD error is   0.000000000D+00 m 
 Average OPD is     9.9999000000000000D+36 m 
 One or more rays become undefined at element   1
 One or more rays become undefined at element   3
 A total of     1185 rays were lost
   Surface miss:        665
   Bracket/iter:        520
 OPD: Rays being traced =         1185
 Compute time was    0.0000 sec
 OPD: nPassRays =     664,    DAvgCumL = -94.22437810D-01 m 
 RMS OPD error is   9.981813482D+01 m 
 P-V OPD error is   8.168721755D+02 m 
 Average OPD is     1.1018254687096780D+00 m 
 One or more rays become undefined at element   1
 A total of      520 rays were lost
   Bracket/iter:        520
  Input file /tmp/tp03a18c19_9c1d_43f8_99dc_ab03cf338695.in being loaded.
 Default used for  SegXgrid
 Default used for nECoord(   1)
 Default used for TElt(   1)
 Default used for nECoord(   2)
 Default used for TElt(   2)
 Default used for nECoord(   3)
 Default used for TElt(   3)
 Default used for nECoord(   4)
 Default used for TElt(   4)
 Default used for nECoord(   5)
 Default used for TElt(   5)
 Optical Train Summary:
  Tracing rays past   5 elements.
  Aperture grid type = Circular  with   41 grid points.
  Elt   1: Reflector   : Aspheric with Kc=-4.0114D+02, Kr= 1.6967D+01, nECoords =  -6
  Elt   2: Reference   : Flat     with Kc= 0.0000D+00, Kr=-1.0000D+22, nECoords =  -6
  Elt   3: Reflector   : Aspheric with Kc= 5.2949D+00, Kr=-2.0732D+00, nECoords =  -6
  Elt   4: Reflector   : Aspheric with Kc= 6.9068D-02, Kr=-1.8475D+00, nECoords =  -6
  Elt   5: FocalPlane  : Flat     with Kc= 0.0000D+00, Kr=-1.0000D+22, nECoords =  -6
  Number of output coordinates is   5
  Computed StopPos =  2.496636914968D-05 -1.703670111664D+00  1.575705463330D+00
 OPD: Rays being traced =         1185
 Compute time was    0.0000 sec
  All rays are obscured or lost.
 **Warning: Computing pupil diffraction grid spacing failed!
            Diffraction result is incorrect.
 RMS OPD error is   9.999900000D+36 m 
 P-V OPD error is   0.000000000D+00 m 
 Average OPD is     9.9999000000000000D+36 m 
 One or more rays become undefined at element   1
 One or more rays become undefined at element   3
 A total of     1185 rays were lost
   Surface miss:        593
   Bracket/iter:        592
 OPD: Rays being traced =         1185
 Compute time was    0.0000 sec
 OPD: nPassRays =     592,    DAvgCumL = -21.23066463D+01 m 
 RMS OPD error is   4.414115308D+03 m 
 P-V OPD error is   8.868378069D+04 m 
 Average OPD is    -2.0144605193305512D+02 m 
 One or more rays become undefined at element   1
 A total of      592 rays were lost
   Bracket/iter:        592
  Input file /tmp/tp03a18c19_9c1d_43f8_99dc_ab03cf338695.in being loaded.
 Default used for  SegXgrid
 Default used for nECoord(   1)
 Default used for TElt(   1)
 Default used for nECoord(   2)
 Default used for TElt(   2)
 Default used for nECoord(   3)
 Default used for TElt(   3)
 Default used for nECoord(   4)
 Default used for TElt(   4)
 Default used for nECoord(   5)
 Default used for TElt(   5)
 Optical Train Summary:
  Tracing rays past   5 elements.
  Aperture grid type = Circular  with   41 grid points.
  Elt   1: Reflector   : Aspheric with Kc=-4.0114D+02, Kr= 1.6967D+01, nECoords =  -6
  Elt   2: Reference   : Flat     with Kc= 0.0000D+00, Kr=-1.0000D+22, nECoords =  -6
  Elt   3: Reflector   : Aspheric with Kc= 5.2949D+00, Kr=-2.0732D+00, nECoords =  -6
  Elt   4: Reflector   : Aspheric with Kc= 6.9068D-02, Kr=-1.8475D+00, nECoords =  -6
  Elt   5: FocalPlane  : Flat     with Kc= 0.0000D+00, Kr=-1.0000D+22, nECoords =  -6
  Number of output coordinates is   5
  Computed StopPos =  6.350721225024D-24 -2.229349805937D+00  5.799136000000D-01
 OPD: Rays being traced =         1185
 Compute time was    0.0000 sec
  All rays are obscured or lost.
 **Warning: Computing pupil diffraction grid spacing failed!
            Diffraction result is incorrect.
 RMS OPD error is   9.999900000D+36 m 
 P-V OPD error is   0.000000000D+00 m 
 Average OPD is     9.9999000000000000D+36 m 
 One or more rays become undefined at element   1
 One or more rays become undefined at element   3
 A total of     1185 rays were lost
   Surface miss:        468
   Bracket/iter:        717
 OPD: Rays being traced =         1185
 Compute time was    0.0039 sec
 OPD: nPassRays =     468,    DAvgCumL = -19.94376689D-01 m 
 RMS OPD error is   1.642931893D+02 m 
 P-V OPD error is   1.213378785D+03 m 
 Average OPD is    -1.9943766894510233D+00 m 
 One or more rays become undefined at element   1
 A total of      717 rays were lost
   Bracket/iter:        717
  Input file /tmp/tp03a18c19_9c1d_43f8_99dc_ab03cf338695.in being loaded.
 Default used for  SegXgrid
 Default used for nECoord(   1)
 Default used for TElt(   1)
 Default used for nECoord(   2)
 Default used for TElt(   2)
 Default used for nECoord(   3)
 Default used for TElt(   3)
 Default used for nECoord(   4)
 Default used for TElt(   4)
 Default used for nECoord(   5)
 Default used for TElt(   5)
 Optical Train Summary:
  Tracing rays past   5 elements.
  Aperture grid type = Circular  with   41 grid points.
  Elt   1: Reflector   : Aspheric with Kc=-4.0114D+02, Kr= 1.6967D+01, nECoords =  -6
  Elt   2: Reference   : Flat     with Kc= 0.0000D+00, Kr=-1.0000D+22, nECoords =  -6
  Elt   3: Reflector   : Aspheric with Kc= 5.2949D+00, Kr=-2.0732D+00, nECoords =  -6
  Elt   4: Reflector   : Aspheric with Kc= 6.9068D-02, Kr=-1.8475D+00, nECoords =  -6
  Elt   5: FocalPlane  : Flat     with Kc= 0.0000D+00, Kr=-1.0000D+22, nECoords =  -6
  Number of output coordinates is   5
  Computed StopPos =  6.350721225024D-24 -2.302755735250D+00  5.799136000000D-01
 OPD: Rays being traced =         1185
 Compute time was    0.0039 sec
  All rays are obscured or lost.
 **Warning: Computing pupil diffraction grid spacing failed!
            Diffraction result is incorrect.
 RMS OPD error is   9.999900000D+36 m 
 P-V OPD error is   0.000000000D+00 m 
 Average OPD is     9.9999000000000000D+36 m 
 One or more rays become undefined at element   1
 One or more rays become undefined at element   3
 A total of     1185 rays were lost
   Surface miss:        180
   Bracket/iter:       1005
 OPD: Rays being traced =         1185
 Compute time was    0.0000 sec
 OPD: nPassRays =     180,    DAvgCumL = -21.15450405D+00 m 
 RMS OPD error is   5.546622065D+00 m 
 P-V OPD error is   1.970673025D+01 m 
 Average OPD is    -2.1154504047042956D+01 m 
 One or more rays become undefined at element   1
 A total of     1005 rays were lost
   Bracket/iter:       1005
  Input file /tmp/tp03a18c19_9c1d_43f8_99dc_ab03cf338695.in being loaded.
 Default used for  SegXgrid
 Default used for nECoord(   1)
 Default used for TElt(   1)
 Default used for nECoord(   2)
 Default used for TElt(   2)
 Default used for nECoord(   3)
 Default used for TElt(   3)
 Default used for nECoord(   4)
 Default used for TElt(   4)
 Default used for nECoord(   5)
 Default used for TElt(   5)
 Optical Train Summary:
  Tracing rays past   5 elements.
  Aperture grid type = Circular  with   41 grid points.
  Elt   1: Reflector   : Aspheric with Kc=-4.0114D+02, Kr= 1.6967D+01, nECoords =  -6
  Elt   2: Reference   : Flat     with Kc= 0.0000D+00, Kr=-1.0000D+22, nECoords =  -6
  Elt   3: Reflector   : Aspheric with Kc= 5.2949D+00, Kr=-2.0732D+00, nECoords =  -6
  Elt   4: Reflector   : Aspheric with Kc= 6.9068D-02, Kr=-1.8475D+00, nECoords =  -6
  Elt   5: FocalPlane  : Flat     with Kc= 0.0000D+00, Kr=-1.0000D+22, nECoords =  -6
  Number of output coordinates is   5
  Computed StopPos =  6.350721225024D-24 -2.378279110945D+00  5.799136000000D-01
 OPD: Rays being traced =         1185
 Compute time was    0.0000 sec
  All rays are obscured or lost.
 **Warning: Computing pupil diffraction grid spacing failed!
            Diffraction result is incorrect.
 RMS OPD error is   9.999900000D+36 m 
 P-V OPD error is   0.000000000D+00 m 
 Average OPD is     9.9999000000000000D+36 m 
 One or more rays become undefined at element   1
 A total of     1185 rays were lost
   Bracket/iter:       1185
 OPD: Rays being traced =         1185
 Compute time was    0.0000 sec
  All rays are obscured or lost.
 **Warning: Computing pupil diffraction grid spacing failed!
            Diffraction result is incorrect.
 RMS OPD error is   9.999900000D+36 m 
 P-V OPD error is   0.000000000D+00 m 
 Average OPD is     9.9999000000000000D+36 m 
 One or more rays become undefined at element   1
 A total of     1185 rays were lost
   Bracket/iter:       1185
  Input file /tmp/tp03a18c19_9c1d_43f8_99dc_ab03cf338695.in being loaded.
 Default used for  SegXgrid
 Default used for nECoord(   1)
 Default used for TElt(   1)
 Default used for nECoord(   2)
 Default used for TElt(   2)
 Default used for nECoord(   3)
 Default used for TElt(   3)
 Default used for nECoord(   4)
 Default used for TElt(   4)
 Default used for nECoord(   5)
 Default used for TElt(   5)
 Optical Train Summary:
  Tracing rays past   5 elements.
  Aperture grid type = Circular  with   41 grid points.
  Elt   1: Reflector   : Aspheric with Kc=-4.0114D+02, Kr= 1.6967D+01, nECoords =  -6
  Elt   2: Reference   : Flat     with Kc= 0.0000D+00, Kr=-1.0000D+22, nECoords =  -6
  Elt   3: Reflector   : Aspheric with Kc= 5.2949D+00, Kr=-2.0732D+00, nECoords =  -6
  Elt   4: Reflector   : Aspheric with Kc= 6.9068D-02, Kr=-1.8475D+00, nECoords =  -6
  Elt   5: FocalPlane  : Flat     with Kc= 0.0000D+00, Kr=-1.0000D+22, nECoords =  -6
  Number of output coordinates is   5
  Computed StopPos = -1.454579903882D-02 -9.874465132903D-01  1.898650299268D+00
 OPD: Rays being traced =         1185
 Compute time was    0.0039 sec
  All rays are obscured or lost.
 **Warning: Computing pupil diffraction grid spacing failed!
            Diffraction result is incorrect.
 RMS OPD error is   9.999900000D+36 m 
 P-V OPD error is   0.000000000D+00 m 
 Average OPD is     9.9999000000000000D+36 m 
 One or more rays become undefined at element   3
 A total of     1185 rays were lost
   Surface miss:       1185
 OPD: Rays being traced =         1185
 Compute time was    0.0000 sec
 OPD: nPassRays =    1184,    DAvgCumL =  24.00181611D-01 m 
 RMS OPD error is   2.425547080D-03 m 
 P-V OPD error is   9.983590706D-03 m 
 Average OPD is     2.3723617073611162D-03 m 
  Input file /tmp/tp03a18c19_9c1d_43f8_99dc_ab03cf338695.in being loaded.
 Default used for  SegXgrid
 Default used for nECoord(   1)
 Default used for TElt(   1)
 Default used for nECoord(   2)
 Default used for TElt(   2)
 Default used for nECoord(   3)
 Default used for TElt(   3)
 Default used for nECoord(   4)
 Default used for TElt(   4)
 Default used for nECoord(   5)
 Default used for TElt(   5)
 Optical Train Summary:
  Tracing rays past   5 elements.
  Aperture grid type = Circular  with   41 grid points.
  Elt   1: Reflector   : Aspheric with Kc=-4.0114D+02, Kr= 1.6967D+01, nECoords =  -6
  Elt   2: Reference   : Flat     with Kc= 0.0000D+00, Kr=-1.0000D+22, nECoords =  -6
  Elt   3: Reflector   : Aspheric with Kc= 5.2949D+00, Kr=-2.0732D+00, nECoords =  -6
  Elt   4: Reflector   : Aspheric with Kc= 6.9068D-02, Kr=-1.8475D+00, nECoords =  -6
  Elt   5: FocalPlane  : Flat     with Kc= 0.0000D+00, Kr=-1.0000D+22, nECoords =  -6
  Number of output coordinates is   5
  Computed StopPos = -1.479645919100D-02 -9.953254174007D-01  1.870706494730D+00
 OPD: Rays being traced =         1185
 Compute time was    0.0000 sec
  All rays are obscured or lost.
 **Warning: Computing pupil diffraction grid spacing failed!
            Diffraction result is incorrect.
 RMS OPD error is   9.999900000D+36 m 
 P-V OPD error is   0.000000000D+00 m 
 Average OPD is     9.9999000000000000D+36 m 
 One or more rays become undefined at element   3
 A total of     1185 rays were lost
   Surface miss:       1185
 OPD: Rays being traced =         1185
 Compute time was    0.0039 sec
 OPD: nPassRays =    1184,    DAvgCumL =  24.26606515D-01 m 
 RMS OPD error is   3.016914162D-03 m 
 P-V OPD error is   1.291788121D-02 m 
 Average OPD is     2.6217619782410947D-03 m 
  Input file /tmp/tp03a18c19_9c1d_43f8_99dc_ab03cf338695.in being loaded.
 Default used for  SegXgrid
 Default used for nECoord(   1)
 Default used for TElt(   1)
 Default used for nECoord(   2)
 Default used for TElt(   2)
 Default used for nECoord(   3)
 Default used for TElt(   3)
 Default used for nECoord(   4)
 Default used for TElt(   4)
 Default used for nECoord(   5)
 Default used for TElt(   5)
 Optical Train Summary:
  Tracing rays past   5 elements.
  Aperture grid type = Circular  with   41 grid points.
  Elt   1: Reflector   : Aspheric with Kc=-4.0114D+02, Kr= 1.6967D+01, nECoords =  -6
  Elt   2: Reference   : Flat     with Kc= 0.0000D+00, Kr=-1.0000D+22, nECoords =  -6
  Elt   3: Reflector   : Aspheric with Kc= 5.2949D+00, Kr=-2.0732D+00, nECoords =  -6
  Elt   4: Reflector   : Aspheric with Kc= 6.9068D-02, Kr=-1.8475D+00, nECoords =  -6
  Elt   5: FocalPlane  : Flat     with Kc= 0.0000D+00, Kr=-1.0000D+22, nECoords =  -6
  Number of output coordinates is   5
  Computed StopPos = -1.498387662367D-02 -1.003340108224D+00  1.844890271783D+00
 OPD: Rays being traced =         1185
 Compute time was    0.0000 sec
  All rays are obscured or lost.
 **Warning: Computing pupil diffraction grid spacing failed!
            Diffraction result is incorrect.
 RMS OPD error is   9.999900000D+36 m 
 P-V OPD error is   0.000000000D+00 m 
 Average OPD is     9.9999000000000000D+36 m 
 One or more rays become undefined at element   3
 A total of     1185 rays were lost
   Surface miss:       1185
 OPD: Rays being traced =         1185
 Compute time was    0.0000 sec
 OPD: nPassRays =    1184,    DAvgCumL =  24.55470795D-01 m 
 RMS OPD error is   3.839338327D-03 m 
 P-V OPD error is   1.615020008D-02 m 
 Average OPD is     2.8934588755427449D-03 m 
  Input file /tmp/tp03a18c19_9c1d_43f8_99dc_ab03cf338695.in being loaded.
 Default used for  SegXgrid
 Default used for nECoord(   1)
 Default used for TElt(   1)
 Default used for nECoord(   2)
 Default used for TElt(   2)
 Default used for nECoord(   3)
 Default used for TElt(   3)
 Default used for nECoord(   4)
 Default used for TElt(   4)
 Default used for nECoord(   5)
 Default used for TElt(   5)
 Optical Train Summary:
  Tracing rays past   5 elements.
  Aperture grid type = Circular  with   41 grid points.
  Elt   1: Reflector   : Aspheric with Kc=-4.0114D+02, Kr= 1.6967D+01, nECoords =  -6
  Elt   2: Reference   : Flat     with Kc= 0.0000D+00, Kr=-1.0000D+22, nECoords =  -6
  Elt   3: Reflector   : Aspheric with Kc= 5.2949D+00, Kr=-2.0732D+00, nECoords =  -6
  Elt   4: Reflector   : Aspheric with Kc= 6.9068D-02, Kr=-1.8475D+00, nECoords =  -6
  Elt   5: FocalPlane  : Flat     with Kc= 0.0000D+00, Kr=-1.0000D+22, nECoords =  -6
  Number of output coordinates is   5
  Computed StopPos = -1.511413357212D-02 -1.011440063513D+00  1.821025972286D+00
 OPD: Rays being traced =         1185
 Compute time was    0.0000 sec
  All rays are obscured or lost.
 **Warning: Computing pupil diffraction grid spacing failed!
            Diffraction result is incorrect.
 RMS OPD error is   9.999900000D+36 m 
 P-V OPD error is   0.000000000D+00 m 
 Average OPD is     9.9999000000000000D+36 m 
 One or more rays become undefined at element   3
 A total of     1185 rays were lost
   Surface miss:       1185
 OPD: Rays being traced =         1185
 Compute time was    0.0000 sec
 OPD: nPassRays =    1184,    DAvgCumL =  24.86858856D-01 m 
 RMS OPD error is   4.809843070D-03 m 
 P-V OPD error is   1.967707441D-02 m 
 Average OPD is     3.1885562528272582D-03 m 
  Input file /tmp/tp03a18c19_9c1d_43f8_99dc_ab03cf338695.in being loaded.
 Default used for  SegXgrid
 Default used for nECoord(   1)
 Default used for TElt(   1)
 Default used for nECoord(   2)
 Default used for TElt(   2)
 Default used for nECoord(   3)
 Default used for TElt(   3)
 Default used for nECoord(   4)
 Default used for TElt(   4)
 Default used for nECoord(   5)
 Default used for TElt(   5)
 Optical Train Summary:
  Tracing rays past   5 elements.
  Aperture grid type = Circular  with   41 grid points.
  Elt   1: Reflector   : Aspheric with Kc=-4.0114D+02, Kr= 1.6967D+01, nECoords =  -6
  Elt   2: Reference   : Flat     with Kc= 0.0000D+00, Kr=-1.0000D+22, nECoords =  -6
  Elt   3: Reflector   : Aspheric with Kc= 5.2949D+00, Kr=-2.0732D+00, nECoords =  -6
  Elt   4: Reflector   : Aspheric with Kc= 6.9068D-02, Kr=-1.8475D+00, nECoords =  -6
  Elt   5: FocalPlane  : Flat     with Kc= 0.0000D+00, Kr=-1.0000D+22, nECoords =  -6
  Number of output coordinates is   5
  Computed StopPos = -1.519288022432D-02 -1.019585199793D+00  1.798946669140D+00
 OPD: Rays being traced =         1185
 Compute time was    0.0000 sec
  All rays are obscured or lost.
 **Warning: Computing pupil diffraction grid spacing failed!
            Diffraction result is incorrect.
 RMS OPD error is   9.999900000D+36 m 
 P-V OPD error is   0.000000000D+00 m 
 Average OPD is     9.9999000000000000D+36 m 
 One or more rays become undefined at element   3
 A total of     1185 rays were lost
   Surface miss:       1185
 OPD: Rays being traced =         1185
 Compute time was    0.0000 sec
 OPD: nPassRays =    1184,    DAvgCumL =  25.20862332D-01 m 
 RMS OPD error is   5.885193524D-03 m 
 P-V OPD error is   2.348254093D-02 m 
 Average OPD is     3.5080977748297841D-03 m 
  Input file /tmp/tp03a18c19_9c1d_43f8_99dc_ab03cf338695.in being loaded.
 Default used for  SegXgrid
 Default used for nECoord(   1)
 Default used for TElt(   1)
 Default used for nECoord(   2)
 Default used for TElt(   2)
 Default used for nECoord(   3)
 Default used for TElt(   3)
 Default used for nECoord(   4)
 Default used for TElt(   4)
 Default used for nECoord(   5)
 Default used for TElt(   5)
 Optical Train Summary:
  Tracing rays past   5 elements.
  Aperture grid type = Circular  with   41 grid points.
  Elt   1: Reflector   : Aspheric with Kc=-4.0114D+02, Kr= 1.6967D+01, nECoords =  -6
  Elt   2: Reference   : Flat     with Kc= 0.0000D+00, Kr=-1.0000D+22, nECoords =  -6
  Elt   3: Reflector   : Aspheric with Kc= 5.2949D+00, Kr=-2.0732D+00, nECoords =  -6
  Elt   4: Reflector   : Aspheric with Kc= 6.9068D-02, Kr=-1.8475D+00, nECoords =  -6
  Elt   5: FocalPlane  : Flat     with Kc= 0.0000D+00, Kr=-1.0000D+22, nECoords =  -6
  Number of output coordinates is   5
  Computed StopPos = -1.522528707854D-02 -1.027743995348D+00  1.778496843594D+00
 OPD: Rays being traced =         1185
 Compute time was    0.0000 sec
  All rays are obscured or lost.
 **Warning: Computing pupil diffraction grid spacing failed!
            Diffraction result is incorrect.
 RMS OPD error is   9.999900000D+36 m 
 P-V OPD error is   0.000000000D+00 m 
 Average OPD is     9.9999000000000000D+36 m 
 One or more rays become undefined at element   3
 A total of     1185 rays were lost
   Surface miss:       1185
 OPD: Rays being traced =         1185
 Compute time was    0.0000 sec
 OPD: nPassRays =    1184,    DAvgCumL =  25.57580997D-01 m 
 RMS OPD error is   7.043500227D-03 m 
 P-V OPD error is   2.755008247D-02 m 
 Average OPD is     3.8530703798028759D-03 m 
  Input file /tmp/tp03a18c19_9c1d_43f8_99dc_ab03cf338695.in being loaded.
 Default used for  SegXgrid
 Default used for nECoord(   1)
 Default used for TElt(   1)
 Default used for nECoord(   2)
 Default used for TElt(   2)
 Default used for nECoord(   3)
 Default used for TElt(   3)
 Default used for nECoord(   4)
 Default used for TElt(   4)
 Default used for nECoord(   5)
 Default used for TElt(   5)
 Optical Train Summary:
  Tracing rays past   5 elements.
  Aperture grid type = Circular  with   41 grid points.
  Elt   1: Reflector   : Aspheric with Kc=-4.0114D+02, Kr= 1.6967D+01, nECoords =  -6
  Elt   2: Reference   : Flat     with Kc= 0.0000D+00, Kr=-1.0000D+22, nECoords =  -6
  Elt   3: Reflector   : Aspheric with Kc= 5.2949D+00, Kr=-2.0732D+00, nECoords =  -6
  Elt   4: Reflector   : Aspheric with Kc= 6.9068D-02, Kr=-1.8475D+00, nECoords =  -6
  Elt   5: FocalPlane  : Flat     with Kc= 0.0000D+00, Kr=-1.0000D+22, nECoords =  -6
  Number of output coordinates is   5
  Computed StopPos = -3.792145426540D-02 -1.697757093181D+00  1.565584928451D+00
 OPD: Rays being traced =         1185
 Compute time was    0.0000 sec
  All rays are obscured or lost.
 **Warning: Computing pupil diffraction grid spacing failed!
            Diffraction result is incorrect.
 RMS OPD error is   9.999900000D+36 m 
 P-V OPD error is   0.000000000D+00 m 
 Average OPD is     9.9999000000000000D+36 m 
 One or more rays become undefined at element   1
 One or more rays become undefined at element   3
 A total of     1185 rays were lost
   Surface miss:        653
   Bracket/iter:        532
 OPD: Rays being traced =         1185
 Compute time was    0.0000 sec
 OPD: nPassRays =     652,    DAvgCumL =  38.12075055D+00 m 
 RMS OPD error is   1.169784984D+03 m 
 P-V OPD error is   3.347532723D+04 m 
 Average OPD is     4.8531081039715900D+01 m 
 One or more rays become undefined at element   1
 A total of      532 rays were lost
   Bracket/iter:        532
  Input file /tmp/tp03a18c19_9c1d_43f8_99dc_ab03cf338695.in being loaded.
 Default used for  SegXgrid
 Default used for nECoord(   1)
 Default used for TElt(   1)
 Default used for nECoord(   2)
 Default used for TElt(   2)
 Default used for nECoord(   3)
 Default used for TElt(   3)
 Default used for nECoord(   4)
 Default used for TElt(   4)
 Default used for nECoord(   5)
 Default used for TElt(   5)
 Optical Train Summary:
  Tracing rays past   5 elements.
  Aperture grid type = Circular  with   41 grid points.
  Elt   1: Reflector   : Aspheric with Kc=-4.0114D+02, Kr= 1.6967D+01, nECoords =  -6
  Elt   2: Reference   : Flat     with Kc= 0.0000D+00, Kr=-1.0000D+22, nECoords =  -6
  Elt   3: Reflector   : Aspheric with Kc= 5.2949D+00, Kr=-2.0732D+00, nECoords =  -6
  Elt   4: Reflector   : Aspheric with Kc= 6.9068D-02, Kr=-1.8475D+00, nECoords =  -6
  Elt   5: FocalPlane  : Flat     with Kc= 0.0000D+00, Kr=-1.0000D+22, nECoords =  -6
  Number of output coordinates is   5
  Computed StopPos = -1.572369568519D-01 -1.696418680526D+00  1.575742683866D+00
 OPD: Rays being traced =         1185
 Compute time was    0.0000 sec
  All rays are obscured or lost.
 **Warning: Computing pupil diffraction grid spacing failed!
            Diffraction result is incorrect.
 RMS OPD error is   9.999900000D+36 m 
 P-V OPD error is   0.000000000D+00 m 
 Average OPD is     9.9999000000000000D+36 m 
 One or more rays become undefined at element   1
 One or more rays become undefined at element   3
 A total of     1185 rays were lost
   Surface miss:        589
   Bracket/iter:        596
 OPD: Rays being traced =         1185
 Compute time was    0.0039 sec
 OPD: nPassRays =     588,    DAvgCumL = -90.80666971D+00 m 
 RMS OPD error is   1.444072760D+03 m 
 P-V OPD error is   3.574908410D+04 m 
 Average OPD is    -7.9924951018384746D+01 m 
 One or more rays become undefined at element   1
 A total of      596 rays were lost
   Bracket/iter:        596
  Input file /tmp/tp03a18c19_9c1d_43f8_99dc_ab03cf338695.in being loaded.
 Default used for  SegXgrid
 Default used for nECoord(   1)
 Default used for TElt(   1)
 Default used for nECoord(   2)
 Default used for TElt(   2)
 Default used for nECoord(   3)
 Default used for TElt(   3)
 Default used for nECoord(   4)
 Default used for TElt(   4)
 Default used for nECoord(   5)
 Default used for TElt(   5)
 Optical Train Summary:
  Tracing rays past   5 elements.
  Aperture grid type = Circular  with   41 grid points.
  Elt   1: Reflector   : Aspheric with Kc=-4.0114D+02, Kr= 1.6967D+01, nECoords =  -6
  Elt   2: Reference   : Flat     with Kc= 0.0000D+00, Kr=-1.0000D+22, nECoords =  -6
  Elt   3: Reflector   : Aspheric with Kc= 5.2949D+00, Kr=-2.0732D+00, nECoords =  -6
  Elt   4: Reflector   : Aspheric with Kc= 6.9068D-02, Kr=-1.8475D+00, nECoords =  -6
  Elt   5: FocalPlane  : Flat     with Kc= 0.0000D+00, Kr=-1.0000D+22, nECoords =  -6
  Number of output coordinates is   5
  Computed StopPos = -5.749887899172D-02 -2.229349805937D+00  5.799136000000D-01
 OPD: Rays being traced =         1185
 Compute time was    0.0000 sec
  All rays are obscured or lost.
 **Warning: Computing pupil diffraction grid spacing failed!
            Diffraction result is incorrect.
 RMS OPD error is   9.999900000D+36 m 
 P-V OPD error is   0.000000000D+00 m 
 Average OPD is     9.9999000000000000D+36 m 
 One or more rays become undefined at element   1
 One or more rays become undefined at element   3
 A total of     1185 rays were lost
   Surface miss:        464
   Bracket/iter:        721
 OPD: Rays being traced =         1185
 Compute time was    0.0000 sec
 OPD: nPassRays =     464,    DAvgCumL =  28.53263063D+00 m 
 RMS OPD error is   5.036138384D+02 m 
 P-V OPD error is   9.616209033D+03 m 
 Average OPD is     2.8532630629307796D+01 m 
 One or more rays become undefined at element   1
 A total of      721 rays were lost
   Bracket/iter:        721
  Input file /tmp/tp03a18c19_9c1d_43f8_99dc_ab03cf338695.in being loaded.
 Default used for  SegXgrid
 Default used for nECoord(   1)
 Default used for TElt(   1)
 Default used for nECoord(   2)
 Default used for TElt(   2)
 Default used for nECoord(   3)
 Default used for TElt(   3)
 Default used for nECoord(   4)
 Default used for TElt(   4)
 Default used for nECoord(   5)
 Default used for TElt(   5)
 Optical Train Summary:
  Tracing rays past   5 elements.
  Aperture grid type = Circular  with   41 grid points.
  Elt   1: Reflector   : Aspheric with Kc=-4.0114D+02, Kr= 1.6967D+01, nECoords =  -6
  Elt   2: Reference   : Flat     with Kc= 0.0000D+00, Kr=-1.0000D+22, nECoords =  -6
  Elt   3: Reflector   : Aspheric with Kc= 5.2949D+00, Kr=-2.0732D+00, nECoords =  -6
  Elt   4: Reflector   : Aspheric with Kc= 6.9068D-02, Kr=-1.8475D+00, nECoords =  -6
  Elt   5: FocalPlane  : Flat     with Kc= 0.0000D+00, Kr=-1.0000D+22, nECoords =  -6
  Number of output coordinates is   5
  Computed StopPos = -5.749887899172D-02 -2.302755735250D+00  5.799136000000D-01
 OPD: Rays being traced =         1185
 Compute time was    0.0000 sec
  All rays are obscured or lost.
 **Warning: Computing pupil diffraction grid spacing failed!
            Diffraction result is incorrect.
 RMS OPD error is   9.999900000D+36 m 
 P-V OPD error is   0.000000000D+00 m 
 Average OPD is     9.9999000000000000D+36 m 
 One or more rays become undefined at element   1
 One or more rays become undefined at element   3
 A total of     1185 rays were lost
   Surface miss:        177
   Bracket/iter:       1008
 OPD: Rays being traced =         1185
 Compute time was    0.0039 sec
 OPD: nPassRays =     177,    DAvgCumL = -21.19581002D+00 m 
 RMS OPD error is   5.490638527D+00 m 
 P-V OPD error is   1.973372597D+01 m 
 Average OPD is    -2.1195810020053024D+01 m 
 One or more rays become undefined at element   1
 A total of     1008 rays were lost
   Bracket/iter:       1008
  Input file /tmp/tp03a18c19_9c1d_43f8_99dc_ab03cf338695.in being loaded.
 Default used for  SegXgrid
 Default used for nECoord(   1)
 Default used for TElt(   1)
 Default used for nECoord(   2)
 Default used for TElt(   2)
 Default used for nECoord(   3)
 Default used for TElt(   3)
 Default used for nECoord(   4)
 Default used for TElt(   4)
 Default used for nECoord(   5)
 Default used for TElt(   5)
 Optical Train Summary:
  Tracing rays past   5 elements.
  Aperture grid type = Circular  with   41 grid points.
  Elt   1: Reflector   : Aspheric with Kc=-4.0114D+02, Kr= 1.6967D+01, nECoords =  -6
  Elt   2: Reference   : Flat     with Kc= 0.0000D+00, Kr=-1.0000D+22, nECoords =  -6
  Elt   3: Reflector   : Aspheric with Kc= 5.2949D+00, Kr=-2.0732D+00, nECoords =  -6
  Elt   4: Reflector   : Aspheric with Kc= 6.9068D-02, Kr=-1.8475D+00, nECoords =  -6
  Elt   5: FocalPlane  : Flat     with Kc= 0.0000D+00, Kr=-1.0000D+22, nECoords =  -6
  Number of output coordinates is   5
  Computed StopPos = -5.749887899172D-02 -2.378279110945D+00  5.799136000000D-01
 OPD: Rays being traced =         1185
 Compute time was    0.0000 sec
  All rays are obscured or lost.
 **Warning: Computing pupil diffraction grid spacing failed!
            Diffraction result is incorrect.
 RMS OPD error is   9.999900000D+36 m 
 P-V OPD error is   0.000000000D+00 m 
 Average OPD is     9.9999000000000000D+36 m 
 One or more rays become undefined at element   1
 A total of     1185 rays were lost
   Bracket/iter:       1185
 OPD: Rays being traced =         1185
 Compute time was    0.0000 sec
  All rays are obscured or lost.
 **Warning: Computing pupil diffraction grid spacing failed!
            Diffraction result is incorrect.
 RMS OPD error is   9.999900000D+36 m 
 P-V OPD error is   0.000000000D+00 m 
 Average OPD is     9.9999000000000000D+36 m 
 One or more rays become undefined at element   1
 A total of     1185 rays were lost
   Bracket/iter:       1185
  Input file /tmp/tp03a18c19_9c1d_43f8_99dc_ab03cf338695.in being loaded.
 Default used for  SegXgrid
 Default used for nECoord(   1)
 Default used for TElt(   1)
 Default used for nECoord(   2)
 Default used for TElt(   2)
 Default used for nECoord(   3)
 Default used for TElt(   3)
 Default used for nECoord(   4)
 Default used for TElt(   4)
 Default used for nECoord(   5)
 Default used for TElt(   5)
 Optical Train Summary:
  Tracing rays past   5 elements.
  Aperture grid type = Circular  with   41 grid points.
  Elt   1: Reflector   : Aspheric with Kc=-4.0114D+02, Kr= 1.6967D+01, nECoords =  -6
  Elt   2: Reference   : Flat     with Kc= 0.0000D+00, Kr=-1.0000D+22, nECoords =  -6
  Elt   3: Reflector   : Aspheric with Kc= 5.2949D+00, Kr=-2.0732D+00, nECoords =  -6
  Elt   4: Reflector   : Aspheric with Kc= 6.9068D-02, Kr=-1.8475D+00, nECoords =  -6
  Elt   5: FocalPlane  : Flat     with Kc= 0.0000D+00, Kr=-1.0000D+22, nECoords =  -6
  Number of output coordinates is   5
  Computed StopPos = -2.907476121874D-02 -9.869096358857D-01  1.898555140877D+00
 OPD: Rays being traced =         1185
 Compute time was    0.0000 sec
  All rays are obscured or lost.
 **Warning: Computing pupil diffraction grid spacing failed!
            Diffraction result is incorrect.
 RMS OPD error is   9.999900000D+36 m 
 P-V OPD error is   0.000000000D+00 m 
 Average OPD is     9.9999000000000000D+36 m 
 One or more rays become undefined at element   3
 A total of     1185 rays were lost
   Surface miss:       1185
 OPD: Rays being traced =         1185
 Compute time was    0.0000 sec
 OPD: nPassRays =    1184,    DAvgCumL =  24.02600891D-01 m 
 RMS OPD error is   2.941396669D-03 m 
 P-V OPD error is   1.248797091D-02 m 
 Average OPD is     2.3771216009406816D-03 m 
  Input file /tmp/tp03a18c19_9c1d_43f8_99dc_ab03cf338695.in being loaded.
 Default used for  SegXgrid
 Default used for nECoord(   1)
 Default used for TElt(   1)
 Default used for nECoord(   2)
 Default used for TElt(   2)
 Default used for nECoord(   3)
 Default used for TElt(   3)
 Default used for nECoord(   4)
 Default used for TElt(   4)
 Default used for nECoord(   5)
 Default used for TElt(   5)
 Optical Train Summary:
  Tracing rays past   5 elements.
  Aperture grid type = Circular  with   41 grid points.
  Elt   1: Reflector   : Aspheric with Kc=-4.0114D+02, Kr= 1.6967D+01, nECoords =  -6
  Elt   2: Reference   : Flat     with Kc= 0.0000D+00, Kr=-1.0000D+22, nECoords =  -6
  Elt   3: Reflector   : Aspheric with Kc= 5.2949D+00, Kr=-2.0732D+00, nECoords =  -6
  Elt   4: Reflector   : Aspheric with Kc= 6.9068D-02, Kr=-1.8475D+00, nECoords =  -6
  Elt   5: FocalPlane  : Flat     with Kc= 0.0000D+00, Kr=-1.0000D+22, nECoords =  -6
  Number of output coordinates is   5
  Computed StopPos = -2.957410568373D-02 -9.947777425152D-01  1.870678981340D+00
 OPD: Rays being traced =         1185
 Compute time was    0.0000 sec
  All rays are obscured or lost.
 **Warning: Computing pupil diffraction grid spacing failed!
            Diffraction result is incorrect.
 RMS OPD error is   9.999900000D+36 m 
 P-V OPD error is   0.000000000D+00 m 
 Average OPD is     9.9999000000000000D+36 m 
 One or more rays become undefined at element   3
 A total of     1185 rays were lost
   Surface miss:       1185
 OPD: Rays being traced =         1185
 Compute time was    0.0000 sec
 OPD: nPassRays =    1184,    DAvgCumL =  24.29011983D-01 m 
 RMS OPD error is   3.462376477D-03 m 
 P-V OPD error is   1.539759812D-02 m 
 Average OPD is     2.6269876944575270D-03 m 
  Input file /tmp/tp03a18c19_9c1d_43f8_99dc_ab03cf338695.in being loaded.
 Default used for  SegXgrid
 Default used for nECoord(   1)
 Default used for TElt(   1)
 Default used for nECoord(   2)
 Default used for TElt(   2)
 Default used for nECoord(   3)
 Default used for TElt(   3)
 Default used for nECoord(   4)
 Default used for TElt(   4)
 Default used for nECoord(   5)
 Default used for TElt(   5)
 Optical Train Summary:
  Tracing rays past   5 elements.
  Aperture grid type = Circular  with   41 grid points.
  Elt   1: Reflector   : Aspheric with Kc=-4.0114D+02, Kr= 1.6967D+01, nECoords =  -6
  Elt   2: Reference   : Flat     with Kc= 0.0000D+00, Kr=-1.0000D+22, nECoords =  -6
  Elt   3: Reflector   : Aspheric with Kc= 5.2949D+00, Kr=-2.0732D+00, nECoords =  -6
  Elt   4: Reflector   : Aspheric with Kc= 6.9068D-02, Kr=-1.8475D+00, nECoords =  -6
  Elt   5: FocalPlane  : Flat     with Kc= 0.0000D+00, Kr=-1.0000D+22, nECoords =  -6
  Number of output coordinates is   5
  Computed StopPos = -2.994783985108D-02 -1.002785260861D+00  1.844914780129D+00
 OPD: Rays being traced =         1185
 Compute time was    0.0000 sec
  All rays are obscured or lost.
 **Warning: Computing pupil diffraction grid spacing failed!
            Diffraction result is incorrect.
 RMS OPD error is   9.999900000D+36 m 
 P-V OPD error is   0.000000000D+00 m 
 Average OPD is     9.9999000000000000D+36 m 
 One or more rays become undefined at element   3
 A total of     1185 rays were lost
   Surface miss:       1185
 OPD: Rays being traced =         1185
 Compute time was    0.0000 sec
 OPD: nPassRays =    1184,    DAvgCumL =  24.57859908D-01 m 
 RMS OPD error is   4.213935888D-03 m 
 P-V OPD error is   1.863232532D-02 m 
 Average OPD is     2.8991580900871467D-03 m 
  Input file /tmp/tp03a18c19_9c1d_43f8_99dc_ab03cf338695.in being loaded.
 Default used for  SegXgrid
 Default used for nECoord(   1)
 Default used for TElt(   1)
 Default used for nECoord(   2)
 Default used for TElt(   2)
 Default used for nECoord(   3)
 Default used for TElt(   3)
 Default used for nECoord(   4)
 Default used for TElt(   4)
 Default used for nECoord(   5)
 Default used for TElt(   5)
 Optical Train Summary:
  Tracing rays past   5 elements.
  Aperture grid type = Circular  with   41 grid points.
  Elt   1: Reflector   : Aspheric with Kc=-4.0114D+02, Kr= 1.6967D+01, nECoords =  -6
  Elt   2: Reference   : Flat     with Kc= 0.0000D+00, Kr=-1.0000D+22, nECoords =  -6
  Elt   3: Reflector   : Aspheric with Kc= 5.2949D+00, Kr=-2.0732D+00, nECoords =  -6
  Elt   4: Reflector   : Aspheric with Kc= 6.9068D-02, Kr=-1.8475D+00, nECoords =  -6
  Elt   5: FocalPlane  : Flat     with Kc= 0.0000D+00, Kr=-1.0000D+22, nECoords =  -6
  Number of output coordinates is   5
  Computed StopPos = -3.020796722003D-02 -1.010881609351D+00  1.821089485927D+00
 OPD: Rays being traced =         1185
 Compute time was    0.0000 sec
  All rays are obscured or lost.
 **Warning: Computing pupil diffraction grid spacing failed!
            Diffraction result is incorrect.
 RMS OPD error is   9.999900000D+36 m 
 P-V OPD error is   0.000000000D+00 m 
 Average OPD is     9.9999000000000000D+36 m 
 One or more rays become undefined at element   3
 A total of     1185 rays were lost
   Surface miss:       1185
 OPD: Rays being traced =         1185
 Compute time was    0.0000 sec
 OPD: nPassRays =    1184,    DAvgCumL =  24.89229043D-01 m 
 RMS OPD error is   5.127596011D-03 m 
 P-V OPD error is   2.214255965D-02 m 
 Average OPD is     3.1947288612870265D-03 m 
  Input file /tmp/tp03a18c19_9c1d_43f8_99dc_ab03cf338695.in being loaded.
 Default used for  SegXgrid
 Default used for nECoord(   1)
 Default used for TElt(   1)
 Default used for nECoord(   2)
 Default used for TElt(   2)
 Default used for nECoord(   3)
 Default used for TElt(   3)
 Default used for nECoord(   4)
 Default used for TElt(   4)
 Default used for nECoord(   5)
 Default used for TElt(   5)
 Optical Train Summary:
  Tracing rays past   5 elements.
  Aperture grid type = Circular  with   41 grid points.
  Elt   1: Reflector   : Aspheric with Kc=-4.0114D+02, Kr= 1.6967D+01, nECoords =  -6
  Elt   2: Reference   : Flat     with Kc= 0.0000D+00, Kr=-1.0000D+22, nECoords =  -6
  Elt   3: Reflector   : Aspheric with Kc= 5.2949D+00, Kr=-2.0732D+00, nECoords =  -6
  Elt   4: Reflector   : Aspheric with Kc= 6.9068D-02, Kr=-1.8475D+00, nECoords =  -6
  Elt   5: FocalPlane  : Flat     with Kc= 0.0000D+00, Kr=-1.0000D+22, nECoords =  -6
  Number of output coordinates is   5
  Computed StopPos = -3.036566212802D-02 -1.019026652474D+00  1.799038181869D+00
 OPD: Rays being traced =         1185
 Compute time was    0.0000 sec
  All rays are obscured or lost.
 **Warning: Computing pupil diffraction grid spacing failed!
            Diffraction result is incorrect.
 RMS OPD error is   9.999900000D+36 m 
 P-V OPD error is   0.000000000D+00 m 
 Average OPD is     9.9999000000000000D+36 m 
 One or more rays become undefined at element   3
 A total of     1185 rays were lost
   Surface miss:       1185
 OPD: Rays being traced =         1185
 Compute time was    0.0000 sec
 OPD: nPassRays =    1184,    DAvgCumL =  25.23211013D-01 m 
 RMS OPD error is   6.159726438D-03 m 
 P-V OPD error is   2.587050062D-02 m 
 Average OPD is     3.5147364776736299D-03 m 
  Input file /tmp/tp03a18c19_9c1d_43f8_99dc_ab03cf338695.in being loaded.
 Default used for  SegXgrid
 Default used for nECoord(   1)
 Default used for TElt(   1)
 Default used for nECoord(   2)
 Default used for TElt(   2)
 Default used for nECoord(   3)
 Default used for TElt(   3)
 Default used for nECoord(   4)
 Default used for TElt(   4)
 Default used for nECoord(   5)
 Default used for TElt(   5)
 Optical Train Summary:
  Tracing rays past   5 elements.
  Aperture grid type = Circular  with   41 grid points.
  Elt   1: Reflector   : Aspheric with Kc=-4.0114D+02, Kr= 1.6967D+01, nECoords =  -6
  Elt   2: Reference   : Flat     with Kc= 0.0000D+00, Kr=-1.0000D+22, nECoords =  -6
  Elt   3: Reflector   : Aspheric with Kc= 5.2949D+00, Kr=-2.0732D+00, nECoords =  -6
  Elt   4: Reflector   : Aspheric with Kc= 6.9068D-02, Kr=-1.8475D+00, nECoords =  -6
  Elt   5: FocalPlane  : Flat     with Kc= 0.0000D+00, Kr=-1.0000D+22, nECoords =  -6
  Number of output coordinates is   5
  Computed StopPos = -3.043114290371D-02 -1.027188656161D+00  1.778607356895D+00
 OPD: Rays being traced =         1185
 Compute time was    0.0000 sec
  All rays are obscured or lost.
 **Warning: Computing pupil diffraction grid spacing failed!
            Diffraction result is incorrect.
 RMS OPD error is   9.999900000D+36 m 
 P-V OPD error is   0.000000000D+00 m 
 Average OPD is     9.9999000000000000D+36 m 
 One or more rays become undefined at element   3
 A total of     1185 rays were lost
   Surface miss:       1185
 OPD: Rays being traced =         1185
 Compute time was    0.0000 sec
 OPD: nPassRays =    1184,    DAvgCumL =  25.59905606D-01 m 
 RMS OPD error is   7.285092280D-03 m 
 P-V OPD error is   2.985514604D-02 m 
 Average OPD is     3.8601613247791753D-03 m 
  Input file /tmp/tp03a18c19_9c1d_43f8_99dc_ab03cf338695.in being loaded.
 Default used for  SegXgrid
 Default used for nECoord(   1)
 Default used for TElt(   1)
 Default used for nECoord(   2)
 Default used for TElt(   2)
 Default used for nECoord(   3)
 Default used for TElt(   3)
 Default used for nECoord(   4)
 Default used for TElt(   4)
 Default used for nECoord(   5)
 Default used for TElt(   5)
 Optical Train Summary:
  Tracing rays past   5 elements.
  Aperture grid type = Circular  with   41 grid points.
  Elt   1: Reflector   : Aspheric with Kc=-4.0114D+02, Kr= 1.6967D+01, nECoords =  -6
  Elt   2: Reference   : Flat     with Kc= 0.0000D+00, Kr=-1.0000D+22, nECoords =  -6
  Elt   3: Reflector   : Aspheric with Kc= 5.2949D+00, Kr=-2.0732D+00, nECoords =  -6
  Elt   4: Reflector   : Aspheric with Kc= 6.9068D-02, Kr=-1.8475D+00, nECoords =  -6
  Elt   5: FocalPlane  : Flat     with Kc= 0.0000D+00, Kr=-1.0000D+22, nECoords =  -6
  Number of output coordinates is   5
  Computed StopPos = -7.591226550789D-02 -1.698015766791D+00  1.568382952067D+00
 OPD: Rays being traced =         1185
 Compute time was    0.0000 sec
  All rays are obscured or lost.
 **Warning: Computing pupil diffraction grid spacing failed!
            Diffraction result is incorrect.
 RMS OPD error is   9.999900000D+36 m 
 P-V OPD error is   0.000000000D+00 m 
 Average OPD is     9.9999000000000000D+36 m 
 One or more rays become undefined at element   1
 One or more rays become undefined at element   3
 A total of     1185 rays were lost
   Surface miss:        620
   Bracket/iter:        565
 OPD: Rays being traced =         1185
 Compute time was    0.0000 sec
 OPD: nPassRays =     619,    DAvgCumL = -42.73563355D+00 m 
 RMS OPD error is   2.395997408D+02 m 
 P-V OPD error is   4.022732932D+03 m 
 Average OPD is    -3.2651158496440225D+01 m 
 One or more rays become undefined at element   1
 A total of      565 rays were lost
   Bracket/iter:        565
  Input file /tmp/tp03a18c19_9c1d_43f8_99dc_ab03cf338695.in being loaded.
 Default used for  SegXgrid
 Default used for nECoord(   1)
 Default used for TElt(   1)
 Default used for nECoord(   2)
 Default used for TElt(   2)
 Default used for nECoord(   3)
 Default used for TElt(   3)
 Default used for nECoord(   4)
 Default used for TElt(   4)
 Default used for nECoord(   5)
 Default used for TElt(   5)
 Optical Train Summary:
  Tracing rays past   5 elements.
  Aperture grid type = Circular  with   41 grid points.
  Elt   1: Reflector   : Aspheric with Kc=-4.0114D+02, Kr= 1.6967D+01, nECoords =  -6
  Elt   2: Reference   : Flat     with Kc= 0.0000D+00, Kr=-1.0000D+22, nECoords =  -6
  Elt   3: Reflector   : Aspheric with Kc= 5.2949D+00, Kr=-2.0732D+00, nECoords =  -6
  Elt   4: Reflector   : Aspheric with Kc= 6.9068D-02, Kr=-1.8475D+00, nECoords =  -6
  Elt   5: FocalPlane  : Flat     with Kc= 0.0000D+00, Kr=-1.0000D+22, nECoords =  -6
  Number of output coordinates is   5
  Computed StopPos = -1.787016943903D-01 -1.694131113786D+00  1.575444084608D+00
 OPD: Rays being traced =         1185
 Compute time was    0.0000 sec
  All rays are obscured or lost.
 **Warning: Computing pupil diffraction grid spacing failed!
            Diffraction result is incorrect.
 RMS OPD error is   9.999900000D+36 m 
 P-V OPD error is   0.000000000D+00 m 
 Average OPD is     9.9999000000000000D+36 m 
 One or more rays become undefined at element   1
 One or more rays become undefined at element   3
 A total of     1185 rays were lost
   Surface miss:        587
   Bracket/iter:        598
 OPD: Rays being traced =         1185
 Compute time was    0.0000 sec
 OPD: nPassRays =     586,    DAvgCumL = -48.26094632D-01 m 
 RMS OPD error is   3.968090399D+02 m 
 P-V OPD error is   9.192926261D+03 m 
 Average OPD is     6.2765938296104284D+00 m 
 One or more rays become undefined at element   1
 A total of      598 rays were lost
   Bracket/iter:        598
  Input file /tmp/tp03a18c19_9c1d_43f8_99dc_ab03cf338695.in being loaded.
 Default used for  SegXgrid
 Default used for nECoord(   1)
 Default used for TElt(   1)
 Default used for nECoord(   2)
 Default used for TElt(   2)
 Default used for nECoord(   3)
 Default used for TElt(   3)
 Default used for nECoord(   4)
 Default used for TElt(   4)
 Default used for nECoord(   5)
 Default used for TElt(   5)
 Optical Train Summary:
  Tracing rays past   5 elements.
  Aperture grid type = Circular  with   41 grid points.
  Elt   1: Reflector   : Aspheric with Kc=-4.0114D+02, Kr= 1.6967D+01, nECoords =  -6
  Elt   2: Reference   : Flat     with Kc= 0.0000D+00, Kr=-1.0000D+22, nECoords =  -6
  Elt   3: Reflector   : Aspheric with Kc= 5.2949D+00, Kr=-2.0732D+00, nECoords =  -6
  Elt   4: Reflector   : Aspheric with Kc= 6.9068D-02, Kr=-1.8475D+00, nECoords =  -6
  Elt   5: FocalPlane  : Flat     with Kc= 0.0000D+00, Kr=-1.0000D+22, nECoords =  -6
  Number of output coordinates is   5
  Computed StopPos = -1.150766663399D-01 -2.229349805937D+00  5.799136000000D-01
 OPD: Rays being traced =         1185
 Compute time was    0.0000 sec
  All rays are obscured or lost.
 **Warning: Computing pupil diffraction grid spacing failed!
            Diffraction result is incorrect.
 RMS OPD error is   9.999900000D+36 m 
 P-V OPD error is   0.000000000D+00 m 
 Average OPD is     9.9999000000000000D+36 m 
 One or more rays become undefined at element   1
 One or more rays become undefined at element   3
 A total of     1185 rays were lost
   Surface miss:        457
   Bracket/iter:        728
 OPD: Rays being traced =         1185
 Compute time was    0.0039 sec
 OPD: nPassRays =     457,    DAvgCumL = -98.51911826D+00 m 
 RMS OPD error is   1.929939442D+03 m 
 P-V OPD error is   4.595444341D+04 m 
 Average OPD is    -9.8519118259284838D+01 m 
 One or more rays become undefined at element   1
 A total of      728 rays were lost
   Bracket/iter:        728
  Input file /tmp/tp03a18c19_9c1d_43f8_99dc_ab03cf338695.in being loaded.
 Default used for  SegXgrid
 Default used for nECoord(   1)
 Default used for TElt(   1)
 Default used for nECoord(   2)
 Default used for TElt(   2)
 Default used for nECoord(   3)
 Default used for TElt(   3)
 Default used for nECoord(   4)
 Default used for TElt(   4)
 Default used for nECoord(   5)
 Default used for TElt(   5)
 Optical Train Summary:
  Tracing rays past   5 elements.
  Aperture grid type = Circular  with   41 grid points.
  Elt   1: Reflector   : Aspheric with Kc=-4.0114D+02, Kr= 1.6967D+01, nECoords =  -6
  Elt   2: Reference   : Flat     with Kc= 0.0000D+00, Kr=-1.0000D+22, nECoords =  -6
  Elt   3: Reflector   : Aspheric with Kc= 5.2949D+00, Kr=-2.0732D+00, nECoords =  -6
  Elt   4: Reflector   : Aspheric with Kc= 6.9068D-02, Kr=-1.8475D+00, nECoords =  -6
  Elt   5: FocalPlane  : Flat     with Kc= 0.0000D+00, Kr=-1.0000D+22, nECoords =  -6
  Number of output coordinates is   5
  Computed StopPos = -1.150766663399D-01 -2.302755735250D+00  5.799136000000D-01
 OPD: Rays being traced =         1185
 Compute time was    0.0000 sec
  All rays are obscured or lost.
 **Warning: Computing pupil diffraction grid spacing failed!
            Diffraction result is incorrect.
 RMS OPD error is   9.999900000D+36 m 
 P-V OPD error is   0.000000000D+00 m 
 Average OPD is     9.9999000000000000D+36 m 
 One or more rays become undefined at element   1
 One or more rays become undefined at element   3
 A total of     1185 rays were lost
   Surface miss:        171
   Bracket/iter:       1014
 OPD: Rays being traced =         1185
 Compute time was    0.0000 sec
 OPD: nPassRays =     171,    DAvgCumL = -21.21803219D+00 m 
 RMS OPD error is   5.336665153D+00 m 
 P-V OPD error is   1.952559119D+01 m 
 Average OPD is    -2.1218032185956194D+01 m 
 One or more rays become undefined at element   1
 A total of     1014 rays were lost
   Bracket/iter:       1014
  Input file /tmp/tp03a18c19_9c1d_43f8_99dc_ab03cf338695.in being loaded.
 Default used for  SegXgrid
 Default used for nECoord(   1)
 Default used for TElt(   1)
 Default used for nECoord(   2)
 Default used for TElt(   2)
 Default used for nECoord(   3)
 Default used for TElt(   3)
 Default used for nECoord(   4)
 Default used for TElt(   4)
 Default used for nECoord(   5)
 Default used for TElt(   5)
 Optical Train Summary:
  Tracing rays past   5 elements.
  Aperture grid type = Circular  with   41 grid points.
  Elt   1: Reflector   : Aspheric with Kc=-4.0114D+02, Kr= 1.6967D+01, nECoords =  -6
  Elt   2: Reference   : Flat     with Kc= 0.0000D+00, Kr=-1.0000D+22, nECoords =  -6
  Elt   3: Reflector   : Aspheric with Kc= 5.2949D+00, Kr=-2.0732D+00, nECoords =  -6
  Elt   4: Reflector   : Aspheric with Kc= 6.9068D-02, Kr=-1.8475D+00, nECoords =  -6
  Elt   5: FocalPlane  : Flat     with Kc= 0.0000D+00, Kr=-1.0000D+22, nECoords =  -6
  Number of output coordinates is   5
  Computed StopPos = -1.150766663399D-01 -2.378279110945D+00  5.799136000000D-01
 OPD: Rays being traced =         1185
 Compute time was    0.0039 sec
  All rays are obscured or lost.
 **Warning: Computing pupil diffraction grid spacing failed!
            Diffraction result is incorrect.
 RMS OPD error is   9.999900000D+36 m 
 P-V OPD error is   0.000000000D+00 m 
 Average OPD is     9.9999000000000000D+36 m 
 One or more rays become undefined at element   1
 A total of     1185 rays were lost
   Bracket/iter:       1185
 OPD: Rays being traced =         1185
 Compute time was    0.0000 sec
  All rays are obscured or lost.
 **Warning: Computing pupil diffraction grid spacing failed!
            Diffraction result is incorrect.
 RMS OPD error is   9.999900000D+36 m 
 P-V OPD error is   0.000000000D+00 m 
 Average OPD is     9.9999000000000000D+36 m 
 One or more rays become undefined at element   1
 A total of     1185 rays were lost
   Bracket/iter:       1185
  Input file /tmp/tp03a18c19_9c1d_43f8_99dc_ab03cf338695.in being loaded.
 Default used for  SegXgrid
 Default used for nECoord(   1)
 Default used for TElt(   1)
 Default used for nECoord(   2)
 Default used for TElt(   2)
 Default used for nECoord(   3)
 Default used for TElt(   3)
 Default used for nECoord(   4)
 Default used for TElt(   4)
 Default used for nECoord(   5)
 Default used for TElt(   5)
 Optical Train Summary:
  Tracing rays past   5 elements.
  Aperture grid type = Circular  with   41 grid points.
  Elt   1: Reflector   : Aspheric with Kc=-4.0114D+02, Kr= 1.6967D+01, nECoords =  -6
  Elt   2: Reference   : Flat     with Kc= 0.0000D+00, Kr=-1.0000D+22, nECoords =  -6
  Elt   3: Reflector   : Aspheric with Kc= 5.2949D+00, Kr=-2.0732D+00, nECoords =  -6
  Elt   4: Reflector   : Aspheric with Kc= 6.9068D-02, Kr=-1.8475D+00, nECoords =  -6
  Elt   5: FocalPlane  : Flat     with Kc= 0.0000D+00, Kr=-1.0000D+22, nECoords =  -6
  Number of output coordinates is   5
  Computed StopPos = -4.356937813423D-02 -9.860128427034D-01  1.898402039111D+00
 OPD: Rays being traced =         1185
 Compute time was    0.0000 sec
  All rays are obscured or lost.
 **Warning: Computing pupil diffraction grid spacing failed!
            Diffraction result is incorrect.
 RMS OPD error is   9.999900000D+36 m 
 P-V OPD error is   0.000000000D+00 m 
 Average OPD is     9.9999000000000000D+36 m 
 One or more rays become undefined at element   3
 A total of     1185 rays were lost
   Surface miss:       1185
 OPD: Rays being traced =         1185
 Compute time was    0.0000 sec
 OPD: nPassRays =    1184,    DAvgCumL =  24.06643125D-01 m 
 RMS OPD error is   3.649973824D-03 m 
 P-V OPD error is   1.535962582D-02 m 
 Average OPD is     2.3851056719211604D-03 m 
  Input file /tmp/tp03a18c19_9c1d_43f8_99dc_ab03cf338695.in being loaded.
 Default used for  SegXgrid
 Default used for nECoord(   1)
 Default used for TElt(   1)
 Default used for nECoord(   2)
 Default used for TElt(   2)
 Default used for nECoord(   3)
 Default used for TElt(   3)
 Default used for nECoord(   4)
 Default used for TElt(   4)
 Default used for nECoord(   5)
 Default used for TElt(   5)
 Optical Train Summary:
  Tracing rays past   5 elements.
  Aperture grid type = Circular  with   41 grid points.
  Elt   1: Reflector   : Aspheric with Kc=-4.0114D+02, Kr= 1.6967D+01, nECoords =  -6
  Elt   2: Reference   : Flat     with Kc= 0.0000D+00, Kr=-1.0000D+22, nECoords =  -6
  Elt   3: Reflector   : Aspheric with Kc= 5.2949D+00, Kr=-2.0732D+00, nECoords =  -6
  Elt   4: Reflector   : Aspheric with Kc= 6.9068D-02, Kr=-1.8475D+00, nECoords =  -6
  Elt   5: FocalPlane  : Flat     with Kc= 0.0000D+00, Kr=-1.0000D+22, nECoords =  -6
  Number of output coordinates is   5
  Computed StopPos = -4.431357976011D-02 -9.938633086788D-01  1.870637227881D+00
 OPD: Rays being traced =         1185
 Compute time was    0.0000 sec
  All rays are obscured or lost.
 **Warning: Computing pupil diffraction grid spacing failed!
            Diffraction result is incorrect.
 RMS OPD error is   9.999900000D+36 m 
 P-V OPD error is   0.000000000D+00 m 
 Average OPD is     9.9999000000000000D+36 m 
 One or more rays become undefined at element   3
 A total of     1185 rays were lost
   Surface miss:       1185
 OPD: Rays being traced =         1185
 Compute time was    0.0000 sec
 OPD: nPassRays =    1184,    DAvgCumL =  24.33031145D-01 m 
 RMS OPD error is   4.105690893D-03 m 
 P-V OPD error is   1.814308619D-02 m 
 Average OPD is     2.6357538938632415D-03 m 
  Input file /tmp/tp03a18c19_9c1d_43f8_99dc_ab03cf338695.in being loaded.
 Default used for  SegXgrid
 Default used for nECoord(   1)
 Default used for TElt(   1)
 Default used for nECoord(   2)
 Default used for TElt(   2)
 Default used for nECoord(   3)
 Default used for TElt(   3)
 Default used for nECoord(   4)
 Default used for TElt(   4)
 Default used for nECoord(   5)
 Default used for TElt(   5)
 Optical Train Summary:
  Tracing rays past   5 elements.
  Aperture grid type = Circular  with   41 grid points.
  Elt   1: Reflector   : Aspheric with Kc=-4.0114D+02, Kr= 1.6967D+01, nECoords =  -6
  Elt   2: Reference   : Flat     with Kc= 0.0000D+00, Kr=-1.0000D+22, nECoords =  -6
  Elt   3: Reflector   : Aspheric with Kc= 5.2949D+00, Kr=-2.0732D+00, nECoords =  -6
  Elt   4: Reflector   : Aspheric with Kc= 6.9068D-02, Kr=-1.8475D+00, nECoords =  -6
  Elt   5: FocalPlane  : Flat     with Kc= 0.0000D+00, Kr=-1.0000D+22, nECoords =  -6
  Number of output coordinates is   5
  Computed StopPos = -4.487153433240D-02 -1.001859189661D+00  1.844958570635D+00
 OPD: Rays being traced =         1185
 Compute time was    0.0000 sec
  All rays are obscured or lost.
 **Warning: Computing pupil diffraction grid spacing failed!
            Diffraction result is incorrect.
 RMS OPD error is   9.999900000D+36 m 
 P-V OPD error is   0.000000000D+00 m 
 Average OPD is     9.9999000000000000D+36 m 
 One or more rays become undefined at element   3
 A total of     1185 rays were lost
   Surface miss:       1185
 OPD: Rays being traced =         1185
 Compute time was    0.0000 sec
 OPD: nPassRays =    1184,    DAvgCumL =  24.61851754D-01 m 
 RMS OPD error is   4.779622248D-03 m 
 P-V OPD error is   2.122038197D-02 m 
 Average OPD is     2.9087182318161776D-03 m 
  Input file /tmp/tp03a18c19_9c1d_43f8_99dc_ab03cf338695.in being loaded.
 Default used for  SegXgrid
 Default used for nECoord(   1)
 Default used for TElt(   1)
 Default used for nECoord(   2)
 Default used for TElt(   2)
 Default used for nECoord(   3)
 Default used for TElt(   3)
 Default used for nECoord(   4)
 Default used for TElt(   4)
 Default used for nECoord(   5)
 Default used for TElt(   5)
 Optical Train Summary:
  Tracing rays past   5 elements.
  Aperture grid type = Circular  with   41 grid points.
  Elt   1: Reflector   : Aspheric with Kc=-4.0114D+02, Kr= 1.6967D+01, nECoords =  -6
  Elt   2: Reference   : Flat     with Kc= 0.0000D+00, Kr=-1.0000D+22, nECoords =  -6
  Elt   3: Reflector   : Aspheric with Kc= 5.2949D+00, Kr=-2.0732D+00, nECoords =  -6
  Elt   4: Reflector   : Aspheric with Kc= 6.9068D-02, Kr=-1.8475D+00, nECoords =  -6
  Elt   5: FocalPlane  : Flat     with Kc= 0.0000D+00, Kr=-1.0000D+22, nECoords =  -6
  Number of output coordinates is   5
  Computed StopPos = -4.526083772653D-02 -1.009949762884D+00  1.821197450667D+00
 OPD: Rays being traced =         1185
 Compute time was    0.0000 sec
  All rays are obscured or lost.
 **Warning: Computing pupil diffraction grid spacing failed!
            Diffraction result is incorrect.
 RMS OPD error is   9.999900000D+36 m 
 P-V OPD error is   0.000000000D+00 m 
 Average OPD is     9.9999000000000000D+36 m 
 One or more rays become undefined at element   3
 A total of     1185 rays were lost
   Surface miss:       1185
 OPD: Rays being traced =         1185
 Compute time was    0.0000 sec
 OPD: nPassRays =    1184,    DAvgCumL =  24.93189285D-01 m 
 RMS OPD error is   5.622780279D-03 m 
 P-V OPD error is   2.472195541D-02 m 
 Average OPD is     3.2050818615577555D-03 m 
  Input file /tmp/tp03a18c19_9c1d_43f8_99dc_ab03cf338695.in being loaded.
 Default used for  SegXgrid
 Default used for nECoord(   1)
 Default used for TElt(   1)
 Default used for nECoord(   2)
 Default used for TElt(   2)
 Default used for nECoord(   3)
 Default used for TElt(   3)
 Default used for nECoord(   4)
 Default used for TElt(   4)
 Default used for nECoord(   5)
 Default used for TElt(   5)
 Optical Train Summary:
  Tracing rays past   5 elements.
  Aperture grid type = Circular  with   41 grid points.
  Elt   1: Reflector   : Aspheric with Kc=-4.0114D+02, Kr= 1.6967D+01, nECoords =  -6
  Elt   2: Reference   : Flat     with Kc= 0.0000D+00, Kr=-1.0000D+22, nECoords =  -6
  Elt   3: Reflector   : Aspheric with Kc= 5.2949D+00, Kr=-2.0732D+00, nECoords =  -6
  Elt   4: Reflector   : Aspheric with Kc= 6.9068D-02, Kr=-1.8475D+00, nECoords =  -6
  Elt   5: FocalPlane  : Flat     with Kc= 0.0000D+00, Kr=-1.0000D+22, nECoords =  -6
  Number of output coordinates is   5
  Computed StopPos = -4.549795087959D-02 -1.018094855922D+00  1.799192119418D+00
 OPD: Rays being traced =         1185
 Compute time was    0.0000 sec
  All rays are obscured or lost.
 **Warning: Computing pupil diffraction grid spacing failed!
            Diffraction result is incorrect.
 RMS OPD error is   9.999900000D+36 m 
 P-V OPD error is   0.000000000D+00 m 
 Average OPD is     9.9999000000000000D+36 m 
 One or more rays become undefined at element   3
 A total of     1185 rays were lost
   Surface miss:       1185
 OPD: Rays being traced =         1185
 Compute time was    0.0039 sec
 OPD: nPassRays =    1184,    DAvgCumL =  25.27135351D-01 m 
 RMS OPD error is   6.596570043D-03 m 
 P-V OPD error is   2.846411043D-02 m 
 Average OPD is     3.5258693395488843D-03 m 
  Input file /tmp/tp03a18c19_9c1d_43f8_99dc_ab03cf338695.in being loaded.
 Default used for  SegXgrid
 Default used for nECoord(   1)
 Default used for TElt(   1)
 Default used for nECoord(   2)
 Default used for TElt(   2)
 Default used for nECoord(   3)
 Default used for TElt(   3)
 Default used for nECoord(   4)
 Default used for TElt(   4)
 Default used for nECoord(   5)
 Default used for TElt(   5)
 Optical Train Summary:
  Tracing rays past   5 elements.
  Aperture grid type = Circular  with   41 grid points.
  Elt   1: Reflector   : Aspheric with Kc=-4.0114D+02, Kr= 1.6967D+01, nECoords =  -6
  Elt   2: Reference   : Flat     with Kc= 0.0000D+00, Kr=-1.0000D+22, nECoords =  -6
  Elt   3: Reflector   : Aspheric with Kc= 5.2949D+00, Kr=-2.0732D+00, nECoords =  -6
  Elt   4: Reflector   : Aspheric with Kc= 6.9068D-02, Kr=-1.8475D+00, nECoords =  -6
  Elt   5: FocalPlane  : Flat     with Kc= 0.0000D+00, Kr=-1.0000D+22, nECoords =  -6
  Number of output coordinates is   5
  Computed StopPos = -4.559788975784D-02 -1.026262349123D+00  1.778792475122D+00
 OPD: Rays being traced =         1185
 Compute time was    0.0000 sec
  All rays are obscured or lost.
 **Warning: Computing pupil diffraction grid spacing failed!
            Diffraction result is incorrect.
 RMS OPD error is   9.999900000D+36 m 
 P-V OPD error is   0.000000000D+00 m 
 Average OPD is     9.9999000000000000D+36 m 
 One or more rays become undefined at element   3
 A total of     1185 rays were lost
   Surface miss:       1185
 OPD: Rays being traced =         1185
 Compute time was    0.0039 sec
 OPD: nPassRays =    1184,    DAvgCumL =  25.63789763D-01 m 
 RMS OPD error is   7.674867069D-03 m 
 P-V OPD error is   3.239322484D-02 m 
 Average OPD is     3.8720502134647183D-03 m 
  Input file /tmp/tp03a18c19_9c1d_43f8_99dc_ab03cf338695.in being loaded.
 Default used for  SegXgrid
 Default used for nECoord(   1)
 Default used for TElt(   1)
 Default used for nECoord(   2)
 Default used for TElt(   2)
 Default used for nECoord(   3)
 Default used for TElt(   3)
 Default used for nECoord(   4)
 Default used for TElt(   4)
 Default used for nECoord(   5)
 Default used for TElt(   5)
 Optical Train Summary:
  Tracing rays past   5 elements.
  Aperture grid type = Circular  with   41 grid points.
  Elt   1: Reflector   : Aspheric with Kc=-4.0114D+02, Kr= 1.6967D+01, nECoords =  -6
  Elt   2: Reference   : Flat     with Kc= 0.0000D+00, Kr=-1.0000D+22, nECoords =  -6
  Elt   3: Reflector   : Aspheric with Kc= 5.2949D+00, Kr=-2.0732D+00, nECoords =  -6
  Elt   4: Reflector   : Aspheric with Kc= 6.9068D-02, Kr=-1.8475D+00, nECoords =  -6
  Elt   5: FocalPlane  : Flat     with Kc= 0.0000D+00, Kr=-1.0000D+22, nECoords =  -6
  Number of output coordinates is   5
  Computed StopPos = -2.757867778811D-01 -1.678911141195D+00  1.571511277181D+00
 OPD: Rays being traced =         1185
 Compute time was    0.0039 sec
  All rays are obscured or lost.
 **Warning: Computing pupil diffraction grid spacing failed!
            Diffraction result is incorrect.
 RMS OPD error is   9.999900000D+36 m 
 P-V OPD error is   0.000000000D+00 m 
 Average OPD is     9.9999000000000000D+36 m 
 One or more rays become undefined at element   1
 One or more rays become undefined at element   3
 A total of     1185 rays were lost
   Surface miss:        587
   Bracket/iter:        598
 OPD: Rays being traced =         1185
 Compute time was    0.0000 sec
 OPD: nPassRays =     586,    DAvgCumL = -13.69642076D+00 m 
 RMS OPD error is   2.821109199D+02 m 
 P-V OPD error is   6.464828012D+03 m 
 Average OPD is    -3.7578459048717310D+00 m 
 One or more rays become undefined at element   1
 A total of      598 rays were lost
   Bracket/iter:        598
  Input file /tmp/tp03a18c19_9c1d_43f8_99dc_ab03cf338695.in being loaded.
 Default used for  SegXgrid
 Default used for nECoord(   1)
 Default used for TElt(   1)
 Default used for nECoord(   2)
 Default used for TElt(   2)
 Default used for nECoord(   3)
 Default used for TElt(   3)
 Default used for nECoord(   4)
 Default used for TElt(   4)
 Default used for nECoord(   5)
 Default used for TElt(   5)
 Optical Train Summary:
  Tracing rays past   5 elements.
  Aperture grid type = Circular  with   41 grid points.
  Elt   1: Reflector   : Aspheric with Kc=-4.0114D+02, Kr= 1.6967D+01, nECoords =  -6
  Elt   2: Reference   : Flat     with Kc= 0.0000D+00, Kr=-1.0000D+22, nECoords =  -6
  Elt   3: Reflector   : Aspheric with Kc= 5.2949D+00, Kr=-2.0732D+00, nECoords =  -6
  Elt   4: Reflector   : Aspheric with Kc= 6.9068D-02, Kr=-1.8475D+00, nECoords =  -6
  Elt   5: FocalPlane  : Flat     with Kc= 0.0000D+00, Kr=-1.0000D+22, nECoords =  -6
  Number of output coordinates is   5
  Computed StopPos = -1.933300524910D-01 -1.692449243854D+00  1.575305287182D+00
 OPD: Rays being traced =         1185
 Compute time was    0.0000 sec
  All rays are obscured or lost.
 **Warning: Computing pupil diffraction grid spacing failed!
            Diffraction result is incorrect.
 RMS OPD error is   9.999900000D+36 m 
 P-V OPD error is   0.000000000D+00 m 
 Average OPD is     9.9999000000000000D+36 m 
 One or more rays become undefined at element   1
 One or more rays become undefined at element   3
 A total of     1185 rays were lost
   Surface miss:        589
   Bracket/iter:        596
 OPD: Rays being traced =         1185
 Compute time was    0.0000 sec
 OPD: nPassRays =     588,    DAvgCumL = -18.85207265D+00 m 
 RMS OPD error is   3.246466490D+02 m 
 P-V OPD error is   8.546478894D+03 m 
 Average OPD is    -7.5082669120017265D+00 m 
 One or more rays become undefined at element   1
 A total of      596 rays were lost
   Bracket/iter:        596
  Input file /tmp/tp03a18c19_9c1d_43f8_99dc_ab03cf338695.in being loaded.
 Default used for  SegXgrid
 Default used for nECoord(   1)
 Default used for TElt(   1)
 Default used for nECoord(   2)
 Default used for TElt(   2)
 Default used for nECoord(   3)
 Default used for TElt(   3)
 Default used for nECoord(   4)
 Default used for TElt(   4)
 Default used for nECoord(   5)
 Default used for TElt(   5)
 Optical Train Summary:
  Tracing rays past   5 elements.
  Aperture grid type = Circular  with   41 grid points.
  Elt   1: Reflector   : Aspheric with Kc=-4.0114D+02, Kr= 1.6967D+01, nECoords =  -6
  Elt   2: Reference   : Flat     with Kc= 0.0000D+00, Kr=-1.0000D+22, nECoords =  -6
  Elt   3: Reflector   : Aspheric with Kc= 5.2949D+00, Kr=-2.0732D+00, nECoords =  -6
  Elt   4: Reflector   : Aspheric with Kc= 6.9068D-02, Kr=-1.8475D+00, nECoords =  -6
  Elt   5: FocalPlane  : Flat     with Kc= 0.0000D+00, Kr=-1.0000D+22, nECoords =  -6
  Number of output coordinates is   5
  Computed StopPos = -1.728127041546D-01 -2.229349805937D+00  5.799136000000D-01
 OPD: Rays being traced =         1185
 Compute time was    0.0000 sec
  All rays are obscured or lost.
 **Warning: Computing pupil diffraction grid spacing failed!
            Diffraction result is incorrect.
 RMS OPD error is   9.999900000D+36 m 
 P-V OPD error is   0.000000000D+00 m 
 Average OPD is     9.9999000000000000D+36 m 
 One or more rays become undefined at element   1
 One or more rays become undefined at element   3
 A total of     1185 rays were lost
   Surface miss:        443
   Bracket/iter:        742
 OPD: Rays being traced =         1185
 Compute time was    0.0000 sec
 OPD: nPassRays =     443,    DAvgCumL = -26.92167090D+00 m 
 RMS OPD error is   6.845633338D+02 m 
 P-V OPD error is   1.848224972D+04 m 
 Average OPD is    -2.6921670901101958D+01 m 
 One or more rays become undefined at element   1
 A total of      742 rays were lost
   Bracket/iter:        742
  Input file /tmp/tp03a18c19_9c1d_43f8_99dc_ab03cf338695.in being loaded.
 Default used for  SegXgrid
 Default used for nECoord(   1)
 Default used for TElt(   1)
 Default used for nECoord(   2)
 Default used for TElt(   2)
 Default used for nECoord(   3)
 Default used for TElt(   3)
 Default used for nECoord(   4)
 Default used for TElt(   4)
 Default used for nECoord(   5)
 Default used for TElt(   5)
 Optical Train Summary:
  Tracing rays past   5 elements.
  Aperture grid type = Circular  with   41 grid points.
  Elt   1: Reflector   : Aspheric with Kc=-4.0114D+02, Kr= 1.6967D+01, nECoords =  -6
  Elt   2: Reference   : Flat     with Kc= 0.0000D+00, Kr=-1.0000D+22, nECoords =  -6
  Elt   3: Reflector   : Aspheric with Kc= 5.2949D+00, Kr=-2.0732D+00, nECoords =  -6
  Elt   4: Reflector   : Aspheric with Kc= 6.9068D-02, Kr=-1.8475D+00, nECoords =  -6
  Elt   5: FocalPlane  : Flat     with Kc= 0.0000D+00, Kr=-1.0000D+22, nECoords =  -6
  Number of output coordinates is   5
  Computed StopPos = -1.728127041546D-01 -2.302755735250D+00  5.799136000000D-01
 OPD: Rays being traced =         1185
 Compute time was    0.0000 sec
  All rays are obscured or lost.
 **Warning: Computing pupil diffraction grid spacing failed!
            Diffraction result is incorrect.
 RMS OPD error is   9.999900000D+36 m 
 P-V OPD error is   0.000000000D+00 m 
 Average OPD is     9.9999000000000000D+36 m 
 One or more rays become undefined at element   1
 One or more rays become undefined at element   3
 A total of     1185 rays were lost
   Surface miss:        161
   Bracket/iter:       1024
 OPD: Rays being traced =         1185
 Compute time was    0.0000 sec
 OPD: nPassRays =     161,    DAvgCumL = -21.25733073D+00 m 
 RMS OPD error is   5.092797130D+00 m 
 P-V OPD error is   1.899464644D+01 m 
 Average OPD is    -2.1257330725737635D+01 m 
 One or more rays become undefined at element   1
 A total of     1024 rays were lost
   Bracket/iter:       1024
  Input file /tmp/tp03a18c19_9c1d_43f8_99dc_ab03cf338695.in being loaded.
 Default used for  SegXgrid
 Default used for nECoord(   1)
 Default used for TElt(   1)
 Default used for nECoord(   2)
 Default used for TElt(   2)
 Default used for nECoord(   3)
 Default used for TElt(   3)
 Default used for nECoord(   4)
 Default used for TElt(   4)
 Default used for nECoord(   5)
 Default used for TElt(   5)
 Optical Train Summary:
  Tracing rays past   5 elements.
  Aperture grid type = Circular  with   41 grid points.
  Elt   1: Reflector   : Aspheric with Kc=-4.0114D+02, Kr= 1.6967D+01, nECoords =  -6
  Elt   2: Reference   : Flat     with Kc= 0.0000D+00, Kr=-1.0000D+22, nECoords =  -6
  Elt   3: Reflector   : Aspheric with Kc= 5.2949D+00, Kr=-2.0732D+00, nECoords =  -6
  Elt   4: Reflector   : Aspheric with Kc= 6.9068D-02, Kr=-1.8475D+00, nECoords =  -6
  Elt   5: FocalPlane  : Flat     with Kc= 0.0000D+00, Kr=-1.0000D+22, nECoords =  -6
  Number of output coordinates is   5
  Computed StopPos = -1.728127041546D-01 -2.378279110945D+00  5.799136000000D-01
 OPD: Rays being traced =         1185
 Compute time was    0.0000 sec
  All rays are obscured or lost.
 **Warning: Computing pupil diffraction grid spacing failed!
            Diffraction result is incorrect.
 RMS OPD error is   9.999900000D+36 m 
 P-V OPD error is   0.000000000D+00 m 
 Average OPD is     9.9999000000000000D+36 m 
 One or more rays become undefined at element   1
 A total of     1185 rays were lost
   Bracket/iter:       1185
 OPD: Rays being traced =         1185
 Compute time was    0.0000 sec
  All rays are obscured or lost.
 **Warning: Computing pupil diffraction grid spacing failed!
            Diffraction result is incorrect.
 RMS OPD error is   9.999900000D+36 m 
 P-V OPD error is   0.000000000D+00 m 
 Average OPD is     9.9999000000000000D+36 m 
 One or more rays become undefined at element   1
 A total of     1185 rays were lost
   Bracket/iter:       1185
  Input file /tmp/tp03a18c19_9c1d_43f8_99dc_ab03cf338695.in being loaded.
 Default used for  SegXgrid
 Default used for nECoord(   1)
 Default used for TElt(   1)
 Default used for nECoord(   2)
 Default used for TElt(   2)
 Default used for nECoord(   3)
 Default used for TElt(   3)
 Default used for nECoord(   4)
 Default used for TElt(   4)
 Default used for nECoord(   5)
 Default used for TElt(   5)
 Optical Train Summary:
  Tracing rays past   5 elements.
  Aperture grid type = Circular  with   41 grid points.
  Elt   1: Reflector   : Aspheric with Kc=-4.0114D+02, Kr= 1.6967D+01, nECoords =  -6
  Elt   2: Reference   : Flat     with Kc= 0.0000D+00, Kr=-1.0000D+22, nECoords =  -6
  Elt   3: Reflector   : Aspheric with Kc= 5.2949D+00, Kr=-2.0732D+00, nECoords =  -6
  Elt   4: Reflector   : Aspheric with Kc= 6.9068D-02, Kr=-1.8475D+00, nECoords =  -6
  Elt   5: FocalPlane  : Flat     with Kc= 0.0000D+00, Kr=-1.0000D+22, nECoords =  -6
  Number of output coordinates is   5
  Computed StopPos = -5.801081706039D-02 -9.847532282008D-01  1.898199036628D+00
 OPD: Rays being traced =         1185
 Compute time was    0.0000 sec
  All rays are obscured or lost.
 **Warning: Computing pupil diffraction grid spacing failed!
            Diffraction result is incorrect.
 RMS OPD error is   9.999900000D+36 m 
 P-V OPD error is   0.000000000D+00 m 
 Average OPD is     9.9999000000000000D+36 m 
 One or more rays become undefined at element   3
 A total of     1185 rays were lost
   Surface miss:       1185
 OPD: Rays being traced =         1185
 Compute time was    0.0000 sec
 OPD: nPassRays =    1184,    DAvgCumL =  24.12323550D-01 m 
 RMS OPD error is   4.470027807D-03 m 
 P-V OPD error is   1.835598258D-02 m 
 Average OPD is     2.3963922527237254D-03 m 
  Input file /tmp/tp03a18c19_9c1d_43f8_99dc_ab03cf338695.in being loaded.
 Default used for  SegXgrid
 Default used for nECoord(   1)
 Default used for TElt(   1)
 Default used for nECoord(   2)
 Default used for TElt(   2)
 Default used for nECoord(   3)
 Default used for TElt(   3)
 Default used for nECoord(   4)
 Default used for TElt(   4)
 Default used for nECoord(   5)
 Default used for TElt(   5)
 Optical Train Summary:
  Tracing rays past   5 elements.
  Aperture grid type = Circular  with   41 grid points.
  Elt   1: Reflector   : Aspheric with Kc=-4.0114D+02, Kr= 1.6967D+01, nECoords =  -6
  Elt   2: Reference   : Flat     with Kc= 0.0000D+00, Kr=-1.0000D+22, nECoords =  -6
  Elt   3: Reflector   : Aspheric with Kc= 5.2949D+00, Kr=-2.0732D+00, nECoords =  -6
  Elt   4: Reflector   : Aspheric with Kc= 6.9068D-02, Kr=-1.8475D+00, nECoords =  -6
  Elt   5: FocalPlane  : Flat     with Kc= 0.0000D+00, Kr=-1.0000D+22, nECoords =  -6
  Number of output coordinates is   5
  Computed StopPos = -5.899452069987D-02 -9.925799503804D-01  1.870586484153D+00
 OPD: Rays being traced =         1185
 Compute time was    0.0000 sec
  All rays are obscured or lost.
 **Warning: Computing pupil diffraction grid spacing failed!
            Diffraction result is incorrect.
 RMS OPD error is   9.999900000D+36 m 
 P-V OPD error is   0.000000000D+00 m 
 Average OPD is     9.9999000000000000D+36 m 
 One or more rays become undefined at element   3
 A total of     1185 rays were lost
   Surface miss:       1185
 OPD: Rays being traced =         1185
 Compute time was    0.0000 sec
 OPD: nPassRays =    1184,    DAvgCumL =  24.38679152D-01 m 
 RMS OPD error is   4.878202042D-03 m 
 P-V OPD error is   2.112363769D-02 m 
 Average OPD is     2.6481474562002976D-03 m 
  Input file /tmp/tp03a18c19_9c1d_43f8_99dc_ab03cf338695.in being loaded.
 Default used for  SegXgrid
 Default used for nECoord(   1)
 Default used for TElt(   1)
 Default used for nECoord(   2)
 Default used for TElt(   2)
 Default used for nECoord(   3)
 Default used for TElt(   3)
 Default used for nECoord(   4)
 Default used for TElt(   4)
 Default used for nECoord(   5)
 Default used for TElt(   5)
 Optical Train Summary:
  Tracing rays past   5 elements.
  Aperture grid type = Circular  with   41 grid points.
  Elt   1: Reflector   : Aspheric with Kc=-4.0114D+02, Kr= 1.6967D+01, nECoords =  -6
  Elt   2: Reference   : Flat     with Kc= 0.0000D+00, Kr=-1.0000D+22, nECoords =  -6
  Elt   3: Reflector   : Aspheric with Kc= 5.2949D+00, Kr=-2.0732D+00, nECoords =  -6
  Elt   4: Reflector   : Aspheric with Kc= 6.9068D-02, Kr=-1.8475D+00, nECoords =  -6
  Elt   5: FocalPlane  : Flat     with Kc= 0.0000D+00, Kr=-1.0000D+22, nECoords =  -6
  Number of output coordinates is   5
  Computed StopPos = -5.973373254507D-02 -1.000559972440D+00  1.845025931427D+00
 OPD: Rays being traced =         1185
 Compute time was    0.0000 sec
  All rays are obscured or lost.
 **Warning: Computing pupil diffraction grid spacing failed!
            Diffraction result is incorrect.
 RMS OPD error is   9.999900000D+36 m 
 P-V OPD error is   0.000000000D+00 m 
 Average OPD is     9.9999000000000000D+36 m 
 One or more rays become undefined at element   3
 A total of     1185 rays were lost
   Surface miss:       1185
 OPD: Rays being traced =         1185
 Compute time was    0.0000 sec
 OPD: nPassRays =    1184,    DAvgCumL =  24.67461399D-01 m 
 RMS OPD error is   5.485830869D-03 m 
 P-V OPD error is   2.421955300D-02 m 
 Average OPD is     2.9222332540477540D-03 m 
  Input file /tmp/tp03a18c19_9c1d_43f8_99dc_ab03cf338695.in being loaded.
 Default used for  SegXgrid
 Default used for nECoord(   1)
 Default used for TElt(   1)
 Default used for nECoord(   2)
 Default used for TElt(   2)
 Default used for nECoord(   3)
 Default used for TElt(   3)
 Default used for nECoord(   4)
 Default used for TElt(   4)
 Default used for nECoord(   5)
 Default used for TElt(   5)
 Optical Train Summary:
  Tracing rays past   5 elements.
  Aperture grid type = Circular  with   41 grid points.
  Elt   1: Reflector   : Aspheric with Kc=-4.0114D+02, Kr= 1.6967D+01, nECoords =  -6
  Elt   2: Reference   : Flat     with Kc= 0.0000D+00, Kr=-1.0000D+22, nECoords =  -6
  Elt   3: Reflector   : Aspheric with Kc= 5.2949D+00, Kr=-2.0732D+00, nECoords =  -6
  Elt   4: Reflector   : Aspheric with Kc= 6.9068D-02, Kr=-1.8475D+00, nECoords =  -6
  Elt   5: FocalPlane  : Flat     with Kc= 0.0000D+00, Kr=-1.0000D+22, nECoords =  -6
  Number of output coordinates is   5
  Computed StopPos = -6.025135860759D-02 -1.008642926300D+00  1.821352984673D+00
 OPD: Rays being traced =         1185
 Compute time was    0.0039 sec
  All rays are obscured or lost.
 **Warning: Computing pupil diffraction grid spacing failed!
            Diffraction result is incorrect.
 RMS OPD error is   9.999900000D+36 m 
 P-V OPD error is   0.000000000D+00 m 
 Average OPD is     9.9999000000000000D+36 m 
 One or more rays become undefined at element   3
 A total of     1185 rays were lost
   Surface miss:       1185
 OPD: Rays being traced =         1185
 Compute time was    0.0000 sec
 OPD: nPassRays =    1184,    DAvgCumL =  24.98754561D-01 m 
 RMS OPD error is   6.260790837D-03 m 
 P-V OPD error is   2.756491946D-02 m 
 Average OPD is     3.2197149144903548D-03 m 
  Input file /tmp/tp03a18c19_9c1d_43f8_99dc_ab03cf338695.in being loaded.
 Default used for  SegXgrid
 Default used for nECoord(   1)
 Default used for TElt(   1)
 Default used for nECoord(   2)
 Default used for TElt(   2)
 Default used for nECoord(   3)
 Default used for TElt(   3)
 Default used for nECoord(   4)
 Default used for TElt(   4)
 Default used for nECoord(   5)
 Default used for TElt(   5)
 Optical Train Summary:
  Tracing rays past   5 elements.
  Aperture grid type = Circular  with   41 grid points.
  Elt   1: Reflector   : Aspheric with Kc=-4.0114D+02, Kr= 1.6967D+01, nECoords =  -6
  Elt   2: Reference   : Flat     with Kc= 0.0000D+00, Kr=-1.0000D+22, nECoords =  -6
  Elt   3: Reflector   : Aspheric with Kc= 5.2949D+00, Kr=-2.0732D+00, nECoords =  -6
  Elt   4: Reflector   : Aspheric with Kc= 6.9068D-02, Kr=-1.8475D+00, nECoords =  -6
  Elt   5: FocalPlane  : Flat     with Kc= 0.0000D+00, Kr=-1.0000D+22, nECoords =  -6
  Number of output coordinates is   5
  Computed StopPos = -6.056876812262D-02 -1.016788539695D+00  1.799410504389D+00
 OPD: Rays being traced =         1185
 Compute time was    0.0000 sec
  All rays are obscured or lost.
 **Warning: Computing pupil diffraction grid spacing failed!
            Diffraction result is incorrect.
 RMS OPD error is   9.999900000D+36 m 
 P-V OPD error is   0.000000000D+00 m 
 Average OPD is     9.9999000000000000D+36 m 
 One or more rays become undefined at element   3
 A total of     1185 rays were lost
   Surface miss:       1185
 OPD: Rays being traced =         1185
 Compute time was    0.0000 sec
 OPD: nPassRays =    1184,    DAvgCumL =  25.32650237D-01 m 
 RMS OPD error is   7.172623386D-03 m 
 P-V OPD error is   3.117027716D-02 m 
 Average OPD is     3.5416004840184002D-03 m 
  Input file /tmp/tp03a18c19_9c1d_43f8_99dc_ab03cf338695.in being loaded.
 Default used for  SegXgrid
 Default used for nECoord(   1)
 Default used for TElt(   1)
 Default used for nECoord(   2)
 Default used for TElt(   2)
 Default used for nECoord(   3)
 Default used for TElt(   3)
 Default used for nECoord(   4)
 Default used for TElt(   4)
 Default used for nECoord(   5)
 Default used for TElt(   5)
 Optical Train Summary:
  Tracing rays past   5 elements.
  Aperture grid type = Circular  with   41 grid points.
  Elt   1: Reflector   : Aspheric with Kc=-4.0114D+02, Kr= 1.6967D+01, nECoords =  -6
  Elt   2: Reference   : Flat     with Kc= 0.0000D+00, Kr=-1.0000D+22, nECoords =  -6
  Elt   3: Reflector   : Aspheric with Kc= 5.2949D+00, Kr=-2.0732D+00, nECoords =  -6
  Elt   4: Reflector   : Aspheric with Kc= 6.9068D-02, Kr=-1.8475D+00, nECoords =  -6
  Elt   5: FocalPlane  : Flat     with Kc= 0.0000D+00, Kr=-1.0000D+22, nECoords =  -6
  Number of output coordinates is   5
  Computed StopPos = -6.070536375021D-02 -1.024964006631D+00  1.779053517552D+00
 OPD: Rays being traced =         1185
 Compute time was    0.0000 sec
  All rays are obscured or lost.
 **Warning: Computing pupil diffraction grid spacing failed!
            Diffraction result is incorrect.
 RMS OPD error is   9.999900000D+36 m 
 P-V OPD error is   0.000000000D+00 m 
 Average OPD is     9.9999000000000000D+36 m 
 One or more rays become undefined at element   3
 A total of     1185 rays were lost
   Surface miss:       1185
 OPD: Rays being traced =         1185
 Compute time was    0.0000 sec
 OPD: nPassRays =    1184,    DAvgCumL =  25.69248267D-01 m 
 RMS OPD error is   8.197423145D-03 m 
 P-V OPD error is   3.511250501D-02 m 
 Average OPD is     3.8888445143911913D-03 m 
  Input file /tmp/tp03a18c19_9c1d_43f8_99dc_ab03cf338695.in being loaded.
 Default used for  SegXgrid
 Default used for nECoord(   1)
 Default used for TElt(   1)
 Default used for nECoord(   2)
 Default used for TElt(   2)
 Default used for nECoord(   3)
 Default used for TElt(   3)
 Default used for nECoord(   4)
 Default used for TElt(   4)
 Default used for nECoord(   5)
 Default used for TElt(   5)
 Optical Train Summary:
  Tracing rays past   5 elements.
  Aperture grid type = Circular  with   41 grid points.
  Elt   1: Reflector   : Aspheric with Kc=-4.0114D+02, Kr= 1.6967D+01, nECoords =  -6
  Elt   2: Reference   : Flat     with Kc= 0.0000D+00, Kr=-1.0000D+22, nECoords =  -6
  Elt   3: Reflector   : Aspheric with Kc= 5.2949D+00, Kr=-2.0732D+00, nECoords =  -6
  Elt   4: Reflector   : Aspheric with Kc= 6.9068D-02, Kr=-1.8475D+00, nECoords =  -6
  Elt   5: FocalPlane  : Flat     with Kc= 0.0000D+00, Kr=-1.0000D+22, nECoords =  -6
  Number of output coordinates is   5
  Computed StopPos = -2.640608790587D+02 -1.119659575755D+03 -2.509485877056D+03
 OPD: Rays being traced =         1185
 Compute time was    0.0039 sec
  All rays are obscured or lost.
 **Warning: Computing pupil diffraction grid spacing failed!
            Diffraction result is incorrect.
 RMS OPD error is   9.999900000D+36 m 
 P-V OPD error is   0.000000000D+00 m 
 Average OPD is     9.9999000000000000D+36 m 
 One or more rays become undefined at element   1
 One or more rays become undefined at element   3
 A total of     1185 rays were lost
   Surface miss:        875
   Bracket/iter:        310
 OPD: Rays being traced =         1185
 Compute time was    0.0000 sec
 OPD: nPassRays =     874,    DAvgCumL = -40.21549554D-01 m 
 RMS OPD error is   4.568600118D+02 m 
 P-V OPD error is   1.616728549D+04 m 
 Average OPD is     1.3872422885533791D+01 m 
 One or more rays become undefined at element   1
 A total of      310 rays were lost
   Bracket/iter:        310
  Input file /tmp/tp03a18c19_9c1d_43f8_99dc_ab03cf338695.in being loaded.
 Default used for  SegXgrid
 Default used for nECoord(   1)
 Default used for TElt(   1)
 Default used for nECoord(   2)
 Default used for TElt(   2)
 Default used for nECoord(   3)
 Default used for TElt(   3)
 Default used for nECoord(   4)
 Default used for TElt(   4)
 Default used for nECoord(   5)
 Default used for TElt(   5)
 Optical Train Summary:
  Tracing rays past   5 elements.
  Aperture grid type = Circular  with   41 grid points.
  Elt   1: Reflector   : Aspheric with Kc=-4.0114D+02, Kr= 1.6967D+01, nECoords =  -6
  Elt   2: Reference   : Flat     with Kc= 0.0000D+00, Kr=-1.0000D+22, nECoords =  -6
  Elt   3: Reflector   : Aspheric with Kc= 5.2949D+00, Kr=-2.0732D+00, nECoords =  -6
  Elt   4: Reflector   : Aspheric with Kc= 6.9068D-02, Kr=-1.8475D+00, nECoords =  -6
  Elt   5: FocalPlane  : Flat     with Kc= 0.0000D+00, Kr=-1.0000D+22, nECoords =  -6
  Number of output coordinates is   5
  Computed StopPos = -2.050787248656D-01 -1.691103465297D+00  1.575374940621D+00
 OPD: Rays being traced =         1185
 Compute time was    0.0000 sec
  All rays are obscured or lost.
 **Warning: Computing pupil diffraction grid spacing failed!
            Diffraction result is incorrect.
 RMS OPD error is   9.999900000D+36 m 
 P-V OPD error is   0.000000000D+00 m 
 Average OPD is     9.9999000000000000D+36 m 
 One or more rays become undefined at element   1
 One or more rays become undefined at element   3
 A total of     1185 rays were lost
   Surface miss:        591
   Bracket/iter:        594
 OPD: Rays being traced =         1185
 Compute time was    0.0000 sec
 OPD: nPassRays =     590,    DAvgCumL =  77.93016584D-01 m 
 RMS OPD error is   7.847510083D+02 m 
 P-V OPD error is   2.073250170D+04 m 
 Average OPD is     1.9379783415235305D+01 m 
 One or more rays become undefined at element   1
 A total of      594 rays were lost
   Bracket/iter:        594
  Input file /tmp/tp03a18c19_9c1d_43f8_99dc_ab03cf338695.in being loaded.
 Default used for  SegXgrid
 Default used for nECoord(   1)
 Default used for TElt(   1)
 Default used for nECoord(   2)
 Default used for TElt(   2)
 Default used for nECoord(   3)
 Default used for TElt(   3)
 Default used for nECoord(   4)
 Default used for TElt(   4)
 Default used for nECoord(   5)
 Default used for TElt(   5)
 Optical Train Summary:
  Tracing rays past   5 elements.
  Aperture grid type = Circular  with   41 grid points.
  Elt   1: Reflector   : Aspheric with Kc=-4.0114D+02, Kr= 1.6967D+01, nECoords =  -6
  Elt   2: Reference   : Flat     with Kc= 0.0000D+00, Kr=-1.0000D+22, nECoords =  -6
  Elt   3: Reflector   : Aspheric with Kc= 5.2949D+00, Kr=-2.0732D+00, nECoords =  -6
  Elt   4: Reflector   : Aspheric with Kc= 6.9068D-02, Kr=-1.8475D+00, nECoords =  -6
  Elt   5: FocalPlane  : Flat     with Kc= 0.0000D+00, Kr=-1.0000D+22, nECoords =  -6
  Number of output coordinates is   5
  Computed StopPos = -2.307872071293D-01 -2.229349805937D+00  5.799136000000D-01
 OPD: Rays being traced =         1185
 Compute time was    0.0000 sec
  All rays are obscured or lost.
 **Warning: Computing pupil diffraction grid spacing failed!
            Diffraction result is incorrect.
 RMS OPD error is   9.999900000D+36 m 
 P-V OPD error is   0.000000000D+00 m 
 Average OPD is     9.9999000000000000D+36 m 
 One or more rays become undefined at element   1
 One or more rays become undefined at element   3
 A total of     1185 rays were lost
   Surface miss:        427
   Bracket/iter:        758
 OPD: Rays being traced =         1185
 Compute time was    0.0000 sec
 OPD: nPassRays =     427,    DAvgCumL = -27.78094591D+00 m 
 RMS OPD error is   6.900506557D+02 m 
 P-V OPD error is   1.836057314D+04 m 
 Average OPD is    -2.7780945913962256D+01 m 
 One or more rays become undefined at element   1
 A total of      758 rays were lost
   Bracket/iter:        758
  Input file /tmp/tp03a18c19_9c1d_43f8_99dc_ab03cf338695.in being loaded.
 Default used for  SegXgrid
 Default used for nECoord(   1)
 Default used for TElt(   1)
 Default used for nECoord(   2)
 Default used for TElt(   2)
 Default used for nECoord(   3)
 Default used for TElt(   3)
 Default used for nECoord(   4)
 Default used for TElt(   4)
 Default used for nECoord(   5)
 Default used for TElt(   5)
 Optical Train Summary:
  Tracing rays past   5 elements.
  Aperture grid type = Circular  with   41 grid points.
  Elt   1: Reflector   : Aspheric with Kc=-4.0114D+02, Kr= 1.6967D+01, nECoords =  -6
  Elt   2: Reference   : Flat     with Kc= 0.0000D+00, Kr=-1.0000D+22, nECoords =  -6
  Elt   3: Reflector   : Aspheric with Kc= 5.2949D+00, Kr=-2.0732D+00, nECoords =  -6
  Elt   4: Reflector   : Aspheric with Kc= 6.9068D-02, Kr=-1.8475D+00, nECoords =  -6
  Elt   5: FocalPlane  : Flat     with Kc= 0.0000D+00, Kr=-1.0000D+22, nECoords =  -6
  Number of output coordinates is   5
  Computed StopPos = -2.307872071293D-01 -2.302755735250D+00  5.799136000000D-01
 OPD: Rays being traced =         1185
 Compute time was    0.0000 sec
  All rays are obscured or lost.
 **Warning: Computing pupil diffraction grid spacing failed!
            Diffraction result is incorrect.
 RMS OPD error is   9.999900000D+36 m 
 P-V OPD error is   0.000000000D+00 m 
 Average OPD is     9.9999000000000000D+36 m 
 One or more rays become undefined at element   1
 One or more rays become undefined at element   3
 A total of     1185 rays were lost
   Surface miss:        150
   Bracket/iter:       1035
 OPD: Rays being traced =         1185
 Compute time was    0.0000 sec
 OPD: nPassRays =     150,    DAvgCumL = -21.22610973D+00 m 
 RMS OPD error is   4.770607720D+00 m 
 P-V OPD error is   1.813114571D+01 m 
 Average OPD is    -2.1226109727445355D+01 m 
 One or more rays become undefined at element   1
 A total of     1035 rays were lost
   Bracket/iter:       1035
  Input file /tmp/tp03a18c19_9c1d_43f8_99dc_ab03cf338695.in being loaded.
 Default used for  SegXgrid
 Default used for nECoord(   1)
 Default used for TElt(   1)
 Default used for nECoord(   2)
 Default used for TElt(   2)
 Default used for nECoord(   3)
 Default used for TElt(   3)
 Default used for nECoord(   4)
 Default used for TElt(   4)
 Default used for nECoord(   5)
 Default used for TElt(   5)
 Optical Train Summary:
  Tracing rays past   5 elements.
  Aperture grid type = Circular  with   41 grid points.
  Elt   1: Reflector   : Aspheric with Kc=-4.0114D+02, Kr= 1.6967D+01, nECoords =  -6
  Elt   2: Reference   : Flat     with Kc= 0.0000D+00, Kr=-1.0000D+22, nECoords =  -6
  Elt   3: Reflector   : Aspheric with Kc= 5.2949D+00, Kr=-2.0732D+00, nECoords =  -6
  Elt   4: Reflector   : Aspheric with Kc= 6.9068D-02, Kr=-1.8475D+00, nECoords =  -6
  Elt   5: FocalPlane  : Flat     with Kc= 0.0000D+00, Kr=-1.0000D+22, nECoords =  -6
  Number of output coordinates is   5
  Computed StopPos = -2.307872071293D-01 -2.378279110945D+00  5.799136000000D-01
 OPD: Rays being traced =         1185
 Compute time was    0.0000 sec
  All rays are obscured or lost.
 **Warning: Computing pupil diffraction grid spacing failed!
            Diffraction result is incorrect.
 RMS OPD error is   9.999900000D+36 m 
 P-V OPD error is   0.000000000D+00 m 
 Average OPD is     9.9999000000000000D+36 m 
 One or more rays become undefined at element   1
 A total of     1185 rays were lost
   Bracket/iter:       1185
 OPD: Rays being traced =         1185
 Compute time was    0.0000 sec
  All rays are obscured or lost.
 **Warning: Computing pupil diffraction grid spacing failed!
            Diffraction result is incorrect.
 RMS OPD error is   9.999900000D+36 m 
 P-V OPD error is   0.000000000D+00 m 
 Average OPD is     9.9999000000000000D+36 m 
 One or more rays become undefined at element   1
 A total of     1185 rays were lost
   Bracket/iter:       1185
  Input file /tmp/tp03a18c19_9c1d_43f8_99dc_ab03cf338695.in being loaded.
 Default used for  SegXgrid
 Default used for nECoord(   1)
 Default used for TElt(   1)
 Default used for nECoord(   2)
 Default used for TElt(   2)
 Default used for nECoord(   3)
 Default used for TElt(   3)
 Default used for nECoord(   4)
 Default used for TElt(   4)
 Default used for nECoord(   5)
 Default used for TElt(   5)
 Optical Train Summary:
  Tracing rays past   5 elements.
  Aperture grid type = Circular  with   41 grid points.
  Elt   1: Reflector   : Aspheric with Kc=-4.0114D+02, Kr= 1.6967D+01, nECoords =  -6
  Elt   2: Reference   : Flat     with Kc= 0.0000D+00, Kr=-1.0000D+22, nECoords =  -6
  Elt   3: Reflector   : Aspheric with Kc= 5.2949D+00, Kr=-2.0732D+00, nECoords =  -6
  Elt   4: Reflector   : Aspheric with Kc= 6.9068D-02, Kr=-1.8475D+00, nECoords =  -6
  Elt   5: FocalPlane  : Flat     with Kc= 0.0000D+00, Kr=-1.0000D+22, nECoords =  -6
  Number of output coordinates is   5
  Computed StopPos = -7.237830605778D-02 -9.831269057373D-01  1.897956991697D+00
 OPD: Rays being traced =         1185
 Compute time was    0.0000 sec
  All rays are obscured or lost.
 **Warning: Computing pupil diffraction grid spacing failed!
            Diffraction result is incorrect.
 RMS OPD error is   9.999900000D+36 m 
 P-V OPD error is   0.000000000D+00 m 
 Average OPD is     9.9999000000000000D+36 m 
 One or more rays become undefined at element   3
 A total of     1185 rays were lost
   Surface miss:       1185
 OPD: Rays being traced =         1185
 Compute time was    0.0000 sec
 OPD: nPassRays =    1184,    DAvgCumL =  24.19663665D-01 m 
 RMS OPD error is   5.362209342D-03 m 
 P-V OPD error is   2.171700017D-02 m 
 Average OPD is     2.4110949875700716D-03 m 
  Input file /tmp/tp03a18c19_9c1d_43f8_99dc_ab03cf338695.in being loaded.
 Default used for  SegXgrid
 Default used for nECoord(   1)
 Default used for TElt(   1)
 Default used for nECoord(   2)
 Default used for TElt(   2)
 Default used for nECoord(   3)
 Default used for TElt(   3)
 Default used for nECoord(   4)
 Default used for TElt(   4)
 Default used for nECoord(   5)
 Default used for TElt(   5)
 Optical Train Summary:
  Tracing rays past   5 elements.
  Aperture grid type = Circular  with   41 grid points.
  Elt   1: Reflector   : Aspheric with Kc=-4.0114D+02, Kr= 1.6967D+01, nECoords =  -6
  Elt   2: Reference   : Flat     with Kc= 0.0000D+00, Kr=-1.0000D+22, nECoords =  -6
  Elt   3: Reflector   : Aspheric with Kc= 5.2949D+00, Kr=-2.0732D+00, nECoords =  -6
  Elt   4: Reflector   : Aspheric with Kc= 6.9068D-02, Kr=-1.8475D+00, nECoords =  -6
  Elt   5: FocalPlane  : Flat     with Kc= 0.0000D+00, Kr=-1.0000D+22, nECoords =  -6
  Number of output coordinates is   5
  Computed StopPos = -7.359483902163D-02 -9.909241936012D-01  1.870535797494D+00
 OPD: Rays being traced =         1185
 Compute time was    0.0000 sec
  All rays are obscured or lost.
 **Warning: Computing pupil diffraction grid spacing failed!
            Diffraction result is incorrect.
 RMS OPD error is   9.999900000D+36 m 
 P-V OPD error is   0.000000000D+00 m 
 Average OPD is     9.9999000000000000D+36 m 
 One or more rays become undefined at element   3
 A total of     1185 rays were lost
   Surface miss:       1185
 OPD: Rays being traced =         1185
 Compute time was    0.0000 sec
 OPD: nPassRays =    1184,    DAvgCumL =  24.45977388D-01 m 
 RMS OPD error is   5.739086360D-03 m 
 P-V OPD error is   2.423596425D-02 m 
 Average OPD is     2.6642938068812210D-03 m 
  Input file /tmp/tp03a18c19_9c1d_43f8_99dc_ab03cf338695.in being loaded.
 Default used for  SegXgrid
 Default used for nECoord(   1)
 Default used for TElt(   1)
 Default used for nECoord(   2)
 Default used for TElt(   2)
 Default used for nECoord(   3)
 Default used for TElt(   3)
 Default used for nECoord(   4)
 Default used for TElt(   4)
 Default used for nECoord(   5)
 Default used for TElt(   5)
 Optical Train Summary:
  Tracing rays past   5 elements.
  Aperture grid type = Circular  with   41 grid points.
  Elt   1: Reflector   : Aspheric with Kc=-4.0114D+02, Kr= 1.6967D+01, nECoords =  -6
  Elt   2: Reference   : Flat     with Kc= 0.0000D+00, Kr=-1.0000D+22, nECoords =  -6
  Elt   3: Reflector   : Aspheric with Kc= 5.2949D+00, Kr=-2.0732D+00, nECoords =  -6
  Elt   4: Reflector   : Aspheric with Kc= 6.9068D-02, Kr=-1.8475D+00, nECoords =  -6
  Elt   5: FocalPlane  : Flat     with Kc= 0.0000D+00, Kr=-1.0000D+22, nECoords =  -6
  Number of output coordinates is   5
  Computed StopPos = -7.451192825718D-02 -9.988850504086D-01  1.845122612191D+00
 OPD: Rays being traced =         1185
 Compute time was    0.0000 sec
  All rays are obscured or lost.
 **Warning: Computing pupil diffraction grid spacing failed!
            Diffraction result is incorrect.
 RMS OPD error is   9.999900000D+36 m 
 P-V OPD error is   0.000000000D+00 m 
 Average OPD is     9.9999000000000000D+36 m 
 One or more rays become undefined at element   3
 A total of     1185 rays were lost
   Surface miss:       1185
 OPD: Rays being traced =         1185
 Compute time was    0.0039 sec
 OPD: nPassRays =    1184,    DAvgCumL =  24.74710105D-01 m 
 RMS OPD error is   6.295807192D-03 m 
 P-V OPD error is   2.733620861D-02 m 
 Average OPD is     2.9398382898186957D-03 m 
  Input file /tmp/tp03a18c19_9c1d_43f8_99dc_ab03cf338695.in being loaded.
 Default used for  SegXgrid
 Default used for nECoord(   1)
 Default used for TElt(   1)
 Default used for nECoord(   2)
 Default used for TElt(   2)
 Default used for nECoord(   3)
 Default used for TElt(   3)
 Default used for nECoord(   4)
 Default used for TElt(   4)
 Default used for nECoord(   5)
 Default used for TElt(   5)
 Optical Train Summary:
  Tracing rays past   5 elements.
  Aperture grid type = Circular  with   41 grid points.
  Elt   1: Reflector   : Aspheric with Kc=-4.0114D+02, Kr= 1.6967D+01, nECoords =  -6
  Elt   2: Reference   : Flat     with Kc= 0.0000D+00, Kr=-1.0000D+22, nECoords =  -6
  Elt   3: Reflector   : Aspheric with Kc= 5.2949D+00, Kr=-2.0732D+00, nECoords =  -6
  Elt   4: Reflector   : Aspheric with Kc= 6.9068D-02, Kr=-1.8475D+00, nECoords =  -6
  Elt   5: FocalPlane  : Flat     with Kc= 0.0000D+00, Kr=-1.0000D+22, nECoords =  -6
  Number of output coordinates is   5
  Computed StopPos = -7.515705199557D-02 -1.006958895576D+00  1.821560476377D+00
 OPD: Rays being traced =         1185
 Compute time was    0.0000 sec
  All rays are obscured or lost.
 **Warning: Computing pupil diffraction grid spacing failed!
            Diffraction result is incorrect.
 RMS OPD error is   9.999900000D+36 m 
 P-V OPD error is   0.000000000D+00 m 
 Average OPD is     9.9999000000000000D+36 m 
 One or more rays become undefined at element   3
 A total of     1185 rays were lost
   Surface miss:       1185
 OPD: Rays being traced =         1185
 Compute time was    0.0000 sec
 OPD: nPassRays =    1184,    DAvgCumL =  25.05946008D-01 m 
 RMS OPD error is   7.012193079D-03 m 
 P-V OPD error is   3.069767300D-02 m 
 Average OPD is     3.2387709474711347D-03 m 
  Input file /tmp/tp03a18c19_9c1d_43f8_99dc_ab03cf338695.in being loaded.
 Default used for  SegXgrid
 Default used for nECoord(   1)
 Default used for TElt(   1)
 Default used for nECoord(   2)
 Default used for TElt(   2)
 Default used for nECoord(   3)
 Default used for TElt(   3)
 Default used for nECoord(   4)
 Default used for TElt(   4)
 Default used for nECoord(   5)
 Default used for TElt(   5)
 Optical Train Summary:
  Tracing rays past   5 elements.
  Aperture grid type = Circular  with   41 grid points.
  Elt   1: Reflector   : Aspheric with Kc=-4.0114D+02, Kr= 1.6967D+01, nECoords =  -6
  Elt   2: Reference   : Flat     with Kc= 0.0000D+00, Kr=-1.0000D+22, nECoords =  -6
  Elt   3: Reflector   : Aspheric with Kc= 5.2949D+00, Kr=-2.0732D+00, nECoords =  -6
  Elt   4: Reflector   : Aspheric with Kc= 6.9068D-02, Kr=-1.8475D+00, nECoords =  -6
  Elt   5: FocalPlane  : Flat     with Kc= 0.0000D+00, Kr=-1.0000D+22, nECoords =  -6
  Number of output coordinates is   5
  Computed StopPos = -7.555626751406D-02 -1.015105988875D+00  1.799696090730D+00
 OPD: Rays being traced =         1185
 Compute time was    0.0000 sec
  All rays are obscured or lost.
 **Warning: Computing pupil diffraction grid spacing failed!
            Diffraction result is incorrect.
 RMS OPD error is   9.999900000D+36 m 
 P-V OPD error is   0.000000000D+00 m 
 Average OPD is     9.9999000000000000D+36 m 
 One or more rays become undefined at element   3
 A total of     1185 rays were lost
   Surface miss:       1185
 OPD: Rays being traced =         1185
 Compute time was    0.0000 sec
 OPD: nPassRays =    1184,    DAvgCumL =  25.39776679D-01 m 
 RMS OPD error is   7.865854048D-03 m 
 P-V OPD error is   3.429043648D-02 m 
 Average OPD is     3.5620788945728301D-03 m 
  Input file /tmp/tp03a18c19_9c1d_43f8_99dc_ab03cf338695.in being loaded.
 Default used for  SegXgrid
 Default used for nECoord(   1)
 Default used for TElt(   1)
 Default used for nECoord(   2)
 Default used for TElt(   2)
 Default used for nECoord(   3)
 Default used for TElt(   3)
 Default used for nECoord(   4)
 Default used for TElt(   4)
 Default used for nECoord(   5)
 Default used for TElt(   5)
 Optical Train Summary:
  Tracing rays past   5 elements.
  Aperture grid type = Circular  with   41 grid points.
  Elt   1: Reflector   : Aspheric with Kc=-4.0114D+02, Kr= 1.6967D+01, nECoords =  -6
  Elt   2: Reference   : Flat     with Kc= 0.0000D+00, Kr=-1.0000D+22, nECoords =  -6
  Elt   3: Reflector   : Aspheric with Kc= 5.2949D+00, Kr=-2.0732D+00, nECoords =  -6
  Elt   4: Reflector   : Aspheric with Kc= 6.9068D-02, Kr=-1.8475D+00, nECoords =  -6
  Elt   5: FocalPlane  : Flat     with Kc= 0.0000D+00, Kr=-1.0000D+22, nECoords =  -6
  Number of output coordinates is   5
  Computed StopPos = -7.573267126994D-02 -1.023292169030D+00  1.779392314202D+00
 OPD: Rays being traced =         1185
 Compute time was    0.0000 sec
  All rays are obscured or lost.
 **Warning: Computing pupil diffraction grid spacing failed!
            Diffraction result is incorrect.
 RMS OPD error is   9.999900000D+36 m 
 P-V OPD error is   0.000000000D+00 m 
 Average OPD is     9.9999000000000000D+36 m 
 One or more rays become undefined at element   3
 A total of     1185 rays were lost
   Surface miss:       1185
 OPD: Rays being traced =         1185
 Compute time was    0.0000 sec
 OPD: nPassRays =    1184,    DAvgCumL =  25.76301998D-01 m 
 RMS OPD error is   8.836817848D-03 m 
 P-V OPD error is   3.804876878D-02 m 
 Average OPD is     3.9106977107720301D-03 m 
  Input file /tmp/tp03a18c19_9c1d_43f8_99dc_ab03cf338695.in being loaded.
 Default used for  SegXgrid
 Default used for nECoord(   1)
 Default used for TElt(   1)
 Default used for nECoord(   2)
 Default used for TElt(   2)
 Default used for nECoord(   3)
 Default used for TElt(   3)
 Default used for nECoord(   4)
 Default used for TElt(   4)
 Default used for nECoord(   5)
 Default used for TElt(   5)
 Optical Train Summary:
  Tracing rays past   5 elements.
  Aperture grid type = Circular  with   41 grid points.
  Elt   1: Reflector   : Aspheric with Kc=-4.0114D+02, Kr= 1.6967D+01, nECoords =  -6
  Elt   2: Reference   : Flat     with Kc= 0.0000D+00, Kr=-1.0000D+22, nECoords =  -6
  Elt   3: Reflector   : Aspheric with Kc= 5.2949D+00, Kr=-2.0732D+00, nECoords =  -6
  Elt   4: Reflector   : Aspheric with Kc= 6.9068D-02, Kr=-1.8475D+00, nECoords =  -6
  Elt   5: FocalPlane  : Flat     with Kc= 0.0000D+00, Kr=-1.0000D+22, nECoords =  -6
  Number of output coordinates is   5
  Computed StopPos = -2.780165424614D+02 -9.412905032297D+02 -2.108859324599D+03
 OPD: Rays being traced =         1185
 Compute time was    0.0000 sec
  All rays are obscured or lost.
 **Warning: Computing pupil diffraction grid spacing failed!
            Diffraction result is incorrect.
 RMS OPD error is   9.999900000D+36 m 
 P-V OPD error is   0.000000000D+00 m 
 Average OPD is     9.9999000000000000D+36 m 
 One or more rays become undefined at element   1
 One or more rays become undefined at element   3
 A total of     1185 rays were lost
   Surface miss:        834
   Bracket/iter:        351
 OPD: Rays being traced =         1185
 Compute time was    0.0000 sec
 OPD: nPassRays =     833,    DAvgCumL =  22.18794669D+00 m 
 RMS OPD error is   7.764810237D+02 m 
 P-V OPD error is   1.776835239D+04 m 
 Average OPD is     3.8738357383770690D+01 m 
 One or more rays become undefined at element   1
 A total of      351 rays were lost
   Bracket/iter:        351
  Input file /tmp/tp03a18c19_9c1d_43f8_99dc_ab03cf338695.in being loaded.
 Default used for  SegXgrid
 Default used for nECoord(   1)
 Default used for TElt(   1)
 Default used for nECoord(   2)
 Default used for TElt(   2)
 Default used for nECoord(   3)
 Default used for TElt(   3)
 Default used for nECoord(   4)
 Default used for TElt(   4)
 Default used for nECoord(   5)
 Default used for TElt(   5)
 Optical Train Summary:
  Tracing rays past   5 elements.
  Aperture grid type = Circular  with   41 grid points.
  Elt   1: Reflector   : Aspheric with Kc=-4.0114D+02, Kr= 1.6967D+01, nECoords =  -6
  Elt   2: Reference   : Flat     with Kc= 0.0000D+00, Kr=-1.0000D+22, nECoords =  -6
  Elt   3: Reflector   : Aspheric with Kc= 5.2949D+00, Kr=-2.0732D+00, nECoords =  -6
  Elt   4: Reflector   : Aspheric with Kc= 6.9068D-02, Kr=-1.8475D+00, nECoords =  -6
  Elt   5: FocalPlane  : Flat     with Kc= 0.0000D+00, Kr=-1.0000D+22, nECoords =  -6
  Number of output coordinates is   5
  Computed StopPos = -2.191656170962D-01 -1.689469923494D+00  1.575623495449D+00
 OPD: Rays being traced =         1185
 Compute time was    0.0000 sec
  All rays are obscured or lost.
 **Warning: Computing pupil diffraction grid spacing failed!
            Diffraction result is incorrect.
 RMS OPD error is   9.999900000D+36 m 
 P-V OPD error is   0.000000000D+00 m 
 Average OPD is     9.9999000000000000D+36 m 
 One or more rays become undefined at element   1
 One or more rays become undefined at element   3
 A total of     1185 rays were lost
   Surface miss:        589
   Bracket/iter:        596
 OPD: Rays being traced =         1185
 Compute time was    0.0000 sec
 OPD: nPassRays =     588,    DAvgCumL = -52.12726819D+00 m 
 RMS OPD error is   9.971985114D+02 m 
 P-V OPD error is   2.842648215D+04 m 
 Average OPD is    -4.0282920648601156D+01 m 
 One or more rays become undefined at element   1
 A total of      596 rays were lost
   Bracket/iter:        596
  Input file /tmp/tp03a18c19_9c1d_43f8_99dc_ab03cf338695.in being loaded.
 Default used for  SegXgrid
 Default used for nECoord(   1)
 Default used for TElt(   1)
 Default used for nECoord(   2)
 Default used for TElt(   2)
 Default used for nECoord(   3)
 Default used for TElt(   3)
 Default used for nECoord(   4)
 Default used for TElt(   4)
 Default used for nECoord(   5)
 Default used for TElt(   5)
 Optical Train Summary:
  Tracing rays past   5 elements.
  Aperture grid type = Circular  with   41 grid points.
  Elt   1: Reflector   : Aspheric with Kc=-4.0114D+02, Kr= 1.6967D+01, nECoords =  -6
  Elt   2: Reference   : Flat     with Kc= 0.0000D+00, Kr=-1.0000D+22, nECoords =  -6
  Elt   3: Reflector   : Aspheric with Kc= 5.2949D+00, Kr=-2.0732D+00, nECoords =  -6
  Elt   4: Reflector   : Aspheric with Kc= 6.9068D-02, Kr=-1.8475D+00, nECoords =  -6
  Elt   5: FocalPlane  : Flat     with Kc= 0.0000D+00, Kr=-1.0000D+22, nECoords =  -6
  Number of output coordinates is   5
  Computed StopPos = -2.890817116264D-01 -2.229349805937D+00  5.799136000000D-01
 OPD: Rays being traced =         1185
 Compute time was    0.0000 sec
  All rays are obscured or lost.
 **Warning: Computing pupil diffraction grid spacing failed!
            Diffraction result is incorrect.
 RMS OPD error is   9.999900000D+36 m 
 P-V OPD error is   0.000000000D+00 m 
 Average OPD is     9.9999000000000000D+36 m 
 One or more rays become undefined at element   1
 One or more rays become undefined at element   3
 A total of     1185 rays were lost
   Surface miss:        407
   Bracket/iter:        778
 OPD: Rays being traced =         1185
 Compute time was    0.0000 sec
 OPD: nPassRays =     407,    DAvgCumL = -68.44165523D+00 m 
 RMS OPD error is   7.773295028D+02 m 
 P-V OPD error is   1.774447175D+04 m 
 Average OPD is    -6.8441655227766290D+01 m 
 One or more rays become undefined at element   1
 A total of      778 rays were lost
   Bracket/iter:        778
  Input file /tmp/tp03a18c19_9c1d_43f8_99dc_ab03cf338695.in being loaded.
 Default used for  SegXgrid
 Default used for nECoord(   1)
 Default used for TElt(   1)
 Default used for nECoord(   2)
 Default used for TElt(   2)
 Default used for nECoord(   3)
 Default used for TElt(   3)
 Default used for nECoord(   4)
 Default used for TElt(   4)
 Default used for nECoord(   5)
 Default used for TElt(   5)
 Optical Train Summary:
  Tracing rays past   5 elements.
  Aperture grid type = Circular  with   41 grid points.
  Elt   1: Reflector   : Aspheric with Kc=-4.0114D+02, Kr= 1.6967D+01, nECoords =  -6
  Elt   2: Reference   : Flat     with Kc= 0.0000D+00, Kr=-1.0000D+22, nECoords =  -6
  Elt   3: Reflector   : Aspheric with Kc= 5.2949D+00, Kr=-2.0732D+00, nECoords =  -6
  Elt   4: Reflector   : Aspheric with Kc= 6.9068D-02, Kr=-1.8475D+00, nECoords =  -6
  Elt   5: FocalPlane  : Flat     with Kc= 0.0000D+00, Kr=-1.0000D+22, nECoords =  -6
  Number of output coordinates is   5
  Computed StopPos = -2.890817116264D-01 -2.302755735250D+00  5.799136000000D-01
 OPD: Rays being traced =         1185
 Compute time was    0.0039 sec
  All rays are obscured or lost.
 **Warning: Computing pupil diffraction grid spacing failed!
            Diffraction result is incorrect.
 RMS OPD error is   9.999900000D+36 m 
 P-V OPD error is   0.000000000D+00 m 
 Average OPD is     9.9999000000000000D+36 m 
 One or more rays become undefined at element   1
 One or more rays become undefined at element   3
 A total of     1185 rays were lost
   Surface miss:        133
   Bracket/iter:       1052
 OPD: Rays being traced =         1185
 Compute time was    0.0000 sec
 OPD: nPassRays =     133,    DAvgCumL = -21.32313156D+00 m 
 RMS OPD error is   4.352662366D+00 m 
 P-V OPD error is   1.635614691D+01 m 
 Average OPD is    -2.1323131555411077D+01 m 
 One or more rays become undefined at element   1
 A total of     1052 rays were lost
   Bracket/iter:       1052
  Input file /tmp/tp03a18c19_9c1d_43f8_99dc_ab03cf338695.in being loaded.
 Default used for  SegXgrid
 Default used for nECoord(   1)
 Default used for TElt(   1)
 Default used for nECoord(   2)
 Default used for TElt(   2)
 Default used for nECoord(   3)
 Default used for TElt(   3)
 Default used for nECoord(   4)
 Default used for TElt(   4)
 Default used for nECoord(   5)
 Default used for TElt(   5)
 Optical Train Summary:
  Tracing rays past   5 elements.
  Aperture grid type = Circular  with   41 grid points.
  Elt   1: Reflector   : Aspheric with Kc=-4.0114D+02, Kr= 1.6967D+01, nECoords =  -6
  Elt   2: Reference   : Flat     with Kc= 0.0000D+00, Kr=-1.0000D+22, nECoords =  -6
  Elt   3: Reflector   : Aspheric with Kc= 5.2949D+00, Kr=-2.0732D+00, nECoords =  -6
  Elt   4: Reflector   : Aspheric with Kc= 6.9068D-02, Kr=-1.8475D+00, nECoords =  -6
  Elt   5: FocalPlane  : Flat     with Kc= 0.0000D+00, Kr=-1.0000D+22, nECoords =  -6
  Number of output coordinates is   5
  Computed StopPos = -2.890817116264D-01 -2.378279110945D+00  5.799136000000D-01
 OPD: Rays being traced =         1185
 Compute time was    0.0000 sec
  All rays are obscured or lost.
 **Warning: Computing pupil diffraction grid spacing failed!
            Diffraction result is incorrect.
 RMS OPD error is   9.999900000D+36 m 
 P-V OPD error is   0.000000000D+00 m 
 Average OPD is     9.9999000000000000D+36 m 
 One or more rays become undefined at element   1
 A total of     1185 rays were lost
   Bracket/iter:       1185
 OPD: Rays being traced =         1185
 Compute time was    0.0000 sec
  All rays are obscured or lost.
 **Warning: Computing pupil diffraction grid spacing failed!
            Diffraction result is incorrect.
 RMS OPD error is   9.999900000D+36 m 
 P-V OPD error is   0.000000000D+00 m 
{Error using assert
The condition input argument must be convertible to a scalar logical.
Error in oi_map_fig (line 43)
    assert(abs(mp.max_nm - max(W(fin))) < 1e-9, 'oi_map_fig:stats');
    ^^^^^^^^^^^^^^^^^^^^^^^^^^^^^^^^^^^^^^^^^^^^^^^^^^^^^^^^^^^^^^^
Error in offset_imager>stage_out_ (line 238)
    [png_m, mp] = oi_map_fig(X, G, P, offset, lbl, [tag '_' sid '_map.png']);
                  ^^^^^^^^^^^^^^^^^^^^^^^^^^^^^^^^^^^^^^^^^^^^^^^^^^^^^^^^^^
Error in offset_imager (line 84)
        [OUT, ladder] = stage_out_(OUT, ladder, rpt, P, tag, 's2', X, G, fo, ...
                        ^^^^^^^^^^^^^^^^^^^^^^^^^^^^^^^^^^^^^^^^^^^^^^^^^^^^^^^^
Error in oi_story (line 43)
    OUT = offset_imager(over);
          ^^^^^^^^^^^^^^^^^^^
Error in run_t5 (line 9)
OUT = oi_story(struct( ...
      ^^^^^^^^^^^^^^^^^^^^
Error in run (line 100)
evalin('caller', strcat(scriptStem, ';'));
^^^^^^^^^^^^^^^^^^^^^^^^^^^^^^^^^^^^^^^^^} 
 Average OPD is     9.9999000000000000D+36 m 
 One or more rays become undefined at element   1
 A total of     1185 rays were lost
   Bracket/iter:       1185
